timestamp,open,high,low,close,adjusted_close,volume,corporate_action
2021-09-29,20.030000686645508,20.170000076293945,19.979999542236328,20.049999237060547,17.446266174316406,2426900,
2021-09-30,19.93000030517578,20.309999465942383,19.8700008392334,20.18000030517578,17.559383392333984,4267200,
2021-10-01,20.25,20.459999084472656,20.170000076293945,20.450000762939453,17.794321060180664,8733700,
2021-10-04,20.6299991607666,20.889999389648438,20.6299991607666,20.780000686645508,18.081466674804688,3955800,
2021-10-05,20.90999984741211,21.06999969482422,20.889999389648438,21.040000915527344,18.307703018188477,2653400,
2021-10-06,20.809999465942383,20.809999465942383,20.610000610351562,20.690000534057617,18.003154754638672,3903400,
2021-10-07,20.700000762939453,20.950000762939453,20.559999465942383,20.950000762939453,18.229389190673828,4295600,
2021-10-08,21.049999237060547,21.139999389648438,20.950000762939453,21.020000457763672,18.290300369262695,2336300,
2021-10-11,21.229999542236328,21.299999237060547,21.15999984741211,21.15999984741211,18.412118911743164,4404100,
2021-10-12,21.229999542236328,21.309999465942383,21.110000610351562,21.15999984741211,18.412118911743164,4446800,
2021-10-13,21.149999618530273,21.290000915527344,21.059999465942383,21.280000686645508,18.516536712646484,4128200,
2021-10-14,21.479999542236328,21.520000457763672,21.329999923706055,21.5,18.707965850830078,3869900,
2021-10-15,21.700000762939453,21.75,21.6200008392334,21.68000030517578,18.86458969116211,2904700,
2021-10-18,21.790000915527344,21.84000015258789,21.549999237060547,21.549999237060547,18.75147247314453,6736000,
2021-10-19,21.5,21.670000076293945,21.420000076293945,21.600000381469727,18.794981002807617,4928600,
2021-10-20,21.510000228881836,21.850000381469727,21.479999542236328,21.84000015258789,19.003814697265625,3467000,
2021-10-21,21.59000015258789,21.639999389648438,21.299999237060547,21.510000228881836,18.71666717529297,3270900,
2021-10-22,21.610000610351562,21.670000076293945,21.40999984741211,21.610000610351562,18.803680419921875,2690800,
2021-10-25,21.770000457763672,21.829999923706055,21.700000762939453,21.719999313354492,18.899394989013672,1764100,
2021-10-26,21.719999313354492,21.809999465942383,21.65999984741211,21.75,18.925500869750977,1605300,
2021-10-27,21.520000457763672,21.649999618530273,21.350000381469727,21.350000381469727,18.577444076538086,4256900,
2021-10-28,21.3799991607666,21.469999313354492,21.239999771118164,21.459999084472656,18.673158645629883,4941600,
2021-10-29,21.350000381469727,21.440000534057617,21.190000534057617,21.350000381469727,18.577444076538086,2848900,
2021-11-01,21.510000228881836,21.559999465942383,21.450000762939453,21.510000228881836,18.71666717529297,3896300,
2021-11-02,21.440000534057617,21.6200008392334,21.40999984741211,21.56999969482422,18.768875122070312,3542900,
2021-11-03,21.229999542236328,21.31999969482422,21.0,21.020000457763672,18.290300369262695,3420100,
2021-11-04,21.459999084472656,21.479999542236328,20.799999237060547,20.889999389648438,18.177181243896484,4825300,
2021-11-05,20.979999542236328,21.229999542236328,20.860000610351562,21.18000030517578,18.429523468017578,6198600,
2021-11-08,21.190000534057617,21.31999969482422,21.170000076293945,21.309999465942383,18.542640686035156,1272300,
2021-11-09,21.299999237060547,21.479999542236328,21.190000534057617,21.479999542236328,18.690563201904297,2392600,
2021-11-10,21.450000762939453,21.530000686645508,21.139999389648438,21.209999084472656,18.455625534057617,3514600,
2021-11-11,21.360000610351562,21.479999542236328,21.270000457763672,21.360000610351562,18.58614730834961,1683700,
2021-11-12,21.260000228881836,21.40999984741211,21.260000228881836,21.329999923706055,18.560041427612305,4009100,
2021-11-15,21.18000030517578,21.350000381469727,21.1299991607666,21.34000015258789,18.56874656677246,2165300,
2021-11-16,21.31999969482422,21.40999984741211,21.239999771118164,21.309999465942383,18.542640686035156,1567400,
2021-11-17,21.290000915527344,21.3700008392334,21.040000915527344,21.1200008392334,18.3773136138916,2240100,
2021-11-18,21.18000030517578,21.219999313354492,21.049999237060547,21.190000534057617,18.438222885131836,1305500,
2021-11-19,21.049999237060547,21.079999923706055,20.81999969482422,20.850000381469727,18.142379760742188,2124100,
2021-11-22,20.8799991607666,21.09000015258789,20.8799991607666,21.0,18.272897720336914,3914700,
2021-11-23,21.110000610351562,21.389999389648438,21.110000610351562,21.3799991607666,18.60354995727539,1886500,
2021-11-24,21.34000015258789,21.420000076293945,21.280000686645508,21.299999237060547,18.533937454223633,3841000,
2021-11-26,20.600000381469727,20.600000381469727,19.81999969482422,20.030000686645508,17.428863525390625,7161900,
2021-11-29,20.469999313354492,20.5,19.940000534057617,20.030000686645508,17.428863525390625,4303700,
2021-11-30,19.709999084472656,19.809999465942383,19.209999084472656,19.479999542236328,16.950288772583008,12056800,
2021-12-01,19.75,19.799999237060547,19.25,19.309999465942383,16.802366256713867,10483200,
2021-12-02,19.280000686645508,19.6200008392334,19.200000762939453,19.479999542236328,16.950288772583008,6338000,
2021-12-03,19.770000457763672,19.829999923706055,19.399999618530273,19.5,16.967689514160156,3766900,
2021-12-06,19.540000915527344,19.889999389648438,19.5,19.84000015258789,17.263538360595703,3801500,
2021-12-07,20.040000915527344,20.239999771118164,20.0,20.139999389648438,17.52457618713379,2440200,
2021-12-08,20.219999313354492,20.40999984741211,20.209999084472656,20.40999984741211,17.7595157623291,2916900,
2021-12-09,20.260000228881836,20.299999237060547,20.100000381469727,20.100000381469727,17.489774703979492,3384400,
2021-12-10,20.209999084472656,20.34000015258789,20.200000762939453,20.329999923706055,17.689905166625977,2684600,
2021-12-13,20.329999923706055,20.3799991607666,20.190000534057617,20.229999542236328,17.602890014648438,4733600,
2021-12-14,20.049999237060547,20.1200008392334,19.950000762939453,20.049999237060547,17.446266174316406,3595500,
2021-12-15,20.0,20.149999618530273,19.8700008392334,20.149999618530273,17.533279418945312,2233000,
2021-12-16,20.229999542236328,20.399999618530273,20.18000030517578,20.270000457763672,17.637697219848633,3215400,
2021-12-17,20.170000076293945,20.190000534057617,20.020000457763672,20.030000686645508,17.428863525390625,3608500,
2021-12-20,19.790000915527344,19.90999984741211,19.579999923706055,19.889999389648438,17.307044982910156,3943100,
2021-12-21,20.110000610351562,20.309999465942383,20.06999969482422,20.309999465942383,17.672500610351562,2507200,
2021-12-22,20.3799991607666,20.56999969482422,20.350000381469727,20.549999237060547,17.88133430480957,2203800,
2021-12-23,20.549999237060547,20.700000762939453,20.489999771118164,20.65999984741211,17.97705078125,2437900,
2021-12-27,20.65999984741211,20.979999542236328,20.6200008392334,20.920000076293945,18.20328712463379,2160500,
2021-12-28,20.979999542236328,21.0,20.8700008392334,20.8799991607666,18.16847801208496,2404800,
2021-12-29,20.850000381469727,21.09000015258789,20.81999969482422,20.979999542236328,18.255495071411133,3236600,
2021-12-30,20.969999313354492,21.059999465942383,20.860000610351562,20.8799991607666,18.16847801208496,1705900,
2021-12-31,20.899999618530273,20.940000534057617,20.719999313354492,20.780000686645508,18.081466674804688,3864400,
2022-01-03,20.719999313354492,20.899999618530273,20.68000030517578,20.860000610351562,18.151077270507812,5301200,
2022-01-04,21.0,21.139999389648438,20.979999542236328,21.110000610351562,18.36861228942871,2987400,
2022-01-05,21.200000762939453,21.260000228881836,21.020000457763672,21.020000457763672,18.290300369262695,7094300,
2022-01-06,21.200000762939453,21.25,21.100000381469727,21.200000762939453,18.44692611694336,4148100,
2022-01-07,21.200000762939453,21.25,21.1200008392334,21.239999771118164,18.481731414794922,2781600,
2022-01-10,21.209999084472656,21.229999542236328,21.040000915527344,21.149999618530273,18.403417587280273,3425400,
2022-01-11,21.290000915527344,21.579999923706055,21.18000030517578,21.559999465942383,18.760175704956055,3553900,
2022-01-12,21.670000076293945,21.760000228881836,21.610000610351562,21.729999542236328,18.908100128173828,3003600,
2022-01-13,21.709999084472656,21.709999084472656,21.489999771118164,21.5,18.707965850830078,2371900,
2022-01-14,21.6299991607666,21.790000915527344,21.600000381469727,21.780000686645508,18.95160484313965,1703400,
2022-01-18,21.860000610351562,22.0,21.84000015258789,21.950000762939453,19.099529266357422,4818300,
2022-01-19,22.110000610351562,22.209999084472656,22.040000915527344,22.06999969482422,19.20394515991211,3655200,
2022-01-20,22.1200008392334,22.280000686645508,21.989999771118164,21.989999771118164,19.13433265686035,4042200,
2022-01-21,22.059999465942383,22.1200008392334,21.90999984741211,22.010000228881836,19.151737213134766,4165300,
2022-01-24,21.860000610351562,21.969999313354492,21.6299991607666,21.959999084472656,19.10822868347168,5620600,
2022-01-25,21.940000534057617,22.18000030517578,21.899999618530273,22.15999984741211,19.282257080078125,5789900,
2022-01-26,22.329999923706055,22.43000030517578,22.190000534057617,22.209999084472656,19.325763702392578,8802300,
2022-01-27,22.399999618530273,22.43000030517578,22.18000030517578,22.31999969482422,19.421478271484375,3957400,
2022-01-28,22.469999313354492,22.5,22.239999771118164,22.34000015258789,19.438880920410156,4511200,
2022-01-31,22.43000030517578,22.450000762939453,22.209999084472656,22.420000076293945,19.508493423461914,3132000,
2022-02-01,22.350000381469727,22.530000686645508,22.309999465942383,22.510000228881836,19.58680534362793,6246100,
2022-02-02,22.6200008392334,22.6200008392334,22.450000762939453,22.600000381469727,19.665117263793945,6241600,
2022-02-03,22.3799991607666,22.700000762939453,22.350000381469727,22.649999618530273,19.70862579345703,3387700,
2022-02-04,22.790000915527344,22.920000076293945,22.770000457763672,22.829999923706055,19.865249633789062,5460400,
2022-02-07,22.809999465942383,22.889999389648438,22.760000228881836,22.8799991607666,19.908754348754883,3394100,
2022-02-08,22.709999084472656,22.739999771118164,22.559999465942383,22.68000030517578,19.734729766845703,3238600,
2022-02-09,22.719999313354492,22.920000076293945,22.719999313354492,22.90999984741211,19.934860229492188,4822700,
2022-02-10,22.899999618530273,23.1299991607666,22.75,22.790000915527344,19.830446243286133,4868300,
2022-02-11,22.850000381469727,23.209999084472656,22.829999923706055,23.1299991607666,20.12628936767578,6965000,
2022-02-14,23.0,23.360000610351562,22.959999084472656,23.25,20.230709075927734,5164900,
2022-02-15,22.90999984741211,22.90999984741211,22.700000762939453,22.8700008392334,19.900056838989258,4104400,
2022-02-16,23.059999465942383,23.229999542236328,22.889999389648438,22.899999618530273,19.926158905029297,3950600,
2022-02-17,22.959999084472656,23.1200008392334,22.90999984741211,23.09000015258789,20.09148597717285,3057600,
2022-02-18,22.989999771118164,23.270000457763672,22.93000030517578,23.18000030517578,20.1697998046875,3306300,
2022-02-22,23.649999618530273,23.700000762939453,23.420000076293945,23.510000228881836,20.456945419311523,4654800,
2022-02-23,23.600000381469727,23.850000381469727,23.56999969482422,23.729999542236328,20.648374557495117,4004400,
2022-02-24,24.729999542236328,24.729999542236328,23.610000610351562,23.829999923706055,20.735387802124023,13349400,
2022-02-25,23.489999771118164,23.579999923706055,23.229999542236328,23.469999313354492,20.422138214111328,8694300,
2022-02-28,23.889999389648438,23.989999771118164,23.75,23.8700008392334,20.77019500732422,10291900,
2022-03-01,24.479999542236328,24.8700008392334,24.440000534057617,24.829999923706055,21.605525970458984,11819800,
2022-03-02,25.31999969482422,25.790000915527344,25.020000457763672,25.639999389648438,22.31033706665039,11672700,
2022-03-03,25.709999084472656,26.309999465942383,25.610000610351562,25.920000076293945,22.55397605895996,15822800,
2022-03-04,26.6299991607666,27.18000030517578,26.350000381469727,27.010000228881836,23.502426147460938,17301000,
2022-03-07,27.25,27.780000686645508,27.06999969482422,27.600000381469727,24.015810012817383,18127300,
2022-03-08,28.079999923706055,28.40999984741211,27.149999618530273,28.06999969482422,24.424772262573242,19913800,
2022-03-09,26.75,26.860000610351562,24.799999237060547,25.84000015258789,22.48436737060547,16680700,
2022-03-10,26.299999237060547,26.360000610351562,25.360000610351562,25.530000686645508,22.214624404907227,8655500,
2022-03-11,25.729999542236328,26.1299991607666,25.610000610351562,25.969999313354492,22.597482681274414,7746400,
2022-03-14,25.3700008392334,25.530000686645508,25.030000686645508,25.209999084472656,21.93617820739746,8335900,
2022-03-15,24.530000686645508,24.899999618530273,24.34000015258789,24.59000015258789,21.396692276000977,12507400,
2022-03-16,24.93000030517578,25.049999237060547,24.270000457763672,24.3799991607666,21.21396255493164,8001000,
2022-03-17,25.270000457763672,25.65999984741211,25.25,25.549999237060547,22.23202133178711,6045000,
2022-03-18,25.540000915527344,25.700000762939453,25.40999984741211,25.670000076293945,22.336442947387695,3562600,
2022-03-21,26.25,26.649999618530273,26.219999313354492,26.6299991607666,23.17177391052246,4170600,
2022-03-22,26.610000610351562,26.709999084472656,26.31999969482422,26.56999969482422,23.119565963745117,4452500,
2022-03-23,27.1200008392334,27.389999389648438,27.079999923706055,27.229999542236328,23.693857192993164,3406900,
2022-03-24,27.25,27.270000457763672,26.8700008392334,26.959999084472656,23.458921432495117,4595200,
2022-03-25,26.8799991607666,27.329999923706055,26.780000686645508,27.15999984741211,23.632946014404297,4694700,
2022-03-28,26.479999542236328,26.649999618530273,25.90999984741211,25.979999542236328,22.606184005737305,5249700,
2022-03-29,25.40999984741211,26.09000015258789,25.309999465942383,26.079999923706055,22.693199157714844,5106800,
2022-03-30,26.530000686645508,26.700000762939453,26.420000076293945,26.549999237060547,23.102163314819336,3669100,
2022-03-31,26.389999389648438,26.600000381469727,25.959999084472656,26.059999465942383,22.675796508789062,4881900,
2022-04-01,26.100000381469727,26.34000015258789,26.059999465942383,26.229999542236328,22.823719024658203,5282100,
2022-04-04,26.760000228881836,26.84000015258789,26.5,26.729999542236328,23.258787155151367,4628700,
2022-04-05,26.969999313354492,27.09000015258789,26.450000762939453,26.510000228881836,23.067358016967773,6250400,
2022-04-06,26.860000610351562,26.979999542236328,26.1200008392334,26.299999237060547,22.884628295898438,3825000,
2022-04-07,26.329999923706055,26.420000076293945,25.940000534057617,26.389999389648438,22.962940216064453,3891900,
2022-04-08,26.3799991607666,26.760000228881836,26.329999923706055,26.719999313354492,23.25008773803711,6044100,
2022-04-11,26.440000534057617,26.59000015258789,26.280000686645508,26.5,23.058656692504883,3558800,
2022-04-12,27.049999237060547,27.329999923706055,27.0,27.290000915527344,23.74606704711914,4192300,
2022-04-13,27.530000686645508,27.899999618530273,27.260000228881836,27.889999389648438,24.268146514892578,6133800,
2022-04-14,27.75,28.229999542236328,27.639999389648438,28.100000381469727,24.450876235961914,5547100,
2022-04-18,28.399999618530273,28.75,28.290000915527344,28.420000076293945,24.729320526123047,7531200,
2022-04-19,27.8700008392334,27.8700008392334,27.530000686645508,27.690000534057617,24.0941219329834,5921200,
2022-04-20,27.780000686645508,27.809999465942383,27.360000610351562,27.719999313354492,24.120222091674805,4145300,
2022-04-21,27.75,27.899999618530273,27.469999313354492,27.68000030517578,24.085418701171875,4061200,
2022-04-22,27.43000030517578,27.530000686645508,27.139999389648438,27.149999618530273,23.62424659729004,4307600,
2022-04-25,26.3700008392334,26.989999771118164,26.260000228881836,26.950000762939453,23.450218200683594,6128600,
2022-04-26,27.110000610351562,27.440000534057617,26.81999969482422,27.31999969482422,23.77216911315918,5365400,
2022-04-27,27.170000076293945,27.600000381469727,27.1200008392334,27.510000228881836,23.937496185302734,3375100,
2022-04-28,27.450000762939453,27.780000686645508,27.329999923706055,27.739999771118164,24.13762664794922,4675300,
2022-04-29,27.90999984741211,28.059999465942383,27.479999542236328,27.530000686645508,23.95490074157715,4323400,
2022-05-02,27.260000228881836,27.959999084472656,27.09000015258789,27.950000762939453,24.320358276367188,5788200,
2022-05-03,27.729999542236328,27.940000534057617,27.440000534057617,27.559999465942383,23.981002807617188,2453000,
2022-05-04,28.139999389648438,28.469999313354492,27.920000076293945,28.420000076293945,24.729320526123047,5276000,
2022-05-05,28.649999618530273,28.68000030517578,28.049999237060547,28.270000457763672,24.598800659179688,4150300,
2022-05-06,28.299999237060547,28.43000030517578,27.989999771118164,28.299999237060547,24.62490463256836,6719000,
2022-05-09,27.75,27.799999237060547,26.959999084472656,27.020000457763672,23.511127471923828,9241900,
2022-05-10,27.190000534057617,27.34000015258789,26.829999923706055,26.860000610351562,23.371906280517578,4717900,
2022-05-11,27.489999771118164,27.709999084472656,27.479999542236328,27.520000457763672,23.946195602416992,4105400,
2022-05-12,27.350000381469727,27.68000030517578,27.219999313354492,27.649999618530273,24.05931282043457,4377500,
2022-05-13,27.860000610351562,28.06999969482422,27.700000762939453,28.030000686645508,24.389968872070312,3611100,
2022-05-16,28.110000610351562,28.530000686645508,28.049999237060547,28.489999771118164,24.79022979736328,7230300,
2022-05-17,28.489999771118164,28.6200008392334,28.170000076293945,28.18000030517578,24.520488739013672,4522600,
2022-05-18,28.260000228881836,28.360000610351562,27.489999771118164,27.56999969482422,23.989702224731445,3436700,
2022-05-19,27.3700008392334,28.030000686645508,27.360000610351562,27.920000076293945,24.294252395629883,3482800,
2022-05-20,27.969999313354492,28.1200008392334,27.760000228881836,27.959999084472656,24.329057693481445,2389600,
2022-05-23,28.040000915527344,28.229999542236328,27.8799991607666,28.170000076293945,24.51178741455078,2386600,
2022-05-24,28.149999618530273,28.270000457763672,28.0,28.149999618530273,24.494382858276367,2591300,
2022-05-25,28.15999984741211,28.350000381469727,28.010000228881836,28.350000381469727,24.668413162231445,2312600,
2022-05-26,28.309999465942383,28.770000457763672,28.25,28.65999984741211,24.938154220581055,3468200,
2022-05-27,28.6200008392334,29.020000457763672,28.56999969482422,29.0,25.23400115966797,2431600,
2022-05-31,29.440000534057617,29.530000686645508,28.579999923706055,28.799999237060547,25.059972763061523,3508300,
2022-06-01,29.059999465942383,29.18000030517578,28.899999618530273,28.940000534057617,25.181793212890625,3099400,
2022-06-02,29.219999313354492,29.610000610351562,29.059999465942383,29.600000381469727,25.756084442138672,3133500,
2022-06-03,29.469999313354492,29.8799991607666,29.389999389648438,29.8799991607666,25.99972152709961,2228600,
2022-06-06,29.90999984741211,30.09000015258789,29.790000915527344,30.010000228881836,26.112838745117188,3154800,
2022-06-07,29.90999984741211,30.219999313354492,29.850000381469727,30.209999084472656,26.286867141723633,3388300,
2022-06-08,30.260000228881836,30.600000381469727,30.229999542236328,30.479999542236328,26.521804809570312,5112500,
2022-06-09,30.260000228881836,30.639999389648438,30.260000228881836,30.530000686645508,26.5653133392334,3821700,
2022-06-10,30.350000381469727,30.389999389648438,29.959999084472656,30.229999542236328,26.304269790649414,3215800,
2022-06-13,29.989999771118164,30.190000534057617,29.3799991607666,29.889999389648438,26.008424758911133,6268600,
2022-06-14,29.959999084472656,30.09000015258789,29.350000381469727,29.559999465942383,25.72127914428711,5818200,
2022-06-15,29.600000381469727,29.920000076293945,29.489999771118164,29.579999923706055,25.738679885864258,5532800,
2022-06-16,29.549999237060547,29.860000610351562,29.31999969482422,29.709999084472656,25.85179901123047,4229000,
2022-06-17,29.399999618530273,29.440000534057617,28.399999618530273,28.649999618530273,24.929454803466797,6746300,
2022-06-21,28.829999923706055,29.049999237060547,28.479999542236328,28.579999923706055,24.86854362487793,4766800,
2022-06-22,27.700000762939453,28.34000015258789,27.6299991607666,28.06999969482422,24.424772262573242,8211800,
2022-06-23,28.100000381469727,28.170000076293945,27.43000030517578,27.440000534057617,23.876585006713867,8788400,
2022-06-24,27.59000015258789,27.860000610351562,27.399999618530273,27.700000762939453,24.10282325744629,3507100,
2022-06-27,27.610000610351562,27.829999923706055,27.3700008392334,27.639999389648438,24.050613403320312,6080400,
2022-06-28,27.709999084472656,28.010000228881836,27.6299991607666,27.969999313354492,24.337757110595703,2065800,
2022-06-29,28.1299991607666,28.239999771118164,27.479999542236328,27.489999771118164,23.920093536376953,1902000,
2022-06-30,27.229999542236328,27.270000457763672,26.579999923706055,26.639999389648438,23.18047523498535,5156300,
2022-07-01,27.0,27.059999465942383,26.600000381469727,26.770000457763672,23.29359245300293,7726200,
2022-07-05,26.06999969482422,26.06999969482422,24.829999923706055,24.969999313354492,21.727344512939453,10118900,
2022-07-06,24.889999389648438,24.989999771118164,24.329999923706055,24.600000381469727,21.405393600463867,8203400,
2022-07-07,25.280000686645508,25.829999923706055,25.270000457763672,25.6200008392334,22.29293441772461,4708300,
2022-07-08,25.860000610351562,26.110000610351562,25.59000015258789,26.06999969482422,22.68449592590332,3934600,
2022-07-11,26.09000015258789,26.15999984741211,25.81999969482422,26.020000457763672,22.6409912109375,3606800,
2022-07-12,25.350000381469727,25.479999542236328,24.809999465942383,24.84000015258789,21.614227294921875,6427300,
2022-07-13,24.90999984741211,25.309999465942383,24.829999923706055,24.979999542236328,21.736045837402344,2853400,
2022-07-14,24.469999313354492,24.8700008392334,24.18000030517578,24.75,21.53591537475586,4524900,
2022-07-15,24.979999542236328,25.170000076293945,24.790000915527344,25.06999969482422,21.814359664916992,3972800,
2022-07-18,25.700000762939453,25.8700008392334,25.489999771118164,25.540000915527344,22.223323822021484,1735000,
2022-07-19,25.260000228881836,25.700000762939453,25.260000228881836,25.639999389648438,22.31033706665039,3203200,
2022-07-20,25.56999969482422,25.719999313354492,25.450000762939453,25.6200008392334,22.29293441772461,1915200,
2022-07-21,25.079999923706055,25.360000610351562,25.0,25.190000534057617,21.91877555847168,6044500,
2022-07-22,25.1200008392334,25.399999618530273,24.8799991607666,24.889999389648438,21.657733917236328,1279800,
2022-07-25,25.190000534057617,25.3700008392334,25.040000915527344,25.34000015258789,22.04929542541504,5301100,
2022-07-26,25.729999542236328,25.799999237060547,25.34000015258789,25.389999389648438,22.092802047729492,6002000,
2022-07-27,25.6299991607666,26.030000686645508,25.469999313354492,25.969999313354492,22.597482681274414,2638200,
2022-07-28,26.170000076293945,26.190000534057617,25.81999969482422,25.989999771118164,22.614885330200195,2202400,
2022-07-29,26.350000381469727,26.610000610351562,26.09000015258789,26.110000610351562,22.719301223754883,2209000,
2022-08-01,25.450000762939453,25.649999618530273,25.290000915527344,25.579999923706055,22.258129119873047,4076300,
2022-08-02,25.610000610351562,25.84000015258789,25.43000030517578,25.450000762939453,22.1450138092041,2800000,
2022-08-03,25.649999618530273,25.729999542236328,25.06999969482422,25.229999542236328,21.95357894897461,3368500,
2022-08-04,25.09000015258789,25.260000228881836,24.84000015258789,24.959999084472656,21.718645095825195,5345100,
2022-08-05,24.639999389648438,25.229999542236328,24.610000610351562,24.8700008392334,21.64033317565918,3481600,
2022-08-08,24.81999969482422,25.18000030517578,24.81999969482422,25.170000076293945,21.9013729095459,2992600,
2022-08-09,25.43000030517578,25.610000610351562,25.280000686645508,25.3799991607666,22.0841007232666,2038500,
2022-08-10,25.420000076293945,25.799999237060547,25.170000076293945,25.729999542236328,22.38865089416504,2280800,
2022-08-11,26.040000915527344,26.31999969482422,25.899999618530273,26.229999542236328,22.823719024658203,5550100,
2022-08-12,26.059999465942383,26.190000534057617,25.899999618530273,26.09000015258789,22.701900482177734,2575200,
2022-08-15,25.31999969482422,25.799999237060547,25.280000686645508,25.770000457763672,22.4234561920166,3170400,
2022-08-16,25.850000381469727,25.989999771118164,25.399999618530273,25.479999542236328,22.171113967895508,2842600,
2022-08-17,25.510000228881836,25.729999542236328,25.3700008392334,25.579999923706055,22.258129119873047,2840700,
2022-08-18,25.799999237060547,26.049999237060547,25.700000762939453,25.969999313354492,22.597482681274414,4864500,
2022-08-19,25.899999618530273,26.18000030517578,25.75,25.959999084472656,22.58877944946289,3590800,
2022-08-22,25.81999969482422,26.209999084472656,25.59000015258789,26.190000534057617,22.788915634155273,3868200,
2022-08-23,26.420000076293945,26.760000228881836,26.420000076293945,26.6200008392334,23.16307258605957,4384600,
2022-08-24,26.709999084472656,26.899999618530273,26.520000457763672,26.899999618530273,23.40671157836914,3093500,
2022-08-25,26.979999542236328,26.979999542236328,26.450000762939453,26.520000457763672,23.076059341430664,2066000,
2022-08-26,26.510000228881836,26.709999084472656,26.350000381469727,26.6299991607666,23.17177391052246,3105500,
2022-08-29,26.670000076293945,27.040000915527344,26.59000015258789,27.020000457763672,23.511127471923828,6205300,
2022-08-30,26.530000686645508,26.6200008392334,26.059999465942383,26.270000457763672,22.858524322509766,4292100,
2022-08-31,25.8799991607666,26.1200008392334,25.719999313354492,25.719999313354492,22.379945755004883,4977600,
2022-09-01,25.350000381469727,25.489999771118164,25.1200008392334,25.170000076293945,21.9013729095459,8110700,
2022-09-02,25.530000686645508,25.6200008392334,25.31999969482422,25.34000015258789,22.04929542541504,4586500,
2022-09-06,25.43000030517578,25.5,25.190000534057617,25.190000534057617,21.91877555847168,3453700,
2022-09-07,24.8700008392334,25.09000015258789,24.579999923706055,24.59000015258789,21.396692276000977,7838800,
2022-09-08,24.709999084472656,24.850000381469727,24.479999542236328,24.690000534057617,21.483707427978516,5282300,
2022-09-09,25.059999465942383,25.40999984741211,25.049999237060547,25.389999389648438,22.092802047729492,1327900,
2022-09-12,25.65999984741211,25.860000610351562,25.579999923706055,25.739999771118164,22.39735221862793,1868500,
2022-09-13,25.670000076293945,25.790000915527344,25.290000915527344,25.610000610351562,22.28423500061035,3863300,
2022-09-14,25.709999084472656,25.850000381469727,25.59000015258789,25.719999313354492,22.379945755004883,1561600,
2022-09-15,25.239999771118164,25.239999771118164,24.850000381469727,24.969999313354492,21.727344512939453,2106300,
2022-09-16,24.979999542236328,25.059999465942383,24.809999465942383,24.8799991607666,21.649032592773438,2035500,
2022-09-19,24.469999313354492,24.989999771118164,24.389999389648438,24.959999084472656,21.718645095825195,2213800,
2022-09-20,24.889999389648438,25.0,24.719999313354492,24.93000030517578,21.69253921508789,1815900,
2022-09-21,25.1299991607666,25.18000030517578,24.65999984741211,24.780000686645508,21.5620174407959,1647700,
2022-09-22,25.170000076293945,25.239999771118164,24.790000915527344,24.850000381469727,21.622928619384766,1770300,
2022-09-23,24.079999923706055,24.1200008392334,23.8799991607666,24.010000228881836,20.892011642456055,3885200,
2022-09-26,23.90999984741211,24.1200008392334,23.420000076293945,23.450000762939453,20.404735565185547,5110900,
2022-09-27,23.799999237060547,24.010000228881836,23.6299991607666,23.700000762939453,20.622270584106445,2834800,
2022-09-28,23.8799991607666,24.3700008392334,23.81999969482422,24.360000610351562,21.19655990600586,2314300,
2022-09-29,24.350000381469727,24.399999618530273,24.06999969482422,24.209999084472656,21.0660400390625,2066100,
2022-09-30,24.020000457763672,24.25,23.84000015258789,23.90999984741211,20.80500030517578,3947600,
2022-10-03,24.450000762939453,24.549999237060547,24.270000457763672,24.450000762939453,21.274873733520508,6326900,
2022-10-04,24.920000076293945,25.200000762939453,24.889999389648438,25.110000610351562,21.849164962768555,2239800,
2022-10-05,25.200000762939453,25.56999969482422,25.040000915527344,25.559999465942383,22.240726470947266,2753700,
2022-10-06,25.510000228881836,25.739999771118164,25.459999084472656,25.719999313354492,22.379945755004883,2810600,
2022-10-07,25.729999542236328,26.1299991607666,25.700000762939453,25.989999771118164,22.614885330200195,2382200,
2022-10-10,26.09000015258789,26.239999771118164,25.690000534057617,25.700000762939453,22.362545013427734,2467600,
2022-10-11,25.440000534057617,25.6200008392334,25.280000686645508,25.329999923706055,22.04059410095215,2530300,
2022-10-12,25.329999923706055,25.40999984741211,25.18000030517578,25.329999923706055,22.04059410095215,2338200,
2022-10-13,25.15999984741211,25.770000457763672,25.15999984741211,25.68000030517578,22.345142364501953,2166400,
2022-10-14,25.469999313354492,25.540000915527344,25.1299991607666,25.170000076293945,21.9013729095459,1559100,
2022-10-17,25.350000381469727,25.420000076293945,25.06999969482422,25.110000610351562,21.849164962768555,2200900,
2022-10-18,24.979999542236328,25.06999969482422,24.65999984741211,24.84000015258789,21.614227294921875,1673600,
2022-10-19,24.68000030517578,24.940000534057617,24.639999389648438,24.829999923706055,21.605525970458984,2062600,
2022-10-20,25.059999465942383,25.25,24.780000686645508,24.850000381469727,21.622928619384766,1564100,
2022-10-21,24.75,24.950000762939453,24.65999984741211,24.8799991607666,21.649032592773438,1142900,
2022-10-24,24.8700008392334,25.1200008392334,24.850000381469727,24.950000762939453,21.709941864013672,1166800,
2022-10-25,24.959999084472656,25.18000030517578,24.920000076293945,25.09000015258789,21.831762313842773,892300,
2022-10-26,25.219999313354492,25.59000015258789,25.190000534057617,25.559999465942383,22.240726470947266,4190100,
2022-10-27,25.600000381469727,25.690000534057617,25.5,25.600000381469727,22.27553367614746,1699500,
2022-10-28,25.31999969482422,25.43000030517578,25.1200008392334,25.299999237060547,22.014488220214844,2783500,
2022-10-31,25.079999923706055,25.34000015258789,24.959999084472656,25.1200008392334,21.857866287231445,3264300,
2022-11-01,25.600000381469727,25.600000381469727,25.3700008392334,25.5,22.188518524169922,4248500,
2022-11-02,25.469999313354492,25.93000030517578,25.3799991607666,25.729999542236328,22.38865089416504,2158500,
2022-11-03,25.5,25.829999923706055,25.450000762939453,25.709999084472656,22.371246337890625,2088500,
2022-11-04,26.469999313354492,26.59000015258789,26.260000228881836,26.579999923706055,23.128267288208008,2063000,
2022-11-07,26.56999969482422,26.690000534057617,26.31999969482422,26.350000381469727,22.92813491821289,2093800,
2022-11-08,26.350000381469727,26.469999313354492,25.90999984741211,26.030000686645508,22.649690628051758,1958000,
2022-11-09,25.709999084472656,25.760000228881836,25.40999984741211,25.43000030517578,22.127609252929688,1693200,
2022-11-10,25.559999465942383,25.760000228881836,25.469999313354492,25.65999984741211,22.327739715576172,2431800,
2022-11-11,26.190000534057617,26.290000915527344,25.979999542236328,26.149999618530273,22.754106521606445,2817700,
2022-11-14,26.020000457763672,26.299999237060547,25.760000228881836,25.760000228881836,22.41475486755371,1623100,
2022-11-15,25.770000457763672,26.309999465942383,25.649999618530273,26.059999465942383,22.675796508789062,3209900,
2022-11-16,25.729999542236328,25.850000381469727,25.6299991607666,25.770000457763672,22.4234561920166,2226900,
2022-11-17,25.479999542236328,25.549999237060547,25.229999542236328,25.34000015258789,22.04929542541504,2043300,
2022-11-18,24.899999618530273,25.18000030517578,24.8700008392334,25.15999984741211,21.892671585083008,3200500,
2022-11-21,24.729999542236328,25.139999389648438,24.440000534057617,25.06999969482422,21.814359664916992,4164200,
2022-11-22,25.309999465942383,25.459999084472656,25.25,25.329999923706055,22.04059410095215,3397700,
2022-11-23,25.0,25.09000015258789,24.81999969482422,24.979999542236328,21.736045837402344,2169000,
2022-11-25,25.100000381469727,25.18000030517578,24.75,24.760000228881836,21.54461669921875,1243200,
2022-11-28,24.420000076293945,24.829999923706055,24.389999389648438,24.610000610351562,21.41409683227539,3559600,
2022-11-29,24.920000076293945,25.06999969482422,24.760000228881836,24.93000030517578,21.69253921508789,5141700,
2022-11-30,25.3799991607666,25.510000228881836,25.190000534057617,25.489999771118164,22.17981719970703,2939800,
2022-12-01,25.700000762939453,25.780000686645508,25.34000015258789,25.360000610351562,22.066699981689453,3382400,
2022-12-02,25.219999313354492,25.350000381469727,25.030000686645508,25.09000015258789,21.831762313842773,3957200,
2022-12-05,25.270000457763672,25.31999969482422,24.389999389648438,24.440000534057617,21.266172409057617,4078100,
2022-12-06,24.40999984741211,24.489999771118164,23.93000030517578,24.049999237060547,20.926816940307617,3352600,
2022-12-07,24.100000381469727,24.200000762939453,23.84000015258789,23.93000030517578,20.82240104675293,5676500,
2022-12-08,24.079999923706055,24.1200008392334,23.780000686645508,23.889999389648438,20.787595748901367,3554700,
2022-12-09,23.93000030517578,24.059999465942383,23.739999771118164,23.920000076293945,20.81369972229004,2957900,
2022-12-12,23.989999771118164,24.25,23.969999313354492,24.18000030517578,21.039934158325195,2660100,
2022-12-13,24.540000915527344,24.719999313354492,24.530000686645508,24.579999923706055,21.387990951538086,2779000,
2022-12-14,24.6299991607666,24.860000610351562,24.59000015258789,24.770000457763672,21.55331802368164,2342400,
2022-12-15,24.709999084472656,24.709999084472656,24.360000610351562,24.469999313354492,21.29227638244629,2802500,
2022-12-16,24.1200008392334,24.309999465942383,24.079999923706055,24.15999984741211,21.022533416748047,3403500,
2022-12-19,24.030000686645508,24.079999923706055,23.860000610351562,23.969999313354492,20.983139038085938,3123500,"{""dividend_amount"": 0.145}"
2022-12-20,23.889999389648438,24.1299991607666,23.84000015258789,24.079999923706055,21.079435348510742,2614500,
2022-12-21,24.270000457763672,24.40999984741211,24.260000228881836,24.389999389648438,21.350805282592773,1882500,
2022-12-22,24.309999465942383,24.3700008392334,23.950000762939453,24.079999923706055,21.079435348510742,2017200,
2022-12-23,24.18000030517578,24.549999237060547,24.18000030517578,24.520000457763672,21.4646053314209,2913300,
2022-12-27,24.010000228881836,24.8700008392334,23.799999237060547,24.739999771118164,21.657190322875977,6148300,
2022-12-28,24.5,24.530000686645508,24.239999771118164,24.459999084472656,21.412080764770508,2873300,
2022-12-29,24.260000228881836,24.450000762939453,24.209999084472656,24.43000030517578,21.385820388793945,1759900,
2022-12-30,24.299999237060547,24.670000076293945,24.299999237060547,24.649999618530273,21.578407287597656,1848300,
2023-01-03,24.360000610351562,24.530000686645508,23.989999771118164,24.059999465942383,21.061925888061523,3228300,
2023-01-04,23.75,23.790000915527344,23.520000457763672,23.6299991607666,20.68550682067871,1983700,
2023-01-05,23.549999237060547,23.649999618530273,23.420000076293945,23.510000228881836,20.580461502075195,1700700,
2023-01-06,23.700000762939453,23.790000915527344,23.549999237060547,23.639999389648438,20.69426155090332,1674600,
2023-01-09,24.0,24.18000030517578,23.899999618530273,23.920000076293945,20.93937110900879,1189300,
2023-01-10,23.969999313354492,24.06999969482422,23.809999465942383,23.920000076293945,20.93937110900879,1469400,
2023-01-11,24.200000762939453,24.350000381469727,24.040000915527344,24.350000381469727,21.31578826904297,1923200,
2023-01-12,24.549999237060547,24.65999984741211,24.40999984741211,24.549999237060547,21.490867614746094,2452100,
2023-01-13,24.510000228881836,24.81999969482422,24.510000228881836,24.790000915527344,21.700963973999023,1514800,
2023-01-17,24.8700008392334,24.979999542236328,24.75,24.959999084472656,21.84977912902832,1160700,
2023-01-18,25.09000015258789,25.170000076293945,24.690000534057617,24.690000534057617,21.61342430114746,1469600,
2023-01-19,24.829999923706055,25.030000686645508,24.780000686645508,24.940000534057617,21.832271575927734,1241200,
2023-01-20,25.020000457763672,25.1299991607666,24.899999618530273,25.09000015258789,21.963579177856445,1144000,
2023-01-23,25.1299991607666,25.219999313354492,25.049999237060547,25.149999618530273,22.016101837158203,2664600,
2023-01-24,25.18000030517578,25.200000762939453,24.979999542236328,25.010000228881836,21.8935489654541,915600,
2023-01-25,24.979999542236328,25.020000457763672,24.84000015258789,24.940000534057617,21.832271575927734,1151200,
2023-01-26,25.100000381469727,25.1299991607666,24.93000030517578,25.049999237060547,21.928564071655273,1637600,
2023-01-27,25.1200008392334,25.1299991607666,24.739999771118164,24.770000457763672,21.683454513549805,2379200,
2023-01-30,24.600000381469727,24.799999237060547,24.450000762939453,24.450000762939453,21.403329849243164,2528300,
2023-01-31,24.469999313354492,24.8700008392334,24.450000762939453,24.8700008392334,21.770994186401367,1571800,
2023-02-01,24.68000030517578,24.700000762939453,24.18000030517578,24.399999618530273,21.359560012817383,3090900,
2023-02-02,24.600000381469727,24.600000381469727,24.15999984741211,24.219999313354492,21.201988220214844,3591100,
2023-02-03,24.040000915527344,24.280000686645508,23.600000381469727,23.610000610351562,20.667999267578125,2625600,
2023-02-06,23.639999389648438,23.719999313354492,23.31999969482422,23.68000030517578,20.729278564453125,1375700,
2023-02-07,23.729999542236328,24.139999389648438,23.719999313354492,24.1299991607666,21.12320327758789,1057300,
2023-02-08,24.15999984741211,24.219999313354492,23.959999084472656,24.18000030517578,21.16697120666504,822500,
2023-02-09,24.06999969482422,24.149999618530273,23.889999389648438,23.989999771118164,21.000648498535156,2054000,
2023-02-10,24.1299991607666,24.329999923706055,24.1299991607666,24.329999923706055,21.298280715942383,783100,
2023-02-13,24.149999618530273,24.3700008392334,24.1200008392334,24.280000686645508,21.254512786865234,853800,
2023-02-14,24.1200008392334,24.440000534057617,24.06999969482422,24.360000610351562,21.324542999267578,926500,
2023-02-15,24.1200008392334,24.170000076293945,23.93000030517578,24.100000381469727,21.096940994262695,924700,
2023-02-16,24.030000686645508,24.15999984741211,24.010000228881836,24.030000686645508,21.035663604736328,831900,
2023-02-17,23.6299991607666,23.889999389648438,23.579999923706055,23.850000381469727,20.878093719482422,1207900,
2023-02-21,23.979999542236328,24.079999923706055,23.81999969482422,23.8799991607666,20.904354095458984,1014100,
2023-02-22,23.81999969482422,23.8700008392334,23.56999969482422,23.56999969482422,20.632984161376953,1219400,
2023-02-23,23.75,23.829999923706055,23.59000015258789,23.75,20.79055404663086,2070200,
2023-02-24,23.510000228881836,23.68000030517578,23.34000015258789,23.670000076293945,20.720523834228516,1637800,
2023-02-27,23.760000228881836,23.770000457763672,23.600000381469727,23.690000534057617,20.73802947998047,1076800,
2023-02-28,23.84000015258789,23.899999618530273,23.739999771118164,23.760000228881836,20.79930877685547,1222300,
2023-03-01,23.889999389648438,24.18000030517578,23.860000610351562,24.170000076293945,21.158218383789062,1238200,
2023-03-02,24.149999618530273,24.170000076293945,23.959999084472656,24.079999923706055,21.079435348510742,828700,
2023-03-03,24.020000457763672,24.479999542236328,24.020000457763672,24.459999084472656,21.412080764770508,1507900,
2023-03-06,24.149999618530273,24.360000610351562,24.1200008392334,24.34000015258789,21.307035446166992,1046000,
2023-03-07,24.200000762939453,24.270000457763672,23.809999465942383,23.84000015258789,20.869340896606445,1498500,
2023-03-08,23.709999084472656,23.829999923706055,23.649999618530273,23.709999084472656,20.755537033081055,1518300,
2023-03-09,23.799999237060547,23.8799991607666,23.389999389648438,23.420000076293945,20.501676559448242,1290800,
2023-03-10,23.459999084472656,23.709999084472656,23.450000762939453,23.670000076293945,20.720523834228516,2418300,
2023-03-13,23.299999237060547,23.770000457763672,23.25,23.520000457763672,20.589214324951172,1865900,
2023-03-14,23.3700008392334,23.579999923706055,23.149999618530273,23.219999313354492,20.326595306396484,1300600,
2023-03-15,22.75,22.8799991607666,22.360000610351562,22.68000030517578,19.853885650634766,2929200,
2023-03-16,22.450000762939453,22.84000015258789,22.360000610351562,22.75,19.915163040161133,1536600,
2023-03-17,22.829999923706055,22.889999389648438,22.530000686645508,22.68000030517578,19.853885650634766,1916800,
2023-03-20,22.690000534057617,22.799999237060547,22.559999465942383,22.770000457763672,19.93267059326172,1108900,
2023-03-21,22.84000015258789,22.93000030517578,22.700000762939453,22.850000381469727,20.002702713012695,1300500,
2023-03-22,22.93000030517578,23.06999969482422,22.799999237060547,22.90999984741211,20.055225372314453,1414200,
2023-03-23,23.079999923706055,23.190000534057617,22.850000381469727,22.850000381469727,20.002702713012695,1482800,
2023-03-24,22.829999923706055,23.010000228881836,22.780000686645508,22.959999084472656,20.0989933013916,2175900,
2023-03-27,23.040000915527344,23.420000076293945,23.0,23.389999389648438,20.475412368774414,2176200,
2023-03-28,23.34000015258789,23.59000015258789,23.34000015258789,23.5,20.571706771850586,1037900,
2023-03-29,23.549999237060547,23.6200008392334,23.34000015258789,23.350000381469727,20.440399169921875,514700,
2023-03-30,23.479999542236328,23.540000915527344,23.360000610351562,23.520000457763672,20.589214324951172,793900,
2023-03-31,23.530000686645508,23.760000228881836,23.530000686645508,23.739999771118164,20.781801223754883,1026200,
2023-04-03,24.170000076293945,24.309999465942383,24.06999969482422,24.1299991607666,21.12320327758789,1164800,
2023-04-04,24.15999984741211,24.18000030517578,23.93000030517578,24.100000381469727,21.096940994262695,1313100,
2023-04-05,24.100000381469727,24.200000762939453,24.020000457763672,24.190000534057617,21.17572784423828,1099700,
2023-04-06,24.1299991607666,24.149999618530273,24.030000686645508,24.1200008392334,21.114450454711914,2418800,
2023-04-10,24.049999237060547,24.18000030517578,24.049999237060547,24.1200008392334,21.114450454711914,989900,
2023-04-11,24.1200008392334,24.309999465942383,24.110000610351562,24.25,21.228248596191406,1526000,
2023-04-12,24.350000381469727,24.469999313354492,24.309999465942383,24.440000534057617,21.394575119018555,1151500,
2023-04-13,24.530000686645508,24.59000015258789,24.399999618530273,24.440000534057617,21.394575119018555,888700,
2023-04-14,24.43000030517578,24.540000915527344,24.280000686645508,24.469999313354492,21.42083740234375,1244600,
2023-04-17,24.389999389648438,24.469999313354492,24.239999771118164,24.3700008392334,21.333297729492188,937300,
2023-04-18,24.3799991607666,24.510000228881836,24.280000686645508,24.420000076293945,21.377065658569336,844800,
2023-04-19,24.110000610351562,24.229999542236328,24.030000686645508,24.079999923706055,21.079435348510742,397300,
2023-04-20,23.8700008392334,23.940000534057617,23.799999237060547,23.8700008392334,20.89560317993164,1066100,
2023-04-21,23.920000076293945,23.950000762939453,23.729999542236328,23.81999969482422,20.851831436157227,735700,
2023-04-24,23.760000228881836,24.049999237060547,23.739999771118164,24.010000228881836,21.018156051635742,1753800,
2023-04-25,23.809999465942383,23.809999465942383,23.530000686645508,23.670000076293945,20.720523834228516,1221000,
2023-04-26,23.6200008392334,23.670000076293945,23.280000686645508,23.309999465942383,20.40538215637207,2206400,
2023-04-27,23.309999465942383,23.40999984741211,23.209999084472656,23.34000015258789,20.431644439697266,990400,
2023-04-28,23.290000915527344,23.56999969482422,23.239999771118164,23.559999465942383,20.624229431152344,854500,
2023-05-01,23.389999389648438,23.549999237060547,23.219999313354492,23.360000610351562,20.44915199279785,1138800,
2023-05-02,23.18000030517578,23.200000762939453,22.790000915527344,22.829999923706055,19.985193252563477,1658800,
2023-05-03,22.579999923706055,22.649999618530273,22.510000228881836,22.540000915527344,19.731332778930664,869700,
2023-05-04,22.540000915527344,22.790000915527344,22.469999313354492,22.6299991607666,19.810115814208984,782900,
2023-05-05,22.90999984741211,23.149999618530273,22.8799991607666,23.139999389648438,20.25656509399414,702400,
2023-05-08,23.3700008392334,23.40999984741211,23.239999771118164,23.25,20.352859497070312,742600,
2023-05-09,23.170000076293945,23.360000610351562,23.020000457763672,23.31999969482422,20.414134979248047,787200,
2023-05-10,23.239999771118164,23.31999969482422,23.1200008392334,23.25,20.352859497070312,489800,
2023-05-11,22.90999984741211,22.969999313354492,22.760000228881836,22.850000381469727,20.002702713012695,742700,
2023-05-12,22.860000610351562,22.93000030517578,22.649999618530273,22.670000076293945,19.845130920410156,769800,
2023-05-15,22.809999465942383,23.010000228881836,22.799999237060547,22.93000030517578,20.072734832763672,703200,
2023-05-16,22.8799991607666,22.969999313354492,22.68000030517578,22.68000030517578,19.853885650634766,1020700,
2023-05-17,22.8799991607666,23.0,22.729999542236328,22.950000762939453,20.090242385864258,816400,
2023-05-18,22.729999542236328,22.799999237060547,22.639999389648438,22.739999771118164,19.906408309936523,1005200,
2023-05-19,22.920000076293945,22.950000762939453,22.65999984741211,22.709999084472656,19.88014793395996,777800,
2023-05-22,22.639999389648438,22.780000686645508,22.6200008392334,22.729999542236328,19.897653579711914,606600,
2023-05-23,22.780000686645508,22.899999618530273,22.760000228881836,22.81999969482422,19.9764404296875,753500,
2023-05-24,22.90999984741211,22.969999313354492,22.690000534057617,22.829999923706055,19.985193252563477,692600,
2023-05-25,22.549999237060547,22.6200008392334,22.34000015258789,22.469999313354492,19.670053482055664,1809500,
2023-05-26,22.739999771118164,22.850000381469727,22.700000762939453,22.829999923706055,19.985193252563477,837300,
2023-05-30,22.459999084472656,22.459999084472656,22.229999542236328,22.299999237060547,19.521236419677734,774500,
2023-05-31,22.15999984741211,22.280000686645508,22.049999237060547,22.049999237060547,19.30238914489746,762500,
2023-06-01,22.15999984741211,22.530000686645508,22.15999984741211,22.40999984741211,19.617528915405273,561000,
2023-06-02,22.6299991607666,22.719999313354492,22.520000457763672,22.700000762939453,19.87139320373535,1195900,
2023-06-05,22.809999465942383,22.809999465942383,22.6299991607666,22.639999389648438,19.81886863708496,1099300,
2023-06-06,22.549999237060547,22.729999542236328,22.510000228881836,22.670000076293945,19.845130920410156,764300,
2023-06-07,22.75,22.860000610351562,22.729999542236328,22.760000228881836,19.923917770385742,2155500,
2023-06-08,22.809999465942383,22.860000610351562,22.459999084472656,22.799999237060547,19.95893096923828,893800,
2023-06-09,22.770000457763672,22.889999389648438,22.639999389648438,22.65999984741211,19.836376190185547,641300,
2023-06-12,22.399999618530273,22.479999542236328,22.270000457763672,22.350000381469727,19.565006256103516,686700,
2023-06-13,22.700000762939453,22.780000686645508,22.6299991607666,22.649999618530273,19.82762336730957,701600,
2023-06-14,22.799999237060547,22.860000610351562,22.59000015258789,22.700000762939453,19.87139320373535,763800,
2023-06-15,22.829999923706055,23.209999084472656,22.829999923706055,23.18000030517578,20.291582107543945,1215100,
2023-06-16,23.280000686645508,23.510000228881836,23.280000686645508,23.469999313354492,20.54544448852539,1252300,
2023-06-20,23.239999771118164,23.290000915527344,23.06999969482422,23.260000228881836,20.36161231994629,1911200,
2023-06-21,23.229999542236328,23.600000381469727,23.229999542236328,23.600000381469727,20.65924644470215,930200,
2023-06-22,23.219999313354492,23.290000915527344,23.06999969482422,23.15999984741211,20.274072647094727,1056000,
2023-06-23,22.729999542236328,22.90999984741211,22.729999542236328,22.90999984741211,20.055225372314453,1002200,
2023-06-26,22.8799991607666,23.079999923706055,22.8799991607666,22.940000534057617,20.08148765563965,729000,
2023-06-27,22.790000915527344,22.850000381469727,22.540000915527344,22.56999969482422,19.757591247558594,560800,
2023-06-28,22.43000030517578,22.610000610351562,22.34000015258789,22.5,19.69631576538086,1101500,
2023-06-29,22.459999084472656,22.610000610351562,22.40999984741211,22.510000228881836,19.705068588256836,635300,
2023-06-30,22.610000610351562,22.8700008392334,22.610000610351562,22.700000762939453,19.87139320373535,972200,
2023-07-03,22.799999237060547,22.860000610351562,22.690000534057617,22.700000762939453,19.87139320373535,902200,
2023-07-05,22.90999984741211,22.969999313354492,22.75,22.84000015258789,19.993947982788086,2849100,
2023-07-06,22.81999969482422,22.829999923706055,22.549999237060547,22.790000915527344,19.950180053710938,629100,
2023-07-07,22.799999237060547,23.030000686645508,22.790000915527344,22.979999542236328,20.116500854492188,807800,
2023-07-10,22.979999542236328,23.100000381469727,22.959999084472656,23.030000686645508,20.160274505615234,632400,
2023-07-11,23.18000030517578,23.31999969482422,23.1200008392334,23.299999237060547,20.396625518798828,457800,
2023-07-12,23.520000457763672,23.59000015258789,23.399999618530273,23.469999313354492,20.54544448852539,599600,
2023-07-13,23.549999237060547,23.809999465942383,23.520000457763672,23.799999237060547,20.83432388305664,582900,
2023-07-14,23.829999923706055,23.829999923706055,23.610000610351562,23.639999389648438,20.69426155090332,669800,
2023-07-17,23.530000686645508,23.549999237060547,23.440000534057617,23.450000762939453,20.527936935424805,696100,
2023-07-18,23.469999313354492,23.799999237060547,23.469999313354492,23.760000228881836,20.79930877685547,554700,
2023-07-19,23.959999084472656,24.049999237060547,23.81999969482422,23.889999389648438,20.913108825683594,1371500,
2023-07-20,24.040000915527344,24.09000015258789,23.829999923706055,23.959999084472656,20.97438621520996,1138600,
2023-07-21,23.969999313354492,24.1299991607666,23.969999313354492,24.09000015258789,21.08818817138672,710500,
2023-07-24,24.260000228881836,24.579999923706055,24.219999313354492,24.520000457763672,21.4646053314209,781300,
2023-07-25,24.450000762939453,24.649999618530273,24.420000076293945,24.610000610351562,21.543392181396484,510700,
2023-07-26,24.489999771118164,24.549999237060547,24.420000076293945,24.489999771118164,21.438344955444336,893700,
2023-07-27,24.469999313354492,24.56999969482422,24.389999389648438,24.43000030517578,21.385820388793945,1273100,
2023-07-28,24.40999984741211,24.610000610351562,24.34000015258789,24.579999923706055,21.51712989807129,2657200,
2023-07-31,24.610000610351562,24.690000534057617,24.540000915527344,24.68000030517578,21.60466957092285,2012200,
2023-08-01,24.520000457763672,24.610000610351562,24.450000762939453,24.549999237060547,21.490867614746094,1688900,
2023-08-02,24.5,24.5,24.110000610351562,24.18000030517578,21.16697120666504,1143800,
2023-08-03,24.18000030517578,24.420000076293945,24.139999389648438,24.40999984741211,21.36831283569336,1111700,
2023-08-04,24.440000534057617,24.540000915527344,24.350000381469727,24.450000762939453,21.403329849243164,529400,
2023-08-07,24.5,24.510000228881836,24.31999969482422,24.459999084472656,21.412080764770508,1137700,
2023-08-08,24.139999389648438,24.489999771118164,24.040000915527344,24.43000030517578,21.385820388793945,993600,
2023-08-09,24.549999237060547,24.65999984741211,24.469999313354492,24.600000381469727,21.534637451171875,671900,
2023-08-10,24.559999465942383,24.6299991607666,24.43000030517578,24.469999313354492,21.42083740234375,576600,
2023-08-11,24.420000076293945,24.56999969482422,24.399999618530273,24.43000030517578,21.385820388793945,566200,
2023-08-14,24.270000457763672,24.3799991607666,24.200000762939453,24.309999465942383,21.280773162841797,697600,
2023-08-15,24.170000076293945,24.229999542236328,23.969999313354492,24.020000457763672,21.02691078186035,3808700,
2023-08-16,24.09000015258789,24.18000030517578,23.889999389648438,23.920000076293945,20.93937110900879,2205400,
2023-08-17,24.15999984741211,24.18000030517578,23.969999313354492,23.979999542236328,20.99189567565918,857500,
2023-08-18,24.040000915527344,24.200000762939453,24.030000686645508,24.149999618530273,21.14071273803711,601800,
2023-08-21,24.299999237060547,24.299999237060547,24.079999923706055,24.09000015258789,21.08818817138672,507800,
2023-08-22,24.190000534057617,24.219999313354492,24.059999465942383,24.100000381469727,21.096940994262695,623500,
2023-08-23,24.0,24.25,23.950000762939453,24.149999618530273,21.14071273803711,910700,
2023-08-24,24.040000915527344,24.219999313354492,23.989999771118164,24.170000076293945,21.158218383789062,599500,
2023-08-25,24.329999923706055,24.450000762939453,24.139999389648438,24.40999984741211,21.36831283569336,793800,
2023-08-28,24.43000030517578,24.5,24.309999465942383,24.3700008392334,21.333297729492188,590200,
2023-08-29,24.3700008392334,24.5,24.299999237060547,24.459999084472656,21.412080764770508,417500,
2023-08-30,24.579999923706055,24.649999618530273,24.459999084472656,24.489999771118164,21.438344955444336,527300,
2023-08-31,24.59000015258789,24.649999618530273,24.469999313354492,24.59000015258789,21.525882720947266,1197700,
2023-09-01,24.84000015258789,24.899999618530273,24.75,24.8799991607666,21.779747009277344,1716100,
2023-09-05,25.040000915527344,25.15999984741211,24.959999084472656,25.0,21.884794235229492,1039100,
2023-09-06,24.959999084472656,25.09000015258789,24.899999618530273,25.059999465942383,21.937314987182617,843800,
2023-09-07,24.989999771118164,25.059999465942383,24.940000534057617,25.010000228881836,21.8935489654541,388800,
2023-09-08,25.020000457763672,25.1200008392334,24.969999313354492,25.059999465942383,21.937314987182617,611500,
2023-09-11,25.25,25.299999237060547,25.149999618530273,25.209999084472656,22.068626403808594,553900,
2023-09-12,25.290000915527344,25.3799991607666,25.260000228881836,25.299999237060547,22.147409439086914,1075100,
2023-09-13,25.350000381469727,25.43000030517578,25.280000686645508,25.3799991607666,22.21744155883789,813800,
2023-09-14,25.549999237060547,25.6299991607666,25.510000228881836,25.59000015258789,22.401277542114258,679600,
2023-09-15,25.5,25.600000381469727,25.469999313354492,25.530000686645508,22.348752975463867,573300,
2023-09-18,25.600000381469727,25.6299991607666,25.450000762939453,25.520000457763672,22.34000015258789,868100,
2023-09-19,25.579999923706055,25.6200008392334,25.459999084472656,25.540000915527344,22.357505798339844,844700,
2023-09-20,25.399999618530273,25.59000015258789,25.31999969482422,25.329999923706055,22.173673629760742,663600,
2023-09-21,25.389999389648438,25.420000076293945,25.239999771118164,25.25,22.103641510009766,1172600,
2023-09-22,25.389999389648438,25.450000762939453,25.18000030517578,25.270000457763672,22.12114906311035,727700,
2023-09-25,25.190000534057617,25.190000534057617,25.0,25.149999618530273,22.016101837158203,639900,
2023-09-26,25.030000686645508,25.139999389648438,25.010000228881836,25.1200008392334,21.98984146118164,986300,
2023-09-27,25.280000686645508,25.350000381469727,25.25,25.260000228881836,22.112396240234375,944200,
2023-09-28,25.280000686645508,25.360000610351562,25.18000030517578,25.229999542236328,22.086132049560547,865500,
2023-09-29,25.299999237060547,25.329999923706055,24.920000076293945,24.959999084472656,21.84977912902832,2044200,
2023-10-02,24.969999313354492,25.020000457763672,24.729999542236328,24.770000457763672,21.683454513549805,3616100,
2023-10-03,24.709999084472656,24.739999771118164,24.579999923706055,24.65999984741211,21.587160110473633,2573900,
2023-10-04,24.3799991607666,24.3799991607666,23.889999389648438,23.969999313354492,20.983139038085938,1225500,
2023-10-05,23.770000457763672,23.920000076293945,23.690000534057617,23.829999923706055,20.860586166381836,2068100,
2023-10-06,23.979999542236328,23.989999771118164,23.780000686645508,23.920000076293945,20.93937110900879,2218500,
2023-10-09,24.260000228881836,24.420000076293945,24.190000534057617,24.420000076293945,21.377065658569336,2702800,
2023-10-10,24.3799991607666,24.40999984741211,24.229999542236328,24.360000610351562,21.324542999267578,1359500,
2023-10-11,24.270000457763672,24.329999923706055,24.06999969482422,24.219999313354492,21.201988220214844,2163300,
2023-10-12,24.31999969482422,24.389999389648438,24.09000015258789,24.209999084472656,21.193233489990234,979300,
2023-10-13,24.6299991607666,24.860000610351562,24.579999923706055,24.850000381469727,21.75348472595215,954000,
2023-10-16,24.799999237060547,24.829999923706055,24.68000030517578,24.770000457763672,21.683454513549805,820400,
2023-10-17,24.719999313354492,24.850000381469727,24.6299991607666,24.84000015258789,21.744731903076172,921900,
2023-10-18,25.020000457763672,25.139999389648438,24.979999542236328,25.059999465942383,21.937314987182617,1110100,
2023-10-19,24.959999084472656,25.31999969482422,24.899999618530273,25.31999969482422,22.164918899536133,937400,
2023-10-20,25.270000457763672,25.399999618530273,25.100000381469727,25.1299991607666,21.998594284057617,1243400,
2023-10-23,25.09000015258789,25.149999618530273,24.90999984741211,24.969999313354492,21.858531951904297,1179500,
2023-10-24,24.84000015258789,24.850000381469727,24.59000015258789,24.700000762939453,21.622177124023438,1119700,
2023-10-25,24.780000686645508,24.940000534057617,24.459999084472656,24.8799991607666,21.779747009277344,2212000,
2023-10-26,24.65999984741211,24.799999237060547,24.610000610351562,24.670000076293945,21.59591293334961,1862600,
2023-10-27,24.81999969482422,25.030000686645508,24.690000534057617,25.0,21.884794235229492,1051400,
2023-10-30,24.81999969482422,24.889999389648438,24.510000228881836,24.600000381469727,21.534637451171875,975900,
2023-10-31,24.610000610351562,24.780000686645508,24.440000534057617,24.510000228881836,21.455852508544922,2199500,
2023-11-01,24.75,24.81999969482422,24.450000762939453,24.549999237060547,21.490867614746094,2495700,
2023-11-02,24.549999237060547,24.81999969482422,24.549999237060547,24.809999465942383,21.718469619750977,1936100,
2023-11-03,24.690000534057617,24.8799991607666,24.610000610351562,24.68000030517578,21.60466957092285,1407100,
2023-11-06,24.8799991607666,24.920000076293945,24.760000228881836,24.780000686645508,21.69220733642578,1210900,
2023-11-07,24.40999984741211,24.440000534057617,24.200000762939453,24.25,21.228248596191406,1861600,
2023-11-08,24.149999618530273,24.25,23.8799991607666,23.979999542236328,20.99189567565918,1269100,
2023-11-09,23.989999771118164,24.170000076293945,23.90999984741211,23.920000076293945,20.93937110900879,1254300,
2023-11-10,24.010000228881836,24.100000381469727,23.969999313354492,24.040000915527344,21.044418334960938,874200,
2023-11-13,24.020000457763672,24.399999618530273,24.020000457763672,24.389999389648438,21.350805282592773,913200,
2023-11-14,24.440000534057617,24.579999923706055,24.290000915527344,24.350000381469727,21.31578826904297,1573100,
2023-11-15,24.200000762939453,24.360000610351562,24.18000030517578,24.190000534057617,21.17572784423828,1314500,
2023-11-16,23.889999389648438,23.90999984741211,23.559999465942383,23.610000610351562,20.667999267578125,3465600,
2023-11-17,23.719999313354492,23.989999771118164,23.709999084472656,23.950000762939453,20.965633392333984,1241100,
2023-11-20,24.15999984741211,24.329999923706055,24.139999389648438,24.25,21.228248596191406,777600,
2023-11-21,24.270000457763672,24.399999618530273,24.209999084472656,24.389999389648438,21.350805282592773,642500,
2023-11-22,23.84000015258789,24.200000762939453,23.75,24.18000030517578,21.16697120666504,850600,
2023-11-24,24.110000610351562,24.229999542236328,24.020000457763672,24.020000457763672,21.02691078186035,391300,
2023-11-27,23.940000534057617,24.040000915527344,23.809999465942383,23.860000610351562,20.8868465423584,1032500,
2023-11-28,23.979999542236328,24.229999542236328,23.93000030517578,24.149999618530273,21.14071273803711,1112800,
2023-11-29,24.239999771118164,24.3799991607666,24.0,24.31999969482422,21.289527893066406,972200,
2023-11-30,24.399999618530273,24.520000457763672,23.8799991607666,23.90999984741211,20.930618286132812,1769700,
2023-12-01,23.950000762939453,24.200000762939453,23.760000228881836,23.799999237060547,20.83432388305664,1399700,
2023-12-04,23.6200008392334,23.799999237060547,23.510000228881836,23.639999389648438,20.69426155090332,5278400,
2023-12-05,23.639999389648438,23.75,23.40999984741211,23.43000030517578,20.51042938232422,1557500,
2023-12-06,23.219999313354492,23.260000228881836,22.850000381469727,22.860000610351562,20.011457443237305,1913900,
2023-12-07,22.969999313354492,22.979999542236328,22.799999237060547,22.899999618530273,20.046470642089844,1502200,
2023-12-08,23.040000915527344,23.1200008392334,22.93000030517578,23.0,20.134010314941406,1366100,
2023-12-11,22.860000610351562,22.940000534057617,22.760000228881836,22.920000076293945,20.063980102539062,3260700,
2023-12-12,22.670000076293945,22.709999084472656,22.540000915527344,22.56999969482422,19.757591247558594,1983200,
2023-12-13,22.600000381469727,22.829999923706055,22.56999969482422,22.829999923706055,19.985193252563477,1613700,
2023-12-14,23.1200008392334,23.229999542236328,23.100000381469727,23.209999084472656,20.317842483520508,1872100,
2023-12-15,23.209999084472656,23.360000610351562,23.110000610351562,23.25,20.352859497070312,1734500,
2023-12-18,22.440000534057617,22.549999237060547,22.25,22.31999969482422,20.498884201049805,1844200,"{""dividend_amount"": 1.089}"
2023-12-19,22.270000457763672,22.5,22.270000457763672,22.489999771118164,20.655014038085938,1829600,
2023-12-20,22.559999465942383,22.56999969482422,22.229999542236328,22.229999542236328,20.416229248046875,1439100,
2023-12-21,22.170000076293945,22.280000686645508,22.170000076293945,22.270000457763672,20.452964782714844,1352700,
2023-12-22,22.389999389648438,22.440000534057617,22.219999313354492,22.229999542236328,20.416229248046875,1397800,
2023-12-26,22.209999084472656,22.559999465942383,22.190000534057617,22.450000762939453,20.61827850341797,1252200,
2023-12-27,22.489999771118164,22.56999969482422,22.350000381469727,22.350000381469727,20.526437759399414,1372600,
2023-12-28,22.299999237060547,22.420000076293945,22.149999618530273,22.15999984741211,20.351940155029297,1145200,
2023-12-29,22.200000762939453,22.219999313354492,22.010000228881836,22.040000915527344,20.241731643676758,1781200,
2024-01-02,22.139999389648438,22.15999984741211,21.81999969482422,21.860000610351562,20.076417922973633,2421600,
2024-01-03,21.989999771118164,22.170000076293945,21.959999084472656,22.139999389648438,20.33357048034668,857700,
2024-01-04,22.100000381469727,22.1200008392334,21.8700008392334,22.020000457763672,20.223363876342773,734000,
2024-01-05,22.139999389648438,22.229999542236328,22.059999465942383,22.1299991607666,20.324386596679688,800800,
2024-01-08,21.700000762939453,21.84000015258789,21.6200008392334,21.809999465942383,20.03049659729004,760800,
2024-01-09,21.959999084472656,22.06999969482422,21.850000381469727,21.969999313354492,20.177440643310547,736200,
2024-01-10,22.079999923706055,22.100000381469727,21.790000915527344,21.81999969482422,20.03968048095703,754000,
2024-01-11,22.06999969482422,22.139999389648438,21.93000030517578,21.979999542236328,20.186626434326172,1491100,
2024-01-12,22.299999237060547,22.3700008392334,21.969999313354492,22.059999465942383,20.260099411010742,673700,
2024-01-16,22.15999984741211,22.15999984741211,21.8700008392334,21.8700008392334,20.085603713989258,709000,
2024-01-17,21.729999542236328,21.860000610351562,21.709999084472656,21.84000015258789,20.05805015563965,570700,
2024-01-18,21.84000015258789,22.020000457763672,21.770000457763672,21.979999542236328,20.186626434326172,408300,
2024-01-19,22.059999465942383,22.1299991607666,21.889999389648438,21.940000534057617,20.149890899658203,559900,
2024-01-22,21.889999389648438,22.1200008392334,21.860000610351562,22.030000686645508,20.232547760009766,575900,
2024-01-23,22.049999237060547,22.209999084472656,22.049999237060547,22.149999618530273,20.342756271362305,442400,
2024-01-24,22.290000915527344,22.389999389648438,22.190000534057617,22.34000015258789,20.517253875732422,866700,
2024-01-25,22.459999084472656,22.530000686645508,22.3799991607666,22.510000228881836,20.673383712768555,1600400,
2024-01-26,22.40999984741211,22.610000610351562,22.280000686645508,22.610000610351562,20.76522445678711,517800,
2024-01-29,22.5,22.5,22.329999923706055,22.420000076293945,20.59072494506836,1579300,
2024-01-30,22.420000076293945,22.600000381469727,22.350000381469727,22.56999969482422,20.72848892211914,941200,
2024-01-31,22.520000457763672,22.559999465942383,22.309999465942383,22.329999923706055,20.50806999206543,1305300,
2024-02-01,22.31999969482422,22.399999618530273,22.010000228881836,22.059999465942383,20.260099411010742,2388400,
2024-02-02,21.84000015258789,21.920000076293945,21.780000686645508,21.809999465942383,20.03049659729004,1235500,
2024-02-05,21.790000915527344,21.920000076293945,21.700000762939453,21.899999618530273,20.11315155029297,837900,
2024-02-06,21.950000762939453,22.049999237060547,21.90999984741211,21.979999542236328,20.186626434326172,790900,
2024-02-07,21.969999313354492,22.09000015258789,21.969999313354492,22.079999923706055,20.278467178344727,809900,
2024-02-08,22.09000015258789,22.25,22.09000015258789,22.200000762939453,20.3886775970459,1125100,
2024-02-09,22.239999771118164,22.350000381469727,22.190000534057617,22.260000228881836,20.44378089904785,601700,
2024-02-12,22.219999313354492,22.299999237060547,22.209999084472656,22.270000457763672,20.452964782714844,569000,
2024-02-13,22.200000762939453,22.25,22.1200008392334,22.139999389648438,20.33357048034668,1222200,
2024-02-14,22.170000076293945,22.239999771118164,21.899999618530273,21.93000030517578,20.140705108642578,696000,
2024-02-15,21.950000762939453,22.09000015258789,21.950000762939453,21.979999542236328,20.186626434326172,791200,
2024-02-16,21.950000762939453,22.079999923706055,21.940000534057617,22.030000686645508,20.232547760009766,595800,
2024-02-20,22.020000457763672,22.020000457763672,21.829999923706055,21.90999984741211,20.122337341308594,1053100,
2024-02-21,22.0,22.030000686645508,21.93000030517578,22.0,20.204994201660156,1689900,
2024-02-22,21.920000076293945,22.079999923706055,21.889999389648438,22.059999465942383,20.260099411010742,507400,
2024-02-23,21.829999923706055,21.8799991607666,21.729999542236328,21.739999771118164,19.96620750427246,668800,
2024-02-26,21.809999465942383,22.010000228881836,21.790000915527344,21.940000534057617,20.149890899658203,879100,
2024-02-27,22.030000686645508,22.1299991607666,22.030000686645508,22.110000610351562,20.306018829345703,2544500,
2024-02-28,22.09000015258789,22.1299991607666,21.969999313354492,22.020000457763672,20.223363876342773,5225300,
2024-02-29,21.940000534057617,22.110000610351562,21.920000076293945,21.989999771118164,20.195810317993164,720300,
2024-03-01,22.059999465942383,22.190000534057617,22.020000457763672,22.100000381469727,20.29683494567871,863200,
2024-03-04,22.25,22.25,22.100000381469727,22.170000076293945,20.36112403869629,538500,
2024-03-05,22.1200008392334,22.149999618530273,21.989999771118164,22.0,20.204994201660156,1237800,
2024-03-06,22.190000534057617,22.299999237060547,22.149999618530273,22.18000030517578,20.37030792236328,1466500,
2024-03-07,22.15999984741211,22.329999923706055,22.139999389648438,22.239999771118164,20.425413131713867,961000,
2024-03-08,22.200000762939453,22.200000762939453,22.040000915527344,22.170000076293945,20.36112403869629,933200,
2024-03-11,22.149999618530273,22.389999389648438,22.09000015258789,22.360000610351562,20.53562355041504,691600,
2024-03-12,22.290000915527344,22.389999389648438,22.229999542236328,22.299999237060547,20.48051643371582,497700,
2024-03-13,22.450000762939453,22.6200008392334,22.450000762939453,22.610000610351562,20.76522445678711,1070000,
2024-03-14,22.6200008392334,22.729999542236328,22.59000015258789,22.68000030517578,20.829513549804688,1168500,
2024-03-15,22.649999618530273,22.799999237060547,22.6299991607666,22.760000228881836,20.902986526489258,1043100,
2024-03-18,22.90999984741211,23.0,22.84000015258789,22.969999313354492,21.095849990844727,1384300,
2024-03-19,22.950000762939453,22.989999771118164,22.90999984741211,22.959999084472656,21.086666107177734,1889600,
2024-03-20,22.799999237060547,22.90999984741211,22.709999084472656,22.899999618530273,21.03156280517578,1247400,
2024-03-21,22.899999618530273,22.899999618530273,22.729999542236328,22.8700008392334,21.004011154174805,813800,
2024-03-22,22.829999923706055,22.829999923706055,22.690000534057617,22.709999084472656,20.857065200805664,1443900,
2024-03-25,22.799999237060547,22.989999771118164,22.790000915527344,22.899999618530273,21.03156280517578,1370900,
2024-03-26,22.899999618530273,22.899999618530273,22.700000762939453,22.719999313354492,20.866249084472656,742000,
2024-03-27,22.610000610351562,22.719999313354492,22.59000015258789,22.700000762939453,20.847881317138672,2497800,
2024-03-28,22.790000915527344,22.979999542236328,22.780000686645508,22.969999313354492,21.095849990844727,3686300,
2024-04-01,23.059999465942383,23.139999389648438,22.969999313354492,23.079999923706055,21.196876525878906,2345900,
2024-04-02,23.239999771118164,23.31999969482422,23.18000030517578,23.290000915527344,21.389741897583008,1852700,
2024-04-03,23.469999313354492,23.59000015258789,23.450000762939453,23.56999969482422,21.646896362304688,1771500,
2024-04-04,23.540000915527344,23.760000228881836,23.479999542236328,23.6299991607666,21.702001571655273,1261200,
2024-04-05,23.739999771118164,23.889999389648438,23.690000534057617,23.75,21.812210083007812,1313700,
2024-04-08,23.809999465942383,23.829999923706055,23.59000015258789,23.739999771118164,21.80302619934082,1263500,
2024-04-09,23.790000915527344,23.799999237060547,23.56999969482422,23.610000610351562,21.68363380432129,769400,
2024-04-10,23.639999389648438,23.75,23.510000228881836,23.729999542236328,21.793842315673828,1349900,
2024-04-11,23.700000762939453,23.700000762939453,23.520000457763672,23.690000534057617,21.757104873657227,933800,
2024-04-12,23.959999084472656,24.09000015258789,23.68000030517578,23.719999313354492,21.784656524658203,1579300,
2024-04-15,23.68000030517578,23.780000686645508,23.469999313354492,23.75,21.812210083007812,1660100,
2024-04-16,23.65999984741211,23.75,23.530000686645508,23.709999084472656,21.77547264099121,1263700,
2024-04-17,23.579999923706055,23.700000762939453,23.309999465942383,23.34000015258789,21.43566131591797,2084600,
2024-04-18,23.3700008392334,23.43000030517578,23.280000686645508,23.329999923706055,21.426477432250977,1734500,
2024-04-19,23.389999389648438,23.540000915527344,23.350000381469727,23.440000534057617,21.527503967285156,1968800,
2024-04-22,23.260000228881836,23.440000534057617,23.209999084472656,23.440000534057617,21.527503967285156,941800,
2024-04-23,23.229999542236328,23.549999237060547,23.219999313354492,23.540000915527344,21.61934471130371,1524700,
2024-04-24,23.489999771118164,23.600000381469727,23.459999084472656,23.510000228881836,21.5917911529541,1670400,
2024-04-25,23.489999771118164,23.649999618530273,23.420000076293945,23.639999389648438,21.711183547973633,1088600,
2024-04-26,23.780000686645508,23.780000686645508,23.610000610351562,23.65999984741211,21.72955322265625,707700,
2024-04-29,23.75,23.770000457763672,23.6299991607666,23.639999389648438,21.711183547973633,875800,
2024-04-30,23.450000762939453,23.459999084472656,23.229999542236328,23.34000015258789,21.43566131591797,1875400,
2024-05-01,23.219999313354492,23.34000015258789,22.969999313354492,23.0,21.123403549194336,1463900,
2024-05-02,23.020000457763672,23.1299991607666,22.920000076293945,23.079999923706055,21.196876525878906,1004400,
2024-05-03,23.139999389648438,23.18000030517578,23.06999969482422,23.110000610351562,21.224430084228516,503400,
2024-05-06,23.200000762939453,23.43000030517578,23.200000762939453,23.3700008392334,21.463214874267578,1293800,
2024-05-07,23.260000228881836,23.40999984741211,23.260000228881836,23.350000381469727,21.444847106933594,486300,
2024-05-08,23.110000610351562,23.270000457763672,23.100000381469727,23.229999542236328,21.334636688232422,415800,
2024-05-09,23.239999771118164,23.34000015258789,23.219999313354492,23.31999969482422,21.417293548583984,347200,
2024-05-10,23.360000610351562,23.399999618530273,23.25,23.280000686645508,21.38055992126465,747700,
2024-05-13,23.31999969482422,23.459999084472656,23.31999969482422,23.43000030517578,21.518320083618164,531400,
2024-05-14,23.290000915527344,23.3799991607666,23.239999771118164,23.329999923706055,21.426477432250977,443700,
2024-05-15,23.329999923706055,23.420000076293945,23.200000762939453,23.40999984741211,21.499950408935547,512100,
2024-05-16,23.469999313354492,23.5,23.389999389648438,23.469999313354492,21.5550537109375,519200,
2024-05-17,23.59000015258789,23.75,23.559999465942383,23.709999084472656,21.77547264099121,2083900,
2024-05-20,23.75,23.940000534057617,23.739999771118164,23.920000076293945,21.968339920043945,1314900,
2024-05-21,23.81999969482422,23.950000762939453,23.729999542236328,23.81999969482422,21.876497268676758,514000,
2024-05-22,23.6299991607666,23.65999984741211,23.459999084472656,23.479999542236328,21.564237594604492,889400,
2024-05-23,23.670000076293945,23.729999542236328,23.309999465942383,23.360000610351562,21.454030990600586,1255100,
2024-05-24,23.440000534057617,23.540000915527344,23.40999984741211,23.520000457763672,21.600976943969727,1375300,
2024-05-28,23.850000381469727,23.940000534057617,23.770000457763672,23.940000534057617,21.986709594726562,1845700,
2024-05-29,23.81999969482422,23.84000015258789,23.690000534057617,23.690000534057617,21.757104873657227,940900,
2024-05-30,23.530000686645508,23.6299991607666,23.3799991607666,23.3799991607666,21.47239875793457,1041600,
2024-05-31,23.5,23.540000915527344,23.200000762939453,23.270000457763672,21.371374130249023,873400,
2024-06-03,23.25,23.260000228881836,22.90999984741211,22.940000534057617,21.06829833984375,1790900,
2024-06-04,22.739999771118164,22.790000915527344,22.6200008392334,22.709999084472656,20.857065200805664,1087200,
2024-06-05,22.729999542236328,22.790000915527344,22.6299991607666,22.790000915527344,20.930538177490234,966900,
2024-06-06,22.899999618530273,23.110000610351562,22.899999618530273,23.09000015258789,21.2060604095459,1049000,
2024-06-07,22.8799991607666,22.920000076293945,22.760000228881836,22.760000228881836,20.902986526489258,747000,
2024-06-10,22.90999984741211,23.100000381469727,22.8700008392334,23.09000015258789,21.2060604095459,457100,
2024-06-11,23.079999923706055,23.149999618530273,23.0,23.059999465942383,21.178508758544922,572500,
2024-06-12,23.34000015258789,23.3700008392334,23.1200008392334,23.139999389648438,21.25197982788086,761000,
2024-06-13,23.25,23.299999237060547,23.139999389648438,23.15999984741211,21.270347595214844,553000,
2024-06-14,23.239999771118164,23.290000915527344,23.06999969482422,23.06999969482422,21.187692642211914,914700,
2024-06-17,23.040000915527344,23.170000076293945,23.030000686645508,23.149999618530273,21.26116371154785,1114300,
2024-06-18,23.1299991607666,23.34000015258789,23.1299991607666,23.34000015258789,21.43566131591797,832400,
2024-06-20,23.420000076293945,23.489999771118164,23.350000381469727,23.389999389648438,21.481582641601562,910700,
2024-06-21,23.360000610351562,23.389999389648438,23.18000030517578,23.200000762939453,21.307085037231445,723100,
2024-06-24,23.25,23.389999389648438,23.229999542236328,23.389999389648438,21.481582641601562,610400,
2024-06-25,23.309999465942383,23.31999969482422,23.149999618530273,23.170000076293945,21.27953338623047,726400,
2024-06-26,23.239999771118164,23.31999969482422,23.139999389648438,23.209999084472656,21.316268920898438,1212400,
2024-06-27,23.399999618530273,23.399999618530273,23.239999771118164,23.329999923706055,21.426477432250977,675400,
2024-06-28,23.450000762939453,23.450000762939453,23.200000762939453,23.229999542236328,21.334636688232422,855300,
2024-07-01,23.3799991607666,23.549999237060547,23.290000915527344,23.530000686645508,21.61016082763672,1233600,
2024-07-02,23.6200008392334,23.639999389648438,23.489999771118164,23.559999465942383,21.637712478637695,844800,
2024-07-03,23.600000381469727,23.719999313354492,23.59000015258789,23.690000534057617,21.757104873657227,707500,
2024-07-05,23.790000915527344,23.899999618530273,23.729999542236328,23.780000686645508,21.839763641357422,860600,
2024-07-08,23.559999465942383,23.600000381469727,23.440000534057617,23.459999084472656,21.54587173461914,769100,
2024-07-09,23.440000534057617,23.469999313354492,23.270000457763672,23.299999237060547,21.398923873901367,621500,
2024-07-10,23.25,23.3700008392334,23.200000762939453,23.299999237060547,21.398923873901367,678200,
2024-07-11,23.280000686645508,23.420000076293945,23.25,23.3799991607666,21.47239875793457,1759500,
2024-07-12,23.299999237060547,23.34000015258789,23.260000228881836,23.290000915527344,21.389741897583008,1263200,
2024-07-15,23.190000534057617,23.239999771118164,23.1200008392334,23.1200008392334,21.233612060546875,863300,
2024-07-16,22.93000030517578,23.09000015258789,22.920000076293945,23.059999465942383,21.178508758544922,1485400,
2024-07-17,23.110000610351562,23.149999618530273,23.030000686645508,23.059999465942383,21.178508758544922,1296400,
2024-07-18,23.059999465942383,23.059999465942383,22.889999389648438,22.889999389648438,21.02237892150879,1410300,
2024-07-19,22.809999465942383,22.920000076293945,22.559999465942383,22.579999923706055,20.737672805786133,1803800,
2024-07-22,22.5,22.639999389648438,22.450000762939453,22.639999389648438,20.792776107788086,1959900,
2024-07-23,22.5,22.549999237060547,22.389999389648438,22.43000030517578,20.599910736083984,981700,
2024-07-24,22.450000762939453,22.600000381469727,22.420000076293945,22.420000076293945,20.59072494506836,991900,
2024-07-25,22.290000915527344,22.520000457763672,22.219999313354492,22.469999313354492,20.636646270751953,676400,
2024-07-26,22.3700008392334,22.389999389648438,22.190000534057617,22.239999771118164,20.425413131713867,584200,
2024-07-29,22.290000915527344,22.34000015258789,22.059999465942383,22.139999389648438,20.33357048034668,709100,
2024-07-30,21.979999542236328,22.06999969482422,21.950000762939453,22.06999969482422,20.2692813873291,1183600,
2024-07-31,22.3700008392334,22.579999923706055,22.309999465942383,22.579999923706055,20.737672805786133,1495200,
2024-08-01,22.559999465942383,22.59000015258789,22.219999313354492,22.309999465942383,20.489700317382812,2002300,
2024-08-02,22.059999465942383,22.079999923706055,21.790000915527344,21.899999618530273,20.11315155029297,2740400,
2024-08-05,21.520000457763672,21.8700008392334,21.510000228881836,21.860000610351562,20.076417922973633,2372700,
2024-08-06,21.600000381469727,21.829999923706055,21.600000381469727,21.68000030517578,19.911104202270508,1634200,
2024-08-07,21.809999465942383,21.989999771118164,21.770000457763672,21.8799991607666,20.094785690307617,1050600,
2024-08-08,21.93000030517578,22.1299991607666,21.93000030517578,22.079999923706055,20.278467178344727,568700,
2024-08-09,22.239999771118164,22.239999771118164,22.1299991607666,22.209999084472656,20.397859573364258,465100,
2024-08-12,22.360000610351562,22.59000015258789,22.309999465942383,22.520000457763672,20.682567596435547,550900,
2024-08-13,22.43000030517578,22.440000534057617,22.290000915527344,22.309999465942383,20.489700317382812,374900,
2024-08-14,22.31999969482422,22.3799991607666,22.139999389648438,22.170000076293945,20.36112403869629,510000,
2024-08-15,22.309999465942383,22.459999084472656,22.299999237060547,22.350000381469727,20.526437759399414,556600,
2024-08-16,22.219999313354492,22.260000228881836,22.1200008392334,22.209999084472656,20.397859573364258,570100,
2024-08-19,22.229999542236328,22.299999237060547,22.049999237060547,22.09000015258789,20.28765106201172,557600,
2024-08-20,22.149999618530273,22.200000762939453,21.969999313354492,22.0,20.204994201660156,539300,
2024-08-21,22.06999969482422,22.110000610351562,21.809999465942383,21.889999389648438,20.10396957397461,545400,
2024-08-22,21.8700008392334,21.989999771118164,21.81999969482422,21.8700008392334,20.085603713989258,473500,
2024-08-23,22.100000381469727,22.270000457763672,22.100000381469727,22.260000228881836,20.44378089904785,727700,
2024-08-26,22.520000457763672,22.579999923706055,22.459999084472656,22.489999771118164,20.655014038085938,417200,
2024-08-27,22.450000762939453,22.469999313354492,22.360000610351562,22.3799991607666,20.55398941040039,556000,
2024-08-28,22.149999618530273,22.260000228881836,22.09000015258789,22.110000610351562,20.306018829345703,500700,
2024-08-29,22.229999542236328,22.360000610351562,22.229999542236328,22.360000610351562,20.53562355041504,458700,
2024-08-30,22.200000762939453,22.229999542236328,22.079999923706055,22.110000610351562,20.306018829345703,388900,
2024-09-03,21.75,21.75,21.610000610351562,21.670000076293945,19.901920318603516,540700,
2024-09-04,21.56999969482422,21.729999542236328,21.5,21.510000228881836,19.754974365234375,456400,
2024-09-05,21.65999984741211,21.760000228881836,21.489999771118164,21.559999465942383,19.800893783569336,593800,
2024-09-06,21.6200008392334,21.690000534057617,21.15999984741211,21.270000457763672,19.534557342529297,1176000,
2024-09-09,21.260000228881836,21.399999618530273,21.15999984741211,21.329999923706055,19.58966064453125,2390300,
2024-09-10,21.309999465942383,21.329999923706055,20.899999618530273,21.020000457763672,19.304954528808594,957600,
2024-09-11,21.190000534057617,21.280000686645508,20.93000030517578,21.209999084472656,19.479450225830078,1107600,
2024-09-12,21.420000076293945,21.649999618530273,21.360000610351562,21.6200008392334,19.855998992919922,1058600,
2024-09-13,21.709999084472656,21.799999237060547,21.579999923706055,21.65999984741211,19.892736434936523,939100,
2024-09-16,21.799999237060547,21.8700008392334,21.729999542236328,21.81999969482422,20.03968048095703,586200,
2024-09-17,21.790000915527344,22.0,21.790000915527344,21.969999313354492,20.177440643310547,889900,
2024-09-18,21.920000076293945,22.100000381469727,21.829999923706055,21.829999923706055,20.048864364624023,1002000,
2024-09-19,22.100000381469727,22.270000457763672,22.049999237060547,22.219999313354492,20.407045364379883,726700,
2024-09-20,22.15999984741211,22.25,22.100000381469727,22.219999313354492,20.407045364379883,617700,
2024-09-23,22.260000228881836,22.40999984741211,22.06999969482422,22.229999542236328,20.416229248046875,658200,
2024-09-24,22.600000381469727,22.610000610351562,22.479999542236328,22.600000381469727,20.756038665771484,775400,
2024-09-25,22.5,22.549999237060547,22.31999969482422,22.40999984741211,20.58154296875,813700,
2024-09-26,22.260000228881836,22.399999618530273,22.15999984741211,22.209999084472656,20.397859573364258,887700,
2024-09-27,22.18000030517578,22.350000381469727,22.1200008392334,22.31999969482422,20.498884201049805,649900,
2024-09-30,22.239999771118164,22.3799991607666,22.190000534057617,22.270000457763672,20.452964782714844,1042600,
2024-10-01,22.18000030517578,22.850000381469727,22.18000030517578,22.65999984741211,20.81114387512207,1154100,
2024-10-02,22.920000076293945,23.020000457763672,22.65999984741211,22.850000381469727,20.98564338684082,1089900,
2024-10-03,22.8799991607666,23.219999313354492,22.84000015258789,23.18000030517578,21.28871726989746,1126800,
2024-10-04,23.239999771118164,23.3700008392334,23.18000030517578,23.239999771118164,21.343822479248047,1060700,
2024-10-07,23.329999923706055,23.600000381469727,23.309999465942383,23.559999465942383,21.637712478637695,1330600,
2024-10-08,23.170000076293945,23.170000076293945,22.799999237060547,23.010000228881836,21.132587432861328,1115900,
2024-10-09,22.65999984741211,22.829999923706055,22.540000915527344,22.809999465942383,20.948904037475586,872400,
2024-10-10,22.940000534057617,23.280000686645508,22.90999984741211,23.260000228881836,21.36219024658203,961200,
2024-10-11,23.229999542236328,23.360000610351562,23.209999084472656,23.280000686645508,21.38055992126465,726700,
2024-10-14,22.940000534057617,23.079999923706055,22.8700008392334,22.920000076293945,21.0499324798584,842500,
2024-10-15,22.43000030517578,22.510000228881836,22.309999465942383,22.479999542236328,20.645830154418945,1113700,
2024-10-16,22.420000076293945,22.489999771118164,22.290000915527344,22.420000076293945,20.59072494506836,683800,
2024-10-17,22.31999969482422,22.450000762939453,22.25,22.450000762939453,20.61827850341797,620600,
2024-10-18,22.3700008392334,22.389999389648438,22.200000762939453,22.329999923706055,20.50806999206543,538400,
2024-10-21,22.479999542236328,22.559999465942383,22.329999923706055,22.399999618530273,20.572359085083008,640000,
2024-10-22,22.59000015258789,22.850000381469727,22.59000015258789,22.790000915527344,20.930538177490234,897300,
2024-10-23,22.690000534057617,22.760000228881836,22.579999923706055,22.65999984741211,20.81114387512207,692400,
2024-10-24,22.790000915527344,22.829999923706055,22.489999771118164,22.649999618530273,20.801959991455078,912500,
2024-10-25,22.719999313354492,22.829999923706055,22.690000534057617,22.809999465942383,20.948904037475586,739800,
2024-10-28,22.170000076293945,22.25,22.110000610351562,22.200000762939453,20.3886775970459,1002200,
2024-10-29,22.15999984741211,22.229999542236328,22.030000686645508,22.15999984741211,20.351940155029297,569300,
2024-10-30,22.25,22.440000534057617,22.219999313354492,22.440000534057617,20.609094619750977,807900,
2024-10-31,22.43000030517578,22.6200008392334,22.329999923706055,22.59000015258789,20.746854782104492,1172500,
2024-11-01,22.670000076293945,22.709999084472656,22.350000381469727,22.350000381469727,20.526437759399414,672100,
2024-11-04,22.639999389648438,22.739999771118164,22.600000381469727,22.729999542236328,20.87543296813965,616600,
2024-11-05,22.860000610351562,22.93000030517578,22.75,22.8700008392334,21.004011154174805,509300,
2024-11-06,22.360000610351562,22.739999771118164,22.329999923706055,22.6200008392334,20.7744083404541,818600,
2024-11-07,22.68000030517578,22.899999618530273,22.600000381469727,22.850000381469727,20.98564338684082,1471800,
2024-11-08,22.6299991607666,22.65999984741211,22.43000030517578,22.5,20.664199829101562,453300,
2024-11-11,22.219999313354492,22.219999313354492,22.06999969482422,22.139999389648438,20.33357048034668,1303700,
2024-11-12,22.219999313354492,22.239999771118164,22.010000228881836,22.020000457763672,20.223363876342773,612000,
2024-11-13,21.940000534057617,22.059999465942383,21.780000686645508,21.950000762939453,20.159074783325195,652100,
2024-11-14,22.1200008392334,22.1200008392334,21.889999389648438,21.93000030517578,20.140705108642578,625800,
2024-11-15,21.979999542236328,22.079999923706055,21.799999237060547,21.81999969482422,20.03968048095703,458000,
2024-11-18,22.020000457763672,22.360000610351562,22.020000457763672,22.31999969482422,20.498884201049805,651400,
2024-11-19,22.3799991607666,22.440000534057617,22.260000228881836,22.389999389648438,20.563173294067383,794800,
2024-11-20,22.459999084472656,22.489999771118164,22.329999923706055,22.3799991607666,20.55398941040039,521500,
2024-11-21,22.56999969482422,22.56999969482422,22.399999618530273,22.540000915527344,20.700937271118164,619800,
2024-11-22,22.40999984741211,22.6299991607666,22.389999389648438,22.559999465942383,20.719303131103516,534800,
2024-11-25,22.3799991607666,22.459999084472656,22.190000534057617,22.239999771118164,20.425413131713867,609800,
2024-11-26,22.360000610351562,22.489999771118164,22.1200008392334,22.239999771118164,20.425413131713867,1010500,
2024-11-27,22.15999984741211,22.280000686645508,22.040000915527344,22.1200008392334,20.315204620361328,560700,
2024-11-29,22.219999313354492,22.280000686645508,22.110000610351562,22.139999389648438,20.33357048034668,419000,
2024-12-02,22.06999969482422,22.09000015258789,21.93000030517578,21.979999542236328,20.186626434326172,563000,
2024-12-03,22.170000076293945,22.290000915527344,22.100000381469727,22.229999542236328,20.416229248046875,482300,
2024-12-04,22.270000457763672,22.280000686645508,22.040000915527344,22.110000610351562,20.306018829345703,875600,
2024-12-05,22.110000610351562,22.170000076293945,22.020000457763672,22.079999923706055,20.278467178344727,407000,
2024-12-06,21.940000534057617,21.989999771118164,21.860000610351562,21.90999984741211,20.122337341308594,437900,
2024-12-09,22.15999984741211,22.270000457763672,22.1200008392334,22.1200008392334,20.315204620361328,698400,
2024-12-10,22.1299991607666,22.260000228881836,22.1299991607666,22.170000076293945,20.36112403869629,864200,
2024-12-11,22.31999969482422,22.489999771118164,22.309999465942383,22.450000762939453,20.61827850341797,539800,
2024-12-12,22.299999237060547,22.399999618530273,22.190000534057617,22.360000610351562,20.53562355041504,360700,
2024-12-13,22.350000381469727,22.420000076293945,22.31999969482422,22.350000381469727,20.526437759399414,1165700,
2024-12-16,22.329999923706055,22.34000015258789,22.229999542236328,22.229999542236328,20.416229248046875,832900,
2024-12-17,22.049999237060547,22.100000381469727,21.93000030517578,22.079999923706055,20.278467178344727,386300,
2024-12-18,22.100000381469727,22.190000534057617,21.8700008392334,21.8799991607666,20.094785690307617,1348900,
2024-12-19,22.020000457763672,22.049999237060547,21.860000610351562,21.8799991607666,20.094785690307617,2166500,
2024-12-20,21.8700008392334,22.06999969482422,21.809999465942383,22.020000457763672,20.223363876342773,1507300,
2024-12-23,20.8700008392334,20.920000076293945,20.780000686645508,20.920000076293945,20.238842010498047,1414200,"{""dividend_amount"": 1.116}"
2024-12-24,21.020000457763672,21.100000381469727,21.0,21.040000915527344,20.354934692382812,549500,
2024-12-26,21.049999237060547,21.100000381469727,20.969999313354492,20.979999542236328,20.296886444091797,1139700,
2024-12-27,21.1299991607666,21.15999984741211,21.040000915527344,21.079999923706055,20.393630981445312,1418400,
2024-12-30,21.350000381469727,21.420000076293945,21.239999771118164,21.270000457763672,20.57744598388672,938700,
2024-12-31,21.270000457763672,21.389999389648438,21.270000457763672,21.3799991607666,20.683862686157227,778400,
2025-01-02,21.549999237060547,21.709999084472656,21.549999237060547,21.59000015258789,20.887025833129883,1027300,
2025-01-03,21.549999237060547,21.549999237060547,21.459999084472656,21.479999542236328,20.780607223510742,760000,
2025-01-06,21.6200008392334,21.719999313354492,21.489999771118164,21.520000457763672,20.819305419921875,678700,
2025-01-07,21.6299991607666,21.700000762939453,21.610000610351562,21.6200008392334,20.91604995727539,787100,
2025-01-08,21.65999984741211,21.68000030517578,21.5,21.579999923706055,20.877351760864258,425600,
2025-01-10,22.25,22.299999237060547,21.979999542236328,22.15999984741211,21.438467025756836,1089400,
2025-01-13,22.25,22.3799991607666,22.219999313354492,22.31999969482422,21.5932559967041,1281800,
2025-01-14,22.229999542236328,22.309999465942383,22.209999084472656,22.309999465942383,21.583581924438477,476300,
2025-01-15,22.43000030517578,22.690000534057617,22.420000076293945,22.670000076293945,21.931861877441406,936700,
2025-01-16,22.559999465942383,22.59000015258789,22.389999389648438,22.56999969482422,21.83511734008789,743300,
2025-01-17,22.420000076293945,22.56999969482422,22.3700008392334,22.469999313354492,21.738372802734375,699600,
2025-01-21,22.290000915527344,22.389999389648438,22.25,22.360000610351562,21.631956100463867,661300,
2025-01-22,22.34000015258789,22.399999618530273,22.299999237060547,22.34000015258789,21.612606048583984,686100,
2025-01-23,22.34000015258789,22.459999084472656,22.209999084472656,22.260000228881836,21.53521156311035,920300,
2025-01-24,22.309999465942383,22.34000015258789,22.170000076293945,22.270000457763672,21.544885635375977,532200,
2025-01-27,22.09000015258789,22.110000610351562,21.790000915527344,21.93000030517578,21.21595573425293,957900,
2025-01-28,21.959999084472656,21.979999542236328,21.850000381469727,21.950000762939453,21.235305786132812,414700,
2025-01-29,21.93000030517578,22.06999969482422,21.920000076293945,21.989999771118164,21.274002075195312,1188300,
2025-01-30,22.0,22.1299991607666,21.979999542236328,22.010000228881836,21.293350219726562,862300,
2025-01-31,21.920000076293945,22.010000228881836,21.809999465942383,21.969999313354492,21.25465202331543,1622200,
2025-02-03,22.06999969482422,22.190000534057617,21.989999771118164,22.139999389648438,21.419116973876953,1027100,
2025-02-04,21.850000381469727,22.280000686645508,21.829999923706055,22.200000762939453,21.47716522216797,1188200,
2025-02-05,22.030000686645508,22.1200008392334,21.979999542236328,22.059999465942383,21.34172248840332,629800,
2025-02-06,22.079999923706055,22.110000610351562,21.950000762939453,22.06999969482422,21.351396560668945,1111400,
2025-02-07,22.18000030517578,22.200000762939453,22.059999465942383,22.079999923706055,21.36107063293457,562700,
2025-02-10,22.260000228881836,22.40999984741211,22.260000228881836,22.399999618530273,21.670652389526367,1099800,
2025-02-11,22.540000915527344,22.6200008392334,22.520000457763672,22.56999969482422,21.83511734008789,693700,
2025-02-12,22.450000762939453,22.5,22.31999969482422,22.31999969482422,21.5932559967041,801600,
2025-02-13,22.270000457763672,22.440000534057617,22.270000457763672,22.43000030517578,21.699676513671875,717100,
2025-02-14,22.559999465942383,22.610000610351562,22.43000030517578,22.440000534057617,21.7093505859375,1174400,
2025-02-18,22.579999923706055,22.790000915527344,22.559999465942383,22.770000457763672,22.02860450744629,877300,
2025-02-19,22.959999084472656,23.010000228881836,22.829999923706055,22.950000762939453,22.20274543762207,787400,
2025-02-20,22.969999313354492,23.040000915527344,22.940000534057617,22.979999542236328,22.231767654418945,666700,
2025-02-21,22.899999618530273,22.899999618530273,22.65999984741211,22.65999984741211,21.92218589782715,809600,
2025-02-24,22.579999923706055,22.610000610351562,22.510000228881836,22.579999923706055,21.844791412353516,1058100,
2025-02-25,22.549999237060547,22.549999237060547,22.219999313354492,22.329999923706055,21.60293197631836,1015600,
2025-02-26,22.200000762939453,22.229999542236328,22.079999923706055,22.139999389648438,21.419116973876953,1308500,
2025-02-27,22.219999313354492,22.270000457763672,22.139999389648438,22.170000076293945,21.44814109802246,1174400,
2025-02-28,22.040000915527344,22.040000915527344,21.920000076293945,22.0,21.283676147460938,1814800,
2025-03-03,22.09000015258789,22.100000381469727,21.790000915527344,21.860000610351562,21.148235321044922,3041000,
2025-03-04,21.8700008392334,21.969999313354492,21.729999542236328,21.93000030517578,21.21595573425293,3014800,
2025-03-05,21.700000762939453,21.8700008392334,21.610000610351562,21.8700008392334,21.157909393310547,2521500,
2025-03-06,21.790000915527344,21.860000610351562,21.709999084472656,21.760000228881836,21.051490783691406,1985800,
2025-03-07,21.899999618530273,22.049999237060547,21.809999465942383,21.950000762939453,21.235305786132812,1133900,
2025-03-10,22.020000457763672,22.059999465942383,21.790000915527344,21.809999465942383,21.099863052368164,1741300,
2025-03-11,22.0,22.049999237060547,21.899999618530273,21.93000030517578,21.21595573425293,2474400,
2025-03-12,21.950000762939453,22.0,21.8799991607666,21.93000030517578,21.21595573425293,1231800,
2025-03-13,21.8700008392334,22.049999237060547,21.850000381469727,21.850000381469727,21.138561248779297,1719400,
2025-03-14,21.8799991607666,21.989999771118164,21.829999923706055,21.969999313354492,21.25465202331543,1467800,
2025-03-17,22.079999923706055,22.170000076293945,22.059999465942383,22.1200008392334,21.399770736694336,1707800,
2025-03-18,22.260000228881836,22.270000457763672,22.06999969482422,22.06999969482422,21.351396560668945,1660100,
2025-03-19,22.1200008392334,22.25,22.100000381469727,22.209999084472656,21.48683738708496,1297400,
2025-03-20,22.1299991607666,22.260000228881836,22.079999923706055,22.25,21.525535583496094,1301700,
2025-03-21,22.15999984741211,22.170000076293945,22.100000381469727,22.1200008392334,21.399770736694336,1352900,
2025-03-24,22.170000076293945,22.239999771118164,22.1200008392334,22.200000762939453,21.47716522216797,1766200,
2025-03-25,22.260000228881836,22.299999237060547,22.1200008392334,22.229999542236328,21.506187438964844,1124200,
2025-03-26,22.280000686645508,22.31999969482422,22.190000534057617,22.200000762939453,21.47716522216797,1089100,
2025-03-27,22.149999618530273,22.290000915527344,22.100000381469727,22.260000228881836,21.53521156311035,875200,
2025-03-28,22.239999771118164,22.239999771118164,22.079999923706055,22.190000534057617,21.467491149902344,2163300,
2025-03-31,22.360000610351562,22.549999237060547,22.270000457763672,22.5,21.767396926879883,3256000,
2025-04-01,22.549999237060547,22.579999923706055,22.459999084472656,22.510000228881836,21.777070999145508,3490500,
2025-04-02,22.459999084472656,22.65999984741211,22.459999084472656,22.649999618530273,21.912511825561523,1848300,
2025-04-03,21.700000762939453,21.829999923706055,21.690000534057617,21.739999771118164,21.032142639160156,3423800,
2025-04-04,20.8700008392334,21.06999969482422,20.610000610351562,20.950000762939453,20.267866134643555,5190200,
2025-04-07,20.700000762939453,21.260000228881836,20.56999969482422,20.6200008392334,19.948610305786133,5327500,
2025-04-08,20.809999465942383,20.860000610351562,20.09000015258789,20.15999984741211,19.50358772277832,3650800,
2025-04-09,20.010000228881836,20.950000762939453,19.84000015258789,20.889999389648438,20.20981788635254,3430100,
2025-04-10,20.579999923706055,20.68000030517578,20.43000030517578,20.6299991607666,19.958282470703125,2439800,
2025-04-11,20.6299991607666,20.969999313354492,20.6299991607666,20.93000030517578,20.248516082763672,1307900,
2025-04-14,21.020000457763672,21.030000686645508,20.809999465942383,20.940000534057617,20.258190155029297,1178200,
2025-04-15,20.889999389648438,20.959999084472656,20.799999237060547,20.889999389648438,20.20981788635254,816600,
2025-04-16,21.0,21.190000534057617,21.0,21.149999618530273,20.46135139465332,888200,
2025-04-17,21.25,21.469999313354492,21.229999542236328,21.3700008392334,20.674190521240234,1411100,
2025-04-21,21.260000228881836,21.290000915527344,21.100000381469727,21.190000534057617,20.500049591064453,1429400,
2025-04-22,21.290000915527344,21.440000534057617,21.25,21.290000915527344,20.59679412841797,793700,
2025-04-23,21.229999542236328,21.329999923706055,20.989999771118164,21.1299991607666,20.44200325012207,1443100,
2025-04-24,21.25,21.329999923706055,21.1200008392334,21.31999969482422,20.625816345214844,1256400,
2025-04-25,21.209999084472656,21.360000610351562,21.200000762939453,21.350000381469727,20.65484046936035,903200,
2025-04-28,21.290000915527344,21.299999237060547,21.139999389648438,21.229999542236328,20.538747787475586,1274000,
2025-04-29,21.079999923706055,21.139999389648438,20.959999084472656,20.959999084472656,20.277538299560547,1139000,
2025-04-30,20.81999969482422,20.8799991607666,20.549999237060547,20.56999969482422,19.900236129760742,2553900,
2025-05-01,20.56999969482422,20.760000228881836,20.489999771118164,20.670000076293945,19.996980667114258,3638200,
2025-05-02,20.81999969482422,20.84000015258789,20.639999389648438,20.760000228881836,20.08405113220215,1948100,
2025-05-05,20.729999542236328,20.770000457763672,20.579999923706055,20.639999389648438,19.967958450317383,1284200,
2025-05-06,20.979999542236328,21.06999969482422,20.920000076293945,20.950000762939453,20.267866134643555,1388200,
2025-05-07,20.899999618530273,20.899999618530273,20.65999984741211,20.690000534057617,20.01633071899414,1300700,
2025-05-08,20.809999465942383,20.959999084472656,20.809999465942383,20.959999084472656,20.277538299560547,520000,
2025-05-09,21.049999237060547,21.149999618530273,21.040000915527344,21.1200008392334,20.432329177856445,656600,
2025-05-12,21.440000534057617,21.459999084472656,21.239999771118164,21.260000228881836,20.567771911621094,1209900,
2025-05-13,21.389999389648438,21.6200008392334,21.350000381469727,21.59000015258789,20.887025833129883,445300,
2025-05-14,21.510000228881836,21.56999969482422,21.459999084472656,21.479999542236328,20.780607223510742,449600,
2025-05-15,21.260000228881836,21.309999465942383,21.1299991607666,21.270000457763672,20.57744598388672,490900,
2025-05-16,21.200000762939453,21.25,21.149999618530273,21.190000534057617,20.500049591064453,626800,
2025-05-19,21.18000030517578,21.280000686645508,21.110000610351562,21.15999984741211,20.471027374267578,683700,
2025-05-20,21.25,21.43000030517578,21.219999313354492,21.43000030517578,20.732234954833984,680000,
2025-05-21,21.540000915527344,21.549999237060547,21.389999389648438,21.399999618530273,20.70321273803711,921900,
2025-05-22,21.25,21.34000015258789,21.209999084472656,21.290000915527344,20.59679412841797,634000,
2025-05-23,21.290000915527344,21.43000030517578,21.25,21.40999984741211,20.712886810302734,444100,
2025-05-27,21.280000686645508,21.280000686645508,21.139999389648438,21.219999313354492,20.529071807861328,624700,
2025-05-28,21.309999465942383,21.34000015258789,21.149999618530273,21.149999618530273,20.46135139465332,590600,
2025-05-29,21.100000381469727,21.110000610351562,21.0,21.040000915527344,20.354934692382812,358800,
2025-05-30,20.969999313354492,20.969999313354492,20.780000686645508,20.8799991607666,20.20014190673828,419100,
2025-06-02,21.3700008392334,21.389999389648438,21.209999084472656,21.31999969482422,20.625816345214844,1477700,
2025-06-03,21.31999969482422,21.489999771118164,21.280000686645508,21.459999084472656,20.76125717163086,566700,
2025-06-04,21.5,21.520000457763672,21.270000457763672,21.3799991607666,20.683862686157227,871500,
2025-06-05,21.540000915527344,21.610000610351562,21.469999313354492,21.479999542236328,20.780607223510742,460200,
2025-06-06,21.489999771118164,21.670000076293945,21.489999771118164,21.649999618530273,20.945072174072266,1122800,
2025-06-09,21.639999389648438,21.709999084472656,21.549999237060547,21.670000076293945,20.964420318603516,737900,
2025-06-10,21.690000534057617,21.760000228881836,21.579999923706055,21.6200008392334,20.91604995727539,463600,
2025-06-11,21.75,22.030000686645508,21.75,21.969999313354492,21.25465202331543,829400,
2025-06-12,21.940000534057617,22.020000457763672,21.8799991607666,21.969999313354492,21.25465202331543,796900,
2025-06-13,22.469999313354492,22.770000457763672,22.450000762939453,22.649999618530273,21.912511825561523,1622600,
2025-06-16,22.600000381469727,22.670000076293945,22.239999771118164,22.600000381469727,21.8641414642334,2231300,
2025-06-17,22.8700008392334,23.1200008392334,22.760000228881836,23.079999923706055,22.328510284423828,1641600,
2025-06-18,23.190000534057617,23.270000457763672,22.920000076293945,23.139999389648438,22.38655662536621,1790200,
2025-06-20,23.200000762939453,23.31999969482422,23.170000076293945,23.260000228881836,22.50265121459961,989900,
2025-06-23,23.25,23.280000686645508,22.399999618530273,22.399999618530273,21.670652389526367,3334200,
2025-06-24,21.899999618530273,21.979999542236328,21.770000457763672,21.860000610351562,21.148235321044922,1732000,
2025-06-25,21.790000915527344,21.950000762939453,21.760000228881836,21.829999923706055,21.119211196899414,1541900,
2025-06-26,21.860000610351562,22.020000457763672,21.84000015258789,21.90999984741211,21.196605682373047,1288300,
2025-06-27,21.8700008392334,21.90999984741211,21.729999542236328,21.799999237060547,21.090187072753906,873200,
2025-06-30,21.809999465942383,21.8700008392334,21.760000228881836,21.809999465942383,21.099863052368164,1184000,
2025-07-01,21.84000015258789,21.940000534057617,21.780000686645508,21.93000030517578,21.21595573425293,585700,
2025-07-02,22.030000686645508,22.329999923706055,21.969999313354492,22.290000915527344,21.564233779907227,325600,
2025-07-03,22.329999923706055,22.3700008392334,22.229999542236328,22.280000686645508,21.5545597076416,202000,
2025-07-07,22.139999389648438,22.309999465942383,22.110000610351562,22.260000228881836,21.53521156311035,413100,
2025-07-08,22.260000228881836,22.43000030517578,22.229999542236328,22.329999923706055,21.60293197631836,557200,
2025-07-09,22.239999771118164,22.350000381469727,22.200000762939453,22.290000915527344,21.564233779907227,577300,
2025-07-10,22.170000076293945,22.239999771118164,22.139999389648438,22.219999313354492,21.496511459350586,347400,
2025-07-11,22.31999969482422,22.510000228881836,22.31999969482422,22.510000228881836,21.777070999145508,329700,
2025-07-14,22.520000457763672,22.520000457763672,22.309999465942383,22.31999969482422,21.5932559967041,562500,
2025-07-15,22.299999237060547,22.40999984741211,22.260000228881836,22.280000686645508,21.5545597076416,494700,
2025-07-16,22.190000534057617,22.34000015258789,22.1200008392334,22.309999465942383,21.583581924438477,313600,
2025-07-17,22.280000686645508,22.489999771118164,22.280000686645508,22.489999771118164,21.757720947265625,203300,
2025-07-18,22.719999313354492,22.809999465942383,22.520000457763672,22.530000686645508,21.796419143676758,762500,
2025-07-21,22.469999313354492,22.549999237060547,22.40999984741211,22.479999542236328,21.748046875,500600,
2025-07-22,22.3799991607666,22.469999313354492,22.350000381469727,22.440000534057617,21.7093505859375,334000,
2025-07-23,22.3700008392334,22.40999984741211,22.309999465942383,22.3799991607666,21.651302337646484,438200,
2025-07-24,22.3799991607666,22.43000030517578,22.260000228881836,22.399999618530273,21.670652389526367,347300,
2025-07-25,22.34000015258789,22.360000610351562,22.170000076293945,22.170000076293945,21.44814109802246,381900,
2025-07-28,22.360000610351562,22.399999618530273,22.270000457763672,22.399999618530273,21.670652389526367,373300,
2025-07-29,22.389999389648438,22.729999542236328,22.3799991607666,22.690000534057617,21.951210021972656,480300,
2025-07-30,22.59000015258789,22.75,22.440000534057617,22.639999389648438,21.9028377532959,1038500,
2025-07-31,22.450000762939453,22.520000457763672,22.360000610351562,22.450000762939453,21.719024658203125,656700,
2025-08-01,22.450000762939453,22.450000762939453,22.059999465942383,22.09000015258789,21.370746612548828,505900,
2025-08-04,21.940000534057617,22.1200008392334,21.90999984741211,22.010000228881836,21.293350219726562,558300,
2025-08-05,21.940000534057617,21.959999084472656,21.81999969482422,21.81999969482422,21.10953712463379,225300,
2025-08-06,22.040000915527344,22.1200008392334,21.719999313354492,21.770000457763672,21.06116485595703,530000,
2025-08-07,21.889999389648438,21.959999084472656,21.829999923706055,21.84000015258789,21.12888526916504,332800,
2025-08-08,21.90999984741211,22.0,21.760000228881836,21.84000015258789,21.12888526916504,536700,
2025-08-11,21.84000015258789,21.90999984741211,21.790000915527344,21.8700008392334,21.157909393310547,220800,
2025-08-12,21.81999969482422,21.829999923706055,21.760000228881836,21.780000686645508,21.07084083557129,201100,
2025-08-13,21.809999465942383,21.81999969482422,21.6200008392334,21.75,21.04181671142578,527100,
2025-08-14,21.790000915527344,21.850000381469727,21.729999542236328,21.84000015258789,21.12888526916504,394300,
2025-08-15,21.709999084472656,21.829999923706055,21.709999084472656,21.770000457763672,21.06116485595703,192700,
2025-08-18,21.649999618530273,21.860000610351562,21.610000610351562,21.790000915527344,21.080514907836914,658700,
2025-08-19,21.700000762939453,21.709999084472656,21.59000015258789,21.6200008392334,20.91604995727539,379700,
2025-08-20,21.770000457763672,21.8700008392334,21.75,21.860000610351562,21.148235321044922,443800,
2025-08-21,21.860000610351562,22.020000457763672,21.829999923706055,21.989999771118164,21.274002075195312,546000,
2025-08-22,21.969999313354492,22.1200008392334,21.969999313354492,22.079999923706055,21.36107063293457,252200,
2025-08-25,22.1299991607666,22.260000228881836,22.110000610351562,22.190000534057617,21.467491149902344,162400,
2025-08-26,22.049999237060547,22.1200008392334,21.989999771118164,22.020000457763672,21.30302619934082,236300,
2025-08-27,22.0,22.100000381469727,21.979999542236328,22.040000915527344,21.32237434387207,565600,
2025-08-28,22.059999465942383,22.25,21.989999771118164,22.18000030517578,21.457815170288086,147000,
2025-08-29,22.229999542236328,22.229999542236328,22.149999618530273,22.209999084472656,21.48683738708496,447500,
2025-09-02,22.40999984741211,22.59000015258789,22.34000015258789,22.56999969482422,21.83511734008789,630100,
2025-09-03,22.5,22.520000457763672,22.34000015258789,22.3700008392334,21.641630172729492,820100,
2025-09-04,22.200000762939453,22.25,22.139999389648438,22.209999084472656,21.48683738708496,414400,
2025-09-05,22.139999389648438,22.139999389648438,21.969999313354492,22.030000686645508,21.312700271606445,419100,
2025-09-08,22.200000762939453,22.209999084472656,22.079999923706055,22.18000030517578,21.457815170288086,316400,
2025-09-09,22.31999969482422,22.3799991607666,22.229999542236328,22.239999771118164,21.51586151123047,252700,
2025-09-10,22.280000686645508,22.420000076293945,22.270000457763672,22.389999389648438,21.66097640991211,282100,
2025-09-11,22.18000030517578,22.280000686645508,22.149999618530273,22.219999313354492,21.496511459350586,251100,
2025-09-12,22.389999389648438,22.459999084472656,22.329999923706055,22.350000381469727,21.62228012084961,300700,
2025-09-15,22.5,22.56999969482422,22.479999542236328,22.549999237060547,21.815767288208008,267000,
2025-09-16,22.690000534057617,22.790000915527344,22.670000076293945,22.780000686645508,22.038280487060547,195800,
2025-09-17,22.709999084472656,22.739999771118164,22.5,22.540000915527344,21.806095123291016,448000,
2025-09-18,22.549999237060547,22.579999923706055,22.389999389648438,22.440000534057617,21.7093505859375,190700,
2025-09-19,22.350000381469727,22.40999984741211,22.25,22.260000228881836,21.53521156311035,205000,
2025-09-22,22.170000076293945,22.270000457763672,22.15999984741211,22.260000228881836,21.53521156311035,325700,
2025-09-23,22.34000015258789,22.5,22.34000015258789,22.489999771118164,21.757720947265625,318500,
2025-09-24,22.559999465942383,22.65999984741211,22.520000457763672,22.639999389648438,21.9028377532959,309300,
2025-09-25,22.649999618530273,22.799999237060547,22.579999923706055,22.799999237060547,22.057626724243164,1415100,
2025-09-26,22.780000686645508,22.969999313354492,22.760000228881836,22.809999465942383,22.067302703857422,407600,
2025-09-29,22.670000076293945,22.700000762939453,22.59000015258789,22.6200008392334,21.88348960876465,192200,
2025-09-30,22.5,22.579999923706055,22.469999313354492,22.530000686645508,21.796419143676758,377300,
2025-10-01,22.34000015258789,22.520000457763672,22.299999237060547,22.489999771118164,21.757720947265625,565700,
2025-10-02,22.450000762939453,22.520000457763672,22.280000686645508,22.34000015258789,21.612606048583984,303300,
2025-10-03,22.40999984741211,22.489999771118164,22.389999389648438,22.40999984741211,21.680326461791992,356900,
2025-10-06,22.549999237060547,22.65999984741211,22.549999237060547,22.639999389648438,21.9028377532959,179600,
2025-10-07,22.6200008392334,22.729999542236328,22.56999969482422,22.729999542236328,21.989906311035156,241800,
2025-10-08,22.760000228881836,22.84000015258789,22.729999542236328,22.760000228881836,22.018930435180664,292500,
2025-10-09,22.850000381469727,22.850000381469727,22.520000457763672,22.549999237060547,21.815767288208008,168400,
2025-10-10,22.360000610351562,22.40999984741211,22.040000915527344,22.06999969482422,21.351396560668945,464200,
2025-10-13,22.299999237060547,22.3799991607666,22.229999542236328,22.350000381469727,21.62228012084961,282700,
2025-10-14,22.059999465942383,22.200000762939453,22.020000457763672,22.100000381469727,21.380420684814453,205300,
2025-10-15,22.209999084472656,22.229999542236328,22.100000381469727,22.18000030517578,21.457815170288086,164500,
2025-10-16,22.219999313354492,22.31999969482422,22.09000015258789,22.139999389648438,21.419116973876953,279200,
2025-10-17,22.1299991607666,22.15999984741211,22.040000915527344,22.1200008392334,21.399770736694336,1650600,
2025-10-20,22.15999984741211,22.34000015258789,22.15999984741211,22.34000015258789,21.612606048583984,185200,
2025-10-21,22.170000076293945,22.209999084472656,21.979999542236328,22.110000610351562,21.390094757080078,534200,
2025-10-22,22.270000457763672,22.520000457763672,22.239999771118164,22.459999084472656,21.728696823120117,397200,
2025-10-23,22.790000915527344,22.959999084472656,22.790000915527344,22.84000015258789,22.096324920654297,472300,
2025-10-24,22.860000610351562,22.959999084472656,22.84000015258789,22.850000381469727,22.106000900268555,268900,
2025-10-27,22.850000381469727,22.889999389648438,22.780000686645508,22.799999237060547,22.057626724243164,294900,
2025-10-28,22.6299991607666,22.700000762939453,22.579999923706055,22.59000015258789,21.85446548461914,181200,
2025-10-29,22.719999313354492,22.850000381469727,22.690000534057617,22.709999084472656,21.970558166503906,191000,
2025-10-30,22.6299991607666,22.790000915527344,22.549999237060547,22.719999313354492,21.98023223876953,183000,
2025-10-31,22.829999923706055,22.899999618530273,22.760000228881836,22.8799991607666,22.13502311706543,611000,
2025-11-03,22.959999084472656,23.06999969482422,22.84000015258789,23.049999237060547,22.299488067626953,786100,
2025-11-04,22.829999923706055,22.969999313354492,22.770000457763672,22.889999389648438,22.144697189331055,480200,
2025-11-05,22.8799991607666,22.989999771118164,22.799999237060547,22.81999969482422,22.076976776123047,375600,
2025-11-06,22.84000015258789,22.8799991607666,22.729999542236328,22.850000381469727,22.106000900268555,556000,
2025-11-07,22.93000030517578,22.940000534057617,22.809999465942383,22.899999618530273,22.15437126159668,305600,
2025-11-10,23.030000686645508,23.15999984741211,22.950000762939453,23.149999618530273,22.39623260498047,254400,
2025-11-11,23.200000762939453,23.31999969482422,23.200000762939453,23.299999237060547,22.54134750366211,268300,
2025-11-12,23.110000610351562,23.1299991607666,23.0,23.040000915527344,22.289813995361328,808900,
2025-11-13,23.09000015258789,23.139999389648438,22.920000076293945,22.920000076293945,22.173721313476562,291100,
2025-11-14,22.950000762939453,23.100000381469727,22.8799991607666,22.969999313354492,22.222091674804688,787700,
2025-11-17,22.950000762939453,23.049999237060547,22.920000076293945,22.940000534057617,22.193069458007812,353400,
2025-11-18,22.969999313354492,23.149999618530273,22.889999389648438,23.1299991607666,22.376882553100586,352200,
2025-11-19,22.940000534057617,22.969999313354492,22.799999237060547,22.899999618530273,22.15437126159668,965000,
2025-11-20,22.989999771118164,22.989999771118164,22.670000076293945,22.68000030517578,21.94153594970703,287000,
2025-11-21,22.510000228881836,22.600000381469727,22.40999984741211,22.530000686645508,21.796419143676758,528600,
2025-11-24,22.450000762939453,22.65999984741211,22.399999618530273,22.639999389648438,21.9028377532959,516300,
2025-11-25,22.469999313354492,22.559999465942383,22.3700008392334,22.520000457763672,21.786745071411133,224600,
2025-11-26,22.56999969482422,22.790000915527344,22.56999969482422,22.760000228881836,22.018930435180664,983400,
2025-11-28,22.940000534057617,23.09000015258789,22.920000076293945,23.059999465942383,22.309162139892578,236100,
2025-12-01,23.110000610351562,23.15999984741211,23.06999969482422,23.1200008392334,22.367210388183594,679600,
2025-12-02,23.06999969482422,23.1200008392334,22.979999542236328,23.020000457763672,22.270465850830078,525000,
2025-12-03,23.149999618530273,23.200000762939453,23.06999969482422,23.1299991607666,22.376882553100586,140800,
2025-12-04,23.1200008392334,23.219999313354492,23.049999237060547,23.190000534057617,22.4349308013916,195700,
2025-12-05,23.299999237060547,23.440000534057617,23.299999237060547,23.329999923706055,22.570371627807617,502700,
2025-12-08,23.170000076293945,23.190000534057617,23.040000915527344,23.040000915527344,22.289813995361328,784600,
2025-12-09,23.030000686645508,23.040000915527344,22.950000762939453,22.989999771118164,22.24144172668457,294700,
2025-12-10,22.979999542236328,23.15999984741211,22.93000030517578,23.1299991607666,22.376882553100586,387200,
2025-12-11,22.950000762939453,23.1200008392334,22.950000762939453,23.110000610351562,22.357534408569336,534800,
2025-12-12,23.1200008392334,23.1200008392334,22.860000610351562,22.920000076293945,22.173721313476562,425800,
2025-12-15,22.8799991607666,22.899999618530273,22.729999542236328,22.809999465942383,22.067302703857422,252700,
2025-12-16,22.649999618530273,22.68000030517578,22.559999465942383,22.579999923706055,21.844791412353516,392500,
2025-12-17,22.739999771118164,22.860000610351562,22.709999084472656,22.850000381469727,22.106000900268555,504000,
2025-12-18,22.790000915527344,22.84000015258789,22.670000076293945,22.690000534057617,21.951210021972656,211500,
2025-12-19,22.770000457763672,22.8799991607666,22.719999313354492,22.850000381469727,22.106000900268555,282700,
2025-12-22,22.3799991607666,22.40999984741211,22.34000015258789,22.389999389648438,22.389999389648438,511600,"{""dividend_amount"": 0.744}"
2025-12-23,22.479999542236328,22.649999618530273,22.420000076293945,22.639999389648438,22.639999389648438,642400,
2025-12-24,22.670000076293945,22.670000076293945,22.559999465942383,22.6299991607666,22.6299991607666,362800,
2025-12-26,22.709999084472656,22.760000228881836,22.6299991607666,22.700000762939453,22.700000762939453,686500,
2025-12-29,22.59000015258789,22.610000610351562,22.469999313354492,22.489999771118164,22.489999771118164,539300,
2025-12-30,22.719999313354492,22.729999542236328,22.6200008392334,22.639999389648438,22.639999389648438,597600,
2025-12-31,22.520000457763672,22.559999465942383,22.350000381469727,22.360000610351562,22.360000610351562,931400,
