timestamp,open,high,low,close,adjusted_close,volume,corporate_action
2021-09-29,50.31999969482422,50.459999084472656,49.959999084472656,49.97999954223633,44.43754577636719,43140500,
2021-09-30,50.560001373291016,50.7400016784668,50.279998779296875,50.380001068115234,44.79319381713867,66460100,
2021-10-01,50.369998931884766,50.5099983215332,49.880001068115234,50.33000183105469,44.74874496459961,45259100,
2021-10-04,49.90999984741211,49.95000076293945,49.279998779296875,49.59000015258789,44.090797424316406,43597100,
2021-10-05,49.72999954223633,50.130001068115234,49.68000030517578,49.939998626708984,44.40199279785156,28761900,
2021-10-06,49.20000076293945,49.709999084472656,49.11000061035156,49.65999984741211,44.153038024902344,57466000,
2021-10-07,50.369998931884766,50.869998931884766,50.33000183105469,50.630001068115234,45.01546859741211,60345100,
2021-10-08,50.7599983215332,50.90999984741211,50.63999938964844,50.81999969482422,45.18440246582031,24990600,
2021-10-11,51.06999969482422,51.22999954223633,50.70000076293945,50.720001220703125,45.09548568725586,26808200,
2021-10-12,50.75,50.81999969482422,50.41999816894531,50.459999084472656,44.864322662353516,29309400,
2021-10-13,50.93000030517578,51.2599983215332,50.790000915527344,51.15999984741211,45.4867057800293,35305500,
2021-10-14,51.43000030517578,51.47999954223633,51.13999938964844,51.31999969482422,45.62895202636719,23980900,
2021-10-15,51.630001068115234,52.029998779296875,51.52000045776367,51.939998626708984,46.18020248413086,41223700,
2021-10-18,51.61000061035156,51.959999084472656,51.56999969482422,51.810001373291016,46.06462097167969,26239000,
2021-10-19,52.209999084472656,52.560001373291016,52.130001068115234,52.5,46.678096771240234,40639700,
2021-10-20,52.619998931884766,52.619998931884766,52.369998931884766,52.4900016784668,46.669212341308594,27540300,
2021-10-21,52.09000015258789,52.220001220703125,51.9900016784668,52.150001525878906,46.36691665649414,35404000,
2021-10-22,52.209999084472656,52.41999816894531,51.849998474121094,52.040000915527344,46.26911544799805,51231000,
2021-10-25,52.279998779296875,52.38999938964844,52.02000045776367,52.310001373291016,46.50917053222656,32479900,
2021-10-26,52.439998626708984,52.5,51.95000076293945,52.040000915527344,46.26911544799805,32195200,
2021-10-27,51.720001220703125,51.970001220703125,51.56999969482422,51.619998931884766,45.895687103271484,32422100,
2021-10-28,51.38999938964844,51.66999816894531,51.25,51.66999816894531,45.94013977050781,27363500,
2021-10-29,50.9900016784668,51.06999969482422,50.650001525878906,50.91999816894531,45.273311614990234,51488900,
2021-11-01,50.88999938964844,51.34000015258789,50.849998474121094,51.31999969482422,45.62895202636719,31197400,
2021-11-02,50.95000076293945,50.97999954223633,50.779998779296875,50.86000061035156,45.219970703125,34098000,
2021-11-03,50.79999923706055,51.18000030517578,50.619998931884766,51.099998474121094,45.433349609375,49350800,
2021-11-04,51.209999084472656,51.2400016784668,50.79999923706055,50.97999954223633,45.326656341552734,23722200,
2021-11-05,51.15999984741211,51.18000030517578,50.75,50.91999816894531,45.273311614990234,23969900,
2021-11-08,51.279998779296875,51.45000076293945,51.220001220703125,51.38999938964844,45.69119644165039,23735200,
2021-11-09,51.41999816894531,51.58000183105469,51.099998474121094,51.189998626708984,45.51337432861328,28482200,
2021-11-10,51.310001373291016,51.529998779296875,50.86000061035156,50.97999954223633,45.326656341552734,36032600,
2021-11-11,51.650001525878906,52.0,51.63999938964844,51.86000061035156,46.10906982421875,55636800,
2021-11-12,51.849998474121094,52.060001373291016,51.779998779296875,52.0,46.23354721069336,31956200,
2021-11-15,52.119998931884766,52.13999938964844,51.779998779296875,51.83000183105469,46.082401275634766,31610700,
2021-11-16,51.90999984741211,52.0099983215332,51.709999084472656,51.900001525878906,46.14463424682617,32898900,
2021-11-17,51.959999084472656,51.97999954223633,51.47999954223633,51.630001068115234,45.904579162597656,22601900,
2021-11-18,51.119998931884766,51.13999938964844,50.75,51.0,45.34444808959961,36719300,
2021-11-19,51.060001373291016,51.22999954223633,50.88999938964844,50.91999816894531,45.273311614990234,36975700,
2021-11-22,50.849998474121094,50.9900016784668,50.4900016784668,50.5099983215332,44.908775329589844,37116100,
2021-11-23,50.52000045776367,50.709999084472656,50.2400016784668,50.459999084472656,44.864322662353516,38638200,
2021-11-24,50.13999938964844,50.400001525878906,50.02000045776367,50.38999938964844,44.80208969116211,32810400,
2021-11-26,49.06999969482422,49.11000061035156,48.5099983215332,48.70000076293945,43.29949188232422,58023300,
2021-11-29,49.209999084472656,49.220001220703125,48.72999954223633,48.88999938964844,43.46842575073242,44405000,
2021-11-30,48.88999938964844,49.16999816894531,48.349998474121094,48.84000015258789,43.423973083496094,81647500,
2021-12-01,49.61000061035156,49.97999954223633,48.9900016784668,49.02000045776367,43.58401107788086,52613200,
2021-12-02,49.61000061035156,49.970001220703125,49.349998474121094,49.619998931884766,44.117469787597656,73971400,
2021-12-03,49.560001373291016,49.650001525878906,48.709999084472656,48.91999816894531,43.49510192871094,79115000,
2021-12-06,48.880001068115234,49.33000183105469,48.66999816894531,49.29999923706055,43.83296203613281,54871300,
2021-12-07,49.90999984741211,50.11000061035156,49.869998931884766,50.08000183105469,44.526466369628906,51825000,
2021-12-08,50.099998474121094,50.41999816894531,49.970001220703125,50.279998779296875,44.70428466796875,38176500,
2021-12-09,50.119998931884766,50.310001373291016,49.97999954223633,50.040000915527344,44.490901947021484,36476000,
2021-12-10,50.029998779296875,50.150001525878906,49.900001525878906,50.08000183105469,44.526466369628906,42011300,
2021-12-13,48.97999954223633,49.029998779296875,48.470001220703125,48.59000015258789,43.82032012939453,50773400,"{""dividend_amount"": 0.707}"
2021-12-14,48.310001373291016,48.61000061035156,48.27000045776367,48.47999954223633,43.72113037109375,42023900,
2021-12-15,48.15999984741211,48.380001068115234,47.650001525878906,48.34000015258789,43.59486770629883,57129100,
2021-12-16,48.720001220703125,48.90999984741211,48.310001373291016,48.400001525878906,43.64897918701172,60401000,
2021-12-17,48.040000915527344,48.349998474121094,47.939998626708984,48.15999984741211,43.43253707885742,55420900,
2021-12-20,47.4900016784668,47.4900016784668,47.150001525878906,47.439998626708984,42.783206939697266,40091700,
2021-12-21,47.83000183105469,48.25,47.79999923706055,48.2400016784668,43.504676818847656,31786900,
2021-12-22,48.099998474121094,48.4900016784668,48.0,48.470001220703125,43.71210479736328,27630800,
2021-12-23,48.540000915527344,48.810001373291016,48.400001525878906,48.720001220703125,43.93757247924805,22174400,
2021-12-27,48.72999954223633,49.0099983215332,48.72999954223633,48.939998626708984,44.13596725463867,27011600,
2021-12-28,48.959999084472656,49.0,48.7599983215332,48.779998779296875,43.99167251586914,24529800,
2021-12-29,48.689998626708984,48.709999084472656,48.34000015258789,48.560001373291016,43.79327392578125,27939200,
2021-12-30,48.5,49.220001220703125,48.5,49.09000015258789,44.29496383666992,34900300,"{""dividend_amount"": 0.026}"
2021-12-31,48.97999954223633,49.349998474121094,48.84000015258789,48.849998474121094,44.07840347290039,30439000,
2022-01-03,49.08000183105469,49.2599983215332,48.779998779296875,49.20000076293945,44.39421463012695,27572700,
2022-01-04,49.2599983215332,49.2599983215332,48.93000030517578,49.029998779296875,44.240814208984375,24579500,
2022-01-05,48.79999923706055,49.150001525878906,48.220001220703125,48.22999954223633,43.51896667480469,46425100,
2022-01-06,48.36000061035156,48.68000030517578,48.15999984741211,48.45000076293945,43.717472076416016,34288700,
2022-01-07,48.689998626708984,48.97999954223633,48.5,48.88999938964844,44.11449432373047,32640900,
2022-01-10,48.939998626708984,49.08000183105469,48.560001373291016,48.88999938964844,44.11449432373047,43581800,
2022-01-11,49.310001373291016,50.040000915527344,49.15999984741211,50.02000045776367,45.13412094116211,57536400,
2022-01-12,50.63999938964844,50.88999938964844,50.459999084472656,50.849998474121094,45.88304901123047,56499100,
2022-01-13,50.63999938964844,50.68000030517578,50.09000015258789,50.130001068115234,45.233375549316406,33229000,
2022-01-14,49.9900016784668,50.20000076293945,49.81999969482422,50.11000061035156,45.21532440185547,40642300,
2022-01-18,49.209999084472656,49.5,49.150001525878906,49.220001220703125,44.41225814819336,45012000,
2022-01-19,49.59000015258789,49.70000076293945,49.38999938964844,49.43000030517578,44.60175323486328,43998100,
2022-01-20,50.2599983215332,50.540000915527344,49.66999816894531,49.720001220703125,44.863426208496094,58279500,
2022-01-21,49.619998931884766,49.689998626708984,48.95000076293945,49.0,44.21375274658203,59673800,
2022-01-24,48.22999954223633,48.31999969482422,47.189998626708984,48.310001373291016,43.59115219116211,87752800,
2022-01-25,48.029998779296875,48.47999954223633,47.720001220703125,48.220001220703125,43.50994110107422,54804100,
2022-01-26,48.4900016784668,48.58000183105469,47.5099983215332,47.61000061035156,42.95952224731445,55516700,
2022-01-27,47.599998474121094,47.68000030517578,47.040000915527344,47.060001373291016,42.46324920654297,61062300,
2022-01-28,47.15999984741211,47.31999969482422,46.65999984741211,47.290000915527344,42.6707878112793,48799200,
2022-01-31,47.88999938964844,48.900001525878906,47.84000015258789,48.84000015258789,44.06937789916992,65614900,
2022-02-01,49.02000045776367,49.13999938964844,48.599998474121094,49.13999938964844,44.340084075927734,50158000,
2022-02-02,49.33000183105469,49.36000061035156,48.72999954223633,49.060001373291016,44.26789093017578,35128100,
2022-02-03,48.45000076293945,48.779998779296875,48.369998931884766,48.540000915527344,43.79868698120117,38246800,
2022-02-04,48.31999969482422,48.88999938964844,48.220001220703125,48.65999984741211,43.90696334838867,36644200,
2022-02-07,48.45000076293945,48.84000015258789,48.40999984741211,48.560001373291016,43.816734313964844,31917100,
2022-02-08,48.47999954223633,49.040000915527344,48.459999084472656,49.029998779296875,44.240814208984375,25562200,
2022-02-09,49.439998626708984,49.83000183105469,49.380001068115234,49.79999923706055,44.935611724853516,40082900,
2022-02-10,49.38999938964844,50.11000061035156,49.380001068115234,49.470001220703125,44.637847900390625,55440700,
2022-02-11,49.4900016784668,49.70000076293945,48.63999938964844,48.720001220703125,43.96110153198242,53838300,
2022-02-14,48.5099983215332,48.619998931884766,48.119998931884766,48.380001068115234,43.65431594848633,59439800,
2022-02-15,49.029998779296875,49.470001220703125,48.9900016784668,49.43000030517578,44.60175323486328,32938500,
2022-02-16,49.369998931884766,49.9900016784668,49.33000183105469,49.790000915527344,44.92658233642578,47236800,
2022-02-17,49.560001373291016,49.65999984741211,49.11000061035156,49.209999084472656,44.403236389160156,41245300,
2022-02-18,49.029998779296875,49.060001373291016,48.619998931884766,48.720001220703125,43.96110153198242,41312300,
2022-02-22,48.02000045776367,48.369998931884766,47.720001220703125,48.029998779296875,43.338497161865234,60704500,
2022-02-23,48.2400016784668,48.27000045776367,47.380001068115234,47.470001220703125,42.83319854736328,38873700,
2022-02-24,45.040000915527344,46.52000045776367,45.0099983215332,46.4900016784668,41.94892883300781,95679500,
2022-02-25,46.689998626708984,47.400001525878906,46.459999084472656,47.349998474121094,42.72492218017578,58887800,
2022-02-28,46.25,46.849998474121094,46.18000030517578,46.72999954223633,42.16548156738281,79366600,
2022-03-01,46.5,46.86000061035156,45.84000015258789,46.11000061035156,41.60604476928711,72297300,
2022-03-02,46.150001525878906,46.38999938964844,45.709999084472656,46.189998626708984,41.67823028564453,61858700,
2022-03-03,46.0099983215332,46.099998474121094,45.45000076293945,45.540000915527344,41.09172058105469,57514100,
2022-03-04,44.63999938964844,44.90999984741211,44.369998931884766,44.619998931884766,40.26157760620117,68351300,
2022-03-07,43.86000061035156,44.02000045776367,42.90999984741211,42.95000076293945,38.75471115112305,77557700,
2022-03-08,43.16999816894531,43.630001068115234,42.72999954223633,43.09000015258789,38.88103103637695,90831500,
2022-03-09,43.77000045776367,44.41999816894531,43.61000061035156,44.310001373291016,39.981868743896484,59840900,
2022-03-10,43.619998931884766,43.689998626708984,43.209999084472656,43.47999954223633,39.23293685913086,59158300,
2022-03-11,43.72999954223633,43.779998779296875,42.560001373291016,42.56999969482422,38.411827087402344,72846700,
2022-03-14,42.06999969482422,42.369998931884766,41.41999816894531,41.540000915527344,37.48243713378906,85651000,
2022-03-15,40.959999084472656,41.66999816894531,40.79999923706055,41.599998474121094,37.53656768798828,85987500,
2022-03-16,43.529998779296875,45.040000915527344,43.31999969482422,44.95000076293945,40.55935287475586,134225700,
2022-03-17,44.560001373291016,44.79999923706055,44.150001525878906,44.720001220703125,40.3518180847168,80743600,
2022-03-18,44.349998474121094,45.45000076293945,44.2400016784668,45.36000061035156,40.92929458618164,77755100,
2022-03-21,44.70000076293945,44.849998474121094,44.31999969482422,44.65999984741211,40.29768371582031,58558700,
2022-03-22,45.279998779296875,45.619998931884766,45.25,45.470001220703125,41.02855682373047,61380900,
2022-03-23,45.029998779296875,45.66999816894531,44.91999816894531,45.16999816894531,40.75786209106445,76986600,
2022-03-24,45.20000076293945,45.45000076293945,45.04999923706055,45.40999984741211,40.97441482543945,52016600,
2022-03-25,45.0,45.06999969482422,44.75,45.04999923706055,40.64958190917969,39294500,
2022-03-28,45.09000015258789,45.220001220703125,44.810001373291016,45.20000076293945,40.78492736816406,49757000,
2022-03-29,45.97999954223633,46.099998474121094,45.72999954223633,45.970001220703125,41.479713439941406,54088200,
2022-03-30,45.88999938964844,46.22999954223633,45.7400016784668,45.84000015258789,41.36241912841797,57717400,
2022-03-31,45.630001068115234,45.65999984741211,45.119998931884766,45.150001525878906,40.739810943603516,74448400,
2022-04-01,46.0099983215332,46.150001525878906,45.619998931884766,45.900001525878906,41.416561126708984,54193400,
2022-04-04,46.5,46.779998779296875,46.34000015258789,46.709999084472656,42.147430419921875,48057700,
2022-04-05,46.52000045776367,46.52000045776367,45.77000045776367,45.849998474121094,41.371437072753906,45058100,
2022-04-06,45.54999923706055,45.61000061035156,45.029998779296875,45.25,40.830047607421875,56877100,
2022-04-07,44.9900016784668,45.099998474121094,44.66999816894531,44.88999938964844,40.50520706176758,38954900,
2022-04-08,45.02000045776367,45.16999816894531,44.880001068115234,44.93000030517578,40.54130554199219,41263400,
2022-04-11,44.540000915527344,44.72999954223633,44.349998474121094,44.369998931884766,40.0359992980957,47878200,
2022-04-12,44.72999954223633,44.77000045776367,44.189998626708984,44.22999954223633,39.90967559814453,41815200,
2022-04-13,44.470001220703125,44.880001068115234,44.439998626708984,44.810001373291016,40.43302917480469,33529400,
2022-04-14,44.56999969482422,44.59000015258789,44.20000076293945,44.22999954223633,39.90967559814453,38915000,
2022-04-18,44.0,44.290000915527344,43.86000061035156,44.08000183105469,39.774330139160156,29106500,
2022-04-19,43.619998931884766,43.88999938964844,43.43000030517578,43.86000061035156,39.5758171081543,40066400,
2022-04-20,43.90999984741211,43.91999816894531,43.52000045776367,43.599998474121094,39.34121322631836,36373300,
2022-04-21,43.61000061035156,43.689998626708984,42.66999816894531,42.7599983215332,38.58326721191406,44857400,
2022-04-22,42.84000015258789,43.119998931884766,42.369998931884766,42.380001068115234,38.240386962890625,68371900,
2022-04-25,41.68000030517578,42.130001068115234,41.59000015258789,42.06999969482422,37.960662841796875,67643800,
2022-04-26,41.79999923706055,41.849998474121094,41.150001525878906,41.150001525878906,37.13053512573242,70774400,
2022-04-27,41.459999084472656,41.88999938964844,41.400001525878906,41.630001068115234,37.56364822387695,61594000,
2022-04-28,41.970001220703125,42.290000915527344,41.540000915527344,42.22999954223633,38.10503387451172,43763100,
2022-04-29,43.029998779296875,43.220001220703125,42.349998474121094,42.380001068115234,38.240386962890625,61703900,
2022-05-02,42.2599983215332,42.47999954223633,41.810001373291016,42.31999969482422,38.18624496459961,55015700,
2022-05-03,42.59000015258789,42.689998626708984,42.43000030517578,42.630001068115234,38.465965270996094,45593000,
2022-05-04,42.20000076293945,43.16999816894531,41.939998626708984,43.09000015258789,38.88103103637695,57175300,
2022-05-05,42.20000076293945,42.27000045776367,41.119998931884766,41.5,37.44634246826172,63268900,
2022-05-06,41.11000061035156,41.2400016784668,40.689998626708984,40.93000030517578,36.9320182800293,67425600,
2022-05-09,40.189998626708984,40.40999984741211,39.720001220703125,39.75,35.86727523803711,83251500,
2022-05-10,40.349998474121094,40.400001525878906,39.59000015258789,39.939998626708984,36.03872299194336,69865000,
2022-05-11,40.209999084472656,40.52000045776367,39.630001068115234,39.65999984741211,35.786067962646484,75198500,
2022-05-12,39.25,39.75,38.95000076293945,39.400001525878906,35.55146408081055,73481300,
2022-05-13,39.84000015258789,40.5,39.810001373291016,40.4900016784668,36.53499984741211,49196100,
2022-05-16,40.189998626708984,40.5,40.099998474121094,40.33000183105469,36.390628814697266,32425000,
2022-05-17,41.400001525878906,41.45000076293945,40.9900016784668,41.31999969482422,37.2839241027832,49516400,
2022-05-18,41.029998779296875,41.20000076293945,40.27000045776367,40.33000183105469,36.390628814697266,53296300,
2022-05-19,40.4900016784668,41.150001525878906,40.4900016784668,40.970001220703125,36.968109130859375,55163500,
2022-05-20,41.40999984741211,41.560001373291016,40.59000015258789,41.13999938964844,37.12150573730469,59025400,
2022-05-23,41.38999938964844,41.56999969482422,41.18000030517578,41.45000076293945,37.40122604370117,36619400,
2022-05-24,40.810001373291016,40.84000015258789,40.349998474121094,40.72999954223633,36.751548767089844,46400400,
2022-05-25,40.619998931884766,41.029998779296875,40.54999923706055,40.93000030517578,36.9320182800293,37863200,
2022-05-26,40.86000061035156,41.66999816894531,40.86000061035156,41.56999969482422,37.50950241088867,51355800,
2022-05-27,41.86000061035156,42.06999969482422,41.72999954223633,42.04999923706055,37.94261169433594,31262900,
2022-05-31,43.130001068115234,43.13999938964844,42.63999938964844,42.63999938964844,38.47498321533203,72069000,
2022-06-01,42.90999984741211,42.959999084472656,42.15999984741211,42.34000015258789,38.20429229736328,40495600,
2022-06-02,42.5099983215332,43.09000015258789,42.400001525878906,43.06999969482422,38.86298751831055,44322300,
2022-06-03,42.65999984741211,42.66999816894531,42.27000045776367,42.369998931884766,38.23135757446289,39337000,
2022-06-06,43.130001068115234,43.22999954223633,42.4900016784668,42.599998474121094,38.43889617919922,43126000,
2022-06-07,42.34000015258789,42.77000045776367,42.27000045776367,42.72999954223633,38.55619430541992,57455300,
2022-06-08,42.939998626708984,43.130001068115234,42.779998779296875,42.959999084472656,38.763729095458984,43591800,
2022-06-09,42.220001220703125,42.310001373291016,41.560001373291016,41.59000015258789,37.846458435058594,53116000,"{""dividend_amount"": 0.362}"
2022-06-10,41.5,41.58000183105469,41.029998779296875,41.130001068115234,37.4278678894043,44176700,
2022-06-13,40.060001373291016,40.310001373291016,39.529998779296875,39.689998626708984,36.11747360229492,67647000,
2022-06-14,40.099998474121094,40.40999984741211,39.9900016784668,40.2400016784668,36.61797332763672,58868400,
2022-06-15,40.380001068115234,41.04999923706055,40.15999984741211,40.77000045776367,37.10026931762695,67577900,
2022-06-16,39.54999923706055,39.720001220703125,39.2599983215332,39.52000045776367,35.9627799987793,68035800,
2022-06-17,39.95000076293945,40.04999923706055,39.41999816894531,39.66999816894531,36.099281311035156,63646300,
2022-06-21,40.2400016784668,40.47999954223633,40.18000030517578,40.310001373291016,36.681678771972656,35943900,
2022-06-22,39.47999954223633,39.849998474121094,39.40999984741211,39.59000015258789,36.0264778137207,41337900,
2022-06-23,39.709999084472656,39.91999816894531,39.36000061035156,39.709999084472656,36.135677337646484,44261600,
2022-06-24,40.16999816894531,40.68000030517578,40.099998474121094,40.650001525878906,36.99107360839844,41176300,
2022-06-27,40.91999816894531,40.939998626708984,40.630001068115234,40.70000076293945,37.03657531738281,27076400,
2022-06-28,41.029998779296875,41.189998626708984,40.41999816894531,40.45000076293945,36.809078216552734,31095700,
2022-06-29,40.36000061035156,40.45000076293945,40.15999984741211,40.290000915527344,36.66347122192383,33969200,
2022-06-30,39.75,40.189998626708984,39.5099983215332,40.099998474121094,36.49057388305664,52233200,
2022-07-01,39.619998931884766,39.86000061035156,39.369998931884766,39.849998474121094,36.26307678222656,44010400,
2022-07-05,39.029998779296875,39.540000915527344,38.869998931884766,39.540000915527344,35.98097610473633,49452600,
2022-07-06,39.25,39.40999984741211,38.959999084472656,39.29999923706055,35.7625846862793,36060300,
2022-07-07,39.84000015258789,40.27000045776367,39.83000183105469,40.09000015258789,36.481475830078125,56831500,
2022-07-08,39.959999084472656,40.2599983215332,39.810001373291016,40.09000015258789,36.481475830078125,20993400,
2022-07-11,39.18000030517578,39.22999954223633,38.86000061035156,39.02000045776367,35.507789611816406,52682500,
2022-07-12,38.86000061035156,39.06999969482422,38.68000030517578,38.869998931884766,35.37128448486328,24669600,
2022-07-13,38.29999923706055,38.9900016784668,38.29999923706055,38.779998779296875,35.289390563964844,39435300,
2022-07-14,38.369998931884766,38.5,38.04999923706055,38.43000030517578,34.97089385986328,43245400,
2022-07-15,38.45000076293945,38.66999816894531,38.119998931884766,38.630001068115234,35.152889251708984,44468400,
2022-07-18,39.2400016784668,39.439998626708984,38.84000015258789,38.900001525878906,35.398590087890625,38982900,
2022-07-19,39.349998474121094,39.58000183105469,39.27000045776367,39.540000915527344,35.98097610473633,33006200,
2022-07-20,39.38999938964844,39.5,39.189998626708984,39.369998931884766,35.8262825012207,38969800,
2022-07-21,39.5,39.84000015258789,39.43000030517578,39.81999969482422,36.235774993896484,36814900,
2022-07-22,39.72999954223633,39.810001373291016,39.2400016784668,39.41999816894531,35.87178039550781,25611800,
2022-07-25,39.4900016784668,39.599998474121094,39.38999938964844,39.560001373291016,35.999183654785156,21653200,
2022-07-26,39.56999969482422,39.66999816894531,39.18000030517578,39.25,35.71709060668945,22891400,
2022-07-27,39.56999969482422,40.08000183105469,39.40999984741211,39.97999954223633,36.38137435913086,37678900,
2022-07-28,40.040000915527344,40.209999084472656,39.59000015258789,40.150001525878906,36.53607940673828,37796700,
2022-07-29,39.630001068115234,39.9900016784668,39.45000076293945,39.959999084472656,36.36317443847656,54050700,
2022-08-01,39.54999923706055,39.90999984741211,39.310001373291016,39.619998931884766,36.05378723144531,34808000,
2022-08-02,39.27000045776367,39.849998474121094,39.18000030517578,39.43000030517578,35.88087844848633,41014300,
2022-08-03,39.4900016784668,39.81999969482422,39.33000183105469,39.7400016784668,36.16297912597656,34939500,
2022-08-04,40.0,40.13999938964844,39.86000061035156,40.02000045776367,36.41777801513672,31865200,
2022-08-05,39.77000045776367,40.119998931884766,39.7400016784668,40.060001373291016,36.45417404174805,28488300,
2022-08-08,40.130001068115234,40.349998474121094,40.02000045776367,40.11000061035156,36.49967956542969,39087300,
2022-08-09,40.150001525878906,40.209999084472656,39.880001068115234,39.959999084472656,36.36317443847656,22828600,
2022-08-10,40.22999954223633,40.5,40.08000183105469,40.459999084472656,36.81816482543945,27028200,
2022-08-11,40.790000915527344,41.20000076293945,40.540000915527344,40.619998931884766,36.963768005371094,39235300,
2022-08-12,40.619998931884766,41.06999969482422,40.599998474121094,41.04999923706055,37.355064392089844,24877900,
2022-08-15,40.689998626708984,40.939998626708984,40.65999984741211,40.86000061035156,37.182167053222656,29734500,
2022-08-16,40.7599983215332,40.959999084472656,40.720001220703125,40.849998474121094,37.173065185546875,20907000,
2022-08-17,40.650001525878906,40.880001068115234,40.560001373291016,40.68000030517578,37.018375396728516,34206700,
2022-08-18,40.529998779296875,40.560001373291016,40.2599983215332,40.45000076293945,36.809078216552734,30611900,
2022-08-19,40.08000183105469,40.119998931884766,39.779998779296875,39.900001525878906,36.3085823059082,36042800,
2022-08-22,39.58000183105469,39.70000076293945,39.5099983215332,39.54999923706055,35.99008560180664,26934100,
2022-08-23,39.59000015258789,39.91999816894531,39.5099983215332,39.7599983215332,36.181182861328125,33028200,
2022-08-24,39.439998626708984,39.9900016784668,39.40999984741211,39.75,36.172080993652344,23561600,
2022-08-25,40.18000030517578,40.619998931884766,40.099998474121094,40.61000061035156,36.954673767089844,44653100,
2022-08-26,40.91999816894531,40.959999084472656,39.970001220703125,40.0099983215332,36.40867614746094,41080900,
2022-08-29,39.83000183105469,40.06999969482422,39.75,39.7599983215332,36.181182861328125,22689800,
2022-08-30,39.88999938964844,39.900001525878906,39.13999938964844,39.290000915527344,35.75348663330078,34508600,
2022-08-31,39.66999816894531,39.84000015258789,39.400001525878906,39.43000030517578,35.88087844848633,37142200,
2022-09-01,39.04999923706055,39.130001068115234,38.720001220703125,39.119998931884766,35.598785400390625,38353400,
2022-09-02,39.04999923706055,39.220001220703125,38.66999816894531,38.7599983215332,35.271183013916016,35916900,
2022-09-06,38.619998931884766,38.68000030517578,38.27000045776367,38.29999923706055,34.85259246826172,50091500,
2022-09-07,38.119998931884766,38.650001525878906,38.08000183105469,38.63999938964844,35.161991119384766,39074600,
2022-09-08,38.2400016784668,38.470001220703125,38.119998931884766,38.43000030517578,34.97089385986328,55415100,
2022-09-09,38.779998779296875,39.09000015258789,38.77000045776367,39.0,35.489585876464844,26119600,
2022-09-12,39.369998931884766,39.63999938964844,39.27000045776367,39.58000183105469,36.01737976074219,41791000,
2022-09-13,38.810001373291016,38.970001220703125,38.290000915527344,38.36000061035156,34.90719985961914,44191300,
2022-09-14,38.599998474121094,38.66999816894531,38.38999938964844,38.54999923706055,35.08009338378906,37146200,
2022-09-15,38.27000045776367,38.52000045776367,38.06999969482422,38.13999938964844,34.70699691772461,47618900,
2022-09-16,37.779998779296875,37.90999984741211,37.61000061035156,37.790000915527344,34.38850402832031,67125000,
2022-09-19,37.47999954223633,37.939998626708984,37.459999084472656,37.90999984741211,34.49769592285156,33531700,
2022-09-20,37.72999954223633,37.869998931884766,37.560001373291016,37.70000076293945,34.30659866333008,36967300,
2022-09-21,37.47999954223633,37.720001220703125,37.02000045776367,37.06999969482422,33.733306884765625,62370500,
2022-09-22,37.04999923706055,37.150001525878906,36.810001373291016,36.88999938964844,33.56950759887695,41989200,
2022-09-23,36.209999084472656,36.2599983215332,35.79999923706055,35.97999954223633,32.74142074584961,49807100,
2022-09-26,35.7599983215332,35.959999084472656,35.470001220703125,35.540000915527344,32.341026306152344,53011900,
2022-09-27,35.779998779296875,36.029998779296875,35.34000015258789,35.5,32.304622650146484,47114100,
2022-09-28,35.27000045776367,35.900001525878906,35.189998626708984,35.810001373291016,32.58671951293945,49946800,
2022-09-29,35.18000030517578,35.20000076293945,34.720001220703125,35.0099983215332,31.85873031616211,43114100,
2022-09-30,34.91999816894531,35.25,34.849998474121094,34.880001068115234,31.74043083190918,50082400,
2022-10-03,35.119998931884766,35.540000915527344,34.959999084472656,35.45000076293945,32.259124755859375,41489700,
2022-10-04,36.20000076293945,36.720001220703125,36.16999816894531,36.61000061035156,33.31471252441406,51598600,
2022-10-05,36.5099983215332,36.7599983215332,36.25,36.630001068115234,33.33291244506836,30037200,
2022-10-06,36.5099983215332,36.720001220703125,36.380001068115234,36.40999984741211,33.132713317871094,29747200,
2022-10-07,36.06999969482422,36.130001068115234,35.59000015258789,35.650001525878906,32.441123962402344,35957400,
2022-10-10,35.41999816894531,35.439998626708984,35.02000045776367,35.150001525878906,31.986133575439453,31109900,
2022-10-11,34.7599983215332,35.0099983215332,34.47999954223633,34.59000015258789,31.47653579711914,46679000,
2022-10-12,34.619998931884766,34.810001373291016,34.5099983215332,34.630001068115234,31.5129337310791,42471500,
2022-10-13,33.75,34.91999816894531,33.66999816894531,34.72999954223633,31.603931427001953,51431200,
2022-10-14,34.95000076293945,34.959999084472656,34.18000030517578,34.209999084472656,31.130733489990234,33384600,
2022-10-17,34.90999984741211,35.27000045776367,34.90999984741211,35.150001525878906,31.986133575439453,51122100,
2022-10-18,35.4900016784668,35.56999969482422,34.900001525878906,35.15999984741211,31.99522590637207,33911100,
2022-10-19,34.61000061035156,34.810001373291016,34.38999938964844,34.52000045776367,31.412832260131836,31393700,
2022-10-20,34.77000045776367,35.279998779296875,34.70000076293945,34.7400016784668,31.6130313873291,44240000,
2022-10-21,34.65999984741211,35.310001373291016,34.529998779296875,35.27000045776367,32.09532928466797,43879500,
2022-10-24,33.970001220703125,34.0099983215332,33.4900016784668,33.93000030517578,30.87594223022461,55046000,
2022-10-25,33.97999954223633,34.279998779296875,33.95000076293945,34.209999084472656,31.130733489990234,31871500,
2022-10-26,34.310001373291016,35.08000183105469,34.310001373291016,34.77000045776367,31.640329360961914,37973800,
2022-10-27,34.529998779296875,34.849998474121094,34.459999084472656,34.5,31.394634246826172,34227600,
2022-10-28,34.029998779296875,34.33000183105469,33.95000076293945,34.290000915527344,31.203536987304688,46296700,
2022-10-31,33.91999816894531,34.27000045776367,33.91999816894531,34.189998626708984,31.112539291381836,44107400,
2022-11-01,35.099998474121094,35.150001525878906,34.70000076293945,34.81999969482422,31.685832977294922,50932800,
2022-11-02,34.900001525878906,35.31999969482422,34.5,34.529998779296875,31.421932220458984,47639100,
2022-11-03,34.29999923706055,34.84000015258789,34.279998779296875,34.72999954223633,31.603931427001953,38319300,
2022-11-04,36.029998779296875,36.20000076293945,35.66999816894531,36.20000076293945,32.94161605834961,70533600,
2022-11-07,36.43000030517578,36.5099983215332,36.09000015258789,36.220001220703125,32.95982360839844,38404800,
2022-11-08,36.290000915527344,36.66999816894531,36.15999984741211,36.47999954223633,33.196414947509766,36282400,
2022-11-09,36.209999084472656,36.380001068115234,35.79999923706055,35.849998474121094,32.62311935424805,34148700,
2022-11-10,36.81999969482422,37.18000030517578,36.66999816894531,37.150001525878906,33.80610656738281,53986900,
2022-11-11,37.869998931884766,38.209999084472656,37.779998779296875,38.15999984741211,34.72519302368164,52270400,
2022-11-14,37.95000076293945,38.20000076293945,37.779998779296875,37.93000030517578,34.515899658203125,42158100,
2022-11-15,39.119998931884766,39.15999984741211,38.540000915527344,38.79999923706055,35.307594299316406,77069300,
2022-11-16,38.470001220703125,38.52000045776367,38.119998931884766,38.18000030517578,34.74338912963867,49376500,
2022-11-17,37.4900016784668,38.29999923706055,37.47999954223633,38.25,34.80709457397461,56473600,
2022-11-18,38.13999938964844,38.150001525878906,37.849998474121094,38.029998779296875,34.60689926147461,45040200,
2022-11-21,37.540000915527344,37.630001068115234,37.349998474121094,37.54999923706055,34.170101165771484,29250900,
2022-11-22,37.459999084472656,37.650001525878906,37.38999938964844,37.63999938964844,34.25200271606445,33677500,
2022-11-23,37.689998626708984,37.97999954223633,37.68000030517578,37.95000076293945,34.53409194946289,43490300,
2022-11-25,37.84000015258789,37.880001068115234,37.7400016784668,37.77000045776367,34.370304107666016,19986900,
2022-11-28,37.59000015258789,38.0,37.59000015258789,37.599998474121094,34.215599060058594,45015900,
2022-11-29,38.400001525878906,38.58000183105469,38.310001373291016,38.40999984741211,34.95269012451172,50909500,
2022-11-30,39.2400016784668,39.68000030517578,38.97999954223633,39.52000045776367,35.9627799987793,103403400,
2022-12-01,39.630001068115234,39.709999084472656,39.25,39.38999938964844,35.844486236572266,50195900,
2022-12-02,39.0099983215332,39.65999984741211,39.0099983215332,39.540000915527344,35.98097610473633,47593700,
2022-12-05,39.529998779296875,39.54999923706055,38.9900016784668,39.09000015258789,35.57149124145508,62268800,
2022-12-06,39.2400016784668,39.290000915527344,38.939998626708984,39.040000915527344,35.5259895324707,31558200,
2022-12-07,38.75,38.959999084472656,38.68000030517578,38.810001373291016,35.31669235229492,46263200,
2022-12-08,39.189998626708984,39.400001525878906,39.060001373291016,39.279998779296875,35.744384765625,41138200,
2022-12-09,39.349998474121094,39.40999984741211,39.02000045776367,39.02000045776367,35.507789611816406,48742700,
2022-12-12,38.880001068115234,38.900001525878906,38.56999969482422,38.900001525878906,35.398590087890625,41524600,
2022-12-13,39.11000061035156,39.209999084472656,38.5099983215332,38.59000015258789,35.6517333984375,60886900,"{""dividend_amount"": 0.584}"
2022-12-14,38.599998474121094,38.79999923706055,38.310001373291016,38.61000061035156,35.670204162597656,62300900,
2022-12-15,38.31999969482422,38.45000076293945,37.689998626708984,37.720001220703125,34.84796905517578,48081300,
2022-12-16,37.900001525878906,38.06999969482422,37.77000045776367,37.83000183105469,34.9495964050293,48065200,
2022-12-19,38.11000061035156,38.11000061035156,37.790000915527344,37.86000061035156,34.97731018066406,22995200,
2022-12-20,37.72999954223633,38.0,37.689998626708984,37.849998474121094,34.96807098388672,25688000,
2022-12-21,37.790000915527344,38.189998626708984,37.709999084472656,38.189998626708984,35.28218078613281,23607700,
2022-12-22,38.08000183105469,38.11000061035156,37.56999969482422,37.849998474121094,34.96807098388672,27011800,
2022-12-23,37.790000915527344,37.90999984741211,37.61000061035156,37.79999923706055,34.921878814697266,19543300,
2022-12-27,38.130001068115234,38.560001373291016,38.08000183105469,38.36000061035156,35.43924331665039,42338900,
2022-12-28,38.2599983215332,38.29999923706055,37.779998779296875,37.79999923706055,34.921878814697266,31813900,
2022-12-29,38.22999954223633,38.4900016784668,38.18000030517578,38.43000030517578,35.503910064697266,27088700,
2022-12-30,38.13999938964844,38.310001373291016,37.7599983215332,37.900001525878906,35.01426315307617,38297800,
2023-01-03,38.34000015258789,38.63999938964844,38.11000061035156,38.220001220703125,35.30990219116211,35557900,
2023-01-04,38.900001525878906,39.40999984741211,38.68000030517578,39.369998931884766,36.37233352661133,57044200,
2023-01-05,38.9900016784668,39.33000183105469,38.97999954223633,39.25,36.261478424072266,25175600,
2023-01-06,39.5,40.09000015258789,39.2599983215332,40.06999969482422,37.019039154052734,49058000,
2023-01-09,40.54999923706055,40.68000030517578,40.349998474121094,40.369998931884766,37.296199798583984,59967500,
2023-01-10,40.47999954223633,40.66999816894531,40.279998779296875,40.65999984741211,37.564117431640625,34936500,
2023-01-11,40.59000015258789,40.84000015258789,40.52000045776367,40.83000183105469,37.721168518066406,41854800,
2023-01-12,40.88999938964844,41.119998931884766,40.5,41.029998779296875,37.90594482421875,42088800,
2023-01-13,40.97999954223633,41.33000183105469,40.970001220703125,41.29999923706055,38.1553840637207,32838900,
2023-01-17,41.02000045776367,41.119998931884766,40.900001525878906,41.06999969482422,37.942893981933594,41016000,
2023-01-18,41.43000030517578,41.47999954223633,40.77000045776367,40.790000915527344,37.68421936035156,54860300,
2023-01-19,40.959999084472656,41.25,40.939998626708984,41.099998474121094,37.970611572265625,33834900,
2023-01-20,41.38999938964844,41.72999954223633,41.2599983215332,41.72999954223633,38.55264663696289,42854900,
2023-01-23,41.790000915527344,42.22999954223633,41.7599983215332,42.029998779296875,38.829795837402344,38252700,
2023-01-24,41.869998931884766,42.09000015258789,41.810001373291016,42.060001373291016,38.857521057128906,34713300,
2023-01-25,41.84000015258789,42.099998474121094,41.61000061035156,42.099998474121094,38.894466400146484,30325100,
2023-01-26,42.439998626708984,42.529998779296875,42.209999084472656,42.5,39.26401138305664,28722100,
2023-01-27,42.36000061035156,42.380001068115234,42.099998474121094,42.29999923706055,39.07924270629883,36989100,
2023-01-30,41.630001068115234,41.81999969482422,41.43000030517578,41.45000076293945,38.29396438598633,38598300,
2023-01-31,41.09000015258789,41.36000061035156,41.0099983215332,41.36000061035156,38.2108154296875,43197800,
2023-02-01,41.54999923706055,42.029998779296875,41.27000045776367,41.869998931884766,38.68198776245117,51809100,
2023-02-02,41.869998931884766,41.900001525878906,41.41999816894531,41.619998931884766,38.45101547241211,45943800,
2023-02-03,41.11000061035156,41.400001525878906,40.779998779296875,40.880001068115234,37.76736068725586,42341000,
2023-02-06,40.150001525878906,40.36000061035156,40.0,40.279998779296875,37.21304702758789,41471500,
2023-02-07,40.34000015258789,40.599998474121094,40.04999923706055,40.439998626708984,37.36086654663086,31941600,
2023-02-08,40.540000915527344,40.599998474121094,40.220001220703125,40.38999938964844,37.314666748046875,38255400,
2023-02-09,40.959999084472656,41.0,40.439998626708984,40.58000183105469,37.490211486816406,27083800,
2023-02-10,40.349998474121094,40.369998931884766,40.060001373291016,40.189998626708984,37.12989807128906,34463800,
2023-02-13,40.33000183105469,40.599998474121094,40.2400016784668,40.52000045776367,37.43477249145508,20906700,
2023-02-14,40.22999954223633,40.63999938964844,40.099998474121094,40.45000076293945,37.37010955810547,21664300,
2023-02-15,39.84000015258789,40.11000061035156,39.77000045776367,40.11000061035156,37.05599594116211,31114000,
2023-02-16,39.91999816894531,40.310001373291016,39.810001373291016,40.119998931884766,37.06523132324219,30045300,
2023-02-17,39.66999816894531,39.779998779296875,39.52000045776367,39.68000030517578,36.658729553222656,35131700,
2023-02-21,39.400001525878906,39.619998931884766,39.16999816894531,39.18000030517578,36.19680404663086,33984300,
2023-02-22,39.06999969482422,39.20000076293945,38.869998931884766,38.9900016784668,36.02127456665039,37035500,
2023-02-23,39.4900016784668,39.560001373291016,38.93000030517578,39.18000030517578,36.19680404663086,28551700,
2023-02-24,38.310001373291016,38.4900016784668,38.150001525878906,38.29999923706055,35.38380432128906,48596300,
2023-02-27,38.529998779296875,38.599998474121094,38.41999816894531,38.5,35.56857681274414,24344400,
2023-02-28,38.36000061035156,38.52000045776367,38.189998626708984,38.22999954223633,35.31913375854492,39670600,
2023-03-01,39.16999816894531,39.209999084472656,38.970001220703125,39.04999923706055,36.07670211791992,39597500,
2023-03-02,38.869998931884766,39.290000915527344,38.79999923706055,39.189998626708984,36.20603942871094,28952900,
2023-03-03,39.31999969482422,39.58000183105469,39.27000045776367,39.540000915527344,36.529388427734375,20682400,
2023-03-06,39.5099983215332,39.68000030517578,39.38999938964844,39.400001525878906,36.400054931640625,26014300,
2023-03-07,39.2400016784668,39.25,38.709999084472656,38.7400016784668,35.790306091308594,36382400,
2023-03-08,38.75,38.97999954223633,38.7400016784668,38.900001525878906,35.93812561035156,18795900,
2023-03-09,38.5099983215332,38.58000183105469,37.959999084472656,38.040000915527344,35.14360427856445,40118900,
2023-03-10,38.02000045776367,38.25,37.79999923706055,37.84000015258789,34.958831787109375,49329400,
2023-03-13,37.72999954223633,38.16999816894531,37.650001525878906,37.900001525878906,35.01426315307617,43071400,
2023-03-14,37.84000015258789,38.02000045776367,37.720001220703125,37.91999816894531,35.03273391723633,36333400,
2023-03-15,37.09000015258789,37.279998779296875,36.900001525878906,37.27000045776367,34.43223190307617,53217000,
2023-03-16,37.209999084472656,37.86000061035156,37.150001525878906,37.84000015258789,34.958831787109375,39880200,
2023-03-17,37.810001373291016,37.869998931884766,37.47999954223633,37.61000061035156,34.74634552001953,40165600,
2023-03-20,37.529998779296875,37.83000183105469,37.439998626708984,37.75,34.87568664550781,28310700,
2023-03-21,38.040000915527344,38.189998626708984,37.88999938964844,38.09000015258789,35.18980026245117,27670600,
2023-03-22,38.369998931884766,38.81999969482422,38.220001220703125,38.2400016784668,35.32837677001953,40375300,
2023-03-23,38.970001220703125,39.209999084472656,38.58000183105469,38.77000045776367,35.818016052246094,39622100,
2023-03-24,38.459999084472656,38.68000030517578,38.38999938964844,38.66999816894531,35.72563171386719,28044500,
2023-03-27,38.400001525878906,38.4900016784668,38.2599983215332,38.459999084472656,35.53162384033203,36646700,
2023-03-28,38.79999923706055,39.0099983215332,38.7599983215332,39.0099983215332,36.03974151611328,43707600,
2023-03-29,39.0,39.18000030517578,38.900001525878906,39.119998931884766,36.1413688659668,32173100,
2023-03-30,39.459999084472656,39.61000061035156,39.349998474121094,39.5099983215332,36.501678466796875,32982200,
2023-03-31,39.5099983215332,39.619998931884766,39.31999969482422,39.459999084472656,36.455482482910156,36174700,
2023-04-03,39.439998626708984,39.56999969482422,39.31999969482422,39.540000915527344,36.529388427734375,19637700,
2023-04-04,39.470001220703125,39.56999969482422,39.349998474121094,39.540000915527344,36.529388427734375,31518500,
2023-04-05,39.459999084472656,39.4900016784668,39.09000015258789,39.22999954223633,36.24299240112305,35785500,
2023-04-06,39.13999938964844,39.470001220703125,39.029998779296875,39.38999938964844,36.39081573486328,22277700,
2023-04-10,39.27000045776367,39.439998626708984,39.20000076293945,39.43000030517578,36.427764892578125,20271700,
2023-04-11,39.77000045776367,39.84000015258789,39.650001525878906,39.66999816894531,36.64949417114258,23177000,
2023-04-12,39.79999923706055,39.83000183105469,39.310001373291016,39.38999938964844,36.39081573486328,30341900,
2023-04-13,39.849998474121094,40.0,39.810001373291016,39.93000030517578,36.88969421386719,28752600,
2023-04-14,39.75,39.91999816894531,39.529998779296875,39.720001220703125,36.6956901550293,26673200,
2023-04-17,39.880001068115234,39.95000076293945,39.72999954223633,39.88999938964844,36.85274124145508,26173500,
2023-04-18,39.959999084472656,40.0099983215332,39.7400016784668,39.84000015258789,36.80655288696289,23990600,
2023-04-19,39.380001068115234,39.4900016784668,39.29999923706055,39.439998626708984,36.43700408935547,25851700,
2023-04-20,39.38999938964844,39.619998931884766,39.2599983215332,39.380001068115234,36.38157653808594,29763400,
2023-04-21,39.040000915527344,39.060001373291016,38.790000915527344,39.0099983215332,36.03974151611328,26632600,
2023-04-24,38.91999816894531,38.97999954223633,38.790000915527344,38.91999816894531,35.95659637451172,19963200,
2023-04-25,38.400001525878906,38.43000030517578,38.130001068115234,38.189998626708984,35.28218078613281,31095100,
2023-04-26,38.65999984741211,38.689998626708984,38.380001068115234,38.40999984741211,35.48542785644531,45521300,
2023-04-27,38.630001068115234,38.97999954223633,38.59000015258789,38.93000030517578,35.96583557128906,23496200,
2023-04-28,38.939998626708984,39.15999984741211,38.91999816894531,39.130001068115234,36.15060806274414,22481000,
2023-05-01,38.970001220703125,39.27000045776367,38.95000076293945,39.0,36.0305061340332,16797000,
2023-05-02,38.849998474121094,38.849998474121094,38.47999954223633,38.619998931884766,35.679443359375,24041500,
2023-05-03,38.65999984741211,38.81999969482422,38.529998779296875,38.560001373291016,35.6240119934082,18827800,
2023-05-04,38.880001068115234,39.0,38.779998779296875,38.869998931884766,35.910404205322266,29417100,
2023-05-05,39.04999923706055,39.41999816894531,38.9900016784668,39.38999938964844,36.39081573486328,18248200,
2023-05-08,39.529998779296875,39.54999923706055,39.34000015258789,39.40999984741211,36.40929412841797,19721300,
2023-05-09,39.0099983215332,39.20000076293945,38.970001220703125,39.16999816894531,36.187557220458984,17294900,
2023-05-10,39.130001068115234,39.2599983215332,38.939998626708984,39.150001525878906,36.16909408569336,22410300,
2023-05-11,38.810001373291016,39.02000045776367,38.70000076293945,39.0099983215332,36.03974151611328,34620300,
2023-05-12,38.7400016784668,38.75,38.470001220703125,38.54999923706055,35.61477279663086,32789300,
2023-05-15,38.959999084472656,39.310001373291016,38.84000015258789,39.2599983215332,36.270713806152344,28911000,
2023-05-16,38.9900016784668,39.150001525878906,38.959999084472656,38.97999954223633,36.012027740478516,24887200,
2023-05-17,38.97999954223633,39.209999084472656,38.90999984741211,39.15999984741211,36.17832565307617,24358200,
2023-05-18,39.0099983215332,39.029998779296875,38.779998779296875,38.95000076293945,35.984317779541016,30378900,
2023-05-19,39.04999923706055,39.09000015258789,38.900001525878906,38.97999954223633,36.012027740478516,26847500,
2023-05-22,39.2599983215332,39.470001220703125,39.2599983215332,39.29999923706055,36.30766677856445,30254000,
2023-05-23,38.95000076293945,39.04999923706055,38.66999816894531,38.689998626708984,35.74411392211914,43844500,
2023-05-24,38.650001525878906,38.66999816894531,38.380001068115234,38.400001525878906,35.476192474365234,31559600,
2023-05-25,38.5099983215332,38.5099983215332,38.25,38.31999969482422,35.402286529541016,28492700,
2023-05-26,38.65999984741211,39.06999969482422,38.65999984741211,39.0,36.0305061340332,24941700,
2023-05-30,38.900001525878906,38.90999984741211,38.439998626708984,38.54999923706055,35.61477279663086,25536900,
2023-05-31,38.2400016784668,38.25,37.90999984741211,38.189998626708984,35.28218078613281,35917900,
2023-06-01,38.25,38.88999938964844,38.22999954223633,38.869998931884766,35.910404205322266,32875300,
2023-06-02,39.5,39.63999938964844,39.4900016784668,39.540000915527344,36.529388427734375,53717000,
2023-06-05,39.43000030517578,39.54999923706055,39.349998474121094,39.529998779296875,36.52014923095703,16947400,
2023-06-06,39.45000076293945,39.93000030517578,39.40999984741211,39.880001068115234,36.843505859375,35447700,
2023-06-07,39.560001373291016,39.77000045776367,39.34000015258789,39.400001525878906,36.685218811035156,44313300,"{""dividend_amount"": 0.31}"
2023-06-08,39.43000030517578,39.720001220703125,39.41999816894531,39.68000030517578,36.945926666259766,26886800,
2023-06-09,39.83000183105469,40.04999923706055,39.81999969482422,39.86000061035156,37.113521575927734,22199200,
2023-06-12,39.880001068115234,39.9900016784668,39.81999969482422,39.939998626708984,37.18800354003906,25267100,
2023-06-13,40.369998931884766,40.470001220703125,40.22999954223633,40.34000015258789,37.56045150756836,35053100,
2023-06-14,40.349998474121094,40.72999954223633,40.33000183105469,40.63999938964844,37.83977508544922,37898300,
2023-06-15,40.84000015258789,41.040000915527344,40.7599983215332,41.02000045776367,38.193599700927734,36328400,
2023-06-16,41.09000015258789,41.09000015258789,40.77000045776367,40.880001068115234,38.0632438659668,40001900,
2023-06-20,40.290000915527344,40.349998474121094,39.959999084472656,40.08000183105469,37.318363189697266,50477100,
2023-06-21,39.86000061035156,39.959999084472656,39.7400016784668,39.88999938964844,37.14145278930664,20771300,
2023-06-22,39.63999938964844,39.79999923706055,39.58000183105469,39.75,37.011104583740234,22804200,
2023-06-23,39.22999954223633,39.22999954223633,39.060001373291016,39.16999816894531,36.4710693359375,26321700,
2023-06-26,39.33000183105469,39.47999954223633,39.2599983215332,39.29999923706055,36.592105865478516,18302400,
2023-06-27,39.619998931884766,39.720001220703125,39.52000045776367,39.70000076293945,36.96454620361328,21799500,
2023-06-28,39.38999938964844,39.5099983215332,39.29999923706055,39.459999084472656,36.7410888671875,21628400,
2023-06-29,39.15999984741211,39.279998779296875,39.150001525878906,39.25,36.54555130004883,23278300,
2023-06-30,39.560001373291016,39.720001220703125,39.470001220703125,39.560001373291016,36.834197998046875,23366700,
2023-07-03,40.0099983215332,40.209999084472656,39.95000076293945,40.0,37.243873596191406,15417000,
2023-07-05,39.83000183105469,39.849998474121094,39.689998626708984,39.7599983215332,37.02041244506836,15853800,
2023-07-06,39.16999816894531,39.22999954223633,38.810001373291016,38.95000076293945,36.2662239074707,36352500,
2023-07-07,39.08000183105469,39.599998474121094,39.06999969482422,39.38999938964844,36.6759033203125,21518600,
2023-07-10,39.150001525878906,39.439998626708984,39.13999938964844,39.41999816894531,36.70383834838867,22273400,
2023-07-11,39.65999984741211,39.84000015258789,39.4900016784668,39.81999969482422,37.07627487182617,19616000,
2023-07-12,40.43000030517578,40.7400016784668,40.40999984741211,40.709999084472656,37.90495300292969,61015900,
2023-07-13,40.93000030517578,41.31999969482422,40.90999984741211,41.2400016784668,38.3984375,44062400,
2023-07-14,41.13999938964844,41.15999984741211,40.97999954223633,41.0099983215332,38.18428421020508,26724500,
2023-07-17,40.84000015258789,41.06999969482422,40.66999816894531,41.060001373291016,38.23084259033203,25782900,
2023-07-18,40.83000183105469,40.91999816894531,40.63999938964844,40.7599983215332,37.95151138305664,29377700,
2023-07-19,40.81999969482422,40.9900016784668,40.630001068115234,40.68000030517578,37.87702178955078,26941200,
2023-07-20,40.5,40.599998474121094,40.31999969482422,40.380001068115234,37.597694396972656,31226700,
2023-07-21,40.4900016784668,40.529998779296875,40.290000915527344,40.31999969482422,37.541831970214844,21620500,
2023-07-24,40.459999084472656,41.02000045776367,40.41999816894531,40.869998931884766,38.05392837524414,47123600,
2023-07-25,41.369998931884766,41.400001525878906,41.189998626708984,41.209999084472656,38.37050247192383,32437300,
2023-07-26,41.029998779296875,41.56999969482422,41.0099983215332,41.45000076293945,38.59396743774414,34963100,
2023-07-27,41.47999954223633,41.5099983215332,40.900001525878906,40.939998626708984,38.11910629272461,37548500,
2023-07-28,41.7400016784668,41.959999084472656,41.66999816894531,41.93000030517578,39.0408935546875,34529000,
2023-07-31,41.790000915527344,42.0,41.720001220703125,41.95000076293945,39.05951690673828,28029100,
2023-08-01,41.61000061035156,41.650001525878906,41.369998931884766,41.41999816894531,38.56603240966797,34635600,
2023-08-02,40.75,40.75,40.34000015258789,40.43000030517578,37.644248962402344,35588700,
2023-08-03,40.47999954223633,40.7400016784668,40.439998626708984,40.59000015258789,37.79322052001953,20893600,
2023-08-04,40.70000076293945,40.91999816894531,40.4900016784668,40.540000915527344,37.74666976928711,29249200,
2023-08-07,40.650001525878906,40.650001525878906,40.310001373291016,40.47999954223633,37.690799713134766,19419100,
2023-08-08,39.869998931884766,40.0,39.66999816894531,39.9900016784668,37.23456573486328,22600700,
2023-08-09,40.25,40.279998779296875,39.93000030517578,40.09000015258789,37.32767868041992,27936800,
2023-08-10,40.380001068115234,40.70000076293945,40.08000183105469,40.150001525878906,37.383544921875,26321200,
2023-08-11,39.70000076293945,39.72999954223633,39.459999084472656,39.560001373291016,36.834197998046875,32303600,
2023-08-14,39.18000030517578,39.45000076293945,39.040000915527344,39.369998931884766,36.65727996826172,25510000,
2023-08-15,39.18000030517578,39.18000030517578,38.869998931884766,38.91999816894531,36.2382926940918,31837500,
2023-08-16,38.70000076293945,38.88999938964844,38.560001373291016,38.56999969482422,35.91240310668945,37596400,
2023-08-17,39.04999923706055,39.06999969482422,38.630001068115234,38.65999984741211,35.99620056152344,35544200,
2023-08-18,38.2599983215332,38.47999954223633,38.209999084472656,38.400001525878906,35.75412368774414,33913100,
2023-08-21,38.34000015258789,38.52000045776367,38.27000045776367,38.4900016784668,35.83792495727539,24331900,
2023-08-22,38.63999938964844,38.68000030517578,38.349998474121094,38.40999984741211,35.76343536376953,26689500,
2023-08-23,38.70000076293945,39.06999969482422,38.68000030517578,39.02000045776367,36.33140563964844,27643300,
2023-08-24,39.15999984741211,39.2400016784668,38.86000061035156,38.869998931884766,36.191734313964844,25776700,
2023-08-25,38.880001068115234,38.9900016784668,38.58000183105469,38.90999984741211,36.22898483276367,20154800,
2023-08-28,39.189998626708984,39.33000183105469,39.119998931884766,39.290000915527344,36.58279800415039,21426800,
2023-08-29,39.400001525878906,39.81999969482422,39.290000915527344,39.790000915527344,37.0483512878418,30243400,
2023-08-30,39.56999969482422,39.77000045776367,39.54999923706055,39.65999984741211,36.92730712890625,16164200,
2023-08-31,39.369998931884766,39.38999938964844,39.11000061035156,39.16999816894531,36.4710693359375,35424700,
2023-09-01,39.709999084472656,39.83000183105469,39.540000915527344,39.630001068115234,36.89937210083008,26152300,
2023-09-05,39.41999816894531,39.459999084472656,39.27000045776367,39.310001373291016,36.60141372680664,23571600,
2023-09-06,39.220001220703125,39.41999816894531,39.029998779296875,39.09000015258789,36.39657974243164,29118500,
2023-09-07,38.70000076293945,38.72999954223633,38.54999923706055,38.630001068115234,35.9682731628418,23907500,
2023-09-08,38.7400016784668,38.83000183105469,38.650001525878906,38.709999084472656,36.04275894165039,15126500,
2023-09-11,39.13999938964844,39.209999084472656,38.9900016784668,39.189998626708984,36.489681243896484,20748000,
2023-09-12,38.900001525878906,39.189998626708984,38.88999938964844,39.06999969482422,36.37795639038086,26259600,
2023-09-13,39.029998779296875,39.15999984741211,38.95000076293945,39.02000045776367,36.33140563964844,20707900,
2023-09-14,39.25,39.380001068115234,39.130001068115234,39.279998779296875,36.573486328125,22611200,
2023-09-15,39.290000915527344,39.349998474121094,39.09000015258789,39.130001068115234,36.43382263183594,32981700,
2023-09-18,39.0099983215332,39.099998474121094,38.900001525878906,39.08000183105469,36.38726806640625,22967000,
2023-09-19,38.90999984741211,38.97999954223633,38.77000045776367,38.849998474121094,36.17311477661133,17394800,
2023-09-20,38.959999084472656,39.11000061035156,38.689998626708984,38.689998626708984,36.02413558959961,24521800,
2023-09-21,38.099998474121094,38.20000076293945,38.0099983215332,38.02000045776367,35.400299072265625,33915600,
2023-09-22,38.63999938964844,38.709999084472656,38.439998626708984,38.470001220703125,35.819305419921875,40006500,
2023-09-25,38.150001525878906,38.34000015258789,38.150001525878906,38.29999923706055,35.661014556884766,29050100,
2023-09-26,37.91999816894531,38.029998779296875,37.72999954223633,37.7599983215332,35.15821838378906,39426100,
2023-09-27,37.95000076293945,37.97999954223633,37.630001068115234,37.81999969482422,35.21408462524414,27723500,
2023-09-28,37.650001525878906,37.959999084472656,37.58000183105469,37.91999816894531,35.307193756103516,31425500,
2023-09-29,38.33000183105469,38.33000183105469,37.880001068115234,37.95000076293945,35.33512878417969,41783600,
2023-10-02,37.880001068115234,37.93000030517578,37.65999984741211,37.7599983215332,35.15821838378906,30529200,
2023-10-03,37.400001525878906,37.54999923706055,37.20000076293945,37.2599983215332,34.692665100097656,52953900,
2023-10-04,37.189998626708984,37.2599983215332,37.02000045776367,37.150001525878906,34.59025192260742,36174300,
2023-10-05,37.15999984741211,37.31999969482422,37.029998779296875,37.290000915527344,34.72060775756836,27725900,
2023-10-06,37.279998779296875,37.91999816894531,37.220001220703125,37.83000183105469,35.2234001159668,33737600,
2023-10-09,37.31999969482422,37.65999984741211,37.2599983215332,37.650001525878906,35.05580139160156,21799900,
2023-10-10,37.900001525878906,38.25,37.869998931884766,38.189998626708984,35.558589935302734,35189100,
2023-10-11,38.470001220703125,38.56999969482422,38.27000045776367,38.43000030517578,35.78205490112305,24577700,
2023-10-12,38.5099983215332,38.529998779296875,37.900001525878906,38.0,35.38167953491211,36022000,
2023-10-13,38.029998779296875,38.15999984741211,37.77000045776367,37.86000061035156,35.2513313293457,26187900,
2023-10-16,37.86000061035156,38.22999954223633,37.810001373291016,38.13999938964844,35.51203155517578,21117700,
2023-10-17,37.83000183105469,38.22999954223633,37.81999969482422,38.040000915527344,35.41892623901367,24251700,
2023-10-18,37.68000030517578,37.72999954223633,37.400001525878906,37.459999084472656,34.87889099121094,29849100,
2023-10-19,37.349998474121094,37.54999923706055,37.220001220703125,37.2400016784668,34.67405319213867,28401800,
2023-10-20,36.91999816894531,37.04999923706055,36.7599983215332,36.790000915527344,34.25505447387695,39070000,
2023-10-23,36.52000045776367,36.90999984741211,36.380001068115234,36.7599983215332,34.22712326049805,34568600,
2023-10-24,36.88999938964844,37.29999923706055,36.88999938964844,37.22999954223633,34.66474151611328,33962200,
2023-10-25,36.849998474121094,37.0,36.70000076293945,36.7400016784668,34.208499908447266,25267400,
2023-10-26,36.470001220703125,36.650001525878906,36.400001525878906,36.560001373291016,34.04090118408203,28415700,
2023-10-27,36.88999938964844,36.95000076293945,36.470001220703125,36.529998779296875,34.01296615600586,34216900,
2023-10-30,37.099998474121094,37.150001525878906,36.779998779296875,36.90999984741211,34.36678695678711,30506700,
2023-10-31,36.61000061035156,36.720001220703125,36.40999984741211,36.70000076293945,34.1712532043457,37734300,
2023-11-01,36.689998626708984,37.060001373291016,36.650001525878906,37.040000915527344,34.487831115722656,27879300,
2023-11-02,37.59000015258789,37.720001220703125,37.470001220703125,37.689998626708984,35.093040466308594,33661400,
2023-11-03,38.189998626708984,38.540000915527344,38.16999816894531,38.459999084472656,35.80998611450195,41736500,
2023-11-06,38.959999084472656,38.9900016784668,38.720001220703125,38.77000045776367,36.09862518310547,32347100,
2023-11-07,38.529998779296875,38.72999954223633,38.349998474121094,38.70000076293945,36.033451080322266,18218400,
2023-11-08,38.470001220703125,38.619998931884766,38.36000061035156,38.439998626708984,35.79136276245117,18963500,
2023-11-09,38.41999816894531,38.529998779296875,38.029998779296875,38.08000183105469,35.456172943115234,25631100,
2023-11-10,38.08000183105469,38.349998474121094,38.02000045776367,38.349998474121094,35.70756530761719,18540300,
2023-11-13,38.220001220703125,38.4900016784668,38.13999938964844,38.34000015258789,35.69825744628906,23437400,
2023-11-14,38.91999816894531,39.41999816894531,38.90999984741211,39.36000061035156,36.64797592163086,66042500,
2023-11-15,39.689998626708984,39.90999984741211,39.599998474121094,39.689998626708984,36.955238342285156,43281700,
2023-11-16,39.2400016784668,39.4900016784668,39.13999938964844,39.310001373291016,36.60141372680664,22868300,
2023-11-17,39.31999969482422,39.43000030517578,39.2400016784668,39.36000061035156,36.64797592163086,28460900,
2023-11-20,39.540000915527344,39.91999816894531,39.52000045776367,39.849998474121094,37.104209899902344,35801100,
2023-11-21,39.75,39.83000183105469,39.52000045776367,39.599998474121094,36.871437072753906,20929700,
2023-11-22,39.54999923706055,39.63999938964844,39.380001068115234,39.52000045776367,36.79695129394531,20006500,
2023-11-24,39.36000061035156,39.56999969482422,39.33000183105469,39.540000915527344,36.815574645996094,11365000,
2023-11-27,39.369998931884766,39.41999816894531,39.27000045776367,39.380001068115234,36.666595458984375,22925200,
2023-11-28,39.560001373291016,39.779998779296875,39.4900016784668,39.709999084472656,36.97385787963867,35006700,
2023-11-29,39.5099983215332,39.720001220703125,39.439998626708984,39.47999954223633,36.759708404541016,26049200,
2023-11-30,39.56999969482422,39.61000061035156,39.290000915527344,39.560001373291016,36.834197998046875,30482700,
2023-12-01,39.290000915527344,39.72999954223633,39.209999084472656,39.72999954223633,36.99248123168945,27140200,
2023-12-04,39.41999816894531,39.5,39.189998626708984,39.279998779296875,36.573486328125,28074900,
2023-12-05,38.93000030517578,39.09000015258789,38.84000015258789,39.040000915527344,36.35002899169922,25462300,
2023-12-06,39.279998779296875,39.29999923706055,38.97999954223633,38.9900016784668,36.30347442626953,23069000,
2023-12-07,39.119998931884766,39.20000076293945,39.0,39.18000030517578,36.48037338256836,19735000,
2023-12-08,38.93000030517578,39.13999938964844,38.849998474121094,39.0099983215332,36.32209014892578,25195400,
2023-12-11,39.0099983215332,39.25,38.959999084472656,39.2400016784668,36.5362434387207,20426400,
2023-12-12,39.119998931884766,39.27000045776367,38.939998626708984,39.25,36.54555130004883,20278300,
2023-12-13,39.02000045776367,39.65999984741211,38.83000183105469,39.63999938964844,36.9086799621582,42607800,
2023-12-14,39.900001525878906,40.279998779296875,39.900001525878906,40.220001220703125,37.44872283935547,51998900,
2023-12-15,40.18000030517578,40.279998779296875,39.97999954223633,39.97999954223633,37.225257873535156,37110300,
2023-12-18,39.95000076293945,39.9900016784668,39.779998779296875,39.959999084472656,37.206626892089844,37419400,
2023-12-19,40.130001068115234,40.36000061035156,40.099998474121094,40.29999923706055,37.52320861816406,33688600,
2023-12-20,39.290000915527344,39.349998474121094,38.790000915527344,38.84000015258789,36.84772872924805,44766600,"{""dividend_amount"": 0.748}"
2023-12-21,39.380001068115234,39.599998474121094,39.310001373291016,39.56999969482422,37.540283203125,33402800,
2023-12-22,39.2599983215332,39.459999084472656,39.220001220703125,39.380001068115234,37.36002731323242,17082900,
2023-12-26,39.70000076293945,39.77000045776367,39.58000183105469,39.689998626708984,37.65412902832031,16173200,
2023-12-27,39.88999938964844,39.97999954223633,39.81999969482422,39.91999816894531,37.8723258972168,30120600,
2023-12-28,40.279998779296875,40.439998626708984,40.220001220703125,40.22999954223633,38.16642761230469,36660400,
2023-12-29,40.20000076293945,40.41999816894531,40.16999816894531,40.209999084472656,38.147457122802734,48758200,
2024-01-02,39.83000183105469,39.95000076293945,39.650001525878906,39.7400016784668,37.70156478881836,20839200,
2024-01-03,39.33000183105469,39.650001525878906,39.31999969482422,39.52000045776367,37.49284744262695,32220700,
2024-01-04,39.38999938964844,39.599998474121094,39.380001068115234,39.38999938964844,37.369510650634766,20922700,
2024-01-05,39.45000076293945,39.709999084472656,39.380001068115234,39.439998626708984,37.41695022583008,21875600,
2024-01-08,39.16999816894531,39.56999969482422,39.130001068115234,39.54999923706055,37.52130889892578,16208600,
2024-01-09,38.97999954223633,39.08000183105469,38.90999984741211,38.9900016784668,36.99003601074219,31344300,
2024-01-10,38.939998626708984,38.970001220703125,38.810001373291016,38.900001525878906,36.90464782714844,20149400,
2024-01-11,39.11000061035156,39.16999816894531,38.779998779296875,39.060001373291016,37.05644226074219,24682100,
2024-01-12,39.34000015258789,39.5,39.16999816894531,39.20000076293945,37.18925857543945,21605800,
2024-01-16,38.5099983215332,38.529998779296875,38.189998626708984,38.25,36.287986755371094,44484400,
2024-01-17,37.5,37.70000076293945,37.47999954223633,37.68000030517578,35.74722671508789,50591600,
2024-01-18,37.970001220703125,38.029998779296875,37.83000183105469,37.9900016784668,36.041324615478516,31884600,
2024-01-19,38.08000183105469,38.41999816894531,37.939998626708984,38.38999938964844,36.42081069946289,31372000,
2024-01-22,37.95000076293945,38.150001525878906,37.90999984741211,38.04999923706055,36.09824752807617,25753700,
2024-01-23,38.209999084472656,38.43000030517578,38.189998626708984,38.380001068115234,36.41132354736328,34710400,
2024-01-24,39.06999969482422,39.09000015258789,38.77000045776367,38.810001373291016,36.819271087646484,38215800,
2024-01-25,38.970001220703125,39.02000045776367,38.7400016784668,38.86000061035156,36.866703033447266,23157000,
2024-01-26,38.81999969482422,39.0,38.790000915527344,38.88999938964844,36.89516067504883,21031500,
2024-01-29,39.0,39.0099983215332,38.70000076293945,38.90999984741211,36.91413879394531,24133600,
2024-01-30,38.4900016784668,38.61000061035156,38.40999984741211,38.599998474121094,36.620033264160156,22928200,
2024-01-31,38.459999084472656,38.72999954223633,38.27000045776367,38.38999938964844,36.42081069946289,37689700,
2024-02-01,38.619998931884766,38.779998779296875,38.529998779296875,38.7599983215332,36.77183151245117,22048300,
2024-02-02,38.59000015258789,38.689998626708984,38.45000076293945,38.650001525878906,36.66747283935547,29803500,
2024-02-05,38.54999923706055,38.79999923706055,38.4900016784668,38.70000076293945,36.714908599853516,26934900,
2024-02-06,39.310001373291016,39.599998474121094,39.22999954223633,39.58000183105469,37.549774169921875,41288400,
2024-02-07,39.5,39.68000030517578,39.470001220703125,39.630001068115234,37.597206115722656,22270000,
2024-02-08,39.459999084472656,39.5,39.29999923706055,39.40999984741211,37.388484954833984,23485800,
2024-02-09,39.459999084472656,39.63999938964844,39.25,39.58000183105469,37.549774169921875,22416400,
2024-02-12,39.63999938964844,40.099998474121094,39.630001068115234,39.88999938964844,37.84386444091797,33026500,
2024-02-13,39.380001068115234,39.529998779296875,38.95000076293945,39.13999938964844,37.13233947753906,42252400,
2024-02-14,39.61000061035156,39.7400016784668,39.529998779296875,39.70000076293945,37.663612365722656,28923100,
2024-02-15,39.72999954223633,39.90999984741211,39.709999084472656,39.88999938964844,37.84386444091797,27273300,
2024-02-16,40.04999923706055,40.209999084472656,39.9900016784668,40.08000183105469,38.02412033081055,36729000,
2024-02-20,40.2400016784668,40.31999969482422,40.040000915527344,40.13999938964844,38.0810432434082,32493800,
2024-02-21,40.220001220703125,40.33000183105469,40.08000183105469,40.209999084472656,38.147457122802734,29069400,
2024-02-22,40.56999969482422,40.65999984741211,40.43000030517578,40.619998931884766,38.53642272949219,32548100,
2024-02-23,40.59000015258789,40.65999984741211,40.459999084472656,40.599998474121094,38.5174446105957,37973600,
2024-02-26,40.380001068115234,40.4900016784668,40.349998474121094,40.41999816894531,38.346683502197266,23804700,
2024-02-27,40.529998779296875,40.560001373291016,40.45000076293945,40.5,38.422576904296875,21206300,
2024-02-28,40.119998931884766,40.13999938964844,39.900001525878906,39.970001220703125,37.919761657714844,31288900,
2024-02-29,40.18000030517578,40.189998626708984,39.93000030517578,39.9900016784668,37.93873596191406,43973800,
2024-03-01,40.279998779296875,40.560001373291016,40.20000076293945,40.47999954223633,38.40359878540039,35477300,
2024-03-04,40.540000915527344,40.540000915527344,40.34000015258789,40.38999938964844,38.31822204589844,38144500,
2024-03-05,40.189998626708984,40.290000915527344,39.959999084472656,40.029998779296875,37.9766845703125,32915100,
2024-03-06,40.63999938964844,40.77000045776367,40.54999923706055,40.61000061035156,38.52693176269531,45875000,
2024-03-07,40.66999816894531,40.88999938964844,40.59000015258789,40.86000061035156,38.76411819458008,26916100,
2024-03-08,40.9900016784668,41.119998931884766,40.77000045776367,40.81999969482422,38.72616195678711,30341400,
2024-03-11,40.900001525878906,41.04999923706055,40.869998931884766,40.90999984741211,38.81155014038086,22761600,
2024-03-12,41.25,41.380001068115234,41.06999969482422,41.36000061035156,39.23846435546875,37392400,
2024-03-13,41.189998626708984,41.310001373291016,41.15999984741211,41.22999954223633,39.11513137817383,25742900,
2024-03-14,41.2599983215332,41.310001373291016,40.90999984741211,41.02000045776367,38.91590881347656,31566200,
2024-03-15,40.84000015258789,40.91999816894531,40.709999084472656,40.77000045776367,38.67873001098633,32816600,
2024-03-18,41.0099983215332,41.04999923706055,40.790000915527344,40.84000015258789,38.74514389038086,23107900,
2024-03-19,40.58000183105469,40.720001220703125,40.41999816894531,40.63999938964844,38.55539321899414,23851800,
2024-03-20,40.720001220703125,41.119998931884766,40.65999984741211,41.099998474121094,38.991798400878906,32308000,
2024-03-21,41.380001068115234,41.38999938964844,41.130001068115234,41.150001525878906,39.03923797607422,27655700,
2024-03-22,40.900001525878906,40.959999084472656,40.790000915527344,40.86000061035156,38.76411819458008,30355600,
2024-03-25,40.79999923706055,40.95000076293945,40.79999923706055,40.88999938964844,38.79257583618164,12894800,
2024-03-26,40.9900016784668,41.0099983215332,40.84000015258789,40.86000061035156,38.76411819458008,15363300,
2024-03-27,40.84000015258789,40.93000030517578,40.7400016784668,40.93000030517578,38.83052062988281,21819500,
2024-03-28,41.02000045776367,41.20000076293945,41.02000045776367,41.08000183105469,38.97282791137695,28296300,
2024-04-01,41.2599983215332,41.459999084472656,41.060001373291016,41.150001525878906,39.03923797607422,20857100,
2024-04-02,41.290000915527344,41.43000030517578,41.2400016784668,41.279998779296875,39.162567138671875,22346100,
2024-04-03,41.09000015258789,41.40999984741211,41.04999923706055,41.310001373291016,39.1910285949707,33272500,
2024-04-04,41.720001220703125,41.790000915527344,41.13999938964844,41.15999984741211,39.04872131347656,33317700,
2024-04-05,41.11000061035156,41.34000015258789,41.029998779296875,41.25,39.13410568237305,31564000,
2024-04-08,41.470001220703125,41.599998474121094,41.45000076293945,41.52000045776367,39.3902587890625,18452500,
2024-04-09,41.790000915527344,41.869998931884766,41.599998474121094,41.79999923706055,39.65589141845703,23963700,
2024-04-10,41.290000915527344,41.34000015258789,41.060001373291016,41.22999954223633,39.11513137817383,37281800,
2024-04-11,41.529998779296875,41.54999923706055,41.220001220703125,41.47999954223633,39.35231018066406,23648600,
2024-04-12,40.88999938964844,40.900001525878906,40.439998626708984,40.529998779296875,38.45103454589844,50234600,
2024-04-15,40.77000045776367,40.77000045776367,40.20000076293945,40.27000045776367,38.204376220703125,31290100,
2024-04-16,39.72999954223633,39.91999816894531,39.619998931884766,39.7400016784668,37.70156478881836,43707900,
2024-04-17,39.95000076293945,39.970001220703125,39.59000015258789,39.709999084472656,37.673099517822266,26019400,
2024-04-18,39.900001525878906,40.099998474121094,39.779998779296875,39.869998931884766,37.824893951416016,20581900,
2024-04-19,39.709999084472656,39.810001373291016,39.58000183105469,39.709999084472656,37.673099517822266,29537400,
2024-04-22,39.790000915527344,40.209999084472656,39.7599983215332,40.13999938964844,38.0810432434082,25738800,
2024-04-23,40.18000030517578,40.5099983215332,40.15999984741211,40.470001220703125,38.39411544799805,21907100,
2024-04-24,40.720001220703125,40.75,40.47999954223633,40.61000061035156,38.52693176269531,18118100,
2024-04-25,40.27000045776367,40.75,40.220001220703125,40.70000076293945,38.6123161315918,21962500,
2024-04-26,41.08000183105469,41.18000030517578,41.02000045776367,41.16999816894531,39.05820846557617,24407700,
2024-04-29,41.369998931884766,41.58000183105469,41.31999969482422,41.56999969482422,39.43769073486328,31041200,
2024-04-30,41.18000030517578,41.31999969482422,40.9900016784668,40.9900016784668,38.887447357177734,32748700,
2024-05-01,41.060001373291016,41.47999954223633,40.97999954223633,41.029998779296875,38.925392150878906,34489500,
2024-05-02,41.58000183105469,42.189998626708984,41.45000076293945,42.09000015258789,39.93101501464844,48855700,
2024-05-03,42.34000015258789,42.4900016784668,42.16999816894531,42.470001220703125,40.29153060913086,31815100,
2024-05-06,42.470001220703125,42.540000915527344,42.400001525878906,42.5099983215332,40.329471588134766,19706300,
2024-05-07,42.310001373291016,42.380001068115234,42.220001220703125,42.27000045776367,40.10178756713867,21316800,
2024-05-08,42.0,42.29999923706055,42.0,42.279998779296875,40.11127471923828,18933700,
2024-05-09,42.25,42.41999816894531,42.15999984741211,42.40999984741211,40.23460388183594,22204400,
2024-05-10,42.689998626708984,42.7400016784668,42.45000076293945,42.5,40.31998825073242,28056400,
2024-05-13,42.790000915527344,42.959999084472656,42.77000045776367,42.81999969482422,40.62357711791992,22233800,
2024-05-14,42.86000061035156,43.06999969482422,42.84000015258789,43.04999923706055,40.841773986816406,24295800,
2024-05-15,43.36000061035156,43.5099983215332,43.150001525878906,43.5099983215332,41.27818298339844,30011900,
2024-05-16,43.54999923706055,43.70000076293945,43.45000076293945,43.599998474121094,41.36355972290039,27395100,
2024-05-17,43.630001068115234,43.869998931884766,43.54999923706055,43.790000915527344,41.543819427490234,30865100,
2024-05-20,43.529998779296875,43.709999084472656,43.5,43.630001068115234,41.392024993896484,24234000,
2024-05-21,43.36000061035156,43.43000030517578,43.2400016784668,43.36000061035156,41.13587951660156,18470000,
2024-05-22,43.400001525878906,43.43000030517578,43.130001068115234,43.220001220703125,41.00305938720703,23030800,
2024-05-23,43.439998626708984,43.470001220703125,42.81999969482422,42.900001525878906,40.6994743347168,28607000,
2024-05-24,42.970001220703125,43.130001068115234,42.939998626708984,43.02000045776367,40.813316345214844,20986300,
2024-05-28,43.15999984741211,43.25,42.880001068115234,42.959999084472656,40.75638961791992,21179400,
2024-05-29,42.36000061035156,42.400001525878906,42.2400016784668,42.31999969482422,40.14921951293945,30803500,
2024-05-30,42.040000915527344,42.310001373291016,42.02000045776367,42.20000076293945,40.035377502441406,20741500,
2024-05-31,41.79999923706055,41.81999969482422,41.459999084472656,41.790000915527344,39.64640808105469,49609100,
2024-06-03,42.380001068115234,42.43000030517578,42.04999923706055,42.22999954223633,40.063838958740234,33839300,
2024-06-04,41.560001373291016,41.720001220703125,41.40999984741211,41.63999938964844,39.50410461425781,38401100,
2024-06-05,42.060001373291016,42.34000015258789,41.97999954223633,42.310001373291016,40.139739990234375,28092300,
2024-06-06,42.5099983215332,42.560001373291016,42.369998931884766,42.52000045776367,40.33896255493164,26450400,
2024-06-07,42.36000061035156,42.41999816894531,42.0099983215332,42.040000915527344,39.883583068847656,37626400,
2024-06-10,42.11000061035156,42.369998931884766,42.0099983215332,42.290000915527344,40.120765686035156,30846300,
2024-06-11,41.79999923706055,41.86000061035156,41.61000061035156,41.86000061035156,39.987022399902344,35763000,"{""dividend_amount"": 0.29}"
2024-06-12,42.40999984741211,42.529998779296875,42.20000076293945,42.279998779296875,40.38823318481445,34679600,
2024-06-13,42.33000183105469,42.40999984741211,42.029998779296875,42.18000030517578,40.29270935058594,21553600,
2024-06-14,42.09000015258789,42.2599983215332,42.02000045776367,42.22999954223633,40.34046936035156,18813600,
2024-06-17,42.34000015258789,42.56999969482422,42.22999954223633,42.5,40.598388671875,21037700,
2024-06-18,42.599998474121094,42.970001220703125,42.599998474121094,42.88999938964844,40.970943450927734,35675300,
2024-06-20,43.08000183105469,43.08000183105469,42.65999984741211,42.81999969482422,40.90407180786133,43438100,
2024-06-21,42.72999954223633,42.81999969482422,42.650001525878906,42.66999816894531,40.760780334472656,20232900,
2024-06-24,42.75,42.9900016784668,42.65999984741211,42.66999816894531,40.760780334472656,19840000,
2024-06-25,42.599998474121094,42.599998474121094,42.459999084472656,42.56999969482422,40.66525650024414,25337500,
2024-06-26,42.459999084472656,42.540000915527344,42.380001068115234,42.47999954223633,40.579280853271484,18961900,
2024-06-27,42.70000076293945,42.709999084472656,42.470001220703125,42.5099983215332,40.60793685913086,24041500,
2024-06-28,42.779998779296875,42.810001373291016,42.5099983215332,42.59000015258789,40.68436050415039,22614500,
2024-07-01,42.86000061035156,42.91999816894531,42.619998931884766,42.689998626708984,40.779884338378906,18805300,
2024-07-02,42.540000915527344,42.84000015258789,42.52000045776367,42.81999969482422,40.90407180786133,21593200,
2024-07-03,43.099998474121094,43.470001220703125,43.099998474121094,43.45000076293945,41.505882263183594,27233300,
2024-07-05,43.619998931884766,43.650001525878906,43.310001373291016,43.630001068115234,41.677825927734375,21337800,
2024-07-08,43.7400016784668,43.810001373291016,43.61000061035156,43.63999938964844,41.687381744384766,18685200,
2024-07-09,43.72999954223633,43.880001068115234,43.66999816894531,43.81999969482422,41.85932540893555,19364300,
2024-07-10,43.97999954223633,44.08000183105469,43.88999938964844,44.06999969482422,42.098140716552734,15332700,
2024-07-11,44.540000915527344,44.58000183105469,44.209999084472656,44.33000183105469,42.34650802612305,35650400,
2024-07-12,44.470001220703125,44.63999938964844,44.459999084472656,44.5099983215332,42.51845169067383,24799300,
2024-07-15,44.27000045776367,44.290000915527344,43.9900016784668,44.040000915527344,42.069480895996094,24174900,
2024-07-16,44.060001373291016,44.29999923706055,44.02000045776367,44.290000915527344,42.30830001831055,19234300,
2024-07-17,43.75,43.81999969482422,43.540000915527344,43.56999969482422,41.620513916015625,42630900,
2024-07-18,43.650001525878906,43.68000030517578,43.09000015258789,43.15999984741211,41.22885513305664,42400100,
2024-07-19,43.0099983215332,43.06999969482422,42.7400016784668,42.7400016784668,40.8276481628418,34590700,
2024-07-22,43.02000045776367,43.13999938964844,42.90999984741211,43.099998474121094,41.17154312133789,17057500,
2024-07-23,42.779998779296875,42.849998474121094,42.65999984741211,42.720001220703125,40.80854415893555,22891900,
2024-07-24,42.529998779296875,42.58000183105469,42.09000015258789,42.099998474121094,40.21628189086914,28113700,
2024-07-25,41.91999816894531,42.25,41.779998779296875,41.93000030517578,40.05389404296875,27940500,
2024-07-26,42.279998779296875,42.459999084472656,42.189998626708984,42.36000061035156,40.46465301513672,21393700,
2024-07-29,42.31999969482422,42.33000183105469,42.06999969482422,42.220001220703125,40.33091735839844,14299200,
2024-07-30,42.25,42.2599983215332,41.88999938964844,42.029998779296875,40.149417877197266,19193600,
2024-07-31,42.95000076293945,43.11000061035156,42.81999969482422,42.95000076293945,41.02825164794922,38600400,
2024-08-01,42.790000915527344,42.880001068115234,42.09000015258789,42.20000076293945,40.31181335449219,35497100,
2024-08-02,41.529998779296875,41.66999816894531,41.369998931884766,41.599998474121094,39.7386589050293,36857000,
2024-08-05,39.40999984741211,40.689998626708984,39.38999938964844,40.41999816894531,38.61145782470703,60439500,
2024-08-06,40.279998779296875,40.95000076293945,40.20000076293945,40.650001525878906,38.8311653137207,32540200,
2024-08-07,41.560001373291016,41.59000015258789,40.880001068115234,40.900001525878906,39.06998062133789,36654400,
2024-08-08,41.45000076293945,41.86000061035156,41.310001373291016,41.83000183105469,39.95836639404297,30021900,
2024-08-09,41.93000030517578,42.13999938964844,41.77000045776367,42.060001373291016,40.178077697753906,21142800,
2024-08-12,42.15999984741211,42.369998931884766,42.09000015258789,42.20000076293945,40.31181335449219,15042300,
2024-08-13,42.310001373291016,42.68000030517578,42.290000915527344,42.66999816894531,40.760780334472656,21073600,
2024-08-14,42.61000061035156,42.630001068115234,42.279998779296875,42.439998626708984,40.54106903076172,17537100,
2024-08-15,42.650001525878906,43.0,42.56999969482422,42.90999984741211,40.990047454833984,26914000,
2024-08-16,43.15999984741211,43.43000030517578,43.13999938964844,43.40999984741211,41.46767044067383,31457900,
2024-08-19,43.630001068115234,43.90999984741211,43.56999969482422,43.83000183105469,41.86887741088867,26716600,
2024-08-20,43.70000076293945,43.709999084472656,43.380001068115234,43.4900016784668,41.54409408569336,19230800,
2024-08-21,43.5099983215332,43.75,43.5,43.65999984741211,41.706485748291016,14644400,
2024-08-22,43.540000915527344,43.54999923706055,43.060001373291016,43.119998931884766,41.19064712524414,22515000,
2024-08-23,43.54999923706055,43.93000030517578,43.439998626708984,43.84000015258789,41.8784294128418,27848700,
2024-08-26,43.61000061035156,43.65999984741211,43.40999984741211,43.470001220703125,41.52499008178711,18429300,
2024-08-27,43.470001220703125,43.59000015258789,43.349998474121094,43.529998779296875,41.582305908203125,14424700,
2024-08-28,43.41999816894531,43.45000076293945,43.099998474121094,43.2599983215332,41.324378967285156,15443000,
2024-08-29,43.34000015258789,43.5099983215332,43.2599983215332,43.279998779296875,41.34348678588867,15497600,
2024-08-30,43.5,43.52000045776367,43.18000030517578,43.369998931884766,41.42945861816406,29450400,
2024-09-03,42.959999084472656,43.0099983215332,42.459999084472656,42.5099983215332,40.60793685913086,35293700,
2024-09-04,42.400001525878906,42.75,42.400001525878906,42.5,40.598388671875,24895900,
2024-09-05,42.52000045776367,42.72999954223633,42.43000030517578,42.560001373291016,40.655704498291016,22513900,
2024-09-06,42.540000915527344,42.59000015258789,41.75,41.779998779296875,39.91059875488281,32436800,
2024-09-09,42.029998779296875,42.22999954223633,41.970001220703125,42.130001068115234,40.24494934082031,19917400,
2024-09-10,42.04999923706055,42.04999923706055,41.689998626708984,41.970001220703125,40.09210205078125,19700400,
2024-09-11,41.900001525878906,42.29999923706055,41.560001373291016,42.279998779296875,40.38823318481445,26253300,
2024-09-12,42.369998931884766,42.63999938964844,42.2599983215332,42.630001068115234,40.722572326660156,19993200,
2024-09-13,42.77000045776367,42.900001525878906,42.75,42.83000183105469,40.91362762451172,16882300,
2024-09-16,42.9900016784668,43.0099983215332,42.779998779296875,42.970001220703125,41.047359466552734,14733000,
2024-09-17,43.189998626708984,43.220001220703125,42.90999984741211,43.02000045776367,41.095123291015625,20623700,
2024-09-18,43.099998474121094,43.439998626708984,42.810001373291016,42.869998931884766,40.95183181762695,26010500,
2024-09-19,43.619998931884766,43.880001068115234,43.369998931884766,43.779998779296875,41.82111358642578,41025500,
2024-09-20,43.810001373291016,43.849998474121094,43.540000915527344,43.689998626708984,41.73514175415039,33038100,
2024-09-23,43.91999816894531,44.16999816894531,43.88999938964844,44.029998779296875,42.05992889404297,24891700,
2024-09-24,45.15999984741211,45.63999938964844,44.9900016784668,45.529998779296875,43.49281311035156,64472700,
2024-09-25,45.25,45.369998931884766,45.02000045776367,45.04999923706055,43.0342903137207,41967800,
2024-09-26,46.720001220703125,46.880001068115234,46.29999923706055,46.70000076293945,44.61046600341797,80876300,
2024-09-27,46.66999816894531,46.95000076293945,46.529998779296875,46.61000061035156,44.52449035644531,51540100,
2024-09-30,46.349998474121094,46.380001068115234,45.75,45.86000061035156,43.808048248291016,61400400,
2024-10-01,46.099998474121094,46.209999084472656,45.59000015258789,46.189998626708984,44.12328338623047,38648900,
2024-10-02,47.099998474121094,47.150001525878906,46.72999954223633,47.099998474121094,44.99256896972656,55790400,
2024-10-03,46.25,46.720001220703125,46.20000076293945,46.540000915527344,44.45762634277344,31198300,
2024-10-04,46.880001068115234,46.9900016784668,46.68000030517578,46.970001220703125,44.868385314941406,29476800,
2024-10-07,47.29999923706055,47.439998626708984,47.02000045776367,47.36000061035156,45.240928649902344,42198000,
2024-10-08,46.13999938964844,46.290000915527344,45.790000915527344,46.189998626708984,44.12328338623047,47817300,
2024-10-09,45.58000183105469,46.060001373291016,45.529998779296875,45.939998626708984,43.88446807861328,35395800,
2024-10-10,46.02000045776367,46.130001068115234,45.63999938964844,46.029998779296875,43.97044372558594,18052400,
2024-10-11,45.75,46.380001068115234,45.70000076293945,46.36000061035156,44.28567886352539,28389200,
2024-10-14,46.0099983215332,46.43000030517578,45.88999938964844,46.16999816894531,44.10417556762695,20415200,
2024-10-15,45.75,45.779998779296875,45.08000183105469,45.189998626708984,43.168025970458984,31270700,
2024-10-16,45.5099983215332,45.70000076293945,45.45000076293945,45.540000915527344,43.50236892700195,25111200,
2024-10-17,45.400001525878906,45.560001373291016,45.2400016784668,45.470001220703125,43.43549728393555,36885700,
2024-10-18,46.16999816894531,46.18000030517578,45.869998931884766,45.91999816894531,43.86536407470703,30391600,
2024-10-21,45.540000915527344,45.709999084472656,45.34000015258789,45.599998474121094,43.5596809387207,19614900,
2024-10-22,45.380001068115234,45.599998474121094,45.36000061035156,45.5,43.46415710449219,19243400,
2024-10-23,45.34000015258789,45.470001220703125,45.060001373291016,45.22999954223633,43.20623779296875,19822000,
2024-10-24,45.18000030517578,45.2400016784668,44.95000076293945,45.15999984741211,43.13936996459961,16257100,
2024-10-25,45.310001373291016,45.459999084472656,45.04999923706055,45.119998931884766,43.101158142089844,21428500,
2024-10-28,45.220001220703125,45.41999816894531,45.15999984741211,45.31999969482422,43.29220962524414,15169300,
2024-10-29,45.29999923706055,45.34000015258789,45.13999938964844,45.18000030517578,43.15847396850586,15439300,
2024-10-30,44.720001220703125,44.93000030517578,44.650001525878906,44.7400016784668,42.738162994384766,24149900,
2024-10-31,44.599998474121094,44.599998474121094,44.189998626708984,44.45000076293945,42.46113967895508,43988700,
2024-11-01,44.779998779296875,44.90999984741211,44.47999954223633,44.4900016784668,42.49934768676758,17525900,
2024-11-04,44.939998626708984,45.08000183105469,44.720001220703125,44.7400016784668,42.738162994384766,24674200,
2024-11-05,45.22999954223633,45.40999984741211,45.189998626708984,45.349998474121094,43.320865631103516,21398300,
2024-11-06,44.529998779296875,44.939998626708984,44.349998474121094,44.790000915527344,42.78592300415039,37143300,
2024-11-07,45.54999923706055,45.90999984741211,45.529998779296875,45.779998779296875,43.731624603271484,39247600,
2024-11-08,45.0099983215332,45.09000015258789,44.459999084472656,44.650001525878906,42.652191162109375,44833800,
2024-11-11,44.47999954223633,44.5,44.16999816894531,44.310001373291016,42.3274040222168,21342300,
2024-11-12,43.689998626708984,43.72999954223633,43.33000183105469,43.470001220703125,41.52499008178711,33946300,
2024-11-13,43.52000045776367,43.529998779296875,43.119998931884766,43.189998626708984,41.257511138916016,26586800,
2024-11-14,43.130001068115234,43.22999954223633,42.939998626708984,42.95000076293945,41.02825164794922,34443200,
2024-11-15,43.09000015258789,43.119998931884766,42.849998474121094,42.95000076293945,41.02825164794922,29127800,
2024-11-18,43.15999984741211,43.459999084472656,43.15999984741211,43.439998626708984,41.4963264465332,27765000,
2024-11-19,43.29999923706055,43.52000045776367,43.27000045776367,43.40999984741211,41.46767044067383,16624500,
2024-11-20,43.349998474121094,43.38999938964844,43.130001068115234,43.36000061035156,41.4199104309082,18358000,
2024-11-21,43.220001220703125,43.310001373291016,43.06999969482422,43.27000045776367,41.33393478393555,16086900,
2024-11-22,43.11000061035156,43.290000915527344,43.099998474121094,43.279998779296875,41.34348678588867,14104100,
2024-11-25,43.459999084472656,43.47999954223633,43.189998626708984,43.310001373291016,41.37214279174805,18855100,
2024-11-26,43.310001373291016,43.31999969482422,43.08000183105469,43.130001068115234,41.200199127197266,19119700,
2024-11-27,43.38999938964844,43.439998626708984,43.029998779296875,43.189998626708984,41.257511138916016,17922000,
2024-11-29,42.810001373291016,43.29999923706055,42.79999923706055,43.2599983215332,41.324378967285156,17372200,
2024-12-02,43.36000061035156,43.4900016784668,43.209999084472656,43.43000030517578,41.486778259277344,16508700,
2024-12-03,43.2599983215332,43.54999923706055,43.099998474121094,43.52000045776367,41.572750091552734,49462500,
2024-12-04,43.65999984741211,43.70000076293945,43.4900016784668,43.630001068115234,41.677825927734375,21339100,
2024-12-05,43.849998474121094,43.970001220703125,43.83000183105469,43.91999816894531,41.95484924316406,23736100,
2024-12-06,44.029998779296875,44.060001373291016,43.790000915527344,43.849998474121094,41.88798522949219,13142400,
2024-12-09,44.790000915527344,45.099998474121094,44.72999954223633,44.75,42.74771499633789,34841300,
2024-12-10,44.279998779296875,44.31999969482422,44.0,44.029998779296875,42.05992889404297,26979800,
2024-12-11,44.130001068115234,44.2400016784668,43.9900016784668,44.209999084472656,42.231876373291016,20405600,
2024-12-12,44.060001373291016,44.220001220703125,43.93000030517578,43.9900016784668,42.02172088623047,17662900,
2024-12-13,44.099998474121094,44.11000061035156,43.880001068115234,44.029998779296875,42.05992889404297,19381200,
2024-12-16,43.83000183105469,43.959999084472656,43.779998779296875,43.790000915527344,41.83066940307617,32259800,
2024-12-17,42.720001220703125,43.0099983215332,42.689998626708984,42.959999084472656,41.730613708496094,30224000,"{""dividend_amount"": 0.727}"
2024-12-18,42.900001525878906,43.0099983215332,41.880001068115234,41.959999084472656,40.75923156738281,33249500,
2024-12-19,42.369998931884766,42.40999984741211,42.099998474121094,42.099998474121094,40.895225524902344,31146900,
2024-12-20,41.959999084472656,42.4900016784668,41.93000030517578,42.27000045776367,41.06036376953125,25512200,
2024-12-23,42.279998779296875,42.54999923706055,42.209999084472656,42.5099983215332,41.29349136352539,17955400,
2024-12-24,42.5099983215332,42.66999816894531,42.459999084472656,42.63999938964844,41.41977310180664,7066800,
2024-12-26,42.36000061035156,42.58000183105469,42.34000015258789,42.4900016784668,41.274070739746094,16152200,
2024-12-27,42.22999954223633,42.33000183105469,42.11000061035156,42.29999923706055,41.08950424194336,22672400,
2024-12-30,42.040000915527344,42.09000015258789,41.84000015258789,41.959999084472656,40.75923156738281,25055000,
2024-12-31,41.939998626708984,42.040000915527344,41.790000915527344,41.81999969482422,40.62323760986328,40524000,
2025-01-02,41.869998931884766,41.9900016784668,41.68000030517578,41.7599983215332,40.56495666503906,25287200,
2025-01-03,42.09000015258789,42.189998626708984,41.959999084472656,42.150001525878906,40.94380187988281,17706000,
2025-01-06,42.599998474121094,42.72999954223633,42.279998779296875,42.29999923706055,41.08950424194336,26200900,
2025-01-07,42.459999084472656,42.470001220703125,41.959999084472656,42.0,40.79808807373047,30912500,
2025-01-08,41.7400016784668,41.849998474121094,41.61000061035156,41.79999923706055,40.60381317138672,20257500,
2025-01-10,41.27000045776367,41.27000045776367,41.02000045776367,41.09000015258789,39.91413116455078,42204300,
2025-01-13,40.630001068115234,40.83000183105469,40.61000061035156,40.810001373291016,39.642147064208984,28154900,
2025-01-14,41.34000015258789,41.38999938964844,41.13999938964844,41.27000045776367,40.0889778137207,23438600,
2025-01-15,41.709999084472656,41.83000183105469,41.619998931884766,41.810001373291016,40.613529205322266,22557000,
2025-01-16,41.939998626708984,41.95000076293945,41.75,41.7599983215332,40.56495666503906,17711400,
2025-01-17,41.959999084472656,42.380001068115234,41.900001525878906,42.09000015258789,40.88551330566406,30692300,
2025-01-21,42.459999084472656,42.599998474121094,42.290000915527344,42.540000915527344,41.322635650634766,16728200,
2025-01-22,42.599998474121094,42.68000030517578,42.45000076293945,42.56999969482422,41.351776123046875,16894600,
2025-01-23,42.47999954223633,42.709999084472656,42.400001525878906,42.66999816894531,41.448909759521484,15212800,
2025-01-24,42.90999984741211,43.04999923706055,42.75,42.95000076293945,41.72090530395508,20962800,
2025-01-27,42.20000076293945,42.31999969482422,42.08000183105469,42.16999816894531,40.96322250366211,25964200,
2025-01-28,42.2400016784668,42.5,41.9900016784668,42.47999954223633,41.26435470581055,22438200,
2025-01-29,42.72999954223633,42.81999969482422,42.439998626708984,42.4900016784668,41.274070739746094,24922400,
2025-01-30,42.81999969482422,43.34000015258789,42.79999923706055,43.209999084472656,41.97346115112305,30450300,
2025-01-31,43.220001220703125,43.31999969482422,42.650001525878906,42.720001220703125,41.49748229980469,29974700,
2025-02-03,42.02000045776367,42.66999816894531,41.970001220703125,42.40999984741211,41.196353912353516,37505700,
2025-02-04,42.939998626708984,43.310001373291016,42.880001068115234,43.16999816894531,41.934608459472656,26992900,
2025-02-05,43.0099983215332,43.16999816894531,42.95000076293945,43.060001373291016,41.827754974365234,21829200,
2025-02-06,43.20000076293945,43.2599983215332,43.11000061035156,43.2400016784668,42.00260543823242,19365700,
2025-02-07,43.619998931884766,43.720001220703125,43.15999984741211,43.20000076293945,41.963748931884766,32804300,
2025-02-10,43.619998931884766,43.720001220703125,43.5099983215332,43.720001220703125,42.4688720703125,19596700,
2025-02-11,43.41999816894531,43.650001525878906,43.349998474121094,43.54999923706055,42.303733825683594,19596800,
2025-02-12,43.4900016784668,43.95000076293945,43.380001068115234,43.790000915527344,42.536865234375,19986000,
2025-02-13,43.4900016784668,44.06999969482422,43.47999954223633,44.06999969482422,42.8088493347168,22841000,
2025-02-14,44.36000061035156,44.40999984741211,44.189998626708984,44.40999984741211,43.139122009277344,24329400,
2025-02-18,44.7599983215332,44.790000915527344,44.59000015258789,44.689998626708984,43.411109924316406,23037100,
2025-02-19,44.650001525878906,44.689998626708984,44.52000045776367,44.619998931884766,43.343109130859375,20275200,
2025-02-20,44.95000076293945,45.22999954223633,44.79999923706055,45.029998779296875,43.74137878417969,29210500,
2025-02-21,45.2599983215332,45.41999816894531,44.7400016784668,44.900001525878906,43.61510467529297,33974700,
2025-02-24,44.650001525878906,44.65999984741211,44.189998626708984,44.209999084472656,42.944847106933594,38307000,
2025-02-25,44.349998474121094,44.369998931884766,44.060001373291016,44.2400016784668,42.9739875793457,19955500,
2025-02-26,44.75,44.9900016784668,44.56999969482422,44.68000030517578,43.40139389038086,25171000,
2025-02-27,44.29999923706055,44.400001525878906,43.779998779296875,43.810001373291016,42.55629348754883,30518900,
2025-02-28,43.04999923706055,43.2599983215332,42.86000061035156,43.209999084472656,41.97346115112305,52402300,
2025-03-03,43.459999084472656,43.599998474121094,42.68000030517578,42.83000183105469,41.60434341430664,45587700,
2025-03-04,42.97999954223633,43.560001373291016,42.709999084472656,43.189998626708984,41.95403289794922,30082400,
2025-03-05,43.959999084472656,44.54999923706055,43.83000183105469,44.47999954223633,43.20711898803711,47763400,
2025-03-06,44.45000076293945,44.63999938964844,44.15999984741211,44.20000076293945,42.93513488769531,33544500,
2025-03-07,44.34000015258789,44.540000915527344,44.0099983215332,44.41999816894531,43.148834228515625,23474500,
2025-03-10,43.75,43.880001068115234,43.09000015258789,43.36000061035156,42.11916732788086,29502500,
2025-03-11,43.72999954223633,43.95000076293945,43.41999816894531,43.720001220703125,42.4688720703125,21184100,
2025-03-12,43.90999984741211,44.02000045776367,43.630001068115234,43.959999084472656,42.70199966430664,17731600,
2025-03-13,43.52000045776367,43.90999984741211,43.4900016784668,43.779998779296875,42.52714920043945,17870100,
2025-03-14,44.310001373291016,44.59000015258789,44.2599983215332,44.58000183105469,43.304256439208984,21858400,
2025-03-17,44.7400016784668,45.400001525878906,44.7400016784668,45.34000015258789,44.04250717163086,37712400,
2025-03-18,45.25,45.279998779296875,44.939998626708984,45.11000061035156,43.819091796875,19974200,
2025-03-19,45.290000915527344,45.380001068115234,45.0,45.220001220703125,43.925941467285156,31657500,
2025-03-20,44.599998474121094,44.869998931884766,44.540000915527344,44.79999923706055,43.51796340942383,25180900,
2025-03-21,44.439998626708984,44.650001525878906,44.400001525878906,44.58000183105469,43.304256439208984,19403800,
2025-03-24,44.75,44.900001525878906,44.65999984741211,44.779998779296875,43.498531341552734,20479000,
2025-03-25,44.7400016784668,44.86000061035156,44.61000061035156,44.650001525878906,43.372257232666016,29535900,
2025-03-26,44.619998931884766,44.68000030517578,44.31999969482422,44.380001068115234,43.109981536865234,22002200,
2025-03-27,44.41999816894531,44.7599983215332,44.41999816894531,44.599998474121094,43.32368469238281,15749100,
2025-03-28,44.16999816894531,44.220001220703125,43.70000076293945,43.77000045776367,42.51743698120117,27866500,
2025-03-31,43.310001373291016,43.7400016784668,43.15999984741211,43.70000076293945,42.449440002441406,25638300,
2025-04-01,43.650001525878906,43.959999084472656,43.5099983215332,43.84000015258789,42.58543395996094,21530300,
2025-04-02,43.720001220703125,44.040000915527344,43.709999084472656,43.900001525878906,42.643714904785156,18068100,
2025-04-03,42.97999954223633,43.290000915527344,42.959999084472656,42.970001220703125,41.740333557128906,26997500,
2025-04-04,41.349998474121094,41.47999954223633,40.13999938964844,40.58000183105469,39.41872787475586,75853000,
2025-04-07,38.84000015258789,40.540000915527344,38.56999969482422,39.06999969482422,37.951934814453125,87724900,
2025-04-08,40.220001220703125,40.25,38.189998626708984,38.52000045776367,37.41767501831055,57879100,
2025-04-09,38.7400016784668,41.33000183105469,38.459999084472656,41.189998626708984,40.01126480102539,71100600,
2025-04-10,40.83000183105469,40.88999938964844,39.83000183105469,40.47999954223633,39.32158660888672,44475900,
2025-04-11,41.119998931884766,41.810001373291016,40.970001220703125,41.75,40.55524444580078,43956500,
2025-04-14,42.029998779296875,42.380001068115234,41.86000061035156,42.130001068115234,40.92436981201172,22549600,
2025-04-15,42.20000076293945,42.349998474121094,42.08000183105469,42.09000015258789,40.88551330566406,18077500,
2025-04-16,41.790000915527344,42.029998779296875,41.43000030517578,41.599998474121094,40.40953826904297,19984700,
2025-04-17,42.060001373291016,42.22999954223633,41.880001068115234,41.91999816894531,40.720375061035156,23264400,
2025-04-21,42.16999816894531,42.220001220703125,41.61000061035156,41.90999984741211,40.710662841796875,16440700,
2025-04-22,42.380001068115234,42.83000183105469,42.34000015258789,42.540000915527344,41.322635650634766,25716100,
2025-04-23,43.290000915527344,43.52000045776367,42.97999954223633,43.029998779296875,41.798614501953125,24787400,
2025-04-24,43.150001525878906,43.58000183105469,43.099998474121094,43.529998779296875,42.284305572509766,28843500,
2025-04-25,43.220001220703125,43.45000076293945,43.13999938964844,43.45000076293945,42.20659255981445,18363700,
2025-04-28,43.5099983215332,43.59000015258789,43.31999969482422,43.529998779296875,42.284305572509766,11002200,
2025-04-29,43.59000015258789,43.7599983215332,43.560001373291016,43.650001525878906,42.40087127685547,12809100,
2025-04-30,43.59000015258789,43.83000183105469,43.40999984741211,43.7599983215332,42.50772476196289,20928800,
2025-05-01,43.93000030517578,43.959999084472656,43.709999084472656,43.75,42.498008728027344,14740500,
2025-05-02,45.150001525878906,45.16999816894531,44.84000015258789,45.0,43.71223831176758,33945900,
2025-05-05,45.459999084472656,45.529998779296875,45.34000015258789,45.34000015258789,44.04250717163086,22661100,
2025-05-06,45.0,45.34000015258789,44.97999954223633,45.15999984741211,43.86766052246094,17418700,
2025-05-07,44.81999969482422,44.83000183105469,44.52000045776367,44.63999938964844,43.36254119873047,23390500,
2025-05-08,44.790000915527344,44.869998931884766,44.560001373291016,44.61000061035156,43.33340072631836,17573700,
2025-05-09,45.099998474121094,45.15999984741211,44.83000183105469,44.90999984741211,43.62481689453125,16091100,
2025-05-12,46.02000045776367,46.02000045776367,45.709999084472656,45.880001068115234,44.56705856323242,26843500,
2025-05-13,45.56999969482422,46.130001068115234,45.540000915527344,45.959999084472656,44.6447639465332,23970300,
2025-05-14,46.40999984741211,46.459999084472656,46.25,46.310001373291016,44.9847526550293,22561700,
2025-05-15,46.22999954223633,46.290000915527344,46.040000915527344,46.290000915527344,44.96532440185547,21682500,
2025-05-16,46.209999084472656,46.29999923706055,46.060001373291016,46.2599983215332,44.936180114746094,23296900,
2025-05-19,45.939998626708984,46.369998931884766,45.939998626708984,46.36000061035156,45.03331756591797,16823000,
2025-05-20,46.16999816894531,46.31999969482422,46.130001068115234,46.310001373291016,44.9847526550293,20233700,
2025-05-21,46.4900016784668,46.599998474121094,46.119998931884766,46.189998626708984,44.86818313598633,25570400,
2025-05-22,45.970001220703125,46.150001525878906,45.900001525878906,46.040000915527344,44.722476959228516,16773000,
2025-05-23,45.90999984741211,46.310001373291016,45.869998931884766,46.22999954223633,44.907039642333984,22018900,
2025-05-27,46.06999969482422,46.18000030517578,45.970001220703125,46.119998931884766,44.80018615722656,26278900,
2025-05-28,46.0,46.02000045776367,45.869998931884766,45.90999984741211,44.596195220947266,26970500,
2025-05-29,46.31999969482422,46.34000015258789,45.93000030517578,46.08000183105469,44.76133346557617,24291700,
2025-05-30,45.65999984741211,45.65999984741211,45.22999954223633,45.52000045776367,44.21735763549805,42291600,
2025-06-02,45.689998626708984,45.869998931884766,45.52000045776367,45.849998474121094,44.53791046142578,20576500,
2025-06-03,45.84000015258789,46.0099983215332,45.7400016784668,45.959999084472656,44.6447639465332,20943400,
2025-06-04,46.400001525878906,46.59000015258789,46.349998474121094,46.529998779296875,45.19845199584961,26497800,
2025-06-05,46.93000030517578,46.97999954223633,46.650001525878906,46.77000045776367,45.43158721923828,26292800,
2025-06-06,46.810001373291016,46.95000076293945,46.720001220703125,46.91999816894531,45.577293395996094,16629900,
2025-06-09,47.16999816894531,47.38999938964844,47.11000061035156,47.31999969482422,45.96584701538086,22715200,
2025-06-10,47.54999923706055,47.630001068115234,47.34000015258789,47.59000015258789,46.228118896484375,26583600,
2025-06-11,47.84000015258789,47.970001220703125,47.72999954223633,47.790000915527344,46.422401428222656,28230800,
2025-06-12,47.72999954223633,47.900001525878906,47.689998626708984,47.869998931884766,46.50010681152344,19734400,
2025-06-13,47.0,47.29999923706055,46.97999954223633,47.11000061035156,45.76185989379883,35198100,
2025-06-16,47.18000030517578,47.5,47.18000030517578,47.22999954223633,46.32286834716797,26995900,"{""dividend_amount"": 0.452}"
2025-06-17,46.90999984741211,47.0099983215332,46.540000915527344,46.61000061035156,45.714778900146484,35176900,
2025-06-18,46.619998931884766,46.790000915527344,46.47999954223633,46.599998474121094,45.7049674987793,26286900,
2025-06-20,46.779998779296875,46.779998779296875,46.290000915527344,46.33000183105469,45.44015884399414,32783300,
2025-06-23,46.25,46.720001220703125,46.150001525878906,46.709999084472656,45.8128547668457,22233200,
2025-06-24,47.439998626708984,47.939998626708984,47.40999984741211,47.91999816894531,46.99961471557617,36113900,
2025-06-25,47.900001525878906,47.9900016784668,47.81999969482422,47.959999084472656,47.038848876953125,23739200,
2025-06-26,48.18000030517578,48.36000061035156,48.04999923706055,48.279998779296875,47.35270309448242,21962200,
2025-06-27,48.040000915527344,48.25,47.959999084472656,48.09000015258789,47.166351318359375,37593400,
2025-06-30,48.0,48.27000045776367,47.900001525878906,48.2400016784668,47.313472747802734,32966300,
2025-07-01,48.349998474121094,48.41999816894531,48.189998626708984,48.33000183105469,47.4017448425293,25393000,
2025-07-02,48.16999816894531,48.540000915527344,48.130001068115234,48.540000915527344,47.60771179199219,23950600,
2025-07-03,48.58000183105469,48.79999923706055,48.58000183105469,48.7599983215332,47.823482513427734,20080100,
2025-07-07,48.279998779296875,48.38999938964844,47.959999084472656,48.06999969482422,47.14673614501953,24462300,
2025-07-08,48.369998931884766,48.41999816894531,48.2400016784668,48.369998931884766,47.440975189208984,16316900,
2025-07-09,48.380001068115234,48.380001068115234,48.150001525878906,48.290000915527344,47.36251449584961,14846200,
2025-07-10,48.380001068115234,48.43000030517578,48.20000076293945,48.41999816894531,47.490013122558594,21892100,
2025-07-11,48.34000015258789,48.38999938964844,48.220001220703125,48.2599983215332,47.33308792114258,27338400,
2025-07-14,48.27000045776367,48.369998931884766,48.20000076293945,48.33000183105469,47.4017448425293,16882100,
2025-07-15,48.84000015258789,48.880001068115234,48.61000061035156,48.68000030517578,47.745018005371094,24890500,
2025-07-16,48.65999984741211,48.91999816894531,48.47999954223633,48.90999984741211,47.970603942871094,32620000,
2025-07-17,48.849998474121094,49.220001220703125,48.79999923706055,49.189998626708984,48.24522399902344,22323900,
2025-07-18,49.33000183105469,49.41999816894531,49.04999923706055,49.08000183105469,48.1373405456543,23408000,
2025-07-21,49.33000183105469,49.599998474121094,49.25,49.400001525878906,48.45119094848633,16861700,
2025-07-22,49.2599983215332,49.439998626708984,49.04999923706055,49.43000030517578,48.480613708496094,22316500,
2025-07-23,49.7400016784668,49.959999084472656,49.689998626708984,49.93000030517578,48.971012115478516,23744600,
2025-07-24,49.779998779296875,49.849998474121094,49.630001068115234,49.65999984741211,48.706199645996094,18948000,
2025-07-25,49.380001068115234,49.540000915527344,49.310001373291016,49.5099983215332,48.55907440185547,15605000,
2025-07-28,49.290000915527344,49.34000015258789,49.09000015258789,49.18000030517578,48.235416412353516,27703400,
2025-07-29,49.290000915527344,49.349998474121094,49.130001068115234,49.20000076293945,48.255035400390625,24742400,
2025-07-30,49.040000915527344,49.130001068115234,48.7400016784668,48.84000015258789,47.901947021484375,37855400,
2025-07-31,48.72999954223633,48.810001373291016,48.47999954223633,48.560001373291016,47.62732696533203,30587100,
2025-08-01,48.380001068115234,48.380001068115234,47.97999954223633,48.20000076293945,47.27424240112305,27234300,
2025-08-04,48.7400016784668,48.790000915527344,48.560001373291016,48.70000076293945,47.7646369934082,32920400,
2025-08-05,48.959999084472656,49.02000045776367,48.72999954223633,48.84000015258789,47.901947021484375,18709100,
2025-08-06,48.900001525878906,49.099998474121094,48.79999923706055,49.06999969482422,48.12752914428711,17094000,
2025-08-07,49.599998474121094,49.68000030517578,49.349998474121094,49.47999954223633,48.5296516418457,23378900,
2025-08-08,49.33000183105469,49.459999084472656,49.290000915527344,49.439998626708984,48.490421295166016,16926700,
2025-08-11,49.400001525878906,49.459999084472656,49.22999954223633,49.29999923706055,48.353111267089844,15176100,
2025-08-12,49.5099983215332,49.93000030517578,49.470001220703125,49.900001525878906,48.94158935546875,22908400,
2025-08-13,50.45000076293945,50.59000015258789,50.40999984741211,50.5,49.53006362915039,28585500,
2025-08-14,49.869998931884766,50.0099983215332,49.7400016784668,49.880001068115234,48.921974182128906,28016600,
2025-08-15,50.029998779296875,50.08000183105469,49.880001068115234,49.939998626708984,48.98081970214844,24042600,
2025-08-18,50.15999984741211,50.2400016784668,50.099998474121094,50.22999954223633,49.26525115966797,19212500,
2025-08-19,50.099998474121094,50.099998474121094,49.7599983215332,49.81999969482422,48.86312484741211,17226800,
2025-08-20,49.72999954223633,49.79999923706055,49.45000076293945,49.75,48.794471740722656,20299200,
2025-08-21,49.58000183105469,49.7400016784668,49.540000915527344,49.63999938964844,48.68658447265625,14428500,
2025-08-22,49.93000030517578,50.630001068115234,49.88999938964844,50.630001068115234,49.657569885253906,31264200,
2025-08-25,50.540000915527344,50.66999816894531,50.33000183105469,50.34000015258789,49.373138427734375,23701400,
2025-08-26,50.290000915527344,50.36000061035156,50.15999984741211,50.209999084472656,49.245635986328125,25684000,
2025-08-27,49.630001068115234,49.93000030517578,49.59000015258789,49.90999984741211,48.95139694213867,31452900,
2025-08-28,49.86000061035156,50.119998931884766,49.84000015258789,50.099998474121094,49.13774490356445,21353800,
2025-08-29,49.810001373291016,49.900001525878906,49.650001525878906,49.86000061035156,48.90235900878906,24867400,
2025-09-02,49.40999984741211,49.83000183105469,49.349998474121094,49.81999969482422,48.86312484741211,24343900,
2025-09-03,49.970001220703125,50.06999969482422,49.880001068115234,50.0099983215332,49.04947280883789,29035600,
2025-09-04,49.689998626708984,49.849998474121094,49.529998779296875,49.849998474121094,48.892547607421875,14791900,
2025-09-05,50.529998779296875,50.619998931884766,50.18000030517578,50.45000076293945,49.48102569580078,24805800,
2025-09-08,50.709999084472656,50.91999816894531,50.630001068115234,50.90999984741211,49.93218994140625,23345100,
2025-09-09,51.11000061035156,51.290000915527344,51.099998474121094,51.189998626708984,50.206809997558594,23818600,
2025-09-10,51.599998474121094,51.75,51.5,51.540000915527344,50.55009078979492,27152000,
2025-09-11,51.88999938964844,52.31999969482422,51.869998931884766,52.290000915527344,51.28568649291992,38948300,
2025-09-12,52.33000183105469,52.349998474121094,52.189998626708984,52.2599983215332,51.25625991821289,17773100,
2025-09-15,52.58000183105469,52.66999816894531,52.4900016784668,52.63999938964844,51.62895965576172,22076400,
2025-09-16,52.880001068115234,53.06999969482422,52.77000045776367,53.029998779296875,52.011470794677734,28614400,
2025-09-17,53.25,53.66999816894531,52.9900016784668,53.2599983215332,52.23705291748047,53353400,
2025-09-18,52.90999984741211,53.15999984741211,52.790000915527344,53.130001068115234,52.109554290771484,30544400,
2025-09-19,53.06999969482422,53.119998931884766,52.90999984741211,53.0099983215332,51.99185562133789,37385100,
2025-09-22,53.04999923706055,53.279998779296875,52.97999954223633,53.27000045776367,52.24686050415039,18357700,
2025-09-23,53.31999969482422,53.529998779296875,53.25,53.29999923706055,52.276283264160156,21298600,
2025-09-24,53.2599983215332,53.349998474121094,53.04999923706055,53.119998931884766,52.0997428894043,24947100,
2025-09-25,52.779998779296875,52.97999954223633,52.63999938964844,52.810001373291016,51.79569625854492,27611900,
2025-09-26,52.439998626708984,52.709999084472656,52.349998474121094,52.709999084472656,51.69761657714844,22608400,
2025-09-29,53.2400016784668,53.38999938964844,53.119998931884766,53.189998626708984,52.16839599609375,26754400,
2025-09-30,53.34000015258789,53.439998626708984,53.20000076293945,53.400001525878906,52.374366760253906,25165300,
2025-10-01,53.59000015258789,53.849998474121094,53.59000015258789,53.81999969482422,52.78629684448242,29971300,
2025-10-02,54.349998474121094,54.349998474121094,53.900001525878906,54.06999969482422,53.031494140625,27872000,
2025-10-03,54.33000183105469,54.38999938964844,54.060001373291016,54.22999954223633,53.18842315673828,21836000,
2025-10-06,54.349998474121094,54.54999923706055,54.29999923706055,54.47999954223633,53.43362045288086,17890500,
2025-10-07,54.68000030517578,54.689998626708984,54.02000045776367,54.060001373291016,53.021690368652344,18605600,
2025-10-08,54.130001068115234,54.4900016784668,54.119998931884766,54.4900016784668,53.44343185424805,15391200,
2025-10-09,54.52000045776367,54.529998779296875,53.79999923706055,53.93000030517578,52.89418411254883,24685200,
2025-10-10,53.959999084472656,54.040000915527344,51.81999969482422,51.939998626708984,50.942405700683594,67908200,
2025-10-13,53.439998626708984,53.650001525878906,53.20000076293945,53.45000076293945,52.423404693603516,34717200,
2025-10-14,52.61000061035156,53.369998931884766,52.529998779296875,52.970001220703125,51.9526252746582,36062800,
2025-10-15,53.849998474121094,54.040000915527344,53.5099983215332,53.84000015258789,52.80591583251953,31145700,
2025-10-16,54.34000015258789,54.58000183105469,54.04999923706055,54.189998626708984,53.14918899536133,29782000,
2025-10-17,53.83000183105469,54.279998779296875,53.79999923706055,54.18000030517578,53.139381408691406,24373600,
2025-10-20,54.560001373291016,55.029998779296875,54.560001373291016,54.91999816894531,53.865169525146484,29450600,
2025-10-21,54.59000015258789,54.59000015258789,54.310001373291016,54.310001373291016,53.26689147949219,27091800,
2025-10-22,54.43000030517578,54.689998626708984,54.0099983215332,54.2599983215332,53.21784591674805,23595100,
2025-10-23,54.47999954223633,54.86000061035156,54.459999084472656,54.7400016784668,53.688629150390625,19655800,
2025-10-24,55.18000030517578,55.209999084472656,55.0099983215332,55.099998474121094,54.04171371459961,19506300,
2025-10-27,55.720001220703125,55.7400016784668,55.5,55.709999084472656,54.63999938964844,24016300,
2025-10-28,55.380001068115234,55.77000045776367,55.33000183105469,55.689998626708984,54.62038040161133,25911500,
2025-10-29,56.220001220703125,56.310001373291016,55.75,56.0099983215332,54.934234619140625,32924600,
2025-10-30,55.45000076293945,55.65999984741211,55.31999969482422,55.43000030517578,54.36537551879883,22532800,
2025-10-31,55.34000015258789,55.38999938964844,55.029998779296875,55.29999923706055,54.23787307739258,29316400,
2025-11-03,55.689998626708984,55.72999954223633,55.369998931884766,55.650001525878906,54.581153869628906,18735900,
2025-11-04,54.72999954223633,55.06999969482422,54.61000061035156,54.630001068115234,53.58074188232422,25655800,
2025-11-05,54.63999938964844,55.25,54.61000061035156,55.119998931884766,54.06132888793945,22362000,
2025-11-06,55.06999969482422,55.220001220703125,54.52000045776367,54.709999084472656,53.659202575683594,24880700,
2025-11-07,54.209999084472656,54.54999923706055,53.79999923706055,54.54999923706055,53.50227737426758,32432300,
2025-11-10,55.279998779296875,55.54999923706055,55.099998474121094,55.5099983215332,54.4438362121582,27712200,
2025-11-11,55.5099983215332,55.70000076293945,55.369998931884766,55.56999969482422,54.502685546875,22791800,
2025-11-12,55.65999984741211,55.65999984741211,55.41999816894531,55.58000183105469,54.51249313354492,24137600,
2025-11-13,55.70000076293945,55.72999954223633,54.81999969482422,54.93000030517578,53.87498092651367,29877500,
2025-11-14,54.529998779296875,55.29999923706055,54.40999984741211,54.959999084472656,53.90440368652344,27660000,
2025-11-17,54.52000045776367,54.88999938964844,54.13999938964844,54.310001373291016,53.26689147949219,24765100,
2025-11-18,53.880001068115234,54.25,53.68000030517578,54.040000915527344,53.002071380615234,29360300,
2025-11-19,53.84000015258789,54.16999816894531,53.61000061035156,53.849998474121094,52.81571960449219,20897700,
2025-11-20,54.43000030517578,54.4900016784668,53.08000183105469,53.11000061035156,52.089935302734375,32026400,
2025-11-21,52.709999084472656,53.33000183105469,52.380001068115234,53.099998474121094,52.08012771606445,40328800,
2025-11-24,53.119998931884766,53.70000076293945,53.119998931884766,53.65999984741211,52.629371643066406,33650600,
2025-11-25,53.630001068115234,53.869998931884766,53.209999084472656,53.849998474121094,52.81571960449219,25248200,
2025-11-26,54.099998474121094,54.33000183105469,53.959999084472656,54.2400016784668,53.19823455810547,22161600,
2025-11-28,54.15999984741211,54.369998931884766,54.119998931884766,54.31999969482422,53.276695251464844,15057500,
2025-12-01,54.150001525878906,54.45000076293945,54.150001525878906,54.279998779296875,53.237464904785156,17854000,
2025-12-02,54.36000061035156,54.380001068115234,54.06999969482422,54.29999923706055,53.257080078125,22523100,
2025-12-03,54.13999938964844,54.349998474121094,54.04999923706055,54.34000015258789,53.29631423950195,16750200,
2025-12-04,54.40999984741211,54.40999984741211,54.18000030517578,54.33000183105469,53.28650665283203,14443500,
2025-12-05,54.93000030517578,55.119998931884766,54.66999816894531,54.7400016784668,53.688629150390625,20114400,
2025-12-08,54.869998931884766,54.869998931884766,54.47999954223633,54.619998931884766,53.57093048095703,29055600,
2025-12-09,54.29999923706055,54.58000183105469,54.25,54.529998779296875,53.482662200927734,17789200,
2025-12-10,54.650001525878906,55.2400016784668,54.58000183105469,55.13999938964844,54.0809440612793,35022900,
2025-12-11,54.70000076293945,54.95000076293945,54.47999954223633,54.880001068115234,53.8259391784668,22013500,
2025-12-12,54.90999984741211,54.95000076293945,54.099998474121094,54.2400016784668,53.19823455810547,30590000,
2025-12-15,54.54999923706055,54.58000183105469,54.06999969482422,54.08000183105469,53.04130554199219,29137000,
2025-12-16,52.959999084472656,53.130001068115234,52.77000045776367,52.97999954223633,52.70604705810547,38180700,"{""dividend_amount"": 0.763}"
2025-12-17,53.2599983215332,53.310001373291016,52.58000183105469,52.599998474121094,52.32801055908203,35740800,
2025-12-18,53.27000045776367,53.5,53.13999938964844,53.20000076293945,52.92491149902344,29985700,
2025-12-19,53.540000915527344,53.88999938964844,53.5,53.720001220703125,53.442222595214844,28831700,
2025-12-22,53.970001220703125,54.04999923706055,53.88999938964844,54.0099983215332,53.73072052001953,21645200,
2025-12-23,53.9900016784668,54.33000183105469,53.900001525878906,54.310001373291016,54.029170989990234,25319700,
2025-12-24,54.40999984741211,54.459999084472656,54.34000015258789,54.41999816894531,54.13859939575195,9565300,
2025-12-26,54.56999969482422,54.81999969482422,54.529998779296875,54.79999923706055,54.51663589477539,11352000,
2025-12-29,54.52000045776367,54.68000030517578,54.43000030517578,54.65999984741211,54.37736129760742,18816700,
2025-12-30,54.869998931884766,54.9900016784668,54.810001373291016,54.880001068115234,54.596221923828125,24643000,
2025-12-31,54.900001525878906,54.91999816894531,54.68000030517578,54.709999084472656,54.427101135253906,20000900,
