timestamp,open,high,low,close,adjusted_close,volume,corporate_action
2021-09-29,115.19999694824219,115.36000061035156,114.87000274658203,115.08000183105469,99.32951354980469,8364000,
2021-09-30,114.97000122070312,115.26000213623047,114.91999816894531,115.22000122070312,99.45032501220703,7307900,
2021-10-01,115.36000061035156,115.66000366210938,115.26000213623047,115.61000061035156,99.85627746582031,19830100,"{""dividend_amount"": 0.08}"
2021-10-04,115.41000366210938,115.66999816894531,115.26000213623047,115.47000122070312,99.7353515625,7691800,
2021-10-05,115.29000091552734,115.31999969482422,114.98999786376953,115.11000061035156,99.42440795898438,6861900,
2021-10-06,115.1500015258789,115.26000213623047,115.05000305175781,115.13999938964844,99.4503173828125,7473500,
2021-10-07,114.87999725341797,114.91000366210938,114.66999816894531,114.68000030517578,99.05301666259766,8160200,
2021-10-08,114.62000274658203,114.62000274658203,114.30000305175781,114.43000030517578,98.83706665039062,9455100,
2021-10-11,114.2300033569336,114.31999969482422,114.12999725341797,114.1500015258789,98.59521484375,2261300,
2021-10-12,114.3499984741211,114.70999908447266,114.27999877929688,114.66999816894531,99.04438781738281,7938400,
2021-10-13,114.73999786376953,115.05000305175781,114.68000030517578,114.88999938964844,99.23436737060547,11662400,
2021-10-14,115.0199966430664,115.20999908447266,114.9000015258789,115.16000366210938,99.46759796142578,9518200,
2021-10-15,114.73999786376953,114.7699966430664,114.52999877929688,114.58999633789062,98.97528839111328,8689700,
2021-10-18,114.25,114.5199966430664,114.06999969482422,114.43000030517578,98.83706665039062,8703300,
2021-10-19,114.2699966430664,114.31999969482422,114.0,114.0199966430664,98.48292541503906,7445200,
2021-10-20,114.0199966430664,114.20999908447266,113.94000244140625,113.97000122070312,98.43974304199219,6230000,
2021-10-21,113.9000015258789,113.94999694824219,113.62999725341797,113.66999816894531,98.18062591552734,7103900,
2021-10-22,113.77999877929688,114.05000305175781,113.66999816894531,113.95999908447266,98.4311294555664,10204600,
2021-10-25,113.9800033569336,114.22000122070312,113.9800033569336,114.0999984741211,98.55203247070312,4835000,
2021-10-26,114.12000274658203,114.23999786376953,113.9000015258789,114.23999786376953,98.6729507446289,5603100,
2021-10-27,114.63999938964844,115.05999755859375,114.31999969482422,114.87999725341797,99.22575378417969,16140300,
2021-10-28,114.76000213623047,114.91000366210938,114.45999908447266,114.58000183105469,98.96663665771484,9940400,
2021-10-29,114.2699966430664,114.86000061035156,114.19000244140625,114.62999725341797,99.00983428955078,11254300,
2021-11-01,114.22000122070312,114.62999725341797,114.19000244140625,114.54000091552734,99.00205993652344,14479000,"{""dividend_amount"": 0.081}"
2021-11-02,114.66999816894531,114.95999908447266,114.66000366210938,114.81999969482422,99.24405670166016,12191100,
2021-11-03,114.83999633789062,114.87999725341797,114.2699966430664,114.45999908447266,98.9328842163086,17031100,
2021-11-04,114.66000366210938,115.16999816894531,114.66000366210938,115.08000183105469,99.4687728881836,12665400,
2021-11-05,115.33999633789062,115.80999755859375,115.22000122070312,115.70999908447266,100.01329803466797,12955100,
2021-11-08,115.5199966430664,115.5199966430664,115.16000366210938,115.20999908447266,99.58116149902344,7404300,
2021-11-09,115.69999694824219,115.9800033569336,115.6500015258789,115.73999786376953,100.03924560546875,12345400,
2021-11-10,115.54000091552734,115.56999969482422,114.54000091552734,114.75,99.18353271484375,19425100,
2021-11-11,114.75,114.80000305175781,114.37999725341797,114.37999725341797,98.86376190185547,3746100,
2021-11-12,114.80000305175781,114.94000244140625,114.5199966430664,114.62000274658203,99.0711898803711,10613400,
2021-11-15,114.55000305175781,114.58000183105469,114.12999725341797,114.16999816894531,98.6822509765625,8021400,
2021-11-16,114.18000030517578,114.4000015258789,114.05000305175781,114.06999969482422,98.5958023071289,6573700,
2021-11-17,114.06999969482422,114.48999786376953,114.05000305175781,114.4800033569336,98.95018768310547,10006200,
2021-11-18,114.30999755859375,114.58000183105469,114.29000091552734,114.55000305175781,99.01069641113281,10183400,
2021-11-19,114.91999816894531,115.11000061035156,114.79000091552734,114.86000061035156,99.27865600585938,10731600,
2021-11-22,114.33000183105469,114.44000244140625,113.94999694824219,114.0199966430664,98.55255889892578,10876200,
2021-11-23,113.81999969482422,113.87999725341797,113.55000305175781,113.55000305175781,98.14635467529297,11543700,
2021-11-24,113.56999969482422,113.91999816894531,113.5,113.9000015258789,98.44884490966797,8322900,
2021-11-26,114.9800033569336,115.38999938964844,114.91999816894531,115.37000274658203,99.7194595336914,13878500,
2021-11-29,114.69000244140625,115.19999694824219,114.66000366210938,115.11000061035156,99.49474334716797,13908200,
2021-11-30,115.81999969482422,116.1500015258789,115.22000122070312,115.80000305175781,100.09111022949219,19416800,
2021-12-01,115.30000305175781,115.93000030517578,115.16000366210938,115.93000030517578,100.27969360351562,24991000,"{""dividend_amount"": 0.088}"
2021-12-02,115.9000015258789,115.94999694824219,115.41000366210938,115.68000030517578,100.06344604492188,11448900,
2021-12-03,115.48999786376953,116.63999938964844,115.38999938964844,116.36000061035156,100.65164184570312,19790900,
2021-12-06,116.19000244140625,116.27999877929688,115.6500015258789,115.77999877929688,100.14993286132812,9863200,
2021-12-07,115.45999908447266,115.69999694824219,115.26000213623047,115.33999633789062,99.76936340332031,7678400,
2021-12-08,115.16999816894531,115.19999694824219,114.81999969482422,114.97000122070312,99.44927978515625,11126500,
2021-12-09,115.25,115.44000244140625,115.0999984741211,115.26000213623047,99.70014953613281,9198400,
2021-12-10,115.44000244140625,115.66000366210938,115.27999877929688,115.33999633789062,99.76936340332031,5051500,
2021-12-13,115.62999725341797,115.98999786376953,115.61000061035156,115.88999938964844,100.2450942993164,5706900,
2021-12-14,115.6500015258789,115.80999755859375,115.43000030517578,115.69000244140625,100.07209014892578,4749500,
2021-12-15,115.41000366210938,115.7300033569336,115.27999877929688,115.5199966430664,99.92501068115234,8428000,
2021-12-16,115.58000183105469,115.91000366210938,115.55999755859375,115.75,100.21595001220703,9085400,"{""dividend_amount"": 0.106}"
2021-12-17,116.12000274658203,116.33999633789062,115.94000244140625,116.01000213623047,100.44103240966797,7933100,
2021-12-20,116.19999694824219,116.3499984741211,115.87999725341797,115.91000366210938,100.35448455810547,13772100,
2021-12-21,115.48999786376953,115.54000091552734,115.2300033569336,115.44999694824219,99.95618438720703,7672800,
2021-12-22,115.62999725341797,115.63999938964844,115.33999633789062,115.55999755859375,100.05143737792969,5538200,
2021-12-23,115.4800033569336,115.48999786376953,115.18000030517578,115.31999969482422,99.84364318847656,7209700,
2021-12-27,115.27999877929688,115.41999816894531,115.25,115.36000061035156,99.87828826904297,3471800,
2021-12-28,115.55000305175781,115.58000183105469,115.27999877929688,115.33999633789062,99.8609848022461,8314500,
2021-12-29,114.97000122070312,115.06999969482422,114.66999816894531,114.75,99.35015106201172,11879900,
2021-12-30,114.9800033569336,115.13999938964844,114.79000091552734,115.12999725341797,99.67913818359375,10296000,
2021-12-31,115.16000366210938,115.30999755859375,115.0,115.0,99.56658935546875,7584500,
2022-01-03,114.37000274658203,114.41000366210938,113.93000030517578,113.93000030517578,98.64022827148438,27744600,
2022-01-04,113.66999816894531,113.88999938964844,113.58000183105469,113.87000274658203,98.5882568359375,15911800,
2022-01-05,113.88999938964844,113.9000015258789,113.30999755859375,113.38999938964844,98.17268371582031,13715700,
2022-01-06,113.12999725341797,113.20999908447266,112.9800033569336,113.11000061035156,97.93025970458984,10957400,
2022-01-07,112.95999908447266,113.0,112.47000122070312,112.73999786376953,97.60990142822266,13318200,
2022-01-10,112.44999694824219,112.75,112.37999725341797,112.70999908447266,97.58393859863281,8430700,
2022-01-11,112.66000366210938,112.98999786376953,112.55999755859375,112.9800033569336,97.81770324707031,8086500,
2022-01-12,113.16999816894531,113.43000030517578,112.9800033569336,113.0,97.83501434326172,7996500,
2022-01-13,113.06999969482422,113.4000015258789,112.9800033569336,113.36000061035156,98.1467056274414,8431100,
2022-01-14,113.06999969482422,113.08999633789062,112.55000305175781,112.58000183105469,97.47137451171875,10595700,
2022-01-18,112.0999984741211,112.19999694824219,111.69000244140625,111.7300033569336,96.7354507446289,11594100,
2022-01-19,111.91000366210938,112.22000122070312,111.83999633789062,112.0,96.96919250488281,10349700,
2022-01-20,112.18000030517578,112.23999786376953,112.02999877929688,112.23999786376953,97.177001953125,8297300,
2022-01-21,112.87000274658203,113.05000305175781,112.6500015258789,112.88999938964844,97.73976135253906,13250000,
2022-01-24,113.23999786376953,113.29000091552734,112.7699966430664,112.79000091552734,97.65316772460938,22377400,
2022-01-25,112.88999938964844,113.08999633789062,112.56999969482422,112.63999938964844,97.5233154296875,13534000,
2022-01-26,112.66000366210938,112.76000213623047,111.83999633789062,111.83999633789062,96.83067321777344,12694700,
2022-01-27,112.11000061035156,112.5199966430664,112.08999633789062,112.30999755859375,97.23762512207031,11609400,
2022-01-28,112.1500015258789,112.66000366210938,112.12000274658203,112.56999969482422,97.46270751953125,6713500,
2022-01-31,112.36000061035156,112.6500015258789,112.29000091552734,112.56999969482422,97.46270751953125,8258600,
2022-02-01,112.5,112.54000091552734,112.12999725341797,112.30999755859375,97.33098602294922,16338700,"{""dividend_amount"": 0.108}"
2022-02-02,112.4000015258789,112.80999755859375,112.4000015258789,112.54000091552734,97.53031158447266,5997100,
2022-02-03,112.04000091552734,112.16000366210938,111.91999816894531,112.05999755859375,97.11431884765625,8032600,
2022-02-04,111.41999816894531,111.44999694824219,111.08999633789062,111.19999694824219,96.3690414428711,8616400,
2022-02-07,111.2300033569336,111.3499984741211,111.08999633789062,111.2300033569336,96.3950424194336,10294700,
2022-02-08,110.93000030517578,110.98999786376953,110.80999755859375,110.87000274658203,96.08305358886719,8111500,
2022-02-09,111.12999725341797,111.37000274658203,110.9800033569336,111.0199966430664,96.2130355834961,10113400,
2022-02-10,110.61000061035156,110.68000030517578,109.95999908447266,110.0,95.32907104492188,16633900,
2022-02-11,110.47000122070312,111.2300033569336,109.91999816894531,111.13999938964844,96.31703186035156,18315600,
2022-02-14,110.54000091552734,110.83000183105469,110.20999908447266,110.37000274658203,95.64971923828125,11090000,
2022-02-15,110.05000305175781,110.23999786376953,109.95999908447266,110.04000091552734,95.36373138427734,8490500,
2022-02-16,110.31999969482422,110.33999633789062,109.94000244140625,110.2699966430664,95.56307220458984,9007700,
2022-02-17,110.52999877929688,110.9000015258789,110.5199966430664,110.86000061035156,96.07435607910156,8749500,
2022-02-18,111.04000091552734,111.2300033569336,110.97000122070312,111.22000122070312,96.38636779785156,8486800,
2022-02-22,110.97000122070312,111.22000122070312,110.83999633789062,111.20999908447266,96.377685546875,8392500,
2022-02-23,110.80000305175781,110.9000015258789,110.51000213623047,110.62999725341797,95.87503051757812,7941800,
2022-02-24,111.5199966430664,111.55000305175781,110.7300033569336,110.88999938964844,96.10035705566406,19162100,
2022-02-25,110.72000122070312,110.87999725341797,110.4800033569336,110.86000061035156,96.07435607910156,8101900,
2022-02-28,111.62000274658203,112.13999938964844,111.58000183105469,112.12000274658203,97.16633605957031,12291800,
2022-03-01,112.5999984741211,113.48999786376953,112.55000305175781,113.11000061035156,98.1126937866211,28285600,"{""dividend_amount"": 0.101}"
2022-03-02,112.45999908447266,112.55999755859375,111.38999938964844,111.41000366210938,96.63809204101562,12303800,
2022-03-03,111.69000244140625,112.0999984741211,111.48999786376953,111.88999938964844,97.05442810058594,12247400,
2022-03-04,112.87999725341797,113.30000305175781,112.7699966430664,113.0,98.01724243164062,20102300,
2022-03-07,112.47000122070312,113.08000183105469,112.44000244140625,112.5199966430664,97.60088348388672,13633200,
2022-03-08,111.87000274658203,112.06999969482422,111.6500015258789,111.79000091552734,96.96769714355469,10819400,
2022-03-09,111.33000183105469,111.43000030517578,110.9800033569336,111.0999984741211,96.36918640136719,7932300,
2022-03-10,110.72000122070312,110.83000183105469,110.36000061035156,110.58999633789062,95.92681121826172,11100100,
2022-03-11,110.47000122070312,110.69999694824219,110.3499984741211,110.55999755859375,95.90080261230469,5567600,
2022-03-14,109.66999816894531,109.73999786376953,109.16000366210938,109.16000366210938,94.68641662597656,8622500,
2022-03-15,109.73999786376953,109.80000305175781,109.02999877929688,109.11000061035156,94.6430435180664,9294400,
2022-03-16,109.0,109.12000274658203,108.25,108.95999908447266,94.5129165649414,12847300,
2022-03-17,109.02999877929688,109.23999786376953,108.55000305175781,108.75,94.33075714111328,7215900,
2022-03-18,108.93000030517578,109.22000122070312,108.93000030517578,109.06999969482422,94.60831451416016,7509200,
2022-03-21,108.27999877929688,108.44999694824219,107.56999969482422,107.6500015258789,93.37661743164062,11003600,
2022-03-22,107.19999694824219,107.23999786376953,106.97000122070312,107.05999755859375,92.86483764648438,7710300,
2022-03-23,107.31999969482422,107.77999877929688,107.08999633789062,107.77999877929688,93.48937225341797,11222700,
2022-03-24,107.1500015258789,107.5,107.11000061035156,107.18000030517578,92.96894073486328,11112300,
2022-03-25,106.69000244140625,106.69999694824219,105.97000122070312,106.08000183105469,92.0147933959961,9055600,
2022-03-28,106.25,106.69999694824219,106.12000274658203,106.31999969482422,92.22298431396484,12858500,
2022-03-29,106.58000183105469,106.9800033569336,106.3499984741211,106.8499984741211,92.68268585205078,7539900,
2022-03-30,106.62999725341797,107.30000305175781,106.55999755859375,107.2699966430664,93.0469741821289,6430100,
2022-03-31,107.43000030517578,107.62000274658203,107.2699966430664,107.47000122070312,93.2204818725586,9147200,
2022-04-01,106.30999755859375,107.01000213623047,106.19999694824219,106.6500015258789,92.61344909667969,10237000,"{""dividend_amount"": 0.121}"
2022-04-04,106.76000213623047,106.77999877929688,106.37999725341797,106.58000183105469,92.55265045166016,7372100,
2022-04-05,106.2699966430664,106.29000091552734,105.19999694824219,105.30999755859375,91.4498519897461,9675600,
2022-04-06,104.6500015258789,105.31999969482422,104.6500015258789,104.94000244140625,91.12853240966797,9054400,
2022-04-07,104.68000030517578,104.97000122070312,104.45999908447266,104.68000030517578,90.90274047851562,5518900,
2022-04-08,104.08000183105469,104.41999816894531,104.0,104.1500015258789,90.44249725341797,8091800,
2022-04-11,103.77999877929688,103.9000015258789,103.5199966430664,103.6500015258789,90.0083236694336,7356400,
2022-04-12,104.19000244140625,104.58999633789062,104.02999877929688,104.1500015258789,90.44249725341797,12211000,
2022-04-13,104.44000244140625,104.91000366210938,104.30999755859375,104.37999725341797,90.64224243164062,6346100,
2022-04-14,104.2300033569336,104.2699966430664,103.31999969482422,103.44000244140625,89.82593536376953,6158700,
2022-04-18,103.52999877929688,103.55000305175781,103.11000061035156,103.13999938964844,89.56543731689453,4591500,
2022-04-19,102.73999786376953,102.93000030517578,102.38999938964844,102.45999908447266,88.97496032714844,7004900,
2022-04-20,102.87999725341797,103.41999816894531,102.76000213623047,103.26000213623047,89.66961669921875,7479300,
2022-04-21,102.97000122070312,102.9800033569336,102.2699966430664,102.69000244140625,89.17465209960938,9137500,
2022-04-22,102.43000030517578,103.0199966430664,102.37999725341797,102.73999786376953,89.21807861328125,5451600,
2022-04-25,103.55000305175781,103.9800033569336,103.33999633789062,103.4000015258789,89.79121398925781,8617400,
2022-04-26,104.0999984741211,104.2699966430664,103.76000213623047,104.08999633789062,90.390380859375,9575400,
2022-04-27,104.02999877929688,104.12999725341797,103.45999908447266,103.51000213623047,89.88672637939453,7908900,
2022-04-28,103.16000366210938,103.38999938964844,102.95999908447266,103.36000061035156,89.75650024414062,6943500,
2022-04-29,102.5999984741211,103.20999908447266,102.55000305175781,102.80999755859375,89.27885437011719,10012500,
2022-05-02,102.1500015258789,102.22000122070312,101.81999969482422,101.91999816894531,88.61373901367188,11327000,"{""dividend_amount"": 0.125}"
2022-05-03,102.5199966430664,102.5999984741211,102.0199966430664,102.04000091552734,88.71808624267578,8129100,
2022-05-04,102.0,102.77999877929688,101.80999755859375,102.69999694824219,89.29190063476562,11934700,
2022-05-05,101.88999938964844,102.02999877929688,101.1500015258789,101.66999816894531,88.39640808105469,11675700,
2022-05-06,101.1500015258789,101.61000061035156,100.98999786376953,101.08999633789062,87.89209747314453,12538400,
2022-05-09,101.13999938964844,101.88999938964844,101.08999633789062,101.83999633789062,88.54418182373047,7301200,
2022-05-10,102.30999755859375,102.58000183105469,102.12000274658203,102.18000030517578,88.83975219726562,8054600,
2022-05-11,101.93000030517578,102.8499984741211,101.79000091552734,102.80999755859375,89.38752746582031,7167900,
2022-05-12,103.12000274658203,103.56999969482422,103.01000213623047,103.1500015258789,89.68315887451172,8132400,
2022-05-13,102.87000274658203,102.94000244140625,102.55000305175781,102.61000061035156,89.21366882324219,6016900,
2022-05-16,102.9800033569336,103.33000183105469,102.87000274658203,103.04000091552734,89.58753967285156,3315600,
2022-05-17,102.3499984741211,102.6500015258789,102.2300033569336,102.26000213623047,88.90933227539062,4286800,
2022-05-18,102.26000213623047,103.0999984741211,102.19000244140625,102.98999786376953,89.54403686523438,4465500,
2022-05-19,103.9000015258789,103.93000030517578,103.27999877929688,103.36000061035156,89.86575317382812,5137600,
2022-05-20,103.30000305175781,103.98999786376953,103.2699966430664,103.83999633789062,90.28306579589844,5908800,
2022-05-23,103.56999969482422,103.7699966430664,103.19999694824219,103.20999908447266,89.73532104492188,5720600,
2022-05-24,103.73999786376953,104.47000122070312,103.70999908447266,104.0999984741211,90.50914001464844,6786600,
2022-05-25,104.47000122070312,104.47000122070312,104.06999969482422,104.30999755859375,90.69172668457031,4274500,
2022-05-26,104.37000274658203,104.41000366210938,103.87999725341797,104.26000213623047,90.64826202392578,3478900,
2022-05-27,104.44999694824219,104.58999633789062,104.22000122070312,104.41000366210938,90.77865600585938,2508200,
2022-05-31,103.62000274658203,103.62999725341797,103.1500015258789,103.31999969482422,89.83096313476562,6773200,
2022-06-01,103.2699966430664,103.37000274658203,102.41999816894531,102.61000061035156,89.3251953125,5555900,"{""dividend_amount"": 0.129}"
2022-06-02,102.91000366210938,102.91999816894531,102.5199966430664,102.76000213623047,89.45576477050781,3014300,
2022-06-03,102.36000061035156,102.6500015258789,102.33000183105469,102.55999755859375,89.28168487548828,2687800,
2022-06-06,102.30999755859375,102.41000366210938,101.7300033569336,101.79000091552734,88.61136627197266,4800600,
2022-06-07,102.05999755859375,102.43000030517578,102.04000091552734,102.19999694824219,88.96825408935547,3230000,
2022-06-08,102.01000213623047,102.16999816894531,101.80999755859375,101.81999969482422,88.63745880126953,2917900,
2022-06-09,101.69000244140625,101.94000244140625,101.51000213623047,101.7300033569336,88.55912780761719,4178600,
2022-06-10,101.20999908447266,101.30999755859375,100.5999984741211,100.7300033569336,87.68854522705078,4443400,
2022-06-13,99.66000366210938,99.80000305175781,98.41999816894531,98.94000244140625,86.1303482055664,9200800,
2022-06-14,99.16000366210938,99.30000305175781,97.98999786376953,98.1500015258789,85.44261169433594,7829800,
2022-06-15,98.94999694824219,99.55999755859375,98.4000015258789,99.5199966430664,86.63522338867188,10256200,
2022-06-16,98.55000305175781,100.22000122070312,98.43000030517578,100.16999816894531,87.20110321044922,9168800,
2022-06-17,100.26000213623047,100.45999908447266,99.55000305175781,100.19999694824219,87.22718811035156,7029700,
2022-06-21,99.66000366210938,99.94999694824219,99.55000305175781,99.68000030517578,86.77452850341797,10342000,
2022-06-22,100.83999633789062,101.12000274658203,100.70999908447266,100.94000244140625,87.87139892578125,9501900,
2022-06-23,101.55999755859375,102.16999816894531,101.4000015258789,101.51000213623047,88.36760711669922,9247200,
2022-06-24,101.37999725341797,101.76000213623047,101.06999969482422,101.1500015258789,88.05419921875,5127000,
2022-06-27,100.56999969482422,101.0199966430664,100.44999694824219,100.58000183105469,87.55801391601562,5439400,
2022-06-28,100.47000122070312,100.73999786376953,100.33000183105469,100.70999908447266,87.67119598388672,3763300,
2022-06-29,100.87999725341797,101.5199966430664,100.79000091552734,101.5199966430664,88.37631225585938,3559600,
2022-06-30,102.0999984741211,102.54000091552734,102.01000213623047,102.30000305175781,89.05532836914062,5409500,
2022-07-01,103.12000274658203,103.97000122070312,102.9800033569336,103.23999786376953,90.01000213623047,63222900,"{""dividend_amount"": 0.155}"
2022-07-05,103.75,104.0199966430664,103.44000244140625,103.62000274658203,90.34127807617188,6651400,
2022-07-06,104.0,104.01000213623047,102.72000122070312,102.73999786376953,89.57405853271484,4754700,
2022-07-07,102.7699966430664,102.7699966430664,102.02999877929688,102.11000061035156,89.02481079101562,4058100,
2022-07-08,101.83000183105469,101.83999633789062,101.37000274658203,101.48999786376953,88.48426055908203,3664900,
2022-07-11,102.02999877929688,102.45999908447266,101.9800033569336,102.29000091552734,89.1817398071289,2765700,
2022-07-12,102.83000183105469,103.02999877929688,102.44999694824219,102.52999877929688,89.39100646972656,3669200,
2022-07-13,101.91000366210938,103.05000305175781,101.77999877929688,102.97000122070312,89.77457427978516,6809400,
2022-07-14,102.19999694824219,102.63999938964844,101.93000030517578,102.4000015258789,89.27764129638672,5370400,
2022-07-15,102.47000122070312,102.98999786376953,102.44000244140625,102.75,89.58281707763672,3834000,
2022-07-18,102.41999816894531,102.5999984741211,102.02999877929688,102.44999694824219,89.32122802734375,3150700,
2022-07-19,102.31999969482422,102.41000366210938,101.87999725341797,101.9800033569336,88.91144561767578,2996100,
2022-07-20,102.4800033569336,102.48999786376953,101.80000305175781,101.87999725341797,88.82428741455078,53057500,
2022-07-21,102.29000091552734,103.04000091552734,102.19000244140625,103.04000091552734,89.83563232421875,5344300,
2022-07-22,104.0,104.45999908447266,103.81999969482422,104.22000122070312,90.86442565917969,7747100,
2022-07-25,103.58000183105469,103.9000015258789,103.55000305175781,103.8499984741211,90.54182434082031,2994500,
2022-07-26,104.55000305175781,104.69999694824219,103.8499984741211,103.88999938964844,90.57672119140625,4736300,
2022-07-27,104.13999938964844,104.61000061035156,104.0199966430664,104.0999984741211,90.7597885131836,7475300,
2022-07-28,105.0999984741211,105.31999969482422,104.75,105.12999725341797,91.65779113769531,5768100,
2022-07-29,104.91999816894531,105.58000183105469,104.80999755859375,105.16999816894531,91.69267272949219,5961100,
2022-08-01,105.29000091552734,105.66999816894531,105.12999725341797,105.5999984741211,92.22891235351562,9672400,"{""dividend_amount"": 0.184}"
2022-08-02,105.55999755859375,105.75,104.06999969482422,104.13999938964844,90.95380401611328,9269700,
2022-08-03,103.9800033569336,104.58000183105469,103.43000030517578,104.56999969482422,91.32935333251953,7829500,
2022-08-04,104.68000030517578,105.12999725341797,104.52999877929688,105.0999984741211,91.792236328125,9873200,
2022-08-05,103.7300033569336,103.7699966430664,103.3499984741211,103.58000183105469,90.4647216796875,10047200,
2022-08-08,104.0,104.23999786376953,103.91000366210938,104.19000244140625,90.99747467041016,6681300,
2022-08-09,103.9000015258789,104.08000183105469,103.77999877929688,103.87999725341797,90.72673034667969,3814700,
2022-08-10,104.3499984741211,104.70999908447266,103.93000030517578,103.94000244140625,90.77912139892578,7260300,
2022-08-11,104.18000030517578,104.29000091552734,103.13999938964844,103.25,90.17650604248047,8309300,
2022-08-12,103.6500015258789,103.69999694824219,103.31999969482422,103.66000366210938,90.53455352783203,4128600,
2022-08-15,104.16999816894531,104.33000183105469,103.94999694824219,103.98999786376953,90.82279205322266,3441100,
2022-08-16,103.79000091552734,103.91000366210938,103.38999938964844,103.87000274658203,90.7179946899414,3241800,
2022-08-17,103.30999755859375,103.36000061035156,102.95999908447266,103.16999816894531,90.10661315917969,6366700,
2022-08-18,103.44999694824219,103.7300033569336,103.27999877929688,103.37000274658203,90.28126525878906,3709200,
2022-08-19,102.62000274658203,102.69000244140625,102.36000061035156,102.4800033569336,89.50397491455078,6678000,
2022-08-22,102.4000015258789,102.44999694824219,101.9800033569336,102.02999877929688,89.11096954345703,4125800,
2022-08-23,101.86000061035156,102.48999786376953,101.70999908447266,101.77999877929688,88.89264678955078,7755000,
2022-08-24,101.54000091552734,101.63999938964844,101.29000091552734,101.44000244140625,88.59564971923828,3504600,
2022-08-25,101.5199966430664,102.12999725341797,101.38999938964844,102.08999633789062,89.16337585449219,6645300,
2022-08-26,101.86000061035156,102.2300033569336,101.62000274658203,101.97000122070312,89.05857849121094,5535900,
2022-08-29,101.58000183105469,101.58000183105469,101.25,101.38999938964844,88.5520248413086,4416900,
2022-08-30,101.38999938964844,101.72000122070312,101.0199966430664,101.36000061035156,88.52578735351562,4474200,
2022-08-31,101.20999908447266,101.44000244140625,100.7699966430664,100.94000244140625,88.15897369384766,5797600,
2022-09-01,100.08999633789062,100.30999755859375,99.7300033569336,99.95999908447266,87.4581527709961,10324200,"{""dividend_amount"": 0.179}"
2022-09-02,100.36000061035156,100.79000091552734,100.22000122070312,100.5199966430664,87.9481201171875,5741900,
2022-09-06,99.91000366210938,99.94000244140625,99.3499984741211,99.4000015258789,86.96819305419922,6769400,
2022-09-07,99.79000091552734,100.16999816894531,99.73999786376953,100.05000305175781,87.53689575195312,7169700,
2022-09-08,100.04000091552734,100.26000213623047,99.68000030517578,99.68000030517578,87.21316528320312,5773600,
2022-09-09,99.9000015258789,100.08999633789062,99.56999969482422,99.69000244140625,87.22193145751953,5780600,
2022-09-12,99.97000122070312,100.05000305175781,99.2699966430664,99.44999694824219,87.0119400024414,4034200,
2022-09-13,98.76000213623047,98.94999694824219,98.6500015258789,98.88999938964844,86.5219955444336,5100500,
2022-09-14,98.73999786376953,99.18000030517578,98.69000244140625,98.94000244140625,86.56571960449219,3866600,
2022-09-15,98.66999816894531,98.79000091552734,98.5,98.5999984741211,86.26826477050781,4622600,
2022-09-16,98.5199966430664,98.98999786376953,98.44999694824219,98.68000030517578,86.33826446533203,4718200,
2022-09-19,98.30999755859375,98.61000061035156,98.23999786376953,98.4000015258789,86.09327697753906,3879000,
2022-09-20,97.69999694824219,98.04000091552734,97.54000091552734,97.79000091552734,85.55953216552734,4869100,
2022-09-21,97.95999908447266,98.27999877929688,97.30000305175781,98.18000030517578,85.90076446533203,5414900,
2022-09-22,97.16000366210938,97.22000122070312,96.58999633789062,96.69999694824219,84.60588836669922,6662400,
2022-09-23,96.66000366210938,96.97000122070312,96.27999877929688,96.81999969482422,84.71089172363281,7630600,
2022-09-26,96.29000091552734,96.30000305175781,95.06999969482422,95.20999908447266,83.30223083496094,8015500,
2022-09-27,95.23999786376953,95.3499984741211,94.51000213623047,94.55999755859375,82.73353576660156,8668400,
2022-09-28,95.9000015258789,96.80000305175781,95.5199966430664,96.69000244140625,84.59712982177734,8471700,
2022-09-29,95.9800033569336,96.58000183105469,95.88999938964844,96.23999786376953,84.20342254638672,6056500,
2022-09-30,96.66000366210938,96.87999725341797,95.66000366210938,95.98999786376953,83.98465728759766,8847200,
2022-10-03,96.72000122070312,97.6500015258789,96.48999786376953,96.94000244140625,84.98143005371094,10579900,"{""dividend_amount"": 0.187}"
2022-10-04,97.33000183105469,97.69999694824219,96.95999908447266,97.13999938964844,85.15674591064453,7361400,
2022-10-05,96.55999755859375,96.58999633789062,95.9800033569336,96.22000122070312,84.3502426147461,8603700,
2022-10-06,96.05999755859375,96.19000244140625,95.55999755859375,95.69000244140625,83.8856430053711,11298400,
2022-10-07,95.19000244140625,95.52999877929688,95.06999969482422,95.22000122070312,83.4736099243164,5085300,
2022-10-10,95.08000183105469,95.13999938964844,94.31999969482422,94.66000366210938,82.982666015625,3829100,
2022-10-11,94.9800033569336,95.43000030517578,94.63999938964844,94.9000015258789,83.19309997558594,5498500,
2022-10-12,94.7699966430664,95.33999633789062,94.70999908447266,95.20999908447266,83.46483612060547,5847400,
2022-10-13,93.9800033569336,95.23999786376953,93.97000122070312,94.80999755859375,83.11417388916016,6220100,
2022-10-14,95.31999969482422,95.33000183105469,94.2300033569336,94.27999877929688,82.64955139160156,5886200,
2022-10-17,94.95999908447266,95.11000061035156,94.33000183105469,94.37999725341797,82.73722076416016,3215200,
2022-10-18,94.62999725341797,94.80000305175781,94.06999969482422,94.62000274658203,82.94764709472656,4006600,
2022-10-19,93.87999725341797,94.06999969482422,93.55999755859375,93.62999725341797,82.07972717285156,5762600,
2022-10-20,93.41000366210938,93.6500015258789,92.86000061035156,92.93000030517578,81.46609497070312,5738400,
2022-10-21,92.5999984741211,93.33000183105469,92.4800033569336,93.13999938964844,81.65019989013672,7528500,
2022-10-24,93.11000061035156,93.43000030517578,92.69000244140625,93.0199966430664,81.54499816894531,6210800,
2022-10-25,94.04000091552734,94.44000244140625,93.95999908447266,94.18000030517578,82.56192016601562,6301500,
2022-10-26,94.41000366210938,94.81999969482422,94.4000015258789,94.66000366210938,82.982666015625,6692700,
2022-10-27,94.95999908447266,95.47000122070312,94.66999816894531,95.33000183105469,83.57001495361328,7238100,
2022-10-28,94.72000122070312,95.19000244140625,94.58000183105469,94.83999633789062,83.14047241210938,5659800,
2022-10-31,94.43000030517578,94.55999755859375,94.01000213623047,94.41000366210938,82.76351928710938,4586900,
2022-11-01,94.95999908447266,94.98999786376953,94.02999877929688,94.19000244140625,82.74860382080078,6066400,"{""dividend_amount"": 0.203}"
2022-11-02,94.30999755859375,94.87000274658203,93.79000091552734,94.02999877929688,82.60802459716797,7581400,
2022-11-03,93.19000244140625,93.79000091552734,93.18000030517578,93.62000274658203,82.2478256225586,8403900,
2022-11-04,93.63999938964844,93.94999694824219,93.4000015258789,93.41999816894531,82.07213592529297,5287000,
2022-11-07,93.54000091552734,93.58999633789062,93.06999969482422,93.08999633789062,81.7822036743164,4289300,
2022-11-08,93.3499984741211,93.87999725341797,93.31999969482422,93.70999908447266,82.32691192626953,4679200,
2022-11-09,93.61000061035156,94.08999633789062,93.54000091552734,94.02999877929688,82.60802459716797,3658100,
2022-11-10,95.43000030517578,96.18000030517578,95.43000030517578,96.13999938964844,84.46174621582031,9608300,
2022-11-11,95.69999694824219,96.05999755859375,95.6500015258789,95.94000244140625,84.28601837158203,2840200,
2022-11-14,95.83999633789062,95.8499984741211,95.52999877929688,95.70999908447266,84.08394622802734,4130800,
2022-11-15,96.18000030517578,96.48999786376953,95.94000244140625,96.41999816894531,84.70771789550781,6841600,
2022-11-16,96.87000274658203,97.2300033569336,96.63999938964844,97.12999725341797,85.33146667480469,6140100,
2022-11-17,96.52999877929688,96.62999725341797,96.26000213623047,96.47000122070312,84.75166320800781,5986800,
2022-11-18,96.47000122070312,96.58999633789062,96.11000061035156,96.12999725341797,84.45291137695312,3102100,
2022-11-21,96.54000091552734,96.61000061035156,96.04000091552734,96.06999969482422,84.40023803710938,4477700,
2022-11-22,96.4800033569336,96.72000122070312,96.37999725341797,96.62000274658203,84.88343048095703,5532800,
2022-11-23,96.75,97.18000030517578,96.6500015258789,97.13999938964844,85.34026336669922,5236500,
2022-11-25,96.87000274658203,97.12000274658203,96.8499984741211,97.11000061035156,85.31388854980469,1345400,
2022-11-28,97.22000122070312,97.3499984741211,97.01000213623047,97.1500015258789,85.34900665283203,4218400,
2022-11-29,96.76000213623047,97.08000183105469,96.70999908447266,96.73999786376953,84.98883819580078,3356600,
2022-11-30,96.56999969482422,97.61000061035156,96.4000015258789,97.61000061035156,85.7531509399414,7127100,
2022-12-01,97.5999984741211,98.5,97.56999969482422,98.4800033569336,86.68975067138672,17629100,"{""dividend_amount"": 0.194}"
2022-12-02,97.91999816894531,98.69000244140625,97.61000061035156,98.68000030517578,86.86583709716797,5783700,
2022-12-05,98.08999633789062,98.12999725341797,97.62999725341797,97.68000030517578,85.98555755615234,6295800,
2022-12-06,97.93000030517578,98.41000366210938,97.8499984741211,98.27999877929688,86.51372528076172,5745500,
2022-12-07,98.68000030517578,99.25,98.62000274658203,99.13999938964844,87.270751953125,5386200,
2022-12-08,98.62000274658203,98.87999725341797,98.44999694824219,98.58000183105469,86.7778091430664,5325800,
2022-12-09,98.29000091552734,98.37000274658203,97.8499984741211,97.8499984741211,86.13520050048828,4343100,
2022-12-12,98.30000305175781,98.38999938964844,97.58000183105469,97.70999908447266,86.0119400024414,5192200,
2022-12-13,99.13999938964844,99.26000213623047,98.5,98.58999633789062,86.7865982055664,7856600,
2022-12-14,98.6500015258789,98.98999786376953,98.20999908447266,98.86000061035156,87.02427673339844,6533200,
2022-12-15,98.80999755859375,99.01000213623047,98.55000305175781,98.86000061035156,87.19361877441406,4344200,"{""dividend_amount"": 0.192}"
2022-12-16,98.16999816894531,98.79000091552734,98.06999969482422,98.61000061035156,86.97313690185547,4432800,
2022-12-19,98.05000305175781,98.05999755859375,97.7300033569336,97.80999755859375,86.26753234863281,3951100,
2022-12-20,97.08000183105469,97.30999755859375,96.98999786376953,97.0999984741211,85.64130401611328,4199800,
2022-12-21,97.5,97.54000091552734,97.08999633789062,97.22000122070312,85.74716186523438,4406600,
2022-12-22,97.23999786376953,97.4800033569336,97.13999938964844,97.19000244140625,85.72071075439453,2143100,
2022-12-23,96.7300033569336,96.94999694824219,96.69000244140625,96.75,85.33263397216797,3164900,
2022-12-27,96.22000122070312,96.41000366210938,95.9000015258789,95.94000244140625,84.61821746826172,4780800,
2022-12-28,96.08000183105469,96.16000366210938,95.69000244140625,95.70999908447266,84.41535949707031,3161200,
2022-12-29,95.97000122070312,96.2699966430664,95.91999816894531,96.18000030517578,84.82991027832031,4021800,
2022-12-30,95.86000061035156,96.2699966430664,95.62000274658203,95.77999877929688,84.47710418701172,5043800,
2023-01-03,96.91000366210938,97.0,96.33999633789062,96.52999877929688,85.13860321044922,6808300,
2023-01-04,97.33999633789062,97.41999816894531,96.98999786376953,97.2699966430664,85.79127502441406,7800100,
2023-01-05,96.69999694824219,97.22000122070312,96.56999969482422,97.12999725341797,85.66777801513672,3177900,
2023-01-06,97.16999816894531,98.43000030517578,97.08000183105469,98.37999725341797,86.77027130126953,6807700,
2023-01-09,98.26000213623047,98.80999755859375,98.19999694824219,98.62999725341797,86.99076843261719,4988000,
2023-01-10,98.22000122070312,98.33000183105469,97.83000183105469,98.01000213623047,86.44393920898438,4026900,
2023-01-11,98.30000305175781,98.66000366210938,98.23999786376953,98.63999938964844,86.99958038330078,7118700,
2023-01-12,98.95999908447266,99.5199966430664,98.4800033569336,99.5199966430664,87.77574157714844,5768000,
2023-01-13,99.26000213623047,99.5,98.86000061035156,98.98999786376953,87.30826568603516,5573500,
2023-01-17,98.66000366210938,99.0199966430664,98.63999938964844,98.68000030517578,87.03487396240234,3709000,
2023-01-18,99.87000274658203,100.05999755859375,99.55000305175781,100.0199966430664,88.21673583984375,7926400,
2023-01-19,99.81999969482422,99.9800033569336,99.62999725341797,99.83000183105469,88.04917907714844,4234100,
2023-01-20,99.31999969482422,99.44999694824219,99.05999755859375,99.16999816894531,87.467041015625,8822700,
2023-01-23,98.83999633789062,99.13999938964844,98.80999755859375,98.8499984741211,87.18479919433594,4334900,
2023-01-24,98.9800033569336,99.44000244140625,98.6500015258789,99.41999816894531,87.6875228881836,3540300,
2023-01-25,99.48999786376953,99.7300033569336,99.20999908447266,99.52999877929688,87.78457641601562,2924700,
2023-01-26,99.33999633789062,99.52999877929688,99.02999877929688,99.16999816894531,87.467041015625,2875400,
2023-01-27,98.80000305175781,99.0199966430664,98.7699966430664,99.0199966430664,87.33473205566406,5524100,
2023-01-30,98.73999786376953,98.94999694824219,98.66000366210938,98.70999908447266,87.06128692626953,2584600,
2023-01-31,99.16000366210938,99.25,98.73999786376953,99.20999908447266,87.50228881835938,4856400,
2023-02-01,99.19999694824219,99.7699966430664,98.83000183105469,99.70999908447266,88.13163757324219,20159100,"{""dividend_amount"": 0.212}"
2023-02-02,100.0199966430664,100.20999908447266,99.63999938964844,99.66999816894531,88.09628295898438,5823000,
2023-02-03,98.80999755859375,99.0,98.47000122070312,98.5999984741211,87.1505355834961,5267000,
2023-02-06,97.9000015258789,98.04000091552734,97.69999694824219,97.75,86.39924621582031,5500400,
2023-02-07,97.6500015258789,98.12999725341797,97.45999908447266,97.51000213623047,86.18711853027344,5678900,
2023-02-08,97.61000061035156,97.87999725341797,97.4000015258789,97.87000274658203,86.50529479980469,6137600,
2023-02-09,98.12000274658203,98.13999938964844,97.31999969482422,97.43000030517578,86.11640167236328,7358300,
2023-02-10,97.3499984741211,97.37999725341797,96.88999938964844,96.95999908447266,85.70098876953125,5290000,
2023-02-13,96.97000122070312,97.23999786376953,96.94999694824219,97.19000244140625,85.90426635742188,17262300,
2023-02-14,96.88999938964844,97.12000274658203,96.48999786376953,96.75,85.5153579711914,7133600,
2023-02-15,96.58000183105469,96.80000305175781,96.33000183105469,96.45999908447266,85.259033203125,4964700,
2023-02-16,96.2300033569336,96.43000030517578,96.05000305175781,96.13999938964844,84.97620391845703,27126400,
2023-02-17,95.93000030517578,96.44000244140625,95.9000015258789,96.41000366210938,85.21485137939453,4540500,
2023-02-21,95.75,95.83000183105469,95.33999633789062,95.36000061035156,84.2867660522461,11382100,
2023-02-22,95.63999938964844,95.80999755859375,95.4800033569336,95.52999877929688,84.43701934814453,30136400,
2023-02-23,95.55999755859375,96.0,95.51000213623047,95.9000015258789,84.76406860351562,7059800,
2023-02-24,95.29000091552734,95.44999694824219,95.11000061035156,95.31999969482422,84.25141906738281,10757200,
2023-02-27,95.66000366210938,95.76000213623047,95.44999694824219,95.61000061035156,84.5077133178711,3693200,
2023-02-28,95.31999969482422,95.79000091552734,95.19999694824219,95.76000213623047,84.64031982421875,4690000,
2023-03-01,95.13999938964844,95.30000305175781,94.75,94.80000305175781,83.9636459350586,8328600,"{""dividend_amount"": 0.196}"
2023-03-02,94.29000091552734,94.48999786376953,94.20999908447266,94.41000366210938,83.61823272705078,12952800,
2023-03-03,94.91000366210938,95.16999816894531,94.62999725341797,95.16999816894531,84.29134368896484,5696900,
2023-03-06,95.38999938964844,95.41999816894531,94.93000030517578,95.0,84.1407699584961,3766400,
2023-03-07,95.16999816894531,95.29000091552734,94.77999877929688,95.01000213623047,84.14966583251953,5053300,
2023-03-08,95.37999725341797,95.55999755859375,94.86000061035156,94.9800033569336,84.12305450439453,5163500,
2023-03-09,95.13999938964844,95.72000122070312,95.08000183105469,95.56999969482422,84.6456298828125,12498800,
2023-03-10,96.80999755859375,97.41999816894531,96.66999816894531,97.33000183105469,86.2044448852539,11041300,
2023-03-13,98.94999694824219,99.41999816894531,98.13999938964844,98.51000213623047,87.24956512451172,23930600,
2023-03-14,98.08999633789062,98.18000030517578,97.37999725341797,97.58000183105469,86.42584991455078,47886700,
2023-03-15,99.26000213623047,99.77999877929688,98.5199966430664,98.98999786376953,87.67469787597656,25157400,
2023-03-16,99.52999877929688,99.76000213623047,97.9800033569336,98.0999984741211,86.88642120361328,13961000,
2023-03-17,98.86000061035156,99.62999725341797,98.7699966430664,99.26000213623047,87.91382598876953,12293700,
2023-03-20,99.41999816894531,99.43000030517578,98.62999725341797,98.86000061035156,87.55955505371094,7982400,
2023-03-21,98.18000030517578,98.45999908447266,97.86000061035156,98.0,86.79784393310547,9851600,
2023-03-22,97.83000183105469,99.37000274658203,97.75,99.29000091552734,87.9404067993164,10705200,
2023-03-23,99.12999725341797,99.94000244140625,98.9800033569336,99.86000061035156,88.44526672363281,7118800,
2023-03-24,100.44000244140625,100.58000183105469,99.76000213623047,99.88999938964844,88.4718246459961,9135800,
2023-03-27,98.94000244140625,99.13999938964844,98.62999725341797,98.66000366210938,87.38243865966797,8284400,
2023-03-28,98.44999694824219,98.75,98.36000061035156,98.5999984741211,87.32926940917969,13324800,
2023-03-29,98.2300033569336,98.62000274658203,98.19000244140625,98.43000030517578,87.17869567871094,13404700,
2023-03-30,98.33999633789062,98.66999816894531,98.30999755859375,98.58000183105469,87.31159210205078,4157500,
2023-03-31,98.73999786376953,99.19000244140625,98.58000183105469,99.12000274658203,87.78984069824219,6330100,
2023-04-03,98.80999755859375,99.55999755859375,98.73999786376953,99.38999938964844,88.20338439941406,7226600,"{""dividend_amount"": 0.196}"
2023-04-04,98.97000122070312,100.13999938964844,98.94999694824219,100.02999877929688,88.77133178710938,6763200,
2023-04-05,100.4000015258789,100.7699966430664,100.30000305175781,100.44999694824219,89.14408111572266,6257100,
2023-04-06,100.48999786376953,100.72000122070312,100.45999908447266,100.4800033569336,89.17070770263672,4264700,
2023-04-10,99.69000244140625,99.76000213623047,99.37000274658203,99.48999786376953,88.29212188720703,6025100,
2023-04-11,99.56999969482422,99.58000183105469,99.22000122070312,99.44999694824219,88.25662994384766,5459000,
2023-04-12,99.91000366210938,99.94999694824219,99.29000091552734,99.73999786376953,88.51399993896484,5857200,
2023-04-13,99.9000015258789,100.06999969482422,99.33000183105469,99.41000366210938,88.22114562988281,39858200,
2023-04-14,99.08000183105469,99.0999984741211,98.79000091552734,98.91999816894531,87.78629302978516,4968500,
2023-04-17,98.54000091552734,98.5999984741211,98.26000213623047,98.29000091552734,87.2271957397461,5681000,
2023-04-18,98.31999969482422,98.66999816894531,98.30000305175781,98.44999694824219,87.36917114257812,5061300,
2023-04-19,98.22000122070312,98.30999755859375,97.9800033569336,98.23999786376953,87.18282318115234,4648100,
2023-04-20,98.77999877929688,98.88999938964844,98.68000030517578,98.80999755859375,87.68863677978516,4608000,
2023-04-21,99.0199966430664,99.0999984741211,98.48999786376953,98.56999969482422,87.4756851196289,5948100,
2023-04-24,98.83999633789062,99.06999969482422,98.7699966430664,99.05000305175781,87.90165710449219,5143700,
2023-04-25,99.61000061035156,100.06999969482422,99.58999633789062,100.02999877929688,88.77133178710938,13076800,
2023-04-26,100.01000213623047,100.12999725341797,99.48999786376953,99.63999938964844,88.4252700805664,5903000,
2023-04-27,99.2300033569336,99.27999877929688,98.87999725341797,98.98999786376953,87.84841918945312,5065800,
2023-04-28,99.58999633789062,99.73999786376953,99.37000274658203,99.7300033569336,88.50511169433594,8525900,
2023-05-01,99.11000061035156,99.16999816894531,98.19000244140625,98.31999969482422,87.46340942382812,17442000,"{""dividend_amount"": 0.239}"
2023-05-02,98.66000366210938,99.62999725341797,98.5999984741211,99.5999984741211,88.60205078125,8540700,
2023-05-03,99.87000274658203,100.27999877929688,99.69000244140625,100.25,89.18031311035156,9534800,
2023-05-04,99.9800033569336,100.80000305175781,99.95999908447266,100.2300033569336,89.16252136230469,12014100,
2023-05-05,99.6500015258789,99.7300033569336,99.44000244140625,99.69000244140625,88.6821517944336,11254400,
2023-05-08,99.06999969482422,99.29000091552734,99.02999877929688,99.08000183105469,88.13949584960938,7022400,
2023-05-09,99.06999969482422,99.16999816894531,98.94000244140625,98.95999908447266,88.03275299072266,7317200,
2023-05-10,99.41000366210938,99.77999877929688,99.4000015258789,99.69999694824219,88.69102478027344,9930800,
2023-05-11,100.29000091552734,100.41000366210938,99.95999908447266,100.06999969482422,89.02018737792969,5979600,
2023-05-12,99.98999786376953,100.06999969482422,99.44000244140625,99.47000122070312,88.48645782470703,5107300,
2023-05-15,99.19000244140625,99.25,99.12000274658203,99.25,88.29073333740234,4459100,
2023-05-16,98.87000274658203,99.0,98.6500015258789,98.93000030517578,88.00607299804688,7194000,
2023-05-17,98.98999786376953,99.0199966430664,98.48999786376953,98.61000061035156,87.72140502929688,5542600,
2023-05-18,98.25,98.26000213623047,97.95999908447266,98.0,87.17874145507812,9448900,
2023-05-19,97.6500015258789,98.0999984741211,97.45999908447266,97.62999725341797,86.849609375,12923500,
2023-05-22,97.6500015258789,97.9000015258789,97.4000015258789,97.44999694824219,86.689453125,7034700,
2023-05-23,97.30999755859375,97.7300033569336,97.2300033569336,97.61000061035156,86.83181762695312,8264200,
2023-05-24,97.7300033569336,97.7699966430664,97.30999755859375,97.36000061035156,86.60940551757812,7415400,
2023-05-25,97.18000030517578,97.26000213623047,96.66999816894531,96.75,86.0667953491211,11647700,
2023-05-26,96.5999984741211,96.93000030517578,96.38999938964844,96.93000030517578,86.22689819335938,7408900,
2023-05-30,97.22000122070312,97.69000244140625,97.1500015258789,97.69000244140625,86.90300750732422,7883000,
2023-05-31,97.75,98.20999908447266,97.62000274658203,98.05999755859375,87.23213195800781,10817900,
2023-06-01,98.12000274658203,98.37999725341797,97.97000122070312,98.0999984741211,87.47466278076172,18161600,"{""dividend_amount"": 0.232}"
2023-06-02,97.93000030517578,97.95999908447266,97.23999786376953,97.31999969482422,86.77916717529297,7585400,
2023-06-05,96.91999816894531,97.55999755859375,96.81999969482422,97.29000091552734,86.75238800048828,6243100,
2023-06-06,97.33000183105469,97.37999725341797,97.05999755859375,97.3499984741211,86.80592346191406,3986200,
2023-06-07,97.22000122070312,97.31999969482422,96.54000091552734,96.63999938964844,86.17281341552734,8226600,
2023-06-08,96.80999755859375,97.30999755859375,96.7699966430664,97.29000091552734,86.75238800048828,5841900,
2023-06-09,96.95999908447266,97.08000183105469,96.7699966430664,96.94000244140625,86.4403305053711,6421900,
2023-06-12,97.08999633789062,97.12000274658203,96.66999816894531,97.0999984741211,86.58300018310547,5261700,
2023-06-13,97.25,97.31999969482422,96.26000213623047,96.41000366210938,85.96772003173828,9173500,
2023-06-14,96.69999694824219,96.83000183105469,96.18000030517578,96.54000091552734,86.08363342285156,7704400,
2023-06-15,97.11000061035156,97.36000061035156,96.9800033569336,97.29000091552734,86.75238800048828,5959100,
2023-06-16,96.80999755859375,97.05000305175781,96.58999633789062,96.87000274658203,86.37788391113281,6538100,
2023-06-20,97.05000305175781,97.38999938964844,97.05000305175781,97.16000366210938,86.63648986816406,5477300,
2023-06-21,96.9000015258789,97.33000183105469,96.75,97.25,86.71674346923828,5119600,
2023-06-22,96.95999908447266,97.12999725341797,96.62999725341797,96.69999694824219,86.226318359375,4102100,
2023-06-23,97.47000122070312,97.5,96.9800033569336,97.0999984741211,86.58300018310547,4112100,
2023-06-26,97.3499984741211,97.43000030517578,97.16000366210938,97.33999633789062,86.79700469970703,2976600,
2023-06-27,97.31999969482422,97.5,96.87000274658203,97.0,86.49380493164062,4752500,
2023-06-28,97.13999938964844,97.43000030517578,96.94999694824219,97.38999938964844,86.8415756225586,5257300,
2023-06-29,96.51000213623047,96.58000183105469,96.22000122070312,96.38999938964844,85.94987487792969,8268700,
2023-06-30,96.41999816894531,96.66000366210938,96.30999755859375,96.5999984741211,86.13714599609375,7450600,
2023-07-03,96.31999969482422,96.62000274658203,95.94999694824219,95.94999694824219,85.76351165771484,4687100,"{""dividend_amount"": 0.232}"
2023-07-05,95.94999694824219,96.0,95.37000274658203,95.48999786376953,85.35234832763672,10181200,
2023-07-06,94.76000213623047,94.86000061035156,94.36000061035156,94.70999908447266,84.65515899658203,9285100,
2023-07-07,94.58000183105469,94.94999694824219,94.54000091552734,94.58999633789062,84.54788970947266,6577600,
2023-07-10,94.73999786376953,95.22000122070312,94.7300033569336,95.08000183105469,84.98587036132812,6622700,
2023-07-11,95.26000213623047,95.41999816894531,95.12999725341797,95.27999877929688,85.16462707519531,6327100,
2023-07-12,95.91000366210938,96.33999633789062,95.7699966430664,96.20999908447266,85.99590301513672,8255100,
2023-07-13,96.68000030517578,97.06999969482422,96.58000183105469,97.01000213623047,86.71096801757812,9742600,
2023-07-14,96.80000305175781,96.91999816894531,96.48999786376953,96.52999877929688,86.28195190429688,7491100,
2023-07-17,96.5999984741211,96.77999877929688,96.4800033569336,96.69000244140625,86.42494201660156,3182400,
2023-07-18,97.0,97.12000274658203,96.73999786376953,96.80000305175781,86.52326202392578,3626500,
2023-07-19,96.9800033569336,97.19000244140625,96.79000091552734,97.12999725341797,86.81824493408203,5059300,
2023-07-20,96.62999725341797,96.66999816894531,96.19000244140625,96.36000061035156,86.12999725341797,9486600,
2023-07-21,96.56999969482422,96.66000366210938,96.41000366210938,96.44000244140625,86.20149230957031,4560100,
2023-07-24,96.61000061035156,96.70999908447266,96.16999816894531,96.20999908447266,85.99590301513672,7451100,
2023-07-25,95.83000183105469,96.08999633789062,95.81999969482422,96.02999877929688,85.83500671386719,4079300,
2023-07-26,96.25,96.41000366210938,95.97000122070312,96.36000061035156,86.12999725341797,4880100,
2023-07-27,95.98999786376953,96.0999984741211,95.18000030517578,95.30999755859375,85.19146728515625,8522800,
2023-07-28,95.52999877929688,95.73999786376953,95.44000244140625,95.62000274658203,85.46855926513672,5794100,
2023-07-31,95.58000183105469,95.91000366210938,95.56999969482422,95.73999786376953,85.57581329345703,6347000,
2023-08-01,95.04000091552734,95.18000030517578,94.77999877929688,94.94000244140625,85.07576751708984,7714000,"{""dividend_amount"": 0.242}"
2023-08-02,94.66000366210938,94.79000091552734,94.36000061035156,94.75,84.90552520751953,8009200,
2023-08-03,94.11000061035156,94.25,93.95999908447266,94.05000305175781,84.27823638916016,11057900,
2023-08-04,94.4000015258789,95.12999725341797,94.4000015258789,95.05000305175781,85.17435455322266,10189900,
2023-08-07,94.93000030517578,94.9800033569336,94.70999908447266,94.81999969482422,84.96824645996094,4007400,
2023-08-08,95.30999755859375,95.54000091552734,95.19000244140625,95.30000305175781,85.39836883544922,5401400,
2023-08-09,95.30000305175781,95.5199966430664,95.26000213623047,95.36000061035156,85.4521255493164,5317200,
2023-08-10,95.36000061035156,95.54000091552734,94.62000274658203,94.62999725341797,84.79800415039062,8462100,
2023-08-11,94.23999786376953,94.55999755859375,94.08999633789062,94.12999725341797,84.34996032714844,5915000,
2023-08-14,93.9800033569336,94.26000213623047,93.77999877929688,93.9800033569336,84.21554565429688,6218400,
2023-08-15,93.87999725341797,94.18000030517578,93.75,93.80000305175781,84.0542221069336,9602600,
2023-08-16,93.77999877929688,94.0,93.37000274658203,93.44000244140625,83.73163604736328,7199600,
2023-08-17,93.41000366210938,93.47000122070312,93.05999755859375,93.31999969482422,83.62409973144531,9858300,
2023-08-18,93.48999786376953,93.80999755859375,93.44000244140625,93.5999984741211,83.87501525878906,7510500,
2023-08-21,93.16000366210938,93.19999694824219,92.91000366210938,93.0199966430664,83.35526275634766,10864000,
2023-08-22,92.94000244140625,93.16000366210938,92.8499984741211,93.05999755859375,83.39112091064453,6330500,
2023-08-23,93.62999725341797,94.06999969482422,93.5999984741211,94.06999969482422,84.29618072509766,8550500,
2023-08-24,93.77999877929688,94.05000305175781,93.69000244140625,93.72000122070312,83.9825210571289,5735800,
2023-08-25,93.58999633789062,93.93000030517578,93.33999633789062,93.69000244140625,83.95565795898438,7895700,
2023-08-28,93.91000366210938,93.9800033569336,93.70999908447266,93.94999694824219,84.18862915039062,3301700,
2023-08-29,93.7300033569336,94.66000366210938,93.70999908447266,94.62000274658203,84.78902435302734,7064200,
2023-08-30,94.73999786376953,94.79000091552734,94.55000305175781,94.61000061035156,84.7800521850586,6346700,
2023-08-31,94.72000122070312,94.94000244140625,94.62999725341797,94.80000305175781,84.95032501220703,6167300,
2023-09-01,94.56999969482422,94.58000183105469,93.86000061035156,93.9800033569336,84.43106079101562,7746600,"{""dividend_amount"": 0.242}"
2023-09-05,93.70999908447266,93.72000122070312,93.37000274658203,93.41000366210938,83.91897583007812,4993400,
2023-09-06,93.56999969482422,93.58999633789062,93.12000274658203,93.16999816894531,83.70335388183594,7344100,
2023-09-07,93.38999938964844,93.52999877929688,93.29000091552734,93.48999786376953,83.9908447265625,7137500,
2023-09-08,93.72000122070312,93.86000061035156,93.47000122070312,93.51000213623047,84.00880432128906,4648500,
2023-09-11,93.30999755859375,93.44000244140625,93.23999786376953,93.3499984741211,83.86507415771484,4321700,
2023-09-12,93.37999725341797,93.5,93.2699966430664,93.4800033569336,83.98185729980469,4998400,
2023-09-13,93.33999633789062,93.72000122070312,93.31999969482422,93.58999633789062,84.0806884765625,6675400,
2023-09-14,93.66000366210938,93.73999786376953,93.31999969482422,93.37999725341797,83.89202117919922,6421000,
2023-09-15,93.2300033569336,93.29000091552734,93.0199966430664,93.08999633789062,83.63147735595703,9367700,
2023-09-18,92.97000122070312,93.25,92.97000122070312,93.18000030517578,83.71235656738281,4622200,
2023-09-19,92.97000122070312,93.13999938964844,92.80000305175781,92.83999633789062,83.40689849853516,7536800,
2023-09-20,93.0999984741211,93.23999786376953,92.75,92.7699966430664,83.343994140625,10751800,
2023-09-21,92.12999725341797,92.22000122070312,92.0199966430664,92.08000183105469,82.7240982055664,8702500,
2023-09-22,92.16999816894531,92.5199966430664,92.0999984741211,92.44000244140625,83.04753875732422,8637800,
2023-09-25,91.8499984741211,92.0199966430664,91.72000122070312,91.76000213623047,82.43663787841797,11712000,
2023-09-26,91.93000030517578,91.98999786376953,91.62000274658203,91.7300033569336,82.4096908569336,8281800,
2023-09-27,91.97000122070312,92.01000213623047,91.08000183105469,91.31999969482422,82.04132080078125,10586100,
2023-09-28,91.11000061035156,91.58999633789062,90.8499984741211,91.56999969482422,82.26592254638672,11654600,
2023-09-29,91.94999694824219,92.04000091552734,91.44999694824219,91.58999633789062,82.2839126586914,13488300,
2023-10-02,90.88999938964844,90.98999786376953,90.5,90.61000061035156,81.61643981933594,21010000,"{""dividend_amount"": 0.239}"
2023-10-03,90.41999816894531,90.58999633789062,89.80999755859375,89.86000061035156,80.94087982177734,21364700,
2023-10-04,90.13999938964844,90.4800033569336,89.93000030517578,90.43000030517578,81.45431518554688,14054000,
2023-10-05,90.63999938964844,90.66000366210938,90.41000366210938,90.5999984741211,81.60742950439453,11315900,
2023-10-06,89.7699966430664,90.36000061035156,89.69000244140625,90.06999969482422,81.1300048828125,12257100,
2023-10-09,90.75,91.22000122070312,90.61000061035156,91.22000122070312,82.16590881347656,5816700,
2023-10-10,90.76000213623047,91.29000091552734,90.6500015258789,91.04000091552734,82.00375366210938,11508300,
2023-10-11,91.4000015258789,91.5999984741211,91.19999694824219,91.54000091552734,82.45413208007812,14815800,
2023-10-12,91.33999633789062,91.38999938964844,90.55000305175781,90.66000366210938,81.66149139404297,12855900,
2023-10-13,91.31999969482422,91.36000061035156,91.05999755859375,91.23999786376953,82.18392181396484,9872500,
2023-10-16,90.70999908447266,90.7699966430664,90.58000183105469,90.69999694824219,81.69747924804688,7248000,
2023-10-17,89.9000015258789,90.04000091552734,89.6500015258789,89.80999755859375,80.89584350585938,11191600,
2023-10-18,89.55999755859375,89.69000244140625,89.23999786376953,89.38999938964844,80.51752471923828,13794200,
2023-10-19,89.13999938964844,89.5,88.86000061035156,88.94999694824219,80.12120056152344,27116700,
2023-10-20,89.2699966430664,89.5999984741211,89.25,89.47000122070312,80.58958435058594,12587100,
2023-10-23,89.1500015258789,90.0,89.01000213623047,89.88999938964844,80.96791076660156,12365000,
2023-10-24,89.81999969482422,90.05999755859375,89.61000061035156,90.05000305175781,81.1120376586914,10906000,
2023-10-25,89.58000183105469,89.61000061035156,89.1500015258789,89.26000213623047,80.40043640136719,15170200,
2023-10-26,89.3499984741211,89.9800033569336,89.33000183105469,89.94000244140625,81.012939453125,15901300,
2023-10-27,89.87000274658203,90.08999633789062,89.70999908447266,90.08000183105469,81.13907623291016,11628200,
2023-10-30,89.63999938964844,89.93000030517578,89.4800033569336,89.77999877929688,80.86882019042969,11022500,
2023-10-31,89.83000183105469,90.0199966430664,89.56999969482422,89.58999633789062,80.69767761230469,11574700,
2023-11-01,89.5999984741211,90.41999816894531,89.55999755859375,90.37000274658203,81.62714385986328,22448900,"{""dividend_amount"": 0.249}"
2023-11-02,91.05999755859375,91.22000122070312,90.7300033569336,90.93000030517578,82.1329574584961,14046200,
2023-11-03,92.04000091552734,92.23999786376953,91.62000274658203,91.62999725341797,82.76522827148438,23133700,
2023-11-06,91.29000091552734,91.31999969482422,91.0,91.0999984741211,82.28649139404297,11246700,
2023-11-07,91.38999938964844,91.81999969482422,91.38999938964844,91.62000274658203,82.75621032714844,13189400,
2023-11-08,91.63999938964844,92.08000183105469,91.62999725341797,91.98999786376953,83.09040832519531,11117600,
2023-11-09,91.83000183105469,91.83999633789062,91.02999877929688,91.08000183105469,82.26844787597656,17067900,
2023-11-10,91.45999908447266,91.4800033569336,91.08000183105469,91.18000030517578,82.35875701904297,10674700,
2023-11-13,90.83000183105469,91.16000366210938,90.69000244140625,91.12999725341797,82.31358337402344,8930200,
2023-11-14,92.43000030517578,92.56999969482422,92.27999877929688,92.5,83.55105590820312,14313600,
2023-11-15,92.05000305175781,92.05999755859375,91.69999694824219,91.77999877929688,82.90070343017578,12969400,
2023-11-16,92.31999969482422,92.61000061035156,92.30999755859375,92.47000122070312,83.5239486694336,10375600,
2023-11-17,92.58000183105469,92.62999725341797,92.3499984741211,92.52999877929688,83.57817077636719,8462000,
2023-11-20,92.33999633789062,92.72000122070312,92.30999755859375,92.66000366210938,83.69558715820312,7481200,
2023-11-21,92.7699966430664,92.91000366210938,92.54000091552734,92.77999877929688,83.80394744873047,9153300,
2023-11-22,92.91999816894531,92.98999786376953,92.5199966430664,92.75,83.7768783569336,7255100,
2023-11-24,92.3499984741211,92.41999816894531,92.26000213623047,92.2699966430664,83.34330749511719,4125800,
2023-11-27,92.55000305175781,92.9800033569336,92.48999786376953,92.97000122070312,83.97559356689453,9539800,
2023-11-28,92.86000061035156,93.41000366210938,92.80999755859375,93.37999725341797,84.3459243774414,13563300,
2023-11-29,93.72000122070312,93.97000122070312,93.58999633789062,93.87000274658203,84.7885513305664,19075400,
2023-11-30,93.5199966430664,93.55000305175781,93.22000122070312,93.41000366210938,84.37305450439453,18446700,
2023-12-01,93.13999938964844,94.08999633789062,93.11000061035156,94.04000091552734,85.16911315917969,21393200,"{""dividend_amount"": 0.249}"
2023-12-04,93.68000030517578,93.88999938964844,93.44999694824219,93.6500015258789,84.8158950805664,16402000,
2023-12-05,94.05000305175781,94.41000366210938,93.98999786376953,94.30999755859375,85.41362762451172,25452100,
2023-12-06,94.5199966430664,94.79000091552734,94.41000366210938,94.69999694824219,85.76683044433594,14023400,
2023-12-07,94.5,94.86000061035156,94.45999908447266,94.55999755859375,85.64006042480469,13730100,
2023-12-08,94.02999877929688,94.1500015258789,93.7300033569336,93.94999694824219,85.08758544921875,13825300,
2023-12-11,93.75,94.0,93.55999755859375,93.95999908447266,85.0966567993164,10484600,
2023-12-12,93.94999694824219,94.22000122070312,93.86000061035156,94.16000366210938,85.27779388427734,7248000,
2023-12-13,94.44000244140625,95.68000030517578,94.37000274658203,95.55999755859375,86.54571533203125,16155200,
2023-12-14,95.7699966430664,96.2699966430664,95.72000122070312,96.06999969482422,87.26512145996094,32373200,"{""dividend_amount"": 0.282}"
2023-12-15,95.88999938964844,96.1500015258789,95.83999633789062,95.98999786376953,87.19247436523438,9407100,
2023-12-18,95.80999755859375,95.81999969482422,95.62999725341797,95.77999877929688,87.00171661376953,8634100,
2023-12-19,95.94000244140625,96.13999938964844,95.88999938964844,95.95999908447266,87.16519927978516,9047100,
2023-12-20,96.18000030517578,96.48999786376953,95.9800033569336,96.43000030517578,87.5921401977539,12659100,
2023-12-21,96.63999938964844,96.69999694824219,96.1500015258789,96.27999877929688,87.45586395263672,8939700,
2023-12-22,96.45999908447266,96.4800033569336,96.05000305175781,96.19000244140625,87.37411499023438,4956400,
2023-12-26,96.1500015258789,96.33999633789062,96.12999725341797,96.25,87.42865753173828,3342500,
2023-12-27,96.66000366210938,97.04000091552734,96.58999633789062,97.0,88.10991668701172,7362400,
2023-12-28,96.80000305175781,96.95999908447266,96.52999877929688,96.62999725341797,87.77379608154297,4858500,
2023-12-29,96.3499984741211,96.63999938964844,96.29000091552734,96.38999938964844,87.5557861328125,7820500,
2024-01-02,95.94000244140625,96.1500015258789,95.91999816894531,96.02999877929688,87.22882080078125,9444000,
2024-01-03,95.61000061035156,96.33999633789062,95.52999877929688,96.26000213623047,87.43773651123047,11040500,
2024-01-04,95.69000244140625,95.83000183105469,95.58000183105469,95.68000030517578,86.91087341308594,7354800,
2024-01-05,95.33000183105469,96.0199966430664,95.26000213623047,95.33000183105469,86.59294891357422,10001000,
2024-01-08,95.38999938964844,95.95999908447266,95.36000061035156,95.6500015258789,86.88363647460938,7044700,
2024-01-09,95.5199966430664,95.75,95.5199966430664,95.61000061035156,86.84729766845703,7360800,
2024-01-10,95.79000091552734,95.86000061035156,95.44000244140625,95.45999908447266,86.71104431152344,9212700,
2024-01-11,95.5999984741211,96.04000091552734,95.4800033569336,95.97000122070312,87.17427825927734,10305400,
2024-01-12,96.2300033569336,96.4800033569336,96.0199966430664,96.2300033569336,87.41049194335938,8469600,
2024-01-16,95.83999633789062,95.95999908447266,95.31999969482422,95.44999694824219,86.70196533203125,9847100,
2024-01-17,95.16999816894531,95.2300033569336,94.94999694824219,95.13999938964844,86.42036437988281,9170700,
2024-01-18,95.0999984741211,95.16999816894531,94.83000183105469,94.93000030517578,86.22960662841797,8910100,
2024-01-19,94.77999877929688,94.95999908447266,94.54000091552734,94.94000244140625,86.23869323730469,17711100,
2024-01-22,95.27999877929688,95.38999938964844,95.1500015258789,95.2300033569336,86.50212860107422,9831500,
2024-01-23,95.0,95.0199966430664,94.87000274658203,94.98999786376953,86.28409576416016,6428600,
2024-01-24,95.33999633789062,95.37000274658203,94.66000366210938,94.72000122070312,86.03888702392578,9718000,
2024-01-25,95.05000305175781,95.16000366210938,94.9000015258789,95.12999725341797,86.41128540039062,11588100,
2024-01-26,95.05000305175781,95.05000305175781,94.83999633789062,94.95999908447266,86.25686645507812,9134600,
2024-01-29,95.25,95.62000274658203,95.18000030517578,95.52999877929688,86.77462768554688,6947500,
2024-01-30,95.69000244140625,95.73999786376953,95.1500015258789,95.66000366210938,86.89270782470703,7265800,
2024-01-31,96.08999633789062,96.4800033569336,95.98999786376953,96.45999908447266,87.619384765625,15778300,
2024-02-01,96.5999984741211,97.11000061035156,96.33999633789062,96.81999969482422,88.162109375,33372900,"{""dividend_amount"": 0.236}"
2024-02-02,95.73999786376953,95.9000015258789,95.37999725341797,95.55999755859375,87.0147705078125,13809200,
2024-02-05,94.9000015258789,94.98999786376953,94.52999877929688,94.62999725341797,86.16792297363281,12147700,
2024-02-06,94.73999786376953,95.2300033569336,94.70999908447266,95.13999938964844,86.63231658935547,9327000,
2024-02-07,94.97000122070312,95.3499984741211,94.94000244140625,94.97000122070312,86.4775161743164,8619800,
2024-02-08,94.76000213623047,94.83999633789062,94.56999969482422,94.66000366210938,86.19524383544922,7808000,
2024-02-09,94.43000030517578,94.56999969482422,94.4000015258789,94.48999786376953,86.04045104980469,8492500,
2024-02-12,94.56999969482422,94.69000244140625,94.4000015258789,94.58000183105469,86.12239074707031,7023600,
2024-02-13,93.87999725341797,93.97000122070312,93.5199966430664,93.54000091552734,85.17539978027344,11978400,
2024-02-14,93.63999938964844,94.05999755859375,93.63999938964844,93.88999938964844,85.49408721923828,8979600,
2024-02-15,94.30000305175781,94.4000015258789,94.02999877929688,94.1500015258789,85.7308578491211,6788300,
2024-02-16,93.5999984741211,93.79000091552734,93.55000305175781,93.73999786376953,85.35751342773438,7147400,
2024-02-20,93.93000030517578,94.12000274658203,93.88999938964844,93.9000015258789,85.50321197509766,8286300,
2024-02-21,93.97000122070312,94.0199966430664,93.54000091552734,93.5999984741211,85.23002624511719,6433900,
2024-02-22,93.56999969482422,93.79000091552734,93.44000244140625,93.61000061035156,85.2391586303711,8688500,
2024-02-23,93.63999938964844,94.11000061035156,93.63999938964844,94.04000091552734,85.63068389892578,6426700,
2024-02-26,94.05000305175781,94.05999755859375,93.68000030517578,93.9000015258789,85.50321197509766,6417200,
2024-02-27,93.76000213623047,93.91999816894531,93.62999725341797,93.69000244140625,85.31199645996094,7540600,
2024-02-28,93.80000305175781,94.02999877929688,93.73999786376953,94.02999877929688,85.6215591430664,5293600,
2024-02-29,94.0999984741211,94.33000183105469,94.08000183105469,94.22000122070312,85.79459381103516,11919200,
2024-03-01,93.8499984741211,94.45999908447266,93.62000274658203,94.4000015258789,86.18626403808594,11857200,"{""dividend_amount"": 0.249}"
2024-03-04,94.08000183105469,94.29000091552734,94.06999969482422,94.19000244140625,85.99454498291016,6641600,
2024-03-05,94.66999816894531,94.94000244140625,94.55999755859375,94.7699966430664,86.5240478515625,7673100,
2024-03-06,94.94000244140625,95.19000244140625,94.88999938964844,95.0,86.73404693603516,9499200,
2024-03-07,95.19000244140625,95.22000122070312,94.91999816894531,95.16000366210938,86.88011932373047,8420900,
2024-03-08,95.31999969482422,95.38999938964844,95.1500015258789,95.2300033569336,86.9440689086914,8103600,
2024-03-11,95.26000213623047,95.29000091552734,95.0199966430664,95.11000061035156,86.83448028564453,5568200,
2024-03-12,94.83999633789062,94.87000274658203,94.61000061035156,94.72000122070312,86.4784164428711,6556500,
2024-03-13,94.58000183105469,94.6500015258789,94.47000122070312,94.51000213623047,86.28669738769531,9708400,
2024-03-14,94.16000366210938,94.16999816894531,93.79000091552734,93.80999755859375,85.64759063720703,10055900,
2024-03-15,93.73999786376953,93.81999969482422,93.62999725341797,93.6500015258789,85.50152587890625,6591400,
2024-03-18,93.62000274658203,93.69999694824219,93.44999694824219,93.54000091552734,85.40108489990234,5319700,
2024-03-19,93.7300033569336,93.94000244140625,93.66999816894531,93.80999755859375,85.64759063720703,5470300,
2024-03-20,93.91000366210938,94.3499984741211,93.69999694824219,94.02999877929688,85.84843444824219,10190800,
2024-03-21,94.20999908447266,94.27999877929688,93.95999908447266,94.04000091552734,85.85759735107422,8271200,
2024-03-22,94.55999755859375,94.55999755859375,94.41000366210938,94.5,86.27755737304688,6119800,
2024-03-25,94.41000366210938,94.41000366210938,94.19000244140625,94.25,86.0492935180664,4488900,
2024-03-26,94.22000122070312,94.41000366210938,94.11000061035156,94.38999938964844,86.17713928222656,5477600,
2024-03-27,94.5,94.79000091552734,94.48999786376953,94.75,86.50580596923828,4838500,
2024-03-28,94.54000091552734,94.7699966430664,94.4800033569336,94.66000366210938,86.42364501953125,7561400,
2024-04-01,93.98999786376953,93.98999786376953,93.45999908447266,93.52999877929688,85.64167022705078,10854000,"{""dividend_amount"": 0.276}"
2024-04-02,93.11000061035156,93.37000274658203,93.0199966430664,93.33000183105469,85.45854949951172,7214900,
2024-04-03,92.94999694824219,93.44000244140625,92.86000061035156,93.44000244140625,85.55924987792969,12908000,
2024-04-04,93.63999938964844,93.77999877929688,93.37999725341797,93.76000213623047,85.8522720336914,6960500,
2024-04-05,93.25,93.54000091552734,93.12999725341797,93.13999938964844,85.28458404541016,6334600,
2024-04-08,92.91000366210938,93.05999755859375,92.80999755859375,92.93000030517578,85.09226989746094,7115100,
2024-04-09,93.19999694824219,93.37999725341797,93.19999694824219,93.30000305175781,85.43107604980469,5151100,
2024-04-10,92.51000213623047,92.56999969482422,91.91999816894531,92.05999755859375,84.295654296875,14993700,
2024-04-11,92.2300033569336,92.2699966430664,91.80999755859375,91.93000030517578,84.1766128540039,9371400,
2024-04-12,92.41000366210938,92.55999755859375,92.30999755859375,92.30999755859375,84.52455139160156,11675600,
2024-04-15,91.68000030517578,91.73999786376953,91.3499984741211,91.72000122070312,83.98432922363281,12315300,
2024-04-16,91.31999969482422,91.52999877929688,91.18000030517578,91.36000061035156,83.65467834472656,12027200,
2024-04-17,91.69000244140625,92.01000213623047,91.54000091552734,91.94000244140625,84.185791015625,10515400,
2024-04-18,91.8499984741211,91.8499984741211,91.5,91.62000274658203,83.89277648925781,6964500,
2024-04-19,91.83999633789062,91.86000061035156,91.63999938964844,91.73999786376953,84.00265502929688,6125800,
2024-04-22,91.56999969482422,91.81999969482422,91.55000305175781,91.75,84.0118179321289,4002900,
2024-04-23,91.62999725341797,92.0999984741211,91.54000091552734,91.87000274658203,84.12165832519531,8319800,
2024-04-24,91.66000366210938,91.69000244140625,91.44000244140625,91.58999633789062,83.86528778076172,7567400,
2024-04-25,91.08999633789062,91.33000183105469,91.0199966430664,91.23999786376953,83.54478454589844,5784300,
2024-04-26,91.44999694824219,91.62999725341797,91.41999816894531,91.48999786376953,83.77371978759766,5432600,
2024-04-29,91.69999694824219,91.87999725341797,91.62000274658203,91.86000061035156,84.11250305175781,4846500,
2024-04-30,91.51000213623047,91.6500015258789,91.3499984741211,91.43000030517578,83.7187728881836,7516700,
2024-05-01,91.43000030517578,91.86000061035156,91.19000244140625,91.5199966430664,84.05030059814453,12392500,"{""dividend_amount"": 0.271}"
2024-05-02,91.5199966430664,92.01000213623047,91.44999694824219,91.94999694824219,84.44520568847656,8661500,
2024-05-03,92.61000061035156,92.69999694824219,92.22000122070312,92.45999908447266,84.91358947753906,8501100,
2024-05-06,92.5,92.63999938964844,92.41000366210938,92.54000091552734,84.987060546875,4043400,
2024-05-07,92.87000274658203,93.0199966430664,92.69999694824219,92.77999877929688,85.20747375488281,7776200,
2024-05-08,92.58000183105469,92.66000366210938,92.51000213623047,92.5199966430664,84.96869659423828,9024000,
2024-05-09,92.5,92.87000274658203,92.47000122070312,92.80000305175781,85.2258529663086,9625200,
2024-05-10,92.5999984741211,92.63999938964844,92.44999694824219,92.5,84.95033264160156,3205000,
2024-05-13,92.73999786376953,92.7699966430664,92.5999984741211,92.61000061035156,85.05138397216797,3228700,
2024-05-14,92.79000091552734,92.91999816894531,92.69000244140625,92.87999725341797,85.29931640625,4688800,
2024-05-15,93.41999816894531,93.6500015258789,93.30000305175781,93.58000183105469,85.9421615600586,11384500,
2024-05-16,93.61000061035156,93.61000061035156,93.37000274658203,93.4000015258789,85.77685546875,4278400,
2024-05-17,93.25,93.33000183105469,93.08999633789062,93.11000061035156,85.51053619384766,3883900,
2024-05-20,92.9800033569336,93.05999755859375,92.94000244140625,92.97000122070312,85.38197326660156,4575900,
2024-05-21,93.25,93.29000091552734,93.16000366210938,93.20999908447266,85.60238647460938,2669700,
2024-05-22,92.9800033569336,93.19999694824219,92.97000122070312,93.08999633789062,85.4921875,3616300,
2024-05-23,93.12999725341797,93.13999938964844,92.62000274658203,92.76000213623047,85.18910217285156,6005500,
2024-05-24,92.66999816894531,92.88999938964844,92.63999938964844,92.87999725341797,85.29931640625,3926400,
2024-05-28,92.95999908447266,92.9800033569336,92.33999633789062,92.36000061035156,84.8217544555664,8761400,
2024-05-29,92.12999725341797,92.13999938964844,91.72000122070312,91.91000366210938,84.40848541259766,10126800,
2024-05-30,92.22000122070312,92.38999938964844,92.16999816894531,92.37000274658203,84.8309326171875,5069500,
2024-05-31,92.6500015258789,92.81999969482422,92.61000061035156,92.80000305175781,85.2258529663086,4807400,
2024-06-03,92.6500015258789,93.18000030517578,92.6500015258789,93.12999725341797,85.78402709960938,7675900,"{""dividend_amount"": 0.276}"
2024-06-04,93.44000244140625,93.7300033569336,93.37999725341797,93.63999938964844,86.2538070678711,8752000,
2024-06-05,93.76000213623047,93.98999786376953,93.48999786376953,93.9800033569336,86.56700897216797,6466800,
2024-06-06,93.81999969482422,94.02999877929688,93.79000091552734,93.94000244140625,86.53015899658203,5849400,
2024-06-07,93.13999938964844,93.16000366210938,92.94000244140625,92.94999694824219,85.61824035644531,7125100,
2024-06-10,92.77999877929688,92.83999633789062,92.66000366210938,92.75,85.43402099609375,3938900,
2024-06-11,92.91000366210938,93.26000213623047,92.81999969482422,93.23999786376953,85.88536834716797,3954700,
2024-06-12,94.08000183105469,94.31999969482422,93.73999786376953,93.76000213623047,86.36434173583984,9243200,
2024-06-13,94.18000030517578,94.5199966430664,94.08000183105469,94.37999725341797,86.93544006347656,6529900,
2024-06-14,94.51000213623047,94.69000244140625,94.45999908447266,94.5999984741211,87.13809204101562,5424600,
2024-06-17,94.13999938964844,94.22000122070312,94.02999877929688,94.16000366210938,86.73282623291016,4957200,
2024-06-18,94.31999969482422,94.68000030517578,94.27999877929688,94.56999969482422,87.11045837402344,5232600,
2024-06-20,94.0999984741211,94.36000061035156,94.05000305175781,94.33000183105469,86.889404296875,3573100,
2024-06-21,94.51000213623047,94.5999984741211,94.18000030517578,94.3499984741211,86.9078140258789,6908700,
2024-06-24,94.37000274658203,94.43000030517578,94.2300033569336,94.43000030517578,86.98150634765625,5276000,
2024-06-25,94.37000274658203,94.55000305175781,94.33000183105469,94.51000213623047,87.05520629882812,3790100,
2024-06-26,94.0199966430664,94.08999633789062,93.91999816894531,93.94000244140625,86.53015899658203,4196400,
2024-06-27,94.12000274658203,94.23999786376953,94.11000061035156,94.1500015258789,86.72360229492188,4946600,
2024-06-28,94.36000061035156,94.37999725341797,93.6500015258789,93.6500015258789,86.26302337646484,6032400,
2024-07-01,92.83999633789062,93.11000061035156,92.58000183105469,92.66999816894531,85.62088012695312,13662800,"{""dividend_amount"": 0.285}"
2024-07-02,93.05999755859375,93.12999725341797,92.87999725341797,93.0199966430664,85.94426727294922,8195700,
2024-07-03,93.25,93.68000030517578,93.19999694824219,93.63999938964844,86.51709747314453,3861000,
2024-07-05,93.97000122070312,94.22000122070312,93.8499984741211,94.16000366210938,86.99756622314453,5111500,
2024-07-08,94.12999725341797,94.26000213623047,93.98999786376953,94.19000244140625,87.02526092529297,5294600,
2024-07-09,94.04000091552734,94.16999816894531,93.83000183105469,94.05999755859375,86.90514373779297,3006900,
2024-07-10,94.13999938964844,94.19999694824219,94.01000213623047,94.1500015258789,86.98832702636719,4076600,
2024-07-11,94.81999969482422,94.9800033569336,94.70999908447266,94.75,87.54268646240234,9658400,
2024-07-12,94.7699966430664,94.94999694824219,94.70999908447266,94.94999694824219,87.72746276855469,4304500,
2024-07-15,94.70999908447266,94.83000183105469,94.56999969482422,94.6500015258789,87.45027923583984,3754500,
2024-07-16,94.81999969482422,95.08000183105469,94.7300033569336,95.06999969482422,87.83833312988281,4705800,
2024-07-17,94.93000030517578,95.20999908447266,94.83999633789062,95.1500015258789,87.9122314453125,5113500,
2024-07-18,94.94000244140625,95.1500015258789,94.81999969482422,94.87999725341797,87.66277313232422,8640600,
2024-07-19,94.62999725341797,94.69999694824219,94.52999877929688,94.58000183105469,87.3855972290039,5274400,
2024-07-22,94.69000244140625,94.76000213623047,94.33999633789062,94.48999786376953,87.30245208740234,3869800,
2024-07-23,94.62000274658203,94.75,94.55000305175781,94.55999755859375,87.36714172363281,5095600,
2024-07-24,94.7300033569336,94.87999725341797,94.33999633789062,94.3499984741211,87.17310333251953,4733500,
2024-07-25,94.54000091552734,94.87999725341797,94.48999786376953,94.55999755859375,87.36714172363281,4335600,
2024-07-26,94.95999908447266,95.04000091552734,94.87000274658203,95.01000213623047,87.78289794921875,5217500,
2024-07-29,95.25,95.26000213623047,95.08000183105469,95.16999816894531,87.93070983886719,6165600,
2024-07-30,95.27999877929688,95.47000122070312,95.11000061035156,95.37000274658203,88.1155014038086,4419200,
2024-07-31,95.6500015258789,96.08000183105469,95.44999694824219,96.06999969482422,88.76226806640625,10982900,
2024-08-01,96.0,96.43000030517578,95.9800033569336,96.19000244140625,89.14129638671875,10492600,"{""dividend_amount"": 0.289}"
2024-08-02,97.19000244140625,97.75,97.12999725341797,97.68000030517578,90.52210998535156,18286500,
2024-08-05,98.38999938964844,98.58000183105469,97.4000015258789,97.77999877929688,90.61477661132812,19098200,
2024-08-06,97.54000091552734,97.58000183105469,96.83999633789062,96.91000366210938,89.80854797363281,9507000,
2024-08-07,96.62999725341797,96.7300033569336,96.37999725341797,96.55999755859375,89.48418426513672,8419700,
2024-08-08,96.16000366210938,96.33999633789062,96.06999969482422,96.2699966430664,89.21543884277344,4856100,
2024-08-09,96.77999877929688,96.79000091552734,96.58000183105469,96.66000366210938,89.57687377929688,5174900,
2024-08-12,96.54000091552734,96.9800033569336,96.4800033569336,96.93000030517578,89.82707977294922,4166400,
2024-08-13,97.33000183105469,97.36000061035156,97.19000244140625,97.36000061035156,90.22554779052734,6458700,
2024-08-14,97.31999969482422,97.62999725341797,97.30000305175781,97.48999786376953,90.34602355957031,4275700,
2024-08-15,96.69999694824219,96.87999725341797,96.62000274658203,96.87999725341797,89.7807388305664,5507000,
2024-08-16,97.08000183105469,97.08999633789062,96.80999755859375,97.06999969482422,89.95681762695312,4437000,
2024-08-19,97.04000091552734,97.30999755859375,97.0199966430664,97.19999694824219,90.07728576660156,4437600,
2024-08-20,97.44000244140625,97.62999725341797,97.36000061035156,97.58999633789062,90.4386978149414,4886000,
2024-08-21,97.69000244140625,98.01000213623047,97.45999908447266,97.79000091552734,90.6240463256836,5386000,
2024-08-22,97.55000305175781,97.56999969482422,97.19999694824219,97.33999633789062,90.20701599121094,4819500,
2024-08-23,97.54000091552734,97.86000061035156,97.43000030517578,97.79000091552734,90.6240463256836,5475400,
2024-08-26,97.95999908447266,97.97000122070312,97.66999816894531,97.66999816894531,90.5128402709961,3062400,
2024-08-27,97.41000366210938,97.69999694824219,97.36000061035156,97.62999725341797,90.47576141357422,4433700,
2024-08-28,97.6500015258789,97.7300033569336,97.54000091552734,97.58000183105469,90.42945861816406,8147000,
2024-08-29,97.36000061035156,97.44999694824219,97.26000213623047,97.41000366210938,90.27188110351562,6199800,
2024-08-30,97.43000030517578,97.55000305175781,97.05000305175781,97.06999969482422,89.95681762695312,4802600,
2024-09-03,97.30999755859375,97.56999969482422,97.25,97.41999816894531,90.54981231689453,8232700,"{""dividend_amount"": 0.288}"
2024-09-04,97.52999877929688,98.04000091552734,97.5,97.98999786376953,91.0796127319336,9914900,
2024-09-05,98.25,98.30000305175781,97.91000366210938,98.22000122070312,91.29339599609375,33635000,
2024-09-06,98.26000213623047,98.8499984741211,98.0199966430664,98.36000061035156,91.42353820800781,17777600,
2024-09-09,98.30000305175781,98.56999969482422,98.18000030517578,98.5,91.55366516113281,8532500,
2024-09-10,98.51000213623047,98.97000122070312,98.48999786376953,98.91999816894531,91.94403839111328,7921400,
2024-09-11,98.72000122070312,99.1500015258789,98.66000366210938,98.8499984741211,91.87895965576172,7286200,
2024-09-12,98.7699966430664,98.87999725341797,98.51000213623047,98.69000244140625,91.73027801513672,5929800,
2024-09-13,98.95999908447266,99.0,98.76000213623047,98.87999725341797,91.90684509277344,5305500,
2024-09-16,98.98999786376953,99.18000030517578,98.87000274658203,99.13999938964844,92.14852142333984,6666900,
2024-09-17,99.08000183105469,99.13999938964844,98.88999938964844,98.95999908447266,91.9812240600586,7807000,
2024-09-18,98.7300033569336,99.05000305175781,98.4800033569336,98.52999877929688,91.58152770996094,8584500,
2024-09-19,98.26000213623047,98.47000122070312,98.22000122070312,98.44999694824219,91.5071792602539,16770800,
2024-09-20,98.30999755859375,98.55000305175781,98.18000030517578,98.41999816894531,91.47929382324219,6580600,
2024-09-23,98.22000122070312,98.44999694824219,97.98999786376953,98.36000061035156,91.42353820800781,7491700,
2024-09-24,98.08999633789062,98.5,98.01000213623047,98.47000122070312,91.52578735351562,6580800,
2024-09-25,98.2699966430664,98.2699966430664,98.06999969482422,98.06999969482422,91.15397644042969,10455100,
2024-09-26,98.1500015258789,98.19999694824219,97.83999633789062,98.0,91.08892059326172,8026500,
2024-09-27,98.2300033569336,98.44000244140625,98.1500015258789,98.38999938964844,91.45142364501953,6207700,
2024-09-30,98.31999969482422,98.3499984741211,97.95999908447266,98.12000274658203,91.20046997070312,8902400,
2024-10-01,98.16999816894531,98.47000122070312,98.08000183105469,98.19000244140625,91.5323257446289,11665600,"{""dividend_amount"": 0.286}"
2024-10-02,97.75,97.94999694824219,97.63999938964844,97.91000366210938,91.27128601074219,7742100,
2024-10-03,97.6500015258789,97.72000122070312,97.37999725341797,97.41000366210938,90.80520629882812,11556100,
2024-10-04,96.56999969482422,96.77999877929688,96.41999816894531,96.47000122070312,89.92893981933594,8878300,
2024-10-07,96.11000061035156,96.2699966430664,96.06999969482422,96.12000274658203,89.6026840209961,10152600,
2024-10-08,95.97000122070312,96.19999694824219,95.93000030517578,96.19999694824219,89.67725372314453,5975200,
2024-10-09,96.02999877929688,96.08000183105469,95.79000091552734,95.83999633789062,89.34165954589844,6769200,
2024-10-10,95.7699966430664,95.87999725341797,95.52999877929688,95.83000183105469,89.33233642578125,5959000,
2024-10-11,95.7300033569336,95.94999694824219,95.68000030517578,95.86000061035156,89.36029052734375,5394100,
2024-10-14,95.45999908447266,95.69000244140625,95.41000366210938,95.69000244140625,89.20182800292969,3850900,
2024-10-15,96.05999755859375,96.22000122070312,96.01000213623047,96.18000030517578,89.65860748291016,7736900,
2024-10-16,96.36000061035156,96.45999908447266,96.2699966430664,96.33000183105469,89.79842376708984,5041100,
2024-10-17,95.91000366210938,95.94999694824219,95.75,95.83000183105469,89.33233642578125,5460200,
2024-10-18,95.98999786376953,96.05000305175781,95.91999816894531,95.94000244140625,89.43488311767578,5174700,
2024-10-21,95.56999969482422,95.5999984741211,95.19000244140625,95.19999694824219,88.74504852294922,6633600,
2024-10-22,95.31999969482422,95.37999725341797,95.02999877929688,95.11000061035156,88.66114044189453,5433900,
2024-10-23,94.83000183105469,95.0,94.73999786376953,94.88999938964844,88.45606231689453,6914300,
2024-10-24,94.9800033569336,95.26000213623047,94.87000274658203,95.0999984741211,88.65181732177734,5486300,
2024-10-25,95.30999755859375,95.31999969482422,94.81999969482422,94.88999938964844,88.45606231689453,6455300,
2024-10-28,94.91000366210938,94.91999816894531,94.48999786376953,94.66999816894531,88.2509765625,5447300,
2024-10-29,94.2699966430664,94.7300033569336,94.22000122070312,94.70999908447266,88.28827667236328,8475400,
2024-10-30,94.93000030517578,95.16999816894531,94.52999877929688,94.56999969482422,88.15777587890625,6341100,
2024-10-31,94.41999816894531,94.69999694824219,94.22000122070312,94.5199966430664,88.11117553710938,8662900,
2024-11-01,94.37000274658203,94.45999908447266,93.63999938964844,93.66999816894531,87.58938598632812,15659500,"{""dividend_amount"": 0.292}"
2024-11-04,94.31999969482422,94.44000244140625,93.98999786376953,94.16999816894531,88.0569076538086,8179300,
2024-11-05,94.05000305175781,94.33999633789062,93.73999786376953,94.22000122070312,88.1036605834961,8118500,
2024-11-06,93.04000091552734,93.51000213623047,93.01000213623047,93.25,87.19664764404297,15261400,
2024-11-07,93.62999725341797,94.16999816894531,93.58000183105469,94.0,87.89794921875,15674000,
2024-11-08,94.19999694824219,94.4800033569336,94.08999633789062,94.19999694824219,88.0849609375,12335300,
2024-11-11,93.91999816894531,93.95999908447266,93.77999877929688,93.94000244140625,87.84185028076172,3980000,
2024-11-12,93.56999969482422,93.76000213623047,93.23999786376953,93.3499984741211,87.29014587402344,8037600,
2024-11-13,93.7699966430664,93.77999877929688,93.16999816894531,93.29000091552734,87.23403930664062,6661800,
2024-11-14,93.44000244140625,93.66000366210938,93.16999816894531,93.27999877929688,87.22469329833984,7510000,
2024-11-15,93.0999984741211,93.62999725341797,92.9000015258789,93.31999969482422,87.26210021972656,16761500,
2024-11-18,93.27999877929688,93.58999633789062,93.16999816894531,93.52999877929688,87.45848846435547,4788200,
2024-11-19,93.81999969482422,93.87999725341797,93.69000244140625,93.7300033569336,87.64550018310547,4951500,
2024-11-20,93.47000122070312,93.76000213623047,93.44000244140625,93.58999633789062,87.51455688476562,5752900,
2024-11-21,93.66000366210938,93.83000183105469,93.41999816894531,93.54000091552734,87.46782684326172,5098200,
2024-11-22,93.66999816894531,93.7300033569336,93.5,93.5999984741211,87.52392578125,5373900,
2024-11-25,94.45999908447266,94.63999938964844,94.31999969482422,94.61000061035156,88.46836853027344,7716000,
2024-11-26,94.41000366210938,94.44000244140625,94.22000122070312,94.41000366210938,88.2813491821289,5093100,
2024-11-27,94.79000091552734,94.91999816894531,94.5999984741211,94.79000091552734,88.63667297363281,5587600,
2024-11-29,95.12999725341797,95.19999694824219,95.0,95.19000244140625,89.01072692871094,5136200,
2024-12-02,94.61000061035156,95.01000213623047,94.5,94.88999938964844,89.00320434570312,5950600,"{""dividend_amount"": 0.292}"
2024-12-03,94.98999786376953,95.02999877929688,94.55999755859375,94.62000274658203,88.74994659423828,5364800,
2024-12-04,94.37999725341797,95.01000213623047,94.3499984741211,94.9800033569336,89.08763122558594,5908800,
2024-12-05,94.69999694824219,95.02999877929688,94.69999694824219,94.97000122070312,89.0782470703125,5210300,
2024-12-06,95.36000061035156,95.41999816894531,95.06999969482422,95.2699966430664,89.35963439941406,6880200,
2024-12-09,95.1500015258789,95.16000366210938,94.94000244140625,94.94000244140625,89.05009460449219,4303100,
2024-12-10,94.73999786376953,94.83999633789062,94.6500015258789,94.7699966430664,88.8906478881836,3543400,
2024-12-11,94.91000366210938,95.0,94.45999908447266,94.48999786376953,88.62803649902344,6452800,
2024-12-12,94.37999725341797,94.45999908447266,94.0999984741211,94.12999725341797,88.29035186767578,4518000,
2024-12-13,93.9800033569336,94.01000213623047,93.63999938964844,93.69000244140625,87.87764739990234,5230100,
2024-12-16,93.86000061035156,93.87000274658203,93.62000274658203,93.72000122070312,87.9057846069336,4607600,
2024-12-17,93.69999694824219,93.87000274658203,93.66999816894531,93.72000122070312,87.9057846069336,4881100,
2024-12-18,93.4000015258789,93.5199966430664,92.62000274658203,92.69000244140625,87.22635650634766,11553900,"{""dividend_amount"": 0.308}"
2024-12-19,92.37999725341797,92.44000244140625,92.12000274658203,92.2699966430664,86.83111572265625,9273800,
2024-12-20,92.75,92.9000015258789,92.58999633789062,92.61000061035156,87.15106201171875,6070900,
2024-12-23,92.54000091552734,92.58000183105469,92.12999725341797,92.19999694824219,86.76522827148438,5954500,
2024-12-24,92.01000213623047,92.26000213623047,91.97000122070312,92.25,86.81229400634766,3076100,
2024-12-26,91.95999908447266,92.36000061035156,91.93000030517578,92.31999969482422,86.87815856933594,3703300,
2024-12-27,92.26000213623047,92.38999938964844,92.05999755859375,92.08000183105469,86.65230560302734,3752500,
2024-12-30,92.52999877929688,92.66999816894531,92.5199966430664,92.62000274658203,87.16046142578125,4797700,
2024-12-31,92.75,92.81999969482422,92.37999725341797,92.44999694824219,87.00048828125,5856000,
2025-01-02,92.6500015258789,92.77999877929688,92.30999755859375,92.5,87.04755401611328,5034800,
2025-01-03,92.5999984741211,92.66999816894531,92.31999969482422,92.3499984741211,86.90638732910156,2863700,
2025-01-06,92.23999786376953,92.33000183105469,92.05999755859375,92.26000213623047,86.82171630859375,3894600,
2025-01-07,92.13999938964844,92.20999908447266,91.75,91.83999633789062,86.42643737792969,5524400,
2025-01-08,91.70999908447266,92.0199966430664,91.69000244140625,92.0,86.5770034790039,6402900,
2025-01-10,91.45999908447266,91.62999725341797,91.2300033569336,91.33000183105469,85.946533203125,8210900,
2025-01-13,91.27999877929688,91.30999755859375,91.08000183105469,91.16999816894531,85.79594421386719,5094300,
2025-01-14,91.20999908447266,91.27999877929688,91.08000183105469,91.19999694824219,85.82416534423828,4365500,
2025-01-15,92.12999725341797,92.2300033569336,91.9800033569336,92.16000366210938,86.72761535644531,7846600,
2025-01-16,92.08000183105469,92.58000183105469,91.94999694824219,92.37999725341797,86.93461608886719,7550900,
2025-01-17,92.5199966430664,92.58000183105469,92.36000061035156,92.44999694824219,87.00048828125,3912800,
2025-01-21,92.75,92.83000183105469,92.61000061035156,92.76000213623047,87.29222106933594,4431300,
2025-01-22,92.72000122070312,92.7300033569336,92.41000366210938,92.5199966430664,87.06637573242188,3656400,
2025-01-23,92.12999725341797,92.3499984741211,92.12999725341797,92.27999877929688,86.84049224853516,4860900,
2025-01-24,92.25,92.58000183105469,92.19999694824219,92.47000122070312,87.01930236816406,4468700,
2025-01-27,93.08000183105469,93.1500015258789,92.87000274658203,93.06999969482422,87.58395385742188,4297100,
2025-01-28,92.83999633789062,93.0999984741211,92.77999877929688,93.08000183105469,87.5933837890625,3906600,
2025-01-29,93.18000030517578,93.25,92.69999694824219,92.97000122070312,87.48983764648438,4918400,
2025-01-30,93.16999816894531,93.31999969482422,93.08000183105469,93.16999816894531,87.67805480957031,4365600,
2025-01-31,93.19999694824219,93.33999633789062,92.80999755859375,93.0199966430664,87.53689575195312,6277400,
2025-02-03,92.98999786376953,93.27999877929688,92.66000366210938,92.79000091552734,87.59919738769531,8294000,"{""dividend_amount"": 0.296}"
2025-02-04,92.5999984741211,93.0199966430664,92.5999984741211,93.0199966430664,87.81633758544922,6742300,
2025-02-05,93.4000015258789,93.7300033569336,93.37000274658203,93.55999755859375,88.32611846923828,6576300,
2025-02-06,93.45999908447266,93.58000183105469,93.30999755859375,93.44999694824219,88.22228240966797,5268500,
2025-02-07,93.1500015258789,93.2300033569336,92.9800033569336,93.13999938964844,87.92964172363281,4565300,
2025-02-10,93.23999786376953,93.37000274658203,93.06999969482422,93.12000274658203,87.91075897216797,3229100,
2025-02-11,92.88999938964844,92.95999908447266,92.81999969482422,92.87999725341797,87.68416595458984,3379500,
2025-02-12,92.26000213623047,92.31999969482422,92.08000183105469,92.23999786376953,87.07997131347656,7280200,
2025-02-13,92.72000122070312,93.0,92.69999694824219,92.93000030517578,87.73136901855469,6121900,
2025-02-14,93.37000274658203,93.51000213623047,93.27999877929688,93.31999969482422,88.09954071044922,5157900,
2025-02-18,93.02999877929688,93.12999725341797,92.80999755859375,92.81999969482422,87.62751770019531,4484100,
2025-02-19,92.7699966430664,93.01000213623047,92.7699966430664,92.97000122070312,87.76913452148438,4607000,
2025-02-20,93.12000274658203,93.26000213623047,93.11000061035156,93.16000366210938,87.9485092163086,7545400,
2025-02-21,93.27999877929688,93.83000183105469,93.2699966430664,93.70999908447266,88.46775817871094,6156500,
2025-02-24,93.62000274658203,93.97000122070312,93.58999633789062,93.91000366210938,88.65653991699219,4109500,
2025-02-25,94.5,94.69999694824219,94.41999816894531,94.6500015258789,89.35514068603516,7697100,
2025-02-26,94.61000061035156,94.97000122070312,94.48999786376953,94.91000366210938,89.60060119628906,7379800,
2025-02-27,94.58999633789062,94.83000183105469,94.55000305175781,94.80000305175781,89.49676513671875,5907900,
2025-02-28,95.08999633789062,95.36000061035156,94.9000015258789,95.31999969482422,89.9876708984375,11831500,
2025-03-03,94.72000122070312,95.44999694824219,94.70999908447266,95.38999938964844,90.31432342529297,9637400,"{""dividend_amount"": 0.275}"
2025-03-04,95.54000091552734,95.77999877929688,94.93000030517578,95.08999633789062,90.03028869628906,12745500,
2025-03-05,95.11000061035156,95.23999786376953,94.52999877929688,94.55999755859375,89.52848052978516,15590000,
2025-03-06,94.51000213623047,94.69000244140625,94.16000366210938,94.51000213623047,89.48114013671875,9318900,
2025-03-07,94.9800033569336,95.0199966430664,94.30000305175781,94.38999938964844,89.3675308227539,9210200,
2025-03-10,94.94000244140625,95.19999694824219,94.8499984741211,95.05000305175781,89.99241638183594,7698500,
2025-03-11,95.05000305175781,95.30999755859375,94.58000183105469,94.70999908447266,89.67050170898438,10408600,
2025-03-12,94.41000366210938,94.66000366210938,94.38999938964844,94.43000030517578,89.40541076660156,7610300,
2025-03-13,94.29000091552734,94.8499984741211,94.19999694824219,94.80999755859375,89.76517486572266,6902300,
2025-03-14,94.56999969482422,94.6500015258789,94.44999694824219,94.4800033569336,89.45272827148438,4390900,
2025-03-17,94.6500015258789,94.8499984741211,94.45999908447266,94.55999755859375,89.52848052978516,6734000,
2025-03-18,94.41999816894531,94.83000183105469,94.41000366210938,94.66999816894531,89.63262939453125,8993300,
2025-03-19,94.58999633789062,94.98999786376953,94.44000244140625,94.95999908447266,89.90719604492188,5854500,
2025-03-20,95.47000122070312,95.48999786376953,94.98999786376953,95.0999984741211,90.03975677490234,4409100,
2025-03-21,95.25,95.33999633789062,95.0,95.0199966430664,89.96399688720703,4919600,
2025-03-24,94.76000213623047,94.77999877929688,94.44000244140625,94.47000122070312,89.44325256347656,4823500,
2025-03-25,94.47000122070312,94.73999786376953,94.44999694824219,94.62999725341797,89.5947494506836,6825800,
2025-03-26,94.47000122070312,94.56999969482422,94.33000183105469,94.41000366210938,89.38648223876953,8281700,
2025-03-27,94.30000305175781,94.41000366210938,94.20999908447266,94.33000183105469,89.31072235107422,5085100,
2025-03-28,94.77999877929688,95.1500015258789,94.75,95.08999633789062,90.03028869628906,6224500,
2025-03-31,95.48999786376953,95.55999755859375,95.08999633789062,95.37000274658203,90.29539489746094,13255800,
2025-04-01,95.2699966430664,95.66000366210938,95.2699966430664,95.4000015258789,90.61261749267578,18128800,"{""dividend_amount"": 0.304}"
2025-04-02,95.80000305175781,95.80000305175781,95.01000213623047,95.30999755859375,90.5271224975586,7635900,
2025-04-03,96.41000366210938,96.6500015258789,96.18000030517578,96.29000091552734,91.45796203613281,18188000,
2025-04-04,97.19999694824219,97.5199966430664,96.55000305175781,96.55999755859375,91.71440887451172,27006500,
2025-04-07,96.48999786376953,96.66000366210938,95.19000244140625,95.41000366210938,90.62213134765625,68670600,
2025-04-08,94.91000366210938,95.58999633789062,94.87999725341797,94.93000030517578,90.16621398925781,19508000,
2025-04-09,94.2300033569336,94.68000030517578,93.61000061035156,94.62999725341797,89.88126373291016,24170800,
2025-04-10,94.5199966430664,94.77999877929688,93.98999786376953,94.04000091552734,89.32086181640625,12093800,
2025-04-11,93.47000122070312,93.7300033569336,92.79000091552734,93.51000213623047,88.81745910644531,55446600,
2025-04-14,93.91999816894531,94.36000061035156,93.80000305175781,94.26000213623047,89.52983093261719,12630900,
2025-04-15,94.25,94.76000213623047,94.23999786376953,94.54000091552734,89.7957763671875,7708100,
2025-04-16,94.66000366210938,95.08000183105469,94.45999908447266,94.94999694824219,90.18521118164062,8708400,
2025-04-17,94.9000015258789,94.98999786376953,94.58999633789062,94.68000030517578,89.92874908447266,6987000,
2025-04-21,94.4000015258789,94.75,94.1500015258789,94.16999816894531,89.44435119628906,4901300,
2025-04-22,94.41999816894531,94.44000244140625,94.2300033569336,94.23999786376953,89.51081848144531,5233000,
2025-04-23,95.04000091552734,95.22000122070312,94.22000122070312,94.33999633789062,89.6058120727539,8041300,
2025-04-24,94.72000122070312,94.87999725341797,94.62000274658203,94.8499984741211,90.09022521972656,7308900,
2025-04-25,95.11000061035156,95.27999877929688,94.9800033569336,95.20999908447266,90.4321517944336,5341300,
2025-04-28,95.0999984741211,95.62000274658203,95.06999969482422,95.58999633789062,90.79308319091797,4950500,
2025-04-29,95.54000091552734,95.93000030517578,95.52999877929688,95.91999816894531,91.10652923583984,5350200,
2025-04-30,95.9000015258789,96.16000366210938,95.80000305175781,96.06999969482422,91.2490005493164,13923200,
2025-05-01,95.87999725341797,95.9000015258789,95.1500015258789,95.33999633789062,90.85163879394531,13703300,"{""dividend_amount"": 0.313}"
2025-05-02,94.8499984741211,94.98999786376953,94.54000091552734,94.69999694824219,90.24176025390625,9331600,
2025-05-05,94.66999816894531,94.68000030517578,94.33000183105469,94.52999877929688,90.07976531982422,10089400,
2025-05-06,94.48999786376953,94.79000091552734,94.4000015258789,94.7699966430664,90.30845642089844,6081200,
2025-05-07,94.87000274658203,95.13999938964844,94.8499984741211,95.0199966430664,90.54668426513672,9471100,
2025-05-08,94.95999908447266,94.9800033569336,94.26000213623047,94.27999877929688,89.8415298461914,6409000,
2025-05-09,94.44999694824219,94.61000061035156,94.31999969482422,94.3499984741211,89.90824890136719,3698700,
2025-05-12,93.7300033569336,93.97000122070312,93.7300033569336,93.75,89.33649444580078,9483700,
2025-05-13,93.87000274658203,93.91999816894531,93.52999877929688,93.68000030517578,89.26978302001953,13166800,
2025-05-14,93.63999938964844,93.70999908447266,93.2699966430664,93.33000183105469,88.93626403808594,6994700,
2025-05-15,93.72000122070312,93.98999786376953,93.5999984741211,93.94000244140625,89.51753997802734,9024900,
2025-05-16,94.30999755859375,94.33000183105469,93.95999908447266,93.97000122070312,89.5461196899414,6819200,
2025-05-19,93.43000030517578,93.94000244140625,93.38999938964844,93.91999816894531,89.49849700927734,11704900,
2025-05-20,93.66999816894531,93.87000274658203,93.52999877929688,93.80000305175781,89.38414764404297,8929600,
2025-05-21,93.43000030517578,93.55999755859375,93.02999877929688,93.1500015258789,88.76473999023438,11383500,
2025-05-22,93.18000030517578,93.54000091552734,93.05999755859375,93.5,89.09825897216797,10981200,
2025-05-23,93.91000366210938,93.91999816894531,93.63999938964844,93.7699966430664,89.35554504394531,9860700,
2025-05-27,93.9800033569336,94.26000213623047,93.87000274658203,94.16000366210938,89.72718811035156,10834400,
2025-05-28,93.97000122070312,94.04000091552734,93.79000091552734,93.9000015258789,89.47941589355469,8591500,
2025-05-29,94.1500015258789,94.37999725341797,94.0999984741211,94.29000091552734,89.85107421875,9679100,
2025-05-30,94.36000061035156,94.62000274658203,94.30000305175781,94.56999969482422,90.11787414550781,10268600,
2025-06-02,94.0,94.13999938964844,93.77999877929688,93.94000244140625,89.81195831298828,13341900,"{""dividend_amount"": 0.31}"
2025-06-03,94.06999969482422,94.19999694824219,93.7699966430664,93.8499984741211,89.72590637207031,8508900,
2025-06-04,94.20999908447266,94.62000274658203,94.12999725341797,94.54000091552734,90.38557434082031,10115900,
2025-06-05,94.54000091552734,94.66000366210938,94.2300033569336,94.26000213623047,90.11788177490234,8762800,
2025-06-06,93.77999877929688,93.86000061035156,93.4800033569336,93.51000213623047,89.40084838867188,7624200,
2025-06-09,93.5199966430664,93.80000305175781,93.51000213623047,93.68000030517578,89.56336975097656,6061200,
2025-06-10,93.9800033569336,94.0199966430664,93.73999786376953,93.83999633789062,89.71634674072266,5579900,
2025-06-11,94.0199966430664,94.2699966430664,93.94000244140625,94.2300033569336,90.08920288085938,6594900,
2025-06-12,94.58999633789062,94.6500015258789,94.41999816894531,94.63999938964844,90.48118591308594,7795400,
2025-06-13,94.43000030517578,94.5,94.04000091552734,94.29000091552734,90.14657592773438,9195200,
2025-06-16,94.18000030517578,94.37999725341797,94.0,94.0199966430664,89.88843536376953,7508400,
2025-06-17,94.26000213623047,94.5199966430664,94.11000061035156,94.4800033569336,90.32821655273438,5285000,
2025-06-18,94.63999938964844,94.83999633789062,94.37999725341797,94.54000091552734,90.38557434082031,6732400,
2025-06-20,94.3499984741211,94.73999786376953,94.29000091552734,94.5999984741211,90.44293975830078,6261700,
2025-06-23,94.87000274658203,95.23999786376953,94.80000305175781,94.93000030517578,90.75843811035156,9310300,
2025-06-24,94.83999633789062,95.30999755859375,94.80000305175781,95.26000213623047,91.07394409179688,7694500,
2025-06-25,95.08000183105469,95.33999633789062,94.9800033569336,95.30000305175781,91.11219024658203,6393300,
2025-06-26,95.4800033569336,95.6500015258789,95.3499984741211,95.63999938964844,91.43724822998047,7131900,
2025-06-27,95.38999938964844,95.68000030517578,95.33000183105469,95.38999938964844,91.1982192993164,8402400,
2025-06-30,95.5999984741211,95.80999755859375,95.45999908447266,95.7699966430664,91.56153106689453,10542300,
2025-07-01,95.41999816894531,95.51000213623047,95.12000274658203,95.29000091552734,91.39176940917969,10659800,"{""dividend_amount"": 0.303}"
2025-07-02,94.98999786376953,95.13999938964844,94.93000030517578,95.08999633789062,91.19994354248047,6026200,
2025-07-03,94.80000305175781,94.86000061035156,94.63999938964844,94.76000213623047,90.88345336914062,7398900,
2025-07-07,94.61000061035156,94.62000274658203,94.37999725341797,94.45999908447266,90.5957260131836,8518600,
2025-07-08,94.20999908447266,94.33000183105469,94.16000366210938,94.31999969482422,90.4614486694336,5282800,
2025-07-09,94.45999908447266,94.81999969482422,94.45999908447266,94.80999755859375,90.93140411376953,6900800,
2025-07-10,94.73999786376953,94.77999877929688,94.56999969482422,94.76000213623047,90.88345336914062,4451900,
2025-07-11,94.44000244140625,94.47000122070312,94.2699966430664,94.31999969482422,90.4614486694336,6004300,
2025-07-14,94.31999969482422,94.45999908447266,94.16999816894531,94.27999877929688,90.42308044433594,5101600,
2025-07-15,94.38999938964844,94.4000015258789,93.86000061035156,93.91000366210938,90.06822967529297,5628100,
2025-07-16,94.05999755859375,94.23999786376953,93.93000030517578,94.16999816894531,90.31759643554688,12786300,
2025-07-17,94.22000122070312,94.33000183105469,94.05999755859375,94.13999938964844,90.288818359375,4747200,
2025-07-18,94.41000366210938,94.4800033569336,94.30000305175781,94.4000015258789,90.53816986083984,4035000,
2025-07-21,94.80000305175781,94.9000015258789,94.68000030517578,94.7300033569336,90.85467529296875,5232300,
2025-07-22,94.83000183105469,95.05999755859375,94.80999755859375,95.0,91.11363220214844,6098000,
2025-07-23,94.77999877929688,94.83999633789062,94.61000061035156,94.66000366210938,90.78755950927734,5074000,
2025-07-24,94.33000183105469,94.62000274658203,94.31999969482422,94.5199966430664,90.65325164794922,5867400,
2025-07-25,94.48999786376953,94.73999786376953,94.44999694824219,94.73999786376953,90.86426544189453,3614000,
2025-07-28,94.56999969482422,94.63999938964844,94.48999786376953,94.52999877929688,90.6628646850586,5073200,
2025-07-29,94.66999816894531,95.1500015258789,94.6500015258789,95.1500015258789,91.25749969482422,7864000,
2025-07-30,94.81999969482422,95.08000183105469,94.75,94.81999969482422,90.94099426269531,7425600,
2025-07-31,94.97000122070312,95.12999725341797,94.86000061035156,94.9000015258789,91.0177230834961,10411800,
2025-08-01,95.36000061035156,95.7300033569336,95.33999633789062,95.68000030517578,92.06558227539062,11870100,"{""dividend_amount"": 0.309}"
2025-08-04,95.7699966430664,95.8499984741211,95.52999877929688,95.80999755859375,92.190673828125,8449500,
2025-08-05,95.63999938964844,95.86000061035156,95.62000274658203,95.73999786376953,92.12330627441406,8218700,
2025-08-06,95.5999984741211,95.72000122070312,95.26000213623047,95.66999816894531,92.05596160888672,10107500,
2025-08-07,95.66999816894531,95.7699966430664,95.52999877929688,95.5999984741211,91.98860168457031,5725900,
2025-08-08,95.47000122070312,95.47000122070312,95.33000183105469,95.37999725341797,91.77690887451172,5623800,
2025-08-11,95.44999694824219,95.54000091552734,95.36000061035156,95.41000366210938,91.80579376220703,4920200,
2025-08-12,95.29000091552734,95.38999938964844,95.18000030517578,95.38999938964844,91.78653717041016,6724600,
2025-08-13,95.66000366210938,95.83000183105469,95.63999938964844,95.7300033569336,92.11370086669922,5925200,
2025-08-14,95.56999969482422,95.5999984741211,95.3499984741211,95.41999816894531,91.8154067993164,5527500,
2025-08-15,95.37999725341797,95.44000244140625,95.16999816894531,95.2300033569336,91.63257598876953,7428500,
2025-08-18,95.30000305175781,95.30999755859375,95.05000305175781,95.13999938964844,91.54596710205078,9669600,
2025-08-19,95.27999877929688,95.41999816894531,95.2699966430664,95.37999725341797,91.77690887451172,6499300,
2025-08-20,95.37999725341797,95.61000061035156,95.36000061035156,95.5199966430664,91.91163635253906,6270700,
2025-08-21,95.38999938964844,95.44000244140625,95.11000061035156,95.23999786376953,91.64220428466797,5351300,
2025-08-22,95.4000015258789,95.87999725341797,95.37000274658203,95.7699966430664,92.15218353271484,10867700,
2025-08-25,95.5999984741211,95.70999908447266,95.52999877929688,95.58000183105469,91.96936798095703,9936400,
2025-08-26,95.66000366210938,95.86000061035156,95.5999984741211,95.83000183105469,92.20991516113281,5871200,
2025-08-27,95.69999694824219,96.01000213623047,95.63999938964844,96.01000213623047,92.38312530517578,5222800,
2025-08-28,95.9800033569336,96.2300033569336,95.94000244140625,96.2300033569336,92.59481048583984,6544700,
2025-08-29,96.12000274658203,96.2300033569336,96.02999877929688,96.1500015258789,92.51785278320312,6818900,
2025-09-02,95.45999908447266,95.62999725341797,95.43000030517578,95.55000305175781,92.24175262451172,8623200,"{""dividend_amount"": 0.314}"
2025-09-03,95.55999755859375,96.0199966430664,95.55999755859375,95.87999725341797,92.56031036376953,7586100,
2025-09-04,96.12000274658203,96.30999755859375,96.0,96.30999755859375,92.97541046142578,6395300,
2025-09-05,96.91000366210938,97.0199966430664,96.77999877929688,96.77999877929688,93.42915344238281,9566300,
2025-09-08,97.0199966430664,97.08999633789062,96.91999816894531,97.08000183105469,93.71875762939453,7599600,
2025-09-09,97.02999877929688,97.13999938964844,96.76000213623047,96.8499984741211,93.4967269897461,8223100,
2025-09-10,97.05000305175781,97.2300033569336,96.95999908447266,97.11000061035156,93.74773406982422,8864500,
2025-09-11,97.23999786376953,97.45999908447266,97.2300033569336,97.26000213623047,93.89253234863281,8554300,
2025-09-12,97.02999877929688,97.04000091552734,96.83999633789062,96.9800033569336,93.6222152709961,36502700,
2025-09-15,97.1500015258789,97.22000122070312,97.0999984741211,97.13999938964844,93.77667999267578,4990100,
2025-09-16,97.1500015258789,97.29000091552734,97.11000061035156,97.19999694824219,93.83460998535156,5847700,
2025-09-17,97.30000305175781,97.5199966430664,96.87000274658203,96.98999786376953,93.63188934326172,10701700,
2025-09-18,96.6500015258789,96.80999755859375,96.51000213623047,96.66999816894531,93.32294464111328,7589200,
2025-09-19,96.62000274658203,96.69999694824219,96.5,96.62999725341797,93.28433990478516,5528800,
2025-09-22,96.62999725341797,96.66000366210938,96.45999908447266,96.47000122070312,93.1298828125,5282700,
2025-09-23,96.61000061035156,96.75,96.48999786376953,96.73999786376953,93.3905258178711,7077500,
2025-09-24,96.62000274658203,96.62999725341797,96.44000244140625,96.4800033569336,93.13954162597656,5419700,
2025-09-25,96.26000213623047,96.31999969482422,96.0999984741211,96.2699966430664,92.93679809570312,6517500,
2025-09-26,96.25,96.43000030517578,96.12999725341797,96.22000122070312,92.88853454589844,7295300,
2025-09-29,96.33999633789062,96.55000305175781,96.33000183105469,96.5,93.15885162353516,6357500,
2025-09-30,96.58000183105469,96.76000213623047,96.41999816894531,96.45999908447266,93.12022399902344,9257800,
2025-10-01,96.55999755859375,96.62999725341797,96.33999633789062,96.48999786376953,93.43396759033203,8347000,"{""dividend_amount"": 0.294}"
2025-10-02,96.44999694824219,96.6500015258789,96.38999938964844,96.58999633789062,93.5307846069336,9420600,
2025-10-03,96.5999984741211,96.63999938964844,96.37999725341797,96.4000015258789,93.3468246459961,5154300,
2025-10-06,96.16999816894531,96.33999633789062,96.11000061035156,96.12000274658203,93.07569122314453,6319600,
2025-10-07,96.23999786376953,96.48999786376953,96.18000030517578,96.36000061035156,93.30809020996094,5119900,
2025-10-08,96.54000091552734,96.55999755859375,96.31999969482422,96.37999725341797,93.32743072509766,5141900,
2025-10-09,96.29000091552734,96.36000061035156,96.2300033569336,96.30999755859375,93.25965118408203,7130600,
2025-10-10,96.6500015258789,97.0199966430664,96.56999969482422,96.91000366210938,93.84066772460938,10417700,
2025-10-13,96.9000015258789,96.98999786376953,96.77999877929688,96.95999908447266,93.88908386230469,5607600,
2025-10-14,97.05999755859375,97.23999786376953,96.9800033569336,97.20999908447266,94.13116455078125,7650600,
2025-10-15,97.20999908447266,97.33000183105469,97.0199966430664,97.0999984741211,94.02465057373047,7769300,
2025-10-16,97.0199966430664,97.58999633789062,97.0,97.55000305175781,94.46040344238281,11627200,
2025-10-17,97.45999908447266,97.4800033569336,97.2699966430664,97.38999938964844,94.30545043945312,12491000,
2025-10-20,97.44999694824219,97.52999877929688,97.37000274658203,97.5199966430664,94.43132781982422,10437800,
2025-10-21,97.69000244140625,97.7699966430664,97.62999725341797,97.69999694824219,94.60564422607422,7642000,
2025-10-22,97.6500015258789,97.7699966430664,97.55999755859375,97.72000122070312,94.625,6523500,
2025-10-23,97.5199966430664,97.58000183105469,97.37999725341797,97.4000015258789,94.31515502929688,6138300,
2025-10-24,97.5199966430664,97.54000091552734,97.33000183105469,97.48999786376953,94.40229797363281,7555200,
2025-10-27,97.33999633789062,97.48999786376953,97.20999908447266,97.48999786376953,94.40229797363281,7272300,
2025-10-28,97.43000030517578,97.62999725341797,97.43000030517578,97.58000183105469,94.48943328857422,5539600,
2025-10-29,97.52999877929688,97.52999877929688,96.9000015258789,96.94999694824219,93.87939453125,11223300,
2025-10-30,96.66999816894531,96.95999908447266,96.6500015258789,96.80999755859375,93.74382781982422,8958800,
2025-10-31,96.87000274658203,96.94999694824219,96.79000091552734,96.8499984741211,93.78256225585938,9739900,
2025-11-03,96.41999816894531,96.55999755859375,96.37000274658203,96.5,93.7378921508789,8012500,"{""dividend_amount"": 0.304}"
2025-11-04,96.56999969482422,96.66999816894531,96.55000305175781,96.62000274658203,93.85444641113281,6119000,
2025-11-05,96.44999694824219,96.47000122070312,96.12999725341797,96.16000366210938,93.40762329101562,11749200,
2025-11-06,96.5199966430664,96.72000122070312,96.51000213623047,96.6500015258789,93.88359832763672,7665000,
2025-11-07,96.55999755859375,96.86000061035156,96.55000305175781,96.69000244140625,93.92244720458984,11460300,
2025-11-10,96.56999969482422,96.6500015258789,96.51000213623047,96.55999755859375,93.7961654663086,9097300,
2025-11-11,96.80999755859375,96.88999938964844,96.7300033569336,96.86000061035156,94.08757781982422,4937700,
2025-11-12,96.80999755859375,96.94999694824219,96.77999877929688,96.87999725341797,94.10700225830078,7188200,
2025-11-13,96.6500015258789,96.80000305175781,96.5999984741211,96.5999984741211,93.83502960205078,46965300,
2025-11-14,96.87999725341797,96.93000030517578,96.41999816894531,96.44000244140625,93.67960357666016,11288500,
2025-11-17,96.54000091552734,96.62000274658203,96.48999786376953,96.55000305175781,93.78644561767578,6648500,
2025-11-18,96.83999633789062,96.93000030517578,96.56999969482422,96.70999908447266,93.9418716430664,8769000,
2025-11-19,96.80999755859375,96.86000061035156,96.5999984741211,96.63999938964844,93.87387084960938,13075900,
2025-11-20,96.73999786376953,96.94999694824219,96.69999694824219,96.87000274658203,94.0972900390625,9076400,
2025-11-21,97.19000244140625,97.2300033569336,97.0,97.19000244140625,94.40813446044922,12551100,
2025-11-24,97.29000091552734,97.36000061035156,97.18000030517578,97.33999633789062,94.5538330078125,6903900,
2025-11-25,97.44000244140625,97.69999694824219,97.43000030517578,97.58999633789062,94.79667663574219,9193400,
2025-11-26,97.4800033569336,97.66999816894531,97.33000183105469,97.66999816894531,94.8743896484375,7747100,
2025-11-28,97.62999725341797,97.6500015258789,97.38999938964844,97.5,94.70926666259766,7798000,
2025-12-01,96.7699966430664,96.83999633789062,96.68000030517578,96.69000244140625,94.2007064819336,9898100,"{""dividend_amount"": 0.288}"
2025-12-02,96.66000366210938,96.81999969482422,96.5999984741211,96.7699966430664,94.27864074707031,7317200,
2025-12-03,96.93000030517578,97.02999877929688,96.80999755859375,96.97000122070312,94.47348022460938,6855100,
2025-12-04,96.81999969482422,96.83000183105469,96.62000274658203,96.66999816894531,94.18121337890625,8928900,
2025-12-05,96.69000244140625,96.69999694824219,96.41999816894531,96.47000122070312,93.98636627197266,9118700,
2025-12-08,96.41000366210938,96.41999816894531,96.08999633789062,96.2699966430664,93.79150390625,14728300,
2025-12-09,96.41000366210938,96.41000366210938,96.11000061035156,96.12999725341797,93.65510559082031,8509200,
2025-12-10,96.08999633789062,96.47000122070312,96.08000183105469,96.44000244140625,93.95713806152344,13356900,
2025-12-11,96.68000030517578,96.7300033569336,96.41999816894531,96.44999694824219,93.96688079833984,8672800,
2025-12-12,96.19000244140625,96.2699966430664,96.16999816894531,96.19000244140625,93.71356964111328,8348700,
2025-12-15,96.41000366210938,96.51000213623047,96.25,96.2699966430664,93.79150390625,6117000,
2025-12-16,96.23999786376953,96.55999755859375,96.2300033569336,96.54000091552734,94.05455780029297,7456400,
2025-12-17,96.41999816894531,96.56999969482422,96.4000015258789,96.5199966430664,94.03506469726562,5673200,
2025-12-18,96.7699966430664,96.83000183105469,96.63999938964844,96.7699966430664,94.27864074707031,7357600,
2025-12-19,96.30000305175781,96.38999938964844,96.19999694824219,96.23999786376953,94.0665283203125,5806600,"{""dividend_amount"": 0.313}"
2025-12-22,96.16000366210938,96.19000244140625,96.08000183105469,96.13999938964844,93.96879577636719,4672800,
2025-12-23,95.93000030517578,96.12999725341797,95.87999725341797,96.0999984741211,93.92969512939453,5093900,
2025-12-24,96.22000122070312,96.37000274658203,96.16999816894531,96.3499984741211,94.1740493774414,3967700,
2025-12-26,96.48999786376953,96.51000213623047,96.33000183105469,96.44000244140625,94.26203155517578,3491500,
2025-12-29,96.55000305175781,96.5999984741211,96.44999694824219,96.58000183105469,94.39884948730469,5034600,
2025-12-30,96.44000244140625,96.55999755859375,96.4000015258789,96.4800033569336,94.30111694335938,4108600,
2025-12-31,96.33999633789062,96.47000122070312,96.1500015258789,96.16000366210938,93.98834228515625,6802100,
