timestamp,open,high,low,close,adjusted_close,volume,corporate_action
2021-09-29,144.8000030517578,145.42999267578125,143.69000244140625,144.33999633789062,121.46477508544922,23569400,
2021-09-30,144.10000610351562,144.50999450683594,143.64999389648438,144.32000732421875,121.44795989990234,22567600,
2021-10-01,144.85000610351562,145.39999389648438,144.1999969482422,145.35000610351562,122.47002410888672,26151800,"{""dividend_amount"": 0.183}"
2021-10-04,144.6699981689453,145.4600067138672,144.10000610351562,144.97999572753906,122.15823364257812,28027600,
2021-10-05,144.60000610351562,144.6999969482422,143.4600067138672,143.5800018310547,120.97867584228516,22659200,
2021-10-06,144.22999572753906,144.72000122070312,144.02999877929688,144.38999938964844,121.6611328125,18696500,
2021-10-07,143.19000244140625,143.33999633789062,142.58999633789062,142.8800048828125,120.38883972167969,14856000,
2021-10-08,142.25999450683594,142.35000610351562,141.52999877929688,141.8800048828125,119.54623413085938,17257800,
2021-10-11,141.60000610351562,141.89999389648438,141.4499969482422,141.52000427246094,119.242919921875,7213400,
2021-10-12,142.6300048828125,144.00999450683594,142.47999572753906,143.94000244140625,121.28196716308594,17968700,
2021-10-13,144.61000061035156,145.52999877929688,144.5800018310547,145.33999633789062,122.46156311035156,23584600,
2021-10-14,145.3699951171875,145.9600067138672,144.9499969482422,145.8800048828125,122.91656494140625,12946400,
2021-10-15,145.0,145.13999938964844,144.47000122070312,145.02999877929688,122.20036315917969,11811500,
2021-10-18,145.0,146.0,144.52000427246094,145.7100067138672,122.7733383178711,12115900,
2021-10-19,144.66000366210938,144.72999572753906,143.64999389648438,143.6999969482422,121.07968139648438,12156300,
2021-10-20,143.25,143.67999267578125,142.50999450683594,142.72999572753906,120.2624282836914,12782500,
2021-10-21,143.0,143.14999389648438,142.22999572753906,142.55999755859375,120.11919403076172,13660000,
2021-10-22,143.4499969482422,144.39999389648438,143.2100067138672,144.1300048828125,121.4420166015625,13740000,
2021-10-25,143.6699981689453,144.3000030517578,143.6300048828125,143.91000366210938,121.25666809082031,8137900,
2021-10-26,144.6199951171875,145.10000610351562,143.74000549316406,145.10000610351562,122.25933837890625,13671000,
2021-10-27,146.39999389648438,148.17999267578125,145.92999267578125,147.74000549316406,124.48380279541016,22092300,
2021-10-28,147.7899932861328,148.3300018310547,146.83999633789062,147.24000549316406,124.06246185302734,17497600,
2021-10-29,146.47000122070312,148.0,146.32000732421875,147.69000244140625,124.44159698486328,19087300,
2021-11-01,145.8000030517578,146.75999450683594,145.6999969482422,146.44000244140625,123.54574584960938,18035500,"{""dividend_amount"": 0.188}"
2021-11-02,146.5,147.57000732421875,146.5,147.08999633789062,124.09403228759766,9836700,
2021-11-03,147.82000732421875,147.97999572753906,145.52999877929688,145.57000732421875,122.81172943115234,20639400,
2021-11-04,145.8699951171875,147.36000061035156,145.85000610351562,147.10000610351562,124.10253143310547,15922400,
2021-11-05,148.52000427246094,149.5800018310547,148.1300048828125,149.3000030517578,125.95865631103516,21513000,
2021-11-08,148.9600067138672,149.27999877929688,148.50999450683594,149.02000427246094,125.72237396240234,12083800,
2021-11-09,150.8000030517578,151.77000427246094,150.63999938964844,150.9600067138672,127.35910034179688,23430200,
2021-11-10,150.8300018310547,150.92999267578125,147.02999877929688,148.1999969482422,125.03057861328125,28170600,
2021-11-11,148.50999450683594,148.66000366210938,147.88999938964844,147.97999572753906,124.84490203857422,5552500,
2021-11-12,148.0,148.50999450683594,146.75999450683594,147.3300018310547,124.29656982421875,12712000,
2021-11-15,146.88999938964844,146.9600067138672,145.22000122070312,145.47999572753906,122.73576354980469,15232700,
2021-11-16,145.69000244140625,146.3800048828125,144.85000610351562,145.11000061035156,122.42363739013672,12998700,
2021-11-17,144.57000732421875,146.2899932861328,144.4600067138672,146.25999450683594,123.39384460449219,14239900,
2021-11-18,145.99000549316406,146.89999389648438,145.9499969482422,146.80999755859375,123.85784912109375,11054600,
2021-11-19,147.5800018310547,148.60000610351562,147.5800018310547,148.36000061035156,125.16557312011719,14022100,
2021-11-22,147.39999389648438,147.63999938964844,146.1300048828125,146.6199951171875,123.69752502441406,15266000,
2021-11-23,145.92999267578125,146.11000061035156,144.5,144.5,121.90899658203125,15318500,
2021-11-24,144.94000244140625,146.82000732421875,144.7899932861328,146.82000732421875,123.86628723144531,13769700,
2021-11-26,148.8300018310547,150.67999267578125,148.6699981689453,150.52999877929688,126.9963150024414,20064800,
2021-11-29,148.30999755859375,149.63999938964844,148.1699981689453,149.32000732421875,125.97541046142578,23234200,
2021-11-30,150.8300018310547,152.07000732421875,150.25,151.58999633789062,127.89054870605469,31481100,
2021-12-01,150.49000549316406,152.41000366210938,149.7899932861328,152.33999633789062,128.679443359375,30826500,"{""dividend_amount"": 0.184}"
2021-12-02,152.92999267578125,152.99000549316406,150.75999450683594,152.52999877929688,128.83998107910156,17754200,
2021-12-03,151.67999267578125,155.1199951171875,151.35000610351562,154.35000610351562,130.37728881835938,34427100,
2021-12-06,154.0500030517578,154.35000610351562,151.92999267578125,152.22999572753906,128.58651733398438,30924200,
2021-12-07,151.72000122070312,152.52999877929688,150.86000061035156,151.0,127.5475845336914,22115900,
2021-12-08,150.47000122070312,150.47999572753906,148.36000061035156,148.38999938964844,125.34296417236328,33633900,
2021-12-09,149.33999633789062,149.83999633789062,148.47999572753906,149.22000122070312,126.04405975341797,17544900,
2021-12-10,149.9199981689453,150.24000549316406,148.80999755859375,148.86000061035156,125.73998260498047,14298700,
2021-12-13,150.38999938964844,151.30999755859375,150.30999755859375,151.05999755859375,127.59822082519531,17860500,
2021-12-14,150.3699951171875,150.92999267578125,149.30999755859375,150.6999969482422,127.2941665649414,14015500,
2021-12-15,149.61000061035156,150.7899932861328,149.1300048828125,149.25,126.06939697265625,25383900,
2021-12-16,148.75,149.8800048828125,148.72999572753906,149.13999938964844,126.11841583251953,18677900,"{""dividend_amount"": 0.168}"
2021-12-17,150.33999633789062,150.97999572753906,150.16000366210938,150.8300018310547,127.54755401611328,18093500,
2021-12-20,150.75,151.02000427246094,149.60000610351562,149.6999969482422,126.59199523925781,17147300,
2021-12-21,148.13999938964844,149.1999969482422,147.6199951171875,149.1300048828125,126.10995483398438,16598200,
2021-12-22,149.72999572753906,149.86000061035156,149.02000427246094,149.82000732421875,126.69346618652344,12253900,
2021-12-23,149.58999633789062,149.60000610351562,148.02999877929688,148.52000427246094,125.59415435791016,11642500,
2021-12-27,148.4600067138672,149.00999450683594,148.32000732421875,148.8800048828125,125.89859008789062,7821800,
2021-12-28,149.60000610351562,149.77999877929688,148.00999450683594,148.2899932861328,125.39968872070312,9174600,
2021-12-29,146.91000366210938,147.30999755859375,146.41000366210938,146.6699981689453,124.02975463867188,11771200,
2021-12-30,147.25,147.97000122070312,146.4499969482422,147.89999389648438,125.06987762451172,10355000,
2021-12-31,147.80999755859375,149.02999877929688,147.42999267578125,148.19000244140625,125.31513214111328,13402300,
2022-01-03,146.41000366210938,146.94000244140625,144.27999877929688,144.3000030517578,122.02552795410156,33860400,
2022-01-04,143.61000061035156,144.1300048828125,142.74000549316406,143.6999969482422,121.51817321777344,21996400,
2022-01-05,144.13999938964844,144.16000366210938,142.7100067138672,142.9199981689453,120.85855865478516,20911700,
2022-01-06,142.58999633789062,143.44000244140625,142.2899932861328,143.2899932861328,121.17151641845703,18996400,
2022-01-07,143.1300048828125,143.24000549316406,141.55999755859375,142.25999450683594,120.30052185058594,18756800,
2022-01-10,141.64999389648438,142.80999755859375,141.36000061035156,142.61000061035156,120.59642028808594,13775800,
2022-01-11,142.8800048828125,143.6300048828125,142.6999969482422,143.55999755859375,121.39981842041016,24388700,
2022-01-12,143.89999389648438,144.00999450683594,143.0,143.00999450683594,120.93467712402344,14440600,
2022-01-13,143.38999938964844,144.4199981689453,143.02999877929688,144.27999877929688,122.00862121582031,15166000,
2022-01-14,143.4199981689453,143.4600067138672,141.7899932861328,142.10000610351562,120.1651611328125,22997500,
2022-01-18,140.9600067138672,141.30999755859375,140.02000427246094,140.10000610351562,118.473876953125,21171700,
2022-01-19,140.52999877929688,141.7100067138672,140.30999755859375,141.07000732421875,119.294189453125,17930500,
2022-01-20,141.3699951171875,141.99000549316406,141.08999633789062,141.94000244140625,120.02984619140625,13959000,
2022-01-21,143.39999389648438,144.10000610351562,142.6699981689453,143.6300048828125,121.4589614868164,28916600,
2022-01-24,144.3000030517578,144.3699951171875,142.42999267578125,142.4499969482422,120.46114349365234,25001600,
2022-01-25,143.11000061035156,143.7100067138672,141.8000030517578,142.22000122070312,120.26667022705078,15599000,
2022-01-26,142.25999450683594,142.57000732421875,140.49000549316406,140.5,118.81216430664062,23655500,
2022-01-27,142.41000366210938,143.3699951171875,142.3300018310547,143.0800018310547,120.99388122558594,21501800,
2022-01-28,142.08999633789062,143.4600067138672,141.85000610351562,143.1300048828125,121.03616333007812,12826500,
2022-01-31,142.17999267578125,142.9499969482422,141.9600067138672,142.38999938964844,120.41040802001953,13998400,
2022-02-01,142.27999877929688,142.36000061035156,141.05999755859375,141.72000122070312,120.01072692871094,20806100,"{""dividend_amount"": 0.198}"
2022-02-02,141.9499969482422,143.57000732421875,141.92999267578125,142.1999969482422,120.41717529296875,18404600,
2022-02-03,140.44000244140625,141.47999572753906,140.17999267578125,141.08999633789062,119.47723388671875,17234100,
2022-02-04,139.85000610351562,140.13999938964844,138.77999877929688,139.00999450683594,117.71585083007812,23609800,
2022-02-07,138.91000366210938,139.30999755859375,138.5500030517578,139.10000610351562,117.79203796386719,12962400,
2022-02-08,138.2100067138672,138.5800018310547,137.82000732421875,138.1699981689453,117.00450134277344,16269200,
2022-02-09,138.72000122070312,139.3699951171875,138.19000244140625,138.42999267578125,117.22466278076172,14349100,
2022-02-10,137.66000366210938,137.8300018310547,135.83999633789062,136.22999572753906,115.3616714477539,30896200,
2022-02-11,136.8699951171875,138.50999450683594,135.36000061035156,138.25,117.07228088378906,43210300,
2022-02-14,137.1300048828125,137.74000549316406,135.97000122070312,136.52999877929688,115.61573791503906,23157400,
2022-02-15,135.60000610351562,135.83999633789062,134.94000244140625,134.97999572753906,114.30315399169922,18198500,
2022-02-16,135.9499969482422,136.07000732421875,134.50999450683594,135.77999877929688,114.9805908203125,16473700,
2022-02-17,136.4499969482422,137.57000732421875,135.89999389648438,136.7899932861328,115.83589935302734,24508200,
2022-02-18,137.52000427246094,138.3699951171875,137.16000366210938,138.22999572753906,117.05533599853516,17522600,
2022-02-22,137.69000244140625,138.6699981689453,137.47000122070312,138.58999633789062,117.36016845703125,19534000,
2022-02-23,137.67999267578125,137.85000610351562,136.57000732421875,136.67999267578125,115.74274444580078,17757800,
2022-02-24,139.10000610351562,139.3699951171875,136.25,136.77000427246094,115.81896209716797,28150400,
2022-02-25,136.86000061035156,137.30999755859375,136.17999267578125,136.8699951171875,115.90360260009766,15025400,
2022-02-28,138.42999267578125,140.0399932861328,138.32000732421875,139.8699951171875,118.444091796875,25817700,
2022-03-01,140.36000061035156,142.3300018310547,140.0,141.3000030517578,119.81352233886719,35664400,"{""dividend_amount"": 0.185}"
2022-03-02,139.83999633789062,140.4199981689453,136.41000366210938,136.47000122070312,115.71797180175781,30397400,
2022-03-03,137.49000549316406,138.6999969482422,137.02000427246094,137.86000061035156,116.89659881591797,20649100,
2022-03-04,140.36000061035156,140.82000732421875,139.30999755859375,140.24000549316406,118.91471099853516,25853100,
2022-03-07,139.1199951171875,140.63999938964844,138.77000427246094,139.1699981689453,118.00739288330078,23710900,
2022-03-08,137.50999450683594,138.25,137.25,137.77000427246094,116.82034301757812,28331300,
2022-03-09,137.07000732421875,137.33999633789062,136.1300048828125,136.4199981689453,115.67561340332031,18819200,
2022-03-10,134.8300018310547,135.1699981689453,133.72000122070312,134.4600067138672,114.01361846923828,26868900,
2022-03-11,134.3300018310547,135.4499969482422,134.2100067138672,134.91000366210938,114.39521026611328,15583800,
2022-03-14,132.6999969482422,132.88999938964844,131.72000122070312,131.75999450683594,111.72415161132812,24385000,
2022-03-15,132.86000061035156,133.14999389648438,131.19000244140625,131.52999877929688,111.52911376953125,17518800,
2022-03-16,131.8300018310547,133.1300048828125,130.32000732421875,132.82000732421875,112.623046875,25857700,
2022-03-17,132.82000732421875,133.33999633789062,131.07000732421875,131.8300018310547,111.7835464477539,19330600,
2022-03-18,132.57000732421875,133.5399932861328,132.57000732421875,133.44000244140625,113.14875030517578,55891700,
2022-03-21,131.27999877929688,131.6699981689453,129.75,130.35000610351562,110.52863311767578,26122000,
2022-03-22,128.9600067138672,129.33999633789062,128.33999633789062,128.67999267578125,109.11253356933594,21830900,
2022-03-23,129.3699951171875,131.60000610351562,128.86000061035156,131.5,111.50373840332031,21266100,
2022-03-24,129.64999389648438,131.17999267578125,129.60000610351562,130.47000122070312,110.6303482055664,17141600,
2022-03-25,129.5,129.52000427246094,127.6500015258789,128.66000366210938,109.09558868408203,25684500,
2022-03-28,129.38999938964844,130.55999755859375,129.0399932861328,129.75999450683594,110.02832794189453,17657800,
2022-03-29,130.55999755859375,131.5500030517578,129.74000549316406,130.74000549316406,110.85928344726562,19319700,
2022-03-30,130.07000732421875,132.00999450683594,129.99000549316406,131.75999450683594,111.72415161132812,16310200,
2022-03-31,131.97999572753906,132.6699981689453,131.66000366210938,132.0800018310547,111.99555206298828,19901000,
2022-04-01,130.00999450683594,132.9600067138672,129.7100067138672,132.3800048828125,112.42184448242188,23489700,"{""dividend_amount"": 0.202}"
2022-04-04,131.92999267578125,131.97999572753906,130.7100067138672,131.4600067138672,111.64057159423828,13609900,
2022-04-05,130.75999450683594,130.77999877929688,128.2899932861328,128.49000549316406,109.11833190917969,25196900,
2022-04-06,126.43000030517578,128.3000030517578,126.4000015258789,127.44999694824219,108.235107421875,22952000,
2022-04-07,126.11000061035156,126.66999816894531,125.41000366210938,126.48999786376953,107.41984558105469,23458800,
2022-04-08,125.44999694824219,125.83000183105469,124.26000213623047,125.12000274658203,106.25638580322266,26859200,
2022-04-11,123.91999816894531,124.19000244140625,122.55999755859375,123.13999938964844,104.57492065429688,30020700,
2022-04-12,124.05000305175781,124.16000366210938,122.66999816894531,122.97000122070312,104.43053436279297,23124200,
2022-04-13,123.05000305175781,124.30000305175781,122.88999938964844,123.22000122070312,104.64287567138672,17189500,
2022-04-14,122.86000061035156,122.93000030517578,120.37999725341797,120.75,102.54524993896484,34274500,
2022-04-18,120.87000274658203,121.08000183105469,119.69000244140625,120.1500015258789,102.03572082519531,18784300,
2022-04-19,119.1500015258789,119.72000122070312,118.66999816894531,119.25,101.27139282226562,26012300,
2022-04-20,120.22000122070312,121.97000122070312,119.91999816894531,121.6500015258789,103.30957794189453,31423200,
2022-04-21,120.83000183105469,120.91000366210938,119.16999816894531,120.75,102.54524993896484,23323200,
2022-04-22,120.06999969482422,121.44000244140625,119.80999755859375,119.98999786376953,101.89983367919922,19773400,
2022-04-25,121.37999725341797,122.19000244140625,121.12999725341797,121.19000244140625,102.91891479492188,25418900,
2022-04-26,122.44000244140625,123.02999877929688,121.76000213623047,122.41000366210938,103.95496368408203,26931300,
2022-04-27,122.19000244140625,122.31999969482422,120.7699966430664,120.83999633789062,102.6216812133789,14560500,
2022-04-28,120.38999938964844,121.06999969482422,120.01000213623047,121.0199966430664,102.7745361328125,16892500,
2022-04-29,119.30999755859375,120.97000122070312,119.11000061035156,119.44999694824219,101.44124603271484,26153400,
2022-05-02,117.86000061035156,118.2699966430664,116.93000030517578,117.18000030517578,99.68289184570312,29233900,"{""dividend_amount"": 0.203}"
2022-05-03,119.04000091552734,119.30999755859375,117.88999938964844,117.97000122070312,100.35492706298828,21256700,
2022-05-04,117.97000122070312,118.97000122070312,117.3499984741211,118.62000274658203,100.90786743164062,25575700,
2022-05-05,116.3499984741211,116.47000122070312,114.0199966430664,115.37000274658203,98.14315032958984,48384500,
2022-05-06,114.13999938964844,115.04000091552734,113.30999755859375,113.66999816894531,96.69697570800781,32790500,
2022-05-09,112.86000061035156,114.70999908447266,112.62000274658203,114.66999816894531,97.54767608642578,26773000,
2022-05-10,115.88999938964844,116.95999908447266,115.4800033569336,115.70999908447266,98.43234252929688,33640800,
2022-05-11,114.73999786376953,117.94000244140625,114.44000244140625,117.94000244140625,100.32942199707031,34173600,
2022-05-12,118.0199966430664,118.88999938964844,117.66000366210938,117.72000122070312,100.14225006103516,26405700,
2022-05-13,116.9800033569336,117.1500015258789,115.9000015258789,115.9800033569336,98.66207885742188,20782700,
2022-05-16,116.20999908447266,116.94000244140625,115.8499984741211,115.86000061035156,98.55995178222656,11050600,
2022-05-17,114.70999908447266,115.3499984741211,114.36000061035156,114.45999908447266,97.36903381347656,15040800,
2022-05-18,114.72000122070312,117.0,114.61000061035156,116.9000015258789,99.44469451904297,21337300,
2022-05-19,118.63999938964844,118.72000122070312,116.8499984741211,117.18000030517578,99.68289184570312,21937500,
2022-05-20,117.08999633789062,119.0199966430664,117.05999755859375,118.51000213623047,100.81427001953125,22780900,
2022-05-23,117.70999908447266,118.25,116.54000091552734,116.55999755859375,99.15546417236328,15925200,
2022-05-24,117.9000015258789,119.63999938964844,117.86000061035156,118.86000061035156,101.11202239990234,23388200,
2022-05-25,119.61000061035156,119.62000274658203,118.58999633789062,119.33000183105469,101.51183319091797,14410800,
2022-05-26,119.0199966430664,119.08999633789062,117.80000305175781,118.79000091552734,101.0524673461914,14912900,
2022-05-27,119.36000061035156,119.73999786376953,118.73999786376953,119.08000183105469,101.29914855957031,11190400,
2022-05-31,117.18000030517578,117.2300033569336,115.93000030517578,116.55999755859375,99.15546417236328,28393700,
2022-06-01,117.02999877929688,117.33999633789062,115.69000244140625,116.22000122070312,99.04210662841797,15544800,"{""dividend_amount"": 0.207}"
2022-06-02,116.62999725341797,116.70999908447266,115.45999908447266,116.27999877929688,99.09326934814453,9832000,
2022-06-03,115.08999633789062,116.05999755859375,114.87000274658203,116.02999877929688,98.88015747070312,15330400,
2022-06-06,115.1500015258789,115.51000213623047,113.80999755859375,113.88999938964844,97.05650329589844,20815400,
2022-06-07,114.61000061035156,115.77999877929688,114.58000183105469,115.12000274658203,98.1047134399414,14278700,
2022-06-08,114.68000030517578,115.12999725341797,114.08000183105469,114.0999984741211,97.23543548583984,11476100,
2022-06-09,113.83999633789062,114.70999908447266,113.68000030517578,114.4800033569336,97.559326171875,15527300,
2022-06-10,114.36000061035156,114.61000061035156,112.97000122070312,113.7699966430664,96.95423889160156,21917100,
2022-06-13,111.48999786376953,111.66999816894531,109.23999786376953,110.19999694824219,93.91188049316406,36968300,
2022-06-14,110.52999877929688,110.9800033569336,108.58999633789062,108.80999755859375,92.72734069824219,21865900,
2022-06-15,110.08999633789062,110.98999786376953,109.02999877929688,110.83999633789062,94.45731353759766,25202800,
2022-06-16,108.44999694824219,111.72000122070312,108.12000274658203,111.72000122070312,95.20726013183594,26067300,
2022-06-17,112.01000213623047,112.83000183105469,110.95999908447266,112.08000183105469,95.5140380859375,21614300,
2022-06-21,110.08999633789062,111.0199966430664,109.80999755859375,110.18000030517578,93.89485931396484,17663800,
2022-06-22,112.69000244140625,113.30999755859375,112.37999725341797,113.20999908447266,96.47699737548828,23703800,
2022-06-23,113.9000015258789,115.16999816894531,113.48999786376953,114.13999938964844,97.26953887939453,20669200,
2022-06-24,113.45999908447266,114.16999816894531,112.5,112.55999755859375,95.92308807373047,18161300,
2022-06-27,111.22000122070312,112.22000122070312,111.16000366210938,111.5999984741211,95.1049575805664,12053000,
2022-06-28,111.29000091552734,112.18000030517578,110.87000274658203,112.12000274658203,95.54811096191406,13706600,
2022-06-29,112.37999725341797,113.9000015258789,112.16999816894531,113.87000274658203,97.0394287109375,12925400,
2022-06-30,114.86000061035156,115.7699966430664,114.75,114.87000274658203,97.89164733886719,25802100,
2022-07-01,115.9000015258789,117.58999633789062,115.22000122070312,115.81999969482422,98.89667510986328,21858800,"{""dividend_amount"": 0.227}"
2022-07-05,116.88999938964844,117.75,116.16999816894531,116.7300033569336,99.6737060546875,16689700,
2022-07-06,117.38999938964844,117.54000091552734,114.7699966430664,114.7699966430664,98.00008392333984,20205400,
2022-07-07,115.0999984741211,115.16999816894531,113.51000213623047,113.76000213623047,97.13765716552734,13088000,
2022-07-08,113.5,113.5,112.05000305175781,112.5,96.0617904663086,15320000,
2022-07-11,113.79000091552734,114.79000091552734,113.69999694824219,114.44000244140625,97.71831512451172,13639900,
2022-07-12,115.51000213623047,116.2300033569336,114.97000122070312,115.12000274658203,98.29893493652344,18547300,
2022-07-13,113.7699966430664,116.6500015258789,113.44999694824219,116.44000244140625,99.42606353759766,20594800,
2022-07-14,115.08000183105469,116.16000366210938,114.47000122070312,115.48999786376953,98.61488342285156,15665000,
2022-07-15,115.83999633789062,116.81999969482422,115.5999984741211,116.13999938964844,99.1698989868164,16022600,
2022-07-18,115.25,115.31999969482422,114.18000030517578,114.93000030517578,98.13671875,15838300,
2022-07-19,114.91000366210938,115.1500015258789,113.66000366210938,114.30999755859375,97.60731506347656,9276800,
2022-07-20,115.4800033569336,115.55000305175781,114.05000305175781,114.61000061035156,97.86346435546875,9117300,
2022-07-21,115.19000244140625,116.72000122070312,115.01000213623047,116.58999633789062,99.55414581298828,14754900,
2022-07-22,118.29000091552734,119.2699966430664,117.97000122070312,118.55000305175781,101.22775268554688,17715300,
2022-07-25,116.70999908447266,117.54000091552734,116.47000122070312,117.38999938964844,100.23726654052734,24868100,
2022-07-26,118.86000061035156,119.23999786376953,117.4000015258789,117.4800033569336,100.31411743164062,13536000,
2022-07-27,118.01000213623047,118.48999786376953,116.70999908447266,116.81999969482422,99.75052642822266,15725600,
2022-07-28,118.05000305175781,118.91999816894531,117.31999969482422,117.75,100.54464721679688,16637900,
2022-07-29,117.69999694824219,119.30999755859375,117.33000183105469,117.43000030517578,100.27140808105469,16655900,
2022-08-01,118.25,120.0999984741211,118.08000183105469,120.04000091552734,102.68631744384766,17974600,"{""dividend_amount"": 0.213}"
2022-08-02,120.1500015258789,120.69000244140625,117.29000091552734,117.5,100.51350402832031,17896300,
2022-08-03,117.16999816894531,119.48999786376953,116.33000183105469,119.3499984741211,102.09608459472656,16731200,
2022-08-04,118.9800033569336,119.55000305175781,118.54000091552734,119.30999755859375,102.06182861328125,11003000,
2022-08-05,117.06999969482422,117.11000061035156,115.88999938964844,116.47000122070312,99.63236236572266,19492300,
2022-08-08,117.63999938964844,118.52999877929688,117.55999755859375,118.3499984741211,101.24060821533203,17476300,
2022-08-09,117.7300033569336,118.36000061035156,117.45999908447266,117.88999938964844,100.84709930419922,8223200,
2022-08-10,117.7300033569336,118.91000366210938,116.7300033569336,117.12000274658203,100.18843078613281,14665300,
2022-08-11,116.87000274658203,117.05999755859375,114.08999633789062,114.38999938964844,97.85310363769531,20663800,
2022-08-12,115.0999984741211,115.56999969482422,114.43000030517578,115.55000305175781,98.84540557861328,12178400,
2022-08-15,116.33000183105469,116.75,115.44999694824219,115.44999694824219,98.7598648071289,9031800,
2022-08-16,115.25,116.0199966430664,114.23999786376953,115.93000030517578,99.17048645019531,11066000,
2022-08-17,115.05999755859375,115.0999984741211,114.30999755859375,114.72000122070312,98.1353988647461,14131300,
2022-08-18,114.97000122070312,115.63999938964844,114.58999633789062,114.88999938964844,98.28083801269531,10738200,
2022-08-19,113.2300033569336,113.33999633789062,112.73999786376953,113.04000091552734,96.69827270507812,16330900,
2022-08-22,112.86000061035156,112.95999908447266,112.12999725341797,112.66000366210938,96.37321472167969,10457200,
2022-08-23,112.19000244140625,113.4800033569336,111.73999786376953,112.04000091552734,95.84285736083984,17813200,
2022-08-24,111.48999786376953,111.87000274658203,110.86000061035156,111.22000122070312,95.14138793945312,13971600,
2022-08-25,111.31999969482422,113.08999633789062,110.98999786376953,112.7699966430664,96.46730041503906,21429700,
2022-08-26,112.30000305175781,113.98999786376953,112.01000213623047,113.62000274658203,97.19441223144531,18764400,
2022-08-29,112.94000244140625,113.01000213623047,112.12999725341797,112.68000030517578,96.39029693603516,14278300,
2022-08-30,112.62000274658203,113.51000213623047,112.20999908447266,112.95999908447266,96.62984466552734,14346600,
2022-08-31,112.69000244140625,113.33999633789062,111.58000183105469,111.87999725341797,95.70591735839844,13623500,
2022-09-01,109.87000274658203,110.25,108.94000244140625,109.5999984741211,93.95376586914062,22490400,"{""dividend_amount"": 0.236}"
2022-09-02,109.68000030517578,110.55999755859375,109.47000122070312,110.22000122070312,94.48524475097656,13024400,
2022-09-06,108.9000015258789,108.97000122070312,107.41999816894531,107.48999786376953,92.14498901367188,24648500,
2022-09-07,108.31999969482422,109.4800033569336,108.20999908447266,109.19000244140625,93.60227966308594,17050100,
2022-09-08,108.83999633789062,109.5199966430664,108.05000305175781,108.06999969482422,92.64219665527344,14671400,
2022-09-09,108.33000183105469,108.80000305175781,107.62999725341797,108.30999755859375,92.847900390625,12529800,
2022-09-12,108.62999725341797,108.88999938964844,106.91999816894531,107.41999816894531,92.08496856689453,14806900,
2022-09-13,106.55999755859375,107.73999786376953,106.23999786376953,107.66999816894531,92.29926300048828,22158900,
2022-09-14,107.33999633789062,108.20999908447266,107.12000274658203,108.04000091552734,92.61646270751953,13077800,
2022-09-15,107.8499984741211,108.19000244140625,107.58000183105469,107.97000122070312,92.55643463134766,10260200,
2022-09-16,107.02999877929688,108.05000305175781,106.7699966430664,107.06999969482422,91.78494262695312,18903800,
2022-09-19,106.95999908447266,107.81999969482422,106.80000305175781,107.31999969482422,91.99925994873047,11084400,
2022-09-20,105.69000244140625,106.83999633789062,105.4000015258789,106.25,91.08198547363281,20133800,
2022-09-21,106.69999694824219,108.04000091552734,105.97000122070312,108.02999877929688,92.60787963867188,23132900,
2022-09-22,105.79000091552734,105.95999908447266,104.7300033569336,105.2699966430664,90.24189758300781,29030600,
2022-09-23,105.33999633789062,106.43000030517578,104.55999755859375,105.69999694824219,90.61050415039062,23042200,
2022-09-26,105.36000061035156,105.41000366210938,103.22000122070312,103.68000030517578,88.87889862060547,25104600,
2022-09-27,102.70999908447266,102.9800033569336,100.9000015258789,100.94999694824219,86.53861999511719,34609500,
2022-09-28,103.12999725341797,104.44999694824219,102.4800033569336,104.33000183105469,89.43610382080078,39283100,
2022-09-29,102.9000015258789,104.2300033569336,102.80000305175781,103.79000091552734,88.97315979003906,19127100,
2022-09-30,104.2699966430664,104.86000061035156,102.2300033569336,102.44999694824219,87.82447814941406,26485700,
2022-10-03,103.8499984741211,104.68000030517578,103.1500015258789,103.83000183105469,89.219970703125,27192200,"{""dividend_amount"": 0.244}"
2022-10-04,104.1500015258789,104.6500015258789,103.30000305175781,103.54000091552734,88.97077178955078,13788700,
2022-10-05,102.7300033569336,102.83999633789062,101.58000183105469,102.55000305175781,88.12005615234375,20522100,
2022-10-06,102.58999633789062,102.83999633789062,101.52999877929688,101.9800033569336,87.63029479980469,13965700,
2022-10-07,100.80999755859375,101.62000274658203,100.47000122070312,100.98999786376953,86.77954864501953,14814800,
2022-10-10,100.5,100.51000213623047,98.80000305175781,99.41999816894531,85.43048858642578,15652600,
2022-10-11,99.73999786376953,100.9000015258789,98.98999786376953,99.86000061035156,85.80857849121094,33246700,
2022-10-12,99.27999877929688,100.54000091552734,99.19000244140625,100.3499984741211,86.22964477539062,21447600,
2022-10-13,98.36000061035156,100.37999725341797,98.33999633789062,99.38999938964844,85.40471649169922,30292500,
2022-10-14,100.19000244140625,100.19000244140625,98.25,98.56999969482422,84.70008850097656,18728200,
2022-10-17,99.29000091552734,99.66000366210938,97.94000244140625,98.08999633789062,84.28765106201172,18969900,
2022-10-18,97.94999694824219,98.45999908447266,96.87000274658203,98.31999969482422,84.48526000976562,16931500,
2022-10-19,97.19000244140625,97.41999816894531,96.31999969482422,96.52999877929688,82.94713592529297,25431600,
2022-10-20,95.93000030517578,96.33000183105469,94.73999786376953,94.87999725341797,81.52932739257812,25434900,
2022-10-21,93.0199966430664,93.93000030517578,92.26000213623047,93.16999816894531,80.0599594116211,46280300,
2022-10-24,92.81999969482422,93.55000305175781,91.8499984741211,92.4000015258789,79.39826965332031,31332600,
2022-10-25,94.58000183105469,95.2300033569336,94.44000244140625,95.08999633789062,81.70978546142578,31213100,
2022-10-26,95.7699966430664,96.69000244140625,95.7699966430664,96.45999908447266,82.88697814941406,24843900,
2022-10-27,96.9800033569336,97.9000015258789,96.22000122070312,97.47000122070312,83.75487518310547,20270000,
2022-10-28,96.86000061035156,97.62999725341797,96.41000366210938,96.80000305175781,83.17916870117188,22244100,
2022-10-31,96.36000061035156,96.62000274658203,95.02999877929688,96.11000061035156,82.58625030517578,23956700,
2022-11-01,97.37999725341797,97.41999816894531,96.20999908447266,96.7699966430664,83.35806274414062,17585100,"{""dividend_amount"": 0.236}"
2022-11-02,96.91000366210938,97.62999725341797,95.95999908447266,96.3499984741211,82.99628448486328,25010500,
2022-11-03,95.16999816894531,96.37999725341797,95.08999633789062,95.83000183105469,82.54835510253906,29097500,
2022-11-04,95.0999984741211,95.66000366210938,94.22000122070312,94.22000122070312,81.16149139404297,23561400,
2022-11-07,94.80000305175781,94.86000061035156,93.23999786376953,93.27999877929688,80.35176849365234,14522800,
2022-11-08,93.80000305175781,94.95999908447266,93.7699966430664,94.30000305175781,81.23040771484375,20360600,
2022-11-09,93.81999969482422,95.0199966430664,93.69000244140625,94.61000061035156,81.49742889404297,15637500,
2022-11-10,96.7300033569336,98.43000030517578,96.63999938964844,98.25,84.6329574584961,45380900,
2022-11-11,97.56999969482422,98.37000274658203,97.54000091552734,97.88999938964844,84.3228530883789,15943100,
2022-11-14,97.91000366210938,97.98999786376953,97.08999633789062,97.6500015258789,84.11610412597656,13741100,
2022-11-15,98.25,99.30000305175781,98.11000061035156,99.2300033569336,85.47712707519531,26608200,
2022-11-16,100.0199966430664,101.44999694824219,99.73999786376953,101.4000015258789,87.34638214111328,28507700,
2022-11-17,100.19999694824219,100.56999969482422,99.77999877929688,100.33000183105469,86.42465209960938,24528900,
2022-11-18,100.5999984741211,100.88999938964844,99.55000305175781,99.63999938964844,85.8302993774414,14941300,
2022-11-21,100.69000244140625,100.81999969482422,99.80000305175781,100.05999755859375,86.19209289550781,15534000,
2022-11-22,100.6500015258789,101.62000274658203,100.52999877929688,101.4800033569336,87.41529083251953,18103100,
2022-11-23,102.13999938964844,103.25,102.08000183105469,103.25,88.93997955322266,23234600,
2022-11-25,102.61000061035156,102.93000030517578,102.43000030517578,102.9000015258789,88.63846588134766,9486100,
2022-11-28,103.61000061035156,103.80999755859375,102.69000244140625,103.19000244140625,88.88825988769531,14563200,
2022-11-29,102.1500015258789,102.95999908447266,101.91000366210938,101.9800033569336,87.84600830078125,16576400,
2022-11-30,101.62000274658203,102.7300033569336,101.37000274658203,102.7300033569336,88.4920425415039,21581700,
2022-12-01,103.1500015258789,105.80999755859375,103.0999984741211,105.76000213623047,91.31898498535156,53156800,"{""dividend_amount"": 0.244}"
2022-12-02,105.30000305175781,107.0999984741211,104.61000061035156,107.08999633789062,92.46737670898438,24479500,
2022-12-05,105.83999633789062,105.98999786376953,104.9000015258789,105.58999633789062,91.17220306396484,20159700,
2022-12-06,106.5,107.38999938964844,106.19000244140625,106.94999694824219,92.34652709960938,21754500,
2022-12-07,108.37000274658203,109.68000030517578,108.19999694824219,109.47000122070312,94.52241516113281,30546700,
2022-12-08,108.69999694824219,109.44999694824219,108.47000122070312,109.16999816894531,94.26336669921875,13377300,
2022-12-09,107.94000244140625,108.16999816894531,106.2699966430664,106.33000183105469,91.8111572265625,25872200,
2022-12-12,107.86000061035156,108.11000061035156,106.26000213623047,106.66999816894531,92.10472869873047,16897100,
2022-12-13,109.04000091552734,109.08000183105469,107.45999908447266,107.69999694824219,92.99411010742188,23854700,
2022-12-14,107.66000366210938,108.31999969482422,106.88999938964844,108.16000366210938,93.39128875732422,19517500,
2022-12-15,108.38999938964844,109.12000274658203,108.16000366210938,108.31999969482422,93.75564575195312,20246200,"{""dividend_amount"": 0.261}"
2022-12-16,106.5999984741211,107.83000183105469,106.30999755859375,107.11000061035156,92.70835876464844,20838300,
2022-12-19,105.83000183105469,105.83999633789062,104.9800033569336,105.30999755859375,91.150390625,26126800,
2022-12-20,103.37999725341797,103.80999755859375,103.0999984741211,103.44000244140625,89.53180694580078,28869000,
2022-12-21,104.29000091552734,104.4000015258789,102.95999908447266,103.69999694824219,89.75686645507812,15894100,
2022-12-22,103.66999816894531,104.12000274658203,103.37999725341797,103.68000030517578,89.73957061767578,11322500,
2022-12-23,102.58000183105469,102.80999755859375,102.0199966430664,102.16000366210938,88.42389678955078,15408900,
2022-12-27,100.48999786376953,101.06999969482422,100.01000213623047,100.13999938964844,86.67552185058594,26475700,
2022-12-28,100.6500015258789,100.77999877929688,99.3499984741211,99.55000305175781,86.16486358642578,17302900,
2022-12-29,99.86000061035156,100.98999786376953,99.79000091552734,100.68000030517578,87.14291381835938,16593000,
2022-12-30,99.87000274658203,100.55000305175781,99.37000274658203,99.55999755859375,86.17351531982422,20810200,
2023-01-03,102.19999694824219,102.33999633789062,100.83999633789062,101.45999908447266,87.81806945800781,25313200,
2023-01-04,103.22000122070312,103.4800033569336,102.20999908447266,102.8499984741211,89.02112579345703,21678200,
2023-01-05,101.87000274658203,103.29000091552734,101.77999877929688,103.27999877929688,89.39332580566406,14771100,
2023-01-06,102.69999694824219,105.30000305175781,102.63999938964844,105.18000030517578,91.03784942626953,27473700,
2023-01-09,104.41000366210938,105.93000030517578,104.2699966430664,105.73999786376953,91.5225830078125,21472200,
2023-01-10,104.52999877929688,104.81999969482422,103.5,103.98999786376953,90.00788879394531,20545200,
2023-01-11,104.97000122070312,105.72000122070312,104.69999694824219,105.68000030517578,91.47064971923828,18794000,
2023-01-12,105.81999969482422,107.80999755859375,104.55999755859375,107.76000213623047,93.27095794677734,32029600,
2023-01-13,107.0999984741211,107.80000305175781,106.37999725341797,106.75,92.39677429199219,17750800,
2023-01-17,105.66999816894531,106.66000366210938,105.6500015258789,106.05999755859375,91.7995376586914,13911700,
2023-01-18,108.45999908447266,108.7699966430664,107.12000274658203,108.62999725341797,94.02398681640625,35497200,
2023-01-19,108.0999984741211,108.37000274658203,107.44000244140625,107.94999694824219,93.43539428710938,17194700,
2023-01-20,106.95999908447266,107.23999786376953,106.11000061035156,106.19999694824219,91.92070770263672,22754100,
2023-01-23,105.56999969482422,106.19999694824219,105.48999786376953,105.69999694824219,91.48796081542969,12961500,
2023-01-24,106.12000274658203,107.44999694824219,105.38999938964844,107.22000122070312,92.8035659790039,16417200,
2023-01-25,107.37000274658203,107.91000366210938,106.63999938964844,107.4800033569336,93.02861785888672,11906500,
2023-01-26,107.13999938964844,107.6500015258789,106.48999786376953,106.9800033569336,92.59584045410156,15549400,
2023-01-27,106.19000244140625,106.95999908447266,106.11000061035156,106.70999908447266,92.36212158203125,11845500,
2023-01-30,106.45999908447266,107.16000366210938,106.19000244140625,106.31999969482422,92.02458953857422,11459700,
2023-01-31,106.9800033569336,107.27999877929688,105.87000274658203,107.16999816894531,92.76028442382812,13705300,
2023-02-01,107.55000305175781,108.58999633789062,106.41999816894531,108.18000030517578,93.8753890991211,25305800,"{""dividend_amount"": 0.275}"
2023-02-02,108.91999816894531,109.3499984741211,108.08999633789062,108.31999969482422,93.99687194824219,19548400,
2023-02-03,106.7699966430664,107.11000061035156,106.08000183105469,106.69999694824219,92.59107208251953,20619500,
2023-02-06,105.75,106.30999755859375,105.68000030517578,105.91000366210938,91.90556335449219,15182400,
2023-02-07,105.33000183105469,106.2300033569336,105.0,105.05999755859375,91.16795349121094,18290300,
2023-02-08,105.04000091552734,105.58000183105469,104.38999938964844,105.55999755859375,91.60183715820312,13530700,
2023-02-09,106.47000122070312,106.62000274658203,104.38999938964844,104.55999755859375,90.73407745361328,20469900,
2023-02-10,104.4000015258789,104.44000244140625,103.12000274658203,103.38999938964844,89.71875762939453,16598300,
2023-02-13,103.70999908447266,104.41999816894531,103.58000183105469,104.26000213623047,90.47374725341797,13134300,
2023-02-14,104.19999694824219,104.83000183105469,103.13999938964844,104.0199966430664,90.26543426513672,15440300,
2023-02-15,103.55000305175781,103.94999694824219,102.5,103.05000305175781,89.4237289428711,15246900,
2023-02-16,102.06999969482422,102.22000122070312,101.33000183105469,101.58999633789062,88.15677642822266,19267300,
2023-02-17,101.0999984741211,102.37999725341797,100.97000122070312,102.37999725341797,88.84231567382812,19560900,
2023-02-21,101.01000213623047,101.19999694824219,100.27999877929688,100.38999938964844,87.11546325683594,22728000,
2023-02-22,100.98999786376953,101.69000244140625,100.94999694824219,101.30999755859375,87.91381072998047,15165400,
2023-02-23,101.54000091552734,102.58999633789062,101.47000122070312,102.30000305175781,88.77291870117188,15829100,
2023-02-24,101.44000244140625,101.80000305175781,100.55999755859375,100.97000122070312,87.6187515258789,21403600,
2023-02-27,101.29000091552734,101.69999694824219,100.91000366210938,101.25,87.86173248291016,14209200,
2023-02-28,100.56999969482422,101.72000122070312,100.27999877929688,101.70999908447266,88.26090240478516,14955700,
2023-03-01,100.81999969482422,101.02999877929688,99.95999908447266,100.37000274658203,87.31271362304688,19000000,"{""dividend_amount"": 0.25}"
2023-03-02,99.05999755859375,99.6500015258789,98.87999725341797,99.4800033569336,86.53850555419922,23763600,
2023-03-03,100.93000030517578,101.9000015258789,100.56999969482422,101.88999938964844,88.63495635986328,30877300,
2023-03-06,102.22000122070312,102.33999633789062,100.98999786376953,101.0999984741211,87.94774627685547,16631900,
2023-03-07,101.45999908447266,102.37000274658203,100.87999725341797,101.72000122070312,88.4870834350586,23096500,
2023-03-08,102.4000015258789,102.97000122070312,101.41999816894531,101.81999969482422,88.57408905029297,20252400,
2023-03-09,101.55000305175781,102.5199966430664,101.33000183105469,102.06999969482422,88.79158020019531,21550400,
2023-03-10,104.02999877929688,105.69000244140625,104.0,105.58999633789062,91.8536605834961,43921500,
2023-03-13,108.19999694824219,109.0999984741211,105.04000091552734,105.83000183105469,92.06240844726562,51502500,
2023-03-14,105.13999938964844,105.61000061035156,103.75,104.08999633789062,90.54876708984375,38417800,
2023-03-15,106.77999877929688,107.70999908447266,105.3499984741211,106.0999984741211,92.29729461669922,45164100,
2023-03-16,107.37999725341797,108.02999877929688,105.04000091552734,105.2699966430664,91.57527160644531,43089300,
2023-03-17,106.6500015258789,107.7300033569336,106.45999908447266,106.8499984741211,92.94971466064453,38129000,
2023-03-20,106.87999725341797,106.95999908447266,105.72000122070312,105.91000366210938,92.13201141357422,24242800,
2023-03-21,105.08000183105469,105.41999816894531,104.54000091552734,105.0,91.34038543701172,18934900,
2023-03-22,104.66000366210938,106.44999694824219,104.44000244140625,106.4000015258789,92.55827331542969,26388500,
2023-03-23,105.36000061035156,106.55000305175781,104.81999969482422,106.4000015258789,92.55827331542969,25475100,
2023-03-24,107.08999633789062,107.43000030517578,106.26000213623047,106.8499984741211,92.94971466064453,23652700,
2023-03-27,105.05000305175781,105.76000213623047,104.33000183105469,104.33999633789062,90.76625061035156,22224500,
2023-03-28,104.23999786376953,104.68000030517578,104.0199966430664,104.52999877929688,90.93155670166016,17794300,
2023-03-29,103.69999694824219,104.44999694824219,103.5999984741211,104.31999969482422,90.74884796142578,16804400,
2023-03-30,104.45999908447266,105.05000305175781,104.2699966430664,104.80000305175781,91.1664047241211,14315800,
2023-03-31,105.3499984741211,106.55999755859375,105.08000183105469,106.37000274658203,92.53217315673828,25396700,
2023-04-03,105.87999725341797,107.0999984741211,105.69999694824219,106.5999984741211,92.96734619140625,18234800,"{""dividend_amount"": 0.269}"
2023-04-04,105.77999877929688,107.80000305175781,105.75,107.12999725341797,93.4295654296875,18052400,
2023-04-05,107.7699966430664,108.37000274658203,107.41000366210938,108.25,94.40631866455078,23047700,
2023-04-06,108.41999816894531,108.87000274658203,108.38999938964844,108.52999877929688,94.65050506591797,16447300,
2023-04-10,107.63999938964844,107.76000213623047,106.55999755859375,106.77999877929688,93.12432861328125,19134400,
2023-04-11,107.05000305175781,107.08999633789062,106.51000213623047,107.0,93.31619262695312,13971200,
2023-04-12,107.05000305175781,107.16999816894531,105.87999725341797,106.88999938964844,93.22026062011719,20563000,
2023-04-13,107.05000305175781,107.38999938964844,105.87999725341797,106.05000305175781,92.48767852783203,22079400,
2023-04-14,105.38999938964844,105.55000305175781,104.7699966430664,105.08000183105469,91.64173126220703,19801900,
2023-04-17,104.41999816894531,104.58999633789062,103.70999908447266,103.83000183105469,90.55159759521484,19528800,
2023-04-18,103.80999755859375,104.58999633789062,103.80000305175781,104.19999694824219,90.87425994873047,15922600,
2023-04-19,103.91000366210938,104.23999786376953,103.4800033569336,104.0999984741211,90.78707122802734,16093900,
2023-04-20,104.83000183105469,105.27999877929688,104.75,104.98999786376953,91.56324005126953,16450100,
2023-04-21,105.30000305175781,105.45999908447266,104.2699966430664,104.4000015258789,91.04869842529297,15244700,
2023-04-24,104.95999908447266,105.48999786376953,104.83999633789062,105.41000366210938,91.92951965332031,17034300,
2023-04-25,106.33000183105469,107.12999725341797,106.27999877929688,106.95999908447266,93.28131103515625,21899900,
2023-04-26,106.79000091552734,107.23999786376953,105.66999816894531,105.81999969482422,92.28709411621094,19610400,
2023-04-27,105.19999694824219,105.2699966430664,104.61000061035156,104.7699966430664,91.37136840820312,20247600,
2023-04-28,106.20999908447266,106.76000213623047,105.86000061035156,106.45999908447266,92.84525299072266,26954100,
2023-05-01,105.2699966430664,105.41999816894531,102.83999633789062,103.12999725341797,90.1680908203125,32487300,"{""dividend_amount"": 0.268}"
2023-05-02,104.0,105.69999694824219,103.88999938964844,105.69999694824219,92.41510009765625,30057800,
2023-05-03,106.0,106.5999984741211,105.27999877929688,106.29000091552734,92.9309310913086,23656200,
2023-05-04,105.22000122070312,106.44999694824219,105.1500015258789,105.23999786376953,92.01290893554688,25110500,
2023-05-05,104.3499984741211,104.9000015258789,104.11000061035156,104.88999938964844,91.70689392089844,15096500,
2023-05-08,103.5199966430664,103.87000274658203,103.31999969482422,103.41999816894531,90.42163848876953,20587000,
2023-05-09,103.5,103.63999938964844,103.0,103.05000305175781,90.09815216064453,19182500,
2023-05-10,103.66999816894531,104.23999786376953,103.63999938964844,104.05000305175781,90.97246551513672,22886800,
2023-05-11,105.30000305175781,105.5199966430664,104.72000122070312,105.1500015258789,91.9342269897461,19147200,
2023-05-12,105.05000305175781,105.25,104.25,104.2699966430664,91.1648178100586,14198500,
2023-05-15,103.38999938964844,103.47000122070312,103.12000274658203,103.19000244140625,90.2205810546875,20085300,
2023-05-16,102.4000015258789,102.9000015258789,102.11000061035156,102.87999725341797,89.94953155517578,29251700,
2023-05-17,103.08000183105469,103.16000366210938,102.3499984741211,102.58000183105469,89.68721771240234,21340900,
2023-05-18,102.19999694824219,102.26000213623047,101.75,101.81999969482422,89.02275848388672,25536600,
2023-05-19,101.26000213623047,101.86000061035156,100.93000030517578,101.0999984741211,88.39324188232422,29038000,
2023-05-22,101.25,101.70999908447266,100.66999816894531,100.73999786376953,88.0784912109375,20131100,
2023-05-23,100.43000030517578,101.25,100.27999877929688,101.02999877929688,88.33203125,21749500,
2023-05-24,101.27999877929688,101.36000061035156,100.52999877929688,100.52999877929688,87.89490509033203,18473400,
2023-05-25,100.69999694824219,100.80000305175781,100.02999877929688,100.27999877929688,87.67631530761719,22492800,
2023-05-26,100.12000274658203,101.16999816894531,100.0,101.08999633789062,88.38450622558594,17030300,
2023-05-30,101.4000015258789,102.23999786376953,101.25,102.0999984741211,89.26753234863281,23125200,
2023-05-31,101.98999786376953,103.18000030517578,101.87000274658203,102.98999786376953,90.04568481445312,23787000,
2023-06-01,103.27999877929688,103.62999725341797,102.62999725341797,103.12000274658203,90.39898681640625,21040400,"{""dividend_amount"": 0.273}"
2023-06-02,103.0,103.06999969482422,101.94000244140625,101.98999786376953,89.40840148925781,19136500,
2023-06-05,101.3499984741211,102.44000244140625,101.20999908447266,101.80000305175781,89.24181365966797,14433200,
2023-06-06,101.83999633789062,102.47000122070312,101.38999938964844,102.4000015258789,89.76781463623047,14332100,
2023-06-07,102.16999816894531,102.43000030517578,100.77999877929688,100.87999725341797,88.43531036376953,25251100,
2023-06-08,100.87000274658203,102.13999938964844,100.80000305175781,102.05999755859375,89.46974182128906,23845100,
2023-06-09,101.5999984741211,102.2699966430664,101.33999633789062,101.91999816894531,89.34701538085938,22147400,
2023-06-12,102.23999786376953,102.30000305175781,101.12000274658203,102.22000122070312,89.61001586914062,19010300,
2023-06-13,102.11000061035156,102.33000183105469,100.97000122070312,101.20999908447266,88.7246322631836,25910800,
2023-06-14,101.62999725341797,102.29000091552734,101.45999908447266,102.0199966430664,89.43467712402344,29094200,
2023-06-15,103.02999877929688,103.62999725341797,102.5999984741211,103.0,90.29378509521484,25732000,
2023-06-16,102.44000244140625,102.83000183105469,102.02999877929688,102.5999984741211,89.94313049316406,16759100,
2023-06-20,103.11000061035156,103.66000366210938,103.11000061035156,103.30999755859375,90.5655288696289,17162900,
2023-06-21,102.80999755859375,103.6500015258789,102.33999633789062,103.55999755859375,90.78472137451172,19720100,
2023-06-22,102.80000305175781,103.25,102.19999694824219,102.30999755859375,89.68890380859375,23630700,
2023-06-23,103.83000183105469,103.94999694824219,102.9800033569336,103.33000183105469,90.58307647705078,22901900,
2023-06-26,103.62000274658203,103.80000305175781,103.16000366210938,103.44000244140625,90.67949676513672,12894900,
2023-06-27,103.58999633789062,103.94999694824219,102.76000213623047,103.16999816894531,90.44280242919922,18105700,
2023-06-28,103.41000366210938,103.83999633789062,102.83000183105469,103.61000061035156,90.82852935791016,23826800,
2023-06-29,102.16999816894531,102.33999633789062,101.44999694824219,101.73999786376953,89.18922424316406,41091600,
2023-06-30,102.05999755859375,103.05999755859375,101.87000274658203,102.94000244140625,90.24120330810547,32024900,
2023-07-03,102.83999633789062,103.26000213623047,102.05999755859375,102.08000183105469,89.7295913696289,16011800,"{""dividend_amount"": 0.278}"
2023-07-05,101.88999938964844,102.0,100.73999786376953,101.11000061035156,88.87696075439453,28170300,
2023-07-06,100.19999694824219,100.37999725341797,99.47000122070312,99.68000030517578,87.61998748779297,41375700,
2023-07-07,99.18000030517578,99.5999984741211,98.98999786376953,99.08000183105469,87.09259796142578,28996500,
2023-07-10,98.86000061035156,99.52999877929688,98.8499984741211,99.20999908447266,87.20687103271484,24665200,
2023-07-11,99.56999969482422,99.97000122070312,99.29000091552734,99.72000122070312,87.65513610839844,20485500,
2023-07-12,100.0999984741211,101.12000274658203,99.7699966430664,100.83000183105469,88.6308364868164,31928000,
2023-07-13,101.30999755859375,101.97000122070312,101.02999877929688,101.88999938964844,89.56257629394531,32441500,
2023-07-14,101.72000122070312,101.94000244140625,101.23999786376953,101.29000091552734,89.03519439697266,18569000,
2023-07-17,101.2300033569336,101.48999786376953,100.91999816894531,101.33999633789062,89.07913970947266,18822000,
2023-07-18,101.80000305175781,102.06999969482422,101.56999969482422,101.80000305175781,89.48345947265625,15407400,
2023-07-19,102.0,102.9800033569336,101.7300033569336,102.94999694824219,90.49433898925781,27192500,
2023-07-20,102.22000122070312,102.30999755859375,101.27999877929688,101.69999694824219,89.39559936523438,56951200,
2023-07-21,102.16000366210938,102.3499984741211,101.62999725341797,101.7300033569336,89.42193603515625,20657500,
2023-07-24,101.98999786376953,102.1500015258789,101.30000305175781,101.36000061035156,89.0967025756836,17546700,
2023-07-25,100.83000183105469,101.5,100.80000305175781,101.16999816894531,88.92967987060547,17160600,
2023-07-26,101.68000030517578,101.69000244140625,100.93000030517578,101.2699966430664,89.01762390136719,19310700,
2023-07-27,100.70999908447266,100.93000030517578,98.91000366210938,99.30000305175781,87.28594970703125,44794400,
2023-07-28,99.4000015258789,99.86000061035156,99.1500015258789,99.80999755859375,87.7342529296875,27434000,
2023-07-31,99.6500015258789,100.33000183105469,99.62000274658203,100.05000305175781,87.94522094726562,28663800,
2023-08-01,98.83999633789062,98.91999816894531,97.9000015258789,98.13999938964844,86.50405883789062,34943400,"{""dividend_amount"": 0.275}"
2023-08-02,97.04000091552734,97.23999786376953,96.41000366210938,97.08999633789062,85.57856750488281,38121300,
2023-08-03,95.19000244140625,95.31999969482422,94.54000091552734,94.8499984741211,83.60413360595703,59394800,
2023-08-04,95.1500015258789,96.68000030517578,95.12999725341797,96.52999877929688,85.0849380493164,42071800,
2023-08-07,96.11000061035156,96.19999694824219,95.5,95.58000183105469,84.24759674072266,35862900,
2023-08-08,96.86000061035156,97.37000274658203,96.44000244140625,96.69000244140625,85.22599029541016,24010500,
2023-08-09,96.87999725341797,97.29000091552734,96.83999633789062,97.19000244140625,85.66670989990234,20151100,
2023-08-10,97.04000091552734,97.36000061035156,95.58999633789062,95.58999633789062,84.2563705444336,37253200,
2023-08-11,95.30000305175781,95.87000274658203,95.19999694824219,95.37000274658203,84.06249237060547,26753500,
2023-08-14,95.20999908447266,95.93000030517578,94.9000015258789,95.16000366210938,83.87738800048828,19072000,
2023-08-15,94.80000305175781,95.19999694824219,94.55999755859375,94.58000183105469,83.36616516113281,24125000,
2023-08-16,94.27999877929688,94.79000091552734,93.72000122070312,93.83999633789062,82.71387481689453,23076700,
2023-08-17,93.5,93.61000061035156,93.0199966430664,93.44000244140625,82.361328125,32244900,
2023-08-18,93.43000030517578,94.19000244140625,93.30000305175781,93.7699966430664,82.6521987915039,24181700,
2023-08-21,92.66000366210938,92.76000213623047,92.2300033569336,92.5199966430664,81.55036926269531,29254100,
2023-08-22,92.63999938964844,93.27999877929688,92.45999908447266,93.2300033569336,82.17622375488281,21308700,
2023-08-23,94.30000305175781,95.55000305175781,94.2300033569336,95.54000091552734,84.21234130859375,38294700,
2023-08-24,95.12999725341797,95.55000305175781,94.88999938964844,94.91000366210938,83.65702819824219,22300800,
2023-08-25,94.66000366210938,95.51000213623047,94.51000213623047,95.22000122070312,83.9302749633789,23865200,
2023-08-28,95.6500015258789,95.66000366210938,94.88999938964844,95.31999969482422,84.01838684082031,16037300,
2023-08-29,94.97000122070312,96.51000213623047,94.94000244140625,96.30999755859375,84.89102935791016,28478100,
2023-08-30,96.16000366210938,96.4000015258789,95.87999725341797,96.20999908447266,84.80287170410156,17550100,
2023-08-31,96.54000091552734,97.05000305175781,96.43000030517578,96.63999938964844,85.18191528320312,26959700,
2023-09-01,95.80000305175781,95.81999969482422,94.62000274658203,94.8499984741211,83.85489654541016,32469700,"{""dividend_amount"": 0.289}"
2023-09-05,94.27999877929688,94.29000091552734,93.48999786376953,93.5199966430664,82.67906951904297,29435900,
2023-09-06,94.08999633789062,94.11000061035156,93.45999908447266,93.75,82.88243103027344,23636300,
2023-09-07,94.0,94.06999969482422,93.68000030517578,94.01000213623047,83.11227416992188,18091500,
2023-09-08,94.37999725341797,94.9000015258789,94.16999816894531,94.37000274658203,83.43051147460938,17052100,
2023-09-11,93.69999694824219,93.9800033569336,93.55000305175781,93.69000244140625,82.82936096191406,17061500,
2023-09-12,93.88999938964844,94.23999786376953,93.58000183105469,94.2300033569336,83.3067855834961,20034300,
2023-09-13,93.91999816894531,94.52999877929688,93.81999969482422,94.20999908447266,83.28909301757812,23332300,
2023-09-14,93.94000244140625,94.20999908447266,93.4000015258789,93.52999877929688,82.68793487548828,27800600,
2023-09-15,93.45999908447266,93.4800033569336,92.95999908447266,92.95999908447266,82.18399047851562,25642900,
2023-09-18,92.8499984741211,93.52999877929688,92.81999969482422,93.48999786376953,82.65254211425781,17963400,
2023-09-19,93.08000183105469,93.43000030517578,92.80000305175781,92.80000305175781,82.04253387451172,24941800,
2023-09-20,93.29000091552734,93.5999984741211,93.04000091552734,93.08999633789062,82.29891967773438,29451200,
2023-09-21,91.29000091552734,91.37000274658203,90.69000244140625,90.69999694824219,80.18595886230469,59958700,
2023-09-22,90.80999755859375,91.61000061035156,90.66999816894531,91.43000030517578,80.83136749267578,29524500,
2023-09-25,89.66000366210938,90.04000091552734,89.1500015258789,89.18000030517578,78.8421859741211,45587900,
2023-09-26,89.43000030517578,89.62000274658203,88.70999908447266,88.87000274658203,78.56812286376953,38104100,
2023-09-27,89.54000091552734,89.62000274658203,88.08999633789062,88.41000366210938,78.16144561767578,47111200,
2023-09-28,87.62000274658203,88.7300033569336,87.0999984741211,88.68000030517578,78.40011596679688,60238000,
2023-09-29,89.2699966430664,89.48999786376953,88.12999725341797,88.69000244140625,78.40896606445312,49010100,
2023-10-02,87.81999969482422,87.93000030517578,86.70999908447266,86.93000030517578,77.09642791748047,44704300,"{""dividend_amount"": 0.28}"
2023-10-03,86.30999755859375,86.6500015258789,84.88999938964844,85.05999755859375,75.43793487548828,71362600,
2023-10-04,85.7699966430664,86.30999755859375,85.37000274658203,86.26000213623047,76.50218963623047,56281600,
2023-10-05,86.11000061035156,86.19000244140625,85.63999938964844,85.83000183105469,76.12083435058594,35758800,
2023-10-06,84.19999694824219,85.69000244140625,84.05999755859375,84.79000091552734,75.19847869873047,62787900,
2023-10-09,85.5,86.80000305175781,84.94999694824219,86.77999877929688,76.9633560180664,29424900,
2023-10-10,85.8499984741211,87.16999816894531,85.5199966430664,86.66000366210938,76.85694885253906,54743900,
2023-10-11,87.8499984741211,88.47000122070312,87.5999984741211,88.47000122070312,78.4621810913086,58517700,
2023-10-12,88.05000305175781,88.19000244140625,85.93000030517578,86.06999969482422,76.33367156982422,66986700,
2023-10-13,87.5999984741211,87.83000183105469,87.16999816894531,87.61000061035156,77.69947814941406,44183800,
2023-10-16,86.19000244140625,86.37000274658203,85.9000015258789,86.19999694824219,76.44898986816406,38309800,
2023-10-17,84.88999938964844,85.62999725341797,84.5,85.25,75.6064453125,52949100,
2023-10-18,84.37999725341797,84.72000122070312,83.8499984741211,84.5,74.9412841796875,63724600,
2023-10-19,83.87999725341797,84.56999969482422,82.73999786376953,82.7699966430664,73.40696716308594,87696900,
2023-10-20,82.98999786376953,83.54000091552734,82.7699966430664,83.23999786376953,73.82379150390625,52188800,
2023-10-23,82.80999755859375,84.86000061035156,82.41999816894531,84.23999786376953,74.71070861816406,70890400,
2023-10-24,84.44000244140625,85.3499984741211,84.08999633789062,85.3499984741211,75.69512176513672,46267700,
2023-10-25,84.0199966430664,84.12999725341797,83.12999725341797,83.44999694824219,74.01004791259766,60737200,
2023-10-26,83.4800033569336,84.81999969482422,83.4000015258789,84.7300033569336,75.14524841308594,49704100,
2023-10-27,84.19000244140625,84.97000122070312,83.73999786376953,84.37000274658203,74.82599639892578,32362300,
2023-10-30,83.80999755859375,84.5,83.23999786376953,83.98999786376953,74.48896026611328,45026900,
2023-10-31,84.37000274658203,84.7699966430664,83.55000305175781,83.58000183105469,74.12533569335938,37269200,
2023-11-01,84.04000091552734,85.12000274658203,84.0199966430664,85.0999984741211,75.7325439453125,72308500,"{""dividend_amount"": 0.286}"
2023-11-02,86.68000030517578,87.30999755859375,86.22000122070312,87.04000091552734,77.4590072631836,69739400,
2023-11-03,88.80999755859375,89.05000305175781,87.58000183105469,87.62999725341797,77.98408508300781,77692300,
2023-11-06,87.06999969482422,87.19999694824219,86.5999984741211,86.77999877929688,77.22763061523438,41341900,
2023-11-07,87.61000061035156,88.5,87.58999633789062,88.05999755859375,78.36673736572266,37834200,
2023-11-08,88.4800033569336,89.62000274658203,88.44999694824219,89.55999755859375,79.70159149169922,53893400,
2023-11-09,88.94000244140625,89.02999877929688,86.73999786376953,87.5,77.8683853149414,88975100,
2023-11-10,88.2300033569336,88.43000030517578,87.7699966430664,87.98999786376953,78.30443572998047,36516400,
2023-11-13,87.22000122070312,87.94000244140625,86.9000015258789,87.79000091552734,78.1264419555664,25661500,
2023-11-14,90.0,90.1500015258789,89.29000091552734,89.77999877929688,79.89739227294922,65666800,
2023-11-15,89.01000213623047,89.13999938964844,88.30999755859375,88.5199966430664,78.7761001586914,56205300,
2023-11-16,89.30000305175781,89.95999908447266,89.25,89.62000274658203,79.75502014160156,49473900,
2023-11-17,90.16000366210938,90.43000030517578,89.63999938964844,90.04000091552734,80.1287841796875,44091400,
2023-11-20,89.62000274658203,90.66000366210938,89.61000061035156,90.58999633789062,80.61823272705078,40477800,
2023-11-21,90.5,90.80000305175781,89.88999938964844,90.55000305175781,80.5826416015625,27721000,
2023-11-22,91.12000274658203,91.31999969482422,90.37999725341797,90.87000274658203,80.8674087524414,31197500,
2023-11-24,90.0999984741211,90.26000213623047,89.79000091552734,89.80000305175781,79.91519927978516,20199600,
2023-11-27,90.30000305175781,91.33999633789062,90.20999908447266,91.30000305175781,81.25009155273438,39804400,
2023-11-28,90.91000366210938,91.52999877929688,90.79000091552734,91.4800033569336,81.41026306152344,44989300,
2023-11-29,92.11000061035156,92.69999694824219,91.77999877929688,92.62999725341797,82.43367004394531,61647800,
2023-11-30,91.97000122070312,92.29000091552734,91.16000366210938,91.55999755859375,81.4814453125,60520900,
2023-12-01,91.30999755859375,93.05999755859375,91.12999725341797,92.98999786376953,83.01609802246094,64172200,"{""dividend_amount"": 0.289}"
2023-12-04,92.48999786376953,92.83000183105469,92.08999633789062,92.62000274658203,82.68579864501953,33766300,
2023-12-05,93.62999725341797,94.62000274658203,93.56999969482422,94.61000061035156,84.46233367919922,73588600,
2023-12-06,95.08000183105469,96.05000305175781,94.87000274658203,95.87000274658203,85.58719635009766,61606100,
2023-12-07,95.18000030517578,96.08000183105469,95.05999755859375,95.31999969482422,85.09618377685547,47970200,
2023-12-08,94.41999816894531,94.72000122070312,93.91000366210938,94.54000091552734,84.39985656738281,44809200,
2023-12-11,94.01000213623047,94.44000244140625,93.52999877929688,94.33999633789062,84.22127532958984,33909700,
2023-12-12,94.1500015258789,94.69999694824219,93.9000015258789,94.62000274658203,84.47125244140625,36996900,
2023-12-13,95.16999816894531,96.9800033569336,95.0199966430664,96.83999633789062,86.45314025878906,70828500,
2023-12-14,97.66000366210938,99.04000091552734,97.41999816894531,99.04000091552734,88.70205688476562,87798600,"{""dividend_amount"": 0.311}"
2023-12-15,98.69000244140625,99.3499984741211,98.58000183105469,99.1500015258789,88.80056762695312,59941300,
2023-12-18,98.5,98.5,98.0199966430664,98.36000061035156,88.09303283691406,34746000,
2023-12-19,98.86000061035156,99.26000213623047,98.66000366210938,98.88999938964844,88.56770324707031,30018400,
2023-12-20,99.11000061035156,99.69000244140625,98.58000183105469,99.55999755859375,89.16777038574219,51229400,
2023-12-21,99.73999786376953,99.83999633789062,98.75,98.93000030517578,88.60354614257812,65231200,
2023-12-22,99.37999725341797,99.37999725341797,98.23999786376953,98.4800033569336,88.20051574707031,29244200,
2023-12-26,98.54000091552734,98.87000274658203,98.4800033569336,98.76000213623047,88.45125579833984,24019700,
2023-12-27,99.77999877929688,100.52999877929688,99.5,100.51000213623047,90.01861572265625,45082800,
2023-12-28,100.08999633789062,100.56999969482422,99.55999755859375,99.77999877929688,89.36479949951172,36213000,
2023-12-29,99.12999725341797,99.81999969482422,98.80000305175781,98.87999725341797,88.5587387084961,41616200,
2024-01-02,98.2300033569336,98.6500015258789,98.0,98.30999755859375,88.04824829101562,47797400,
2024-01-03,97.37999725341797,98.8499984741211,97.1500015258789,98.72000122070312,88.41545104980469,58159500,
2024-01-04,97.41999816894531,97.63999938964844,97.06999969482422,97.22000122070312,87.072021484375,52604500,
2024-01-05,96.5,97.68000030517578,96.20999908447266,96.29000091552734,86.23908233642578,45894800,
2024-01-08,96.2300033569336,97.37999725341797,96.08999633789062,97.23999786376953,87.08992767333984,39485800,
2024-01-09,96.63999938964844,97.16999816894531,96.58999633789062,96.62000274658203,86.53466033935547,34374000,
2024-01-10,96.91999816894531,97.05000305175781,96.12000274658203,96.16999816894531,86.1316146850586,48227800,
2024-01-11,96.16999816894531,96.83000183105469,95.70999908447266,96.70999908447266,86.61524200439453,78858900,
2024-01-12,96.77999877929688,97.2699966430664,96.2699966430664,96.5199966430664,86.4450912475586,38883900,
2024-01-16,95.62000274658203,95.79000091552734,94.51000213623047,94.81999969482422,84.92253875732422,61716700,
2024-01-17,94.5999984741211,95.0,94.16000366210938,94.66999816894531,84.7882080078125,55506800,
2024-01-18,94.45999908447266,94.58000183105469,93.51000213623047,93.79000091552734,84.00005340576172,77339100,
2024-01-19,93.70999908447266,94.16999816894531,93.26000213623047,94.08999633789062,84.26873779296875,47030900,
2024-01-22,94.81999969482422,95.08000183105469,94.38999938964844,94.6500015258789,84.7702865600586,35756400,
2024-01-23,93.88999938964844,93.98999786376953,93.43000030517578,93.9000015258789,84.09856414794922,35786700,
2024-01-24,94.51000213623047,94.54000091552734,93.0999984741211,93.3499984741211,83.6059799194336,54574900,
2024-01-25,94.0,94.22000122070312,93.56999969482422,93.95999908447266,84.15231323242188,57019400,
2024-01-26,93.93000030517578,94.06999969482422,93.48999786376953,93.77999877929688,83.99109649658203,29276900,
2024-01-29,94.30999755859375,95.16999816894531,94.12000274658203,94.86000061035156,84.95834350585938,38243600,
2024-01-30,95.4800033569336,95.83999633789062,94.73999786376953,95.72000122070312,85.72859191894531,40151400,
2024-01-31,96.22000122070312,96.91000366210938,96.0,96.66000366210938,86.57048034667969,80646700,
2024-02-01,97.41999816894531,98.66999816894531,97.19000244140625,98.23999786376953,88.26863098144531,84291200,"{""dividend_amount"": 0.31}"
2024-02-02,96.2699966430664,96.62000274658203,95.69000244140625,96.06999969482422,86.31890106201172,63823300,
2024-02-05,94.62999725341797,94.8499984741211,94.0199966430664,94.12999725341797,84.57581329345703,53827400,
2024-02-06,94.23999786376953,95.1500015258789,94.20999908447266,95.05000305175781,85.40243530273438,33411500,
2024-02-07,94.56999969482422,95.2300033569336,94.5199966430664,94.58999633789062,84.98912048339844,40120200,
2024-02-08,94.0199966430664,94.30000305175781,93.66000366210938,94.04000091552734,84.49495697021484,50087700,
2024-02-09,93.76000213623047,94.01000213623047,93.66000366210938,93.8499984741211,84.32421875,27951300,
2024-02-12,93.9000015258789,94.13999938964844,93.5,93.95999908447266,84.42306518554688,27890300,
2024-02-13,92.86000061035156,93.05999755859375,92.33000183105469,92.3499984741211,82.9764633178711,49768500,
2024-02-14,92.30000305175781,93.05000305175781,92.2300033569336,92.81999969482422,83.39877319335938,44191600,
2024-02-15,93.55999755859375,93.72000122070312,93.0,93.30000305175781,83.83006286621094,49598500,
2024-02-16,92.4800033569336,92.8499984741211,92.33999633789062,92.76000213623047,83.34486389160156,33116800,
2024-02-20,92.79000091552734,93.19000244140625,92.72000122070312,92.83999633789062,83.41673278808594,24469300,
2024-02-21,92.83000183105469,92.9000015258789,92.01000213623047,92.18000030517578,82.82374572753906,36343100,
2024-02-22,92.33000183105469,92.76000213623047,92.2699966430664,92.62999725341797,83.22804260253906,45190700,
2024-02-23,92.75,94.0,92.75,93.87000274658203,84.3421859741211,38406700,
2024-02-26,94.0,94.02999877929688,93.19000244140625,93.58999633789062,84.09062194824219,27855000,
2024-02-27,93.23999786376953,93.47000122070312,92.8499984741211,92.93000030517578,83.49762725830078,30242000,
2024-02-28,93.08000183105469,93.5999984741211,92.9000015258789,93.5199966430664,84.0277328491211,34574200,
2024-02-29,93.81999969482422,94.30000305175781,93.77999877929688,94.18000030517578,84.62073516845703,51038600,
2024-03-01,93.44000244140625,94.51000213623047,93.01000213623047,94.47000122070312,85.14801788330078,45832800,"{""dividend_amount"": 0.295}"
2024-03-04,93.69999694824219,94.16000366210938,93.68000030517578,94.08999633789062,84.8055191040039,23864200,
2024-03-05,95.2300033569336,95.68000030517578,94.97000122070312,95.43000030517578,86.01329040527344,37721900,
2024-03-06,95.48999786376953,96.16999816894531,95.41000366210938,95.98999786376953,86.51803588867188,40571600,
2024-03-07,96.36000061035156,96.4000015258789,95.4800033569336,95.9000015258789,86.43688201904297,39075000,
2024-03-08,95.80000305175781,96.05000305175781,95.4800033569336,95.7300033569336,86.28365325927734,25023200,
2024-03-11,95.95999908447266,96.01000213623047,95.37000274658203,95.68000030517578,86.23861694335938,17787900,
2024-03-12,95.04000091552734,95.20999908447266,94.69000244140625,94.87999725341797,85.5175552368164,29566000,
2024-03-13,94.5,94.73999786376953,94.20999908447266,94.41999816894531,85.10293579101562,38270100,
2024-03-14,93.7300033569336,93.75,92.86000061035156,92.97000122070312,83.79602813720703,58365600,
2024-03-15,93.05999755859375,93.19000244140625,92.79000091552734,92.94000244140625,83.76898193359375,34997700,
2024-03-18,92.7300033569336,92.98999786376953,92.5,92.66000366210938,83.51661682128906,29519500,
2024-03-19,92.8499984741211,93.2699966430664,92.69000244140625,92.91999816894531,83.75093841552734,26953100,
2024-03-20,93.0999984741211,93.79000091552734,92.29000091552734,92.88999938964844,83.7238998413086,43460100,
2024-03-21,93.2699966430664,93.43000030517578,92.7300033569336,93.08999633789062,83.90418243408203,34276600,
2024-03-22,94.19000244140625,94.20999908447266,93.77999877929688,93.9800033569336,84.70637512207031,30262300,
2024-03-25,93.70999908447266,93.75,93.30000305175781,93.51000213623047,84.2827377319336,24011800,
2024-03-26,93.51000213623047,93.87000274658203,93.27999877929688,93.7699966430664,84.51708221435547,34423000,
2024-03-27,93.98999786376953,94.69999694824219,93.94000244140625,94.69999694824219,85.3553237915039,50157800,
2024-03-28,94.48999786376953,95.0199966430664,94.31999969482422,94.62000274658203,85.283203125,34540400,
2024-04-01,93.29000091552734,93.30000305175781,92.45999908447266,92.55000305175781,83.69344329833984,48945400,"{""dividend_amount"": 0.312}"
2024-04-02,91.56999969482422,92.19999694824219,91.33999633789062,92.04000091552734,83.23224639892578,43086300,
2024-04-03,91.26000213623047,92.05000305175781,91.05000305175781,92.0199966430664,83.21415710449219,45494400,
2024-04-04,92.62999725341797,92.76000213623047,92.04000091552734,92.68000030517578,83.81098937988281,47957400,
2024-04-05,91.69000244140625,92.18000030517578,91.37999725341797,91.38999938964844,82.64442443847656,42495900,
2024-04-08,91.2300033569336,91.58999633789062,91.12999725341797,91.37999725341797,82.63539123535156,37879800,
2024-04-09,91.87000274658203,92.36000061035156,91.83999633789062,92.2300033569336,83.40406036376953,32522000,
2024-04-10,91.19999694824219,91.30000305175781,90.05000305175781,90.22000122070312,81.58641052246094,74368900,
2024-04-11,90.37999725341797,90.44000244140625,89.51000213623047,89.80999755859375,81.21562957763672,65751200,
2024-04-12,90.63999938964844,90.94999694824219,90.27999877929688,90.29000091552734,81.64969635009766,47900100,
2024-04-15,89.22000122070312,89.26000213623047,88.5199966430664,88.88999938964844,80.3836669921875,55993100,
2024-04-16,88.05000305175781,88.58000183105469,87.79000091552734,88.30000305175781,79.85013580322266,45103200,
2024-04-17,88.87000274658203,89.37999725341797,88.45999908447266,89.27999877929688,80.73636627197266,57947000,
2024-04-18,89.23999786376953,89.2699966430664,88.58999633789062,88.83000183105469,80.32942199707031,43839500,
2024-04-19,89.38999938964844,89.38999938964844,88.91000366210938,89.1500015258789,80.6187973022461,44826800,
2024-04-22,88.68000030517578,89.12000274658203,88.6500015258789,89.0,80.483154296875,24969000,
2024-04-23,88.7300033569336,89.54000091552734,88.55000305175781,89.02999877929688,80.5102767944336,27222700,
2024-04-24,88.55999755859375,88.62999725341797,87.5,88.4000015258789,79.94058227539062,48986800,
2024-04-25,87.45999908447266,87.9000015258789,87.33999633789062,87.77999877929688,79.37991333007812,49282600,
2024-04-26,88.25,88.61000061035156,88.05000305175781,88.23999786376953,79.79588317871094,31589800,
2024-04-29,88.66000366210938,89.0199966430664,88.4800033569336,88.9800033569336,80.46507263183594,39228600,
2024-04-30,88.41999816894531,88.7300033569336,88.0999984741211,88.22000122070312,79.77780151367188,41054700,
2024-05-01,88.5999984741211,89.20999908447266,88.23999786376953,88.55999755859375,80.3658447265625,59679500,"{""dividend_amount"": 0.308}"
2024-05-02,88.20999908447266,89.01000213623047,88.02999877929688,88.94000244140625,80.710693359375,58925400,
2024-05-03,89.93000030517578,90.12000274658203,89.2699966430664,89.83999633789062,81.52738952636719,50066100,
2024-05-06,89.87000274658203,90.25,89.66999816894531,90.19000244140625,81.84500885009766,23868200,
2024-05-07,90.9000015258789,91.23999786376953,90.61000061035156,90.73999786376953,82.3441162109375,30525800,
2024-05-08,90.30999755859375,90.45999908447266,90.16000366210938,90.19000244140625,81.84500885009766,31171700,
2024-05-09,89.87000274658203,90.7699966430664,89.81999969482422,90.62999725341797,82.24430084228516,39606700,
2024-05-10,90.27999877929688,90.37999725341797,89.95999908447266,90.12000274658203,81.781494140625,21913800,
2024-05-13,90.55000305175781,90.61000061035156,90.30999755859375,90.3499984741211,81.990234375,23157500,
2024-05-14,90.6500015258789,90.91999816894531,90.41999816894531,90.86000061035156,82.45304870605469,25746400,
2024-05-15,91.87000274658203,92.26000213623047,91.62999725341797,92.0999984741211,83.57830047607422,65142900,
2024-05-16,92.38999938964844,92.41999816894531,91.94000244140625,92.01000213623047,83.49663543701172,37902400,
2024-05-17,91.63999938964844,91.80000305175781,91.33999633789062,91.38999938964844,82.93399047851562,24755000,
2024-05-20,91.08000183105469,91.31999969482422,91.01000213623047,91.12000274658203,82.68894958496094,17922800,
2024-05-21,91.7300033569336,91.7699966430664,91.43000030517578,91.58999633789062,83.11549377441406,15334400,
2024-05-22,91.2699966430664,91.77999877929688,91.26000213623047,91.69999694824219,83.2153091430664,38073700,
2024-05-23,91.80000305175781,91.80000305175781,90.81999969482422,91.11000061035156,82.67989349365234,51294700,
2024-05-24,90.97000122070312,91.47000122070312,90.9000015258789,91.37999725341797,82.9249038696289,19164400,
2024-05-28,91.33000183105469,91.36000061035156,90.02999877929688,90.06999969482422,81.73611450195312,45973700,
2024-05-29,89.33999633789062,89.4000015258789,88.68000030517578,88.9800033569336,80.74697875976562,45508400,
2024-05-30,89.5999984741211,89.97000122070312,89.44000244140625,89.83999633789062,81.52738952636719,29548600,
2024-05-31,90.4800033569336,90.66000366210938,90.25,90.44999694824219,82.0809555053711,41308800,
2024-06-03,90.63999938964844,91.66999816894531,90.61000061035156,91.5999984741211,83.40858459472656,42272100,"{""dividend_amount"": 0.308}"
2024-06-04,92.19999694824219,92.80000305175781,91.98999786376953,92.66999816894531,84.38292694091797,42581500,
2024-06-05,93.0,93.3499984741211,92.38999938964844,93.3499984741211,85.00206756591797,43153900,
2024-06-06,92.91999816894531,93.43000030517578,92.86000061035156,93.20999908447266,84.87460327148438,22891900,
2024-06-07,91.83000183105469,91.83000183105469,91.4000015258789,91.5,83.31751251220703,35240500,
2024-06-10,91.0,91.05999755859375,90.6500015258789,90.88999938964844,82.76209259033203,20586500,
2024-06-11,91.02999877929688,91.87000274658203,90.91999816894531,91.83000183105469,83.61799621582031,30329200,
2024-06-12,93.0199966430664,93.56999969482422,92.48999786376953,92.5199966430664,84.24630737304688,42554600,
2024-06-13,93.22000122070312,93.98999786376953,92.94999694824219,93.87999725341797,85.48468780517578,33093800,
2024-06-14,94.41999816894531,94.83999633789062,94.23999786376953,94.66999816894531,86.20405578613281,28776700,
2024-06-17,93.5199966430664,93.80999755859375,93.27999877929688,93.7300033569336,85.3481216430664,31040200,
2024-06-18,93.88999938964844,94.5999984741211,93.7300033569336,94.58999633789062,86.1312026977539,26881000,
2024-06-20,93.41000366210938,94.0,93.33999633789062,93.95999908447266,85.55754089355469,30246300,
2024-06-21,94.23999786376953,94.4800033569336,93.58999633789062,93.95999908447266,85.55754089355469,22596400,
2024-06-24,94.05000305175781,94.33999633789062,93.73999786376953,94.33999633789062,85.90355682373047,56939100,
2024-06-25,94.06999969482422,94.55000305175781,94.04000091552734,94.5,86.04923248291016,22890200,
2024-06-26,93.27999877929688,93.47000122070312,93.11000061035156,93.1500015258789,84.81997680664062,38489100,
2024-06-27,93.5199966430664,93.70999908447266,93.41999816894531,93.5199966430664,85.1568832397461,23140800,
2024-06-28,93.7300033569336,93.7699966430664,91.77999877929688,91.77999877929688,83.57247161865234,55119600,
2024-07-01,90.41999816894531,91.08000183105469,89.81999969482422,89.91000366210938,82.13011932373047,49735400,"{""dividend_amount"": 0.291}"
2024-07-02,90.68000030517578,90.80999755859375,90.08000183105469,90.61000061035156,82.76953125,34204700,
2024-07-03,91.16999816894531,91.88999938964844,91.08999633789062,91.80000305175781,83.85657501220703,35563300,
2024-07-05,92.2699966430664,92.7300033569336,91.9000015258789,92.55999755859375,84.55081176757812,34895500,
2024-07-08,92.54000091552734,92.8499984741211,92.22000122070312,92.76000213623047,84.7334976196289,16095700,
2024-07-09,92.47000122070312,92.68000030517578,91.87000274658203,92.3499984741211,84.35897827148438,30289800,
2024-07-10,92.44999694824219,92.68000030517578,92.26000213623047,92.63999938964844,84.6238784790039,23572500,
2024-07-11,93.68000030517578,94.13999938964844,93.47000122070312,93.54000091552734,85.44600677490234,49761800,
2024-07-12,93.52999877929688,93.94000244140625,93.33999633789062,93.94000244140625,85.81138610839844,27796500,
2024-07-15,93.0,93.30000305175781,92.77999877929688,92.86000061035156,84.82484436035156,37918900,
2024-07-16,93.52999877929688,94.20999908447266,93.38999938964844,94.16999816894531,86.02151489257812,36383700,
2024-07-17,93.91999816894531,94.4000015258789,93.69000244140625,94.19000244140625,86.03977966308594,29036800,
2024-07-18,93.68000030517578,94.13999938964844,93.37999725341797,93.47000122070312,85.38206481933594,34553100,
2024-07-19,93.04000091552734,93.16000366210938,92.81999969482422,92.91999816894531,84.87964630126953,32164700,
2024-07-22,93.4000015258789,93.5199966430664,92.30000305175781,92.6500015258789,84.6330337524414,36160400,
2024-07-23,92.80999755859375,93.02999877929688,92.48999786376953,92.5199966430664,84.5142593383789,23498000,
2024-07-24,92.58999633789062,92.8499984741211,91.47000122070312,91.5199966430664,83.60079193115234,50757100,
2024-07-25,92.02999877929688,92.86000061035156,91.95999908447266,92.2699966430664,84.28589630126953,44999100,
2024-07-26,92.94999694824219,93.1500015258789,92.70999908447266,92.98999786376953,84.94361114501953,34423800,
2024-07-29,93.66999816894531,93.69000244140625,93.22000122070312,93.48999786376953,85.40033721923828,25801300,
2024-07-30,93.75,94.05000305175781,93.30000305175781,93.8499984741211,85.72917938232422,28169800,
2024-07-31,94.52999877929688,94.83999633789062,94.23999786376953,94.80999755859375,86.6061019897461,47445300,
2024-08-01,95.13999938964844,95.91000366210938,95.12000274658203,95.30999755859375,87.35306549072266,77254200,"{""dividend_amount"": 0.315}"
2024-08-02,97.0,98.37000274658203,96.88999938964844,98.27999877929688,90.07512664794922,91912900,
2024-08-05,99.69000244140625,99.94000244140625,97.9000015258789,98.80000305175781,90.55171966552734,90686300,
2024-08-06,98.1500015258789,98.41000366210938,96.58999633789062,96.58999633789062,88.52620697021484,61316900,
2024-08-07,95.94999694824219,96.44999694824219,95.5,95.91000366210938,87.90299987792969,51337100,
2024-08-08,95.12000274658203,95.4000015258789,94.83999633789062,95.31999969482422,87.36224365234375,37815800,
2024-08-09,96.51000213623047,96.54000091552734,96.08999633789062,96.26000213623047,88.22377014160156,32141800,
2024-08-12,96.02999877929688,96.81999969482422,95.87999725341797,96.61000061035156,88.5445556640625,24261400,
2024-08-13,97.30000305175781,97.36000061035156,96.9800033569336,97.27999877929688,89.15860748291016,30366900,
2024-08-14,97.55000305175781,98.16000366210938,97.51000213623047,97.88999938964844,89.71768188476562,31334100,
2024-08-15,96.41000366210938,97.0999984741211,96.20999908447266,97.0999984741211,88.99365234375,38723700,
2024-08-16,97.44000244140625,97.54000091552734,97.01000213623047,97.44000244140625,89.30525207519531,28541000,
2024-08-19,97.41999816894531,98.16000366210938,97.41000366210938,97.88999938964844,89.71768188476562,25322100,
2024-08-20,98.31999969482422,98.86000061035156,98.12000274658203,98.66999816894531,90.43256378173828,25239300,
2024-08-21,98.66999816894531,99.19999694824219,98.20999908447266,98.7300033569336,90.48756408691406,29230000,
2024-08-22,98.2300033569336,98.30000305175781,97.43000030517578,97.75,89.58937072753906,33453800,
2024-08-23,98.19000244140625,98.66999816894531,97.95999908447266,98.38999938964844,90.1759262084961,32005100,
2024-08-26,98.69000244140625,98.69999694824219,98.08000183105469,98.13999938964844,89.94682312011719,23198700,
2024-08-27,97.48999786376953,98.08000183105469,97.41000366210938,97.97000122070312,89.79102325439453,21507700,
2024-08-28,98.01000213623047,98.19999694824219,97.7300033569336,97.8499984741211,89.68101501464844,18501400,
2024-08-29,97.37000274658203,97.63999938964844,97.12999725341797,97.52999877929688,89.38774871826172,24988200,
2024-08-30,97.68000030517578,97.98999786376953,96.47000122070312,96.48999786376953,88.4345703125,42896200,
2024-09-03,97.55999755859375,98.05999755859375,97.41999816894531,97.75,89.88092803955078,48947900,"{""dividend_amount"": 0.313}"
2024-09-04,97.87999725341797,99.02999877929688,97.80999755859375,99.01000213623047,91.03950500488281,40885200,
2024-09-05,99.33999633789062,99.68000030517578,98.77999877929688,99.56999969482422,91.5544204711914,47450900,
2024-09-06,99.55000305175781,100.77999877929688,99.19000244140625,99.55999755859375,91.54521179199219,57406400,
2024-09-09,99.4000015258789,100.0999984741211,99.16000366210938,99.98999786376953,91.94058990478516,26961400,
2024-09-10,99.87000274658203,100.91000366210938,99.81999969482422,100.69000244140625,92.58427429199219,31703400,
2024-09-11,100.48999786376953,101.23999786376953,100.3499984741211,100.61000061035156,92.51071166992188,39497100,
2024-09-12,100.36000061035156,100.55000305175781,99.69000244140625,100.13999938964844,92.07852935791016,41618700,
2024-09-13,100.45999908447266,100.61000061035156,100.0199966430664,100.41000366210938,92.32679748535156,25722100,
2024-09-16,100.62999725341797,101.37000274658203,100.41000366210938,101.33000183105469,93.1727523803711,30866300,
2024-09-17,101.47000122070312,101.63999938964844,100.73999786376953,100.83999633789062,92.72217559814453,31699400,
2024-09-18,100.23999786376953,100.7300033569336,99.54000091552734,99.58999633789062,91.57280731201172,48897000,
2024-09-19,98.91999816894531,99.30999755859375,98.7699966430664,99.26000213623047,91.26939392089844,39979800,
2024-09-20,98.98999786376953,99.25,98.72000122070312,98.87999725341797,90.91997528076172,37067600,
2024-09-23,98.5,99.08999633789062,98.0199966430664,98.66999816894531,90.72686767578125,35703900,
2024-09-24,98.0,98.88999938964844,97.8499984741211,98.6500015258789,90.70848083496094,31005400,
2024-09-25,98.26000213623047,98.31999969482422,97.79000091552734,97.83000183105469,89.95449829101562,36738200,
2024-09-26,98.06999969482422,98.25,97.41999816894531,98.05999755859375,90.16598510742188,33332300,
2024-09-27,98.54000091552734,98.76000213623047,98.20999908447266,98.56999969482422,90.63491821289062,28317600,
2024-09-30,98.63999938964844,98.70999908447266,97.87999725341797,98.0999984741211,90.2027587890625,34175500,
2024-10-01,98.80000305175781,99.33000183105469,98.38999938964844,98.48999786376953,90.8540267944336,45254200,"{""dividend_amount"": 0.316}"
2024-10-02,97.36000061035156,97.7300033569336,97.05999755859375,97.66000366210938,90.08837890625,35810800,
2024-10-03,97.33999633789062,97.51000213623047,96.73999786376953,96.73999786376953,89.23970031738281,39677800,
2024-10-04,95.44000244140625,95.95999908447266,95.4000015258789,95.55000305175781,88.14197540283203,56954100,
2024-10-07,94.9800033569336,95.2699966430664,94.76000213623047,94.83000183105469,87.47779083251953,42606600,
2024-10-08,94.38999938964844,95.02999877929688,94.33999633789062,94.98999786376953,87.6253662109375,33709600,
2024-10-09,94.66999816894531,94.91000366210938,94.2300033569336,94.44999694824219,87.12724304199219,35807700,
2024-10-10,93.87999725341797,94.08999633789062,93.41000366210938,94.08000183105469,86.78593444824219,53667400,
2024-10-11,93.4800033569336,94.06999969482422,93.41999816894531,93.69999694824219,86.43537902832031,27406400,
2024-10-14,93.04000091552734,93.77999877929688,92.9800033569336,93.7699966430664,86.49996948242188,28795300,
2024-10-15,94.45999908447266,95.0,94.37000274658203,94.91000366210938,87.55157470703125,46429100,
2024-10-16,95.38999938964844,95.62000274658203,95.13999938964844,95.30999755859375,87.92054748535156,32281500,
2024-10-17,94.29000091552734,94.44000244140625,93.66999816894531,93.80000305175781,86.52763366699219,43427200,
2024-10-18,94.05000305175781,94.27999877929688,93.86000061035156,93.87000274658203,86.59220886230469,25258600,
2024-10-21,93.0199966430664,93.08999633789062,92.2300033569336,92.2300033569336,85.0793685913086,49504700,
2024-10-22,92.6500015258789,92.76000213623047,92.08999633789062,92.31999969482422,85.16239166259766,32096900,
2024-10-23,91.83999633789062,92.37000274658203,91.66000366210938,92.06999969482422,84.93174743652344,33354200,
2024-10-24,92.2300033569336,93.0,91.95999908447266,92.66000366210938,85.47604370117188,32507400,
2024-10-25,92.98999786376953,93.04000091552734,92.0199966430664,92.13999938964844,84.99634552001953,28667100,
2024-10-28,92.2699966430664,92.29000091552734,91.41999816894531,91.88999938964844,84.76573181152344,33156500,
2024-10-29,91.16999816894531,92.05999755859375,90.9800033569336,92.02999877929688,84.89485168457031,46545200,
2024-10-30,92.83999633789062,93.29000091552734,92.16000366210938,92.30000305175781,85.1439437866211,41951100,
2024-10-31,92.19999694824219,92.94000244140625,91.87000274658203,92.44999694824219,85.28229522705078,52173800,
2024-11-01,92.26000213623047,92.5199966430664,90.80000305175781,90.83999633789062,84.0799789428711,80402000,"{""dividend_amount"": 0.311}"
2024-11-04,92.27999877929688,92.56999969482422,91.62999725341797,92.25,85.38504791259766,49747600,
2024-11-05,92.02999877929688,92.9000015258789,91.5999984741211,92.73999786376953,85.83856964111328,46986000,
2024-11-06,89.63999938964844,90.72000122070312,89.55000305175781,90.19999694824219,83.48760223388672,98895700,
2024-11-07,90.75,91.62000274658203,90.6500015258789,91.33000183105469,84.53351593017578,56221400,
2024-11-08,92.0,92.5999984741211,91.83999633789062,92.48999786376953,85.607177734375,56756200,
2024-11-11,92.25,92.30000305175781,91.62000274658203,92.04000091552734,85.190673828125,22369200,
2024-11-12,91.37000274658203,91.8499984741211,90.51000213623047,90.66000366210938,83.91336822509766,57908400,
2024-11-13,91.5199966430664,91.54000091552734,89.72000122070312,89.80000305175781,83.11738586425781,49009100,
2024-11-14,90.55999755859375,91.02999877929688,90.2699966430664,90.31999969482422,83.59867858886719,53328300,
2024-11-15,89.91999816894531,90.6500015258789,89.51000213623047,90.08000183105469,83.37653350830078,73722400,
2024-11-18,89.66000366210938,90.58999633789062,89.41999816894531,90.23999786376953,83.52459716796875,36010600,
2024-11-19,90.81999969482422,91.06999969482422,90.62000274658203,90.69999694824219,83.95038604736328,29585100,
2024-11-20,90.1500015258789,90.83000183105469,90.11000061035156,90.41000366210938,83.68197631835938,27755400,
2024-11-21,90.44999694824219,90.8499984741211,90.0,90.33999633789062,83.61715698242188,28365700,
2024-11-22,90.51000213623047,90.69999694824219,90.1500015258789,90.38999938964844,83.66345977783203,21547500,
2024-11-25,92.19999694824219,92.77999877929688,91.98999786376953,92.7300033569336,85.8293228149414,56858000,
2024-11-26,92.16000366210938,92.44000244140625,91.80999755859375,92.37000274658203,85.49610900878906,31122200,
2024-11-27,93.04000091552734,93.37999725341797,92.66999816894531,93.01000213623047,86.08849334716797,39442200,
2024-11-29,93.77999877929688,93.98999786376953,93.44000244140625,93.97000122070312,86.97704315185547,31905700,
2024-12-02,93.2699966430664,94.1500015258789,93.0,93.87000274658203,87.18602752685547,39406000,"{""dividend_amount"": 0.325}"
2024-12-03,93.93000030517578,94.02999877929688,92.98999786376953,93.05999755859375,86.43370819091797,32768900,
2024-12-04,92.61000061035156,94.19000244140625,92.54000091552734,94.05999755859375,87.36249542236328,35851100,
2024-12-05,93.72000122070312,94.38999938964844,93.66000366210938,94.25,87.53897857666016,23695800,
2024-12-06,94.72000122070312,94.8499984741211,94.0199966430664,94.38999938964844,87.66899871826172,31761500,
2024-12-09,93.98999786376953,94.04000091552734,93.47000122070312,93.5199966430664,86.86095428466797,30509600,
2024-12-10,93.0199966430664,93.30000305175781,92.91000366210938,93.08000183105469,86.4522705078125,28706500,
2024-12-11,93.06999969482422,93.29000091552734,92.11000061035156,92.19999694824219,85.63494110107422,38748400,
2024-12-12,91.63999938964844,91.75,91.0,91.08000183105469,84.59468841552734,45368400,
2024-12-13,90.80000305175781,90.8499984741211,90.08000183105469,90.1500015258789,83.73091125488281,39486000,
2024-12-16,90.55000305175781,90.62000274658203,90.05000305175781,90.41999816894531,83.981689453125,23482300,
2024-12-17,90.5199966430664,90.98999786376953,90.45999908447266,90.63999938964844,84.18601989746094,23839900,
2024-12-18,89.97000122070312,90.37000274658203,89.13999938964844,89.16000366210938,83.13333892822266,61328400,"{""dividend_amount"": 0.351}"
2024-12-19,88.06999969482422,88.38999938964844,87.51000213623047,87.80999755859375,81.87458038330078,99083300,
2024-12-20,88.52999877929688,88.91000366210938,88.29000091552734,88.30999755859375,82.34078979492188,45542400,
2024-12-23,88.16000366210938,88.2300033569336,87.44000244140625,87.5,81.58553314208984,32764600,
2024-12-24,87.04000091552734,87.88999938964844,86.9800033569336,87.87000274658203,81.9305191040039,22377600,
2024-12-26,87.20999908447266,87.95999908447266,87.19999694824219,87.81999969482422,81.8839340209961,19981800,
2024-12-27,87.4800033569336,87.77999877929688,87.05999755859375,87.0999984741211,81.21257781982422,27262300,
2024-12-30,87.83000183105469,88.04000091552734,87.66999816894531,87.80000305175781,81.86524963378906,48519600,
2024-12-31,88.12999725341797,88.27999877929688,87.26000213623047,87.33000183105469,81.42703247070312,31917300,
2025-01-02,87.80000305175781,88.12000274658203,87.20999908447266,87.56999969482422,81.65082550048828,27841300,
2025-01-03,87.72000122070312,87.87999725341797,87.18000030517578,87.29000091552734,81.38971710205078,21962200,
2025-01-06,87.05000305175781,87.2300033569336,86.66999816894531,86.9000015258789,81.0261001586914,30231500,
2025-01-07,86.5999984741211,86.7699966430664,85.79000091552734,85.91999816894531,80.11231994628906,41757200,
2025-01-08,85.47000122070312,86.19999694824219,85.33999633789062,86.02999877929688,80.21491241455078,44590800,
2025-01-10,85.27999877929688,85.8499984741211,85.16000366210938,85.45999908447266,79.68343353271484,47115800,
2025-01-13,85.52999877929688,85.66000366210938,85.04000091552734,85.43000030517578,79.65544891357422,33258900,
2025-01-14,85.2300033569336,85.36000061035156,84.88999938964844,85.29000091552734,79.5249252319336,33412900,
2025-01-15,86.69999694824219,86.9800033569336,86.4000015258789,86.76000213623047,80.89554595947266,54120700,
2025-01-16,86.63999938964844,87.4000015258789,86.27999877929688,87.04000091552734,81.15663146972656,34651100,
2025-01-17,87.43000030517578,87.4800033569336,87.04000091552734,87.19000244140625,81.29650115966797,29875600,
2025-01-21,87.88999938964844,88.16999816894531,87.62999725341797,87.97000122070312,82.0237808227539,30548600,
2025-01-22,87.87000274658203,87.9800033569336,87.31999969482422,87.51000213623047,81.59487915039062,25278400,
2025-01-23,86.63999938964844,86.98999786376953,86.52999877929688,86.83000183105469,80.96084594726562,31949000,
2025-01-24,86.72000122070312,87.27999877929688,86.5999984741211,87.22000122070312,81.32447814941406,21110400,
2025-01-27,88.16000366210938,88.43000030517578,87.8499984741211,88.25,82.28482818603516,42864200,
2025-01-28,87.83999633789062,88.19999694824219,87.66000366210938,88.19000244140625,82.22891235351562,25519100,
2025-01-29,88.43000030517578,88.62000274658203,87.62999725341797,88.01000213623047,82.06107330322266,25342800,
2025-01-30,88.41000366210938,88.70999908447266,88.16999816894531,88.33999633789062,82.3687744140625,25094900,
2025-01-31,88.37999725341797,88.66000366210938,87.43000030517578,87.76000213623047,81.8279800415039,48790100,
2025-02-03,88.58000183105469,89.0999984741211,87.80000305175781,88.16000366210938,82.49420928955078,70657200,"{""dividend_amount"": 0.312}"
2025-02-04,87.55000305175781,88.44999694824219,87.4800033569336,88.43000030517578,82.7468490600586,33414000,
2025-02-05,89.44999694824219,90.18000030517578,89.38999938964844,89.88999938964844,84.113037109375,48331200,
2025-02-06,89.86000061035156,90.1500015258789,89.55000305175781,89.8499984741211,84.07560729980469,22509900,
2025-02-07,89.23999786376953,89.44999694824219,88.94000244140625,89.2699966430664,83.53286743164062,31171200,
2025-02-10,89.26000213623047,89.52999877929688,88.8499984741211,89.0,83.28022003173828,22736100,
2025-02-11,88.52999877929688,88.68000030517578,88.37999725341797,88.43000030517578,82.7468490600586,21513000,
2025-02-12,87.29000091552734,87.5999984741211,86.86000061035156,87.2300033569336,81.62397766113281,48536200,
2025-02-13,88.08999633789062,88.88999938964844,88.06999969482422,88.68000030517578,82.98079681396484,42718100,
2025-02-14,89.37999725341797,89.68000030517578,89.12000274658203,89.1500015258789,83.42058563232422,27460700,
2025-02-18,88.54000091552734,88.83999633789062,88.04000091552734,88.0999984741211,82.43805694580078,29429200,
2025-02-19,87.94999694824219,88.44999694824219,87.88999938964844,88.20999908447266,82.5409927368164,20584300,
2025-02-20,88.44999694824219,88.76000213623047,88.44999694824219,88.54000091552734,82.84977722167969,27913400,
2025-02-21,88.87000274658203,89.93000030517578,88.81999969482422,89.61000061035156,83.85101318359375,46912300,
2025-02-24,89.33000183105469,90.05999755859375,89.26000213623047,89.87000274658203,84.09430694580078,26218000,
2025-02-25,90.97000122070312,91.5,90.80000305175781,91.41999816894531,85.5447006225586,50125100,
2025-02-26,91.41999816894531,92.05999755859375,91.19999694824219,91.95999908447266,86.04998779296875,32220200,
2025-02-27,91.30999755859375,91.79000091552734,91.13999938964844,91.30999755859375,85.44175720214844,53373600,
2025-02-28,91.8499984741211,92.4800033569336,91.47000122070312,92.43000030517578,86.48977661132812,49388600,
2025-03-03,91.41000366210938,92.70999908447266,91.37000274658203,92.56999969482422,86.89341735839844,42904200,"{""dividend_amount"": 0.29}"
2025-03-04,92.44000244140625,92.79000091552734,91.2699966430664,91.43000030517578,85.82333374023438,56722000,
2025-03-05,91.55999755859375,91.80000305175781,90.61000061035156,90.69999694824219,85.13807678222656,50215900,
2025-03-06,90.4800033569336,90.80000305175781,89.7300033569336,90.4000015258789,84.85649108886719,42827500,
2025-03-07,91.13999938964844,91.16000366210938,89.98999786376953,90.11000061035156,84.58428192138672,36903600,
2025-03-10,91.08000183105469,91.62999725341797,90.91000366210938,91.05000305175781,85.46664428710938,41440800,
2025-03-11,90.97000122070312,91.48999786376953,90.13999938964844,90.4000015258789,84.85649108886719,40555700,
2025-03-12,90.0,90.37999725341797,89.77999877929688,89.86000061035156,84.34961700439453,32734600,
2025-03-13,89.58000183105469,90.70999908447266,89.37999725341797,90.6500015258789,85.09115600585938,38675400,
2025-03-14,90.01000213623047,90.41000366210938,89.86000061035156,90.16999816894531,84.6406021118164,24658000,
2025-03-17,90.80000305175781,91.18000030517578,90.37999725341797,90.62000274658203,85.06298828125,26700300,
2025-03-18,90.13999938964844,91.0199966430664,90.12000274658203,90.70999908447266,85.1474838256836,23654700,
2025-03-19,90.68000030517578,91.22000122070312,90.37999725341797,91.18000030517578,85.58866119384766,31378700,
2025-03-20,92.19999694824219,92.23999786376953,91.16000366210938,91.23999786376953,85.64496612548828,35645800,
2025-03-21,91.33000183105469,91.44000244140625,90.62000274658203,90.69999694824219,85.13807678222656,29192100,
2025-03-24,90.19999694824219,90.26000213623047,89.69999694824219,89.7699966430664,84.26512908935547,27985600,
2025-03-25,89.56999969482422,90.08000183105469,89.51000213623047,89.76000213623047,84.25572967529297,22333800,
2025-03-26,89.38999938964844,89.5999984741211,89.08999633789062,89.16999816894531,83.70191192626953,25095600,
2025-03-27,88.8499984741211,89.02999877929688,88.62999725341797,88.91000366210938,83.45787811279297,23674500,
2025-03-28,89.87999725341797,90.33999633789062,89.80999755859375,90.13999938964844,84.6124267578125,39869400,
2025-03-31,91.2300033569336,91.33999633789062,90.36000061035156,91.02999877929688,85.4478530883789,38824300,
2025-04-01,91.25,91.91000366210938,91.20999908447266,91.48999786376953,86.18830871582031,39800100,"{""dividend_amount"": 0.326}"
2025-04-02,92.37000274658203,92.37000274658203,90.66000366210938,91.43000030517578,86.13179016113281,43488400,
2025-04-03,92.5199966430664,92.7300033569336,91.83999633789062,91.8499984741211,86.52742767333984,57467400,
2025-04-04,93.6500015258789,94.08999633789062,92.81999969482422,92.8499984741211,87.46949005126953,92794200,
2025-04-07,91.87999725341797,92.19000244140625,89.80000305175781,90.05000305175781,84.83175659179688,124987600,
2025-04-08,89.27999877929688,90.19999694824219,88.22000122070312,88.3499984741211,83.23026275634766,73861900,
2025-04-09,87.2699966430664,88.91000366210938,85.88999938964844,88.87000274658203,83.72013092041016,131353500,
2025-04-10,87.73999786376953,88.18000030517578,86.3499984741211,86.41999816894531,81.41209411621094,78592000,
2025-04-11,85.87000274658203,87.30000305175781,85.0,86.88999938964844,81.85487365722656,94814100,
2025-04-14,87.4000015258789,87.70999908447266,86.81999969482422,87.51000213623047,82.4389419555664,37596400,
2025-04-15,87.1500015258789,88.19000244140625,87.04000091552734,87.81999969482422,82.73098754882812,22553900,
2025-04-16,87.80000305175781,88.5,87.47000122070312,88.30999755859375,83.19257354736328,35607300,
2025-04-17,88.04000091552734,88.19999694824219,87.2300033569336,87.52999877929688,82.4577865600586,31758400,
2025-04-21,86.5999984741211,87.06999969482422,85.9800033569336,86.0,81.01643371582031,39343200,
2025-04-22,86.81999969482422,87.0199966430664,86.4000015258789,86.4800033569336,81.46863555908203,32552100,
2025-04-23,88.87999725341797,89.05999755859375,87.16999816894531,87.31999969482422,82.25996398925781,44082200,
2025-04-24,88.02999877929688,88.3499984741211,87.76000213623047,88.23999786376953,83.12663269042969,24190800,
2025-04-25,88.9000015258789,89.11000061035156,88.5999984741211,88.88999938964844,83.73897552490234,22513900,
2025-04-28,88.66000366210938,89.52999877929688,88.61000061035156,89.44999694824219,84.26651000976562,20130500,
2025-04-29,89.31999969482422,90.20999908447266,89.30000305175781,90.19999694824219,84.97306060791016,22129500,
2025-04-30,89.77999877929688,90.05000305175781,89.33000183105469,89.47000122070312,84.28536224365234,42630600,
2025-05-01,89.26000213623047,89.27999877929688,88.30000305175781,88.69000244140625,83.8580093383789,29932800,"{""dividend_amount"": 0.328}"
2025-05-02,87.70999908447266,88.06999969482422,87.54000091552734,87.7300033569336,82.95030975341797,32090400,
2025-05-05,87.3499984741211,87.41000366210938,86.83000183105469,87.23999786376953,82.48698425292969,22862800,
2025-05-06,86.80000305175781,87.52999877929688,86.63999938964844,87.52999877929688,82.76119232177734,21095200,
2025-05-07,87.91999816894531,88.20999908447266,87.81999969482422,87.9000015258789,83.11103820800781,23161600,
2025-05-08,88.0199966430664,88.05999755859375,86.88999938964844,86.91999816894531,82.18441772460938,25483700,
2025-05-09,87.0,87.30999755859375,86.91999816894531,87.05000305175781,82.30733489990234,17007900,
2025-05-12,86.37999725341797,86.77999877929688,86.19000244140625,86.23999786376953,81.54148864746094,32115000,
2025-05-13,86.12999725341797,86.29000091552734,85.5,85.88999938964844,81.21053314208984,53912200,
2025-05-14,85.75,85.87000274658203,85.19999694824219,85.31999969482422,80.67159271240234,42119800,
2025-05-15,85.62999725341797,86.31999969482422,85.4800033569336,86.06999969482422,81.38072204589844,59448000,
2025-05-16,86.87000274658203,86.88999938964844,86.19999694824219,86.30000305175781,81.59820556640625,31778200,
2025-05-19,84.91000366210938,86.12000274658203,84.83000183105469,86.05000305175781,81.3618392944336,49361900,
2025-05-20,85.43000030517578,85.5999984741211,85.05999755859375,85.43000030517578,80.77558898925781,35493100,
2025-05-21,84.68000030517578,85.05999755859375,83.76000213623047,83.97000122070312,79.3951416015625,77053100,
2025-05-22,83.5199966430664,84.43000030517578,83.30000305175781,84.41000366210938,79.81117248535156,61747900,
2025-05-23,84.7699966430664,84.81999969482422,84.30999755859375,84.55000305175781,79.94355010986328,47139200,
2025-05-27,85.3499984741211,86.02999877929688,85.1500015258789,85.7300033569336,81.05926513671875,56773400,
2025-05-28,85.41000366210938,85.54000091552734,84.97000122070312,85.36000061035156,80.70940399169922,34806800,
2025-05-29,85.7699966430664,86.26000213623047,85.63999938964844,86.1500015258789,81.45637512207031,38933200,
2025-05-30,86.08999633789062,86.47000122070312,85.87999725341797,86.27999877929688,81.57928466796875,49042100,
2025-06-02,85.29000091552734,85.47000122070312,84.79000091552734,85.16000366210938,80.82005310058594,46213100,"{""dividend_amount"": 0.32}"
2025-06-03,85.44000244140625,85.73999786376953,84.88999938964844,85.01000213623047,80.67770385742188,33731300,
2025-06-04,85.79000091552734,86.6500015258789,85.6500015258789,86.38999938964844,81.98737335205078,57441500,
2025-06-05,86.68000030517578,86.93000030517578,86.22000122070312,86.44999694824219,82.04431915283203,37664700,
2025-06-06,85.79000091552734,85.93000030517578,85.27999877929688,85.3499984741211,81.0003890991211,38130100,
2025-06-09,85.04000091552734,85.63999938964844,85.04000091552734,85.44000244140625,81.08580017089844,26560800,
2025-06-10,86.0999984741211,86.18000030517578,85.5199966430664,85.87999725341797,81.50336456298828,24857000,
2025-06-11,85.80999755859375,86.4000015258789,85.70999908447266,86.13999938964844,81.75011444091797,36334800,
2025-06-12,86.88999938964844,87.19999694824219,86.5999984741211,87.16999816894531,82.72762298583984,43017800,
2025-06-13,86.7300033569336,86.87999725341797,85.77999877929688,86.33000183105469,81.9304428100586,49374000,
2025-06-16,86.08000183105469,86.43000030517578,85.45999908447266,85.45999908447266,81.10476684570312,36496600,
2025-06-17,86.0,86.66000366210938,85.75,86.5,82.09176635742188,34521600,
2025-06-18,86.87999725341797,87.08999633789062,86.3499984741211,86.6500015258789,82.23411560058594,38589000,
2025-06-20,86.13999938964844,86.79000091552734,85.94999694824219,86.48999786376953,82.08228302001953,26001900,
2025-06-23,86.93000030517578,87.44000244140625,86.7699966430664,86.7699966430664,82.34800720214844,36851800,
2025-06-24,86.47000122070312,87.58999633789062,86.43000030517578,87.4000015258789,82.9459228515625,32959100,
2025-06-25,87.11000061035156,87.51000213623047,86.80000305175781,87.51000213623047,83.05030059814453,26345300,
2025-06-26,87.58999633789062,87.94999694824219,87.19999694824219,87.94999694824219,83.46788024902344,30467500,
2025-06-27,87.56999969482422,88.16000366210938,87.23999786376953,87.38999938964844,82.9364013671875,74993500,
2025-06-30,87.86000061035156,88.44000244140625,87.61000061035156,88.25,83.75259399414062,53695200,
2025-07-01,88.12999725341797,88.30999755859375,87.66000366210938,88.13999938964844,83.96024322509766,38960600,"{""dividend_amount"": 0.328}"
2025-07-02,87.19000244140625,87.58999633789062,87.0999984741211,87.58000183105469,83.42681121826172,39382200,
2025-07-03,87.16999816894531,87.29000091552734,86.8499984741211,86.97000122070312,82.8457260131836,26729100,
2025-07-07,86.54000091552734,86.55999755859375,85.91999816894531,86.13999938964844,82.05508422851562,38314700,
2025-07-08,85.56999969482422,86.04000091552734,85.44000244140625,86.02999877929688,81.9503173828125,31407000,
2025-07-09,86.19000244140625,86.93000030517578,86.18000030517578,86.93000030517578,82.8076400756836,29821900,
2025-07-10,86.83000183105469,87.05999755859375,86.48999786376953,86.98999786376953,82.86476135253906,24525500,
2025-07-11,86.2300033569336,86.2699966430664,85.63999938964844,85.79000091552734,81.7217025756836,40764800,
2025-07-14,85.54000091552734,85.87999725341797,85.31999969482422,85.61000061035156,81.55021667480469,24609500,
2025-07-15,85.88999938964844,85.91000366210938,84.9000015258789,85.01000213623047,80.97867584228516,40455000,
2025-07-16,85.27999877929688,85.66000366210938,84.19000244140625,85.12999725341797,81.09298706054688,65987700,
2025-07-17,85.22000122070312,85.48999786376953,84.98999786376953,85.11000061035156,81.07392883300781,31875500,
2025-07-18,85.43000030517578,85.45999908447266,85.0999984741211,85.23999786376953,81.19776916503906,27534900,
2025-07-21,86.22000122070312,86.51000213623047,85.95999908447266,86.0,81.9217300415039,40019500,
2025-07-22,86.16999816894531,86.7699966430664,86.11000061035156,86.5199966430664,82.41706848144531,35190300,
2025-07-23,86.05000305175781,86.19999694824219,85.79000091552734,86.04000091552734,81.95982360839844,31008500,
2025-07-24,85.55000305175781,86.23999786376953,85.51000213623047,85.88999938964844,81.81694030761719,25164800,
2025-07-25,85.80000305175781,86.44000244140625,85.72000122070312,86.43000030517578,82.33133697509766,27196200,
2025-07-28,85.98999786376953,86.19999694824219,85.83000183105469,85.87000274658203,81.79791259765625,26812500,
2025-07-29,86.2300033569336,87.33999633789062,86.19999694824219,87.31999969482422,83.17913818359375,47828300,
2025-07-30,86.7699966430664,86.95999908447266,86.55999755859375,86.87000274658203,82.75048065185547,40670900,
2025-07-31,87.12999725341797,87.41000366210938,86.83999633789062,86.91999816894531,82.79810333251953,49814100,
2025-08-01,87.55999755859375,87.93000030517578,87.5199966430664,87.81999969482422,83.97521209716797,63434500,"{""dividend_amount"": 0.331}"
2025-08-04,87.95999908447266,88.1500015258789,87.6500015258789,88.05999755859375,84.2047119140625,36425200,
2025-08-05,87.8499984741211,88.44999694824219,87.77999877929688,88.33000183105469,84.46288299560547,28586100,
2025-08-06,87.83999633789062,88.05000305175781,86.91999816894531,87.81999969482422,83.97521209716797,42589300,
2025-08-07,87.91999816894531,88.25,87.58999633789062,87.66999816894531,83.831787109375,29213100,
2025-08-08,87.36000061035156,87.38999938964844,87.1500015258789,87.29000091552734,83.46842193603516,21596300,
2025-08-11,87.54000091552734,87.66999816894531,87.27999877929688,87.38999938964844,83.56402587890625,20100900,
2025-08-12,86.9000015258789,86.97000122070312,86.55000305175781,86.94999694824219,83.14330291748047,41052300,
2025-08-13,87.44000244140625,87.80999755859375,87.43000030517578,87.66999816894531,83.831787109375,30817500,
2025-08-14,87.51000213623047,87.51000213623047,86.88999938964844,87.0199966430664,83.2102279663086,33397400,
2025-08-15,86.66000366210938,86.77999877929688,86.25,86.4000015258789,82.61738586425781,36343600,
2025-08-18,86.5,86.54000091552734,85.98999786376953,86.1500015258789,82.37832641601562,26777500,
2025-08-19,86.44999694824219,86.75,86.44999694824219,86.6500015258789,82.8564224243164,28780600,
2025-08-20,86.58999633789062,86.97000122070312,86.55999755859375,86.83999633789062,83.03810119628906,25912500,
2025-08-21,86.55999755859375,86.68000030517578,86.11000061035156,86.41000366210938,82.62693786621094,28643900,
2025-08-22,86.83000183105469,87.30000305175781,86.72000122070312,87.05000305175781,83.23892211914062,49871900,
2025-08-25,86.7300033569336,87.05000305175781,86.6500015258789,86.80000305175781,82.9998550415039,27011900,
2025-08-26,86.51000213623047,86.79000091552734,86.22000122070312,86.75,82.9520492553711,30259300,
2025-08-27,86.11000061035156,86.66000366210938,86.0,86.6500015258789,82.8564224243164,38142800,
2025-08-28,86.77999877929688,87.26000213623047,86.66000366210938,87.22000122070312,83.4014663696289,32205900,
2025-08-29,86.76000213623047,86.86000061035156,86.44000244140625,86.5999984741211,82.8086166381836,41686400,
2025-09-02,85.62999725341797,85.83999633789062,85.4800033569336,85.62999725341797,82.19239044189453,48760600,"{""dividend_amount"": 0.328}"
2025-09-03,85.93000030517578,86.80999755859375,85.88999938964844,86.56999969482422,83.09466552734375,52499500,
2025-09-04,87.0199966430664,87.23999786376953,86.58000183105469,87.2300033569336,83.72816467285156,40501600,
2025-09-05,88.22000122070312,88.61000061035156,88.13999938964844,88.55999755859375,85.00476837158203,69668000,
2025-09-08,89.16999816894531,89.76000213623047,89.12000274658203,89.73999786376953,86.13740539550781,54538700,
2025-09-09,89.4000015258789,89.55000305175781,88.98999786376953,89.2300033569336,85.64787292480469,37126400,
2025-09-10,89.4000015258789,90.06999969482422,89.19000244140625,89.73999786376953,86.13740539550781,40713600,
2025-09-11,89.91000366210938,90.4800033569336,89.9000015258789,90.33999633789062,86.71329498291016,46694400,
2025-09-12,89.83000183105469,89.9800033569336,89.48999786376953,89.94999694824219,86.33895111083984,32968600,
2025-09-15,90.1500015258789,90.45999908447266,90.06999969482422,90.16000366210938,86.54053497314453,24820100,
2025-09-16,90.08999633789062,90.5,90.04000091552734,90.3499984741211,86.72290802001953,26794200,
2025-09-17,90.70999908447266,91.04000091552734,89.87000274658203,90.12000274658203,86.50213623046875,49121800,
2025-09-18,89.26000213623047,89.47000122070312,88.9000015258789,89.19000244140625,85.6094741821289,55717900,
2025-09-19,89.06999969482422,89.2300033569336,88.79000091552734,89.0199966430664,85.44629669189453,32509200,
2025-09-22,88.81999969482422,88.91000366210938,88.54000091552734,88.69999694824219,85.13915252685547,24758200,
2025-09-23,88.97000122070312,89.36000061035156,88.75,89.31999969482422,85.73426055908203,26689000,
2025-09-24,89.08000183105469,89.16000366210938,88.69999694824219,88.9800033569336,85.40792083740234,28098000,
2025-09-25,88.8499984741211,89.02999877929688,88.45999908447266,88.9800033569336,85.40792083740234,29882500,
2025-09-26,88.98999786376953,89.47000122070312,88.69000244140625,88.9000015258789,85.33113098144531,30955100,
2025-09-29,89.29000091552734,89.73999786376953,89.26000213623047,89.62999725341797,86.03180694580078,32286200,
2025-09-30,89.66000366210938,90.04000091552734,89.20999908447266,89.37000274658203,85.78224182128906,38584000,
2025-10-01,89.44999694824219,89.63999938964844,89.08999633789062,89.29000091552734,86.0037841796875,39408900,"{""dividend_amount"": 0.31}"
2025-10-02,89.30999755859375,89.69000244140625,89.19000244140625,89.55000305175781,86.25422668457031,23208300,
2025-10-03,89.62999725341797,89.72000122070312,89.2699966430664,89.37999725341797,86.09046173095703,25884500,
2025-10-06,88.70999908447266,89.16000366210938,88.6500015258789,88.66999816894531,85.40660095214844,28371000,
2025-10-07,88.97000122070312,89.37999725341797,88.80999755859375,89.18000030517578,85.89783477783203,29103300,
2025-10-08,89.5999984741211,89.62000274658203,89.12999725341797,89.25,85.96527099609375,22506200,
2025-10-09,89.16999816894531,89.29000091552734,89.01000213623047,89.18000030517578,85.89783477783203,21578700,
2025-10-10,89.9800033569336,90.72000122070312,89.9000015258789,90.62000274658203,87.28483581542969,59389400,
2025-10-13,90.27999877929688,90.58000183105469,89.86000061035156,90.56999969482422,87.23668670654297,28035500,
2025-10-14,90.6500015258789,90.91999816894531,90.43000030517578,90.86000061035156,87.5160140991211,29800000,
2025-10-15,90.95999908447266,91.30000305175781,90.47000122070312,90.66000366210938,87.3233642578125,31333900,
2025-10-16,90.5199966430664,91.5,90.44999694824219,91.33999633789062,87.97833251953125,39631200,
2025-10-17,91.25,91.29000091552734,90.9000015258789,91.19999694824219,87.84349822998047,40240400,
2025-10-20,91.45999908447266,91.55999755859375,91.27999877929688,91.55000305175781,88.18060302734375,28429300,
2025-10-21,91.98999786376953,92.19000244140625,91.91000366210938,92.0,88.61404418945312,24514300,
2025-10-22,91.98999786376953,92.18000030517578,91.81999969482422,92.05999755859375,88.67184448242188,30496200,
2025-10-23,91.61000061035156,91.79000091552734,91.29000091552734,91.43000030517578,88.06503295898438,28275100,
2025-10-24,91.58999633789062,91.5999984741211,91.16000366210938,91.47000122070312,88.10355377197266,28266000,
2025-10-27,91.31999969482422,91.79000091552734,91.08999633789062,91.77999877929688,88.40213775634766,30033600,
2025-10-28,91.8499984741211,92.18000030517578,91.80999755859375,92.0199966430664,88.6333236694336,23564500,
2025-10-29,91.87999725341797,91.88999938964844,91.0199966430664,91.08999633789062,87.73753356933594,39551600,
2025-10-30,90.38999938964844,90.97000122070312,90.3499984741211,90.55999755859375,87.22705841064453,42649200,
2025-10-31,90.55999755859375,90.66000366210938,90.19999694824219,90.29000091552734,86.96697235107422,38247300,
2025-11-03,89.62000274658203,89.81999969482422,89.41999816894531,89.73999786376953,86.7494888305664,40752300,"{""dividend_amount"": 0.325}"
2025-11-04,89.77999877929688,90.05999755859375,89.73999786376953,89.94000244140625,86.94281005859375,26383800,
2025-11-05,89.51000213623047,89.55000305175781,88.87999725341797,88.95999908447266,85.99546813964844,44643400,
2025-11-06,89.55999755859375,89.8499984741211,89.52999877929688,89.76000213623047,86.76882934570312,33027400,
2025-11-07,89.36000061035156,89.87000274658203,89.36000061035156,89.56999969482422,86.58514404296875,28530100,
2025-11-10,89.48999786376953,89.66999816894531,89.38999938964844,89.55000305175781,86.5658187866211,24093500,
2025-11-11,89.94999694824219,90.06999969482422,89.77999877929688,89.95999908447266,86.96215057373047,18942300,
2025-11-12,89.94999694824219,90.31999969482422,89.87999725341797,90.12000274658203,87.11681365966797,23594900,
2025-11-13,89.80000305175781,89.94000244140625,89.37999725341797,89.37999725341797,86.4014663696289,33825900,
2025-11-14,89.79000091552734,89.83999633789062,88.87000274658203,88.87000274658203,85.90848541259766,38550500,
2025-11-17,89.08000183105469,89.30000305175781,88.9800033569336,89.08999633789062,86.12113189697266,25605800,
2025-11-18,89.3499984741211,89.44999694824219,88.80000305175781,89.05999755859375,86.0921401977539,31967400,
2025-11-19,89.2300033569336,89.30999755859375,88.8499984741211,88.87999725341797,85.91814422607422,25782400,
2025-11-20,88.98999786376953,89.41999816894531,88.98999786376953,89.2300033569336,86.25647735595703,32945000,
2025-11-21,89.6500015258789,89.66999816894531,89.19999694824219,89.5,86.5174789428711,41938600,
2025-11-24,89.94999694824219,90.06999969482422,89.77999877929688,90.01000213623047,87.010498046875,30865700,
2025-11-25,90.30999755859375,90.58999633789062,90.12999725341797,90.23999786376953,87.23281860351562,36503300,
2025-11-26,90.1500015258789,90.63999938964844,89.83000183105469,90.63999938964844,87.61949157714844,34099000,
2025-11-28,90.45999908447266,90.52999877929688,89.94999694824219,90.20999908447266,87.20381164550781,40704300,
2025-12-01,88.8499984741211,88.98999786376953,88.70999908447266,88.7699966430664,86.11824035644531,47086600,"{""dividend_amount"": 0.321}"
2025-12-02,88.58000183105469,88.95999908447266,88.45999908447266,88.80999755859375,86.15704345703125,27605700,
2025-12-03,88.91999816894531,89.16000366210938,88.73999786376953,89.05999755859375,86.39957427978516,23278600,
2025-12-04,88.91000366210938,88.93000030517578,88.4800033569336,88.58000183105469,85.93391418457031,25541500,
2025-12-05,88.55000305175781,88.55000305175781,88.05000305175781,88.16999816894531,85.53617095947266,32808100,
2025-12-08,88.19000244140625,88.19999694824219,87.55999755859375,87.87999725341797,85.25482940673828,32255200,
2025-12-09,88.33999633789062,88.3499984741211,87.83999633789062,87.97000122070312,85.3421401977539,25771800,
2025-12-10,88.0,88.5199966430664,87.86000061035156,88.30999755859375,85.67198181152344,46833500,
2025-12-11,88.69000244140625,88.83000183105469,88.16000366210938,88.19000244140625,85.55558013916016,26778700,
2025-12-12,87.37999725341797,87.5,87.19000244140625,87.33999633789062,84.73095703125,47030100,
2025-12-15,87.72000122070312,87.87999725341797,87.38999938964844,87.4000015258789,84.78917694091797,28611800,
2025-12-16,87.19000244140625,87.91999816894531,87.16999816894531,87.87999725341797,85.25482940673828,41018700,
2025-12-17,87.62999725341797,87.98999786376953,87.58000183105469,87.80000305175781,85.17723083496094,24668300,
2025-12-18,88.12999725341797,88.37999725341797,88.06999969482422,88.22000122070312,85.58467102050781,39048900,
2025-12-19,87.61000061035156,87.76000213623047,87.41000366210938,87.55000305175781,85.2652359008789,37858100,"{""dividend_amount"": 0.342}"
2025-12-22,87.41999816894531,87.45999908447266,87.25,87.36000061035156,85.0802001953125,25547100,
2025-12-23,87.06999969482422,87.58000183105469,87.02999877929688,87.5,85.21654510498047,33624100,
2025-12-24,87.76000213623047,88.08000183105469,87.6500015258789,88.02999877929688,85.73270416259766,25942000,
2025-12-26,88.0999984741211,88.16999816894531,87.5999984741211,87.73999786376953,85.45027923583984,26522700,
2025-12-29,87.94999694824219,88.06999969482422,87.79000091552734,88.06999969482422,85.77165985107422,29399800,
2025-12-30,87.73999786376953,88.04000091552734,87.66999816894531,87.86000061035156,85.567138671875,25106800,
2025-12-31,87.68000030517578,87.91000366210938,87.12999725341797,87.16000366210938,84.88542175292969,36500000,
