timestamp,open,high,low,close,adjusted_close,volume,corporate_action
2021-09-29,103.30000305175781,103.98999786376953,103.0999984741211,103.48999786376953,85.92667388916016,6227000,
2021-09-30,103.83999633789062,103.94999694824219,101.77999877929688,101.77999877929688,84.50688934326172,7019300,
2021-10-01,102.44000244140625,103.93000030517578,101.83999633789062,103.22000122070312,85.70250701904297,6106100,
2021-10-04,103.0999984741211,103.69000244140625,102.5999984741211,103.23999786376953,85.7191162109375,5638600,
2021-10-05,103.31999969482422,103.4000015258789,102.16999816894531,102.52999877929688,85.12960052490234,4313800,
2021-10-06,102.11000061035156,103.63999938964844,101.0,103.51000213623047,85.94329071044922,5587900,
2021-10-07,104.06999969482422,105.0199966430664,103.66000366210938,103.79000091552734,86.17577362060547,4055300,
2021-10-08,103.77999877929688,103.91000366210938,102.7300033569336,102.80999755859375,85.36207580566406,5295400,
2021-10-11,102.83000183105469,103.5199966430664,102.33999633789062,103.06999969482422,85.57795715332031,2634200,
2021-10-12,103.31999969482422,104.86000061035156,103.04000091552734,104.41999816894531,86.69884490966797,3666500,
2021-10-13,104.29000091552734,105.22000122070312,103.62999725341797,105.18000030517578,87.32987213134766,3371000,
2021-10-14,105.79000091552734,106.55999755859375,105.5199966430664,106.45999908447266,88.39264678955078,2721900,
2021-10-15,107.30999755859375,107.4000015258789,105.91000366210938,106.37999725341797,88.32622528076172,3065400,
2021-10-18,105.94000244140625,107.0,105.77999877929688,106.6500015258789,88.55038452148438,3424100,
2021-10-19,107.11000061035156,107.31999969482422,106.61000061035156,106.69999694824219,88.59190368652344,3104500,
2021-10-20,106.8499984741211,108.37999725341797,106.77999877929688,108.37999725341797,89.9867935180664,6018900,
2021-10-21,108.31999969482422,108.58000183105469,108.08000183105469,108.52999877929688,90.1113510131836,4849600,
2021-10-22,108.66999816894531,109.41000366210938,108.56999969482422,109.04000091552734,90.53478240966797,4873000,
2021-10-25,109.19999694824219,109.66999816894531,108.4000015258789,109.38999938964844,90.82539367675781,2625200,
2021-10-26,109.5999984741211,110.05999755859375,109.3499984741211,109.69000244140625,91.07447814941406,2940600,
2021-10-27,110.0999984741211,110.0999984741211,108.75,108.76000213623047,90.30229949951172,3573000,
2021-10-28,108.86000061035156,110.30000305175781,108.77999877929688,110.27999877929688,91.5643539428711,3681000,
2021-10-29,109.80000305175781,110.2300033569336,108.55000305175781,109.04000091552734,90.53478240966797,5990500,
2021-11-01,109.30000305175781,109.80000305175781,107.79000091552734,109.58000183105469,90.98313903808594,5846500,
2021-11-02,109.94000244140625,110.5199966430664,109.23999786376953,110.0999984741211,91.41487121582031,3405900,
2021-11-03,110.16999816894531,110.7699966430664,109.61000061035156,110.47000122070312,91.72209930419922,2723200,
2021-11-04,110.51000213623047,110.91000366210938,108.97000122070312,109.41999816894531,90.85030364990234,3378800,
2021-11-05,110.41000366210938,111.2699966430664,109.87999725341797,109.9800033569336,91.31525421142578,3209300,
2021-11-08,110.37000274658203,110.58000183105469,109.19000244140625,109.88999938964844,91.24053192138672,2989800,
2021-11-09,110.01000213623047,110.31999969482422,109.76000213623047,110.08000183105469,91.39830017089844,2671500,
2021-11-10,109.75,110.44999694824219,109.52999877929688,109.56999969482422,90.97484588623047,4021900,
2021-11-11,109.73999786376953,109.7699966430664,109.0,109.75,91.12428283691406,2395200,
2021-11-12,110.05000305175781,110.08000183105469,109.36000061035156,109.66999816894531,91.0578842163086,3194300,
2021-11-15,109.8499984741211,110.47000122070312,109.44999694824219,110.44000244140625,91.69719696044922,2713500,
2021-11-16,110.51000213623047,110.58999633789062,109.45999908447266,109.70999908447266,91.0910873413086,3043900,
2021-11-17,109.43000030517578,110.19999694824219,107.97000122070312,110.05000305175781,91.37338256835938,4667900,
2021-11-18,110.19999694824219,110.26000213623047,109.58000183105469,110.06999969482422,91.3899917602539,2812800,
2021-11-19,110.08000183105469,110.18000030517578,109.01000213623047,109.41999816894531,90.85030364990234,2928800,
2021-11-22,109.52999877929688,109.83000183105469,108.69000244140625,108.87999725341797,90.40193176269531,3352600,
2021-11-23,109.11000061035156,110.08000183105469,108.69999694824219,109.76000213623047,91.13258361816406,3867100,
2021-11-24,109.69000244140625,111.29000091552734,109.43000030517578,111.08999633789062,92.23687744140625,3227600,
2021-11-26,109.5,109.5,107.36000061035156,108.0,89.6712875366211,3514700,
2021-11-29,108.80000305175781,109.72000122070312,108.0,108.80000305175781,90.33553314208984,4825900,
2021-11-30,108.1500015258789,108.43000030517578,106.6500015258789,106.73999786376953,88.62512969970703,6335800,
2021-12-01,107.73999786376953,109.05999755859375,104.94999694824219,104.9800033569336,87.163818359375,8641300,
2021-12-02,105.5,108.76000213623047,105.26000213623047,108.12999725341797,89.77923583984375,7134400,
2021-12-03,108.25,108.76000213623047,106.83999633789062,107.7699966430664,89.48031616210938,7798400,
2021-12-06,108.41999816894531,110.44999694824219,108.41999816894531,109.66000366210938,91.049560546875,7212400,
2021-12-07,110.55999755859375,111.55999755859375,110.29000091552734,111.23999786376953,92.36141967773438,5363400,
2021-12-08,111.23999786376953,112.30999755859375,111.0,112.04000091552734,93.02565002441406,5542400,
2021-12-09,111.61000061035156,111.6500015258789,110.38999938964844,110.41999816894531,91.68060302734375,3724500,
2021-12-10,110.9800033569336,111.0,110.27999877929688,110.76000213623047,91.962890625,3828200,
2021-12-13,110.54000091552734,112.29000091552734,110.20999908447266,111.80000305175781,92.8263931274414,6555000,
2021-12-14,111.48999786376953,111.70999908447266,109.83999633789062,110.37000274658203,91.63908386230469,5924500,
2021-12-15,110.69999694824219,112.11000061035156,110.37000274658203,111.91999816894531,92.92601776123047,6675800,
2021-12-16,112.2699966430664,112.91999816894531,111.2699966430664,111.87999725341797,92.8927993774414,6178900,
2021-12-17,111.69000244140625,112.97000122070312,111.48999786376953,111.73999786376953,92.77658081054688,7201700,
2021-12-20,110.56999969482422,111.19000244140625,109.62000274658203,110.87000274658203,92.05422973632812,6071100,
2021-12-21,111.7300033569336,112.63999938964844,111.5,112.12000274658203,93.09207153320312,4251000,
2021-12-22,112.44999694824219,113.37999725341797,112.31999969482422,113.2699966430664,94.04690551757812,4517500,
2021-12-23,113.55000305175781,113.69999694824219,112.55999755859375,113.1500015258789,93.94728088378906,6977700,
2021-12-27,112.11000061035156,114.0199966430664,112.0199966430664,114.0,95.54217529296875,9185100,"{""dividend_amount"": 1.053}"
2021-12-28,113.93000030517578,114.54000091552734,113.66999816894531,114.41999816894531,95.8941650390625,3630400,
2021-12-29,114.6500015258789,115.44000244140625,114.05000305175781,115.19000244140625,96.53948974609375,3842900,
2021-12-30,115.23999786376953,116.16999816894531,115.23999786376953,115.69000244140625,96.95854187011719,3990400,
2021-12-31,115.70999908447266,116.70999908447266,115.6500015258789,116.01000213623047,97.22673034667969,5440300,
2022-01-03,116.20999908447266,116.23999786376953,113.45999908447266,115.0999984741211,96.46407318115234,9845000,
2022-01-04,115.41999816894531,116.08000183105469,114.86000061035156,114.95999908447266,96.34673309326172,5330700,
2022-01-05,114.76000213623047,114.80000305175781,111.55000305175781,111.66999816894531,93.58941650390625,6928300,
2022-01-06,111.80999755859375,112.22000122070312,110.5999984741211,111.7699966430664,93.67321014404297,5974500,
2022-01-07,111.4800033569336,111.8499984741211,110.76000213623047,111.02999877929688,93.05302429199219,6999300,
2022-01-10,110.3499984741211,110.5,109.0199966430664,110.38999938964844,92.51665496826172,6571900,
2022-01-11,110.2699966430664,110.66999816894531,108.86000061035156,110.55999755859375,92.65914916992188,5568500,
2022-01-12,110.56999969482422,111.37000274658203,110.5199966430664,110.69000244140625,92.76809692382812,4331700,
2022-01-13,111.0,111.48999786376953,110.27999877929688,110.47000122070312,92.5837173461914,3921700,
2022-01-14,109.87999725341797,109.98999786376953,108.16999816894531,109.47000122070312,91.74560546875,6465300,
2022-01-18,108.75,108.9000015258789,107.5999984741211,108.31999969482422,90.78181457519531,5828700,
2022-01-19,108.9000015258789,109.36000061035156,106.86000061035156,106.86000061035156,89.5582046508789,5111000,
2022-01-20,107.0,108.30000305175781,105.41999816894531,105.48999786376953,88.41001892089844,6982000,
2022-01-21,105.52999877929688,106.5999984741211,104.95999908447266,105.2300033569336,88.1921157836914,8031500,
2022-01-24,104.16000366210938,105.69999694824219,101.5999984741211,105.43000030517578,88.3597412109375,15646100,
2022-01-25,104.27999877929688,105.80999755859375,103.04000091552734,105.01000213623047,88.00774383544922,9942900,
2022-01-26,105.62000274658203,106.86000061035156,102.66999816894531,103.37000274658203,86.6332778930664,9589300,
2022-01-27,103.98999786376953,104.87000274658203,101.22000122070312,101.66000366210938,85.20014190673828,7459300,
2022-01-28,101.80000305175781,104.95999908447266,100.62000274658203,104.94999694824219,87.95746612548828,6924500,
2022-01-31,104.56999969482422,106.44000244140625,104.06999969482422,106.23999786376953,89.03858184814453,7457700,
2022-02-01,106.1500015258789,106.62999725341797,105.22000122070312,105.86000061035156,88.7201156616211,9610000,
2022-02-02,106.41000366210938,107.5199966430664,106.27999877929688,107.20999908447266,89.8515396118164,4619300,
2022-02-03,106.52999877929688,107.05999755859375,105.98999786376953,106.06999969482422,88.8961181640625,5453100,
2022-02-04,105.37999725341797,106.2699966430664,104.02999877929688,105.0199966430664,88.01611328125,6865600,
2022-02-07,104.94000244140625,105.58999633789062,104.63999938964844,104.87000274658203,87.8904037475586,5860900,
2022-02-08,104.80999755859375,105.19000244140625,104.12000274658203,104.37999725341797,87.47974395751953,6106100,
2022-02-09,105.47000122070312,106.81999969482422,105.47000122070312,106.73999786376953,89.4576416015625,5746600,
2022-02-10,105.27999877929688,106.73999786376953,103.62999725341797,104.22000122070312,87.34564971923828,6948000,
2022-02-11,104.75,105.1500015258789,102.6500015258789,103.2699966430664,86.54948425292969,5679000,
2022-02-14,103.41000366210938,104.05000305175781,101.88999938964844,102.33000183105469,85.76165008544922,5350200,
2022-02-15,103.22000122070312,103.86000061035156,102.87999725341797,103.25,86.53269958496094,3612600,
2022-02-16,103.36000061035156,103.98999786376953,102.62000274658203,103.7300033569336,86.93497467041016,4333000,
2022-02-17,103.33999633789062,103.6500015258789,102.48999786376953,102.62999725341797,86.01312255859375,4847000,
2022-02-18,102.37000274658203,103.44999694824219,101.87000274658203,102.01000213623047,85.49348449707031,4809500,
2022-02-22,101.62000274658203,102.37000274658203,100.97000122070312,101.63999938964844,85.1833724975586,6656900,
2022-02-23,102.5,102.94000244140625,99.91999816894531,99.95999908447266,83.775390625,6201000,
2022-02-24,98.01000213623047,101.95999908447266,97.70999908447266,101.63999938964844,85.1833724975586,9479200,
2022-02-25,102.05000305175781,104.23999786376953,101.58999633789062,104.08999633789062,87.23667907714844,5870300,
2022-02-28,103.2300033569336,103.63999938964844,101.45999908447266,102.54000091552734,85.93765258789062,7296900,
2022-03-01,102.80000305175781,103.41999816894531,101.44999694824219,102.0,85.48511505126953,8896200,
2022-03-02,102.37000274658203,104.43000030517578,102.22000122070312,103.91000366210938,87.08584594726562,6946100,
2022-03-03,104.48999786376953,105.11000061035156,103.41000366210938,104.76000213623047,87.7982177734375,6517000,
2022-03-04,103.8499984741211,105.33999633789062,103.58000183105469,105.23999786376953,88.20050048828125,6438500,
2022-03-07,105.01000213623047,105.26000213623047,103.11000061035156,103.16000366210938,86.457275390625,6506200,
2022-03-08,103.11000061035156,104.5,102.30999755859375,102.66000366210938,86.0382308959961,7090600,
2022-03-09,104.38999938964844,105.27999877929688,104.06999969482422,104.23999786376953,87.3624038696289,5785900,
2022-03-10,103.13999938964844,104.75,102.86000061035156,104.5,87.5802993774414,4034900,
2022-03-11,105.30000305175781,105.79000091552734,103.5999984741211,103.66999816894531,86.88468933105469,5381600,
2022-03-14,104.26000213623047,104.44000244140625,102.4000015258789,102.86000061035156,86.20586395263672,4539900,
2022-03-15,103.77999877929688,104.33000183105469,102.61000061035156,103.55000305175781,86.78413391113281,5245000,
2022-03-16,104.30999755859375,105.2699966430664,102.55999755859375,104.77999877929688,87.81499481201172,6561300,
2022-03-17,104.4000015258789,106.4000015258789,104.37999725341797,106.4000015258789,89.17267608642578,3844300,
2022-03-18,106.33999633789062,106.76000213623047,105.76000213623047,106.4000015258789,89.17267608642578,5815300,
2022-03-21,106.4800033569336,106.97000122070312,105.29000091552734,105.75,88.6279296875,4571900,
2022-03-22,106.38999938964844,106.66999816894531,105.79000091552734,106.0199966430664,88.85421752929688,4749800,
2022-03-23,105.0,105.5,104.12000274658203,104.26000213623047,87.8573226928711,4595400,"{""dividend_amount"": 0.577}"
2022-03-24,104.29000091552734,104.94999694824219,103.88999938964844,104.91999816894531,88.41349792480469,3893400,
2022-03-25,105.37999725341797,106.2300033569336,105.01000213623047,106.2300033569336,89.51739501953125,4495100,
2022-03-28,106.33000183105469,107.36000061035156,106.11000061035156,107.36000061035156,90.46961975097656,4130800,
2022-03-29,108.41999816894531,110.69000244140625,108.30999755859375,110.51000213623047,93.12405395507812,5350500,
2022-03-30,110.05999755859375,110.26000213623047,109.22000122070312,109.70999908447266,92.4499282836914,5216200,
2022-03-31,110.16000366210938,110.48999786376953,108.37000274658203,108.37000274658203,91.32073211669922,7466900,
2022-04-01,108.87000274658203,110.5199966430664,108.5199966430664,110.4800033569336,93.0987777709961,6568700,
2022-04-04,110.5199966430664,110.76000213623047,108.97000122070312,109.94000244140625,92.64373016357422,6311800,
2022-04-05,109.62999725341797,110.98999786376953,109.06999969482422,109.4000015258789,92.18868255615234,4993700,
2022-04-06,108.95999908447266,110.80999755859375,108.44000244140625,110.69999694824219,93.2841796875,5050800,
2022-04-07,110.05999755859375,110.1500015258789,108.87999725341797,109.5999984741211,92.35721588134766,5338200,
2022-04-08,109.76000213623047,110.26000213623047,108.9800033569336,109.77999877929688,92.5088882446289,5941000,
2022-04-11,109.48999786376953,110.08999633789062,108.37000274658203,108.5999984741211,91.51454162597656,4315700,
2022-04-12,108.6500015258789,109.43000030517578,108.0199966430664,108.44000244140625,91.37972259521484,5094800,
2022-04-13,108.51000213623047,109.37000274658203,108.16000366210938,109.20999908447266,92.02857208251953,4673100,
2022-04-14,109.63999938964844,110.12000274658203,108.6500015258789,108.73999786376953,91.63250732421875,4464700,
2022-04-18,108.5199966430664,109.12999725341797,107.7699966430664,108.30000305175781,91.26172637939453,4256900,
2022-04-19,108.86000061035156,110.95999908447266,108.75,110.66000366210938,93.25045776367188,7536100,
2022-04-20,111.05999755859375,112.87000274658203,110.9800033569336,112.5,94.80095672607422,5395900,
2022-04-21,113.06999969482422,113.41000366210938,111.62000274658203,111.72000122070312,94.14370727539062,4820700,
2022-04-22,111.44000244140625,111.55000305175781,109.69000244140625,109.76000213623047,92.49202728271484,4917800,
2022-04-25,109.41999816894531,109.93000030517578,107.66000366210938,109.4800033569336,92.25609588623047,6032300,
2022-04-26,109.16000366210938,109.83000183105469,107.61000061035156,107.68000030517578,90.73927307128906,6217500,
2022-04-27,107.73999786376953,108.61000061035156,106.87999725341797,106.97000122070312,90.1409683227539,6007100,
2022-04-28,107.5,109.29000091552734,106.36000061035156,108.94000244140625,91.80105590820312,7235300,
2022-04-29,108.2699966430664,108.41999816894531,103.68000030517578,103.94000244140625,87.58767700195312,9573900,
2022-05-02,103.87000274658203,104.54000091552734,99.36000061035156,101.43000030517578,85.47256469726562,11885700,
2022-05-03,101.7699966430664,103.30999755859375,101.08999633789062,102.69000244140625,86.5343246459961,7245400,
2022-05-04,102.76000213623047,104.08000183105469,100.94000244140625,103.87000274658203,87.5286865234375,8686700,
2022-05-05,103.44000244140625,103.9800033569336,100.31999969482422,101.0999984741211,85.19448852539062,8884000,
2022-05-06,100.37999725341797,100.69999694824219,98.87000274658203,99.9000015258789,84.18327331542969,9398500,
2022-05-09,99.0,99.0,95.1500015258789,95.5,80.4754867553711,8491700,
2022-05-10,96.58000183105469,97.26000213623047,93.01000213623047,93.76000213623047,79.00923156738281,12528300,
2022-05-11,93.95999908447266,95.75,93.36000061035156,93.55999755859375,78.84070587158203,9095800,
2022-05-12,93.38999938964844,94.4000015258789,92.87999725341797,94.29000091552734,79.45586395263672,8312300,
2022-05-13,95.11000061035156,96.80999755859375,94.5,96.77999877929688,81.55412292480469,7536700,
2022-05-16,96.55000305175781,96.98999786376953,95.97000122070312,96.16999816894531,81.04008483886719,4614200,
2022-05-17,97.31999969482422,97.51000213623047,96.04000091552734,97.4800033569336,82.14398956298828,4492000,
2022-05-18,97.19000244140625,97.33000183105469,94.27999877929688,94.6500015258789,79.75922393798828,5130300,
2022-05-19,93.88999938964844,95.36000061035156,93.88999938964844,94.2300033569336,79.40530395507812,6365100,
2022-05-20,95.0999984741211,95.33000183105469,93.3499984741211,94.83000183105469,79.91090393066406,4471300,
2022-05-23,95.6500015258789,96.19999694824219,94.27999877929688,95.93000030517578,80.8378677368164,4662400,
2022-05-24,95.48999786376953,96.91999816894531,94.05999755859375,96.73999786376953,81.52040100097656,5895300,
2022-05-25,96.36000061035156,97.81999969482422,96.08000183105469,97.55999755859375,82.21141815185547,4589300,
2022-05-26,97.93000030517578,98.63999938964844,97.55000305175781,97.68000030517578,82.3125228881836,4355200,
2022-05-27,98.19000244140625,100.31999969482422,98.19000244140625,100.30000305175781,84.52033996582031,4990000,
2022-05-31,99.37999725341797,99.7300033569336,98.52999877929688,99.06999969482422,83.48384094238281,6276900,
2022-06-01,99.4000015258789,99.51000213623047,96.9800033569336,98.25,82.79286193847656,4607100,
2022-06-02,97.87999725341797,99.6500015258789,96.69000244140625,99.5999984741211,83.93045043945312,5450800,
2022-06-03,98.81999969482422,99.3499984741211,98.01000213623047,98.2699966430664,82.8097152709961,4989900,
2022-06-06,99.08999633789062,99.29000091552734,97.72000122070312,97.95999908447266,82.54847717285156,5445300,
2022-06-07,97.4800033569336,99.36000061035156,97.0999984741211,99.30999755859375,83.68608856201172,6489200,
2022-06-08,98.66999816894531,98.91999816894531,96.80999755859375,97.0199966430664,81.75635528564453,4566100,
2022-06-09,96.61000061035156,97.1500015258789,94.72000122070312,94.72000122070312,79.81819915771484,4358600,
2022-06-10,93.4800033569336,93.7300033569336,92.55999755859375,92.62000274658203,78.04859161376953,7260100,
2022-06-13,90.55999755859375,90.61000061035156,87.61000061035156,87.98999786376953,74.14698791503906,8559700,
2022-06-14,88.29000091552734,88.45999908447266,86.62999725341797,87.31999969482422,73.58242797851562,8707300,
2022-06-15,88.13999938964844,90.61000061035156,87.91000366210938,89.38999938964844,75.32674407958984,8851100,
2022-06-16,87.2699966430664,88.0,86.66000366210938,87.04000091552734,73.3464584350586,8083300,
2022-06-17,87.01000213623047,88.8499984741211,86.9000015258789,87.69999694824219,73.90262603759766,7791800,
2022-06-21,88.51000213623047,89.87999725341797,88.47000122070312,88.91999816894531,74.9306869506836,5933100,
2022-06-22,87.98999786376953,91.19999694824219,87.9800033569336,90.05000305175781,75.88291931152344,6250200,
2022-06-23,89.80999755859375,91.44000244140625,89.76000213623047,91.18000030517578,77.32459259033203,6139300,"{""dividend_amount"": 0.57}"
2022-06-24,91.83000183105469,93.23999786376953,91.55999755859375,93.12000274658203,78.96979522705078,4656500,
2022-06-27,93.05000305175781,93.98999786376953,92.43000030517578,92.9800033569336,78.85107421875,3784200,
2022-06-28,93.52999877929688,94.23999786376953,91.72000122070312,91.8499984741211,77.89276885986328,4735900,
2022-06-29,91.33000183105469,91.45999908447266,90.2699966430664,91.27999877929688,77.40939331054688,4606700,
2022-06-30,90.63999938964844,92.2300033569336,89.95999908447266,91.11000061035156,77.26522064208984,6402600,
2022-07-01,90.97000122070312,93.01000213623047,90.80000305175781,92.75,78.65601348876953,4512500,
2022-07-05,91.80999755859375,92.5199966430664,90.33000183105469,92.48999786376953,78.4355239868164,5154400,
2022-07-06,92.77999877929688,93.55000305175781,92.01000213623047,92.31999969482422,78.2913589477539,3428900,
2022-07-07,92.87999725341797,93.38999938964844,92.33000183105469,92.56999969482422,78.50337219238281,3032400,
2022-07-08,92.37000274658203,92.7699966430664,91.63999938964844,92.08000183105469,78.08781433105469,3509800,
2022-07-11,91.77999877929688,92.25,91.16999816894531,91.87999725341797,77.91820526123047,3453200,
2022-07-12,91.4000015258789,92.44999694824219,90.87000274658203,91.5199966430664,77.61289978027344,4396100,
2022-07-13,90.48999786376953,91.75,89.91999816894531,91.08000183105469,77.23978424072266,5572400,
2022-07-14,89.56999969482422,90.66000366210938,89.44999694824219,90.26000213623047,76.54438018798828,4494500,
2022-07-15,91.7300033569336,92.2300033569336,90.9000015258789,91.79000091552734,77.8418960571289,5124800,
2022-07-18,92.43000030517578,92.52999877929688,90.77999877929688,91.13999938964844,77.2906723022461,3397900,
2022-07-19,91.95999908447266,93.61000061035156,91.86000061035156,93.5,79.29204559326172,3659100,
2022-07-20,93.33000183105469,94.41999816894531,92.81999969482422,93.27999877929688,79.10548400878906,4212400,
2022-07-21,93.47000122070312,94.02999877929688,92.37999725341797,94.0199966430664,79.7330322265625,5062800,
2022-07-22,94.58000183105469,95.11000061035156,93.79000091552734,94.51000213623047,80.14857482910156,3615200,
2022-07-25,94.61000061035156,95.20999908447266,94.19000244140625,94.66999816894531,80.28426361083984,3252800,
2022-07-26,94.66000366210938,95.27999877929688,94.41999816894531,94.7699966430664,80.36905670166016,3337300,
2022-07-27,95.0,95.56999969482422,94.19000244140625,95.33999633789062,80.85244750976562,4160900,
2022-07-28,95.97000122070312,98.5199966430664,95.95999908447266,98.43000030517578,83.47290802001953,4100300,
2022-07-29,98.43000030517578,99.31999969482422,98.02999877929688,98.95999908447266,83.92234802246094,3301300,
2022-08-01,98.44999694824219,98.69999694824219,97.69000244140625,98.16000366210938,83.2439193725586,3572700,
2022-08-02,98.12999725341797,98.41000366210938,96.83999633789062,96.9000015258789,82.1753921508789,4731300,
2022-08-03,97.5,98.22000122070312,97.16000366210938,97.20999908447266,82.43830108642578,3107000,
2022-08-04,97.33999633789062,97.48999786376953,96.47000122070312,97.05999755859375,82.31107330322266,2884200,
2022-08-05,96.3499984741211,97.37999725341797,96.01000213623047,97.33000183105469,82.54004669189453,2719300,
2022-08-08,98.0,98.9000015258789,97.62999725341797,98.19999694824219,83.2778549194336,4694200,
2022-08-09,98.33000183105469,98.75,97.9000015258789,98.73999786376953,83.73579406738281,3403700,
2022-08-10,99.86000061035156,100.38999938964844,99.47000122070312,100.23999786376953,85.00786590576172,3165200,
2022-08-11,100.68000030517578,101.12000274658203,99.72000122070312,100.0,84.80432891845703,2151600,
2022-08-12,100.5999984741211,101.79000091552734,100.56999969482422,101.72000122070312,86.26296997070312,3423700,
2022-08-15,101.51000213623047,102.27999877929688,101.33000183105469,102.12999725341797,86.61065673828125,2135300,
2022-08-16,101.68000030517578,102.37000274658203,101.48999786376953,101.86000061035156,86.38168334960938,3680800,
2022-08-17,100.94000244140625,101.8499984741211,100.63999938964844,101.25,85.86437225341797,3683400,
2022-08-18,101.26000213623047,101.51000213623047,100.11000061035156,100.58000183105469,85.29619598388672,2263400,
2022-08-19,99.9800033569336,100.37999725341797,99.16999816894531,99.5199966430664,84.39727020263672,2788800,
2022-08-22,98.73999786376953,98.81999969482422,97.25,97.3499984741211,82.55702209472656,3517500,
2022-08-23,97.25,97.30000305175781,95.7300033569336,96.0999984741211,81.49695587158203,5605300,
2022-08-24,96.19000244140625,97.23999786376953,96.11000061035156,96.6500015258789,81.96339416503906,2292200,
2022-08-25,96.94999694824219,98.12000274658203,96.75,98.08999633789062,83.18456268310547,2129200,
2022-08-26,98.19000244140625,98.19000244140625,95.58000183105469,95.62000274658203,81.08988952636719,3187200,
2022-08-29,95.05000305175781,95.73999786376953,94.58000183105469,94.76000213623047,80.3605728149414,2833800,
2022-08-30,95.12000274658203,95.12000274658203,93.18000030517578,93.44999694824219,79.24964141845703,3643600,
2022-08-31,93.9800033569336,94.4000015258789,92.80000305175781,93.01000213623047,78.87651062011719,4100800,
2022-09-01,92.44999694824219,93.19999694824219,91.51000213623047,93.18000030517578,79.02069091796875,4746100,
2022-09-02,93.98999786376953,94.16999816894531,91.66000366210938,91.87999725341797,77.91820526123047,3561800,
2022-09-06,92.2699966430664,93.0999984741211,91.76000213623047,92.70999908447266,78.62208557128906,4591800,
2022-09-07,92.70999908447266,94.70999908447266,92.66999816894531,94.5199966430664,80.15705108642578,3681100,
2022-09-08,94.02999877929688,95.11000061035156,93.75,94.77999877929688,80.37755584716797,3408300,
2022-09-09,95.08000183105469,96.13999938964844,94.68000030517578,95.80999755859375,81.25102996826172,4129900,
2022-09-12,96.19000244140625,96.91999816894531,96.06999969482422,96.73999786376953,82.03970336914062,2737500,
2022-09-13,94.8499984741211,95.11000061035156,92.73999786376953,93.04000091552734,78.90194702148438,4824900,
2022-09-14,92.6500015258789,92.93000030517578,91.33000183105469,91.9800033569336,78.00301361083984,5301500,
2022-09-15,92.01000213623047,92.27999877929688,90.18000030517578,90.27999877929688,76.56135559082031,6727800,
2022-09-16,89.80999755859375,90.38999938964844,89.0999984741211,90.29000091552734,76.56983947753906,6807800,
2022-09-19,89.4800033569336,90.19999694824219,88.87999725341797,90.16000366210938,76.45957946777344,4467100,
2022-09-20,89.31999969482422,89.4000015258789,87.5199966430664,87.97000122070312,74.60237884521484,5850800,
2022-09-21,88.58000183105469,89.0999984741211,86.55000305175781,86.58000183105469,73.42359924316406,7128900,
2022-09-22,86.31999969482422,86.36000061035156,85.18000030517578,85.4800033569336,72.4907455444336,6743600,
2022-09-23,83.69999694824219,84.12999725341797,82.5199966430664,83.44000244140625,71.52721405029297,8982100,"{""dividend_amount"": 0.916}"
2022-09-26,82.98999786376953,83.05000305175781,80.25,81.0999984741211,69.52130889892578,8119600,
2022-09-27,81.80000305175781,82.3499984741211,79.81999969482422,80.0199966430664,68.59547424316406,10015000,
2022-09-28,80.75,82.01000213623047,79.93000030517578,81.68000030517578,70.01850128173828,9000200,
2022-09-29,80.86000061035156,80.86000061035156,78.7300033569336,79.27999877929688,67.96114349365234,8576300,
2022-09-30,79.69999694824219,80.73999786376953,79.5,80.16999816894531,68.72406005859375,9023600,
2022-10-03,81.4000015258789,82.11000061035156,80.04000091552734,81.5999984741211,69.94990539550781,8718400,
2022-10-04,82.55000305175781,83.87000274658203,82.43000030517578,83.25,71.36433410644531,6439300,
2022-10-05,82.12000274658203,82.25,80.2699966430664,81.62000274658203,69.9670639038086,6518400,
2022-10-06,81.38999938964844,81.72000122070312,79.18000030517578,79.3499984741211,68.02115631103516,7820800,
2022-10-07,78.5999984741211,79.04000091552734,76.91999816894531,77.44000244140625,66.38385772705078,6913700,
2022-10-10,77.55000305175781,78.20999908447266,76.58999633789062,76.70999908447266,65.75804138183594,6549500,
2022-10-11,76.66000366210938,78.0199966430664,75.76000213623047,77.48999786376953,66.42669677734375,7189700,
2022-10-12,77.5,77.5,76.19999694824219,76.68000030517578,65.73234558105469,6634400,
2022-10-13,75.1500015258789,78.45999908447266,74.66000366210938,78.08000183105469,66.93245697021484,8561200,
2022-10-14,78.68000030517578,79.27999877929688,76.02999877929688,76.13999938964844,65.26943969726562,7320700,
2022-10-17,77.55000305175781,79.30999755859375,77.48999786376953,79.01000213623047,67.72970581054688,5823800,
2022-10-18,80.30999755859375,80.98999786376953,79.12999725341797,79.87000274658203,68.46690368652344,5609200,
2022-10-19,79.08999633789062,79.3499984741211,77.4000015258789,77.87999725341797,66.76102447509766,6452100,
2022-10-20,77.91999816894531,78.79000091552734,77.31999969482422,77.54000091552734,66.46955871582031,4959700,
2022-10-21,77.80999755859375,78.19000244140625,76.54000091552734,78.1500015258789,66.99247741699219,6060100,
2022-10-24,78.79000091552734,79.11000061035156,77.56999969482422,78.13999938964844,66.9839096069336,4918000,
2022-10-25,78.41000366210938,81.36000061035156,78.41000366210938,81.20999908447266,69.6156005859375,5815800,
2022-10-26,81.12999725341797,81.91000366210938,80.61000061035156,81.16000366210938,69.57273864746094,5746800,
2022-10-27,81.61000061035156,82.22000122070312,81.0199966430664,81.27999877929688,69.67559051513672,5239600,
2022-10-28,80.94999694824219,83.27999877929688,80.72000122070312,83.06999969482422,71.21003723144531,4651400,
2022-10-31,82.30000305175781,83.43000030517578,82.08000183105469,82.9800033569336,71.13289642333984,5112200,
2022-11-01,83.87999725341797,84.12999725341797,82.76000213623047,82.94999694824219,71.10717010498047,4751100,
2022-11-02,82.43000030517578,83.41999816894531,80.51000213623047,80.66999816894531,69.1526870727539,7240200,
2022-11-03,79.93000030517578,81.16999816894531,79.02999877929688,80.55999755859375,69.05840301513672,5231600,
2022-11-04,81.19999694824219,82.20999908447266,80.0999984741211,81.66000366210938,70.00135040283203,5664800,
2022-11-07,82.08999633789062,82.55000305175781,81.11000061035156,81.66000366210938,70.00135040283203,5545800,
2022-11-08,81.87999725341797,82.77999877929688,81.38999938964844,81.91000366210938,70.21566009521484,5578400,
2022-11-09,81.70999908447266,82.62000274658203,80.86000061035156,81.06999969482422,69.4955825805664,5510300,
2022-11-10,84.0,87.16999816894531,83.94999694824219,87.0,74.5789566040039,8312600,
2022-11-11,87.02999877929688,87.88999938964844,86.66000366210938,86.98999786376953,74.57038879394531,5928000,
2022-11-14,86.51000213623047,86.62000274658203,84.80999755859375,84.87000274658203,72.75306701660156,6181900,
2022-11-15,86.0,86.38999938964844,84.87999725341797,85.79000091552734,73.54170989990234,5283900,
2022-11-16,85.56999969482422,85.9000015258789,84.80999755859375,85.01000213623047,72.87307739257812,4258200,
2022-11-17,83.95999908447266,84.61000061035156,83.5999984741211,84.43000030517578,72.3758773803711,4463400,
2022-11-18,85.44000244140625,85.83999633789062,84.63999938964844,85.5,73.2931137084961,3854100,
2022-11-21,85.19999694824219,86.02999877929688,84.94000244140625,85.94999694824219,73.67884826660156,3505900,
2022-11-22,86.31999969482422,86.52999877929688,85.76000213623047,86.41999816894531,74.08175659179688,3514700,
2022-11-23,86.30999755859375,86.91000366210938,85.79000091552734,86.48999786376953,74.14176177978516,4423800,
2022-11-25,86.56999969482422,87.05999755859375,86.56999969482422,87.04000091552734,74.6132583618164,1524100,
2022-11-28,86.55000305175781,86.95999908447266,84.51000213623047,84.70999908447266,72.61589813232422,4032700,
2022-11-29,84.77999877929688,86.22000122070312,84.51000213623047,86.11000061035156,73.8160171508789,6035700,
2022-11-30,85.91000366210938,88.13999938964844,85.2699966430664,88.08000183105469,75.50477600097656,7077800,
2022-12-01,88.72000122070312,89.37999725341797,87.16999816894531,87.88999938964844,75.34188842773438,5038900,
2022-12-02,86.8499984741211,88.06999969482422,86.48999786376953,87.62999725341797,75.1189956665039,3953700,
2022-12-05,87.37000274658203,87.37000274658203,85.83999633789062,86.02999877929688,73.74742889404297,5983200,
2022-12-06,86.20999908447266,86.25,84.8499984741211,85.22000122070312,73.0531005859375,5276900,
2022-12-07,85.05000305175781,86.29000091552734,84.87999725341797,85.38999938964844,73.19879913330078,6206700,
2022-12-08,85.66000366210938,86.7699966430664,85.5,85.98999786376953,73.71315002441406,3994400,
2022-12-09,85.70999908447266,86.66000366210938,85.5,85.83000183105469,73.57600402832031,4572500,
2022-12-12,86.02999877929688,86.5,85.05999755859375,86.48999786376953,74.14176177978516,5115900,
2022-12-13,88.87999725341797,89.47000122070312,87.08000183105469,88.08999633789062,75.5133285522461,6864400,
2022-12-14,88.02999877929688,89.11000061035156,87.05000305175781,87.48999786376953,74.99899291992188,6553300,
2022-12-15,86.51000213623047,87.12000274658203,85.83999633789062,86.31999969482422,73.99604034423828,5325500,
2022-12-16,85.41999816894531,85.41999816894531,83.16000366210938,84.08999633789062,72.08440399169922,8166400,
2022-12-19,84.0,84.0,82.5199966430664,83.0199966430664,71.16718292236328,3776100,
2022-12-20,82.62999725341797,83.29000091552734,81.86000061035156,82.80999755859375,70.98714447021484,6614800,
2022-12-21,83.36000061035156,84.41999816894531,83.25,83.5199966430664,71.59577941894531,7101700,
2022-12-22,81.66999816894531,82.05999755859375,80.48999786376953,82.01000213623047,71.29498291015625,6619400,"{""dividend_amount"": 1.164}"
2022-12-23,81.76000213623047,82.7699966430664,81.4000015258789,82.73999786376953,71.92961883544922,3539500,
2022-12-27,82.70999908447266,82.97000122070312,81.9800033569336,82.70999908447266,71.9035415649414,3961900,
2022-12-28,82.87999725341797,83.2699966430664,81.18000030517578,81.30000305175781,70.67777252197266,5168000,
2022-12-29,81.87000274658203,83.26000213623047,81.62999725341797,83.08000183105469,72.22520446777344,5398400,
2022-12-30,82.4800033569336,82.8499984741211,81.5,82.4800033569336,71.7035903930664,4897700,
2023-01-03,83.16999816894531,83.86000061035156,81.66000366210938,82.55999755859375,71.77313232421875,5906600,
2023-01-04,83.25,85.18000030517578,83.16999816894531,84.43000030517578,73.39881896972656,6860200,
2023-01-05,83.76000213623047,83.76000213623047,81.95999908447266,82.16000366210938,71.42539978027344,6839500,
2023-01-06,82.56999969482422,84.66000366210938,82.19999694824219,84.37000274658203,73.34667205810547,5962000,
2023-01-09,84.63999938964844,85.33000183105469,84.04000091552734,84.4000015258789,73.37273406982422,5699200,
2023-01-10,84.2699966430664,84.58999633789062,83.47000122070312,84.58999633789062,73.53791046142578,8040700,
2023-01-11,85.22000122070312,87.6500015258789,85.22000122070312,87.62000274658203,76.17203521728516,5663300,
2023-01-12,88.0,88.86000061035156,87.12999725341797,88.7300033569336,77.13699340820312,5890600,
2023-01-13,87.80000305175781,88.52999877929688,87.52999877929688,88.18000030517578,76.65885925292969,4153800,
2023-01-17,88.30999755859375,88.88999938964844,88.08000183105469,88.43000030517578,76.8761978149414,3943900,
2023-01-18,88.68000030517578,88.9800033569336,86.98999786376953,87.13999938964844,75.75474548339844,5984200,
2023-01-19,86.66000366210938,87.62999725341797,86.61000061035156,86.66000366210938,75.33746337890625,4696800,
2023-01-20,86.68000030517578,87.72000122070312,85.66999816894531,87.69000244140625,76.2328872680664,4251100,
2023-01-23,87.69999694824219,88.58999633789062,87.13999938964844,88.08999633789062,76.58061218261719,5154100,
2023-01-24,87.8499984741211,88.68000030517578,87.0,88.30999755859375,76.7718734741211,3810600,
2023-01-25,87.91000366210938,88.48999786376953,87.5,88.3499984741211,76.806640625,4953300,
2023-01-26,88.8499984741211,89.36000061035156,88.37000274658203,89.33999633789062,77.66728973388672,3939000,
2023-01-27,89.13999938964844,90.68000030517578,89.13999938964844,90.33999633789062,78.5366439819336,4972100,
2023-01-30,89.62000274658203,90.58000183105469,89.1500015258789,89.19000244140625,77.53690338134766,4737700,
2023-01-31,89.29000091552734,91.16999816894531,89.13999938964844,91.05999755859375,79.16256713867188,5449600,
2023-02-01,90.56999969482422,92.23999786376953,89.5999984741211,91.62000274658203,79.64942169189453,9787400,
2023-02-02,92.44999694824219,94.52999877929688,92.41999816894531,93.69999694824219,81.45763397216797,5218600,
2023-02-03,92.38999938964844,92.44000244140625,90.80000305175781,91.94000244140625,79.92759704589844,5353000,
2023-02-06,90.80000305175781,91.37999725341797,90.33999633789062,91.2699966430664,79.34513092041016,3787500,
2023-02-07,90.83999633789062,91.48999786376953,89.87000274658203,91.06999969482422,79.17125701904297,5912700,
2023-02-08,90.6500015258789,91.1500015258789,90.31999969482422,90.63999938964844,78.79743957519531,4886900,
2023-02-09,91.01000213623047,91.52999877929688,89.41000366210938,89.6500015258789,77.93680572509766,2905100,
2023-02-10,89.25,90.12999725341797,88.76000213623047,89.95999908447266,78.20628356933594,3270300,
2023-02-13,90.18000030517578,90.9000015258789,90.08000183105469,90.76000213623047,78.90176391601562,2921900,
2023-02-14,90.47000122070312,91.16000366210938,89.5,90.04000091552734,78.27584075927734,4217600,
2023-02-15,89.48999786376953,90.41999816894531,89.23999786376953,90.4000015258789,78.58880615234375,3669900,
2023-02-16,89.12999725341797,90.30999755859375,88.41999816894531,89.5199966430664,77.82378387451172,4493100,
2023-02-17,89.20999908447266,89.45999908447266,88.31999969482422,89.16999816894531,77.51950073242188,4299600,
2023-02-21,88.61000061035156,88.62000274658203,86.98999786376953,87.37999725341797,75.96337890625,4926400,
2023-02-22,87.5999984741211,87.7699966430664,86.19999694824219,86.58999633789062,75.27659606933594,4456500,
2023-02-23,87.12000274658203,87.47000122070312,86.29000091552734,87.23999786376953,75.84168243408203,6074900,
2023-02-24,86.26000213623047,86.33000183105469,85.2699966430664,85.70999908447266,74.51156616210938,5065400,
2023-02-27,86.54000091552734,87.1500015258789,85.47000122070312,85.83999633789062,74.62457275390625,5170800,
2023-02-28,85.80000305175781,86.83999633789062,85.62000274658203,85.72000122070312,74.52027893066406,7261100,
2023-03-01,85.12000274658203,85.37000274658203,83.95999908447266,84.63999938964844,73.58139038085938,7041800,
2023-03-02,84.04000091552734,85.76000213623047,83.91999816894531,85.62999725341797,74.4420166015625,5208800,
2023-03-03,86.30999755859375,87.12999725341797,86.05999755859375,86.93000030517578,75.57215881347656,4542100,
2023-03-06,87.33000183105469,87.41000366210938,86.38999938964844,86.58999633789062,75.27659606933594,3893700,
2023-03-07,86.52999877929688,86.61000061035156,84.38999938964844,84.56999969482422,73.52052307128906,6540600,
2023-03-08,84.52999877929688,86.04000091552734,84.48999786376953,85.54000091552734,74.36377716064453,5750400,
2023-03-09,85.68000030517578,85.76000213623047,83.4000015258789,83.58000183105469,72.65987396240234,5974200,
2023-03-10,83.45999908447266,83.62999725341797,80.37999725341797,80.80999755859375,70.25178527832031,10351000,
2023-03-13,80.38999938964844,82.95999908447266,80.08999633789062,81.87000274658203,71.17329406738281,16288000,
2023-03-14,83.26000213623047,83.62000274658203,81.7699966430664,82.66000366210938,71.86007690429688,8706400,
2023-03-15,81.30999755859375,82.8499984741211,81.30000305175781,82.5999984741211,71.80789947509766,10284900,
2023-03-16,81.86000061035156,82.83000183105469,80.94999694824219,82.41999816894531,71.65142059326172,10324300,
2023-03-17,82.08000183105469,82.16000366210938,80.47000122070312,80.55000305175781,70.0257568359375,9103200,
2023-03-20,81.16000366210938,81.81999969482422,80.44000244140625,81.47000122070312,70.8255615234375,6300300,
2023-03-21,82.0,82.22000122070312,80.4000015258789,81.11000061035156,70.5125961303711,5024500,
2023-03-22,80.63999938964844,80.66999816894531,78.05999755859375,78.08000183105469,67.87847900390625,8283600,
2023-03-23,78.4800033569336,79.48999786376953,77.30999755859375,77.58999633789062,67.4524917602539,6274400,
2023-03-24,76.45999908447266,78.80999755859375,76.22000122070312,78.79000091552734,69.1822738647461,8380000,"{""dividend_amount"": 0.77}"
2023-03-27,79.26000213623047,79.55000305175781,78.58000183105469,78.69999694824219,69.10324096679688,4956700,
2023-03-28,78.12000274658203,78.86000061035156,77.81999969482422,78.51000213623047,68.93640899658203,4213800,
2023-03-29,79.44000244140625,80.3499984741211,79.30000305175781,80.25,70.4642333984375,6364000,
2023-03-30,81.0199966430664,81.55000305175781,80.9000015258789,81.30000305175781,71.3862075805664,4838000,
2023-03-31,81.7699966430664,83.12000274658203,81.63999938964844,83.04000091552734,72.91400909423828,6148200,
2023-04-03,82.94000244140625,83.62000274658203,81.95999908447266,82.37999725341797,72.33448791503906,7582700,
2023-04-04,82.55000305175781,82.72000122070312,81.72000122070312,82.2699966430664,72.23790740966797,6243400,
2023-04-05,82.04000091552734,82.5999984741211,81.70999908447266,81.83000183105469,71.85157775878906,7024100,
2023-04-06,82.12000274658203,82.44000244140625,81.47000122070312,82.38999938964844,72.3432846069336,7008200,
2023-04-10,82.0,82.79000091552734,81.52999877929688,82.7699966430664,72.67694091796875,3972100,
2023-04-11,82.93000030517578,83.80000305175781,82.5999984741211,83.12000274658203,72.98426818847656,4839400,
2023-04-12,83.86000061035156,83.9800033569336,82.58000183105469,82.72000122070312,72.63304138183594,5920500,
2023-04-13,82.77999877929688,82.83000183105469,81.68000030517578,82.47000122070312,72.41352844238281,3884400,
2023-04-14,82.5199966430664,83.01000213623047,80.56999969482422,81.19000244140625,71.28961181640625,5078300,
2023-04-17,81.19000244140625,82.9000015258789,81.19000244140625,82.87999725341797,72.77352142333984,5148900,
2023-04-18,82.97000122070312,82.9800033569336,82.2699966430664,82.69000244140625,72.60670471191406,4189600,
2023-04-19,82.2699966430664,83.37000274658203,81.97000122070312,83.18000030517578,73.03694152832031,3624200,
2023-04-20,82.68000030517578,82.7699966430664,81.93000030517578,82.36000061035156,72.31692504882812,4604400,
2023-04-21,82.38999938964844,82.7699966430664,81.68000030517578,82.37000274658203,72.32572937011719,5136600,
2023-04-24,82.36000061035156,82.73999786376953,81.41999816894531,82.05999755859375,72.05352783203125,3673500,
2023-04-25,81.5999984741211,81.88999938964844,81.16000366210938,81.25,71.34229278564453,5127500,
2023-04-26,81.08999633789062,81.81999969482422,80.29000091552734,80.47000122070312,70.65741729736328,5128500,
2023-04-27,80.75,82.5199966430664,80.61000061035156,82.29000091552734,72.2554702758789,6439300,
2023-04-28,82.41999816894531,83.70999908447266,82.20999908447266,83.30000305175781,73.14231872558594,5352800,
2023-05-01,83.30999755859375,83.62000274658203,82.55000305175781,82.68000030517578,72.5979232788086,4817200,
2023-05-02,82.47000122070312,82.63999938964844,80.66999816894531,81.27999877929688,71.3686294555664,5442500,
2023-05-03,81.68000030517578,82.58000183105469,80.88999938964844,80.95999908447266,71.08766174316406,7538900,
2023-05-04,80.91999816894531,82.11000061035156,80.43000030517578,81.62999725341797,71.67594909667969,7231800,
2023-05-05,82.11000061035156,83.16999816894531,82.08999633789062,82.98999786376953,72.87010955810547,4560600,
2023-05-08,82.80999755859375,83.06999969482422,82.16999816894531,82.51000213623047,72.44863891601562,4896000,
2023-05-09,82.11000061035156,82.51000213623047,81.25,82.16000366210938,72.14131927490234,4522000,
2023-05-10,82.95999908447266,83.2699966430664,82.0999984741211,82.94999694824219,72.83499908447266,6331600,
2023-05-11,82.36000061035156,82.4000015258789,81.52999877929688,82.04000091552734,72.03596496582031,5175400,
2023-05-12,82.19999694824219,82.29000091552734,81.36000061035156,82.02999877929688,72.02717590332031,3293800,
2023-05-15,82.16999816894531,82.37999725341797,81.68000030517578,81.88999938964844,71.90425109863281,3477400,
2023-05-16,81.69000244140625,81.80000305175781,79.83000183105469,79.83999633789062,70.1042251586914,5401000,
2023-05-17,80.3499984741211,81.05999755859375,79.62000274658203,80.91999816894531,71.05252075195312,4849000,
2023-05-18,80.58000183105469,80.94999694824219,79.91000366210938,80.52999877929688,70.71009063720703,4009000,
2023-05-19,80.88999938964844,81.30999755859375,80.01000213623047,80.4000015258789,70.59593200683594,4803400,
2023-05-22,80.47000122070312,81.37999725341797,80.05000305175781,80.88999938964844,71.02618408203125,4839100,
2023-05-23,80.70999908447266,81.55000305175781,80.02999877929688,80.12999725341797,70.3588638305664,5460000,
2023-05-24,79.68000030517578,79.9000015258789,78.31999969482422,78.41000366210938,68.84860229492188,4910700,
2023-05-25,78.79000091552734,78.97000122070312,77.80999755859375,78.4000015258789,68.83982849121094,4810700,
2023-05-26,78.52999877929688,79.44999694824219,78.18000030517578,79.30000305175781,69.63007354736328,3230700,
2023-05-30,79.58000183105469,80.4800033569336,79.37000274658203,79.5999984741211,69.89349365234375,4449400,
2023-05-31,79.38999938964844,80.18000030517578,79.11000061035156,80.0,70.2447280883789,4673800,
2023-06-01,79.9000015258789,80.4800033569336,79.1500015258789,80.01000213623047,70.25350189208984,4016600,
2023-06-02,80.88999938964844,82.19000244140625,80.73999786376953,81.95999908447266,71.96571350097656,5114900,
2023-06-05,81.86000061035156,82.30999755859375,81.23999786376953,81.38999938964844,71.4652328491211,3936600,
2023-06-06,81.79000091552734,82.33999633789062,81.19999694824219,82.16999816894531,72.15010833740234,4728200,
2023-06-07,82.54000091552734,83.9000015258789,82.1500015258789,83.68000030517578,73.4759750366211,3825200,
2023-06-08,83.30000305175781,83.44000244140625,82.26000213623047,83.16000366210938,73.0193862915039,3097900,
2023-06-09,83.19000244140625,83.33999633789062,82.33999633789062,82.68000030517578,72.5979232788086,3199400,
2023-06-12,82.62000274658203,82.72000122070312,81.94999694824219,82.69999694824219,72.615478515625,4072500,
2023-06-13,82.5999984741211,83.33000183105469,82.3499984741211,83.2300033569336,73.08084869384766,3693700,
2023-06-14,83.56999969482422,84.12999725341797,82.8499984741211,83.54000091552734,73.3530502319336,5042700,
2023-06-15,83.2300033569336,84.12000274658203,82.68000030517578,83.9800033569336,73.7394027709961,4661000,
2023-06-16,84.16000366210938,84.68000030517578,83.73999786376953,83.91999816894531,73.68670654296875,4576900,
2023-06-20,83.62000274658203,83.72000122070312,82.47000122070312,82.93000030517578,72.81743621826172,3826600,
2023-06-21,82.47000122070312,82.7300033569336,81.83000183105469,82.43000030517578,72.3783950805664,4691300,
2023-06-22,82.54000091552734,82.61000061035156,80.76000213623047,81.25,71.34229278564453,5114800,
2023-06-23,80.76000213623047,81.44999694824219,80.0999984741211,80.12999725341797,70.3588638305664,3956400,
2023-06-26,80.12999725341797,82.0999984741211,80.0199966430664,81.9800033569336,71.9832763671875,3246800,
2023-06-27,82.30999755859375,83.22000122070312,81.73999786376953,82.98999786376953,72.87010955810547,3845900,
2023-06-28,82.91000366210938,83.27999877929688,82.37000274658203,83.11000061035156,72.97547912597656,4691000,
2023-06-29,81.94000244140625,83.12999725341797,81.66000366210938,83.0999984741211,73.79064178466797,5033400,"{""dividend_amount"": 0.928}"
2023-06-30,83.80999755859375,84.01000213623047,82.38999938964844,83.55999755859375,74.19911193847656,5758500,
2023-07-03,83.43000030517578,84.75,83.12999725341797,84.37999725341797,74.92723083496094,3632400,
2023-07-05,84.19999694824219,85.0999984741211,83.43000030517578,84.56999969482422,75.09597778320312,5766400,
2023-07-06,83.45999908447266,84.0199966430664,82.36000061035156,83.91999816894531,74.51878356933594,5609000,
2023-07-07,83.5,84.2699966430664,83.31999969482422,83.7300033569336,74.35006713867188,5865300,
2023-07-10,83.47000122070312,84.16000366210938,83.23999786376953,84.08999633789062,74.66974639892578,3855600,
2023-07-11,84.31999969482422,85.33999633789062,84.12000274658203,85.29000091552734,75.73529052734375,4038400,
2023-07-12,86.44000244140625,86.55000305175781,85.66999816894531,85.75,76.1437759399414,5361600,
2023-07-13,85.73999786376953,86.31999969482422,85.26000213623047,86.30000305175781,76.63216400146484,5067100,
2023-07-14,85.9800033569336,86.19000244140625,85.58000183105469,86.12999725341797,76.481201171875,5618100,
2023-07-17,85.91000366210938,86.2300033569336,85.41000366210938,85.56999969482422,75.98394012451172,5610700,
2023-07-18,85.70999908447266,85.83000183105469,84.37999725341797,85.0999984741211,75.56658935546875,4605100,
2023-07-19,85.5999984741211,86.44999694824219,85.58000183105469,86.05999755859375,76.4190444946289,5363700,
2023-07-20,85.7300033569336,85.81999969482422,84.70999908447266,85.77999877929688,76.17041778564453,5667100,
2023-07-21,86.01000213623047,86.41999816894531,85.80000305175781,86.18000030517578,76.5256118774414,4767700,
2023-07-24,86.20999908447266,86.97000122070312,86.1500015258789,86.88999938964844,77.15605926513672,4990600,
2023-07-25,86.56999969482422,87.16999816894531,86.18000030517578,86.2699966430664,76.60551452636719,4968100,
2023-07-26,86.12999725341797,86.83999633789062,86.08999633789062,86.66000366210938,76.95185089111328,7377400,
2023-07-27,87.11000061035156,87.31999969482422,84.70999908447266,84.77999877929688,75.28243255615234,8010000,
2023-07-28,85.79000091552734,86.0,84.55000305175781,84.70999908447266,75.22028350830078,5025800,
2023-07-31,84.94000244140625,85.73999786376953,84.66999816894531,85.26000213623047,75.70865631103516,6121600,
2023-08-01,85.04000091552734,85.41999816894531,84.66999816894531,85.12000274658203,75.5843505859375,4641600,
2023-08-02,84.41000366210938,84.81999969482422,84.08999633789062,84.62999725341797,75.14924621582031,4147000,
2023-08-03,83.80999755859375,83.83000183105469,82.58999633789062,83.70999908447266,74.33230590820312,6454100,
2023-08-04,83.48999786376953,84.2300033569336,82.73999786376953,83.02999877929688,73.7284927368164,5148300,
2023-08-07,83.25,84.11000061035156,83.08999633789062,84.06999969482422,74.65196228027344,3906500,
2023-08-08,83.4000015258789,83.7300033569336,82.7300033569336,83.52999877929688,74.1724624633789,3854800,
2023-08-09,83.26000213623047,83.9800033569336,82.95999908447266,83.5199966430664,74.16358184814453,2960200,
2023-08-10,83.69999694824219,84.38999938964844,82.9800033569336,83.19999694824219,73.87943267822266,4451100,
2023-08-11,82.88999938964844,83.44999694824219,82.62999725341797,83.33000183105469,73.994873046875,3654700,
2023-08-14,83.19000244140625,83.19000244140625,82.52999877929688,82.77999877929688,73.5064926147461,3376700,
2023-08-15,82.12999725341797,82.41000366210938,81.66999816894531,81.8499984741211,72.68067169189453,3398400,
2023-08-16,81.91000366210938,81.97000122070312,80.79000091552734,80.83999633789062,71.7838134765625,3703700,
2023-08-17,80.91999816894531,81.44000244140625,80.16000366210938,80.19000244140625,71.20664978027344,4069800,
2023-08-18,79.62000274658203,80.61000061035156,79.5,80.44000244140625,71.42862701416016,3307400,
2023-08-21,80.25,80.27999877929688,79.04000091552734,79.69999694824219,70.77151489257812,3789800,
2023-08-22,79.9800033569336,80.25,79.68000030517578,79.93000030517578,70.97576904296875,3380200,
2023-08-23,80.19999694824219,81.29000091552734,80.19999694824219,81.19000244140625,72.09461975097656,3257800,
2023-08-24,81.41999816894531,82.30999755859375,80.80999755859375,80.87999725341797,71.81935119628906,4523800,
2023-08-25,80.98999786376953,81.5,80.58999633789062,80.94000244140625,71.87262725830078,4252000,
2023-08-28,81.2699966430664,82.13999938964844,81.2699966430664,81.69999694824219,72.54747009277344,3448800,
2023-08-29,81.66999816894531,82.72000122070312,81.37999725341797,82.69000244140625,73.42658233642578,3515300,
2023-08-30,82.70999908447266,83.20999908447266,82.62000274658203,82.98999786376953,73.6929702758789,3042100,
2023-08-31,83.0,83.12999725341797,82.37999725341797,82.37999725341797,73.15129089355469,3410200,
2023-09-01,82.9000015258789,83.16999816894531,82.30000305175781,82.5199966430664,73.27560424804688,3403900,
2023-09-05,82.27999877929688,82.44999694824219,81.52999877929688,81.55999755859375,72.42315673828125,3578000,
2023-09-06,81.44999694824219,81.72000122070312,80.77999877929688,81.38999938964844,72.27220916748047,3681300,
2023-09-07,81.12999725341797,82.26000213623047,81.12999725341797,81.9000015258789,72.72506713867188,5056100,
2023-09-08,81.95999908447266,82.18000030517578,81.38999938964844,81.58000183105469,72.44091796875,3317400,
2023-09-11,81.69000244140625,81.83999633789062,81.18000030517578,81.58999633789062,72.4498062133789,2813600,
2023-09-12,81.41999816894531,81.72000122070312,81.01000213623047,81.55000305175781,72.41429138183594,2959200,
2023-09-13,81.54000091552734,81.62000274658203,80.45999908447266,80.66000366210938,71.62398529052734,3989000,
2023-09-14,81.12000274658203,82.30000305175781,81.12000274658203,82.12000274658203,72.9204330444336,3926600,
2023-09-15,81.70999908447266,82.06999969482422,81.48999786376953,81.80999755859375,72.64514923095703,3784500,
2023-09-18,81.80999755859375,81.80999755859375,80.87000274658203,81.08000183105469,71.99693298339844,3117700,
2023-09-19,80.94000244140625,81.30999755859375,80.4800033569336,80.70999908447266,71.66837310791016,2742500,
2023-09-20,81.37000274658203,81.77999877929688,80.7699966430664,80.77999877929688,71.73054504394531,3827800,
2023-09-21,80.18000030517578,80.30000305175781,78.0,78.02999877929688,69.2885971069336,6202200,
2023-09-22,78.05999755859375,78.48999786376953,77.37999725341797,77.44000244140625,68.76472473144531,5061200,
2023-09-25,77.12999725341797,77.44000244140625,76.79000091552734,77.37000274658203,68.70255279541016,3928200,
2023-09-26,76.91000366210938,77.06999969482422,75.69000244140625,75.95999908447266,67.45050811767578,5220800,
2023-09-27,76.2300033569336,76.6500015258789,75.05000305175781,75.44999694824219,66.99763488769531,6657600,
2023-09-28,75.0,75.75,74.8499984741211,75.44000244140625,67.64051055908203,6659600,"{""dividend_amount"": 0.727}"
2023-09-29,76.44000244140625,76.7699966430664,75.22000122070312,75.66000366210938,67.8377685546875,6630600,
2023-10-02,75.41000366210938,75.69999694824219,73.80000305175781,74.2699966430664,66.59146881103516,7564300,
2023-10-03,73.86000061035156,74.1500015258789,72.58999633789062,72.81999969482422,65.29137420654297,7121000,
2023-10-04,73.20999908447266,73.72000122070312,72.33999633789062,73.70999908447266,66.08938598632812,8748100,
2023-10-05,73.55000305175781,74.20999908447266,73.23999786376953,74.12000274658203,66.45699310302734,5306900,
2023-10-06,73.45999908447266,74.77999877929688,72.75,74.31999969482422,66.63630676269531,5919900,
2023-10-09,73.83999633789062,75.41000366210938,73.76000213623047,75.12999725341797,67.36255645751953,3848200,
2023-10-10,75.1500015258789,76.1500015258789,74.80000305175781,75.48999786376953,67.68533325195312,4585700,
2023-10-11,76.0999984741211,76.8499984741211,75.94999694824219,76.80000305175781,68.85990905761719,6128600,
2023-10-12,76.55999755859375,76.6500015258789,75.29000091552734,75.68000030517578,67.85569763183594,4429000,
2023-10-13,76.04000091552734,76.26000213623047,75.1500015258789,75.48999786376953,67.68533325195312,5860800,
2023-10-16,76.0199966430664,76.5999984741211,75.25,76.38999938964844,68.49229431152344,4381800,
2023-10-17,75.68000030517578,77.27999877929688,75.68000030517578,76.27999877929688,68.39366912841797,5419300,
2023-10-18,75.70999908447266,75.97000122070312,74.5999984741211,74.66000366210938,66.94114685058594,4853700,
2023-10-19,74.01000213623047,74.66000366210938,72.73999786376953,72.88999938964844,65.3541488647461,8238400,
2023-10-20,73.0,73.45999908447266,72.3499984741211,72.4000015258789,64.91481018066406,5874400,
2023-10-23,71.7300033569336,72.69000244140625,71.48999786376953,71.69000244140625,64.27821350097656,6906600,
2023-10-24,71.9800033569336,72.80999755859375,71.95999908447266,72.61000061035156,65.10309600830078,5755200,
2023-10-25,71.87000274658203,72.13999938964844,70.94999694824219,71.05000305175781,63.70438766479492,6254500,
2023-10-26,71.41000366210938,72.9000015258789,71.36000061035156,72.41000366210938,64.92377471923828,8144400,
2023-10-27,72.68000030517578,72.68000030517578,71.01000213623047,71.25,63.88370132446289,12043000,
2023-10-30,71.68000030517578,72.2300033569336,70.61000061035156,71.69999694824219,64.28717803955078,7041000,
2023-10-31,72.2699966430664,73.0,71.58000183105469,72.91999816894531,65.38105010986328,5964700,
2023-11-01,73.0199966430664,73.44000244140625,72.54000091552734,73.37000274658203,65.78453063964844,7021600,
2023-11-02,74.5999984741211,75.98999786376953,74.43000030517578,75.77999877929688,67.94535827636719,6450300,
2023-11-03,77.04000091552734,78.61000061035156,77.0199966430664,77.58999633789062,69.56822967529297,6394100,
2023-11-06,77.43000030517578,77.4800033569336,76.08000183105469,76.47000122070312,68.56402587890625,4432100,
2023-11-07,76.37000274658203,76.52999877929688,75.7300033569336,75.83999633789062,67.99916076660156,5235300,
2023-11-08,76.05999755859375,76.37999725341797,75.76000213623047,76.08999633789062,68.22330474853516,4398300,
2023-11-09,76.3499984741211,76.4000015258789,74.72000122070312,74.88999938964844,67.14736938476562,4922800,
2023-11-10,75.2699966430664,75.75,74.69000244140625,75.58999633789062,67.77500915527344,3943800,
2023-11-13,75.02999877929688,75.27999877929688,74.51000213623047,74.95999908447266,67.21014404296875,3791200,
2023-11-14,77.4000015258789,79.80999755859375,77.25,79.12000274658203,70.94004821777344,7493800,
2023-11-15,79.05000305175781,80.06999969482422,78.9800033569336,79.3499984741211,71.14627075195312,6033400,
2023-11-16,79.5,79.73999786376953,78.93000030517578,79.18000030517578,70.99384307861328,4879800,
2023-11-17,79.86000061035156,79.87999725341797,78.79000091552734,79.12000274658203,70.94004821777344,4379000,
2023-11-20,79.02999877929688,79.69999694824219,78.38999938964844,79.69999694824219,71.46007537841797,4225000,
2023-11-21,79.36000061035156,79.44000244140625,78.94000244140625,79.13999938964844,70.9579849243164,3703600,
2023-11-22,79.86000061035156,80.08999633789062,79.16999816894531,79.52999877929688,71.30766296386719,5280200,
2023-11-24,79.33999633789062,79.81999969482422,78.97000122070312,79.76000213623047,71.51388549804688,1893600,
2023-11-27,79.80000305175781,80.48999786376953,79.43000030517578,80.05000305175781,71.77388763427734,5790800,
2023-11-28,79.83999633789062,80.6500015258789,79.43000030517578,80.58000183105469,72.24910736083984,5811300,
2023-11-29,81.16000366210938,81.93000030517578,81.04000091552734,81.13999938964844,72.751220703125,4605400,
2023-11-30,81.08000183105469,81.77999877929688,80.79000091552734,81.7300033569336,73.28020477294922,4118600,
2023-12-01,81.66000366210938,83.75,81.41999816894531,83.73999786376953,75.08238983154297,7182800,
2023-12-04,83.37999725341797,84.37000274658203,83.19000244140625,84.3499984741211,75.62934112548828,6740500,
2023-12-05,83.9000015258789,84.04000091552734,83.36000061035156,83.79000091552734,75.12724304199219,6149900,
2023-12-06,84.20999908447266,84.77999877929688,83.4800033569336,83.54000091552734,74.903076171875,4405000,
2023-12-07,83.58999633789062,84.04000091552734,83.20999908447266,83.77999877929688,75.11825561523438,6631500,
2023-12-08,83.48999786376953,83.8499984741211,82.79000091552734,83.63999938964844,74.99275207519531,3416900,
2023-12-11,83.36000061035156,84.0199966430664,83.23999786376953,83.87000274658203,75.19896697998047,3143200,
2023-12-12,83.86000061035156,84.12999725341797,83.37999725341797,83.81999969482422,75.15413665771484,3158400,
2023-12-13,83.94000244140625,87.33000183105469,83.70999908447266,87.02999877929688,78.03225708007812,5649600,
2023-12-14,88.6500015258789,90.08999633789062,88.63999938964844,89.54000091552734,80.28275299072266,6918500,
2023-12-15,89.33000183105469,89.37999725341797,87.63999938964844,88.27999877929688,79.15302276611328,7666400,
2023-12-18,88.69999694824219,88.7699966430664,87.9800033569336,88.08000183105469,78.97370147705078,6353800,
2023-12-19,88.5,89.0,88.41999816894531,88.75,79.57443237304688,5786900,
2023-12-20,88.83999633789062,89.45999908447266,87.61000061035156,87.66999816894531,78.60607147216797,6072600,
2023-12-21,87.3499984741211,87.58999633789062,86.43000030517578,87.37000274658203,79.30319213867188,4430000,"{""dividend_amount"": 1.068}"
2023-12-22,87.70999908447266,88.41000366210938,87.2699966430664,87.70999908447266,79.61180114746094,5100300,
2023-12-26,87.68000030517578,88.5999984741211,87.58999633789062,88.36000061035156,80.2017822265625,4336600,
2023-12-27,88.52999877929688,88.9000015258789,88.12999725341797,88.79000091552734,80.59207153320312,5383600,
2023-12-28,88.68000030517578,89.41999816894531,88.55999755859375,89.41999816894531,81.1639175415039,3879100,
2023-12-29,89.0999984741211,89.16999816894531,88.26000213623047,88.36000061035156,80.2017822265625,5331500,
2024-01-02,88.05000305175781,89.26000213623047,87.68000030517578,89.12000274658203,80.89160919189453,6057900,
2024-01-03,88.41999816894531,88.41999816894531,86.81999969482422,86.98999786376953,78.95826721191406,5159600,
2024-01-04,86.81999969482422,87.41999816894531,86.44999694824219,86.83000183105469,78.81304168701172,5609900,
2024-01-05,86.19999694824219,87.37000274658203,85.69999694824219,86.61000061035156,78.61334228515625,3805800,
2024-01-08,86.55999755859375,87.94999694824219,86.36000061035156,87.8499984741211,79.7388687133789,5372100,
2024-01-09,87.0,87.61000061035156,86.58000183105469,87.26000213623047,79.2033462524414,3819000,
2024-01-10,87.44000244140625,87.7699966430664,87.04000091552734,87.36000061035156,79.29411315917969,3649900,
2024-01-11,87.18000030517578,87.18000030517578,86.05000305175781,86.55000305175781,78.55889129638672,5512700,
2024-01-12,87.41999816894531,87.69999694824219,86.62999725341797,87.06999969482422,79.03086853027344,3070300,
2024-01-16,86.58000183105469,86.97000122070312,86.1500015258789,86.43000030517578,78.44998168945312,5125800,
2024-01-17,85.25,86.33000183105469,83.98999786376953,84.8499984741211,77.01585388183594,4898900,
2024-01-18,84.9800033569336,85.30000305175781,83.77999877929688,84.38999938964844,76.59832000732422,4537800,
2024-01-19,84.58999633789062,85.68000030517578,83.94999694824219,85.4000015258789,77.51508331298828,6188700,
2024-01-22,85.69999694824219,86.73999786376953,85.5199966430664,85.91000366210938,77.97798919677734,4203000,
2024-01-23,86.23999786376953,86.52999877929688,85.02999877929688,85.31999969482422,77.44245910644531,4821800,
2024-01-24,86.19000244140625,86.2699966430664,84.04000091552734,84.0999984741211,76.33509826660156,3265600,
2024-01-25,85.11000061035156,85.62000274658203,84.76000213623047,85.18000030517578,77.31538391113281,4394300,
2024-01-26,85.3499984741211,85.58999633789062,84.75,84.94000244140625,77.09754943847656,2783200,
2024-01-29,84.91999816894531,85.66999816894531,84.69000244140625,85.5,77.60584259033203,3591900,
2024-01-30,85.12999725341797,85.43000030517578,84.54000091552734,84.69999694824219,76.87970733642578,4580900,
2024-01-31,84.9800033569336,85.62999725341797,83.7300033569336,83.88999938964844,76.14449310302734,8892900,
2024-02-01,83.80000305175781,85.44000244140625,83.33999633789062,85.41000366210938,77.5241470336914,8950700,
2024-02-02,84.18000030517578,84.87999725341797,82.94000244140625,84.3499984741211,76.56201934814453,7935800,
2024-02-05,83.30000305175781,83.30000305175781,82.33000183105469,82.58000183105469,74.9554443359375,6269400,
2024-02-06,82.70999908447266,83.8499984741211,82.41000366210938,83.69000244140625,75.96296691894531,5482300,
2024-02-07,83.98999786376953,84.06999969482422,83.0999984741211,83.56999969482422,75.8540267944336,5074200,
2024-02-08,83.33000183105469,84.48999786376953,83.33000183105469,84.25,76.47125244140625,3697200,
2024-02-09,84.19999694824219,84.5199966430664,83.43000030517578,84.37999725341797,76.58924102783203,3478100,
2024-02-12,84.54000091552734,85.01000213623047,84.22000122070312,84.4000015258789,76.60741424560547,3949000,
2024-02-13,82.58000183105469,82.68000030517578,81.54000091552734,82.66000366210938,75.02806854248047,6203500,
2024-02-14,83.0199966430664,83.77999877929688,82.62000274658203,83.30999755859375,75.61804962158203,5264400,
2024-02-15,84.06999969482422,85.33999633789062,84.0199966430664,85.25,77.3789291381836,5164800,
2024-02-16,84.25,84.86000061035156,83.6500015258789,84.37000274658203,76.5801773071289,4781000,
2024-02-20,83.87999725341797,84.55999755859375,83.4800033569336,84.22000122070312,76.44402313232422,4739900,
2024-02-21,84.4000015258789,84.80999755859375,84.06999969482422,84.69000244140625,76.87063598632812,4053000,
2024-02-22,84.95999908447266,85.27999877929688,84.66999816894531,84.8499984741211,77.01585388183594,5000600,
2024-02-23,84.9000015258789,85.30000305175781,84.5999984741211,84.80999755859375,76.97954559326172,4695600,
2024-02-26,84.58999633789062,85.04000091552734,83.72000122070312,83.87999725341797,76.13541412353516,5943300,
2024-02-27,84.33999633789062,84.72000122070312,83.80000305175781,83.9800033569336,76.22618865966797,3857800,
2024-02-28,83.55000305175781,85.3499984741211,83.45999908447266,84.83000183105469,76.9977035522461,5170700,
2024-02-29,85.51000213623047,86.0,85.16000366210938,85.55000305175781,77.65121459960938,6595400,
2024-03-01,85.41999816894531,86.56999969482422,84.52999877929688,86.56999969482422,78.57704162597656,6560900,
2024-03-04,86.33000183105469,87.43000030517578,85.72000122070312,87.37999725341797,79.31224822998047,5319000,
2024-03-05,86.91000366210938,87.54000091552734,85.91999816894531,86.31999969482422,78.35013580322266,4722600,
2024-03-06,86.87999725341797,87.08000183105469,86.23999786376953,86.75,78.74044036865234,4999400,
2024-03-07,87.20999908447266,87.41999816894531,86.30000305175781,86.7300033569336,78.72228240966797,3164100,
2024-03-08,87.5,88.02999877929688,87.30000305175781,87.7300033569336,79.62995910644531,4546400,
2024-03-11,87.54000091552734,88.06999969482422,86.94000244140625,87.30999755859375,79.24872589111328,3467200,
2024-03-12,87.1500015258789,87.4800033569336,86.37000274658203,87.12000274658203,79.07626342773438,3309000,
2024-03-13,86.97000122070312,87.51000213623047,86.4000015258789,86.68000030517578,78.67688751220703,3418600,
2024-03-14,86.31999969482422,86.48999786376953,84.6500015258789,85.37999725341797,77.49691009521484,4155000,
2024-03-15,84.55999755859375,85.5199966430664,84.54000091552734,85.19000244140625,77.32447052001953,4214300,
2024-03-18,85.37999725341797,85.68000030517578,85.06999969482422,85.2300033569336,77.36077880859375,3030800,
2024-03-19,85.1500015258789,85.5199966430664,84.69000244140625,85.19999694824219,77.33353424072266,4165700,
2024-03-20,84.66999816894531,86.0199966430664,84.31999969482422,85.76000213623047,77.84182739257812,4605800,
2024-03-21,86.12999725341797,86.75,85.86000061035156,86.37999725341797,78.40459442138672,3753200,
2024-03-22,85.69000244140625,85.87999725341797,84.51000213623047,84.56999969482422,77.41775512695312,3923200,"{""dividend_amount"": 0.732}"
2024-03-25,84.6500015258789,84.95999908447266,84.05000305175781,84.05000305175781,76.94174194335938,5262400,
2024-03-26,84.2699966430664,84.37000274658203,83.69000244140625,83.70999908447266,76.63048553466797,4923000,
2024-03-27,84.66999816894531,85.9000015258789,84.47000122070312,85.87000274658203,78.60780334472656,5191400,
2024-03-28,86.02999877929688,86.7699966430664,86.02999877929688,86.4800033569336,79.16621398925781,4626900,
2024-04-01,86.73999786376953,86.73999786376953,84.87000274658203,85.02999877929688,77.83885192871094,5331200,
2024-04-02,84.37000274658203,84.44000244140625,83.62999725341797,83.95999908447266,76.85934448242188,5116000,
2024-04-03,83.76000213623047,84.1500015258789,83.41000366210938,84.05000305175781,76.94174194335938,3632700,
2024-04-04,84.73999786376953,85.13999938964844,83.22000122070312,83.51000213623047,76.4474105834961,5953600,
2024-04-05,83.22000122070312,84.13999938964844,83.01000213623047,83.94000244140625,76.8410415649414,4789000,
2024-04-08,84.20999908447266,84.91999816894531,84.12000274658203,84.83999633789062,77.6649169921875,3866900,
2024-04-09,85.1500015258789,85.97000122070312,84.97000122070312,85.97000122070312,78.69934844970703,4075600,
2024-04-10,83.44999694824219,83.70999908447266,81.93000030517578,82.41000366210938,75.4404525756836,8332800,
2024-04-11,82.98999786376953,83.16000366210938,81.86000061035156,82.69000244140625,75.69676208496094,7145900,
2024-04-12,82.19000244140625,82.37999725341797,81.38999938964844,81.70999908447266,74.79964447021484,5451200,
2024-04-15,82.25,82.33000183105469,79.87000274658203,80.31999969482422,73.52719116210938,5478600,
2024-04-16,79.95999908447266,80.05000305175781,78.95999908447266,79.19000244140625,72.49275207519531,6598800,
2024-04-17,79.02999877929688,79.37999725341797,78.55999755859375,78.61000061035156,71.96180725097656,5554700,
2024-04-18,78.93000030517578,79.12000274658203,78.2699966430664,78.62000274658203,71.97096252441406,4158300,
2024-04-19,78.66000366210938,79.3499984741211,78.62999725341797,79.0,72.31881713867188,4585600,
2024-04-22,79.30000305175781,79.86000061035156,78.76000213623047,79.69999694824219,72.95960998535156,3846100,
2024-04-23,79.8499984741211,80.76000213623047,79.72000122070312,80.43000030517578,73.62789154052734,5484100,
2024-04-24,80.12000274658203,80.72000122070312,79.63999938964844,80.58000183105469,73.76521301269531,4513600,
2024-04-25,79.77999877929688,80.25,79.2699966430664,80.12000274658203,73.34410858154297,4082800,
2024-04-26,80.23999786376953,80.97000122070312,80.0,80.16000366210938,73.3807144165039,3367700,
2024-04-29,80.51000213623047,81.2300033569336,80.51000213623047,80.9800033569336,74.13139343261719,4374000,
2024-04-30,80.41000366210938,80.79000091552734,79.58000183105469,79.61000061035156,72.87723541259766,7003900,
2024-05-01,79.5,81.12000274658203,79.37000274658203,79.63999938964844,72.90469360351562,7204200,
2024-05-02,80.38999938964844,80.94000244140625,79.55000305175781,80.76000213623047,73.92997741699219,4804800,
2024-05-03,82.16000366210938,82.63999938964844,81.11000061035156,81.30000305175781,74.42430877685547,4270000,
2024-05-06,81.88999938964844,82.02999877929688,81.05000305175781,81.37000274658203,74.48838806152344,3044800,
2024-05-07,82.01000213623047,82.4000015258789,81.77999877929688,82.13999938964844,75.19325256347656,3667300,
2024-05-08,81.69000244140625,81.69000244140625,81.18000030517578,81.44999694824219,74.5616226196289,4129800,
2024-05-09,82.0999984741211,83.19000244140625,82.0999984741211,83.12000274658203,76.09038543701172,5452200,
2024-05-10,83.25,83.33999633789062,82.63999938964844,82.88999938964844,75.87984466552734,5649800,
2024-05-13,83.19999694824219,83.6500015258789,82.7699966430664,83.16000366210938,76.12701416015625,2848700,
2024-05-14,83.72000122070312,84.16999816894531,83.36000061035156,83.80000305175781,76.71288299560547,3099700,
2024-05-15,85.02999877929688,85.41999816894531,84.76000213623047,84.95999908447266,77.77477264404297,3544900,
2024-05-16,85.04000091552734,85.27999877929688,84.7699966430664,84.9000015258789,77.7198486328125,2577000,
2024-05-17,85.0,85.0999984741211,84.58000183105469,84.88999938964844,77.71070861816406,2791700,
2024-05-20,84.72000122070312,84.97000122070312,84.29000091552734,84.38999938964844,77.25298309326172,2842800,
2024-05-21,84.19000244140625,84.5,84.01000213623047,84.36000061035156,77.22551727294922,2655100,
2024-05-22,84.06999969482422,84.41000366210938,83.3499984741211,83.5999984741211,76.52979278564453,3888000,
2024-05-23,83.5999984741211,83.5999984741211,81.75,81.80000305175781,74.88202667236328,4061100,
2024-05-24,82.19000244140625,82.31999969482422,81.75,81.86000061035156,74.93694305419922,2317800,
2024-05-28,82.25,82.58000183105469,81.2300033569336,81.31999969482422,74.44261169433594,3046600,
2024-05-29,80.5,80.6500015258789,80.16999816894531,80.52999877929688,73.71942138671875,3203100,
2024-05-30,80.93000030517578,81.75,80.93000030517578,81.70999908447266,74.79964447021484,2748800,
2024-05-31,82.20999908447266,83.30000305175781,81.8499984741211,83.23999786376953,76.20024108886719,4176900,
2024-06-03,83.69000244140625,83.69000244140625,82.62000274658203,83.05000305175781,76.02631378173828,3301600,
2024-06-04,82.80999755859375,84.04000091552734,82.80999755859375,83.69000244140625,76.61219024658203,2720700,
2024-06-05,83.73999786376953,83.86000061035156,83.08999633789062,83.58999633789062,76.52063751220703,2373300,
2024-06-06,83.19999694824219,83.7699966430664,82.8499984741211,83.75,76.66710662841797,4002100,
2024-06-07,82.43000030517578,83.18000030517578,82.37000274658203,82.95999908447266,75.94392395019531,3227900,
2024-06-10,82.69999694824219,83.5199966430664,82.0999984741211,83.23999786376953,76.20024108886719,2450800,
2024-06-11,82.8499984741211,83.33000183105469,82.61000061035156,82.94000244140625,75.92561340332031,3261700,
2024-06-12,84.69000244140625,85.33999633789062,83.56999969482422,83.68000030517578,76.60303497314453,4123500,
2024-06-13,83.87000274658203,84.29000091552734,83.37999725341797,84.0199966430664,76.91426849365234,2619900,
2024-06-14,83.7300033569336,84.23999786376953,83.31999969482422,84.0,76.89596557617188,2178600,
2024-06-17,83.51000213623047,84.08999633789062,83.16000366210938,83.66999816894531,76.59386444091797,2168100,
2024-06-18,83.88999938964844,84.30999755859375,83.70999908447266,84.0,76.89596557617188,3073600,
2024-06-20,83.73999786376953,84.04000091552734,83.48999786376953,83.76000213623047,76.67626190185547,2432900,
2024-06-21,83.91999816894531,84.1500015258789,83.4000015258789,83.97000122070312,76.86849212646484,2337000,
2024-06-24,84.01000213623047,85.45999908447266,83.87999725341797,84.62000274658203,77.46353149414062,2834300,
2024-06-25,84.4800033569336,84.5199966430664,83.12999725341797,83.58000183105469,76.51148223876953,2445900,
2024-06-26,83.0,83.58000183105469,82.83999633789062,83.31999969482422,76.27347564697266,3287900,
2024-06-27,83.44999694824219,84.16000366210938,83.26000213623047,84.12999725341797,77.01496887207031,4244800,
2024-06-28,83.48999786376953,84.12000274658203,83.12999725341797,83.76000213623047,77.62944793701172,4090500,"{""dividend_amount"": 1.033}"
2024-07-01,83.69000244140625,83.9000015258789,82.47000122070312,82.97000122070312,76.89724731445312,3274800,
2024-07-02,83.20999908447266,83.48999786376953,82.87999725341797,83.36000061035156,77.25871276855469,3141400,
2024-07-03,83.44999694824219,83.94000244140625,83.2699966430664,83.27999877929688,77.18457794189453,1571500,
2024-07-05,83.44000244140625,83.66999816894531,82.9800033569336,83.51000213623047,77.39775085449219,3217000,
2024-07-08,83.61000061035156,83.9800033569336,83.4000015258789,83.77999877929688,77.64797973632812,3239200,
2024-07-09,83.58000183105469,84.04000091552734,82.94999694824219,83.76000213623047,77.62944793701172,2123200,
2024-07-10,84.0999984741211,84.44999694824219,83.56999969482422,84.37999725341797,78.20407104492188,2482400,
2024-07-11,85.45999908447266,87.0999984741211,85.45999908447266,86.80000305175781,80.44695281982422,4363500,
2024-07-12,87.5,88.0199966430664,87.13999938964844,87.45999908447266,81.05862426757812,3562600,
2024-07-15,87.62000274658203,88.16000366210938,87.37000274658203,88.05000305175781,81.60545349121094,2928700,
2024-07-16,88.61000061035156,89.16000366210938,88.1500015258789,89.12999725341797,82.60640716552734,3029300,
2024-07-17,89.0199966430664,90.33999633789062,89.0199966430664,89.73999786376953,83.17176055908203,4757200,
2024-07-18,89.23999786376953,90.79000091552734,88.7300033569336,88.94999694824219,82.4395751953125,4464700,
2024-07-19,89.08000183105469,89.2300033569336,88.41000366210938,88.79000091552734,82.2912826538086,2809000,
2024-07-22,89.05000305175781,89.80000305175781,88.41000366210938,89.70999908447266,83.14395904541016,3244400,
2024-07-23,89.56999969482422,90.26000213623047,89.16999816894531,89.63999938964844,83.0790786743164,2655400,
2024-07-24,89.58999633789062,90.16999816894531,88.2300033569336,88.31999969482422,81.8556900024414,3844900,
2024-07-25,88.6500015258789,89.68000030517578,87.83999633789062,88.02999877929688,81.5869140625,4723200,
2024-07-26,88.68000030517578,89.87999725341797,88.44000244140625,89.56999969482422,83.01419067382812,3326000,
2024-07-29,89.70999908447266,90.33000183105469,88.91999816894531,90.02999877929688,83.44054412841797,3371100,
2024-07-30,90.37000274658203,90.94000244140625,90.02999877929688,90.7300033569336,84.08930206298828,2854000,
2024-07-31,90.88999938964844,91.54000091552734,90.1500015258789,90.41000366210938,83.792724609375,5633800,
2024-08-01,91.45999908447266,91.81999969482422,90.47000122070312,91.31999969482422,84.63611602783203,6988100,
2024-08-02,91.0999984741211,92.12999725341797,90.44999694824219,91.2699966430664,84.58976745605469,5223600,
2024-08-05,89.4800033569336,91.0199966430664,88.41999816894531,88.66000366210938,82.1707992553711,6852600,
2024-08-06,88.63999938964844,91.37000274658203,88.2699966430664,90.41000366210938,83.792724609375,7321600,
2024-08-07,90.80999755859375,91.8499984741211,89.68000030517578,89.79000091552734,83.21810150146484,4998600,
2024-08-08,89.80000305175781,90.8499984741211,89.5199966430664,90.66999816894531,84.03368377685547,5981200,
2024-08-09,91.0199966430664,91.26000213623047,90.0999984741211,91.08999633789062,84.4229507446289,4133800,
2024-08-12,90.7699966430664,90.77999877929688,89.77999877929688,90.41999816894531,83.80199432373047,2925500,
2024-08-13,91.05999755859375,91.30999755859375,90.55000305175781,91.20999908447266,84.53416442871094,3111300,
2024-08-14,91.37000274658203,91.87999725341797,90.93000030517578,91.44999694824219,84.756591796875,2966300,
2024-08-15,91.58999633789062,91.79000091552734,90.9800033569336,91.37999725341797,84.69172668457031,4054400,
2024-08-16,91.37999725341797,91.69999694824219,90.91999816894531,91.33000183105469,84.64539337158203,2260900,
2024-08-19,91.33000183105469,92.08999633789062,91.31999969482422,92.08999633789062,85.3497543334961,2629800,
2024-08-20,92.19000244140625,92.33999633789062,91.66000366210938,91.9800033569336,85.247802734375,4934200,
2024-08-21,92.08000183105469,92.5199966430664,91.62999725341797,92.47000122070312,85.70194244384766,2965900,
2024-08-22,92.5199966430664,92.83000183105469,92.22000122070312,92.73999786376953,85.9521713256836,3182300,
2024-08-23,93.13999938964844,94.91000366210938,93.08000183105469,94.77999877929688,87.8428726196289,8040200,
2024-08-26,95.16999816894531,95.37000274658203,94.58000183105469,94.73999786376953,87.80579376220703,2748500,
2024-08-27,94.04000091552734,94.94999694824219,93.95999908447266,94.87999725341797,87.935546875,1859300,
2024-08-28,94.86000061035156,95.11000061035156,94.05999755859375,94.51000213623047,87.5926284790039,2664100,
2024-08-29,94.45999908447266,94.62000274658203,93.83999633789062,94.22000122070312,87.3238525390625,3379500,
2024-08-30,94.6500015258789,95.18000030517578,93.95999908447266,95.12999725341797,88.16725158691406,3490000,
2024-09-03,94.73999786376953,95.5,94.48999786376953,95.08000183105469,88.12091064453125,5160800,
2024-09-04,95.31999969482422,96.2300033569336,94.8499984741211,95.3499984741211,88.37114715576172,3041100,
2024-09-05,95.9800033569336,96.13999938964844,94.87000274658203,95.04000091552734,88.08384704589844,6269400,
2024-09-06,95.19000244140625,95.20999908447266,94.19000244140625,94.94999694824219,88.00042724609375,6965800,
2024-09-09,94.95999908447266,96.19000244140625,94.80000305175781,96.01000213623047,88.98284149169922,2906400,
2024-09-10,96.29000091552734,97.44000244140625,96.02999877929688,97.4000015258789,90.27110290527344,6001000,
2024-09-11,96.5199966430664,97.31999969482422,95.41999816894531,97.20999908447266,90.09500122070312,3872100,
2024-09-12,97.43000030517578,97.69000244140625,96.5999984741211,97.62000274658203,90.4749984741211,2713200,
2024-09-13,98.25,98.66000366210938,98.01000213623047,98.63999938964844,91.42035675048828,3402700,
2024-09-16,99.05000305175781,99.41000366210938,98.6500015258789,98.97000122070312,91.7261962890625,4144500,
2024-09-17,99.0999984741211,99.37000274658203,98.04000091552734,98.27999877929688,91.0866928100586,2990700,
2024-09-18,98.43000030517578,99.58000183105469,98.0199966430664,98.16000366210938,90.9754867553711,5097000,
2024-09-19,99.01000213623047,99.05000305175781,97.54000091552734,98.18000030517578,90.9940185546875,4450200,
2024-09-20,97.62000274658203,98.05999755859375,97.44000244140625,97.79000091552734,90.63256072998047,3708500,
2024-09-23,98.45999908447266,98.87000274658203,98.2699966430664,98.76000213623047,91.53156280517578,3320700,
2024-09-24,98.37000274658203,99.18000030517578,98.05000305175781,98.9000015258789,91.66133117675781,3279000,
2024-09-25,99.0,99.22000122070312,98.0199966430664,98.23999786376953,91.04962158203125,2466000,
2024-09-26,98.41000366210938,98.47000122070312,97.08000183105469,97.3499984741211,90.22476959228516,4776900,
2024-09-27,97.33999633789062,97.56999969482422,96.62000274658203,96.66000366210938,90.3397216796875,4932800,"{""dividend_amount"": 0.813}"
2024-09-30,96.48999786376953,97.48999786376953,96.2699966430664,97.41999816894531,91.0500259399414,4207000,
2024-10-01,97.62999725341797,97.80000305175781,96.36000061035156,96.79000091552734,90.46121215820312,4240300,
2024-10-02,95.98999786376953,96.54000091552734,95.75,96.44999694824219,90.14344787597656,5161600,
2024-10-03,96.11000061035156,96.31999969482422,95.2300033569336,95.56999969482422,89.32099151611328,2664400,
2024-10-04,95.02999877929688,95.3499984741211,94.23999786376953,95.11000061035156,88.89107513427734,4602000,
2024-10-07,94.58999633789062,94.58999633789062,93.83999633789062,94.2699966430664,88.10599517822266,3420200,
2024-10-08,94.51000213623047,94.88999938964844,94.08999633789062,94.45999908447266,88.28357696533203,3773700,
2024-10-09,94.27999877929688,94.56999969482422,93.91999816894531,94.55999755859375,88.37704467773438,4120600,
2024-10-10,94.0199966430664,94.66999816894531,93.43000030517578,93.72000122070312,87.59195709228516,2664300,
2024-10-11,94.19999694824219,94.77999877929688,94.0199966430664,94.77999877929688,88.58265686035156,2654000,
2024-10-14,94.5,95.51000213623047,94.27999877929688,95.3499984741211,89.1153793334961,2529100,
2024-10-15,95.80000305175781,97.31999969482422,95.75,96.5,90.190185546875,2808500,
2024-10-16,96.7300033569336,97.69000244140625,96.55000305175781,97.55999755859375,91.18087768554688,3177100,
2024-10-17,97.18000030517578,97.29000091552734,96.5,96.79000091552734,90.46121215820312,2904100,
2024-10-18,97.02999877929688,97.55000305175781,96.66000366210938,97.51000213623047,91.13414001464844,2080200,
2024-10-21,97.02999877929688,97.41999816894531,95.47000122070312,95.5999984741211,89.34902954101562,4143000,
2024-10-22,95.30999755859375,96.08999633789062,95.16000366210938,95.73999786376953,89.4798812866211,2530000,
2024-10-23,95.51000213623047,96.62000274658203,95.41000366210938,96.44000244140625,90.13410949707031,2710500,
2024-10-24,96.55999755859375,97.25,96.4800033569336,96.6500015258789,90.33038330078125,2632300,
2024-10-25,97.30999755859375,97.61000061035156,95.70999908447266,95.73999786376953,89.4798812866211,3834800,
2024-10-28,96.43000030517578,96.98999786376953,95.91999816894531,96.04000091552734,89.76026916503906,2296500,
2024-10-29,95.73999786376953,96.1500015258789,95.04000091552734,95.3499984741211,89.1153793334961,2819600,
2024-10-30,95.3499984741211,96.4800033569336,95.30000305175781,95.7699966430664,89.50791931152344,2930300,
2024-10-31,95.0,95.58000183105469,94.08999633789062,94.1500015258789,87.99384307861328,4946300,
2024-11-01,94.68000030517578,94.91000366210938,93.05999755859375,93.11000061035156,87.02184295654297,4835200,
2024-11-04,93.41000366210938,94.45999908447266,93.37999725341797,94.12999725341797,87.97515106201172,3368200,
2024-11-05,93.61000061035156,95.43000030517578,93.38999938964844,95.37999725341797,89.14341735839844,2398100,
2024-11-06,95.62999725341797,95.62999725341797,92.37000274658203,93.3499984741211,87.24614715576172,6335400,
2024-11-07,93.80000305175781,94.75,93.54000091552734,94.47000122070312,88.29292297363281,4871300,
2024-11-08,94.83000183105469,96.16000366210938,94.69999694824219,95.87999725341797,89.61072540283203,4093600,
2024-11-11,95.80999755859375,96.44000244140625,95.33999633789062,95.4000015258789,89.16211700439453,2279800,
2024-11-12,95.05000305175781,95.45999908447266,94.06999969482422,94.08000183105469,87.92842864990234,4645800,
2024-11-13,94.86000061035156,95.44999694824219,94.45999908447266,94.5999984741211,88.41441345214844,2884300,
2024-11-14,94.5999984741211,94.5999984741211,93.56999969482422,93.75,87.6199951171875,3708000,
2024-11-15,93.41000366210938,93.9800033569336,93.01000213623047,93.80000305175781,87.66673278808594,2786400,
2024-11-18,93.37999725341797,94.4800033569336,93.22000122070312,94.4800033569336,88.3022689819336,2468100,
2024-11-19,94.2300033569336,95.16999816894531,93.77999877929688,94.94000244140625,88.73218536376953,3041600,
2024-11-20,94.55000305175781,94.94999694824219,94.05000305175781,94.81999969482422,88.62003326416016,3143000,
2024-11-21,94.83999633789062,95.80999755859375,94.44999694824219,95.5199966430664,89.27425384521484,2988600,
2024-11-22,95.83999633789062,96.41999816894531,95.83000183105469,96.23999786376953,89.94718933105469,2943700,
2024-11-25,96.80000305175781,98.05999755859375,96.80000305175781,97.58000183105469,91.19956970214844,4001200,
2024-11-26,97.41999816894531,98.06999969482422,97.04000091552734,97.97000122070312,91.56407165527344,2774500,
2024-11-27,98.52999877929688,99.19999694824219,98.51000213623047,98.5999984741211,92.15287017822266,2383100,
2024-11-29,98.75,99.08999633789062,98.04000091552734,98.16000366210938,91.74165344238281,1922400,
2024-12-02,97.66000366210938,97.73999786376953,96.47000122070312,96.7300033569336,90.40515899658203,3659400,
2024-12-03,96.81999969482422,97.11000061035156,96.19000244140625,96.23999786376953,89.94718933105469,1992500,
2024-12-04,96.33999633789062,96.33999633789062,95.47000122070312,95.9800033569336,89.70419311523438,2220300,
2024-12-05,95.58999633789062,95.83999633789062,95.22000122070312,95.75,89.48922729492188,2922300,
2024-12-06,96.01000213623047,96.33000183105469,95.19000244140625,95.61000061035156,89.35838317871094,1866100,
2024-12-09,95.73999786376953,96.19999694824219,95.5999984741211,95.87999725341797,89.61072540283203,2871900,
2024-12-10,95.76000213623047,95.7699966430664,94.19000244140625,94.48999786376953,88.31161499023438,2902100,
2024-12-11,94.52999877929688,94.9800033569336,94.01000213623047,94.2699966430664,88.10599517822266,4294900,
2024-12-12,94.02999877929688,95.12999725341797,94.02999877929688,94.12000274658203,87.96580505371094,2255100,
2024-12-13,93.98999786376953,94.19000244140625,93.58999633789062,93.8499984741211,87.71345520019531,2796200,
2024-12-16,93.80000305175781,94.58000183105469,93.44999694824219,93.5199966430664,87.40503692626953,3644900,
2024-12-17,93.13999938964844,93.83000183105469,92.83000183105469,93.06999969482422,86.98445892333984,3020200,
2024-12-18,92.83000183105469,93.2699966430664,89.20999908447266,89.2300033569336,83.39554595947266,5409800,
2024-12-19,89.47000122070312,90.1500015258789,87.79000091552734,87.8499984741211,82.10578155517578,5403600,
2024-12-20,87.8499984741211,90.33999633789062,87.8499984741211,89.33000183105469,83.489013671875,7622200,
2024-12-23,88.18000030517578,88.93000030517578,87.83999633789062,88.81999969482422,83.81551361083984,4548900,"{""dividend_amount"": 0.856}"
2024-12-24,88.55000305175781,89.51000213623047,88.51000213623047,89.41000366210938,84.37228393554688,2182600,
2024-12-26,89.16999816894531,89.73999786376953,88.7300033569336,89.6500015258789,84.59876251220703,2577400,
2024-12-27,89.12000274658203,89.7699966430664,88.5,88.75,83.74945831298828,3816700,
2024-12-30,88.41999816894531,88.55999755859375,87.44000244140625,88.30999755859375,83.3342514038086,4402400,
2024-12-31,88.97000122070312,89.29000091552734,88.27999877929688,89.08000183105469,84.06086730957031,5045100,
2025-01-02,89.08999633789062,89.2699966430664,88.01000213623047,88.29000091552734,83.31537628173828,5296100,
2025-01-03,88.5,89.54000091552734,88.22000122070312,89.44999694824219,84.41001892089844,3469900,
2025-01-06,89.33000183105469,89.72000122070312,88.16000366210938,88.30000305175781,83.32481384277344,4206500,
2025-01-07,88.68000030517578,88.98999786376953,87.2300033569336,87.45999908447266,82.53214263916016,5679000,
2025-01-08,87.44999694824219,87.76000213623047,86.61000061035156,87.69000244140625,82.74919128417969,5250300,
2025-01-10,86.30999755859375,86.5199966430664,85.4800033569336,85.55000305175781,80.7297592163086,10056500,
2025-01-13,85.4800033569336,86.68000030517578,85.27999877929688,86.5999984741211,81.72059631347656,3740200,
2025-01-14,86.97000122070312,87.58000183105469,86.75,87.38999938964844,82.4660873413086,3829900,
2025-01-15,89.79000091552734,89.87000274658203,87.83999633789062,87.88999938964844,82.93791961669922,3886700,
2025-01-16,88.08999633789062,89.80000305175781,87.80999755859375,89.70999908447266,84.6553726196289,4112800,
2025-01-17,89.97000122070312,90.26000213623047,89.6500015258789,89.6500015258789,84.59876251220703,3672400,
2025-01-21,90.0999984741211,91.38999938964844,90.0199966430664,91.33000183105469,86.1841049194336,3634900,
2025-01-22,91.05999755859375,91.05999755859375,89.68000030517578,89.73999786376953,84.68367004394531,2966300,
2025-01-23,89.88999938964844,90.41999816894531,89.05000305175781,90.4000015258789,85.3064956665039,2706900,
2025-01-24,90.08000183105469,91.29000091552734,90.04000091552734,90.70999908447266,85.5990219116211,3267300,
2025-01-27,90.69999694824219,91.94999694824219,90.58999633789062,91.91999816894531,86.7408447265625,4107700,
2025-01-28,91.6500015258789,91.6500015258789,90.58999633789062,90.80999755859375,85.69338989257812,2373800,
2025-01-29,90.83999633789062,91.08000183105469,89.18000030517578,89.61000061035156,84.5610122680664,2820000,
2025-01-30,90.68000030517578,91.5199966430664,90.0199966430664,90.75,85.63677978515625,3485100,
2025-01-31,90.51000213623047,91.43000030517578,90.30000305175781,90.55000305175781,85.44803619384766,2566200,
2025-02-03,89.75,90.70999908447266,88.91999816894531,90.36000061035156,85.26874542236328,5187600,
2025-02-04,89.80999755859375,90.63999938964844,89.5,90.43000030517578,85.33480072021484,3371500,
2025-02-05,91.27999877929688,91.9000015258789,90.47000122070312,91.69999694824219,86.53324890136719,3310400,
2025-02-06,92.20999908447266,92.20999908447266,91.33999633789062,91.93000030517578,86.75027465820312,3468600,
2025-02-07,92.0999984741211,92.16000366210938,91.0999984741211,91.62999725341797,86.4671859741211,2516200,
2025-02-10,91.79000091552734,91.83999633789062,90.9000015258789,91.58999633789062,86.42943572998047,2195400,
2025-02-11,91.18000030517578,92.02999877929688,91.08999633789062,91.98999786376953,86.80690002441406,2260000,
2025-02-12,90.1500015258789,91.43000030517578,90.01000213623047,91.13999938964844,86.00479888916016,4747200,
2025-02-13,91.0,92.20999908447266,90.80999755859375,92.05000305175781,86.86351776123047,3734300,
2025-02-14,92.27999877929688,92.69000244140625,91.61000061035156,91.62999725341797,86.4671859741211,2344300,
2025-02-18,91.48999786376953,92.36000061035156,91.37000274658203,92.04000091552734,86.85408782958984,2500700,
2025-02-19,91.63999938964844,92.33999633789062,91.44999694824219,92.11000061035156,86.92013549804688,2339100,
2025-02-20,92.04000091552734,92.66000366210938,91.58999633789062,92.55000305175781,87.33536529541016,2920000,
2025-02-21,92.72000122070312,92.7699966430664,91.0999984741211,91.63999938964844,86.47662353515625,2534600,
2025-02-24,91.7699966430664,92.58000183105469,91.37000274658203,92.0,86.81633758544922,3258700,
2025-02-25,92.26000213623047,93.55000305175781,92.26000213623047,93.12999725341797,87.8826675415039,4329200,
2025-02-26,93.33999633789062,93.54000091552734,92.41999816894531,92.73999786376953,87.51464080810547,2828800,
2025-02-27,92.76000213623047,93.66000366210938,92.61000061035156,93.11000061035156,87.8637924194336,2379800,
2025-02-28,93.52999877929688,93.94000244140625,92.81999969482422,93.9000015258789,88.60929107666016,4213800,
2025-03-03,94.04000091552734,94.94999694824219,93.80000305175781,94.33999633789062,89.02449035644531,4596700,
2025-03-04,94.33000183105469,94.9000015258789,93.12000274658203,93.25,87.99591064453125,4541100,
2025-03-05,92.68000030517578,94.45999908447266,92.48999786376953,94.29000091552734,88.9773178100586,2574000,
2025-03-06,93.33999633789062,93.62000274658203,91.63999938964844,91.87000274658203,86.69366455078125,4968800,
2025-03-07,91.9000015258789,92.83999633789062,91.30999755859375,92.41999816894531,87.2126693725586,4447100,
2025-03-10,92.31999969482422,93.31999969482422,91.02999877929688,91.52999877929688,86.37281799316406,3534300,
2025-03-11,91.52999877929688,92.0,89.91000366210938,90.45999908447266,85.36311340332031,3918700,
2025-03-12,90.61000061035156,90.95999908447266,89.76000213623047,90.18000030517578,85.098876953125,3303000,
2025-03-13,90.18000030517578,90.80000305175781,88.29000091552734,88.4000015258789,83.41918182373047,3881600,
2025-03-14,89.16000366210938,90.25,88.6500015258789,90.16999816894531,85.08944702148438,3769100,
2025-03-17,90.04000091552734,92.0,90.04000091552734,91.70999908447266,86.54267120361328,2233300,
2025-03-18,91.56999969482422,92.11000061035156,90.87000274658203,91.2300033569336,86.08973693847656,1956000,
2025-03-19,91.23999786376953,92.02999877929688,90.56999969482422,91.33999633789062,86.19351959228516,1882100,
2025-03-20,91.30999755859375,91.83999633789062,90.87000274658203,91.27999877929688,86.13690948486328,2041100,
2025-03-21,90.75,90.9000015258789,89.70999908447266,90.2699966430664,85.18380737304688,3395100,
2025-03-24,90.8499984741211,91.80999755859375,90.51000213623047,91.66000366210938,86.49549865722656,3719000,
2025-03-25,90.62000274658203,90.73999786376953,89.16999816894531,89.70999908447266,85.52498626708984,4210000,"{""dividend_amount"": 0.932}"
2025-03-26,89.94000244140625,90.52999877929688,89.7300033569336,90.05999755859375,85.85865020751953,3094100,
2025-03-27,90.27999877929688,90.94000244140625,89.61000061035156,89.83000183105469,85.63938903808594,2993000,
2025-03-28,90.12000274658203,90.27999877929688,89.12999725341797,89.70999908447266,85.52498626708984,3602900,
2025-03-31,89.7300033569336,91.08000183105469,89.7300033569336,90.54000091552734,86.3162612915039,2964400,
2025-04-01,90.79000091552734,90.98999786376953,89.4800033569336,90.58000183105469,86.35440826416016,4276600,
2025-04-02,90.27999877929688,91.27999877929688,90.02999877929688,91.12999725341797,86.87873840332031,3427200,
2025-04-03,89.72000122070312,90.79000091552734,87.95999908447266,88.0199966430664,83.913818359375,5784700,
2025-04-04,87.11000061035156,87.25,84.0999984741211,84.19999694824219,80.27203369140625,7803800,
2025-04-07,82.27999877929688,85.31999969482422,80.08999633789062,81.98999786376953,78.16513061523438,13294200,
2025-04-08,83.94999694824219,84.1500015258789,78.8499984741211,79.79000091552734,76.0677490234375,7401100,
2025-04-09,78.33000183105469,84.94000244140625,76.91999816894531,84.55000305175781,80.60570526123047,10990300,
2025-04-10,83.41999816894531,84.41000366210938,80.5,82.62000274658203,78.76573944091797,7442500,
2025-04-11,82.05000305175781,83.80000305175781,81.06999969482422,83.62999725341797,79.72862243652344,5275900,
2025-04-14,84.37000274658203,85.87000274658203,84.12999725341797,85.36000061035156,81.37792205810547,3228000,
2025-04-15,85.61000061035156,86.18000030517578,85.12999725341797,85.62000274658203,81.62579345703125,2443200,
2025-04-16,85.87999725341797,86.6500015258789,84.9800033569336,85.55999755859375,81.56858825683594,2393000,
2025-04-17,85.69999694824219,87.48999786376953,85.69999694824219,86.83999633789062,82.78886413574219,3383500,
2025-04-21,85.97000122070312,86.20999908447266,83.97000122070312,85.02999877929688,81.06331634521484,2406100,
2025-04-22,85.9800033569336,87.04000091552734,85.80000305175781,86.68000030517578,82.6363296508789,2209800,
2025-04-23,87.6500015258789,88.58000183105469,86.36000061035156,86.83999633789062,82.78886413574219,2493100,
2025-04-24,86.88999938964844,87.7699966430664,86.44999694824219,87.16000366210938,83.09395599365234,2080800,
2025-04-25,87.16000366210938,87.3499984741211,86.37999725341797,87.01000213623047,82.95093536376953,2409500,
2025-04-28,86.93000030517578,87.7300033569336,86.66999816894531,87.55000305175781,83.46575927734375,2914900,
2025-04-29,87.51000213623047,88.44000244140625,87.19999694824219,88.0199966430664,83.913818359375,2740300,
2025-04-30,87.5999984741211,88.63999938964844,86.75,88.33000183105469,84.20936584472656,3738300,
2025-05-01,88.63999938964844,89.38999938964844,87.95999908447266,88.62000274658203,84.48583221435547,3574100,
2025-05-02,89.72000122070312,90.0199966430664,89.30000305175781,89.70999908447266,85.52498626708984,2237700,
2025-05-05,89.55999755859375,90.05000305175781,89.02999877929688,89.51000213623047,85.33432006835938,2289900,
2025-05-06,89.0999984741211,89.55000305175781,88.4000015258789,88.81999969482422,84.67650604248047,2579700,
2025-05-07,89.0,89.6500015258789,88.7300033569336,88.91999816894531,84.77184295654297,2220300,
2025-05-08,89.27999877929688,89.43000030517578,88.23999786376953,88.56999969482422,84.43817138671875,2652600,
2025-05-09,88.5,89.4000015258789,88.37000274658203,89.16000366210938,85.00064849853516,3460200,
2025-05-12,90.36000061035156,90.37000274658203,89.11000061035156,89.5999984741211,85.42012023925781,3657300,
2025-05-13,89.58000183105469,89.69000244140625,88.19999694824219,88.45999908447266,84.33329772949219,4178600,
2025-05-14,88.1500015258789,88.1500015258789,87.26000213623047,87.58999633789062,83.50387573242188,3052500,
2025-05-15,87.91000366210938,89.20999908447266,87.81999969482422,89.19000244140625,85.02925109863281,2563000,
2025-05-16,89.19999694824219,90.33000183105469,89.02999877929688,90.30000305175781,86.08747100830078,2580300,
2025-05-19,89.52999877929688,90.43000030517578,89.36000061035156,90.31999969482422,86.10652160644531,2956400,
2025-05-20,89.63999938964844,90.18000030517578,89.58000183105469,89.79000091552734,85.60125732421875,2003300,
2025-05-21,89.12999725341797,89.48999786376953,87.33000183105469,87.4000015258789,83.32275390625,2677200,
2025-05-22,87.45999908447266,87.45999908447266,86.36000061035156,87.0,82.94139862060547,2540100,
2025-05-23,86.83999633789062,87.3499984741211,86.54000091552734,87.08999633789062,83.02720642089844,2123000,
2025-05-27,87.80999755859375,88.81999969482422,87.51000213623047,88.61000061035156,84.47630310058594,2117700,
2025-05-28,88.63999938964844,88.66000366210938,87.93000030517578,88.5199966430664,84.39049530029297,1912800,
2025-05-29,88.58000183105469,89.68000030517578,88.4000015258789,89.31999969482422,85.15319061279297,2440300,
2025-05-30,88.97000122070312,89.55000305175781,88.44999694824219,89.31999969482422,85.15319061279297,2525900,
2025-06-02,88.62999725341797,89.47000122070312,87.83000183105469,89.44000244140625,85.267578125,3101600,
2025-06-03,89.02999877929688,89.4000015258789,88.48999786376953,89.26000213623047,85.09598541259766,2155700,
2025-06-04,89.22000122070312,89.80999755859375,88.80999755859375,89.51000213623047,85.33432006835938,2598200,
2025-06-05,89.55000305175781,89.91000366210938,88.97000122070312,89.44000244140625,85.267578125,3148400,
2025-06-06,89.80000305175781,90.27999877929688,89.38999938964844,89.87000274658203,85.67752075195312,2707200,
2025-06-09,89.9000015258789,90.52999877929688,89.29000091552734,89.98999786376953,85.79192352294922,3676100,
2025-06-10,90.13999938964844,90.81999969482422,90.12000274658203,90.76000213623047,86.5260009765625,4036000,
2025-06-11,90.88999938964844,91.29000091552734,89.94000244140625,90.2699966430664,86.0588607788086,2874600,
2025-06-12,90.20999908447266,90.80000305175781,90.05999755859375,90.70999908447266,86.47834014892578,2007200,
2025-06-13,89.98999786376953,90.55999755859375,89.23999786376953,89.83000183105469,85.63938903808594,2334100,
2025-06-16,90.18000030517578,91.0,89.5999984741211,89.9000015258789,85.70612335205078,2657500,
2025-06-17,89.88999938964844,90.16999816894531,89.2699966430664,89.58000183105469,85.40105438232422,1879400,
2025-06-18,89.81999969482422,90.55999755859375,89.38999938964844,89.88999938964844,85.69659423828125,2945800,
2025-06-20,90.20999908447266,90.68000030517578,89.7300033569336,89.83000183105469,85.63938903808594,2940300,
2025-06-23,90.0,91.25,89.87999725341797,91.18000030517578,86.92642211914062,3142100,
2025-06-24,91.33000183105469,91.7699966430664,90.80999755859375,91.41999816894531,87.15521240234375,2727300,
2025-06-25,90.91000366210938,90.91000366210938,89.16999816894531,89.22000122070312,85.05784606933594,4282500,
2025-06-26,88.54000091552734,88.54000091552734,87.18000030517578,88.2699966430664,84.9789047241211,5886100,"{""dividend_amount"": 0.868}"
2025-06-27,88.29000091552734,89.41000366210938,88.13999938964844,88.48999786376953,85.19070434570312,3179200,
2025-06-30,88.55000305175781,89.0999984741211,87.55000305175781,89.05999755859375,85.73945617675781,8752300,
2025-07-01,88.87999725341797,90.38999938964844,88.7699966430664,89.70999908447266,86.3652114868164,5552800,
2025-07-02,89.5,90.04000091552734,89.13999938964844,89.91999816894531,86.5673828125,3469500,
2025-07-03,89.9800033569336,90.37000274658203,89.66999816894531,90.0199966430664,86.66365814208984,2361700,
2025-07-07,89.98999786376953,90.48999786376953,88.7699966430664,89.25,85.92237854003906,4467500,
2025-07-08,88.9800033569336,89.5999984741211,88.76000213623047,89.12000274658203,85.7972183227539,3631300,
2025-07-09,89.33000183105469,89.44999694824219,88.80999755859375,89.19000244140625,85.86460876464844,3837000,
2025-07-10,89.2699966430664,90.3499984741211,88.9800033569336,89.75,86.40371704101562,5303600,
2025-07-11,89.11000061035156,89.97000122070312,88.80000305175781,89.76000213623047,86.4133529663086,3987600,
2025-07-14,89.7300033569336,90.36000061035156,89.58000183105469,90.33999633789062,86.97172546386719,3256900,
2025-07-15,90.33999633789062,90.43000030517578,88.83999633789062,89.01000213623047,85.69131469726562,4483000,
2025-07-16,89.44999694824219,90.0,88.9800033569336,89.8499984741211,86.49999237060547,4126500,
2025-07-17,89.77999877929688,90.1500015258789,89.33999633789062,89.75,86.40371704101562,3406500,
2025-07-18,89.94999694824219,90.29000091552734,89.56999969482422,89.94000244140625,86.5866470336914,2523700,
2025-07-21,90.55999755859375,90.88999938964844,90.0999984741211,90.30999755859375,86.9428482055664,3904200,
2025-07-22,90.58000183105469,91.94999694824219,90.56999969482422,91.86000061035156,88.43505096435547,2684200,
2025-07-23,92.0,92.18000030517578,91.63999938964844,92.04000091552734,88.60834503173828,2981900,
2025-07-24,91.86000061035156,92.12999725341797,91.66999816894531,91.72000122070312,88.3002700805664,3236600,
2025-07-25,91.8499984741211,91.87000274658203,90.80000305175781,91.7300033569336,88.30990600585938,2960500,
2025-07-28,91.48999786376953,91.52999877929688,90.19999694824219,90.26000213623047,86.89470672607422,2551300,
2025-07-29,90.7699966430664,91.80999755859375,90.31999969482422,91.70999908447266,88.2906494140625,3713600,
2025-07-30,91.66999816894531,91.83000183105469,89.83000183105469,90.41000366210938,87.03912353515625,4407900,
2025-07-31,89.9000015258789,90.36000061035156,89.0199966430664,89.13999938964844,85.81646728515625,4823500,
2025-08-01,90.02999877929688,90.0999984741211,88.29000091552734,88.91999816894531,85.60466766357422,5395600,
2025-08-04,89.11000061035156,90.05999755859375,89.08000183105469,89.83000183105469,86.48075103759766,3385600,
2025-08-05,89.9000015258789,90.33999633789062,89.51000213623047,90.23999786376953,86.87545013427734,3752600,
2025-08-06,90.30000305175781,90.38999938964844,89.5,89.54000091552734,86.20155334472656,3604600,
2025-08-07,90.0,90.0,89.23999786376953,89.80000305175781,86.45186614990234,3345600,
2025-08-08,89.94000244140625,89.98999786376953,88.86000061035156,89.05999755859375,85.73945617675781,3228800,
2025-08-11,88.70999908447266,89.1500015258789,88.44000244140625,88.47000122070312,85.17145538330078,2623500,
2025-08-12,88.73999786376953,88.98999786376953,88.08000183105469,88.97000122070312,85.6528091430664,3240500,
2025-08-13,89.16000366210938,89.94000244140625,88.81999969482422,89.80000305175781,86.45186614990234,3577300,
2025-08-14,89.2300033569336,89.37999725341797,88.58999633789062,89.16000366210938,85.83572387695312,3524500,
2025-08-15,89.16999816894531,89.91999816894531,89.08999633789062,89.66999816894531,86.32669830322266,2399500,
2025-08-18,89.68000030517578,89.81999969482422,88.87999725341797,88.91000366210938,85.59504699707031,2562500,
2025-08-19,89.37999725341797,90.4800033569336,89.29000091552734,90.44000244140625,87.06800079345703,4168400,
2025-08-20,90.66000366210938,91.43000030517578,90.44000244140625,90.69999694824219,87.31829833984375,2931900,
2025-08-21,90.26000213623047,90.76000213623047,90.05999755859375,90.43000030517578,87.0583724975586,2629800,
2025-08-22,91.05999755859375,92.62000274658203,90.9000015258789,92.18000030517578,88.74312591552734,3318700,
2025-08-25,92.01000213623047,92.33999633789062,91.58999633789062,91.6500015258789,88.2328872680664,2968600,
2025-08-26,91.62000274658203,91.91000366210938,91.2300033569336,91.41000366210938,88.0018310546875,2739800,
2025-08-27,91.6500015258789,92.2300033569336,91.58000183105469,91.9800033569336,88.55058288574219,1885400,
2025-08-28,92.01000213623047,92.05000305175781,91.19999694824219,91.73999786376953,88.31953430175781,2525000,
2025-08-29,91.86000061035156,92.2699966430664,91.77999877929688,92.23999786376953,88.80088806152344,2137100,
2025-09-02,91.41000366210938,91.51000213623047,90.38999938964844,90.70999908447266,87.32792663574219,3424400,
2025-09-03,90.54000091552734,90.9800033569336,90.4000015258789,90.76000213623047,87.37606811523438,2505500,
2025-09-04,91.04000091552734,91.5,90.56999969482422,91.44000244140625,88.03071594238281,3689000,
2025-09-05,92.06999969482422,92.91999816894531,91.83000183105469,92.47000122070312,89.0223159790039,3446100,
2025-09-08,91.54000091552734,91.94999694824219,91.23999786376953,91.93000030517578,88.50244903564453,2880400,
2025-09-09,91.66999816894531,91.75,91.33000183105469,91.72000122070312,88.3002700805664,2533900,
2025-09-10,91.7300033569336,92.26000213623047,91.41999816894531,91.56999969482422,88.1558609008789,2242800,
2025-09-11,91.83000183105469,93.41999816894531,91.75,93.23999786376953,89.76360321044922,2671400,
2025-09-12,93.18000030517578,93.33999633789062,92.70999908447266,92.80999755859375,89.3496322631836,2165500,
2025-09-15,93.11000061035156,93.23999786376953,92.38999938964844,92.66000366210938,89.20523071289062,2754600,
2025-09-16,92.6500015258789,92.80000305175781,91.91000366210938,92.16999816894531,88.73348999023438,3260300,
2025-09-17,92.44999694824219,93.58000183105469,91.94999694824219,92.05000305175781,88.61798095703125,4570600,
2025-09-18,92.16000366210938,92.6500015258789,91.94000244140625,92.25,88.81051635742188,2966000,
2025-09-19,92.37000274658203,92.48999786376953,91.6500015258789,91.6500015258789,88.2328872680664,3076000,
2025-09-22,91.68000030517578,91.87000274658203,91.08999633789062,91.66999816894531,88.25214385986328,3646000,
2025-09-23,91.79000091552734,92.38999938964844,91.66999816894531,92.16999816894531,88.73348999023438,3421200,
2025-09-24,91.22000122070312,91.26000213623047,90.38999938964844,90.4000015258789,87.86072540283203,2709200,"{""dividend_amount"": 0.872}"
2025-09-25,90.38999938964844,90.75,90.05999755859375,90.12999725341797,87.59831237792969,4246500,
2025-09-26,90.5,91.18000030517578,90.30000305175781,91.0199966430664,88.46330261230469,5430800,
2025-09-29,91.12000274658203,91.2300033569336,90.6500015258789,91.05000305175781,88.49246978759766,3155100,
2025-09-30,91.08000183105469,91.48999786376953,90.79000091552734,91.41999816894531,88.85206604003906,3002800,
2025-10-01,91.37000274658203,91.87999725341797,91.25,91.55999755859375,88.9881362915039,2933500,
2025-10-02,91.36000061035156,91.36000061035156,90.51000213623047,91.08000183105469,88.5216293334961,4186000,
2025-10-03,91.19999694824219,92.16000366210938,91.19999694824219,91.41999816894531,88.85206604003906,2496500,
2025-10-06,91.4800033569336,91.5,90.52999877929688,90.55999755859375,88.01622772216797,4154400,
2025-10-07,90.62999725341797,90.80999755859375,89.8499984741211,90.2300033569336,87.69550323486328,4546200,
2025-10-08,89.81999969482422,90.0999984741211,89.52999877929688,89.76000213623047,87.23870086669922,3325100,
2025-10-09,89.93000030517578,89.98999786376953,89.04000091552734,89.2699966430664,86.76245880126953,3122700,
2025-10-10,89.5199966430664,89.69000244140625,88.08999633789062,88.12999725341797,85.65447998046875,3996300,
2025-10-13,88.20999908447266,88.77999877929688,88.08000183105469,88.69000244140625,86.19876098632812,2809800,
2025-10-14,88.56999969482422,89.73999786376953,88.38999938964844,89.5999984741211,87.08319091796875,3047700,
2025-10-15,89.91000366210938,91.16000366210938,89.83999633789062,90.9000015258789,88.3466796875,3026500,
2025-10-16,91.06999969482422,91.43000030517578,90.37999725341797,90.58000183105469,88.0356674194336,3719100,
2025-10-17,90.54000091552734,91.27999877929688,90.26000213623047,91.16999816894531,88.60909271240234,2945200,
2025-10-20,91.5999984741211,92.11000061035156,91.38999938964844,92.08999633789062,89.50325012207031,2036800,
2025-10-21,92.0,92.44999694824219,91.68000030517578,91.83000183105469,89.25055694580078,2829500,
2025-10-22,92.11000061035156,92.37000274658203,91.69000244140625,92.22000122070312,89.62960052490234,2490400,
2025-10-23,92.31999969482422,92.56999969482422,91.38999938964844,92.16000366210938,89.5712890625,2687000,
2025-10-24,92.81999969482422,92.93000030517578,92.43000030517578,92.43000030517578,89.83370208740234,2619500,
2025-10-27,92.48999786376953,92.7300033569336,92.08000183105469,92.69000244140625,90.0864028930664,2921900,
2025-10-28,92.47000122070312,92.47000122070312,90.80000305175781,90.87000274658203,88.3175277709961,4635700,
2025-10-29,90.19999694824219,90.36000061035156,88.2300033569336,88.52999877929688,86.04325103759766,5649700,
2025-10-30,88.45999908447266,89.55000305175781,88.19999694824219,88.94999694824219,86.45144653320312,5183100,
2025-10-31,88.5,89.4800033569336,88.16999816894531,89.18000030517578,86.67499542236328,3982700,
2025-11-03,88.19999694824219,89.1500015258789,87.86000061035156,89.05000305175781,86.54864501953125,4522900,
2025-11-04,89.23999786376953,89.33000183105469,88.76000213623047,89.19999694824219,86.69442749023438,4058700,
2025-11-05,89.4800033569336,89.56999969482422,88.73999786376953,89.27999877929688,86.77218627929688,2885900,
2025-11-06,89.19000244140625,89.55000305175781,88.81999969482422,88.8499984741211,86.35426330566406,3421600,
2025-11-07,89.04000091552734,90.25,88.94000244140625,90.2300033569336,87.69550323486328,5277800,
2025-11-10,90.0199966430664,90.58000183105469,89.6500015258789,90.18000030517578,87.64690399169922,3398100,
2025-11-11,90.51000213623047,91.26000213623047,90.48999786376953,91.19000244140625,88.6285400390625,3190200,
2025-11-12,90.75,91.16999816894531,90.4800033569336,90.51000213623047,87.96763610839844,3652300,
2025-11-13,90.02999877929688,90.41000366210938,89.26000213623047,89.4000015258789,86.8888168334961,3734400,
2025-11-14,89.62999725341797,89.73999786376953,89.0999984741211,89.58999633789062,87.07347106933594,3662800,
2025-11-17,89.83000183105469,89.8499984741211,88.5999984741211,88.8499984741211,86.35426330566406,4071900,
2025-11-18,88.80999755859375,89.47000122070312,88.56999969482422,89.20999908447266,86.70415496826172,4281500,
2025-11-19,89.19999694824219,89.30000305175781,88.22000122070312,88.51000213623047,86.02381134033203,4029400,
2025-11-20,89.06999969482422,89.56999969482422,88.11000061035156,88.13999938964844,85.66419982910156,5316600,
2025-11-21,88.66000366210938,89.9000015258789,88.37999725341797,89.56999969482422,87.05403137207031,5770400,
2025-11-24,89.63999938964844,89.94000244140625,89.08999633789062,89.80999755859375,87.28729248046875,3330800,
2025-11-25,90.05000305175781,91.04000091552734,90.05000305175781,90.63999938964844,88.09398651123047,4230300,
2025-11-26,90.43000030517578,91.56999969482422,90.38999938964844,91.04000091552734,88.48274993896484,3298000,
2025-11-28,90.93000030517578,91.5999984741211,90.93000030517578,91.33999633789062,88.7743148803711,1627100,
2025-12-01,90.44999694824219,90.80999755859375,90.2300033569336,90.29000091552734,87.75381469726562,3120800,
2025-12-02,90.5199966430664,90.63999938964844,89.68000030517578,89.97000122070312,87.44279479980469,2736900,
2025-12-03,89.86000061035156,90.41999816894531,89.80999755859375,90.19999694824219,87.66634368896484,3204000,
2025-12-04,90.02999877929688,90.58999633789062,89.87000274658203,89.9800033569336,87.45252227783203,4837500,
2025-12-05,89.81999969482422,90.3499984741211,89.72000122070312,89.87999725341797,87.3553237915039,3859800,
2025-12-08,89.91999816894531,89.91999816894531,89.1500015258789,89.19000244140625,86.6847152709961,3971700,
2025-12-09,89.44000244140625,89.9800033569336,88.81999969482422,88.8499984741211,86.35426330566406,4194000,
2025-12-10,89.12999725341797,89.80999755859375,89.01000213623047,89.16999816894531,86.66527557373047,4633300,
2025-12-11,89.43000030517578,89.91999816894531,89.26000213623047,89.55999755859375,87.04431915283203,5207200,
2025-12-12,89.94999694824219,90.2699966430664,89.2300033569336,89.44999694824219,86.9374008178711,3855900,
2025-12-15,89.81999969482422,89.87999725341797,89.0999984741211,89.7300033569336,87.20954895019531,3914800,
2025-12-16,89.6500015258789,89.9800033569336,88.93000030517578,89.06999969482422,86.56808471679688,3717900,
2025-12-17,88.98999786376953,89.76000213623047,88.9800033569336,89.4000015258789,86.8888168334961,3715300,
2025-12-18,89.83999633789062,89.98999786376953,88.83000183105469,88.93000030517578,86.43201446533203,3818000,
2025-12-19,88.66999816894531,89.16999816894531,88.55000305175781,88.58999633789062,86.10157012939453,4162000,
2025-12-22,87.6500015258789,88.37000274658203,87.4800033569336,88.23999786376953,86.54389953613281,3593800,"{""dividend_amount"": 0.801}"
2025-12-23,88.27999877929688,88.27999877929688,87.87000274658203,88.18000030517578,86.48505401611328,3955900,
2025-12-24,88.20999908447266,88.91000366210938,88.20999908447266,88.76000213623047,87.05390930175781,2730800,
2025-12-26,88.69999694824219,88.91999816894531,88.45999908447266,88.86000061035156,87.1519775390625,2065600,
2025-12-29,89.23999786376953,89.33000183105469,88.79000091552734,89.04000091552734,87.32852172851562,2604000,
2025-12-30,89.0999984741211,89.2699966430664,88.91999816894531,89.22000122070312,87.50505828857422,2813400,
2025-12-31,89.18000030517578,89.19999694824219,88.44999694824219,88.48999786376953,86.78909301757812,3301700,
