timestamp,open,high,low,close,adjusted_close,volume,corporate_action
2017-09-27,44.36000061035156,44.45000076293945,44.09000015258789,44.33000183105469,36.17938995361328,80084700,
2017-09-28,44.099998474121094,44.36000061035156,44.09000015258789,44.29999923706055,36.15488815307617,54957600,
2017-09-29,44.63999938964844,44.91999816894531,44.54999923706055,44.810001373291016,36.57112503051758,70546800,
2017-10-02,44.810001373291016,45.029998779296875,44.790000915527344,44.81999969482422,36.579288482666016,68124300,
2017-10-03,45.18000030517578,45.540000915527344,45.130001068115234,45.529998779296875,37.15874481201172,54087400,
2017-10-04,45.5099983215332,45.630001068115234,45.459999084472656,45.52000045776367,37.15058135986328,45574100,
2017-10-05,45.709999084472656,45.9900016784668,45.70000076293945,45.86000061035156,37.42806625366211,38759200,
2017-10-06,45.439998626708984,45.65999984741211,45.310001373291016,45.630001068115234,37.2403564453125,44870200,
2017-10-09,45.5099983215332,45.599998474121094,45.43000030517578,45.599998474121094,37.21586227416992,25022400,
2017-10-10,45.95000076293945,46.08000183105469,45.88999938964844,46.04999923706055,37.58313751220703,45691800,
2017-10-11,46.040000915527344,46.279998779296875,46.029998779296875,46.2599983215332,37.75452423095703,48802900,
2017-10-12,46.279998779296875,46.369998931884766,46.20000076293945,46.2400016784668,37.738197326660156,35546600,
2017-10-13,46.65999984741211,46.75,46.599998474121094,46.65999984741211,38.08097457885742,61902200,
2017-10-16,46.779998779296875,46.81999969482422,46.619998931884766,46.630001068115234,38.056495666503906,34089400,
2017-10-17,46.5099983215332,46.529998779296875,46.29999923706055,46.38999938964844,37.86062240600586,38828200,
2017-10-18,46.54999923706055,46.650001525878906,46.40999984741211,46.5,37.95039749145508,36187200,
2017-10-19,46.02000045776367,46.119998931884766,45.88999938964844,46.09000015258789,37.615779876708984,51487000,
2017-10-20,46.31999969482422,46.349998474121094,46.18000030517578,46.2599983215332,37.75452423095703,46370200,
2017-10-23,46.18000030517578,46.189998626708984,45.880001068115234,45.88999938964844,37.45255661010742,47564000,
2017-10-24,45.97999954223633,46.13999938964844,45.880001068115234,45.88999938964844,37.45255661010742,40213400,
2017-10-25,46.06999969482422,46.130001068115234,45.43000030517578,45.790000915527344,37.37095260620117,57309600,
2017-10-26,45.81999969482422,45.90999984741211,45.470001220703125,45.47999954223633,37.1179313659668,55320500,
2017-10-27,45.720001220703125,46.189998626708984,45.58000183105469,46.13999938964844,37.656578063964844,55225600,
2017-10-30,45.9900016784668,46.11000061035156,45.790000915527344,45.849998474121094,37.41990661621094,35732500,
2017-10-31,46.130001068115234,46.279998779296875,46.060001373291016,46.279998779296875,37.770843505859375,63902300,
2017-11-01,46.70000076293945,46.849998474121094,46.4900016784668,46.52000045776367,37.96671676635742,51926300,
2017-11-02,46.59000015258789,46.630001068115234,46.36000061035156,46.58000183105469,38.015682220458984,38024500,
2017-11-03,46.540000915527344,46.560001373291016,46.09000015258789,46.34000015258789,37.81980895996094,42909900,
2017-11-06,46.560001373291016,46.869998931884766,46.540000915527344,46.86000061035156,38.24420928955078,30828500,
2017-11-07,46.810001373291016,46.869998931884766,46.4900016784668,46.560001373291016,37.99936294555664,46904400,
2017-11-08,46.70000076293945,46.810001373291016,46.619998931884766,46.779998779296875,38.17891311645508,35006300,
2017-11-09,46.459999084472656,46.59000015258789,46.13999938964844,46.4900016784668,37.942237854003906,39894900,
2017-11-10,46.43000030517578,46.459999084472656,46.189998626708984,46.290000915527344,37.77900695800781,32484400,
2017-11-13,46.130001068115234,46.290000915527344,46.02000045776367,46.189998626708984,37.697391510009766,52239700,
2017-11-14,46.11000061035156,46.15999984741211,45.81999969482422,45.880001068115234,37.444393157958984,56682300,
2017-11-15,45.650001525878906,45.77000045776367,45.45000076293945,45.63999938964844,37.24851989746094,49000900,
2017-11-16,46.310001373291016,46.72999954223633,46.29999923706055,46.59000015258789,38.02383804321289,46316400,
2017-11-17,46.72999954223633,47.02000045776367,46.70000076293945,46.81999969482422,38.21155548095703,46258900,
2017-11-20,46.77000045776367,47.099998474121094,46.75,47.060001373291016,38.407440185546875,45493800,
2017-11-21,47.630001068115234,47.880001068115234,47.61000061035156,47.689998626708984,38.921592712402344,63587700,
2017-11-22,47.84000015258789,47.93000030517578,47.650001525878906,47.810001373291016,39.01953887939453,60764000,
2017-11-24,47.65999984741211,47.7400016784668,47.61000061035156,47.709999084472656,38.937923431396484,25838000,
2017-11-27,47.310001373291016,47.33000183105469,46.9900016784668,47.0099983215332,38.36663055419922,47853200,
2017-11-28,47.38999938964844,47.52000045776367,47.18000030517578,47.36000061035156,38.65227508544922,54357600,
2017-11-29,47.16999816894531,47.16999816894531,46.5,46.61000061035156,38.0401725769043,66269800,
2017-11-30,46.470001220703125,46.47999954223633,46.06999969482422,46.099998474121094,37.623939514160156,118059300,
2017-12-01,45.97999954223633,46.06999969482422,45.619998931884766,45.84000015258789,37.411746978759766,88358900,
2017-12-04,46.349998474121094,46.43000030517578,45.88999938964844,45.93000030517578,37.485198974609375,67381600,
2017-12-05,45.959999084472656,46.209999084472656,45.86000061035156,45.900001525878906,37.460716247558594,32126400,
2017-12-06,45.119998931884766,45.380001068115234,45.060001373291016,45.279998779296875,36.9547119140625,81862800,
2017-12-07,45.400001525878906,45.529998779296875,45.04999923706055,45.40999984741211,37.06080627441406,70820800,
2017-12-08,45.91999816894531,46.0,45.7400016784668,45.939998626708984,37.49335861206055,42794900,
2017-12-11,46.189998626708984,46.2599983215332,46.099998474121094,46.16999816894531,37.681068420410156,46795900,
2017-12-12,45.7400016784668,45.959999084472656,45.65999984741211,45.86000061035156,37.42806625366211,47157800,
2017-12-13,46.150001525878906,46.560001373291016,46.13999938964844,46.40999984741211,37.87694549560547,75946200,
2017-12-14,46.2599983215332,46.380001068115234,46.06999969482422,46.06999969482422,37.599456787109375,50968200,
2017-12-15,46.15999984741211,46.2599983215332,45.93000030517578,46.16999816894531,37.681068420410156,67881200,
2017-12-18,46.56999969482422,46.849998474121094,46.529998779296875,46.689998626708984,38.10546112060547,61186100,
2017-12-19,46.06999969482422,46.06999969482422,45.68000030517578,45.75,37.90413284301758,51306800,"{""dividend_amount"": 0.697}"
2017-12-20,45.959999084472656,46.02000045776367,45.79999923706055,45.810001373291016,37.9538459777832,42832800,
2017-12-21,46.0,46.27000045776367,45.970001220703125,46.11000061035156,38.202392578125,40602200,
2017-12-22,46.290000915527344,46.5099983215332,46.22999954223633,46.5,38.525516510009766,40032700,
2017-12-26,46.41999816894531,46.470001220703125,46.2599983215332,46.459999084472656,38.49237060546875,29614100,
2017-12-27,46.52000045776367,46.63999938964844,46.45000076293945,46.58000183105469,38.591793060302734,35373200,
2017-12-28,47.0099983215332,47.04999923706055,46.790000915527344,46.900001525878906,38.85691452026367,34284300,
2017-12-29,47.279998779296875,47.31999969482422,47.060001373291016,47.119998931884766,39.039180755615234,46485100,
2018-01-02,47.779998779296875,48.06999969482422,47.72999954223633,48.0099983215332,39.77655029296875,68969400,
2018-01-03,48.290000915527344,48.540000915527344,48.279998779296875,48.470001220703125,40.15767288208008,56228700,
2018-01-04,48.59000015258789,48.779998779296875,48.56999969482422,48.709999084472656,40.356510162353516,52154900,
2018-01-05,48.81999969482422,49.13999938964844,48.77000045776367,49.130001068115234,40.70448303222656,50026900,
2018-01-08,49.060001373291016,49.220001220703125,49.02000045776367,49.130001068115234,40.70448303222656,36998200,
2018-01-09,49.119998931884766,49.130001068115234,48.83000183105469,49.04999923706055,40.63820266723633,42131600,
2018-01-10,48.68000030517578,48.84000015258789,48.529998779296875,48.7400016784668,40.381370544433594,72183900,
2018-01-11,48.66999816894531,49.04999923706055,48.65999984741211,49.040000915527344,40.62991714477539,38720900,
2018-01-12,49.13999938964844,49.540000915527344,49.0099983215332,49.5099983215332,41.01931381225586,69358300,
2018-01-16,49.70000076293945,49.849998474121094,49.22999954223633,49.31999969482422,40.86189651489258,80418000,
2018-01-17,49.70000076293945,50.09000015258789,49.630001068115234,49.970001220703125,41.400428771972656,65863500,
2018-01-18,49.959999084472656,50.099998474121094,49.88999938964844,50.029998779296875,41.45014190673828,33947000,
2018-01-19,50.279998779296875,50.439998626708984,50.130001068115234,50.439998626708984,41.78982162475586,60503700,
2018-01-22,50.40999984741211,50.7400016784668,50.29999923706055,50.72999954223633,42.03009033203125,49191200,
2018-01-23,50.72999954223633,50.9900016784668,50.650001525878906,50.970001220703125,42.228939056396484,61277300,
2018-01-24,51.29999923706055,51.52000045776367,51.040000915527344,51.400001525878906,42.58519744873047,63963100,
2018-01-25,51.45000076293945,51.83000183105469,51.209999084472656,51.369998931884766,42.56033706665039,61533700,
2018-01-26,51.72999954223633,52.08000183105469,51.61000061035156,52.08000183105469,43.14857864379883,80566200,
2018-01-29,51.45000076293945,51.5099983215332,51.220001220703125,51.290000915527344,42.494056701660156,58884200,
2018-01-30,50.7400016784668,50.79999923706055,50.380001068115234,50.59000015258789,41.91410446166992,87601400,
2018-01-31,51.279998779296875,51.34000015258789,50.63999938964844,51.029998779296875,42.27863311767578,96654200,
2018-02-01,50.56999969482422,50.849998474121094,50.29999923706055,50.34000015258789,41.70697784423828,72143800,
2018-02-02,49.81999969482422,49.849998474121094,49.0099983215332,49.04999923706055,40.63820266723633,116832800,
2018-02-05,48.97999954223633,49.47999954223633,47.33000183105469,47.33000183105469,39.21316909790039,151202100,
2018-02-06,47.31999969482422,49.279998779296875,47.18000030517578,48.869998931884766,40.48906707763672,183650300,
2018-02-07,48.0,48.52000045776367,47.29999923706055,47.33000183105469,39.21316909790039,156301200,
2018-02-08,47.630001068115234,47.66999816894531,45.630001068115234,45.689998626708984,37.85441970825195,163250200,
2018-02-09,46.310001373291016,46.779998779296875,45.040000915527344,46.41999816894531,38.459232330322266,153419800,
2018-02-12,47.08000183105469,47.4900016784668,46.65999984741211,47.150001525878906,39.06403732299805,104447700,
2018-02-13,47.220001220703125,47.650001525878906,47.16999816894531,47.5099983215332,39.3623046875,55739700,
2018-02-14,47.40999984741211,48.81999969482422,47.38999938964844,48.70000076293945,40.34822082519531,96491500,
2018-02-15,49.560001373291016,49.86000061035156,48.9900016784668,49.70000076293945,41.176727294921875,95168100,
2018-02-16,49.34000015258789,49.9900016784668,49.33000183105469,49.540000915527344,41.044166564941406,70876400,
2018-02-20,48.65999984741211,49.029998779296875,48.59000015258789,48.86000061035156,40.48078155517578,78660300,
2018-02-21,49.29999923706055,49.86000061035156,48.779998779296875,48.81999969482422,40.447654724121094,66591900,
2018-02-22,48.970001220703125,49.349998474121094,48.810001373291016,48.849998474121094,40.472503662109375,62436300,
2018-02-23,49.45000076293945,49.7400016784668,49.2400016784668,49.720001220703125,41.19329833984375,43623300,
2018-02-26,49.849998474121094,50.18000030517578,49.56999969482422,50.18000030517578,41.57442092895508,51742600,
2018-02-27,49.529998779296875,49.59000015258789,48.720001220703125,48.720001220703125,40.36479949951172,94671000,
2018-02-28,48.83000183105469,48.88999938964844,48.02000045776367,48.02000045776367,39.78483200073242,102169900,
2018-03-01,48.369998931884766,48.75,47.5,47.93000030517578,39.71027374267578,112694400,
2018-03-02,47.349998474121094,48.22999954223633,47.11000061035156,48.130001068115234,39.875972747802734,72756200,
2018-03-05,47.61000061035156,48.290000915527344,47.54999923706055,48.20000076293945,39.9339714050293,55905400,
2018-03-06,49.0099983215332,49.029998779296875,48.52000045776367,48.650001525878906,40.30680465698242,57199200,
2018-03-07,48.34000015258789,48.72999954223633,48.119998931884766,48.70000076293945,40.34822082519531,46554800,
2018-03-08,48.790000915527344,48.84000015258789,48.47999954223633,48.709999084472656,40.356510162353516,46733900,
2018-03-09,49.11000061035156,49.77000045776367,49.06999969482422,49.75,41.2181510925293,58818700,
2018-03-12,49.810001373291016,49.970001220703125,49.61000061035156,49.869998931884766,41.31757736206055,52944500,
2018-03-13,50.099998474121094,50.18000030517578,49.2400016784668,49.41999816894531,40.94475173950195,60376000,
2018-03-14,49.790000915527344,49.86000061035156,49.22999954223633,49.5,41.01102828979492,51067200,
2018-03-15,49.65999984741211,49.72999954223633,49.13999938964844,49.31999969482422,40.86189651489258,65778900,
2018-03-16,49.13999938964844,49.349998474121094,49.119998931884766,49.209999084472656,40.77076721191406,66155800,
2018-03-19,48.88999938964844,49.0,48.38999938964844,48.68000030517578,40.331661224365234,65394200,
2018-03-20,49.09000015258789,49.34000015258789,48.97999954223633,49.220001220703125,40.779052734375,60101700,
2018-03-21,49.15999984741211,49.70000076293945,49.0099983215332,49.5099983215332,41.01931381225586,78575100,
2018-03-22,48.369998931884766,48.61000061035156,47.779998779296875,47.86000061035156,39.65228271484375,87622700,
2018-03-23,47.939998626708984,48.02000045776367,46.869998931884766,46.88999938964844,38.848628997802734,82908800,
2018-03-26,48.099998474121094,48.470001220703125,47.54999923706055,48.40999984741211,40.10795974731445,73320800,
2018-03-27,48.45000076293945,48.52000045776367,47.41999816894531,47.529998779296875,39.37887191772461,84232100,
2018-03-28,47.380001068115234,47.54999923706055,46.970001220703125,47.290000915527344,39.18003845214844,78140800,
2018-03-29,47.630001068115234,48.45000076293945,47.56999969482422,48.279998779296875,40.000244140625,82685500,
2018-04-02,47.95000076293945,48.16999816894531,46.959999084472656,47.40999984741211,39.279449462890625,72405700,
2018-04-03,47.84000015258789,47.939998626708984,47.459999084472656,47.880001068115234,39.66884994506836,52874500,
2018-04-04,46.59000015258789,47.93000030517578,46.540000915527344,47.900001525878906,39.6854248046875,68352400,
2018-04-05,48.09000015258789,48.2599983215332,47.83000183105469,48.02000045776367,39.78483200073242,48247700,
2018-04-06,47.540000915527344,47.869998931884766,46.79999923706055,47.08000183105469,39.00605392456055,76156700,
2018-04-09,47.41999816894531,47.65999984741211,47.119998931884766,47.130001068115234,39.04747009277344,55352700,
2018-04-10,47.81999969482422,48.119998931884766,47.61000061035156,48.04999923706055,39.80970001220703,87142000,
2018-04-11,47.75,48.18000030517578,47.7400016784668,48.06999969482422,39.826271057128906,51569200,
2018-04-12,47.970001220703125,48.189998626708984,47.88999938964844,48.04999923706055,39.80970001220703,52968500,
2018-04-13,48.0099983215332,48.060001373291016,47.439998626708984,47.56999969482422,39.412017822265625,56518000,
2018-04-16,47.5,47.66999816894531,47.349998474121094,47.630001068115234,39.46173095703125,43005800,
2018-04-17,47.41999816894531,47.869998931884766,47.400001525878906,47.72999954223633,39.54457473754883,58168100,
2018-04-18,47.90999984741211,48.310001373291016,47.84000015258789,48.13999938964844,39.8842658996582,80289500,
2018-04-19,48.2599983215332,48.290000915527344,47.70000076293945,47.86000061035156,39.65228271484375,67581100,
2018-04-20,47.59000015258789,47.619998931884766,47.04999923706055,47.2599983215332,39.155174255371094,80997700,
2018-04-23,47.16999816894531,47.29999923706055,46.779998779296875,46.880001068115234,38.84034729003906,74337500,
2018-04-24,47.2599983215332,47.36000061035156,46.43000030517578,46.65999984741211,38.65807342529297,72196800,
2018-04-25,46.310001373291016,46.40999984741211,46.0099983215332,46.29999923706055,38.359806060791016,69106800,
2018-04-26,46.56999969482422,47.0,46.540000915527344,46.970001220703125,38.914913177490234,45047800,
2018-04-27,47.2400016784668,47.34000015258789,46.970001220703125,47.2599983215332,39.155174255371094,33545000,
2018-04-30,47.43000030517578,47.4900016784668,46.90999984741211,46.91999816894531,38.87348175048828,49179000,
2018-05-01,46.63999938964844,46.7599983215332,46.099998474121094,46.689998626708984,38.68293380737305,75839300,
2018-05-02,46.7400016784668,46.84000015258789,46.279998779296875,46.31999969482422,38.376380920410156,66837900,
2018-05-03,46.290000915527344,46.349998474121094,45.599998474121094,46.220001220703125,38.29353713989258,83449200,
2018-05-04,45.77000045776367,46.59000015258789,45.72999954223633,46.43000030517578,38.4675178527832,60099100,
2018-05-07,46.04999923706055,46.349998474121094,46.02000045776367,46.15999984741211,38.24381637573242,58886100,
2018-05-08,46.27000045776367,46.439998626708984,45.97999954223633,46.41999816894531,38.459232330322266,58783600,
2018-05-09,46.560001373291016,46.61000061035156,46.27000045776367,46.5099983215332,38.5338020324707,46129500,
2018-05-10,47.06999969482422,47.650001525878906,46.9900016784668,47.47999954223633,39.33744812011719,115804000,
2018-05-11,47.68000030517578,47.72999954223633,47.279998779296875,47.400001525878906,39.27116394042969,68838600,
2018-05-14,47.65999984741211,47.779998779296875,47.38999938964844,47.459999084472656,39.32088088989258,34353300,
2018-05-15,46.58000183105469,46.70000076293945,46.279998779296875,46.47999954223633,38.508941650390625,78379300,
2018-05-16,46.91999816894531,47.27000045776367,46.91999816894531,47.18000030517578,39.08890151977539,60004200,
2018-05-17,46.66999816894531,46.79999923706055,46.310001373291016,46.459999084472656,38.49237060546875,73014000,
2018-05-18,46.04999923706055,46.189998626708984,45.939998626708984,46.06999969482422,38.169254302978516,59258700,
2018-05-21,46.45000076293945,46.540000915527344,46.15999984741211,46.349998474121094,38.40123748779297,59330200,
2018-05-22,46.54999923706055,46.75,46.45000076293945,46.5099983215332,38.5338020324707,32584700,
2018-05-23,45.959999084472656,46.529998779296875,45.95000076293945,46.4900016784668,38.517234802246094,70687800,
2018-05-24,46.2400016784668,46.33000183105469,45.72999954223633,46.2400016784668,38.31010055541992,79762900,
2018-05-25,46.22999954223633,46.5,46.189998626708984,46.43000030517578,38.4675178527832,39374500,
2018-05-29,45.7400016784668,45.880001068115234,45.119998931884766,45.349998474121094,37.572731018066406,112089900,
2018-05-30,45.36000061035156,45.7599983215332,45.15999984741211,45.709999084472656,37.87099075317383,72813800,
2018-05-31,45.650001525878906,45.91999816894531,45.459999084472656,45.689998626708984,37.85441970825195,92066200,
2018-06-01,46.060001373291016,46.349998474121094,46.0,46.33000183105469,38.384666442871094,66762200,
2018-06-04,46.720001220703125,46.90999984741211,46.70000076293945,46.79999923706055,38.7740592956543,36302900,
2018-06-05,46.65999984741211,46.7400016784668,46.41999816894531,46.439998626708984,38.475799560546875,40092200,
2018-06-06,46.84000015258789,47.150001525878906,46.7400016784668,47.13999938964844,39.05575942993164,46801500,
2018-06-07,46.970001220703125,47.02000045776367,46.130001068115234,46.41999816894531,38.459232330322266,89752500,
2018-06-08,46.16999816894531,46.529998779296875,45.9900016784668,46.33000183105469,38.384666442871094,73944700,
2018-06-11,46.380001068115234,46.5,46.2599983215332,46.33000183105469,38.384666442871094,38323500,
2018-06-12,46.310001373291016,46.369998931884766,46.029998779296875,46.209999084472656,38.28524398803711,57189800,
2018-06-13,46.290000915527344,46.36000061035156,45.619998931884766,45.900001525878906,38.028404235839844,100698800,
2018-06-14,45.900001525878906,45.9900016784668,45.540000915527344,45.59000015258789,37.77157974243164,76094800,
2018-06-15,45.16999816894531,45.290000915527344,44.91999816894531,45.22999954223633,37.47330856323242,86066000,
2018-06-18,44.59000015258789,44.7400016784668,44.34000015258789,44.68000030517578,37.01762771606445,83532600,
2018-06-19,43.56999969482422,43.9900016784668,43.40999984741211,43.900001525878906,36.609012603759766,122657600,"{""dividend_amount"": 0.29}"
2018-06-20,44.29999923706055,44.36000061035156,44.040000915527344,44.09000015258789,36.767459869384766,69822800,
2018-06-21,43.81999969482422,43.84000015258789,43.40999984741211,43.470001220703125,36.25043869018555,86214100,
2018-06-22,44.099998474121094,44.119998931884766,43.77000045776367,43.91999816894531,36.62568664550781,48711000,
2018-06-25,43.5099983215332,43.560001373291016,42.900001525878906,43.33000183105469,36.1336784362793,110854500,
2018-06-26,43.349998474121094,43.43000030517578,43.04999923706055,43.15999984741211,35.991912841796875,69228700,
2018-06-27,43.099998474121094,43.11000061035156,42.20000076293945,42.33000183105469,35.29975891113281,95340400,
2018-06-28,42.290000915527344,42.709999084472656,42.150001525878906,42.689998626708984,35.5999755859375,105345300,
2018-06-29,43.2400016784668,43.45000076293945,43.20000076293945,43.33000183105469,36.1336784362793,108877000,
2018-07-02,42.619998931884766,42.970001220703125,42.529998779296875,42.900001525878906,35.77509307861328,78848700,
2018-07-03,43.18000030517578,43.220001220703125,42.869998931884766,42.93000030517578,35.80011749267578,28637200,
2018-07-05,43.04999923706055,43.09000015258789,42.650001525878906,42.81999969482422,35.70838165283203,67394400,
2018-07-06,42.95000076293945,43.58000183105469,42.91999816894531,43.40999984741211,36.20038986206055,69933900,
2018-07-09,44.0099983215332,44.20000076293945,43.790000915527344,44.189998626708984,36.8508415222168,80552700,
2018-07-10,44.04999923706055,44.11000061035156,43.7400016784668,44.09000015258789,36.767459869384766,63808300,
2018-07-11,43.369998931884766,43.58000183105469,43.060001373291016,43.22999954223633,36.05028533935547,58679200,
2018-07-12,43.7599983215332,43.91999816894531,43.599998474121094,43.81999969482422,36.542301177978516,53833300,
2018-07-13,43.77000045776367,43.95000076293945,43.619998931884766,43.849998474121094,36.56731414794922,40515300,
2018-07-16,43.63999938964844,43.70000076293945,43.45000076293945,43.61000061035156,36.36717987060547,31717300,
2018-07-17,43.439998626708984,44.0099983215332,43.38999938964844,43.93000030517578,36.63402557373047,46911500,
2018-07-18,43.689998626708984,43.91999816894531,43.560001373291016,43.880001068115234,36.59233856201172,41182100,
2018-07-19,43.20000076293945,43.529998779296875,43.060001373291016,43.34000015258789,36.14201736450195,72549300,
2018-07-20,43.77000045776367,44.040000915527344,43.7400016784668,43.959999084472656,36.65904998779297,75114300,
2018-07-23,43.7599983215332,43.779998779296875,43.529998779296875,43.66999816894531,36.417205810546875,57679100,
2018-07-24,44.38999938964844,44.56999969482422,44.18000030517578,44.310001373291016,36.95092010498047,66639400,
2018-07-25,44.599998474121094,45.060001373291016,44.47999954223633,45.029998779296875,37.55133819580078,77820500,
2018-07-26,44.650001525878906,44.779998779296875,44.5,44.529998779296875,37.13438415527344,68705800,
2018-07-27,44.86000061035156,44.95000076293945,44.45000076293945,44.689998626708984,37.26780319213867,63743400,
2018-07-30,44.790000915527344,44.86000061035156,44.4900016784668,44.619998931884766,37.20942687988281,41541400,
2018-07-31,44.619998931884766,44.93000030517578,44.5099983215332,44.86000061035156,37.409568786621094,88217500,
2018-08-01,44.470001220703125,44.689998626708984,44.34000015258789,44.459999084472656,37.07600784301758,61755000,
2018-08-02,43.54999923706055,43.939998626708984,43.459999084472656,43.869998931884766,36.5839958190918,68678600,
2018-08-03,44.02000045776367,44.2599983215332,43.970001220703125,44.209999084472656,36.867530822753906,41043800,
2018-08-06,43.88999938964844,44.02000045776367,43.77000045776367,43.869998931884766,36.5839958190918,33153800,
2018-08-07,44.380001068115234,44.54999923706055,44.29999923706055,44.31999969482422,36.959259033203125,38719500,
2018-08-08,44.22999954223633,44.31999969482422,44.09000015258789,44.2599983215332,36.90922164916992,30610200,
2018-08-09,44.31999969482422,44.41999816894531,44.099998474121094,44.130001068115234,36.80081558227539,35013900,
2018-08-10,43.13999938964844,43.33000183105469,43.04999923706055,43.189998626708984,36.01693344116211,86629900,
2018-08-13,42.790000915527344,42.88999938964844,42.369998931884766,42.47999954223633,35.424842834472656,75183500,
2018-08-14,42.63999938964844,42.86000061035156,42.560001373291016,42.7400016784668,35.641658782958984,56724600,
2018-08-15,41.540000915527344,41.709999084472656,41.130001068115234,41.5099983215332,34.61594772338867,138633600,
2018-08-16,41.91999816894531,42.11000061035156,41.75,41.77000045776367,34.832767486572266,78123900,
2018-08-17,41.619998931884766,42.310001373291016,41.52000045776367,42.209999084472656,35.19968795776367,76030400,
2018-08-20,42.310001373291016,42.439998626708984,42.16999816894531,42.400001525878906,35.3581428527832,50762900,
2018-08-21,42.83000183105469,43.11000061035156,42.79999923706055,42.939998626708984,35.80845260620117,70462300,
2018-08-22,42.97999954223633,43.349998474121094,42.97999954223633,43.279998779296875,36.09197998046875,45602900,
2018-08-23,43.130001068115234,43.2599983215332,42.529998779296875,42.58000183105469,35.508235931396484,68878400,
2018-08-24,43.220001220703125,43.400001525878906,43.08000183105469,43.369998931884766,36.16703414916992,69304200,
2018-08-27,43.77000045776367,44.15999984741211,43.7599983215332,43.9900016784668,36.684059143066406,96574800,
2018-08-28,44.11000061035156,44.18000030517578,43.7400016784668,43.83000183105469,36.55063247680664,50093400,
2018-08-29,43.72999954223633,44.119998931884766,43.63999938964844,44.099998474121094,36.77579116821289,58165600,
2018-08-30,43.41999816894531,43.41999816894531,42.79999923706055,42.95000076293945,35.81679153442383,120206400,
2018-08-31,42.88999938964844,43.310001373291016,42.84000015258789,43.16999816894531,36.00025177001953,88660500,
2018-09-04,42.4900016784668,42.4900016784668,42.22999954223633,42.33000183105469,35.29975891113281,76724700,
2018-09-05,41.84000015258789,41.90999984741211,41.59000015258789,41.720001220703125,34.79106521606445,77835800,
2018-09-06,41.79999923706055,41.90999984741211,41.47999954223633,41.7599983215332,34.824432373046875,73104400,
2018-09-07,41.630001068115234,41.939998626708984,41.38999938964844,41.54999923706055,34.6493034362793,61590700,
2018-09-10,41.540000915527344,41.540000915527344,41.09000015258789,41.13999938964844,34.30739212036133,61116600,
2018-09-11,40.7400016784668,41.2400016784668,40.630001068115234,41.22999954223633,34.38245391845703,74608700,
2018-09-12,41.040000915527344,41.689998626708984,40.88999938964844,41.439998626708984,34.55757141113281,116612700,
2018-09-13,42.060001373291016,42.279998779296875,41.810001373291016,42.0,35.024566650390625,96306500,
2018-09-14,42.22999954223633,42.279998779296875,41.7599983215332,41.959999084472656,34.991207122802734,65202700,
2018-09-17,41.650001525878906,41.810001373291016,41.52000045776367,41.58000183105469,34.67432403564453,74603900,
2018-09-18,41.779998779296875,42.04999923706055,41.77000045776367,41.97999954223633,35.00788879394531,52000700,
2018-09-19,42.33000183105469,42.61000061035156,42.31999969482422,42.560001373291016,35.4915657043457,55892400,
2018-09-20,42.93000030517578,43.060001373291016,42.689998626708984,43.029998779296875,35.88350296020508,93427400,
2018-09-21,43.09000015258789,43.29999923706055,43.029998779296875,43.22999954223633,36.05028533935547,102750700,
2018-09-24,42.72999954223633,42.790000915527344,42.59000015258789,42.7400016784668,35.641658782958984,54411700,
2018-09-25,42.810001373291016,43.0099983215332,42.7599983215332,42.90999984741211,35.78342819213867,49467000,
2018-09-26,42.97999954223633,43.5099983215332,42.939998626708984,43.0,35.85848617553711,84080400,
2018-09-27,43.130001068115234,43.349998474121094,43.09000015258789,43.209999084472656,36.03361129760742,45547200,
2018-09-28,42.88999938964844,43.150001525878906,42.779998779296875,42.91999816894531,35.79177474975586,64732800,
2018-10-01,43.130001068115234,43.15999984741211,42.83000183105469,42.93000030517578,35.80011749267578,31030500,
2018-10-02,42.369998931884766,42.599998474121094,42.2599983215332,42.38999938964844,35.349796295166016,57719700,
2018-10-03,42.689998626708984,42.720001220703125,41.91999816894531,42.040000915527344,35.05792236328125,76571200,
2018-10-04,41.61000061035156,41.619998931884766,40.810001373291016,40.9900016784668,34.18231201171875,132360900,
2018-10-05,41.0099983215332,41.08000183105469,40.459999084472656,40.84000015258789,34.05722427368164,80578500,
2018-10-08,40.560001373291016,40.9900016784668,40.47999954223633,40.900001525878906,34.10725021362305,59744400,
2018-10-09,40.56999969482422,40.959999084472656,40.43000030517578,40.75,33.98217010498047,60976800,
2018-10-10,40.540000915527344,40.54999923706055,39.529998779296875,39.540000915527344,32.97312545776367,99036700,
2018-10-11,39.31999969482422,39.7400016784668,38.77000045776367,39.13999938964844,32.639556884765625,168923800,
2018-10-12,40.2599983215332,40.36000061035156,39.7400016784668,40.290000915527344,33.59856414794922,116892100,
2018-10-15,39.939998626708984,40.13999938964844,39.779998779296875,39.86000061035156,33.2399787902832,52651000,
2018-10-16,40.36000061035156,40.900001525878906,40.290000915527344,40.86000061035156,34.07389831542969,65949500,
2018-10-17,40.54999923706055,40.58000183105469,40.15999984741211,40.36000061035156,33.65694046020508,69718700,
2018-10-18,39.93000030517578,39.959999084472656,39.15999984741211,39.29999923706055,32.772987365722656,107005100,
2018-10-19,39.90999984741211,40.15999984741211,39.58000183105469,39.66999816894531,33.08153533935547,81176200,
2018-10-22,40.34000015258789,40.41999816894531,39.91999816894531,40.099998474121094,33.440120697021484,67724900,
2018-10-23,39.150001525878906,39.88999938964844,38.93000030517578,39.65999984741211,33.07320022583008,89864600,
2018-10-24,39.459999084472656,39.5099983215332,38.36000061035156,38.380001068115234,32.00577926635742,87632500,
2018-10-25,38.81999969482422,39.38999938964844,38.709999084472656,39.119998931884766,32.62288284301758,80961600,
2018-10-26,38.310001373291016,38.970001220703125,38.13999938964844,38.66999816894531,32.247615814208984,139198800,
2018-10-29,39.0099983215332,39.06999969482422,37.58000183105469,38.0,31.68889808654785,102322800,
2018-10-30,38.22999954223633,38.75,38.150001525878906,38.7400016784668,32.305992126464844,99881500,
2018-10-31,39.15999984741211,39.38999938964844,39.0,39.15999984741211,32.6562385559082,92768300,
2018-11-01,39.779998779296875,40.59000015258789,39.560001373291016,40.560001373291016,33.82373046875,120482200,
2018-11-02,41.25,41.400001525878906,40.40999984741211,40.81999969482422,34.04054641723633,111324700,
2018-11-05,40.810001373291016,41.02000045776367,40.709999084472656,40.93000030517578,34.132266998291016,58319600,
2018-11-06,40.72999954223633,40.93000030517578,40.63999938964844,40.86000061035156,34.07389831542969,40847800,
2018-11-07,41.40999984741211,41.70000076293945,41.150001525878906,41.630001068115234,34.71602249145508,81011500,
2018-11-08,41.09000015258789,41.22999954223633,40.41999816894531,40.54999923706055,33.81537628173828,90610900,
2018-11-09,39.93000030517578,39.97999954223633,39.4900016784668,39.79999923706055,33.18994140625,82943700,
2018-11-12,39.66999816894531,39.7400016784668,39.13999938964844,39.2400016784668,32.722957611083984,68569700,
2018-11-13,39.619998931884766,40.08000183105469,39.439998626708984,39.689998626708984,33.09822082519531,106305600,
2018-11-14,40.060001373291016,40.189998626708984,39.56999969482422,39.93000030517578,33.29835891723633,96621100,
2018-11-15,40.13999938964844,41.04999923706055,40.060001373291016,40.81999969482422,34.04054641723633,146475800,
2018-11-16,40.4900016784668,41.11000061035156,40.369998931884766,40.900001525878906,34.10725021362305,135075800,
2018-11-19,40.619998931884766,40.68000030517578,40.2400016784668,40.349998474121094,33.648597717285156,77777300,
2018-11-20,39.720001220703125,39.90999984741211,39.34000015258789,39.47999954223633,32.923091888427734,98272800,
2018-11-21,40.209999084472656,40.47999954223633,40.130001068115234,40.209999084472656,33.53185272216797,68104600,
2018-11-23,39.7400016784668,39.95000076293945,39.709999084472656,39.7400016784668,33.139915466308594,32048200,
2018-11-26,40.29999923706055,40.41999816894531,40.08000183105469,40.22999954223633,33.548526763916016,76320100,
2018-11-27,40.09000015258789,40.5099983215332,40.029998779296875,40.5099983215332,33.782020568847656,81069100,
2018-11-28,40.790000915527344,41.5099983215332,40.470001220703125,41.47999954223633,34.59092712402344,121010900,
2018-11-29,41.189998626708984,41.400001525878906,40.91999816894531,41.119998931884766,34.29071807861328,104239600,
2018-11-30,40.959999084472656,41.16999816894531,40.79999923706055,41.08000183105469,34.25736999511719,92961200,
2018-12-03,42.130001068115234,42.150001525878906,41.70000076293945,41.90999984741211,34.94951629638672,125024100,
2018-12-04,41.95000076293945,42.02000045776367,40.91999816894531,41.02000045776367,34.20732498168945,134758200,
2018-12-06,39.93000030517578,40.68000030517578,39.68000030517578,40.63999938964844,33.890438079833984,165155100,
2018-12-07,40.58000183105469,40.849998474121094,39.779998779296875,39.880001068115234,33.25666046142578,134304600,
2018-12-10,39.61000061035156,39.68000030517578,38.970001220703125,39.459999084472656,32.906410217285156,104465300,
2018-12-11,40.02000045776367,40.029998779296875,39.47999954223633,39.7599983215332,33.156585693359375,104014700,
2018-12-12,40.5,40.779998779296875,40.380001068115234,40.40999984741211,33.69864273071289,89712200,
2018-12-13,40.560001373291016,40.68000030517578,40.349998474121094,40.400001525878906,33.690303802490234,72445400,
2018-12-14,39.88999938964844,40.18000030517578,39.79999923706055,39.83000183105469,33.2149658203125,94915600,
2018-12-17,39.88999938964844,40.040000915527344,39.33000183105469,39.459999084472656,32.906410217285156,109276200,
2018-12-18,39.16999816894531,39.380001068115234,39.029998779296875,39.13999938964844,33.12987518310547,102509800,"{""dividend_amount"": 0.584}"
2018-12-19,39.33000183105469,39.72999954223633,38.16999816894531,38.4900016784668,32.57969284057617,204046200,
2018-12-20,38.880001068115234,39.130001068115234,38.459999084472656,38.790000915527344,32.833621978759766,183908800,
2018-12-21,38.900001525878906,39.11000061035156,38.31999969482422,38.52000045776367,32.605079650878906,143673400,
2018-12-24,38.439998626708984,38.720001220703125,38.15999984741211,38.15999984741211,32.30036544799805,50709500,
2018-12-26,38.40999984741211,38.959999084472656,38.040000915527344,38.91999816894531,32.94364929199219,96347200,
2018-12-27,38.400001525878906,38.90999984741211,38.2400016784668,38.869998931884766,32.901336669921875,81792700,
2018-12-28,39.189998626708984,39.459999084472656,39.0,39.2400016784668,33.214508056640625,72869100,
2018-12-31,39.5,39.540000915527344,38.93000030517578,39.060001373291016,33.062156677246094,72972200,
2019-01-02,38.59000015258789,39.189998626708984,38.58000183105469,39.15999984741211,33.14680480957031,57198800,
2019-01-03,38.72999954223633,38.7599983215332,38.29999923706055,38.45000076293945,32.54582977294922,62767600,
2019-01-04,39.0099983215332,39.86000061035156,38.91999816894531,39.689998626708984,33.59541702270508,103055100,
2019-01-07,39.720001220703125,39.95000076293945,39.4900016784668,39.779998779296875,33.67160415649414,76597000,
2019-01-08,39.79999923706055,40.0,39.56999969482422,39.93000030517578,33.798561096191406,70518200,
2019-01-09,40.34000015258789,40.86000061035156,40.33000183105469,40.63999938964844,34.3995361328125,125118800,
2019-01-10,40.41999816894531,40.959999084472656,40.41999816894531,40.93000030517578,34.64501190185547,85207600,
2019-01-11,40.599998474121094,40.79999923706055,40.5,40.72999954223633,34.47572326660156,63136200,
2019-01-14,40.209999084472656,40.58000183105469,40.13999938964844,40.38999938964844,34.187931060791016,76217000,
2019-01-15,40.619998931884766,40.88999938964844,40.54999923706055,40.66999816894531,34.42493438720703,78913000,
2019-01-16,40.959999084472656,41.310001373291016,40.95000076293945,41.16999816894531,34.84815216064453,82543600,
2019-01-17,40.84000015258789,41.54999923706055,40.79999923706055,41.349998474121094,35.000518798828125,85522800,
2019-01-18,41.52000045776367,41.720001220703125,41.41999816894531,41.54999923706055,35.16980743408203,98168900,
2019-01-22,41.060001373291016,41.150001525878906,40.650001525878906,40.83000183105469,34.56037139892578,101294900,
2019-01-23,41.209999084472656,41.279998779296875,40.900001525878906,41.25,34.91587448120117,66625200,
2019-01-24,41.279998779296875,41.68000030517578,41.279998779296875,41.650001525878906,35.254451751708984,76076900,
2019-01-25,42.099998474121094,42.310001373291016,42.040000915527344,42.20000076293945,35.72000503540039,105779500,
2019-01-28,41.56999969482422,41.790000915527344,41.439998626708984,41.7599983215332,35.347557067871094,85543100,
2019-01-29,41.970001220703125,41.9900016784668,41.72999954223633,41.83000183105469,35.406822204589844,56518900,
2019-01-30,42.08000183105469,42.83000183105469,41.880001068115234,42.7400016784668,36.17707824707031,127796800,
2019-01-31,42.790000915527344,43.13999938964844,42.779998779296875,43.099998474121094,36.4818000793457,119929200,
2019-02-01,42.779998779296875,42.84000015258789,42.630001068115234,42.7599983215332,36.19401168823242,65766100,
2019-02-04,42.630001068115234,42.95000076293945,42.540000915527344,42.83000183105469,36.253257751464844,45770200,
2019-02-05,43.029998779296875,43.459999084472656,42.959999084472656,43.41999816894531,36.75265884399414,81720100,
2019-02-06,43.220001220703125,43.25,42.7400016784668,42.83000183105469,36.253257751464844,58194900,
2019-02-07,42.4900016784668,42.709999084472656,42.029998779296875,42.400001525878906,35.8892822265625,101061400,
2019-02-08,42.09000015258789,42.22999954223633,41.849998474121094,42.15999984741211,35.686134338378906,64212200,
2019-02-11,42.2400016784668,42.2599983215332,42.0,42.02000045776367,35.5676383972168,42213400,
2019-02-12,42.369998931884766,42.54999923706055,42.310001373291016,42.369998931884766,35.863895416259766,66073100,
2019-02-13,42.38999938964844,42.470001220703125,41.970001220703125,42.06999969482422,35.60996627807617,82318100,
2019-02-14,41.81999969482422,42.29999923706055,41.7400016784668,42.150001525878906,35.67766571044922,91302500,
2019-02-15,42.130001068115234,42.130001068115234,41.95000076293945,42.09000015258789,35.62688446044922,72362200,
2019-02-19,41.93000030517578,42.5099983215332,41.93000030517578,42.41999816894531,35.906219482421875,64391100,
2019-02-20,42.650001525878906,42.93000030517578,42.540000915527344,42.65999984741211,36.10935974121094,73694800,
2019-02-21,42.630001068115234,42.66999816894531,42.369998931884766,42.56999969482422,36.03318786621094,48092400,
2019-02-22,42.93000030517578,43.15999984741211,42.84000015258789,43.040000915527344,36.43101119995117,58022200,
2019-02-25,43.52000045776367,43.72999954223633,43.41999816894531,43.52000045776367,36.837303161621094,66533800,
2019-02-26,43.220001220703125,43.52000045776367,43.189998626708984,43.369998931884766,36.71033477783203,58330600,
2019-02-27,43.09000015258789,43.15999984741211,42.849998474121094,43.0,36.39715576171875,69471200,
2019-02-28,42.720001220703125,42.7400016784668,42.439998626708984,42.439998626708984,35.92314910888672,87434700,
2019-03-01,42.779998779296875,42.810001373291016,42.40999984741211,42.4900016784668,35.96547317504883,94263900,
2019-03-04,42.720001220703125,42.779998779296875,42.18000030517578,42.54999923706055,36.0162467956543,94168300,
2019-03-05,42.75,43.040000915527344,42.65999984741211,42.970001220703125,36.37176513671875,54576700,
2019-03-06,42.9900016784668,43.04999923706055,42.65999984741211,42.72999954223633,36.16861343383789,61237800,
2019-03-07,42.47999954223633,42.4900016784668,41.869998931884766,41.939998626708984,35.49991989135742,83415300,
2019-03-08,41.439998626708984,41.68000030517578,41.38999938964844,41.63999938964844,35.24598693847656,97742100,
2019-03-11,42.0099983215332,42.470001220703125,42.0099983215332,42.41999816894531,35.906219482421875,63002300,
2019-03-12,42.63999938964844,42.75,42.560001373291016,42.63999938964844,36.092437744140625,42726900,
2019-03-13,42.65999984741211,42.75,42.54999923706055,42.689998626708984,36.13475799560547,61450000,
2019-03-14,42.52000045776367,42.540000915527344,42.290000915527344,42.459999084472656,35.9400749206543,58460400,
2019-03-15,42.849998474121094,43.13999938964844,42.81999969482422,43.08000183105469,36.46487045288086,139870800,
2019-03-18,43.38999938964844,43.58000183105469,43.33000183105469,43.560001373291016,36.87116622924805,42149100,
2019-03-19,43.61000061035156,43.7400016784668,43.47999954223633,43.58000183105469,36.88809585571289,53192700,
2019-03-20,43.439998626708984,44.0099983215332,43.13999938964844,43.650001525878906,36.94734573364258,90678800,
2019-03-21,43.41999816894531,43.720001220703125,43.31999969482422,43.709999084472656,36.998130798339844,71400600,
2019-03-22,43.04999923706055,43.150001525878906,42.38999938964844,42.43000030517578,35.914676666259766,118616600,
2019-03-25,42.34000015258789,42.65999984741211,42.29999923706055,42.529998779296875,35.999324798583984,53285300,
2019-03-26,42.66999816894531,42.779998779296875,42.43000030517578,42.65999984741211,36.10935974121094,57145800,
2019-03-27,42.439998626708984,42.529998779296875,42.060001373291016,42.20000076293945,35.72000503540039,72804300,
2019-03-28,42.34000015258789,42.529998779296875,42.189998626708984,42.47999954223633,35.95700454711914,41052500,
2019-03-29,42.95000076293945,43.0,42.720001220703125,42.91999816894531,36.32943344116211,70439100,
2019-04-01,43.5,43.66999816894531,43.400001525878906,43.630001068115234,36.930423736572266,70455500,
2019-04-02,43.66999816894531,43.689998626708984,43.349998474121094,43.4900016784668,36.811912536621094,48692200,
2019-04-03,43.90999984741211,44.13999938964844,43.72999954223633,43.790000915527344,37.06584548950195,73639400,
2019-04-04,43.779998779296875,44.13999938964844,43.7599983215332,44.060001373291016,37.29438781738281,47028400,
2019-04-05,44.18000030517578,44.41999816894531,44.13999938964844,44.400001525878906,37.582176208496094,50360800,
2019-04-08,44.18000030517578,44.439998626708984,44.11000061035156,44.400001525878906,37.582176208496094,30209000,
2019-04-09,44.43000030517578,44.459999084472656,44.27000045776367,44.310001373291016,37.50600814819336,49530300,
2019-04-10,44.5,44.63999938964844,44.40999984741211,44.52000045776367,37.68375015258789,51143400,
2019-04-11,44.20000076293945,44.22999954223633,43.91999816894531,44.040000915527344,37.27745819091797,55153600,
2019-04-12,44.47999954223633,44.52000045776367,44.2599983215332,44.36000061035156,37.54832458496094,54695700,
2019-04-15,44.31999969482422,44.34000015258789,43.959999084472656,44.130001068115234,37.3536491394043,37957800,
2019-04-16,44.31999969482422,44.52000045776367,44.31999969482422,44.459999084472656,37.63296890258789,43860100,
2019-04-17,44.77000045776367,44.84000015258789,44.47999954223633,44.59000015258789,37.743003845214844,56935400,
2019-04-18,44.43000030517578,44.650001525878906,44.29999923706055,44.560001373291016,37.71760940551758,56639800,
2019-04-22,44.13999938964844,44.31999969482422,44.060001373291016,44.27000045776367,37.47213363647461,35929100,
2019-04-23,44.20000076293945,44.45000076293945,44.150001525878906,44.369998931884766,37.55678176879883,32829900,
2019-04-24,44.06999969482422,44.08000183105469,43.630001068115234,43.77000045776367,37.04891586303711,68961600,
2019-04-25,43.5,43.720001220703125,43.369998931884766,43.709999084472656,36.998130798339844,61168500,
2019-04-26,43.779998779296875,43.959999084472656,43.63999938964844,43.880001068115234,37.14202880859375,55441700,
2019-04-29,44.0,44.04999923706055,43.880001068115234,43.970001220703125,37.218204498291016,34398300,
2019-04-30,43.849998474121094,44.029998779296875,43.630001068115234,43.93000030517578,37.18434524536133,69577000,
2019-05-01,44.0099983215332,44.349998474121094,43.540000915527344,43.599998474121094,36.90502166748047,98629100,
2019-05-02,43.70000076293945,43.849998474121094,43.45000076293945,43.70000076293945,36.989662170410156,53101500,
2019-05-03,44.02000045776367,44.279998779296875,43.959999084472656,44.220001220703125,37.42981719970703,56642000,
2019-05-06,42.84000015258789,43.38999938964844,42.790000915527344,43.310001373291016,36.659549713134766,80977000,
2019-05-07,42.86000061035156,42.86000061035156,42.209999084472656,42.459999084472656,35.9400749206543,94189000,
2019-05-08,42.58000183105469,42.7599983215332,42.380001068115234,42.400001525878906,35.8892822265625,73548600,
2019-05-09,41.45000076293945,41.93000030517578,41.150001525878906,41.72999954223633,35.322166442871094,130849000,
2019-05-10,41.849998474121094,42.11000061035156,41.34000015258789,41.97999954223633,35.533775329589844,90343300,
2019-05-13,40.68000030517578,40.869998931884766,40.380001068115234,40.58000183105469,34.348758697509766,154670900,
2019-05-14,41.130001068115234,41.29999923706055,40.97999954223633,41.150001525878906,34.831233978271484,89406800,
2019-05-15,40.900001525878906,41.310001373291016,40.84000015258789,41.22999954223633,34.898948669433594,79039500,
2019-05-16,41.16999816894531,41.41999816894531,41.0099983215332,41.029998779296875,34.72966003417969,60101000,
2019-05-17,40.349998474121094,40.630001068115234,40.25,40.290000915527344,34.10329055786133,83972200,
2019-05-20,40.16999816894531,40.29999923706055,39.970001220703125,40.119998931884766,33.95939636230469,53810000,
2019-05-21,40.38999938964844,40.63999938964844,40.290000915527344,40.630001068115234,34.391082763671875,59832600,
2019-05-22,40.58000183105469,40.619998931884766,40.38999938964844,40.43000030517578,34.22178649902344,44117200,
2019-05-23,39.880001068115234,40.08000183105469,39.75,39.90999984741211,33.78164291381836,86731100,
2019-05-24,40.220001220703125,40.27000045776367,39.90999984741211,39.95000076293945,33.81550216674805,66379700,
2019-05-28,40.369998931884766,40.41999816894531,40.0099983215332,40.09000015258789,33.93400192260742,98395200,
2019-05-29,39.93000030517578,40.369998931884766,39.880001068115234,40.349998474121094,34.15407180786133,82060400,
2019-05-30,40.47999954223633,40.72999954223633,40.45000076293945,40.56999969482422,34.34029006958008,69626300,
2019-05-31,40.380001068115234,40.810001373291016,40.349998474121094,40.709999084472656,34.458797454833984,85220400,
2019-06-03,41.04999923706055,41.29999923706055,40.970001220703125,41.08000183105469,34.77198028564453,75619900,
2019-06-04,40.90999984741211,41.20000076293945,40.81999969482422,41.16999816894531,34.84815216064453,64141900,
2019-06-05,41.220001220703125,41.2400016784668,40.72999954223633,40.84000015258789,34.56883239746094,64072200,
2019-06-06,40.84000015258789,40.95000076293945,40.689998626708984,40.86000061035156,34.58576202392578,47722500,
2019-06-07,41.08000183105469,41.52000045776367,41.060001373291016,41.18000030517578,34.85662078857422,63584200,
2019-06-10,41.560001373291016,41.810001373291016,41.470001220703125,41.61000061035156,35.22059631347656,57245800,
2019-06-11,42.150001525878906,42.220001220703125,41.959999084472656,42.08000183105469,35.618431091308594,69040600,
2019-06-12,41.779998779296875,41.810001373291016,41.54999923706055,41.630001068115234,35.23752975463867,55120600,
2019-06-13,41.689998626708984,41.7599983215332,41.43000030517578,41.560001373291016,35.17827224731445,59717500,
2019-06-14,41.290000915527344,41.310001373291016,41.08000183105469,41.099998474121094,34.788909912109375,71468300,
2019-06-17,40.81999969482422,41.029998779296875,40.81999969482422,40.95000076293945,34.92622375488281,48715600,"{""dividend_amount"": 0.311}"
2019-06-18,41.400001525878906,42.029998779296875,41.38999938964844,41.939998626708984,35.770591735839844,112482400,
2019-06-19,42.02000045776367,42.5,41.91999816894531,42.290000915527344,36.06911087036133,105746200,
2019-06-20,43.18000030517578,43.209999084472656,42.7400016784668,42.90999984741211,36.59790802001953,89200400,
2019-06-21,42.7400016784668,42.869998931884766,42.66999816894531,42.77000045776367,36.47850036621094,55544000,
2019-06-24,42.75,42.81999969482422,42.66999816894531,42.709999084472656,36.42731857299805,37025600,
2019-06-25,42.540000915527344,42.59000015258789,42.209999084472656,42.27000045776367,36.05205535888672,62167500,
2019-06-26,42.599998474121094,42.81999969482422,42.56999969482422,42.66999816894531,36.39321517944336,45126700,
2019-06-27,42.849998474121094,42.9900016784668,42.779998779296875,42.970001220703125,36.649085998535156,42358200,
2019-06-28,42.970001220703125,43.0,42.779998779296875,42.90999984741211,36.59790802001953,66235700,
2019-07-01,43.70000076293945,43.7400016784668,43.2599983215332,43.41999816894531,37.03289031982422,73169000,
2019-07-02,43.380001068115234,43.40999984741211,43.189998626708984,43.310001373291016,36.939064025878906,67518700,
2019-07-03,43.11000061035156,43.22999954223633,43.04999923706055,43.22999954223633,36.8708381652832,31218500,
2019-07-05,42.93000030517578,43.029998779296875,42.709999084472656,42.93000030517578,36.61496353149414,51678000,
2019-07-08,42.630001068115234,42.72999954223633,42.560001373291016,42.66999816894531,36.39321517944336,37679000,
2019-07-09,42.33000183105469,42.59000015258789,42.31999969482422,42.540000915527344,36.28234100341797,28227600,
2019-07-10,42.970001220703125,43.130001068115234,42.86000061035156,42.900001525878906,36.589378356933594,53673100,
2019-07-11,43.04999923706055,43.04999923706055,42.70000076293945,42.81999969482422,36.52114486694336,44486100,
2019-07-12,42.86000061035156,42.88999938964844,42.68000030517578,42.849998474121094,36.54673767089844,30512200,
2019-07-15,43.029998779296875,43.099998474121094,42.970001220703125,43.0099983215332,36.683189392089844,28026300,
2019-07-16,43.060001373291016,43.18000030517578,42.90999984741211,42.95000076293945,36.63202667236328,37093700,
2019-07-17,42.93000030517578,43.0099983215332,42.77000045776367,42.81999969482422,36.52114486694336,32865600,
2019-07-18,42.79999923706055,43.130001068115234,42.779998779296875,43.08000183105469,36.74290084838867,63374400,
2019-07-19,43.20000076293945,43.220001220703125,42.81999969482422,42.86000061035156,36.555267333984375,81774700,
2019-07-22,42.970001220703125,43.029998779296875,42.84000015258789,42.869998931884766,36.56378173828125,29826200,
2019-07-23,42.91999816894531,43.02000045776367,42.75,42.91999816894531,36.6064338684082,37246400,
2019-07-24,42.869998931884766,43.02000045776367,42.869998931884766,42.9900016784668,36.666141510009766,40358800,
2019-07-25,42.900001525878906,43.11000061035156,42.529998779296875,42.61000061035156,36.3420295715332,55327700,
2019-07-26,42.779998779296875,42.81999969482422,42.58000183105469,42.70000076293945,36.418800354003906,33068600,
2019-07-29,42.560001373291016,42.650001525878906,42.40999984741211,42.619998931884766,36.35057067871094,31912400,
2019-07-30,42.290000915527344,42.349998474121094,42.15999984741211,42.290000915527344,36.06911087036133,57335800,
2019-07-31,42.27000045776367,42.29999923706055,41.279998779296875,41.77000045776367,35.62560272216797,98764700,
2019-08-01,41.779998779296875,42.099998474121094,40.84000015258789,40.95000076293945,34.92622375488281,139325900,
2019-08-02,40.790000915527344,40.880001068115234,40.43000030517578,40.54999923706055,34.58506393432617,92796300,
2019-08-05,39.43000030517578,39.5099983215332,38.849998474121094,39.04999923706055,33.30571746826172,131194100,
2019-08-06,39.720001220703125,39.810001373291016,39.349998474121094,39.61000061035156,33.783348083496094,88071500,
2019-08-07,39.209999084472656,39.810001373291016,39.04999923706055,39.790000915527344,33.93686294555664,106772500,
2019-08-08,40.040000915527344,40.29999923706055,39.939998626708984,40.279998779296875,34.35477828979492,81187700,
2019-08-09,40.029998779296875,40.09000015258789,39.70000076293945,39.869998931884766,34.00509262084961,64704000,
2019-08-12,39.369998931884766,39.52000045776367,39.279998779296875,39.38999938964844,33.595706939697266,78559800,
2019-08-13,39.09000015258789,40.11000061035156,39.02000045776367,39.88999938964844,34.02215576171875,110271800,
2019-08-14,39.09000015258789,39.189998626708984,38.720001220703125,38.7400016784668,33.041324615478516,102911500,
2019-08-15,39.099998474121094,39.15999984741211,38.810001373291016,39.0,33.2630729675293,78018300,
2019-08-16,39.36000061035156,39.70000076293945,39.36000061035156,39.540000915527344,33.7236328125,52047900,
2019-08-19,40.040000915527344,40.04999923706055,39.66999816894531,39.70000076293945,33.86009979248047,43330900,
2019-08-20,39.83000183105469,39.970001220703125,39.72999954223633,39.779998779296875,33.92832946777344,44920900,
2019-08-21,40.20000076293945,40.20000076293945,39.970001220703125,40.15999984741211,34.252437591552734,39677100,
2019-08-22,39.86000061035156,39.91999816894531,39.529998779296875,39.63999938964844,33.808921813964844,41603000,
2019-08-23,39.54999923706055,39.91999816894531,38.9900016784668,39.04999923706055,33.30571746826172,80560300,
2019-08-26,39.33000183105469,39.380001068115234,39.15999984741211,39.2599983215332,33.484825134277344,58145000,
2019-08-27,39.529998779296875,39.66999816894531,39.29999923706055,39.33000183105469,33.544532775878906,62899100,
2019-08-28,39.2599983215332,39.5099983215332,39.15999984741211,39.439998626708984,33.63833999633789,49483900,
2019-08-29,39.689998626708984,39.90999984741211,39.54999923706055,39.880001068115234,34.01362991333008,43359900,
2019-08-30,40.209999084472656,40.220001220703125,39.959999084472656,40.189998626708984,34.278018951416016,57071300,
2019-09-03,39.72999954223633,39.95000076293945,39.72999954223633,39.939998626708984,34.064796447753906,50339600,
2019-09-04,40.4900016784668,40.65999984741211,40.400001525878906,40.61000061035156,34.63624572753906,65958900,
2019-09-05,41.09000015258789,41.220001220703125,41.04999923706055,41.06999969482422,35.028568267822266,72704000,
2019-09-06,41.29999923706055,41.38999938964844,41.20000076293945,41.25,35.182090759277344,48716200,
2019-09-09,41.36000061035156,41.5,41.25,41.380001068115234,35.29296875,38554200,
2019-09-10,41.34000015258789,41.4900016784668,41.16999816894531,41.40999984741211,35.31855773925781,48449600,
2019-09-11,41.560001373291016,41.72999954223633,41.4900016784668,41.70000076293945,35.56590270996094,62563900,
2019-09-12,41.970001220703125,42.25,41.81999969482422,42.0,35.821773529052734,74590100,
2019-09-13,42.25,42.349998474121094,42.15999984741211,42.2400016784668,36.02647018432617,58403500,
2019-09-16,41.90999984741211,42.11000061035156,41.810001373291016,41.90999984741211,35.7450065612793,62905800,
2019-09-17,41.529998779296875,41.939998626708984,41.5,41.90999984741211,35.7450065612793,98835700,
2019-09-18,41.84000015258789,41.900001525878906,41.40999984741211,41.7400016784668,35.60002136230469,70984700,
2019-09-19,41.7400016784668,41.880001068115234,41.5,41.56999969482422,35.45501708984375,52527900,
2019-09-20,41.880001068115234,41.93000030517578,41.439998626708984,41.61000061035156,35.4891471862793,84880500,
2019-09-23,41.40999984741211,41.66999816894531,41.40999984741211,41.650001525878906,35.52325439453125,41828800,
2019-09-24,41.630001068115234,41.63999938964844,41.16999816894531,41.209999084472656,35.147987365722656,57006500,
2019-09-25,40.939998626708984,41.27000045776367,40.790000915527344,41.18000030517578,35.12239074707031,43393200,
2019-09-26,41.25,41.29999923706055,41.04999923706055,41.16999816894531,35.113861083984375,37645800,
2019-09-27,41.16999816894531,41.27000045776367,40.4900016784668,40.63999938964844,34.661827087402344,79236200,
2019-09-30,40.97999954223633,41.099998474121094,40.81999969482422,40.869998931884766,34.85799789428711,43961000,
2019-10-01,40.900001525878906,40.90999984741211,40.54999923706055,40.58000183105469,34.61065673828125,48520000,
2019-10-02,40.279998779296875,40.34000015258789,40.06999969482422,40.27000045776367,34.346256256103516,41806300,
2019-10-03,40.40999984741211,40.790000915527344,40.29999923706055,40.790000915527344,34.789764404296875,62287700,
2019-10-04,40.66999816894531,41.04999923706055,40.630001068115234,40.970001220703125,34.94329071044922,54314800,
2019-10-07,40.720001220703125,40.93000030517578,40.599998474121094,40.630001068115234,34.65329360961914,57065700,
2019-10-08,40.54999923706055,40.599998474121094,40.310001373291016,40.34000015258789,34.40595626831055,57784200,
2019-10-09,40.66999816894531,40.810001373291016,40.599998474121094,40.650001525878906,34.670352935791016,41122500,
2019-10-10,40.79999923706055,41.2400016784668,40.790000915527344,41.06999969482422,35.028568267822266,49289100,
2019-10-11,41.70000076293945,42.04999923706055,41.630001068115234,41.72999954223633,35.591495513916016,95248800,
2019-10-14,41.68000030517578,41.7400016784668,41.540000915527344,41.54999923706055,35.43796157836914,29228200,
2019-10-15,41.66999816894531,42.0099983215332,41.650001525878906,41.91999816894531,35.75353240966797,50663000,
2019-10-16,41.880001068115234,42.08000183105469,41.790000915527344,42.040000915527344,35.85588836669922,40768400,
2019-10-17,42.369998931884766,42.38999938964844,42.13999938964844,42.20000076293945,35.99235153198242,56380200,
2019-10-18,42.11000061035156,42.220001220703125,41.869998931884766,41.97999954223633,35.80471420288086,78858900,
2019-10-21,42.15999984741211,42.369998931884766,42.099998474121094,42.36000061035156,36.128814697265625,38432200,
2019-10-22,42.38999938964844,42.540000915527344,42.33000183105469,42.38999938964844,36.15439987182617,53409500,
2019-10-23,42.220001220703125,42.45000076293945,42.189998626708984,42.400001525878906,36.16292953491211,43342700,
2019-10-24,42.58000183105469,42.59000015258789,42.369998931884766,42.400001525878906,36.16292953491211,61391900,
2019-10-25,42.400001525878906,42.72999954223633,42.380001068115234,42.70000076293945,36.418800354003906,49443700,
2019-10-28,42.900001525878906,43.060001373291016,42.880001068115234,42.95000076293945,36.63202667236328,56279100,
2019-10-29,42.72999954223633,42.86000061035156,42.689998626708984,42.72999954223633,36.444393157958984,33949800,
2019-10-30,42.630001068115234,42.91999816894531,42.45000076293945,42.91999816894531,36.6064338684082,60881000,
2019-10-31,42.7599983215332,42.77000045776367,42.36000061035156,42.58000183105469,36.31645202636719,56057700,
2019-11-01,43.029998779296875,43.25,43.0099983215332,43.220001220703125,36.86231231689453,72772400,
2019-11-04,43.77000045776367,43.81999969482422,43.58000183105469,43.650001525878906,37.229061126708984,62191600,
2019-11-05,43.90999984741211,43.939998626708984,43.70000076293945,43.900001525878906,37.44227600097656,62354500,
2019-11-06,43.869998931884766,43.90999984741211,43.619998931884766,43.7599983215332,37.3228759765625,61670500,
2019-11-07,44.09000015258789,44.25,44.029998779296875,44.08000183105469,37.59580612182617,97598200,
2019-11-08,43.72999954223633,43.83000183105469,43.59000015258789,43.68000030517578,37.25464630126953,68666900,
2019-11-11,43.13999938964844,43.41999816894531,43.099998474121094,43.369998931884766,36.99024200439453,47092800,
2019-11-12,43.2599983215332,43.279998779296875,43.0099983215332,43.09000015258789,36.75143051147461,57453500,
2019-11-13,42.65999984741211,42.84000015258789,42.599998474121094,42.7599983215332,36.469966888427734,63134600,
2019-11-14,42.720001220703125,42.849998474121094,42.56999969482422,42.790000915527344,36.49556350708008,48737400,
2019-11-15,43.06999969482422,43.220001220703125,43.029998779296875,43.130001068115234,36.785545349121094,67670700,
2019-11-18,43.13999938964844,43.220001220703125,43.02000045776367,43.060001373291016,36.72583770751953,52545500,
2019-11-19,43.380001068115234,43.380001068115234,43.09000015258789,43.150001525878906,36.802616119384766,40853600,
2019-11-20,43.0,43.15999984741211,42.779998779296875,42.959999084472656,36.640560150146484,51991800,
2019-11-21,42.790000915527344,42.88999938964844,42.68000030517578,42.869998931884766,36.56378173828125,43842600,
2019-11-22,42.95000076293945,42.9900016784668,42.77000045776367,42.869998931884766,36.56378173828125,23519900,
2019-11-25,43.13999938964844,43.34000015258789,43.099998474121094,43.29999923706055,36.93053436279297,57048200,
2019-11-26,43.060001373291016,43.189998626708984,42.88999938964844,43.16999816894531,36.81966018676758,49571200,
2019-11-27,43.09000015258789,43.2400016784668,43.0099983215332,43.220001220703125,36.86231231689453,30402300,
2019-11-29,42.63999938964844,42.720001220703125,42.540000915527344,42.540000915527344,36.28234100341797,35476600,
2019-12-02,42.66999816894531,42.68000030517578,42.369998931884766,42.529998779296875,36.273807525634766,59762300,
2019-12-03,42.15999984741211,42.31999969482422,41.970001220703125,42.310001373291016,36.0861701965332,50471700,
2019-12-04,42.630001068115234,42.70000076293945,42.56999969482422,42.630001068115234,36.359092712402344,47026100,
2019-12-05,42.720001220703125,42.880001068115234,42.650001525878906,42.81999969482422,36.52114486694336,43346400,
2019-12-06,43.06999969482422,43.130001068115234,42.97999954223633,43.06999969482422,36.734375,56766600,
2019-12-09,43.029998779296875,43.16999816894531,42.880001068115234,42.900001525878906,36.589378356933594,37622000,
2019-12-10,42.9900016784668,43.13999938964844,42.90999984741211,43.04999923706055,36.717315673828125,34791300,
2019-12-11,43.290000915527344,43.720001220703125,43.27000045776367,43.68000030517578,37.25464630126953,60083200,
2019-12-12,43.810001373291016,44.5,43.77000045776367,44.439998626708984,37.90284729003906,132196700,
2019-12-13,44.54999923706055,44.869998931884766,44.29999923706055,44.41999816894531,37.88578796386719,160526800,
2019-12-16,43.88999938964844,44.0099983215332,43.81999969482422,43.86000061035156,38.20722961425781,81828000,"{""dividend_amount"": 0.929}"
2019-12-17,44.20000076293945,44.310001373291016,44.119998931884766,44.2599983215332,38.5556755065918,79046200,
2019-12-18,44.459999084472656,44.5099983215332,44.36000061035156,44.5,38.764747619628906,67065000,
2019-12-19,44.36000061035156,44.529998779296875,44.33000183105469,44.52000045776367,38.782169342041016,59364600,
2019-12-20,44.56999969482422,44.66999816894531,44.5,44.61000061035156,38.860572814941406,69295600,
2019-12-23,44.59000015258789,44.66999816894531,44.540000915527344,44.66999816894531,38.912837982177734,29479500,
2019-12-24,44.58000183105469,44.619998931884766,44.47999954223633,44.56999969482422,38.82572555541992,18951500,
2019-12-26,44.7400016784668,44.90999984741211,44.720001220703125,44.88999938964844,39.10447692871094,24947900,
2019-12-27,45.18000030517578,45.20000076293945,44.95000076293945,45.06999969482422,39.261287689208984,48407900,
2019-12-30,45.18000030517578,45.18000030517578,44.709999084472656,44.77000045776367,38.99995040893555,44522800,
2019-12-31,44.79999923706055,44.91999816894531,44.68000030517578,44.869998931884766,39.08705520629883,47292800,
2020-01-02,45.36000061035156,45.779998779296875,45.349998474121094,45.779998779296875,39.87977600097656,78570100,
2020-01-03,45.029998779296875,45.2599983215332,44.90999984741211,44.93000030517578,39.139320373535156,78998200,
2020-01-06,44.599998474121094,44.869998931884766,44.59000015258789,44.81999969482422,39.04350662231445,40085300,
2020-01-07,44.790000915527344,44.900001525878906,44.689998626708984,44.790000915527344,39.01736831665039,65705300,
2020-01-08,44.72999954223633,45.29999923706055,44.689998626708984,45.04999923706055,39.24386215209961,86913300,
2020-01-09,45.47999954223633,45.47999954223633,45.2599983215332,45.349998474121094,39.50519561767578,53199900,
2020-01-10,45.63999938964844,45.77000045776367,45.529998779296875,45.59000015258789,39.71426010131836,67573300,
2020-01-13,45.90999984741211,46.31999969482422,45.810001373291016,46.29999923706055,40.332759857177734,79593800,
2020-01-14,46.029998779296875,46.06999969482422,45.81999969482422,46.040000915527344,40.10627365112305,75746900,
2020-01-15,45.869998931884766,45.91999816894531,45.61000061035156,45.68000030517578,39.792667388916016,60620600,
2020-01-16,45.97999954223633,46.040000915527344,45.83000183105469,45.970001220703125,40.045284271240234,50712700,
2020-01-17,46.119998931884766,46.2599983215332,46.0099983215332,46.22999954223633,40.27177810668945,72382100,
2020-01-21,45.27000045776367,45.349998474121094,45.029998779296875,45.060001373291016,39.252567291259766,106662600,
2020-01-22,45.560001373291016,45.58000183105469,45.29999923706055,45.43000030517578,39.57489013671875,57584900,
2020-01-23,44.720001220703125,45.099998474121094,44.47999954223633,44.959999084472656,39.16545486450195,88714300,
2020-01-24,45.02000045776367,45.029998779296875,44.38999938964844,44.599998474121094,38.85184860229492,88654500,
2020-01-27,42.7400016784668,44.970001220703125,42.65999984741211,43.060001373291016,37.51033401489258,129321800,
2020-01-28,43.220001220703125,43.5,43.029998779296875,43.41999816894531,37.82394027709961,82396700,
2020-01-29,43.7599983215332,43.790000915527344,43.5,43.630001068115234,38.00687789916992,51814700,
2020-01-30,42.65999984741211,43.029998779296875,42.43000030517578,42.97999954223633,37.44064712524414,105864200,
2020-01-31,42.29999923706055,42.33000183105469,41.880001068115234,42.11000061035156,36.682769775390625,99532200,
2020-02-03,42.27000045776367,42.68000030517578,42.2599983215332,42.58000183105469,37.092201232910156,71309200,
2020-02-04,43.68000030517578,43.93000030517578,43.650001525878906,43.68000030517578,38.050437927246094,73939300,
2020-02-05,44.459999084472656,44.470001220703125,43.900001525878906,43.93000030517578,38.26820373535156,74350800,
2020-02-06,44.33000183105469,44.349998474121094,43.959999084472656,43.970001220703125,38.30305480957031,80118800,
2020-02-07,43.529998779296875,43.54999923706055,43.25,43.36000061035156,37.77167510986328,58449900,
2020-02-10,43.380001068115234,43.630001068115234,43.380001068115234,43.599998474121094,37.980735778808594,45350800,
2020-02-11,44.13999938964844,44.40999984741211,44.08000183105469,44.16999816894531,38.47726821899414,58708400,
2020-02-12,44.59000015258789,44.84000015258789,44.5,44.77000045776367,38.99995040893555,41641100,
2020-02-13,44.290000915527344,44.45000076293945,44.15999984741211,44.18000030517578,38.48599624633789,64757500,
2020-02-14,44.459999084472656,44.470001220703125,44.040000915527344,44.20000076293945,38.5034065246582,45095300,
2020-02-18,43.88999938964844,44.04999923706055,43.810001373291016,43.90999984741211,38.25078582763672,40176200,
2020-02-19,44.25,44.33000183105469,44.189998626708984,44.22999954223633,38.52954864501953,45651500,
2020-02-20,43.880001068115234,44.34000015258789,43.400001525878906,43.540000915527344,37.928470611572266,109316300,
2020-02-21,43.439998626708984,43.529998779296875,43.22999954223633,43.290000915527344,37.710697174072266,70553100,
2020-02-24,41.459999084472656,41.90999984741211,41.43000030517578,41.66999816894531,36.29948043823242,101505600,
2020-02-25,42.279998779296875,42.349998474121094,41.34000015258789,41.34000015258789,36.01200485229492,118601100,
2020-02-26,41.83000183105469,42.2400016784668,41.63999938964844,41.66999816894531,36.29948043823242,109411100,
2020-02-27,41.209999084472656,41.52000045776367,40.65999984741211,40.66999816894531,35.428367614746094,151063200,
2020-02-28,39.54999923706055,40.619998931884766,39.279998779296875,40.52000045776367,35.297698974609375,201191200,
2020-03-02,40.63999938964844,41.40999984741211,40.400001525878906,41.400001525878906,36.06428527832031,135152300,
2020-03-03,41.40999984741211,42.08000183105469,40.83000183105469,41.119998931884766,35.82036590576172,141798700,
2020-03-04,41.7400016784668,41.93000030517578,41.5099983215332,41.849998474121094,36.45628356933594,80064800,
2020-03-05,41.52000045776367,41.68000030517578,40.79999923706055,40.970001220703125,35.68970489501953,107474200,
2020-03-06,40.27000045776367,40.38999938964844,39.810001373291016,40.130001068115234,34.95795822143555,104006900,
2020-03-09,37.22999954223633,38.099998474121094,36.599998474121094,37.38999938964844,32.57109451293945,143376900,
2020-03-10,38.95000076293945,39.33000183105469,38.16999816894531,39.290000915527344,34.22622299194336,142773700,
2020-03-11,38.20000076293945,38.33000183105469,37.220001220703125,37.459999084472656,32.6320686340332,137795400,
2020-03-12,34.130001068115234,34.66999816894531,32.88999938964844,33.709999084472656,29.365381240844727,171341200,
2020-03-13,36.61000061035156,36.70000076293945,34.380001068115234,36.13999938964844,31.482200622558594,128272900,
2020-03-16,32.0,33.47999954223633,31.59000015258789,31.6299991607666,27.553457260131836,101553900,
2020-03-17,32.560001373291016,33.810001373291016,32.029998779296875,33.810001373291016,29.452491760253906,92310900,
2020-03-18,30.90999984741211,32.02000045776367,30.149999618530273,30.889999389648438,26.908832550048828,101136100,
2020-03-19,30.809999465942383,31.549999237060547,30.25,31.1299991607666,27.117897033691406,68919700,
2020-03-20,32.59000015258789,32.720001220703125,31.25,31.360000610351562,27.318256378173828,100290200,
2020-03-23,31.059999465942383,31.15999984741211,30.100000381469727,30.610000610351562,26.664920806884766,97832900,
2020-03-24,32.61000061035156,32.970001220703125,32.349998474121094,32.90999984741211,28.668487548828125,84450500,
2020-03-25,33.5099983215332,34.529998779296875,33.189998626708984,34.06999969482422,29.678983688354492,79588900,
2020-03-26,34.36000061035156,35.45000076293945,34.279998779296875,35.36000061035156,30.802734375,89991500,
2020-03-27,33.45000076293945,33.959999084472656,33.189998626708984,33.349998474121094,29.051782608032227,74103800,
2020-03-30,33.470001220703125,33.93000030517578,33.220001220703125,33.900001525878906,29.53089714050293,47544900,
2020-03-31,33.97999954223633,34.54999923706055,33.91999816894531,34.130001068115234,29.73125648498535,64131300,
2020-04-01,33.099998474121094,33.33000183105469,32.619998931884766,32.66999816894531,28.45941925048828,65580600,
2020-04-02,33.290000915527344,33.939998626708984,33.20000076293945,33.77000045776367,29.417652130126953,55784000,
2020-04-03,33.689998626708984,33.86000061035156,32.95000076293945,33.130001068115234,28.860136032104492,68672500,
2020-04-06,34.439998626708984,34.95000076293945,34.29999923706055,34.939998626708984,30.436851501464844,82394800,
2020-04-07,36.09000015258789,36.119998931884766,35.04999923706055,35.119998931884766,30.593660354614258,74322600,
2020-04-08,35.209999084472656,35.56999969482422,34.939998626708984,35.47999954223633,30.907264709472656,47112900,
2020-04-09,35.86000061035156,36.09000015258789,35.2599983215332,35.349998474121094,30.79401206970215,67239300,
2020-04-13,35.34000015258789,35.45000076293945,35.0,35.400001525878906,30.837568283081055,38193400,
2020-04-14,36.209999084472656,36.47999954223633,36.0099983215332,36.209999084472656,31.543180465698242,52817400,
2020-04-15,35.349998474121094,35.459999084472656,35.119998931884766,35.279998779296875,30.733043670654297,60775200,
2020-04-16,35.779998779296875,35.81999969482422,35.349998474121094,35.470001220703125,30.898550033569336,37215100,
2020-04-17,36.43000030517578,36.47999954223633,36.0,36.2599983215332,31.586732864379883,40870300,
2020-04-20,35.880001068115234,36.2400016784668,35.72999954223633,35.79999923706055,31.186017990112305,44402700,
2020-04-21,34.97999954223633,35.18000030517578,34.7400016784668,34.810001373291016,30.323606491088867,46166600,
2020-04-22,35.779998779296875,35.869998931884766,35.689998626708984,35.7599983215332,31.151174545288086,37455800,
2020-04-23,36.040000915527344,36.290000915527344,35.61000061035156,35.630001068115234,31.037925720214844,40733100,
2020-04-24,35.689998626708984,35.7400016784668,35.25,35.58000183105469,30.994375228881836,30553700,
2020-04-27,36.04999923706055,36.369998931884766,35.9900016784668,36.29999923706055,31.621580123901367,30617400,
2020-04-28,36.81999969482422,36.849998474121094,36.349998474121094,36.369998931884766,31.68256378173828,34463600,
2020-04-29,36.9900016784668,37.5,36.91999816894531,37.43000030517578,32.6059455871582,45483100,
2020-04-30,37.2400016784668,37.36000061035156,36.400001525878906,36.63999938964844,31.91775131225586,59181700,
2020-05-01,35.75,35.880001068115234,35.20000076293945,35.31999969482422,30.767885208129883,56829000,
2020-05-04,35.459999084472656,35.7400016784668,35.31999969482422,35.70000076293945,31.098907470703125,37036200,
2020-05-05,36.060001373291016,36.2400016784668,35.86000061035156,35.900001525878906,31.27312660217285,41772700,
2020-05-06,36.119998931884766,36.15999984741211,35.77000045776367,35.790000915527344,31.17730140686035,36584500,
2020-05-07,36.130001068115234,36.2400016784668,35.90999984741211,36.08000183105469,31.429933547973633,36883300,
2020-05-08,36.540000915527344,36.95000076293945,36.5099983215332,36.84000015258789,32.09197998046875,60613000,
2020-05-11,36.619998931884766,36.84000015258789,36.560001373291016,36.599998474121094,31.88291358947754,31053700,
2020-05-12,36.900001525878906,37.15999984741211,36.45000076293945,36.459999084472656,31.760953903198242,49641400,
2020-05-13,36.869998931884766,36.95000076293945,36.150001525878906,36.38999938964844,31.699981689453125,55002900,
2020-05-14,35.689998626708984,36.59000015258789,35.560001373291016,36.529998779296875,31.821937561035156,58633700,
2020-05-15,35.959999084472656,36.20000076293945,35.84000015258789,36.029998779296875,31.38637351989746,40402000,
2020-05-18,36.91999816894531,37.52000045776367,36.90999984741211,37.439998626708984,32.614654541015625,47487700,
2020-05-19,37.380001068115234,37.560001373291016,37.119998931884766,37.13999938964844,32.35331726074219,36152600,
2020-05-20,37.72999954223633,37.90999984741211,37.41999816894531,37.630001068115234,32.78016662597656,43140300,
2020-05-21,37.400001525878906,37.529998779296875,37.02000045776367,37.20000076293945,32.40559005737305,42845500,
2020-05-22,36.619998931884766,36.619998931884766,36.310001373291016,36.43000030517578,31.734817504882812,47355000,
2020-05-26,37.58000183105469,37.72999954223633,37.189998626708984,37.22999954223633,32.431724548339844,54511200,
2020-05-27,37.400001525878906,37.43000030517578,36.90999984741211,37.349998474121094,32.536251068115234,47182400,
2020-05-28,37.470001220703125,37.650001525878906,37.06999969482422,37.09000015258789,32.30975341796875,53388700,
2020-05-29,37.349998474121094,37.79999923706055,37.09000015258789,37.72999954223633,32.86727523803711,63616700,
2020-06-01,38.08000183105469,38.630001068115234,38.0099983215332,38.599998474121094,33.62514114379883,49360200,
2020-06-02,39.06999969482422,39.56999969482422,38.97999954223633,39.52000045776367,34.42657470703125,54010500,
2020-06-03,40.04999923706055,40.52000045776367,39.9900016784668,40.439998626708984,35.22800827026367,60769300,
2020-06-04,39.90999984741211,40.18000030517578,39.66999816894531,39.869998931884766,34.73147201538086,50969300,
2020-06-05,40.900001525878906,41.15999984741211,40.81999969482422,40.91999816894531,35.64614486694336,52467500,
2020-06-08,40.79999923706055,41.189998626708984,40.560001373291016,41.16999816894531,35.86391830444336,39777100,
2020-06-09,40.58000183105469,40.97999954223633,40.43000030517578,40.88999938964844,35.62001037597656,44389800,
2020-06-10,41.0099983215332,41.310001373291016,40.66999816894531,41.189998626708984,35.881343841552734,81172700,
2020-06-11,39.86000061035156,40.08000183105469,38.9900016784668,39.040000915527344,34.00843811035156,91271100,
2020-06-12,40.02000045776367,40.099998474121094,39.279998779296875,39.869998931884766,34.73147201538086,73779500,
2020-06-15,38.619998931884766,39.5099983215332,38.5,39.279998779296875,34.416046142578125,76868600,"{""dividend_amount"": 0.23}"
2020-06-16,40.27000045776367,40.27000045776367,39.25,39.529998779296875,34.63508987426758,79638000,
2020-06-17,39.869998931884766,40.11000061035156,39.790000915527344,39.90999984741211,34.96804428100586,61471100,
2020-06-18,39.810001373291016,40.08000183105469,39.79999923706055,39.93000030517578,34.98556137084961,48131400,
2020-06-19,40.470001220703125,40.47999954223633,39.779998779296875,39.91999816894531,34.976802825927734,72411300,
2020-06-22,40.189998626708984,40.5,40.099998474121094,40.40999984741211,35.40612030029297,39024200,
2020-06-23,40.88999938964844,41.06999969482422,40.7599983215332,40.79999923706055,35.747833251953125,32995800,
2020-06-24,40.63999938964844,40.7599983215332,39.97999954223633,40.2599983215332,35.27468490600586,51150200,
2020-06-25,40.119998931884766,40.439998626708984,39.97999954223633,40.43000030517578,35.423648834228516,48199000,
2020-06-26,40.310001373291016,40.33000183105469,39.77000045776367,39.939998626708984,34.994319915771484,53901200,
2020-06-29,39.95000076293945,40.13999938964844,39.720001220703125,40.119998931884766,35.152034759521484,34712700,
2020-06-30,40.04999923706055,40.09000015258789,39.7400016784668,39.9900016784668,35.03812789916992,67644600,
2020-07-01,40.209999084472656,40.59000015258789,40.18000030517578,40.439998626708984,35.43240737915039,51766200,
2020-07-02,41.310001373291016,41.599998474121094,41.18000030517578,41.36000061035156,36.238487243652344,42240200,
2020-07-06,42.779998779296875,43.150001525878906,42.779998779296875,43.13999938964844,37.798072814941406,69159900,
2020-07-07,42.59000015258789,42.880001068115234,42.400001525878906,42.41999816894531,37.167232513427734,34004100,
2020-07-08,43.0,43.52000045776367,42.95000076293945,43.52000045776367,38.131019592285156,42278100,
2020-07-09,43.900001525878906,43.959999084472656,43.130001068115234,43.52000045776367,38.131019592285156,64950400,
2020-07-10,43.22999954223633,43.29999923706055,42.95000076293945,43.2400016784668,37.88569259643555,45293500,
2020-07-13,43.540000915527344,43.86000061035156,42.869998931884766,42.95000076293945,37.631595611572266,47039600,
2020-07-14,42.45000076293945,43.130001068115234,42.349998474121094,43.0099983215332,37.68416976928711,56528000,
2020-07-15,43.27000045776367,43.349998474121094,42.970001220703125,43.13999938964844,37.798072814941406,48309100,
2020-07-16,42.310001373291016,42.56999969482422,42.25,42.529998779296875,37.263607025146484,36512000,
2020-07-17,42.84000015258789,42.86000061035156,42.54999923706055,42.77000045776367,37.4738883972168,40913000,
2020-07-20,43.0099983215332,43.369998931884766,42.88999938964844,43.31999969482422,37.955780029296875,23319300,
2020-07-21,44.0,44.02000045776367,43.70000076293945,43.720001220703125,38.306251525878906,44420500,
2020-07-22,43.709999084472656,43.709999084472656,43.290000915527344,43.529998779296875,38.13977813720703,31232200,
2020-07-23,43.5,43.66999816894531,42.970001220703125,43.18000030517578,37.8331184387207,39243400,
2020-07-24,42.720001220703125,43.13999938964844,42.630001068115234,43.13999938964844,37.798072814941406,30184800,
2020-07-27,43.439998626708984,43.84000015258789,43.310001373291016,43.810001373291016,38.38511276245117,39112200,
2020-07-28,43.72999954223633,43.779998779296875,43.400001525878906,43.45000076293945,38.06968688964844,31219100,
2020-07-29,43.849998474121094,44.27000045776367,43.849998474121094,44.150001525878906,38.68301010131836,37830900,
2020-07-30,43.630001068115234,43.7599983215332,43.189998626708984,43.59000015258789,38.192352294921875,47900300,
2020-07-31,43.630001068115234,43.63999938964844,42.959999084472656,43.290000915527344,37.92950439453125,62457700,
2020-08-03,43.45000076293945,43.689998626708984,43.40999984741211,43.59000015258789,38.192352294921875,30603000,
2020-08-04,43.779998779296875,44.16999816894531,43.77000045776367,44.16999816894531,38.70052719116211,40597400,
2020-08-05,44.560001373291016,44.849998474121094,44.529998779296875,44.650001525878906,39.121097564697266,36768200,
2020-08-06,44.52000045776367,44.810001373291016,44.36000061035156,44.790000915527344,39.24375534057617,33523700,
2020-08-07,43.9900016784668,44.150001525878906,43.63999938964844,43.869998931884766,38.43768310546875,35759300,
2020-08-10,43.939998626708984,44.06999969482422,43.63999938964844,43.97999954223633,38.534061431884766,26964700,
2020-08-11,44.27000045776367,44.36000061035156,43.810001373291016,43.86000061035156,38.428924560546875,34166400,
2020-08-12,44.310001373291016,44.58000183105469,44.209999084472656,44.45000076293945,38.94586181640625,30740100,
2020-08-13,44.400001525878906,44.470001220703125,44.130001068115234,44.31999969482422,38.83195877075195,26509200,
2020-08-14,44.209999084472656,44.310001373291016,44.150001525878906,44.2400016784668,38.761863708496094,24593800,
2020-08-17,44.56999969482422,44.81999969482422,44.5,44.79999923706055,39.25251388549805,26422200,
2020-08-18,44.79999923706055,44.869998931884766,44.459999084472656,44.75,39.20870590209961,34464800,
2020-08-19,44.61000061035156,44.619998931884766,44.189998626708984,44.20000076293945,38.726810455322266,28391100,
2020-08-20,43.459999084472656,44.06999969482422,43.369998931884766,44.060001373291016,38.60415267944336,38399500,
2020-08-21,43.97999954223633,44.29999923706055,43.790000915527344,44.279998779296875,38.796905517578125,34657800,
2020-08-24,44.939998626708984,44.970001220703125,44.599998474121094,44.77000045776367,39.22624206542969,26576500,
2020-08-25,44.91999816894531,45.2599983215332,44.81999969482422,45.220001220703125,39.62051010131836,27608400,
2020-08-26,45.22999954223633,45.38999938964844,45.16999816894531,45.34000015258789,39.72565841674805,31465300,
2020-08-27,45.459999084472656,45.459999084472656,44.77000045776367,44.959999084472656,39.39270782470703,31947400,
2020-08-28,45.2400016784668,45.560001373291016,45.119998931884766,45.54999923706055,39.909645080566406,24151700,
2020-08-31,44.709999084472656,44.720001220703125,44.25,44.540000915527344,39.024715423583984,52790000,
2020-09-01,44.959999084472656,45.33000183105469,44.91999816894531,45.29999923706055,39.69061279296875,34212200,
2020-09-02,45.36000061035156,45.369998931884766,44.779998779296875,45.18000030517578,39.5854606628418,50638400,
2020-09-03,44.939998626708984,44.95000076293945,44.040000915527344,44.31999969482422,38.83195877075195,82433300,
2020-09-04,44.41999816894531,44.65999984741211,43.58000183105469,44.34000015258789,38.849483489990234,62284500,
2020-09-08,43.560001373291016,43.959999084472656,43.43000030517578,43.56999969482422,38.17482376098633,50051100,
2020-09-09,44.0099983215332,44.310001373291016,43.900001525878906,44.220001220703125,38.74433517456055,49010500,
2020-09-10,44.27000045776367,44.34000015258789,43.5099983215332,43.5099983215332,38.122257232666016,54276200,
2020-09-11,44.11000061035156,44.25,43.709999084472656,43.93000030517578,38.49024963378906,49400700,
2020-09-14,44.5099983215332,44.709999084472656,44.45000076293945,44.63999938964844,39.11233139038086,38892300,
2020-09-15,45.189998626708984,45.22999954223633,45.02000045776367,45.11000061035156,39.524139404296875,30541000,
2020-09-16,45.25,45.40999984741211,45.029998779296875,45.04999923706055,39.47156524658203,38179100,
2020-09-17,44.5099983215332,44.939998626708984,44.47999954223633,44.869998931884766,39.3138542175293,38231100,
2020-09-18,44.90999984741211,44.95000076293945,44.45000076293945,44.52000045776367,39.007198333740234,34270500,
2020-09-21,43.77000045776367,44.13999938964844,43.38999938964844,44.11000061035156,38.6479606628418,42901100,
2020-09-22,43.95000076293945,43.970001220703125,43.41999816894531,43.779998779296875,38.358821868896484,44884000,
2020-09-23,43.650001525878906,43.72999954223633,43.060001373291016,43.099998474121094,37.76301574707031,40837000,
2020-09-24,42.5,43.20000076293945,42.43000030517578,42.900001525878906,37.58778762817383,46493800,
2020-09-25,42.540000915527344,42.959999084472656,42.290000915527344,42.939998626708984,37.622840881347656,44165700,
2020-09-28,43.5099983215332,43.599998474121094,43.209999084472656,43.41999816894531,38.04340362548828,45528300,
2020-09-29,43.290000915527344,43.529998779296875,43.25,43.38999938964844,38.017120361328125,25333200,
2020-09-30,43.72999954223633,44.209999084472656,43.70000076293945,44.09000015258789,38.630435943603516,48674300,
2020-10-01,44.41999816894531,44.529998779296875,44.15999984741211,44.5,38.98966979980469,51521100,
2020-10-02,43.83000183105469,44.380001068115234,43.779998779296875,43.9900016784668,38.54281997680664,32647100,
2020-10-05,44.22999954223633,44.58000183105469,44.22999954223633,44.58000183105469,39.05976104736328,36059100,
2020-10-06,44.720001220703125,45.0,44.5099983215332,44.65999984741211,39.12985610961914,43464800,
2020-10-07,45.06999969482422,45.290000915527344,44.939998626708984,45.150001525878906,39.55918502807617,45691100,
2020-10-08,45.310001373291016,45.56999969482422,44.95000076293945,45.52000045776367,39.883358001708984,29669900,
2020-10-09,45.630001068115234,45.959999084472656,45.5,45.83000183105469,40.15497970581055,31901900,
2020-10-12,46.08000183105469,46.34000015258789,45.97999954223633,46.22999954223633,40.50544357299805,40037700,
2020-10-13,46.06999969482422,46.099998474121094,45.79999923706055,46.040000915527344,40.3389778137207,35585000,
2020-10-14,46.02000045776367,46.13999938964844,45.709999084472656,45.72999954223633,40.06735610961914,42300500,
2020-10-15,45.06999969482422,45.439998626708984,45.02000045776367,45.400001525878906,39.77822494506836,41119300,
2020-10-16,45.560001373291016,45.689998626708984,45.40999984741211,45.560001373291016,39.91840744018555,31611400,
2020-10-19,45.70000076293945,45.88999938964844,45.34000015258789,45.43000030517578,39.804508209228516,30869500,
2020-10-20,45.709999084472656,46.16999816894531,45.689998626708984,45.93000030517578,40.24259567260742,51631300,
2020-10-21,46.0,46.31999969482422,45.939998626708984,46.060001373291016,40.35649871826172,42909300,
2020-10-22,46.13999938964844,46.18000030517578,45.81999969482422,46.04999923706055,40.34773635864258,41884100,
2020-10-23,46.09000015258789,46.31999969482422,45.869998931884766,46.31999969482422,40.58429718017578,36931400,
2020-10-26,45.77000045776367,46.040000915527344,45.349998474121094,45.720001220703125,40.058597564697266,53574300,
2020-10-27,45.849998474121094,46.04999923706055,45.70000076293945,45.91999816894531,40.23382568359375,41828600,
2020-10-28,45.189998626708984,45.25,44.72999954223633,44.77000045776367,39.22624206542969,67047200,
2020-10-29,44.939998626708984,45.369998931884766,44.779998779296875,45.220001220703125,39.62051010131836,44763400,
2020-10-30,44.849998474121094,44.91999816894531,44.40999984741211,44.709999084472656,39.17366409301758,66155200,
2020-11-02,45.18000030517578,45.29999923706055,44.91999816894531,45.279998779296875,39.6730842590332,51001600,
2020-11-03,45.36000061035156,45.599998474121094,45.18000030517578,45.47999954223633,39.84831619262695,49744300,
2020-11-04,46.09000015258789,47.09000015258789,46.0,46.90999984741211,41.10123825073242,81110200,
2020-11-05,47.709999084472656,47.90999984741211,47.310001373291016,47.709999084472656,41.802181243896484,78029300,
2020-11-06,47.66999816894531,48.11000061035156,47.540000915527344,47.93000030517578,41.99494171142578,57353300,
2020-11-09,49.47999954223633,49.529998779296875,48.2400016784668,48.2599983215332,42.28407669067383,74889400,
2020-11-10,48.06999969482422,48.189998626708984,47.5,47.709999084472656,41.802181243896484,68735600,
2020-11-11,47.63999938964844,48.099998474121094,47.560001373291016,48.02000045776367,42.073787689208984,46272000,
2020-11-12,48.13999938964844,48.310001373291016,47.540000915527344,47.65999984741211,41.75838088989258,41292600,
2020-11-13,48.2400016784668,48.36000061035156,47.9900016784668,48.33000183105469,42.34540939331055,48143400,
2020-11-16,48.849998474121094,49.09000015258789,48.7599983215332,48.93000030517578,42.87110900878906,63565900,
2020-11-17,48.630001068115234,49.0099983215332,48.560001373291016,48.880001068115234,42.827308654785156,34661600,
2020-11-18,49.09000015258789,49.099998474121094,48.70000076293945,48.709999084472656,42.67835235595703,32343400,
2020-11-19,48.47999954223633,48.86000061035156,48.380001068115234,48.790000915527344,42.748451232910156,27524000,
2020-11-20,48.900001525878906,49.20000076293945,48.86000061035156,49.060001373291016,42.98501968383789,35259100,
2020-11-23,49.59000015258789,49.599998474121094,49.08000183105469,49.189998626708984,43.09892272949219,38979600,
2020-11-24,49.599998474121094,49.880001068115234,49.34000015258789,49.849998474121094,43.67718505859375,39275200,
2020-11-25,49.400001525878906,49.599998474121094,49.2599983215332,49.56999969482422,43.43186569213867,47358000,
2020-11-27,49.95000076293945,50.16999816894531,49.90999984741211,50.040000915527344,43.843666076660156,27040300,
2020-11-30,49.310001373291016,49.310001373291016,48.709999084472656,48.72999954223633,42.69587707519531,60622800,
2020-12-01,49.59000015258789,49.880001068115234,49.349998474121094,49.689998626708984,43.5369987487793,50376400,
2020-12-02,49.61000061035156,49.86000061035156,49.41999816894531,49.7599983215332,43.59832763671875,42826100,
2020-12-03,50.22999954223633,50.58000183105469,50.189998626708984,50.33000183105469,44.097755432128906,61408300,
2020-12-04,50.720001220703125,50.880001068115234,50.630001068115234,50.849998474121094,44.55335235595703,42230900,
2020-12-07,50.779998779296875,50.9900016784668,50.650001525878906,50.849998474121094,44.55335235595703,43115100,
2020-12-08,50.790000915527344,50.869998931884766,50.630001068115234,50.869998931884766,44.57088088989258,28632600,
2020-12-09,51.029998779296875,51.029998779296875,50.189998626708984,50.43000030517578,44.18537139892578,40762600,
2020-12-10,50.369998931884766,51.13999938964844,50.34000015258789,51.08000183105469,44.7548828125,36032000,
2020-12-11,50.7599983215332,50.90999984741211,50.630001068115234,50.720001220703125,44.43946075439453,38034400,
2020-12-14,50.31999969482422,50.349998474121094,49.90999984741211,49.939998626708984,44.20841598510742,34407200,"{""dividend_amount"": 0.519}"
2020-12-15,50.15999984741211,50.5099983215332,50.02000045776367,50.47999954223633,44.68643569946289,39345000,
2020-12-16,50.58000183105469,50.79999923706055,50.470001220703125,50.720001220703125,44.898887634277344,38243300,
2020-12-17,51.04999923706055,51.11000061035156,50.88999938964844,51.04999923706055,45.19102478027344,36323800,
2020-12-18,50.95000076293945,51.02000045776367,50.779998779296875,50.9900016784668,45.13791275024414,47662800,
2020-12-21,49.86000061035156,50.45000076293945,49.84000015258789,50.2400016784668,44.47398376464844,48558100,
2020-12-22,50.11000061035156,50.15999984741211,49.77000045776367,49.84000015258789,44.11988830566406,35229900,
2020-12-23,50.31999969482422,50.459999084472656,50.25,50.349998474121094,44.571353912353516,36469400,
2020-12-24,50.209999084472656,50.33000183105469,49.86000061035156,50.130001068115234,44.37660598754883,20689000,
2020-12-28,50.369998931884766,50.439998626708984,50.15999984741211,50.27000045776367,44.50053405761719,26906100,
2020-12-29,50.720001220703125,51.060001373291016,50.68000030517578,51.02000045776367,45.164466857910156,41965900,
2020-12-30,51.63999938964844,51.880001068115234,51.59000015258789,51.70000076293945,45.76642608642578,35759500,
2020-12-31,51.9900016784668,52.0,51.36000061035156,51.66999816894531,45.73986053466797,35680200,
2021-01-04,52.619998931884766,52.810001373291016,51.83000183105469,52.0,46.031986236572266,48201300,
2021-01-05,52.4900016784668,53.27000045776367,52.4900016784668,53.25,47.13853073120117,53358000,
2021-01-06,52.849998474121094,53.439998626708984,52.65999984741211,52.79999923706055,46.740177154541016,56418700,
2021-01-07,53.08000183105469,53.29999923706055,52.81999969482422,53.29999923706055,47.18278503417969,41031300,
2021-01-08,54.25,54.7400016784668,53.939998626708984,54.709999084472656,48.430965423583984,76024300,
2021-01-11,53.9900016784668,54.29999923706055,53.90999984741211,53.970001220703125,47.77589416503906,40816400,
2021-01-12,54.310001373291016,54.61000061035156,54.15999984741211,54.5,48.24506378173828,47570500,
2021-01-13,54.599998474121094,54.88999938964844,54.279998779296875,54.619998931884766,48.351287841796875,33561200,
2021-01-14,55.220001220703125,55.47999954223633,55.060001373291016,55.130001068115234,48.802757263183594,38837200,
2021-01-15,54.560001373291016,54.66999816894531,54.209999084472656,54.349998474121094,48.112281799316406,58519000,
2021-01-19,55.5,55.540000915527344,55.119998931884766,55.25,48.90898513793945,50429300,
2021-01-20,56.20000076293945,56.2599983215332,55.95000076293945,56.220001220703125,49.767669677734375,38832500,
2021-01-21,56.40999984741211,56.45000076293945,56.11000061035156,56.31999969482422,49.856178283691406,31457000,
2021-01-22,55.540000915527344,55.95000076293945,55.470001220703125,55.83000183105469,49.42242431640625,48223800,
2021-01-25,56.45000076293945,56.540000915527344,55.709999084472656,56.25,49.79421615600586,50793700,
2021-01-26,55.790000915527344,55.93000030517578,55.529998779296875,55.84000015258789,49.4312744140625,32283000,
2021-01-27,54.65999984741211,54.880001068115234,54.25,54.290000915527344,48.05916213989258,45279700,
2021-01-28,54.189998626708984,54.869998931884766,54.04999923706055,54.66999816894531,48.39554977416992,38055000,
2021-01-29,53.720001220703125,53.849998474121094,53.04999923706055,53.310001373291016,47.1916389465332,57657800,
2021-02-01,54.41999816894531,54.849998474121094,54.15999984741211,54.75,48.46637725830078,51427000,
2021-02-02,55.54999923706055,55.59000015258789,55.290000915527344,55.459999084472656,49.094886779785156,33172200,
2021-02-03,55.83000183105469,55.95000076293945,55.56999969482422,55.7400016784668,49.342750549316406,32363100,
2021-02-04,55.68000030517578,55.79999923706055,55.34000015258789,55.7599983215332,49.36045837402344,40161800,
2021-02-05,56.0099983215332,56.2599983215332,55.79999923706055,56.2400016784668,49.785369873046875,24242300,
2021-02-08,56.040000915527344,56.439998626708984,56.029998779296875,56.34000015258789,49.87389373779297,21606000,
2021-02-09,56.349998474121094,56.9900016784668,56.34000015258789,56.939998626708984,50.405033111572266,27200000,
2021-02-10,57.45000076293945,57.529998779296875,56.79999923706055,57.13999938964844,50.58207321166992,30531200,
2021-02-11,57.650001525878906,58.0,57.540000915527344,57.75,51.122066497802734,48875000,
2021-02-12,57.5,57.970001220703125,57.40999984741211,57.79999923706055,51.16632843017578,28400400,
2021-02-16,58.130001068115234,58.290000915527344,57.790000915527344,57.939998626708984,51.290252685546875,34954000,
2021-02-17,57.84000015258789,58.0,57.54999923706055,57.959999084472656,51.307960510253906,37789100,
2021-02-18,57.02000045776367,57.15999984741211,56.540000915527344,57.15999984741211,50.59978103637695,46118400,
2021-02-19,57.5,57.810001373291016,57.34000015258789,57.529998779296875,50.92730712890625,39809800,
2021-02-22,56.0,56.369998931884766,55.779998779296875,55.84000015258789,49.4312744140625,46924200,
2021-02-23,55.47999954223633,56.279998779296875,54.790000915527344,56.09000015258789,49.6525764465332,40316200,
2021-02-24,55.15999984741211,55.75,54.81999969482422,55.72999954223633,49.33389663696289,36631300,
2021-02-25,55.7599983215332,55.900001525878906,54.380001068115234,54.459999084472656,48.209651947021484,50895200,
2021-02-26,54.11000061035156,54.150001525878906,53.38999938964844,53.72999954223633,47.56343460083008,68933600,
2021-03-01,54.81999969482422,55.33000183105469,54.70000076293945,55.16999816894531,48.83816146850586,53421400,
2021-03-02,54.869998931884766,54.90999984741211,54.459999084472656,54.630001068115234,48.36014938354492,38533600,
2021-03-03,55.040000915527344,55.18000030517578,54.31999969482422,54.52000045776367,48.26276397705078,43013300,
2021-03-04,54.29999923706055,54.54999923706055,52.970001220703125,53.25,47.13853073120117,70653800,
2021-03-05,54.0099983215332,54.029998779296875,52.79999923706055,53.83000183105469,47.65195846557617,64018500,
2021-03-08,52.880001068115234,53.029998779296875,52.25,52.380001068115234,46.368377685546875,54120600,
2021-03-09,53.150001525878906,53.83000183105469,53.08000183105469,53.529998779296875,47.386390686035156,42450100,
2021-03-10,53.77000045776367,53.790000915527344,53.040000915527344,53.290000915527344,47.17393493652344,42853900,
2021-03-11,54.5099983215332,55.040000915527344,54.27000045776367,54.970001220703125,48.661128997802734,57247200,
2021-03-12,53.84000015258789,53.9900016784668,53.58000183105469,53.9900016784668,47.79359817504883,41559600,
2021-03-15,53.72999954223633,54.130001068115234,53.59000015258789,54.119998931884766,47.90867233276367,32447400,
2021-03-16,54.290000915527344,54.54999923706055,54.11000061035156,54.349998474121094,48.112281799316406,41261600,
2021-03-17,53.650001525878906,54.65999984741211,53.52000045776367,54.41999816894531,48.17424774169922,57032400,
2021-03-18,53.93000030517578,54.09000015258789,53.38999938964844,53.41999816894531,47.28901290893555,49205900,
2021-03-19,53.5,54.08000183105469,53.33000183105469,54.08000183105469,47.87327194213867,60265700,
2021-03-22,53.7400016784668,54.08000183105469,53.54999923706055,53.91999816894531,47.73162841796875,24860300,
2021-03-23,53.220001220703125,53.400001525878906,52.86000061035156,52.88999938964844,46.81984329223633,40356400,
2021-03-24,52.54999923706055,52.630001068115234,51.68000030517578,51.68000030517578,45.748714447021484,45315400,
2021-03-25,51.560001373291016,52.06999969482422,51.52000045776367,51.91999816894531,45.96116256713867,73684400,
2021-03-26,52.400001525878906,53.31999969482422,52.15999984741211,53.27000045776367,47.1562385559082,142402800,
2021-03-29,52.84000015258789,53.119998931884766,52.63999938964844,52.900001525878906,46.82869338989258,51309500,
2021-03-30,52.880001068115234,53.18000030517578,52.72999954223633,53.06999969482422,46.979183197021484,44414300,
2021-03-31,53.0099983215332,53.52000045776367,53.0099983215332,53.34000015258789,47.21820068359375,38807500,
2021-04-01,54.119998931884766,54.220001220703125,53.810001373291016,53.86000061035156,47.67852020263672,44592700,
2021-04-05,54.189998626708984,54.25,53.95000076293945,54.06999969482422,47.864418029785156,30891600,
2021-04-06,54.08000183105469,54.599998474121094,53.959999084472656,54.369998931884766,48.129981994628906,31509200,
2021-04-07,53.61000061035156,53.75,53.380001068115234,53.56999969482422,47.42179870605469,47888100,
2021-04-08,54.119998931884766,54.279998779296875,53.9900016784668,54.0099983215332,47.81129837036133,50373000,
2021-04-09,53.4900016784668,53.56999969482422,53.369998931884766,53.54999923706055,47.40409469604492,35808300,
2021-04-12,53.18000030517578,53.290000915527344,53.060001373291016,53.22999954223633,47.120819091796875,30045900,
2021-04-13,53.2400016784668,53.63999938964844,53.15999984741211,53.45000076293945,47.315574645996094,33697900,
2021-04-14,53.93000030517578,54.040000915527344,53.66999816894531,53.720001220703125,47.554588317871094,27449500,
2021-04-15,54.15999984741211,54.2599983215332,53.9900016784668,54.209999084472656,47.988346099853516,42622000,
2021-04-16,54.349998474121094,54.43000030517578,54.099998474121094,54.349998474121094,48.112281799316406,32031300,
2021-04-19,54.2400016784668,54.34000015258789,53.959999084472656,54.150001525878906,47.935237884521484,34318500,
2021-04-20,54.09000015258789,54.20000076293945,53.560001373291016,53.709999084472656,47.54572677612305,27732600,
2021-04-21,53.459999084472656,54.06999969482422,53.34000015258789,54.040000915527344,47.83785629272461,33407600,
2021-04-22,54.08000183105469,54.189998626708984,53.68000030517578,53.849998474121094,47.66965866088867,39452000,
2021-04-23,54.380001068115234,54.689998626708984,54.34000015258789,54.630001068115234,48.36014938354492,27062900,
2021-04-26,54.540000915527344,54.75,54.43000030517578,54.70000076293945,48.42211151123047,26805200,
2021-04-27,54.689998626708984,54.84000015258789,54.58000183105469,54.66999816894531,48.39554977416992,25563100,
2021-04-28,54.93000030517578,55.34000015258789,54.7599983215332,55.08000183105469,48.75850296020508,37381000,
2021-04-29,55.2599983215332,55.27000045776367,54.5,54.95000076293945,48.64341735839844,36617000,
2021-04-30,54.27000045776367,54.369998931884766,53.849998474121094,53.97999954223633,47.78474426269531,46299900,
2021-05-03,53.939998626708984,54.22999954223633,53.7599983215332,53.97999954223633,47.78474426269531,20628000,
2021-05-04,53.58000183105469,53.65999984741211,52.97999954223633,53.369998931884766,47.24475860595703,38634800,
2021-05-05,53.630001068115234,53.79999923706055,53.459999084472656,53.619998931884766,47.466068267822266,26062900,
2021-05-06,53.900001525878906,54.15999984741211,53.72999954223633,54.130001068115234,47.91753005981445,29454200,
2021-05-07,54.459999084472656,54.93000030517578,54.38999938964844,54.689998626708984,48.41325759887695,41590600,
2021-05-10,54.470001220703125,54.4900016784668,53.65999984741211,53.709999084472656,47.54572677612305,40686800,
2021-05-11,52.70000076293945,53.58000183105469,52.65999984741211,53.560001373291016,47.41294860839844,37374100,
2021-05-12,52.68000030517578,52.90999984741211,52.0099983215332,52.08000183105469,46.10280990600586,53632900,
2021-05-13,52.2400016784668,52.5099983215332,51.7400016784668,52.0099983215332,46.040836334228516,42935200,
2021-05-14,52.61000061035156,53.040000915527344,52.47999954223633,52.95000076293945,46.87295913696289,40363000,
2021-05-17,52.61000061035156,52.939998626708984,52.529998779296875,52.900001525878906,46.82869338989258,23169500,
2021-05-18,53.59000015258789,53.880001068115234,53.52000045776367,53.61000061035156,47.45721435546875,32405300,
2021-05-19,52.95000076293945,53.650001525878906,52.90999984741211,53.45000076293945,47.315574645996094,46284100,
2021-05-20,53.529998779296875,53.869998931884766,53.52000045776367,53.7599983215332,47.589988708496094,33273000,
2021-05-21,53.7400016784668,53.7400016784668,53.060001373291016,53.13999938964844,47.04115676879883,39110900,
2021-05-24,53.38999938964844,53.709999084472656,53.279998779296875,53.58000183105469,47.430660247802734,22436200,
2021-05-25,54.27000045776367,54.36000061035156,54.029998779296875,54.11000061035156,47.89982604980469,40993700,
2021-05-26,54.31999969482422,54.56999969482422,54.29999923706055,54.5099983215332,48.25391387939453,26984700,
2021-05-27,54.560001373291016,54.66999816894531,54.400001525878906,54.52000045776367,48.26276397705078,35598900,
2021-05-28,54.65999984741211,55.0,54.63999938964844,54.869998931884766,48.57260513305664,43730300,
2021-06-01,56.13999938964844,56.18000030517578,55.81999969482422,56.0,49.57291793823242,41656100,
2021-06-02,55.91999816894531,56.130001068115234,55.77000045776367,56.09000015258789,49.6525764465332,24532400,
2021-06-03,55.5099983215332,55.65999984741211,55.34000015258789,55.4900016784668,49.12144088745117,40790400,
2021-06-04,55.880001068115234,56.029998779296875,55.79999923706055,55.9900016784668,49.56406021118164,29038100,
2021-06-07,55.709999084472656,55.7400016784668,55.459999084472656,55.709999084472656,49.31618881225586,24830500,
2021-06-08,55.52000045776367,55.54999923706055,55.2599983215332,55.439998626708984,49.077178955078125,38113700,
2021-06-09,55.380001068115234,55.529998779296875,55.22999954223633,55.279998779296875,48.93553924560547,30916900,
2021-06-10,55.2400016784668,55.560001373291016,55.189998626708984,55.47999954223633,49.327632904052734,28571100,"{""dividend_amount"": 0.241}"
2021-06-11,55.34000015258789,55.38999938964844,55.11000061035156,55.290000915527344,49.158714294433594,28375700,
2021-06-14,55.33000183105469,55.560001373291016,55.27000045776367,55.439998626708984,49.292076110839844,26421400,
2021-06-15,55.29999923706055,55.310001373291016,54.939998626708984,55.060001373291016,48.954219818115234,34121300,
2021-06-16,54.95000076293945,55.099998474121094,54.09000015258789,54.310001373291016,48.287384033203125,44138300,
2021-06-17,54.540000915527344,54.81999969482422,54.45000076293945,54.61000061035156,48.55411911010742,27846900,
2021-06-18,54.380001068115234,54.47999954223633,54.130001068115234,54.22999954223633,48.21625518798828,42443600,
2021-06-21,54.16999816894531,54.459999084472656,53.91999816894531,54.459999084472656,48.42074966430664,26977400,
2021-06-22,54.0,54.2599983215332,53.849998474121094,54.209999084472656,48.19847106933594,35862600,
2021-06-23,54.599998474121094,54.900001525878906,54.5099983215332,54.540000915527344,48.491878509521484,26049200,
2021-06-24,54.86000061035156,55.09000015258789,54.810001373291016,55.040000915527344,48.93643569946289,20096200,
2021-06-25,55.52000045776367,55.59000015258789,55.290000915527344,55.5,49.34542465209961,24992400,
2021-06-28,55.47999954223633,55.619998931884766,55.400001525878906,55.54999923706055,49.38987731933594,22644900,
2021-06-29,55.15999984741211,55.529998779296875,55.040000915527344,55.5099983215332,49.354305267333984,18308800,
2021-06-30,55.119998931884766,55.310001373291016,55.04999923706055,55.150001525878906,49.034236907958984,33223400,
2021-07-01,55.18000030517578,55.25,54.56999969482422,54.84000015258789,48.758609771728516,27478400,
2021-07-02,54.619998931884766,54.790000915527344,54.45000076293945,54.779998779296875,48.70526123046875,24289100,
2021-07-06,54.119998931884766,54.209999084472656,53.619998931884766,53.81999969482422,47.851722717285156,38126800,
2021-07-07,54.130001068115234,54.13999938964844,53.560001373291016,53.7599983215332,47.79837417602539,25651700,
2021-07-08,52.59000015258789,52.84000015258789,52.459999084472656,52.63999938964844,46.80258560180664,45146300,
2021-07-09,53.22999954223633,53.56999969482422,53.09000015258789,53.54999923706055,47.61166000366211,28860500,
2021-07-12,53.380001068115234,53.630001068115234,53.279998779296875,53.599998474121094,47.6561164855957,22116100,
2021-07-13,53.689998626708984,53.9900016784668,53.63999938964844,53.650001525878906,47.70057678222656,29025300,
2021-07-14,54.130001068115234,54.189998626708984,53.779998779296875,53.880001068115234,47.90507125854492,19739600,
2021-07-15,54.099998474121094,54.290000915527344,53.88999938964844,54.0099983215332,48.020652770996094,33310600,
2021-07-16,54.08000183105469,54.119998931884766,53.47999954223633,53.59000015258789,47.6472282409668,23386300,
2021-07-19,52.75,52.790000915527344,52.40999984741211,52.689998626708984,46.84703826904297,33737900,
2021-07-20,52.45000076293945,52.9900016784668,52.33000183105469,52.86000061035156,46.9981803894043,37946000,
2021-07-21,52.58000183105469,53.209999084472656,52.529998779296875,53.20000076293945,47.300479888916016,24101400,
2021-07-22,53.349998474121094,53.369998931884766,53.06999969482422,53.29999923706055,47.38938522338867,27160800,
2021-07-23,52.689998626708984,52.70000076293945,52.22999954223633,52.5099983215332,46.686988830566406,31210100,
2021-07-26,51.40999984741211,51.75,51.29999923706055,51.5099983215332,45.79787826538086,43701400,
2021-07-27,50.40999984741211,50.56999969482422,49.83000183105469,50.470001220703125,44.87321090698242,73640700,
2021-07-28,51.08000183105469,51.939998626708984,50.959999084472656,51.84000015258789,46.0912971496582,56446200,
2021-07-29,52.25,52.279998779296875,51.88999938964844,52.099998474121094,46.322452545166016,43339400,
2021-07-30,51.45000076293945,51.86000061035156,51.43000030517578,51.599998474121094,45.87790298461914,59797000,
2021-08-02,52.04999923706055,52.25,51.90999984741211,51.970001220703125,46.206878662109375,40234700,
2021-08-03,51.900001525878906,52.220001220703125,51.689998626708984,52.189998626708984,46.40248107910156,30589900,
2021-08-04,52.58000183105469,52.790000915527344,52.349998474121094,52.459999084472656,46.64253616333008,32586600,
2021-08-05,52.380001068115234,52.560001373291016,52.34000015258789,52.380001068115234,46.5714111328125,15941700,
2021-08-06,52.16999816894531,52.189998626708984,51.790000915527344,51.939998626708984,46.18020248413086,36049500,
2021-08-09,52.16999816894531,52.29999923706055,52.04999923706055,52.11000061035156,46.33134841918945,24062300,
2021-08-10,52.33000183105469,52.36000061035156,52.11000061035156,52.18000030517578,46.393592834472656,15222600,
2021-08-11,52.4900016784668,52.5,52.09000015258789,52.31999969482422,46.51806640625,22374700,
2021-08-12,51.880001068115234,51.900001525878906,51.650001525878906,51.86000061035156,46.10906982421875,25726000,
2021-08-13,51.63999938964844,51.72999954223633,51.38999938964844,51.72999954223633,45.99348831176758,28396200,
2021-08-16,51.290000915527344,51.310001373291016,51.040000915527344,51.2599983215332,45.57560348510742,46222700,
2021-08-17,50.33000183105469,50.619998931884766,50.119998931884766,50.31999969482422,44.73984146118164,78463000,
2021-08-18,50.689998626708984,50.88999938964844,50.380001068115234,50.400001525878906,44.81098175048828,42994800,
2021-08-19,49.40999984741211,49.7400016784668,49.369998931884766,49.540000915527344,44.046348571777344,63275200,
2021-08-20,49.130001068115234,49.59000015258789,49.11000061035156,49.5,44.01077651977539,44682100,
2021-08-23,49.970001220703125,50.31999969482422,49.86000061035156,50.25,44.677616119384766,45453900,
2021-08-24,51.0,51.470001220703125,51.0,51.38999938964844,45.69119644165039,51292000,
2021-08-25,51.33000183105469,51.5,51.209999084472656,51.45000076293945,45.74454116821289,25272500,
2021-08-26,51.130001068115234,51.189998626708984,50.90999984741211,50.959999084472656,45.30888366699219,29030600,
2021-08-27,51.2599983215332,51.59000015258789,51.099998474121094,51.59000015258789,45.8690185546875,32971400,
2021-08-30,51.65999984741211,51.77000045776367,51.43000030517578,51.70000076293945,45.966819763183594,18518900,
2021-08-31,52.470001220703125,52.52000045776367,52.33000183105469,52.40999984741211,46.598087310791016,43226700,
2021-09-01,52.72999954223633,53.279998779296875,52.72999954223633,53.08000183105469,47.19378662109375,35980500,
2021-09-02,53.02000045776367,53.130001068115234,52.7599983215332,52.84000015258789,46.98039627075195,24988400,
2021-09-03,52.95000076293945,53.189998626708984,52.93000030517578,53.119998931884766,47.229347229003906,21311000,
2021-09-07,53.290000915527344,53.58000183105469,53.25,53.43000030517578,47.50497055053711,33509700,
2021-09-08,53.11000061035156,53.119998931884766,52.529998779296875,52.650001525878906,46.811466217041016,53397900,
2021-09-09,52.38999938964844,52.650001525878906,52.29999923706055,52.54999923706055,46.722557067871094,34707100,
2021-09-10,52.95000076293945,53.0099983215332,52.47999954223633,52.4900016784668,46.669212341308594,40329300,
2021-09-13,52.560001373291016,52.77000045776367,52.36000061035156,52.630001068115234,46.79368591308594,35318400,
2021-09-14,52.4900016784668,52.52000045776367,52.09000015258789,52.189998626708984,46.40248107910156,35994400,
2021-09-15,52.0099983215332,52.18000030517578,51.79999923706055,52.18000030517578,46.393592834472656,38735100,
2021-09-16,51.43000030517578,51.630001068115234,51.25,51.59000015258789,45.8690185546875,43721300,
2021-09-17,51.61000061035156,51.66999816894531,51.27000045776367,51.369998931884766,45.67340850830078,45481400,
2021-09-20,50.150001525878906,50.41999816894531,49.56999969482422,49.9900016784668,44.44644546508789,52798200,
2021-09-21,50.36000061035156,50.5,50.13999938964844,50.36000061035156,44.775421142578125,39347200,
2021-09-22,50.83000183105469,51.34000015258789,50.81999969482422,50.9900016784668,45.33555603027344,46189200,
2021-09-23,51.22999954223633,51.439998626708984,51.119998931884766,51.38999938964844,45.69119644165039,27138400,
2021-09-24,50.849998474121094,50.95000076293945,50.72999954223633,50.779998779296875,45.148834228515625,29743500,
2021-09-27,50.83000183105469,51.22999954223633,50.66999816894531,51.11000061035156,45.44223403930664,31181700,
2021-09-28,50.86000061035156,50.91999816894531,50.290000915527344,50.45000076293945,44.855430603027344,44156300,
2021-09-29,50.31999969482422,50.459999084472656,49.959999084472656,49.97999954223633,44.43754577636719,43140500,
2021-09-30,50.560001373291016,50.7400016784668,50.279998779296875,50.380001068115234,44.79319381713867,66460100,
2021-10-01,50.369998931884766,50.5099983215332,49.880001068115234,50.33000183105469,44.74874496459961,45259100,
2021-10-04,49.90999984741211,49.95000076293945,49.279998779296875,49.59000015258789,44.090797424316406,43597100,
2021-10-05,49.72999954223633,50.130001068115234,49.68000030517578,49.939998626708984,44.40199279785156,28761900,
2021-10-06,49.20000076293945,49.709999084472656,49.11000061035156,49.65999984741211,44.153038024902344,57466000,
2021-10-07,50.369998931884766,50.869998931884766,50.33000183105469,50.630001068115234,45.01546859741211,60345100,
2021-10-08,50.7599983215332,50.90999984741211,50.63999938964844,50.81999969482422,45.18440246582031,24990600,
2021-10-11,51.06999969482422,51.22999954223633,50.70000076293945,50.720001220703125,45.09548568725586,26808200,
2021-10-12,50.75,50.81999969482422,50.41999816894531,50.459999084472656,44.864322662353516,29309400,
2021-10-13,50.93000030517578,51.2599983215332,50.790000915527344,51.15999984741211,45.4867057800293,35305500,
2021-10-14,51.43000030517578,51.47999954223633,51.13999938964844,51.31999969482422,45.62895202636719,23980900,
2021-10-15,51.630001068115234,52.029998779296875,51.52000045776367,51.939998626708984,46.18020248413086,41223700,
2021-10-18,51.61000061035156,51.959999084472656,51.56999969482422,51.810001373291016,46.06462097167969,26239000,
2021-10-19,52.209999084472656,52.560001373291016,52.130001068115234,52.5,46.678096771240234,40639700,
2021-10-20,52.619998931884766,52.619998931884766,52.369998931884766,52.4900016784668,46.669212341308594,27540300,
2021-10-21,52.09000015258789,52.220001220703125,51.9900016784668,52.150001525878906,46.36691665649414,35404000,
2021-10-22,52.209999084472656,52.41999816894531,51.849998474121094,52.040000915527344,46.26911544799805,51231000,
2021-10-25,52.279998779296875,52.38999938964844,52.02000045776367,52.310001373291016,46.50917053222656,32479900,
2021-10-26,52.439998626708984,52.5,51.95000076293945,52.040000915527344,46.26911544799805,32195200,
2021-10-27,51.720001220703125,51.970001220703125,51.56999969482422,51.619998931884766,45.895687103271484,32422100,
2021-10-28,51.38999938964844,51.66999816894531,51.25,51.66999816894531,45.94013977050781,27363500,
2021-10-29,50.9900016784668,51.06999969482422,50.650001525878906,50.91999816894531,45.273311614990234,51488900,
2021-11-01,50.88999938964844,51.34000015258789,50.849998474121094,51.31999969482422,45.62895202636719,31197400,
2021-11-02,50.95000076293945,50.97999954223633,50.779998779296875,50.86000061035156,45.219970703125,34098000,
2021-11-03,50.79999923706055,51.18000030517578,50.619998931884766,51.099998474121094,45.433349609375,49350800,
2021-11-04,51.209999084472656,51.2400016784668,50.79999923706055,50.97999954223633,45.326656341552734,23722200,
2021-11-05,51.15999984741211,51.18000030517578,50.75,50.91999816894531,45.273311614990234,23969900,
2021-11-08,51.279998779296875,51.45000076293945,51.220001220703125,51.38999938964844,45.69119644165039,23735200,
2021-11-09,51.41999816894531,51.58000183105469,51.099998474121094,51.189998626708984,45.51337432861328,28482200,
2021-11-10,51.310001373291016,51.529998779296875,50.86000061035156,50.97999954223633,45.326656341552734,36032600,
2021-11-11,51.650001525878906,52.0,51.63999938964844,51.86000061035156,46.10906982421875,55636800,
2021-11-12,51.849998474121094,52.060001373291016,51.779998779296875,52.0,46.23354721069336,31956200,
2021-11-15,52.119998931884766,52.13999938964844,51.779998779296875,51.83000183105469,46.082401275634766,31610700,
2021-11-16,51.90999984741211,52.0099983215332,51.709999084472656,51.900001525878906,46.14463424682617,32898900,
2021-11-17,51.959999084472656,51.97999954223633,51.47999954223633,51.630001068115234,45.904579162597656,22601900,
2021-11-18,51.119998931884766,51.13999938964844,50.75,51.0,45.34444808959961,36719300,
2021-11-19,51.060001373291016,51.22999954223633,50.88999938964844,50.91999816894531,45.273311614990234,36975700,
2021-11-22,50.849998474121094,50.9900016784668,50.4900016784668,50.5099983215332,44.908775329589844,37116100,
2021-11-23,50.52000045776367,50.709999084472656,50.2400016784668,50.459999084472656,44.864322662353516,38638200,
2021-11-24,50.13999938964844,50.400001525878906,50.02000045776367,50.38999938964844,44.80208969116211,32810400,
2021-11-26,49.06999969482422,49.11000061035156,48.5099983215332,48.70000076293945,43.29949188232422,58023300,
2021-11-29,49.209999084472656,49.220001220703125,48.72999954223633,48.88999938964844,43.46842575073242,44405000,
2021-11-30,48.88999938964844,49.16999816894531,48.349998474121094,48.84000015258789,43.423973083496094,81647500,
2021-12-01,49.61000061035156,49.97999954223633,48.9900016784668,49.02000045776367,43.58401107788086,52613200,
2021-12-02,49.61000061035156,49.970001220703125,49.349998474121094,49.619998931884766,44.117469787597656,73971400,
2021-12-03,49.560001373291016,49.650001525878906,48.709999084472656,48.91999816894531,43.49510192871094,79115000,
2021-12-06,48.880001068115234,49.33000183105469,48.66999816894531,49.29999923706055,43.83296203613281,54871300,
2021-12-07,49.90999984741211,50.11000061035156,49.869998931884766,50.08000183105469,44.526466369628906,51825000,
2021-12-08,50.099998474121094,50.41999816894531,49.970001220703125,50.279998779296875,44.70428466796875,38176500,
2021-12-09,50.119998931884766,50.310001373291016,49.97999954223633,50.040000915527344,44.490901947021484,36476000,
2021-12-10,50.029998779296875,50.150001525878906,49.900001525878906,50.08000183105469,44.526466369628906,42011300,
2021-12-13,48.97999954223633,49.029998779296875,48.470001220703125,48.59000015258789,43.82032012939453,50773400,"{""dividend_amount"": 0.707}"
2021-12-14,48.310001373291016,48.61000061035156,48.27000045776367,48.47999954223633,43.72113037109375,42023900,
2021-12-15,48.15999984741211,48.380001068115234,47.650001525878906,48.34000015258789,43.59486770629883,57129100,
2021-12-16,48.720001220703125,48.90999984741211,48.310001373291016,48.400001525878906,43.64897918701172,60401000,
2021-12-17,48.040000915527344,48.349998474121094,47.939998626708984,48.15999984741211,43.43253707885742,55420900,
2021-12-20,47.4900016784668,47.4900016784668,47.150001525878906,47.439998626708984,42.783206939697266,40091700,
2021-12-21,47.83000183105469,48.25,47.79999923706055,48.2400016784668,43.504676818847656,31786900,
2021-12-22,48.099998474121094,48.4900016784668,48.0,48.470001220703125,43.71210479736328,27630800,
2021-12-23,48.540000915527344,48.810001373291016,48.400001525878906,48.720001220703125,43.93757247924805,22174400,
2021-12-27,48.72999954223633,49.0099983215332,48.72999954223633,48.939998626708984,44.13596725463867,27011600,
2021-12-28,48.959999084472656,49.0,48.7599983215332,48.779998779296875,43.99167251586914,24529800,
2021-12-29,48.689998626708984,48.709999084472656,48.34000015258789,48.560001373291016,43.79327392578125,27939200,
2021-12-30,48.5,49.220001220703125,48.5,49.09000015258789,44.29496383666992,34900300,"{""dividend_amount"": 0.026}"
2021-12-31,48.97999954223633,49.349998474121094,48.84000015258789,48.849998474121094,44.07840347290039,30439000,
2022-01-03,49.08000183105469,49.2599983215332,48.779998779296875,49.20000076293945,44.39421463012695,27572700,
2022-01-04,49.2599983215332,49.2599983215332,48.93000030517578,49.029998779296875,44.240814208984375,24579500,
2022-01-05,48.79999923706055,49.150001525878906,48.220001220703125,48.22999954223633,43.51896667480469,46425100,
2022-01-06,48.36000061035156,48.68000030517578,48.15999984741211,48.45000076293945,43.717472076416016,34288700,
2022-01-07,48.689998626708984,48.97999954223633,48.5,48.88999938964844,44.11449432373047,32640900,
2022-01-10,48.939998626708984,49.08000183105469,48.560001373291016,48.88999938964844,44.11449432373047,43581800,
2022-01-11,49.310001373291016,50.040000915527344,49.15999984741211,50.02000045776367,45.13412094116211,57536400,
2022-01-12,50.63999938964844,50.88999938964844,50.459999084472656,50.849998474121094,45.88304901123047,56499100,
2022-01-13,50.63999938964844,50.68000030517578,50.09000015258789,50.130001068115234,45.233375549316406,33229000,
2022-01-14,49.9900016784668,50.20000076293945,49.81999969482422,50.11000061035156,45.21532440185547,40642300,
2022-01-18,49.209999084472656,49.5,49.150001525878906,49.220001220703125,44.41225814819336,45012000,
2022-01-19,49.59000015258789,49.70000076293945,49.38999938964844,49.43000030517578,44.60175323486328,43998100,
2022-01-20,50.2599983215332,50.540000915527344,49.66999816894531,49.720001220703125,44.863426208496094,58279500,
2022-01-21,49.619998931884766,49.689998626708984,48.95000076293945,49.0,44.21375274658203,59673800,
2022-01-24,48.22999954223633,48.31999969482422,47.189998626708984,48.310001373291016,43.59115219116211,87752800,
2022-01-25,48.029998779296875,48.47999954223633,47.720001220703125,48.220001220703125,43.50994110107422,54804100,
2022-01-26,48.4900016784668,48.58000183105469,47.5099983215332,47.61000061035156,42.95952224731445,55516700,
2022-01-27,47.599998474121094,47.68000030517578,47.040000915527344,47.060001373291016,42.46324920654297,61062300,
2022-01-28,47.15999984741211,47.31999969482422,46.65999984741211,47.290000915527344,42.6707878112793,48799200,
2022-01-31,47.88999938964844,48.900001525878906,47.84000015258789,48.84000015258789,44.06937789916992,65614900,
2022-02-01,49.02000045776367,49.13999938964844,48.599998474121094,49.13999938964844,44.340084075927734,50158000,
2022-02-02,49.33000183105469,49.36000061035156,48.72999954223633,49.060001373291016,44.26789093017578,35128100,
2022-02-03,48.45000076293945,48.779998779296875,48.369998931884766,48.540000915527344,43.79868698120117,38246800,
2022-02-04,48.31999969482422,48.88999938964844,48.220001220703125,48.65999984741211,43.90696334838867,36644200,
2022-02-07,48.45000076293945,48.84000015258789,48.40999984741211,48.560001373291016,43.816734313964844,31917100,
2022-02-08,48.47999954223633,49.040000915527344,48.459999084472656,49.029998779296875,44.240814208984375,25562200,
2022-02-09,49.439998626708984,49.83000183105469,49.380001068115234,49.79999923706055,44.935611724853516,40082900,
2022-02-10,49.38999938964844,50.11000061035156,49.380001068115234,49.470001220703125,44.637847900390625,55440700,
2022-02-11,49.4900016784668,49.70000076293945,48.63999938964844,48.720001220703125,43.96110153198242,53838300,
2022-02-14,48.5099983215332,48.619998931884766,48.119998931884766,48.380001068115234,43.65431594848633,59439800,
2022-02-15,49.029998779296875,49.470001220703125,48.9900016784668,49.43000030517578,44.60175323486328,32938500,
2022-02-16,49.369998931884766,49.9900016784668,49.33000183105469,49.790000915527344,44.92658233642578,47236800,
2022-02-17,49.560001373291016,49.65999984741211,49.11000061035156,49.209999084472656,44.403236389160156,41245300,
2022-02-18,49.029998779296875,49.060001373291016,48.619998931884766,48.720001220703125,43.96110153198242,41312300,
2022-02-22,48.02000045776367,48.369998931884766,47.720001220703125,48.029998779296875,43.338497161865234,60704500,
2022-02-23,48.2400016784668,48.27000045776367,47.380001068115234,47.470001220703125,42.83319854736328,38873700,
2022-02-24,45.040000915527344,46.52000045776367,45.0099983215332,46.4900016784668,41.94892883300781,95679500,
2022-02-25,46.689998626708984,47.400001525878906,46.459999084472656,47.349998474121094,42.72492218017578,58887800,
2022-02-28,46.25,46.849998474121094,46.18000030517578,46.72999954223633,42.16548156738281,79366600,
2022-03-01,46.5,46.86000061035156,45.84000015258789,46.11000061035156,41.60604476928711,72297300,
2022-03-02,46.150001525878906,46.38999938964844,45.709999084472656,46.189998626708984,41.67823028564453,61858700,
2022-03-03,46.0099983215332,46.099998474121094,45.45000076293945,45.540000915527344,41.09172058105469,57514100,
2022-03-04,44.63999938964844,44.90999984741211,44.369998931884766,44.619998931884766,40.26157760620117,68351300,
2022-03-07,43.86000061035156,44.02000045776367,42.90999984741211,42.95000076293945,38.75471115112305,77557700,
2022-03-08,43.16999816894531,43.630001068115234,42.72999954223633,43.09000015258789,38.88103103637695,90831500,
2022-03-09,43.77000045776367,44.41999816894531,43.61000061035156,44.310001373291016,39.981868743896484,59840900,
2022-03-10,43.619998931884766,43.689998626708984,43.209999084472656,43.47999954223633,39.23293685913086,59158300,
2022-03-11,43.72999954223633,43.779998779296875,42.560001373291016,42.56999969482422,38.411827087402344,72846700,
2022-03-14,42.06999969482422,42.369998931884766,41.41999816894531,41.540000915527344,37.48243713378906,85651000,
2022-03-15,40.959999084472656,41.66999816894531,40.79999923706055,41.599998474121094,37.53656768798828,85987500,
2022-03-16,43.529998779296875,45.040000915527344,43.31999969482422,44.95000076293945,40.55935287475586,134225700,
2022-03-17,44.560001373291016,44.79999923706055,44.150001525878906,44.720001220703125,40.3518180847168,80743600,
2022-03-18,44.349998474121094,45.45000076293945,44.2400016784668,45.36000061035156,40.92929458618164,77755100,
2022-03-21,44.70000076293945,44.849998474121094,44.31999969482422,44.65999984741211,40.29768371582031,58558700,
2022-03-22,45.279998779296875,45.619998931884766,45.25,45.470001220703125,41.02855682373047,61380900,
2022-03-23,45.029998779296875,45.66999816894531,44.91999816894531,45.16999816894531,40.75786209106445,76986600,
2022-03-24,45.20000076293945,45.45000076293945,45.04999923706055,45.40999984741211,40.97441482543945,52016600,
2022-03-25,45.0,45.06999969482422,44.75,45.04999923706055,40.64958190917969,39294500,
2022-03-28,45.09000015258789,45.220001220703125,44.810001373291016,45.20000076293945,40.78492736816406,49757000,
2022-03-29,45.97999954223633,46.099998474121094,45.72999954223633,45.970001220703125,41.479713439941406,54088200,
2022-03-30,45.88999938964844,46.22999954223633,45.7400016784668,45.84000015258789,41.36241912841797,57717400,
2022-03-31,45.630001068115234,45.65999984741211,45.119998931884766,45.150001525878906,40.739810943603516,74448400,
2022-04-01,46.0099983215332,46.150001525878906,45.619998931884766,45.900001525878906,41.416561126708984,54193400,
2022-04-04,46.5,46.779998779296875,46.34000015258789,46.709999084472656,42.147430419921875,48057700,
2022-04-05,46.52000045776367,46.52000045776367,45.77000045776367,45.849998474121094,41.371437072753906,45058100,
2022-04-06,45.54999923706055,45.61000061035156,45.029998779296875,45.25,40.830047607421875,56877100,
2022-04-07,44.9900016784668,45.099998474121094,44.66999816894531,44.88999938964844,40.50520706176758,38954900,
2022-04-08,45.02000045776367,45.16999816894531,44.880001068115234,44.93000030517578,40.54130554199219,41263400,
2022-04-11,44.540000915527344,44.72999954223633,44.349998474121094,44.369998931884766,40.0359992980957,47878200,
2022-04-12,44.72999954223633,44.77000045776367,44.189998626708984,44.22999954223633,39.90967559814453,41815200,
2022-04-13,44.470001220703125,44.880001068115234,44.439998626708984,44.810001373291016,40.43302917480469,33529400,
2022-04-14,44.56999969482422,44.59000015258789,44.20000076293945,44.22999954223633,39.90967559814453,38915000,
2022-04-18,44.0,44.290000915527344,43.86000061035156,44.08000183105469,39.774330139160156,29106500,
2022-04-19,43.619998931884766,43.88999938964844,43.43000030517578,43.86000061035156,39.5758171081543,40066400,
2022-04-20,43.90999984741211,43.91999816894531,43.52000045776367,43.599998474121094,39.34121322631836,36373300,
2022-04-21,43.61000061035156,43.689998626708984,42.66999816894531,42.7599983215332,38.58326721191406,44857400,
2022-04-22,42.84000015258789,43.119998931884766,42.369998931884766,42.380001068115234,38.240386962890625,68371900,
2022-04-25,41.68000030517578,42.130001068115234,41.59000015258789,42.06999969482422,37.960662841796875,67643800,
2022-04-26,41.79999923706055,41.849998474121094,41.150001525878906,41.150001525878906,37.13053512573242,70774400,
2022-04-27,41.459999084472656,41.88999938964844,41.400001525878906,41.630001068115234,37.56364822387695,61594000,
2022-04-28,41.970001220703125,42.290000915527344,41.540000915527344,42.22999954223633,38.10503387451172,43763100,
2022-04-29,43.029998779296875,43.220001220703125,42.349998474121094,42.380001068115234,38.240386962890625,61703900,
2022-05-02,42.2599983215332,42.47999954223633,41.810001373291016,42.31999969482422,38.18624496459961,55015700,
2022-05-03,42.59000015258789,42.689998626708984,42.43000030517578,42.630001068115234,38.465965270996094,45593000,
2022-05-04,42.20000076293945,43.16999816894531,41.939998626708984,43.09000015258789,38.88103103637695,57175300,
2022-05-05,42.20000076293945,42.27000045776367,41.119998931884766,41.5,37.44634246826172,63268900,
2022-05-06,41.11000061035156,41.2400016784668,40.689998626708984,40.93000030517578,36.9320182800293,67425600,
2022-05-09,40.189998626708984,40.40999984741211,39.720001220703125,39.75,35.86727523803711,83251500,
2022-05-10,40.349998474121094,40.400001525878906,39.59000015258789,39.939998626708984,36.03872299194336,69865000,
2022-05-11,40.209999084472656,40.52000045776367,39.630001068115234,39.65999984741211,35.786067962646484,75198500,
2022-05-12,39.25,39.75,38.95000076293945,39.400001525878906,35.55146408081055,73481300,
2022-05-13,39.84000015258789,40.5,39.810001373291016,40.4900016784668,36.53499984741211,49196100,
2022-05-16,40.189998626708984,40.5,40.099998474121094,40.33000183105469,36.390628814697266,32425000,
2022-05-17,41.400001525878906,41.45000076293945,40.9900016784668,41.31999969482422,37.2839241027832,49516400,
2022-05-18,41.029998779296875,41.20000076293945,40.27000045776367,40.33000183105469,36.390628814697266,53296300,
2022-05-19,40.4900016784668,41.150001525878906,40.4900016784668,40.970001220703125,36.968109130859375,55163500,
2022-05-20,41.40999984741211,41.560001373291016,40.59000015258789,41.13999938964844,37.12150573730469,59025400,
2022-05-23,41.38999938964844,41.56999969482422,41.18000030517578,41.45000076293945,37.40122604370117,36619400,
2022-05-24,40.810001373291016,40.84000015258789,40.349998474121094,40.72999954223633,36.751548767089844,46400400,
2022-05-25,40.619998931884766,41.029998779296875,40.54999923706055,40.93000030517578,36.9320182800293,37863200,
2022-05-26,40.86000061035156,41.66999816894531,40.86000061035156,41.56999969482422,37.50950241088867,51355800,
2022-05-27,41.86000061035156,42.06999969482422,41.72999954223633,42.04999923706055,37.94261169433594,31262900,
2022-05-31,43.130001068115234,43.13999938964844,42.63999938964844,42.63999938964844,38.47498321533203,72069000,
2022-06-01,42.90999984741211,42.959999084472656,42.15999984741211,42.34000015258789,38.20429229736328,40495600,
2022-06-02,42.5099983215332,43.09000015258789,42.400001525878906,43.06999969482422,38.86298751831055,44322300,
2022-06-03,42.65999984741211,42.66999816894531,42.27000045776367,42.369998931884766,38.23135757446289,39337000,
2022-06-06,43.130001068115234,43.22999954223633,42.4900016784668,42.599998474121094,38.43889617919922,43126000,
2022-06-07,42.34000015258789,42.77000045776367,42.27000045776367,42.72999954223633,38.55619430541992,57455300,
2022-06-08,42.939998626708984,43.130001068115234,42.779998779296875,42.959999084472656,38.763729095458984,43591800,
2022-06-09,42.220001220703125,42.310001373291016,41.560001373291016,41.59000015258789,37.846458435058594,53116000,"{""dividend_amount"": 0.362}"
2022-06-10,41.5,41.58000183105469,41.029998779296875,41.130001068115234,37.4278678894043,44176700,
2022-06-13,40.060001373291016,40.310001373291016,39.529998779296875,39.689998626708984,36.11747360229492,67647000,
2022-06-14,40.099998474121094,40.40999984741211,39.9900016784668,40.2400016784668,36.61797332763672,58868400,
2022-06-15,40.380001068115234,41.04999923706055,40.15999984741211,40.77000045776367,37.10026931762695,67577900,
2022-06-16,39.54999923706055,39.720001220703125,39.2599983215332,39.52000045776367,35.9627799987793,68035800,
2022-06-17,39.95000076293945,40.04999923706055,39.41999816894531,39.66999816894531,36.099281311035156,63646300,
2022-06-21,40.2400016784668,40.47999954223633,40.18000030517578,40.310001373291016,36.681678771972656,35943900,
2022-06-22,39.47999954223633,39.849998474121094,39.40999984741211,39.59000015258789,36.0264778137207,41337900,
2022-06-23,39.709999084472656,39.91999816894531,39.36000061035156,39.709999084472656,36.135677337646484,44261600,
2022-06-24,40.16999816894531,40.68000030517578,40.099998474121094,40.650001525878906,36.99107360839844,41176300,
2022-06-27,40.91999816894531,40.939998626708984,40.630001068115234,40.70000076293945,37.03657531738281,27076400,
2022-06-28,41.029998779296875,41.189998626708984,40.41999816894531,40.45000076293945,36.809078216552734,31095700,
2022-06-29,40.36000061035156,40.45000076293945,40.15999984741211,40.290000915527344,36.66347122192383,33969200,
2022-06-30,39.75,40.189998626708984,39.5099983215332,40.099998474121094,36.49057388305664,52233200,
2022-07-01,39.619998931884766,39.86000061035156,39.369998931884766,39.849998474121094,36.26307678222656,44010400,
2022-07-05,39.029998779296875,39.540000915527344,38.869998931884766,39.540000915527344,35.98097610473633,49452600,
2022-07-06,39.25,39.40999984741211,38.959999084472656,39.29999923706055,35.7625846862793,36060300,
2022-07-07,39.84000015258789,40.27000045776367,39.83000183105469,40.09000015258789,36.481475830078125,56831500,
2022-07-08,39.959999084472656,40.2599983215332,39.810001373291016,40.09000015258789,36.481475830078125,20993400,
2022-07-11,39.18000030517578,39.22999954223633,38.86000061035156,39.02000045776367,35.507789611816406,52682500,
2022-07-12,38.86000061035156,39.06999969482422,38.68000030517578,38.869998931884766,35.37128448486328,24669600,
2022-07-13,38.29999923706055,38.9900016784668,38.29999923706055,38.779998779296875,35.289390563964844,39435300,
2022-07-14,38.369998931884766,38.5,38.04999923706055,38.43000030517578,34.97089385986328,43245400,
2022-07-15,38.45000076293945,38.66999816894531,38.119998931884766,38.630001068115234,35.152889251708984,44468400,
2022-07-18,39.2400016784668,39.439998626708984,38.84000015258789,38.900001525878906,35.398590087890625,38982900,
2022-07-19,39.349998474121094,39.58000183105469,39.27000045776367,39.540000915527344,35.98097610473633,33006200,
2022-07-20,39.38999938964844,39.5,39.189998626708984,39.369998931884766,35.8262825012207,38969800,
2022-07-21,39.5,39.84000015258789,39.43000030517578,39.81999969482422,36.235774993896484,36814900,
2022-07-22,39.72999954223633,39.810001373291016,39.2400016784668,39.41999816894531,35.87178039550781,25611800,
2022-07-25,39.4900016784668,39.599998474121094,39.38999938964844,39.560001373291016,35.999183654785156,21653200,
2022-07-26,39.56999969482422,39.66999816894531,39.18000030517578,39.25,35.71709060668945,22891400,
2022-07-27,39.56999969482422,40.08000183105469,39.40999984741211,39.97999954223633,36.38137435913086,37678900,
2022-07-28,40.040000915527344,40.209999084472656,39.59000015258789,40.150001525878906,36.53607940673828,37796700,
2022-07-29,39.630001068115234,39.9900016784668,39.45000076293945,39.959999084472656,36.36317443847656,54050700,
2022-08-01,39.54999923706055,39.90999984741211,39.310001373291016,39.619998931884766,36.05378723144531,34808000,
2022-08-02,39.27000045776367,39.849998474121094,39.18000030517578,39.43000030517578,35.88087844848633,41014300,
2022-08-03,39.4900016784668,39.81999969482422,39.33000183105469,39.7400016784668,36.16297912597656,34939500,
2022-08-04,40.0,40.13999938964844,39.86000061035156,40.02000045776367,36.41777801513672,31865200,
2022-08-05,39.77000045776367,40.119998931884766,39.7400016784668,40.060001373291016,36.45417404174805,28488300,
2022-08-08,40.130001068115234,40.349998474121094,40.02000045776367,40.11000061035156,36.49967956542969,39087300,
2022-08-09,40.150001525878906,40.209999084472656,39.880001068115234,39.959999084472656,36.36317443847656,22828600,
2022-08-10,40.22999954223633,40.5,40.08000183105469,40.459999084472656,36.81816482543945,27028200,
2022-08-11,40.790000915527344,41.20000076293945,40.540000915527344,40.619998931884766,36.963768005371094,39235300,
2022-08-12,40.619998931884766,41.06999969482422,40.599998474121094,41.04999923706055,37.355064392089844,24877900,
2022-08-15,40.689998626708984,40.939998626708984,40.65999984741211,40.86000061035156,37.182167053222656,29734500,
2022-08-16,40.7599983215332,40.959999084472656,40.720001220703125,40.849998474121094,37.173065185546875,20907000,
2022-08-17,40.650001525878906,40.880001068115234,40.560001373291016,40.68000030517578,37.018375396728516,34206700,
2022-08-18,40.529998779296875,40.560001373291016,40.2599983215332,40.45000076293945,36.809078216552734,30611900,
2022-08-19,40.08000183105469,40.119998931884766,39.779998779296875,39.900001525878906,36.3085823059082,36042800,
2022-08-22,39.58000183105469,39.70000076293945,39.5099983215332,39.54999923706055,35.99008560180664,26934100,
2022-08-23,39.59000015258789,39.91999816894531,39.5099983215332,39.7599983215332,36.181182861328125,33028200,
2022-08-24,39.439998626708984,39.9900016784668,39.40999984741211,39.75,36.172080993652344,23561600,
2022-08-25,40.18000030517578,40.619998931884766,40.099998474121094,40.61000061035156,36.954673767089844,44653100,
2022-08-26,40.91999816894531,40.959999084472656,39.970001220703125,40.0099983215332,36.40867614746094,41080900,
2022-08-29,39.83000183105469,40.06999969482422,39.75,39.7599983215332,36.181182861328125,22689800,
2022-08-30,39.88999938964844,39.900001525878906,39.13999938964844,39.290000915527344,35.75348663330078,34508600,
2022-08-31,39.66999816894531,39.84000015258789,39.400001525878906,39.43000030517578,35.88087844848633,37142200,
2022-09-01,39.04999923706055,39.130001068115234,38.720001220703125,39.119998931884766,35.598785400390625,38353400,
2022-09-02,39.04999923706055,39.220001220703125,38.66999816894531,38.7599983215332,35.271183013916016,35916900,
2022-09-06,38.619998931884766,38.68000030517578,38.27000045776367,38.29999923706055,34.85259246826172,50091500,
2022-09-07,38.119998931884766,38.650001525878906,38.08000183105469,38.63999938964844,35.161991119384766,39074600,
2022-09-08,38.2400016784668,38.470001220703125,38.119998931884766,38.43000030517578,34.97089385986328,55415100,
2022-09-09,38.779998779296875,39.09000015258789,38.77000045776367,39.0,35.489585876464844,26119600,
2022-09-12,39.369998931884766,39.63999938964844,39.27000045776367,39.58000183105469,36.01737976074219,41791000,
2022-09-13,38.810001373291016,38.970001220703125,38.290000915527344,38.36000061035156,34.90719985961914,44191300,
2022-09-14,38.599998474121094,38.66999816894531,38.38999938964844,38.54999923706055,35.08009338378906,37146200,
2022-09-15,38.27000045776367,38.52000045776367,38.06999969482422,38.13999938964844,34.70699691772461,47618900,
2022-09-16,37.779998779296875,37.90999984741211,37.61000061035156,37.790000915527344,34.38850402832031,67125000,
2022-09-19,37.47999954223633,37.939998626708984,37.459999084472656,37.90999984741211,34.49769592285156,33531700,
2022-09-20,37.72999954223633,37.869998931884766,37.560001373291016,37.70000076293945,34.30659866333008,36967300,
2022-09-21,37.47999954223633,37.720001220703125,37.02000045776367,37.06999969482422,33.733306884765625,62370500,
2022-09-22,37.04999923706055,37.150001525878906,36.810001373291016,36.88999938964844,33.56950759887695,41989200,
2022-09-23,36.209999084472656,36.2599983215332,35.79999923706055,35.97999954223633,32.74142074584961,49807100,
2022-09-26,35.7599983215332,35.959999084472656,35.470001220703125,35.540000915527344,32.341026306152344,53011900,
2022-09-27,35.779998779296875,36.029998779296875,35.34000015258789,35.5,32.304622650146484,47114100,
2022-09-28,35.27000045776367,35.900001525878906,35.189998626708984,35.810001373291016,32.58671951293945,49946800,
2022-09-29,35.18000030517578,35.20000076293945,34.720001220703125,35.0099983215332,31.85873031616211,43114100,
2022-09-30,34.91999816894531,35.25,34.849998474121094,34.880001068115234,31.74043083190918,50082400,
2022-10-03,35.119998931884766,35.540000915527344,34.959999084472656,35.45000076293945,32.259124755859375,41489700,
2022-10-04,36.20000076293945,36.720001220703125,36.16999816894531,36.61000061035156,33.31471252441406,51598600,
2022-10-05,36.5099983215332,36.7599983215332,36.25,36.630001068115234,33.33291244506836,30037200,
2022-10-06,36.5099983215332,36.720001220703125,36.380001068115234,36.40999984741211,33.132713317871094,29747200,
2022-10-07,36.06999969482422,36.130001068115234,35.59000015258789,35.650001525878906,32.441123962402344,35957400,
2022-10-10,35.41999816894531,35.439998626708984,35.02000045776367,35.150001525878906,31.986133575439453,31109900,
2022-10-11,34.7599983215332,35.0099983215332,34.47999954223633,34.59000015258789,31.47653579711914,46679000,
2022-10-12,34.619998931884766,34.810001373291016,34.5099983215332,34.630001068115234,31.5129337310791,42471500,
2022-10-13,33.75,34.91999816894531,33.66999816894531,34.72999954223633,31.603931427001953,51431200,
2022-10-14,34.95000076293945,34.959999084472656,34.18000030517578,34.209999084472656,31.130733489990234,33384600,
2022-10-17,34.90999984741211,35.27000045776367,34.90999984741211,35.150001525878906,31.986133575439453,51122100,
2022-10-18,35.4900016784668,35.56999969482422,34.900001525878906,35.15999984741211,31.99522590637207,33911100,
2022-10-19,34.61000061035156,34.810001373291016,34.38999938964844,34.52000045776367,31.412832260131836,31393700,
2022-10-20,34.77000045776367,35.279998779296875,34.70000076293945,34.7400016784668,31.6130313873291,44240000,
2022-10-21,34.65999984741211,35.310001373291016,34.529998779296875,35.27000045776367,32.09532928466797,43879500,
2022-10-24,33.970001220703125,34.0099983215332,33.4900016784668,33.93000030517578,30.87594223022461,55046000,
2022-10-25,33.97999954223633,34.279998779296875,33.95000076293945,34.209999084472656,31.130733489990234,31871500,
2022-10-26,34.310001373291016,35.08000183105469,34.310001373291016,34.77000045776367,31.640329360961914,37973800,
2022-10-27,34.529998779296875,34.849998474121094,34.459999084472656,34.5,31.394634246826172,34227600,
2022-10-28,34.029998779296875,34.33000183105469,33.95000076293945,34.290000915527344,31.203536987304688,46296700,
2022-10-31,33.91999816894531,34.27000045776367,33.91999816894531,34.189998626708984,31.112539291381836,44107400,
2022-11-01,35.099998474121094,35.150001525878906,34.70000076293945,34.81999969482422,31.685832977294922,50932800,
2022-11-02,34.900001525878906,35.31999969482422,34.5,34.529998779296875,31.421932220458984,47639100,
2022-11-03,34.29999923706055,34.84000015258789,34.279998779296875,34.72999954223633,31.603931427001953,38319300,
2022-11-04,36.029998779296875,36.20000076293945,35.66999816894531,36.20000076293945,32.94161605834961,70533600,
2022-11-07,36.43000030517578,36.5099983215332,36.09000015258789,36.220001220703125,32.95982360839844,38404800,
2022-11-08,36.290000915527344,36.66999816894531,36.15999984741211,36.47999954223633,33.196414947509766,36282400,
2022-11-09,36.209999084472656,36.380001068115234,35.79999923706055,35.849998474121094,32.62311935424805,34148700,
2022-11-10,36.81999969482422,37.18000030517578,36.66999816894531,37.150001525878906,33.80610656738281,53986900,
2022-11-11,37.869998931884766,38.209999084472656,37.779998779296875,38.15999984741211,34.72519302368164,52270400,
2022-11-14,37.95000076293945,38.20000076293945,37.779998779296875,37.93000030517578,34.515899658203125,42158100,
2022-11-15,39.119998931884766,39.15999984741211,38.540000915527344,38.79999923706055,35.307594299316406,77069300,
2022-11-16,38.470001220703125,38.52000045776367,38.119998931884766,38.18000030517578,34.74338912963867,49376500,
2022-11-17,37.4900016784668,38.29999923706055,37.47999954223633,38.25,34.80709457397461,56473600,
2022-11-18,38.13999938964844,38.150001525878906,37.849998474121094,38.029998779296875,34.60689926147461,45040200,
2022-11-21,37.540000915527344,37.630001068115234,37.349998474121094,37.54999923706055,34.170101165771484,29250900,
2022-11-22,37.459999084472656,37.650001525878906,37.38999938964844,37.63999938964844,34.25200271606445,33677500,
2022-11-23,37.689998626708984,37.97999954223633,37.68000030517578,37.95000076293945,34.53409194946289,43490300,
2022-11-25,37.84000015258789,37.880001068115234,37.7400016784668,37.77000045776367,34.370304107666016,19986900,
2022-11-28,37.59000015258789,38.0,37.59000015258789,37.599998474121094,34.215599060058594,45015900,
2022-11-29,38.400001525878906,38.58000183105469,38.310001373291016,38.40999984741211,34.95269012451172,50909500,
2022-11-30,39.2400016784668,39.68000030517578,38.97999954223633,39.52000045776367,35.9627799987793,103403400,
2022-12-01,39.630001068115234,39.709999084472656,39.25,39.38999938964844,35.844486236572266,50195900,
2022-12-02,39.0099983215332,39.65999984741211,39.0099983215332,39.540000915527344,35.98097610473633,47593700,
2022-12-05,39.529998779296875,39.54999923706055,38.9900016784668,39.09000015258789,35.57149124145508,62268800,
2022-12-06,39.2400016784668,39.290000915527344,38.939998626708984,39.040000915527344,35.5259895324707,31558200,
2022-12-07,38.75,38.959999084472656,38.68000030517578,38.810001373291016,35.31669235229492,46263200,
2022-12-08,39.189998626708984,39.400001525878906,39.060001373291016,39.279998779296875,35.744384765625,41138200,
2022-12-09,39.349998474121094,39.40999984741211,39.02000045776367,39.02000045776367,35.507789611816406,48742700,
2022-12-12,38.880001068115234,38.900001525878906,38.56999969482422,38.900001525878906,35.398590087890625,41524600,
2022-12-13,39.11000061035156,39.209999084472656,38.5099983215332,38.59000015258789,35.6517333984375,60886900,"{""dividend_amount"": 0.584}"
2022-12-14,38.599998474121094,38.79999923706055,38.310001373291016,38.61000061035156,35.670204162597656,62300900,
2022-12-15,38.31999969482422,38.45000076293945,37.689998626708984,37.720001220703125,34.84796905517578,48081300,
2022-12-16,37.900001525878906,38.06999969482422,37.77000045776367,37.83000183105469,34.9495964050293,48065200,
2022-12-19,38.11000061035156,38.11000061035156,37.790000915527344,37.86000061035156,34.97731018066406,22995200,
2022-12-20,37.72999954223633,38.0,37.689998626708984,37.849998474121094,34.96807098388672,25688000,
2022-12-21,37.790000915527344,38.189998626708984,37.709999084472656,38.189998626708984,35.28218078613281,23607700,
2022-12-22,38.08000183105469,38.11000061035156,37.56999969482422,37.849998474121094,34.96807098388672,27011800,
2022-12-23,37.790000915527344,37.90999984741211,37.61000061035156,37.79999923706055,34.921878814697266,19543300,
2022-12-27,38.130001068115234,38.560001373291016,38.08000183105469,38.36000061035156,35.43924331665039,42338900,
2022-12-28,38.2599983215332,38.29999923706055,37.779998779296875,37.79999923706055,34.921878814697266,31813900,
2022-12-29,38.22999954223633,38.4900016784668,38.18000030517578,38.43000030517578,35.503910064697266,27088700,
2022-12-30,38.13999938964844,38.310001373291016,37.7599983215332,37.900001525878906,35.01426315307617,38297800,
