timestamp,open,high,low,close,adjusted_close,volume,corporate_action
2017-09-27,67.76000213623047,68.0,67.72000122070312,67.9000015258789,51.92216873168945,17751800,
2017-09-28,67.9000015258789,68.18000030517578,67.9000015258789,68.08000183105469,52.059814453125,11704000,
2017-09-29,68.08000183105469,68.55000305175781,68.08000183105469,68.4800033569336,52.36568832397461,24981400,
2017-10-02,68.2699966430664,68.48999786376953,68.23999786376953,68.41999816894531,52.31980514526367,16475600,
2017-10-03,68.45999908447266,68.66000366210938,68.43000030517578,68.6500015258789,52.495689392089844,12073300,
2017-10-04,68.47000122070312,68.58999633789062,68.45999908447266,68.5199966430664,52.396270751953125,12518600,
2017-10-05,68.38999938964844,68.51000213623047,68.3499984741211,68.4800033569336,52.36568832397461,11871200,
2017-10-06,68.16999816894531,68.44000244140625,68.13999938964844,68.43000030517578,52.32745361328125,16923300,
2017-10-09,68.5199966430664,68.54000091552734,68.38999938964844,68.44999694824219,52.34273910522461,5155600,
2017-10-10,68.8499984741211,69.11000061035156,68.79000091552734,69.0999984741211,52.83979797363281,16626700,
2017-10-11,69.06999969482422,69.29000091552734,69.05999755859375,69.2699966430664,52.96979522705078,16732400,
2017-10-12,69.1500015258789,69.33000183105469,69.08999633789062,69.20999908447266,52.92390060424805,10774000,
2017-10-13,69.5999984741211,69.66000366210938,69.51000213623047,69.56999969482422,53.199195861816406,12928900,
2017-10-16,69.56999969482422,69.62000274658203,69.47000122070312,69.5199966430664,53.16095733642578,8800600,
2017-10-17,69.3499984741211,69.38999938964844,69.20999908447266,69.33999633789062,53.023319244384766,8286800,
2017-10-18,69.44999694824219,69.56999969482422,69.36000061035156,69.54000091552734,53.1762580871582,11793200,
2017-10-19,69.2300033569336,69.43000030517578,69.19000244140625,69.43000030517578,53.09212875366211,10368300,
2017-10-20,69.37999725341797,69.37999725341797,69.2300033569336,69.33999633789062,53.023319244384766,12636300,
2017-10-23,69.37000274658203,69.4000015258789,69.13999938964844,69.19000244140625,52.90861129760742,8422200,
2017-10-24,69.27999877929688,69.44000244140625,69.19999694824219,69.30000305175781,52.992733001708984,10586500,
2017-10-25,69.2699966430664,69.30999755859375,68.7699966430664,69.02999877929688,52.786258697509766,11495500,
2017-10-26,69.20999908447266,69.26000213623047,69.01000213623047,69.0199966430664,52.77861785888672,12355500,
2017-10-27,68.9800033569336,69.19999694824219,68.88999938964844,69.18000030517578,52.900970458984375,18853800,
2017-10-30,69.22000122070312,69.36000061035156,69.19999694824219,69.33999633789062,53.023319244384766,14308400,
2017-10-31,69.4800033569336,69.66999816894531,69.4000015258789,69.62999725341797,53.245079040527344,24418400,
2017-11-01,69.93000030517578,70.0,69.66999816894531,69.69999694824219,53.29860305786133,23674500,
2017-11-02,69.6500015258789,69.91000366210938,69.62999725341797,69.91000366210938,53.45919418334961,20430900,
2017-11-03,69.80000305175781,69.80000305175781,69.55999755859375,69.80000305175781,53.37506866455078,14078700,
2017-11-06,69.61000061035156,69.91999816894531,69.5999984741211,69.9000015258789,53.451534271240234,11959000,
2017-11-07,69.7699966430664,69.86000061035156,69.45999908447266,69.63999938964844,53.25271987915039,13024200,
2017-11-08,69.75,69.9800033569336,69.70999908447266,69.87000274658203,53.428611755371094,15924200,
2017-11-09,69.29000091552734,69.5,69.04000091552734,69.47000122070312,53.12273406982422,22577000,
2017-11-10,69.23999786376953,69.36000061035156,69.12999725341797,69.27999877929688,52.9774284362793,11070800,
2017-11-13,68.58999633789062,69.0199966430664,68.58000183105469,68.98999786376953,52.755680084228516,13605200,
2017-11-14,68.86000061035156,68.98999786376953,68.69999694824219,68.94000244140625,52.71744155883789,13850100,
2017-11-15,68.37000274658203,68.68000030517578,68.27999877929688,68.61000061035156,52.465091705322266,18547300,
2017-11-16,69.05000305175781,69.23999786376953,68.97000122070312,69.16000366210938,52.885677337646484,17372500,
2017-11-17,68.97000122070312,69.02999877929688,68.83999633789062,68.91000366210938,52.69451141357422,24773400,
2017-11-20,69.12999725341797,69.2699966430664,69.05999755859375,69.05999755859375,52.8092041015625,20689600,
2017-11-21,69.52999877929688,69.66999816894531,69.48999786376953,69.58000183105469,53.206851959228516,17104800,
2017-11-22,69.87000274658203,69.91999816894531,69.55000305175781,69.7699966430664,53.352115631103516,17943200,
2017-11-24,70.3499984741211,70.38999938964844,70.25,70.33999633789062,53.78799819946289,11732300,
2017-11-27,70.19999694824219,70.26000213623047,69.91999816894531,69.91999816894531,53.466835021972656,17066500,
2017-11-28,70.13999938964844,70.33999633789062,70.01000213623047,70.31999969482422,53.77271270751953,19389400,
2017-11-29,70.37000274658203,70.43000030517578,69.94000244140625,70.04000091552734,53.558597564697266,19328300,
2017-11-30,70.33000183105469,70.41000366210938,70.05000305175781,70.11000061035156,53.61212158203125,24443400,
2017-12-01,69.76000213623047,70.01000213623047,69.4800033569336,69.83000183105469,53.398014068603516,33370400,
2017-12-04,69.6500015258789,69.98999786376953,69.56999969482422,69.58000183105469,53.206851959228516,19355500,
2017-12-05,69.47000122070312,69.73999786376953,69.41999816894531,69.43000030517578,53.09212875366211,15853700,
2017-12-06,69.33000183105469,69.43000030517578,69.18000030517578,69.29000091552734,52.98508834838867,12481600,
2017-12-07,69.54000091552734,69.63999938964844,69.2699966430664,69.47000122070312,53.12273406982422,16966100,
2017-12-08,69.79000091552734,69.87999725341797,69.62999725341797,69.83999633789062,53.4056510925293,19106800,
2017-12-11,69.9800033569336,70.04000091552734,69.87999725341797,70.0199966430664,53.543296813964844,20038600,
2017-12-12,70.11000061035156,70.16999816894531,69.91000366210938,70.11000061035156,53.61212158203125,16514700,
2017-12-13,70.22000122070312,70.51000213623047,70.16999816894531,70.37999725341797,53.81858444213867,25920500,
2017-12-14,70.33000183105469,70.36000061035156,69.94999694824219,69.98999786376953,53.520362854003906,27424600,
2017-12-15,69.91999816894531,70.06999969482422,69.76000213623047,69.97000122070312,53.50506591796875,32906900,
2017-12-18,70.72000122070312,70.95999908447266,70.69999694824219,70.80000305175781,54.1397590637207,38998500,
2017-12-19,69.94999694824219,69.9800033569336,69.69000244140625,69.80000305175781,53.9411506652832,37373700,"{""dividend_amount"": 0.743}"
2017-12-20,69.87000274658203,69.91000366210938,69.62999725341797,69.68000030517578,53.848419189453125,18729500,
2017-12-21,69.7699966430664,70.11000061035156,69.75,69.93000030517578,54.0416145324707,22930000,
2017-12-22,69.9000015258789,70.12000274658203,69.86000061035156,70.11000061035156,54.18070983886719,18767000,
2017-12-26,69.9800033569336,70.16999816894531,69.91999816894531,70.08999633789062,54.16525650024414,15995000,
2017-12-27,70.19000244140625,70.33000183105469,70.0999984741211,70.22000122070312,54.26572799682617,19835400,
2017-12-28,70.4000015258789,70.45999908447266,70.22000122070312,70.26000213623047,54.29664611816406,20811200,
2017-12-29,70.56999969482422,70.58000183105469,70.26000213623047,70.30999755859375,54.33527755737305,16214700,
2018-01-02,70.52999877929688,70.8499984741211,70.41999816894531,70.83000183105469,54.73713302612305,26530000,
2018-01-03,70.88999938964844,71.26000213623047,70.8499984741211,71.16999816894531,54.999881744384766,33384900,
2018-01-04,71.86000061035156,72.05999755859375,71.80999755859375,71.94999694824219,55.602657318115234,23974400,
2018-01-05,72.1500015258789,72.4000015258789,72.06999969482422,72.3499984741211,55.91178894042969,17483800,
2018-01-08,72.26000213623047,72.3499984741211,72.18000030517578,72.33000183105469,55.896324157714844,21733700,
2018-01-09,72.33999633789062,72.44000244140625,72.12000274658203,72.41000366210938,55.95814514160156,19138900,
2018-01-10,72.41999816894531,72.44999694824219,72.22000122070312,72.2699966430664,55.8499641418457,18118900,
2018-01-11,72.47000122070312,72.77999877929688,72.41000366210938,72.7699966430664,56.236351013183594,17314400,
2018-01-12,73.02999877929688,73.51000213623047,72.95999908447266,73.5,56.80050277709961,22694300,
2018-01-16,73.70999908447266,73.83999633789062,73.33999633789062,73.43000030517578,56.74640655517578,24617800,
2018-01-17,73.62999725341797,74.08000183105469,73.47000122070312,73.80999755859375,57.04005432128906,21424400,
2018-01-18,73.61000061035156,73.80000305175781,73.48999786376953,73.72000122070312,56.97050857543945,19094600,
2018-01-19,74.08999633789062,74.13999938964844,73.86000061035156,74.12999725341797,57.287357330322266,19622600,
2018-01-22,74.19000244140625,74.54000091552734,74.1500015258789,74.51000213623047,57.581016540527344,14992500,
2018-01-23,74.5999984741211,74.80000305175781,74.51000213623047,74.75,57.7664909362793,15575400,
2018-01-24,75.16000366210938,75.2300033569336,74.62999725341797,74.87999725341797,57.86695861816406,24383800,
2018-01-25,75.18000030517578,75.20999908447266,74.44000244140625,74.58999633789062,57.64284896850586,23272500,
2018-01-26,74.9800033569336,75.2699966430664,74.93000030517578,75.25,58.15288162231445,19192600,
2018-01-29,74.6500015258789,74.72000122070312,74.41999816894531,74.55999755859375,57.619651794433594,26906700,
2018-01-30,74.31999969482422,74.37000274658203,73.8499984741211,73.94000244140625,57.140525817871094,113986300,
2018-01-31,74.19000244140625,74.2300033569336,73.70999908447266,73.83999633789062,57.06324005126953,38465500,
2018-02-01,73.72000122070312,74.19000244140625,73.68000030517578,74.05000305175781,57.22553253173828,30876200,
2018-02-02,73.33000183105469,73.33000183105469,72.47000122070312,72.55000305175781,56.066349029541016,36590600,
2018-02-05,71.63999938964844,71.97000122070312,69.30999755859375,69.51000213623047,53.717044830322266,78968000,
2018-02-06,69.41999816894531,71.06999969482422,69.26000213623047,70.87999725341797,54.77577590942383,84302300,
2018-02-07,70.25,70.86000061035156,69.98999786376953,70.12999725341797,54.1961784362793,44411300,
2018-02-08,70.16999816894531,70.19999694824219,68.27999877929688,68.30000305175781,52.78196334838867,59223600,
2018-02-09,68.75,68.95999908447266,66.88999938964844,68.58999633789062,53.00605773925781,67466800,
2018-02-12,69.0999984741211,69.77999877929688,68.87999725341797,69.63999938964844,53.81749725341797,37528600,
2018-02-13,69.08999633789062,69.5,69.06999969482422,69.43000030517578,53.65520477294922,20574300,
2018-02-14,69.01000213623047,70.69999694824219,68.9800033569336,70.66000366210938,54.60575866699219,31475400,
2018-02-15,71.05999755859375,71.20999908447266,70.51000213623047,71.0999984741211,54.94578552246094,31600600,
2018-02-16,71.20999908447266,71.72000122070312,71.18000030517578,71.41999816894531,55.19308853149414,23606400,
2018-02-20,70.87999725341797,71.19999694824219,70.58000183105469,70.75,54.67530059814453,25286900,
2018-02-21,70.94999694824219,71.4000015258789,70.37999725341797,70.41000366210938,54.412567138671875,30247700,
2018-02-22,70.70999908447266,71.0999984741211,70.54000091552734,70.77999877929688,54.69847869873047,20537000,
2018-02-23,71.04000091552734,71.43000030517578,70.9000015258789,71.33999633789062,55.13125228881836,30298500,
2018-02-26,71.63999938964844,72.02999877929688,71.38999938964844,72.01000213623047,55.64902877807617,21007200,
2018-02-27,71.55999755859375,71.63999938964844,70.9000015258789,70.94000244140625,54.822139739990234,22449300,
2018-02-28,71.04000091552734,71.08000183105469,70.16999816894531,70.2699966430664,54.30437088012695,31642500,
2018-03-01,69.69999694824219,70.04000091552734,68.75,69.08999633789062,53.3924560546875,51282100,
2018-03-02,68.8499984741211,69.44000244140625,68.56999969482422,69.41999816894531,53.64749526977539,35512000,
2018-03-05,68.91000366210938,69.83999633789062,68.88999938964844,69.79000091552734,53.93342971801758,18968500,
2018-03-06,70.3499984741211,70.38999938964844,70.01000213623047,70.19999694824219,54.250274658203125,20996900,
2018-03-07,69.86000061035156,70.22000122070312,69.66000366210938,70.18000030517578,54.234806060791016,14492500,
2018-03-08,70.37999725341797,70.48999786376953,70.0999984741211,70.33000183105469,54.35073471069336,14883300,
2018-03-09,70.43000030517578,70.79000091552734,70.31999969482422,70.77999877929688,54.69847869873047,17319800,
2018-03-12,70.86000061035156,71.01000213623047,70.70999908447266,70.86000061035156,54.760311126708984,12801300,
2018-03-13,71.0999984741211,71.1500015258789,70.26000213623047,70.38999938964844,54.397090911865234,19138100,
2018-03-14,70.93000030517578,70.9800033569336,70.30999755859375,70.55999755859375,54.528472900390625,13670800,
2018-03-15,70.55999755859375,70.8499984741211,70.4000015258789,70.5199966430664,54.497554779052734,21712300,
2018-03-16,70.38999938964844,70.66000366210938,70.36000061035156,70.47000122070312,54.45891571044922,16119900,
2018-03-19,70.20999908447266,70.22000122070312,69.52999877929688,69.9000015258789,54.018428802490234,24159700,
2018-03-20,69.81999969482422,70.04000091552734,69.72000122070312,69.88999938964844,54.01068878173828,20578800,
2018-03-21,69.77999877929688,70.27999877929688,69.70999908447266,70.0,54.0957145690918,17479200,
2018-03-22,69.29000091552734,69.44000244140625,68.68000030517578,68.69999694824219,53.091068267822266,42084300,
2018-03-23,68.81999969482422,68.91999816894531,67.91000366210938,67.94000244140625,52.503753662109375,44983200,
2018-03-26,68.9800033569336,69.20999908447266,68.29000091552734,69.16000366210938,53.44656753540039,31279000,
2018-03-27,69.5,69.56999969482422,68.38999938964844,68.6500015258789,53.05243682861328,36493900,
2018-03-28,69.08000183105469,69.55999755859375,68.77999877929688,69.05000305175781,53.36155319213867,35737600,
2018-03-29,69.55000305175781,69.9800033569336,69.37000274658203,69.68000030517578,53.848419189453125,34745000,
2018-04-02,69.41000366210938,69.58000183105469,68.25,68.72000122070312,53.106536865234375,52362500,
2018-04-03,69.08999633789062,69.26000213623047,68.73999786376953,69.16000366210938,53.44656753540039,30413600,
2018-04-04,68.3499984741211,69.43000030517578,68.31999969482422,69.4000015258789,53.63203430175781,26041500,
2018-04-05,69.7300033569336,70.05000305175781,69.69000244140625,69.86000061035156,53.98751449584961,22625800,
2018-04-06,69.80999755859375,70.05999755859375,69.16999816894531,69.4000015258789,53.63203430175781,24999600,
2018-04-09,70.06999969482422,70.44000244140625,69.86000061035156,69.97000122070312,54.07252502441406,18498700,
2018-04-10,70.66999816894531,70.88999938964844,70.5199966430664,70.72000122070312,54.65211868286133,19233800,
2018-04-11,70.56999969482422,70.86000061035156,70.4000015258789,70.44999694824219,54.44345474243164,21099100,
2018-04-12,70.54000091552734,70.81999969482422,70.5,70.72000122070312,54.65211868286133,18012500,
2018-04-13,70.95999908447266,70.97000122070312,70.55000305175781,70.79000091552734,54.70622253417969,14515400,
2018-04-16,70.97000122070312,71.0,70.73999786376953,70.9000015258789,54.79122543334961,15678300,
2018-04-17,71.02999877929688,71.36000061035156,70.95999908447266,71.22000122070312,55.03851318359375,17545600,
2018-04-18,71.5199966430664,71.69000244140625,71.44999694824219,71.58999633789062,55.3244514465332,17035100,
2018-04-19,71.51000213623047,71.61000061035156,71.11000061035156,71.31999969482422,55.11579895019531,20004000,
2018-04-20,71.08999633789062,71.1500015258789,70.91000366210938,71.05000305175781,54.90714645385742,27586500,
2018-04-23,70.98999786376953,71.06999969482422,70.7699966430664,70.95999908447266,54.83760070800781,17696000,
2018-04-24,71.08999633789062,71.18000030517578,70.45999908447266,70.66999816894531,54.61347961425781,22013400,
2018-04-25,70.41000366210938,70.63999938964844,70.19000244140625,70.55000305175781,54.520748138427734,18280700,
2018-04-26,70.9000015258789,71.01000213623047,70.72000122070312,70.9000015258789,54.79122543334961,23697700,
2018-04-27,70.87999725341797,71.05000305175781,70.69000244140625,70.97000122070312,54.84531784057617,15395400,
2018-04-30,70.88999938964844,71.13999938964844,70.69000244140625,70.73999786376953,54.667579650878906,21883700,
2018-05-01,70.66000366210938,70.72000122070312,70.16999816894531,70.48999786376953,54.4743766784668,17308000,
2018-05-02,70.8499984741211,70.94000244140625,70.41000366210938,70.45999908447266,54.45119094848633,16409400,
2018-05-03,70.58000183105469,70.7699966430664,70.05000305175781,70.68000030517578,54.6212158203125,19854600,
2018-05-04,70.16999816894531,71.0,70.12999725341797,70.93000030517578,54.81441116333008,17022600,
2018-05-07,70.87999725341797,71.12000274658203,70.80999755859375,70.94000244140625,54.822139739990234,8172600,
2018-05-08,70.69000244140625,70.94999694824219,70.55999755859375,70.94999694824219,54.82986831665039,12400300,
2018-05-09,70.8499984741211,71.19999694824219,70.79000091552734,71.12000274658203,54.96122741699219,15414000,
2018-05-10,71.33999633789062,71.58000183105469,71.20999908447266,71.58000183105469,55.31673812866211,18107500,
2018-05-11,71.80000305175781,71.91000366210938,71.68000030517578,71.7699966430664,55.463558197021484,19083700,
2018-05-14,72.02999877929688,72.0999984741211,71.81999969482422,71.9000015258789,55.564022064208984,17790300,
2018-05-15,71.27999877929688,71.5199966430664,71.0999984741211,71.37999725341797,55.162166595458984,18330100,
2018-05-16,71.30999755859375,71.52999877929688,71.2300033569336,71.4800033569336,55.23945617675781,13758300,
2018-05-17,71.51000213623047,71.70999908447266,71.38999938964844,71.58999633789062,55.3244514465332,16191300,
2018-05-18,71.37999725341797,71.44999694824219,71.2300033569336,71.33000183105469,55.12353515625,21815600,
2018-05-21,71.69000244140625,71.77999877929688,71.5999984741211,71.77999877929688,55.47127151489258,13441700,
2018-05-22,71.87999725341797,71.94000244140625,71.61000061035156,71.69000244140625,55.401737213134766,12897900,
2018-05-23,70.77999877929688,70.91999816894531,70.55999755859375,70.9000015258789,54.79122543334961,23332600,
2018-05-24,70.77999877929688,70.80999755859375,70.20999908447266,70.68000030517578,54.6212158203125,21542400,
2018-05-25,70.16999816894531,70.31999969482422,70.02999877929688,70.22000122070312,54.26572799682617,17225600,
2018-05-29,69.13999938964844,69.37999725341797,68.52999877929688,68.79000091552734,53.16063690185547,57008900,
2018-05-30,69.37999725341797,69.88999938964844,69.19000244140625,69.83999633789062,53.97205352783203,25531900,
2018-05-31,69.62999725341797,69.69999694824219,69.11000061035156,69.4000015258789,53.63203430175781,47992800,
2018-06-01,69.91999816894531,70.0199966430664,69.63999938964844,70.0,54.0957145690918,39232600,
2018-06-04,70.45999908447266,70.54000091552734,70.18000030517578,70.20999908447266,54.25800323486328,18561900,
2018-06-05,70.22000122070312,70.25,69.91999816894531,70.0999984741211,54.1729850769043,16641000,
2018-06-06,70.3499984741211,70.7300033569336,70.18000030517578,70.7300033569336,54.659854888916016,25445400,
2018-06-07,70.79000091552734,70.81999969482422,70.19999694824219,70.33000183105469,54.35073471069336,25977000,
2018-06-08,70.2699966430664,70.5,70.08999633789062,70.41000366210938,54.412567138671875,23206300,
2018-06-11,70.66999816894531,71.02999877929688,70.61000061035156,70.86000061035156,54.760311126708984,26145100,
2018-06-12,70.72000122070312,70.76000213623047,70.3499984741211,70.41000366210938,54.412567138671875,22706300,
2018-06-13,70.63999938964844,70.70999908447266,70.22000122070312,70.51000213623047,54.48983383178711,20486700,
2018-06-14,70.51000213623047,70.72000122070312,70.31999969482422,70.36000061035156,54.37391662597656,24099000,
2018-06-15,70.02999877929688,70.04000091552734,69.7300033569336,70.0,54.0957145690918,31433500,
2018-06-18,69.2300033569336,69.5199966430664,69.13999938964844,69.5,53.70932388305664,30778500,
2018-06-19,67.16000366210938,67.56999969482422,67.05999755859375,67.5199966430664,53.21593475341797,30397600,"{""dividend_amount"": 1.354}"
2018-06-20,67.77999877929688,67.83000183105469,67.4000015258789,67.56999969482422,53.25533676147461,38687300,
2018-06-21,67.38999938964844,67.38999938964844,67.0199966430664,67.08999633789062,52.87702178955078,23793400,
2018-06-22,67.94999694824219,68.12999725341797,67.66000366210938,67.80000305175781,53.43661117553711,26146100,
2018-06-25,67.31999969482422,67.38999938964844,66.68000030517578,66.86000061035156,52.69575881958008,39388300,
2018-06-26,67.08000183105469,67.11000061035156,66.70999908447266,66.9800033569336,52.79033279418945,23117500,
2018-06-27,67.04000091552734,67.30000305175781,66.31999969482422,66.3499984741211,52.293792724609375,29616800,
2018-06-28,66.33000183105469,66.68000030517578,66.19000244140625,66.5999984741211,52.49082565307617,21384800,
2018-06-29,67.12000274658203,67.37000274658203,66.91000366210938,66.97000122070312,52.78244400024414,32031400,
2018-07-02,66.0199966430664,66.43000030517578,66.0,66.36000061035156,52.301673889160156,39167900,
2018-07-03,66.88999938964844,66.98999786376953,66.52999877929688,66.55999755859375,52.45929718017578,14919900,
2018-07-05,67.16999816894531,67.2699966430664,66.97000122070312,67.22000122070312,52.97948455810547,18593200,
2018-07-06,67.30999755859375,67.72000122070312,67.23999786376953,67.58000183105469,53.263214111328125,16641600,
2018-07-09,68.12000274658203,68.25,67.94999694824219,68.2300033569336,53.775516510009766,20682100,
2018-07-10,68.11000061035156,68.2699966430664,68.06999969482422,68.19999694824219,53.75187683105469,18981400,
2018-07-11,67.43000030517578,67.61000061035156,66.86000061035156,67.05999755859375,52.85338592529297,30172400,
2018-07-12,67.41999816894531,67.6500015258789,67.30000305175781,67.58000183105469,53.263214111328125,18810600,
2018-07-13,67.61000061035156,67.81999969482422,67.47000122070312,67.79000091552734,53.428714752197266,17206900,
2018-07-16,67.7699966430664,67.86000061035156,67.6500015258789,67.76000213623047,53.405086517333984,15422200,
2018-07-17,67.58000183105469,67.95999908447266,67.54000091552734,67.87999725341797,53.49966812133789,16965000,
2018-07-18,67.83000183105469,68.04000091552734,67.72000122070312,67.88999938964844,53.507537841796875,13712400,
2018-07-19,67.54000091552734,67.87999725341797,67.47000122070312,67.75,53.397193908691406,26316500,
2018-07-20,67.7699966430664,68.18000030517578,67.76000213623047,68.06999969482422,53.64940643310547,28610200,
2018-07-23,68.06999969482422,68.13999938964844,67.94000244140625,68.06999969482422,53.64940643310547,10192900,
2018-07-24,68.63999938964844,68.80000305175781,68.36000061035156,68.47000122070312,53.96466827392578,17645500,
2018-07-25,68.45999908447266,69.08999633789062,68.23999786376953,68.9800033569336,54.36663818359375,29698900,
2018-07-26,68.72000122070312,68.8499984741211,68.5999984741211,68.66999816894531,54.12230682373047,23009400,
2018-07-27,68.97000122070312,69.11000061035156,68.7300033569336,68.80000305175781,54.22476577758789,28911800,
2018-07-30,69.04000091552734,69.08999633789062,68.7699966430664,68.79000091552734,54.21688461303711,17630300,
2018-07-31,69.04000091552734,69.0999984741211,68.75,68.87999725341797,54.28780746459961,25087500,
2018-08-01,68.7699966430664,68.80000305175781,68.44000244140625,68.52999877929688,54.011962890625,25402700,
2018-08-02,67.79000091552734,68.08000183105469,67.72000122070312,68.08000183105469,53.65729522705078,24343200,
2018-08-03,67.81999969482422,68.1500015258789,67.77999877929688,68.12000274658203,53.68882751464844,14176200,
2018-08-06,67.69999694824219,67.93000030517578,67.58000183105469,67.83000183105469,53.46025085449219,12077900,
2018-08-07,68.51000213623047,68.54000091552734,68.30000305175781,68.36000061035156,53.87797546386719,17495500,
2018-08-08,68.27999877929688,68.43000030517578,68.12999725341797,68.30000305175781,53.8306884765625,13812800,
2018-08-09,68.31999969482422,68.38999938964844,68.05999755859375,68.0999984741211,53.67306137084961,11964700,
2018-08-10,66.86000061035156,66.98999786376953,66.61000061035156,66.73999786376953,52.60117721557617,28624600,
2018-08-13,66.6500015258789,66.77999877929688,66.3499984741211,66.5,52.412017822265625,24817700,
2018-08-14,66.58999633789062,66.6500015258789,66.37000274658203,66.48999786376953,52.40412902832031,22596700,
2018-08-15,65.61000061035156,65.69000244140625,65.1500015258789,65.52999877929688,51.64751052856445,41602700,
2018-08-16,65.95999908447266,66.23999786376953,65.93000030517578,65.98999786376953,52.01005554199219,23297100,
2018-08-17,65.97000122070312,66.55000305175781,65.91000366210938,66.37999725341797,52.317440032958984,25722900,
2018-08-20,66.63999938964844,66.81999969482422,66.62000274658203,66.73999786376953,52.60117721557617,16229300,
2018-08-21,67.16999816894531,67.36000061035156,66.98999786376953,67.1500015258789,52.92430877685547,15670100,
2018-08-22,67.44999694824219,67.52999877929688,67.33000183105469,67.41000366210938,53.12923812866211,13217500,
2018-08-23,67.06999969482422,67.22000122070312,66.87000274658203,66.93000030517578,52.750919342041016,22030700,
2018-08-24,67.2300033569336,67.45999908447266,67.13999938964844,67.31999969482422,53.05830383300781,21816600,
2018-08-27,67.91000366210938,68.2699966430664,67.87000274658203,68.22000122070312,53.76763153076172,24820300,
2018-08-28,68.38999938964844,68.44999694824219,68.12000274658203,68.16000366210938,53.72036361694336,19866800,
2018-08-29,68.16000366210938,68.54000091552734,68.08000183105469,68.52999877929688,54.011962890625,18107700,
2018-08-30,67.94999694824219,68.05000305175781,67.70999908447266,67.87999725341797,53.49966812133789,20743000,
2018-08-31,67.45999908447266,67.69000244140625,67.08000183105469,67.33999633789062,53.07406234741211,30945900,
2018-09-04,66.5,66.77999877929688,66.41999816894531,66.7699966430664,52.62480545043945,25303400,
2018-09-05,66.33999633789062,66.41999816894531,65.95999908447266,66.16000366210938,52.144039154052734,26850800,
2018-09-06,66.05999755859375,66.22000122070312,65.6500015258789,65.95999908447266,51.986412048339844,25557900,
2018-09-07,65.33000183105469,65.62999725341797,65.23999786376953,65.43000030517578,51.568695068359375,22989400,
2018-09-10,65.94999694824219,65.98999786376953,65.75,65.83000183105469,51.88395690917969,15646700,
2018-09-11,65.5,65.91000366210938,65.4000015258789,65.88999938964844,51.931251525878906,17652700,
2018-09-12,65.95999908447266,66.33000183105469,65.91000366210938,66.16999816894531,52.15193557739258,19372500,
2018-09-13,66.80999755859375,66.87000274658203,66.48999786376953,66.66000366210938,52.538124084472656,26009600,
2018-09-14,66.86000061035156,66.94000244140625,66.5999984741211,66.76000213623047,52.616939544677734,21047500,
2018-09-17,67.08999633789062,67.20999908447266,66.80999755859375,66.81999969482422,52.664222717285156,13679100,
2018-09-18,67.30999755859375,67.62000274658203,67.30000305175781,67.5199966430664,53.21593475341797,20734400,
2018-09-19,67.58999633789062,67.86000061035156,67.58999633789062,67.76000213623047,53.405086517333984,15330300,
2018-09-20,68.47000122070312,68.68000030517578,68.29000091552734,68.5999984741211,54.06713104248047,24625300,
2018-09-21,68.58000183105469,68.73999786376953,68.5199966430664,68.62999725341797,54.09077453613281,19003300,
2018-09-24,68.63999938964844,68.66000366210938,68.31999969482422,68.31999969482422,53.846458435058594,20382700,
2018-09-25,68.8499984741211,68.88999938964844,68.63999938964844,68.66000366210938,54.11442565917969,19623000,
2018-09-26,68.62999725341797,69.12999725341797,68.62000274658203,68.69000244140625,54.13806915283203,26899900,
2018-09-27,68.55999755859375,68.86000061035156,68.4800033569336,68.55000305175781,54.0277099609375,21555300,
2018-09-28,67.93000030517578,68.2699966430664,67.8499984741211,67.98999786376953,53.586360931396484,37330500,
2018-10-01,68.20999908447266,68.31999969482422,68.05000305175781,68.06999969482422,53.64940643310547,27922300,
2018-10-02,67.55000305175781,67.77999877929688,67.47000122070312,67.72000122070312,53.37356948852539,18689200,
2018-10-03,67.83999633789062,67.87999725341797,67.54000091552734,67.5999984741211,53.278987884521484,19372300,
2018-10-04,67.16999816894531,67.19999694824219,66.5,66.80999755859375,52.656333923339844,38671500,
2018-10-05,66.6500015258789,66.70999908447266,66.16000366210938,66.41000366210938,52.34108352661133,28116900,
2018-10-08,65.69000244140625,66.11000061035156,65.54000091552734,66.08999633789062,52.08887481689453,24471300,
2018-10-09,65.4000015258789,66.01000213623047,65.31999969482422,65.91999816894531,51.95488739013672,23011200,
2018-10-10,65.68000030517578,65.68000030517578,64.37999725341797,64.5199966430664,50.85147476196289,64586200,
2018-10-11,64.33000183105469,64.54000091552734,63.189998626708984,63.619998931884766,50.14215087890625,119275100,
2018-10-12,64.11000061035156,64.13999938964844,63.18000030517578,63.849998474121094,50.32341766357422,66647600,
2018-10-15,63.689998626708984,64.04000091552734,63.5099983215332,63.70000076293945,50.205204010009766,32702300,
2018-10-16,64.52999877929688,64.91999816894531,64.43000030517578,64.79000091552734,51.06428146362305,35959100,
2018-10-17,64.58999633789062,64.66999816894531,64.12000274658203,64.41999816894531,50.77265930175781,26566600,
2018-10-18,64.16999816894531,64.25,63.18000030517578,63.380001068115234,49.95298385620117,48286500,
2018-10-19,63.720001220703125,64.0999984741211,63.70000076293945,63.7400016784668,50.236724853515625,31924100,
2018-10-22,63.79999923706055,63.849998474121094,63.27000045776367,63.459999084472656,50.01604080200195,28641300,
2018-10-23,62.41999816894531,63.130001068115234,62.04999923706055,62.86000061035156,49.543148040771484,54694300,
2018-10-24,62.5,62.540000915527344,61.040000915527344,61.08000183105469,48.140235900878906,62942300,
2018-10-25,61.58000183105469,62.16999816894531,61.34000015258789,61.849998474121094,48.74711227416992,47758100,
2018-10-26,61.09000015258789,61.83000183105469,60.58000183105469,61.43000030517578,48.416099548339844,72008800,
2018-10-29,62.099998474121094,62.22999954223633,60.77000045776367,61.2599983215332,48.2821044921875,60675300,
2018-10-30,61.38999938964844,62.0099983215332,61.29999923706055,62.0,48.86532974243164,50851500,
2018-10-31,62.5099983215332,62.79999923706055,62.400001525878906,62.459999084472656,49.22788619995117,49348900,
2018-11-01,63.0,63.27000045776367,62.7599983215332,63.2599983215332,49.85840606689453,42760200,
2018-11-02,63.83000183105469,63.91999816894531,62.97999954223633,63.349998474121094,49.92933654785156,39087900,
2018-11-05,63.38999938964844,63.5099983215332,63.15999984741211,63.349998474121094,49.92933654785156,23002700,
2018-11-06,63.369998931884766,63.65999984741211,63.310001373291016,63.61000061035156,50.134254455566406,18973700,
2018-11-07,64.19000244140625,64.5,63.97999954223633,64.45999908447266,50.80419158935547,34148400,
2018-11-08,64.22000122070312,64.3499984741211,63.689998626708984,63.83000183105469,50.30766296386719,31336600,
2018-11-09,63.40999984741211,63.52000045776367,63.11000061035156,63.40999984741211,49.97663116455078,27581700,
2018-11-12,62.970001220703125,62.9900016784668,62.290000915527344,62.369998931884766,49.156959533691406,31068900,
2018-11-13,62.529998779296875,63.08000183105469,62.369998931884766,62.63999938964844,49.369747161865234,37193900,
2018-11-14,63.08000183105469,63.130001068115234,62.34000015258789,62.689998626708984,49.409156799316406,51506100,
2018-11-15,62.279998779296875,63.02000045776367,61.970001220703125,62.88999938964844,49.56679153442383,54666300,
2018-11-16,62.47999954223633,63.029998779296875,62.380001068115234,62.959999084472656,49.6219596862793,30723600,
2018-11-19,62.91999816894531,62.95000076293945,62.25,62.40999984741211,49.188480377197266,30409700,
2018-11-20,61.56999969482422,61.83000183105469,61.18000030517578,61.33000183105469,48.337284088134766,41209700,
2018-11-21,62.09000015258789,62.439998626708984,61.9900016784668,62.189998626708984,49.01509094238281,32720600,
2018-11-23,61.65999984741211,61.97999954223633,61.65999984741211,61.779998779296875,48.69194793701172,13336500,
2018-11-26,62.560001373291016,62.77000045776367,62.5,62.709999084472656,49.4249267578125,31007400,
2018-11-27,62.34000015258789,62.5099983215332,62.15999984741211,62.470001220703125,49.235774993896484,38111400,
2018-11-28,62.560001373291016,63.40999984741211,62.279998779296875,63.36000061035156,49.93722915649414,40600800,
2018-11-29,62.9900016784668,63.25,62.83000183105469,63.040000915527344,49.68501663208008,31259700,
2018-11-30,62.68000030517578,62.84000015258789,62.4900016784668,62.77000045776367,49.47221374511719,32068600,
2018-12-03,63.75,63.75,63.36000061035156,63.599998474121094,50.12638473510742,43673900,
2018-12-04,63.279998779296875,63.34000015258789,61.88999938964844,61.95000076293945,48.825927734375,50079600,
2018-12-06,60.900001525878906,61.41999816894531,60.22999954223633,61.369998931884766,48.36880874633789,78905500,
2018-12-07,61.459999084472656,61.70000076293945,60.61000061035156,60.75,47.88015365600586,54090300,
2018-12-10,60.4900016784668,60.599998474121094,59.65999984741211,60.279998779296875,47.50971603393555,61630500,
2018-12-11,60.900001525878906,60.91999816894531,60.11000061035156,60.470001220703125,47.65946578979492,71163600,
2018-12-12,61.41999816894531,61.779998779296875,61.36000061035156,61.36000061035156,48.36090850830078,45925600,
2018-12-13,61.47999954223633,61.630001068115234,61.189998626708984,61.25,48.27422332763672,44498200,
2018-12-14,60.59000015258789,60.849998474121094,60.40999984741211,60.459999084472656,47.651588439941406,50416200,
2018-12-17,60.45000076293945,60.52000045776367,59.72999954223633,59.97999954223633,47.273277282714844,58508500,
2018-12-18,59.619998931884766,59.81999969482422,59.20000076293945,59.38999938964844,47.3115119934082,48896500,"{""dividend_amount"": 0.638}"
2018-12-19,59.63999938964844,60.099998474121094,58.58000183105469,58.81999969482422,46.85744094848633,68491500,
2018-12-20,58.900001525878906,59.06999969482422,58.349998474121094,58.58000183105469,46.66624069213867,97602600,
2018-12-21,58.16999816894531,58.5099983215332,57.47999954223633,57.560001373291016,45.85368347167969,93622500,
2018-12-24,57.560001373291016,57.790000915527344,56.84000015258789,56.88999938964844,45.319942474365234,47120300,
2018-12-26,57.25,58.29999923706055,56.77000045776367,58.209999084472656,46.37148666381836,69827600,
2018-12-27,57.54999923706055,58.380001068115234,57.11000061035156,58.380001068115234,46.50692367553711,76591200,
2018-12-28,58.959999084472656,58.9900016784668,58.52000045776367,58.689998626708984,46.753875732421875,68541800,
2018-12-31,59.02000045776367,59.060001373291016,58.58000183105469,58.779998779296875,46.82556915283203,62878800,
2019-01-02,58.0,58.66999816894531,57.97999954223633,58.65999984741211,46.729976654052734,38723200,
2019-01-03,58.52000045776367,58.54999923706055,58.029998779296875,58.130001068115234,46.30776596069336,35012600,
2019-01-04,59.08000183105469,60.119998931884766,58.9900016784668,59.90999984741211,47.72576141357422,47001700,
2019-01-07,59.9900016784668,60.41999816894531,59.81999969482422,60.13999938964844,47.908973693847656,30335900,
2019-01-08,60.72999954223633,60.7599983215332,60.349998474121094,60.529998779296875,48.21966552734375,26444600,
2019-01-09,61.08000183105469,61.34000015258789,60.90999984741211,61.209999084472656,48.76136779785156,34615300,
2019-01-10,60.970001220703125,61.459999084472656,60.91999816894531,61.45000076293945,48.95256042480469,33699300,
2019-01-11,60.97999954223633,61.15999984741211,60.849998474121094,61.029998779296875,48.61797332763672,40655600,
2019-01-14,60.58000183105469,60.95000076293945,60.54999923706055,60.75,48.39491271972656,28319800,
2019-01-15,60.90999984741211,61.15999984741211,60.709999084472656,61.06999969482422,48.64983367919922,35202700,
2019-01-16,61.130001068115234,61.310001373291016,61.099998474121094,61.2400016784668,48.78527069091797,38473900,
2019-01-17,60.880001068115234,61.56999969482422,60.86000061035156,61.459999084472656,48.96052932739258,28896000,
2019-01-18,62.06999969482422,62.150001525878906,61.84000015258789,62.08000183105469,49.45443344116211,39380800,
2019-01-22,61.43000030517578,61.5099983215332,61.0,61.119998931884766,48.68967056274414,36637900,
2019-01-23,61.63999938964844,61.689998626708984,61.150001525878906,61.400001525878906,48.9127311706543,21725600,
2019-01-24,61.43000030517578,61.650001525878906,61.2599983215332,61.470001220703125,48.96849060058594,21843800,
2019-01-25,62.060001373291016,62.279998779296875,62.02000045776367,62.16999816894531,49.526126861572266,31128800,
2019-01-28,61.66999816894531,61.88999938964844,61.58000183105469,61.83000183105469,49.25527572631836,28738200,
2019-01-29,62.209999084472656,62.34000015258789,61.970001220703125,61.970001220703125,49.36680221557617,23933700,
2019-01-30,62.27000045776367,62.900001525878906,62.11000061035156,62.650001525878906,49.90850830078125,30465700,
2019-01-31,62.560001373291016,62.83000183105469,62.40999984741211,62.68000030517578,49.93240737915039,33012500,
2019-02-01,62.689998626708984,62.83000183105469,62.5,62.65999984741211,49.916473388671875,22056000,
2019-02-04,62.56999969482422,62.91999816894531,62.45000076293945,62.88999938964844,50.099693298339844,20260600,
2019-02-05,63.290000915527344,63.43000030517578,63.20000076293945,63.380001068115234,50.490047454833984,29367100,
2019-02-06,63.220001220703125,63.29999923706055,62.959999084472656,63.060001373291016,50.23511505126953,19675600,
2019-02-07,62.56999969482422,62.66999816894531,62.09000015258789,62.220001220703125,49.56595993041992,33930700,
2019-02-08,61.81999969482422,62.029998779296875,61.61000061035156,62.02000045776367,49.40663528442383,21440400,
2019-02-11,61.959999084472656,62.09000015258789,61.81999969482422,61.959999084472656,49.35883331298828,22453000,
2019-02-12,62.540000915527344,62.709999084472656,62.5,62.68000030517578,49.93240737915039,28176300,
2019-02-13,62.900001525878906,63.04999923706055,62.689998626708984,62.689998626708984,49.94036865234375,22923500,
2019-02-14,62.70000076293945,62.91999816894531,62.529998779296875,62.709999084472656,49.956298828125,23166900,
2019-02-15,63.34000015258789,63.619998931884766,62.709999084472656,63.619998931884766,50.68123245239258,29544700,
2019-02-19,63.40999984741211,63.970001220703125,63.40999984741211,63.86000061035156,50.87242126464844,19126800,
2019-02-20,63.939998626708984,64.30000305175781,63.93000030517578,64.04000091552734,51.01581573486328,27833100,
2019-02-21,63.9900016784668,64.04000091552734,63.75,63.90999984741211,50.912254333496094,19709600,
2019-02-22,64.0999984741211,64.2699966430664,64.0199966430664,64.12000274658203,51.079551696777344,19653800,
2019-02-25,64.5199966430664,64.58000183105469,64.27999877929688,64.30999755859375,51.230899810791016,21208900,
2019-02-26,64.41999816894531,64.7699966430664,64.38999938964844,64.62000274658203,51.47785568237305,23246200,
2019-02-27,64.5,64.58000183105469,64.30000305175781,64.36000061035156,51.27073287963867,19933400,
2019-02-28,64.30999755859375,64.45999908447266,64.19999694824219,64.2699966430664,51.19903564453125,27730700,
2019-03-01,64.63999938964844,64.75,64.38999938964844,64.62000274658203,51.47785568237305,26191800,
2019-03-04,64.68000030517578,64.70999908447266,64.12000274658203,64.37999725341797,51.28666687011719,22255100,
2019-03-05,64.36000061035156,64.61000061035156,64.2699966430664,64.44000244140625,51.33446502685547,22315100,
2019-03-06,64.55000305175781,64.56999969482422,64.25,64.27999877929688,51.207000732421875,14060100,
2019-03-07,64.0,64.06999969482422,63.45000076293945,63.459999084472656,50.553775787353516,29445800,
2019-03-08,63.06999969482422,63.470001220703125,63.060001373291016,63.470001220703125,50.56174850463867,21427600,
2019-03-11,63.5099983215332,64.04000091552734,63.5099983215332,64.0199966430664,50.99988555908203,16204800,
2019-03-12,63.9900016784668,64.11000061035156,63.900001525878906,63.97999954223633,50.968017578125,31559400,
2019-03-13,64.22000122070312,64.58999633789062,64.22000122070312,64.52999877929688,51.406158447265625,17856300,
2019-03-14,64.48999786376953,64.6500015258789,64.38999938964844,64.5199966430664,51.398189544677734,20861400,
2019-03-15,64.97000122070312,65.23999786376953,64.93000030517578,65.22000122070312,51.955833435058594,44272000,
2019-03-18,65.33000183105469,65.4800033569336,65.22000122070312,65.44999694824219,52.13905715942383,27734300,
2019-03-19,65.83999633789062,65.87999725341797,65.44000244140625,65.58000183105469,52.24262237548828,32094800,
2019-03-20,65.33000183105469,65.91999816894531,65.11000061035156,65.61000061035156,52.26652145385742,33136000,
2019-03-21,65.16999816894531,65.62999725341797,65.16000366210938,65.56999969482422,52.23464584350586,34686500,
2019-03-22,64.8499984741211,64.95999908447266,64.27999877929688,64.30999755859375,51.230899810791016,36194200,
2019-03-25,64.26000213623047,64.44999694824219,64.0999984741211,64.4000015258789,51.30259323120117,26707900,
2019-03-26,64.87000274658203,64.94000244140625,64.61000061035156,64.72000122070312,51.55751419067383,36734400,
2019-03-27,64.88999938964844,64.97000122070312,64.30999755859375,64.75,51.581424713134766,21772300,
2019-03-28,64.62999725341797,64.70999908447266,64.36000061035156,64.58999633789062,51.45395278930664,16531200,
2019-03-29,64.87000274658203,64.9000015258789,64.56999969482422,64.86000061035156,51.669044494628906,23423900,
2019-04-01,65.4800033569336,65.70999908447266,65.38999938964844,65.69000244140625,52.33024215698242,33228100,
2019-04-02,65.5999984741211,65.73999786376953,65.43000030517578,65.70999908447266,52.34617233276367,18209100,
2019-04-03,66.16999816894531,66.37999725341797,66.08999633789062,66.22000122070312,52.75245666503906,25471600,
2019-04-04,65.98999786376953,66.12999725341797,65.95999908447266,66.08000183105469,52.64093017578125,23580500,
2019-04-05,66.02999877929688,66.25,66.02999877929688,66.25,52.77635192871094,27828800,
2019-04-08,66.23999786376953,66.29000091552734,66.08000183105469,66.29000091552734,52.80821990966797,21464100,
2019-04-09,66.05000305175781,66.05999755859375,65.83999633789062,65.87000274658203,52.4736328125,17074900,
2019-04-10,65.95999908447266,66.13999938964844,65.87999725341797,66.12000274658203,52.67279815673828,25289300,
2019-04-11,66.05000305175781,66.12999725341797,65.8499984741211,65.9800033569336,52.561275482177734,16309400,
2019-04-12,66.41999816894531,66.47000122070312,66.29000091552734,66.44000244140625,52.92771911621094,31507700,
2019-04-15,66.48999786376953,66.51000213623047,66.33000183105469,66.47000122070312,52.95160675048828,11608000,
2019-04-16,66.7300033569336,66.73999786376953,66.47000122070312,66.5199966430664,52.99143600463867,19958100,
2019-04-17,66.8499984741211,66.87000274658203,66.5999984741211,66.70999908447266,53.142799377441406,23540000,
2019-04-18,66.70999908447266,66.75,66.51000213623047,66.66999816894531,53.11093521118164,21794000,
2019-04-22,66.45999908447266,66.66999816894531,66.41999816894531,66.55999755859375,53.0233039855957,21336700,
2019-04-23,66.44000244140625,66.72000122070312,66.4000015258789,66.69000244140625,53.12687683105469,17741400,
2019-04-24,66.33999633789062,66.4000015258789,66.11000061035156,66.2300033569336,52.76042556762695,26417500,
2019-04-25,66.0199966430664,66.19999694824219,65.95999908447266,66.18000030517578,52.72058868408203,16020300,
2019-04-26,66.30000305175781,66.45999908447266,66.19999694824219,66.44999694824219,52.9356689453125,17705700,
2019-04-29,66.4800033569336,66.73999786376953,66.43000030517578,66.72000122070312,53.15076446533203,16992700,
2019-04-30,66.69999694824219,66.87000274658203,66.4800033569336,66.76000213623047,53.1826286315918,36645900,
2019-05-01,66.86000061035156,66.9800033569336,66.33000183105469,66.37999725341797,52.879920959472656,25870800,
2019-05-02,66.44000244140625,66.47000122070312,66.11000061035156,66.27999877929688,52.80025100708008,21120700,
2019-05-03,66.58999633789062,66.98999786376953,66.55000305175781,66.98999786376953,53.36585998535156,22117400,
2019-05-06,65.5199966430664,66.31999969482422,65.5,66.2300033569336,52.76042556762695,24641100,
2019-05-07,65.62999725341797,65.69000244140625,64.86000061035156,65.06999969482422,51.83633804321289,30661400,
2019-05-08,65.08999633789062,65.38999938964844,64.97000122070312,65.1500015258789,51.90005874633789,31028300,
2019-05-09,64.44000244140625,64.91999816894531,64.2300033569336,64.8499984741211,51.66107940673828,28991500,
2019-05-10,64.83999633789062,65.3499984741211,64.47000122070312,65.33000183105469,52.04345703125,34968000,
2019-05-13,64.12999725341797,64.22000122070312,63.709999084472656,63.810001373291016,50.83259201049805,42253200,
2019-05-14,64.2699966430664,64.62000274658203,64.20999908447266,64.44999694824219,51.34242630004883,32214000,
2019-05-15,63.97999954223633,64.79000091552734,63.95000076293945,64.68000030517578,51.52566146850586,39054900,
2019-05-16,64.91999816894531,65.41000366210938,64.91000366210938,65.19999694824219,51.93989944458008,27414300,
2019-05-17,64.80000305175781,65.11000061035156,64.72000122070312,64.7699966430664,51.59733963012695,35566300,
2019-05-20,64.51000213623047,64.7300033569336,64.3499984741211,64.51000213623047,51.390220642089844,27914500,
2019-05-21,64.86000061035156,65.02999877929688,64.69999694824219,64.94000244140625,51.7327766418457,20838900,
2019-05-22,64.62000274658203,64.83000183105469,64.61000061035156,64.68000030517578,51.52566146850586,22818000,
2019-05-23,64.0,64.16000366210938,63.81999969482422,64.08999633789062,51.05564498901367,29106800,
2019-05-24,64.7699966430664,64.79000091552734,64.54000091552734,64.77999877929688,51.605316162109375,23320000,
2019-05-28,64.7300033569336,64.83999633789062,64.12999725341797,64.1500015258789,51.10344314575195,32637000,
2019-05-29,63.68000030517578,63.75,63.439998626708984,63.7400016784668,50.776824951171875,32910400,
2019-05-30,63.81999969482422,63.9900016784668,63.7400016784668,63.97999954223633,50.968017578125,28874300,
2019-05-31,63.130001068115234,63.470001220703125,63.06999969482422,63.400001525878906,50.50597381591797,34278600,
2019-06-03,63.59000015258789,63.869998931884766,63.40999984741211,63.77000045776367,50.800724029541016,36735900,
2019-06-04,64.20999908447266,64.55999755859375,64.04000091552734,64.5,51.382259368896484,34241600,
2019-06-05,64.79000091552734,64.80000305175781,64.37999725341797,64.4800033569336,51.3663330078125,19015300,
2019-06-06,64.7300033569336,64.87999725341797,64.55999755859375,64.73999786376953,51.57344436645508,28586900,
2019-06-07,65.36000061035156,65.7300033569336,65.33000183105469,65.55999755859375,52.22667694091797,31020100,
2019-06-10,65.7300033569336,65.91999816894531,65.66999816894531,65.73999786376953,52.37006759643555,21435800,
2019-06-11,66.33999633789062,66.36000061035156,65.9800033569336,66.06999969482422,52.632965087890625,22255000,
2019-06-12,65.80999755859375,65.9000015258789,65.55000305175781,65.58000183105469,52.24262237548828,17110500,
2019-06-13,65.73999786376953,65.7699966430664,65.47000122070312,65.63999938964844,52.2904167175293,24194500,
2019-06-14,65.25,65.25,65.08999633789062,65.16000366210938,51.90802764892578,37202100,
2019-06-17,63.79999923706055,63.959999084472656,63.7599983215332,63.83000183105469,51.94547653198242,22615800,"{""dividend_amount"": 1.376}"
2019-06-18,64.3499984741211,64.70999908447266,64.33000183105469,64.68000030517578,52.63720703125,34024300,
2019-06-19,64.83000183105469,65.19999694824219,64.77999877929688,65.08000183105469,52.96272659301758,25092700,
2019-06-20,65.83000183105469,65.86000061035156,65.44000244140625,65.6500015258789,53.42660903930664,32817400,
2019-06-21,65.37000274658203,65.55999755859375,65.31999969482422,65.37000274658203,53.1987419128418,25032400,
2019-06-24,65.55999755859375,65.63999938964844,65.48999786376953,65.51000213623047,53.31267166137695,23238800,
2019-06-25,65.58000183105469,65.5999984741211,65.12000274658203,65.12000274658203,52.99528503417969,24373000,
2019-06-26,65.37000274658203,65.41000366210938,65.19999694824219,65.19999694824219,53.060386657714844,13170700,
2019-06-27,65.37000274658203,65.47000122070312,65.33000183105469,65.36000061035156,53.19060134887695,14439800,
2019-06-28,65.63999938964844,65.80000305175781,65.5999984741211,65.7300033569336,53.49171447753906,27667900,
2019-07-01,66.38999938964844,66.38999938964844,65.87999725341797,66.04000091552734,53.74399185180664,25538600,
2019-07-02,66.16999816894531,66.29000091552734,66.12999725341797,66.2300033569336,53.89860916137695,26045900,
2019-07-03,66.58999633789062,66.72000122070312,66.55000305175781,66.68000030517578,54.26483154296875,14359300,
2019-07-05,66.0999984741211,66.20999908447266,65.76000213623047,66.16999816894531,53.84978485107422,21696200,
2019-07-08,65.80000305175781,65.91999816894531,65.75,65.79000091552734,53.54053497314453,15839500,
2019-07-09,65.33000183105469,65.54000091552734,65.30000305175781,65.51000213623047,53.31267166137695,11661800,
2019-07-10,65.81999969482422,65.93000030517578,65.62000274658203,65.73999786376953,53.49984359741211,15051500,
2019-07-11,65.87000274658203,65.9000015258789,65.55000305175781,65.72000122070312,53.48356628417969,14023800,
2019-07-12,65.69000244140625,65.80000305175781,65.58999633789062,65.80000305175781,53.54867172241211,14459500,
2019-07-15,65.87000274658203,65.91999816894531,65.76000213623047,65.86000061035156,53.597503662109375,12363200,
2019-07-16,65.66999816894531,65.80000305175781,65.52999877929688,65.58999633789062,53.377769470214844,23641400,
2019-07-17,65.76000213623047,65.76000213623047,65.47000122070312,65.5,53.30453109741211,13318800,
2019-07-18,65.25,65.69999694824219,65.18000030517578,65.69999694824219,53.46729278564453,18639700,
2019-07-19,65.66999816894531,65.75,65.4800033569336,65.51000213623047,53.31267166137695,16908600,
2019-07-22,65.5999984741211,65.66000366210938,65.47000122070312,65.58000183105469,53.3696403503418,15203900,
2019-07-23,65.9800033569336,66.05000305175781,65.83999633789062,65.98999786376953,53.70330047607422,22078400,
2019-07-24,65.80999755859375,66.04000091552734,65.80000305175781,66.04000091552734,53.74399185180664,11192500,
2019-07-25,65.83999633789062,65.86000061035156,65.30000305175781,65.37000274658203,53.1987419128418,24288100,
2019-07-26,65.55000305175781,65.5999984741211,65.47000122070312,65.5,53.30453109741211,16616500,
2019-07-29,65.72000122070312,65.7300033569336,65.52999877929688,65.63999938964844,53.418460845947266,11655500,
2019-07-30,64.9000015258789,64.94000244140625,64.7300033569336,64.87999725341797,52.79996871948242,24945300,
2019-07-31,64.8499984741211,65.04000091552734,64.0,64.44999694824219,52.45002746582031,32619000,
2019-08-01,64.52999877929688,65.06999969482422,64.01000213623047,64.2699966430664,52.30353546142578,38568600,
2019-08-02,64.0199966430664,64.0199966430664,63.45000076293945,63.70000076293945,51.83967590332031,37778000,
2019-08-05,62.779998779296875,62.779998779296875,61.83000183105469,62.11000061035156,50.545719146728516,54766700,
2019-08-06,62.599998474121094,62.689998626708984,62.08000183105469,62.529998779296875,50.887516021728516,33907400,
2019-08-07,62.27000045776367,62.88999938964844,62.09000015258789,62.77000045776367,51.08283996582031,41814700,
2019-08-08,63.02000045776367,63.540000915527344,62.939998626708984,63.380001068115234,51.579261779785156,29156400,
2019-08-09,63.189998626708984,63.2400016784668,62.790000915527344,62.939998626708984,51.2211799621582,23227400,
2019-08-12,62.689998626708984,62.869998931884766,62.33000183105469,62.439998626708984,50.814273834228516,21906000,
2019-08-13,62.31999969482422,63.20000076293945,62.2599983215332,63.029998779296875,51.2944221496582,30781900,
2019-08-14,61.86000061035156,61.939998626708984,61.29999923706055,61.29999923706055,49.886531829833984,39692900,
2019-08-15,61.58000183105469,61.70000076293945,61.2599983215332,61.5099983215332,50.05743408203125,40936100,
2019-08-16,61.86000061035156,62.310001373291016,61.86000061035156,62.25,50.659645080566406,22856400,
2019-08-19,62.81999969482422,62.849998474121094,62.619998931884766,62.630001068115234,50.968894958496094,22998600,
2019-08-20,62.61000061035156,62.630001068115234,62.34000015258789,62.41999816894531,50.79799270629883,21710200,
2019-08-21,63.099998474121094,63.099998474121094,62.86000061035156,62.86000061035156,51.156070709228516,25971800,
2019-08-22,62.88999938964844,62.970001220703125,62.5099983215332,62.7400016784668,51.058414459228516,20505100,
2019-08-23,62.59000015258789,63.0099983215332,61.95000076293945,61.959999084472656,50.42364501953125,34410500,
2019-08-26,62.59000015258789,62.61000061035156,62.2599983215332,62.470001220703125,50.83869552612305,27774800,
2019-08-27,62.77000045776367,62.81999969482422,62.41999816894531,62.41999816894531,50.79799270629883,24511400,
2019-08-28,62.27000045776367,62.630001068115234,62.09000015258789,62.41999816894531,50.79799270629883,25028400,
2019-08-29,63.02000045776367,63.09000015258789,62.79999923706055,62.959999084472656,51.237449645996094,19046700,
2019-08-30,63.400001525878906,63.41999816894531,62.93000030517578,63.209999084472656,51.44091033935547,33527300,
2019-09-03,62.849998474121094,63.099998474121094,62.779998779296875,63.09000015258789,51.34325408935547,33998200,
2019-09-04,63.7400016784668,63.97999954223633,63.65999984741211,63.97999954223633,52.06753921508789,25619300,
2019-09-05,64.43000030517578,64.56999969482422,64.30999755859375,64.31999969482422,52.344234466552734,22265900,
2019-09-06,64.51000213623047,64.69000244140625,64.45999908447266,64.52999877929688,52.51513671875,21338300,
2019-09-09,64.7300033569336,64.7300033569336,64.56999969482422,64.72000122070312,52.669761657714844,15965600,
2019-09-10,64.5999984741211,64.88999938964844,64.47000122070312,64.83000183105469,52.75927734375,19028800,
2019-09-11,65.0199966430664,65.20999908447266,64.95999908447266,65.19000244140625,53.052249908447266,18413200,
2019-09-12,65.23999786376953,65.66000366210938,65.1500015258789,65.56999969482422,53.36149597167969,30292200,
2019-09-13,65.88999938964844,66.08000183105469,65.80000305175781,65.94000244140625,53.6626091003418,22132200,
2019-09-16,65.52999877929688,65.56999969482422,65.30999755859375,65.3499984741211,53.18246078491211,31083600,
2019-09-17,65.25,65.62000274658203,65.19000244140625,65.56999969482422,53.36149597167969,23554300,
2019-09-18,65.41000366210938,65.58000183105469,65.11000061035156,65.48999786376953,53.296390533447266,17807600,
2019-09-19,65.83000183105469,65.94000244140625,65.69000244140625,65.70999908447266,53.475425720214844,18972500,
2019-09-20,65.79000091552734,65.9000015258789,65.4800033569336,65.55999755859375,53.353355407714844,35368700,
2019-09-23,65.19999694824219,65.44000244140625,65.12999725341797,65.38999938964844,53.21501159667969,15457000,
2019-09-24,65.55000305175781,65.61000061035156,65.0999984741211,65.13999938964844,53.01156234741211,32233100,
2019-09-25,64.79000091552734,65.05000305175781,64.55999755859375,64.94999694824219,52.85694122314453,21342600,
2019-09-26,65.30000305175781,65.3499984741211,65.08000183105469,65.19000244140625,53.052249908447266,25098000,
2019-09-27,65.19000244140625,65.30000305175781,64.83000183105469,64.97000122070312,52.87321853637695,20607400,
2019-09-30,64.97000122070312,65.23999786376953,64.94999694824219,65.20999908447266,53.06852340698242,25423400,
2019-10-01,65.0199966430664,65.06999969482422,64.45999908447266,64.56999969482422,52.54768753051758,42550500,
2019-10-02,63.72999954223633,63.779998779296875,63.099998474121094,63.25,51.47345733642578,43464100,
2019-10-03,63.2599983215332,63.689998626708984,62.97999954223633,63.66999816894531,51.81526184082031,39571700,
2019-10-04,63.720001220703125,64.19999694824219,63.68000030517578,64.16999816894531,52.2221565246582,18837500,
2019-10-07,64.12000274658203,64.41000366210938,64.08000183105469,64.08999633789062,52.15705490112305,19228000,
2019-10-08,63.7599983215332,63.810001373291016,63.439998626708984,63.4900016784668,51.66877365112305,27797800,
2019-10-09,63.91999816894531,64.08000183105469,63.77000045776367,63.95000076293945,52.04312515258789,22989500,
2019-10-10,63.91999816894531,64.43000030517578,63.880001068115234,64.4000015258789,52.409339904785156,25532400,
2019-10-11,65.37000274658203,65.81999969482422,65.37000274658203,65.55000305175781,53.34522247314453,37665600,
2019-10-14,65.23999786376953,65.41000366210938,65.19999694824219,65.27999877929688,53.125492095947266,12662000,
2019-10-15,65.55999755859375,66.25,65.51000213623047,66.04000091552734,53.74399185180664,24932600,
2019-10-16,66.0199966430664,66.29000091552734,65.97000122070312,66.13999938964844,53.82537078857422,28518700,
2019-10-17,66.4800033569336,66.52999877929688,66.12999725341797,66.30000305175781,53.9555778503418,26853900,
2019-10-18,66.20999908447266,66.37999725341797,66.01000213623047,66.2699966430664,53.93115997314453,21446100,
2019-10-21,66.70999908447266,66.75,66.58999633789062,66.62999725341797,54.22413635253906,29016200,
2019-10-22,66.68000030517578,66.91000366210938,66.45999908447266,66.47000122070312,54.093929290771484,21293000,
2019-10-23,66.5999984741211,66.83000183105469,66.5199966430664,66.83000183105469,54.386898040771484,14206200,
2019-10-24,67.06999969482422,67.08000183105469,66.81999969482422,66.94999694824219,54.48455047607422,23429100,
2019-10-25,66.76000213623047,67.06999969482422,66.75,67.0199966430664,54.5415153503418,17184200,
2019-10-28,67.12000274658203,67.33999633789062,67.11000061035156,67.31999969482422,54.785667419433594,16490600,
2019-10-29,67.05999755859375,67.33000183105469,67.02999877929688,67.30000305175781,54.76940155029297,15251900,
2019-10-30,67.23999786376953,67.58000183105469,66.91999816894531,67.58000183105469,54.99724578857422,22592900,
2019-10-31,67.37000274658203,67.41999816894531,67.11000061035156,67.41999816894531,54.867042541503906,22047900,
2019-11-01,67.8499984741211,68.0199966430664,67.80999755859375,68.0199966430664,55.3553352355957,32338600,
2019-11-04,68.4800033569336,68.52999877929688,68.2300033569336,68.37000274658203,55.640174865722656,20429900,
2019-11-05,68.29000091552734,68.3499984741211,68.11000061035156,68.23999786376953,55.53435516357422,15727300,
2019-11-06,68.30999755859375,68.37999725341797,68.11000061035156,68.20999908447266,55.50995635986328,16600200,
2019-11-07,68.58999633789062,68.63999938964844,68.38999938964844,68.41999816894531,55.680850982666016,21271500,
2019-11-08,68.18000030517578,68.37999725341797,68.02999877929688,68.37999725341797,55.6483039855957,10298800,
2019-11-11,68.0199966430664,68.30999755859375,68.0199966430664,68.29000091552734,55.57505798339844,8544000,
2019-11-12,68.27999877929688,68.45999908447266,68.18000030517578,68.31999969482422,55.59947204589844,18570100,
2019-11-13,67.83999633789062,68.12000274658203,67.81999969482422,68.08000183105469,55.4041633605957,21006500,
2019-11-14,67.7300033569336,67.93000030517578,67.66000366210938,67.88999938964844,55.249542236328125,17870900,
2019-11-15,68.05000305175781,68.31999969482422,68.05000305175781,68.31999969482422,55.59947204589844,23494600,
2019-11-18,68.23999786376953,68.45999908447266,68.12999725341797,68.4000015258789,55.66457748413086,20587500,
2019-11-19,68.5999984741211,68.62999725341797,68.22000122070312,68.30999755859375,55.59133529663086,18664800,
2019-11-20,67.94000244140625,68.0999984741211,67.68000030517578,67.87999725341797,55.241397857666016,20655200,
2019-11-21,67.87000274658203,67.9000015258789,67.62000274658203,67.79000091552734,55.16815185546875,14293400,
2019-11-22,68.05999755859375,68.11000061035156,67.81999969482422,67.9800033569336,55.32278060913086,14969300,
2019-11-25,68.27999877929688,68.5199966430664,68.27999877929688,68.5199966430664,55.762229919433594,19329100,
2019-11-26,68.41000366210938,68.54000091552734,68.36000061035156,68.4800033569336,55.72969055175781,24276000,
2019-11-27,68.56999969482422,68.69000244140625,68.54000091552734,68.66000366210938,55.87617874145508,16942100,
2019-11-29,68.22000122070312,68.33999633789062,68.13999938964844,68.18000030517578,55.485538482666016,11587200,
2019-12-02,68.0999984741211,68.13999938964844,67.52999877929688,67.83000183105469,55.20070266723633,38855400,
2019-12-03,67.2300033569336,67.62000274658203,67.0199966430664,67.58000183105469,54.99724578857422,28161500,
2019-12-04,68.0,68.20999908447266,67.94000244140625,68.19999694824219,55.501808166503906,21762200,
2019-12-05,68.23999786376953,68.23999786376953,67.95999908447266,68.06999969482422,55.39602279663086,21039700,
2019-12-06,68.62000274658203,68.70999908447266,68.55000305175781,68.69000244140625,55.90058898925781,23179600,
2019-12-09,68.56999969482422,68.68000030517578,68.33000183105469,68.33000183105469,55.60761260986328,21946200,
2019-12-10,68.26000213623047,68.5,68.13999938964844,68.36000061035156,55.632022857666016,23419000,
2019-12-11,68.38999938964844,68.79000091552734,68.37000274658203,68.72000122070312,55.92499923706055,16546800,
2019-12-12,68.63999938964844,69.25,68.5999984741211,69.18000030517578,56.299346923828125,30690900,
2019-12-13,69.55999755859375,69.9800033569336,69.4000015258789,69.66000366210938,56.68998336791992,46988400,
2019-12-16,69.5999984741211,69.70999908447266,69.51000213623047,69.62000274658203,57.29570007324219,34004700,"{""dividend_amount"": 0.776}"
2019-12-17,69.30000305175781,69.4000015258789,69.22000122070312,69.22000122070312,56.96650314331055,28111100,
2019-12-18,69.13999938964844,69.20999908447266,69.01000213623047,69.12999725341797,56.892425537109375,18590900,
2019-12-19,68.98999786376953,69.1500015258789,68.93000030517578,69.12999725341797,56.892425537109375,25939200,
2019-12-20,69.29000091552734,69.31999969482422,69.16000366210938,69.18000030517578,56.93357849121094,38587700,
2019-12-23,69.23999786376953,69.33000183105469,69.18000030517578,69.29000091552734,57.02410888671875,21313800,
2019-12-24,69.27999877929688,69.27999877929688,69.16000366210938,69.22000122070312,56.96650314331055,5947000,
2019-12-26,69.3499984741211,69.54000091552734,69.2699966430664,69.5199966430664,57.2133903503418,8372000,
2019-12-27,69.83999633789062,69.8499984741211,69.58999633789062,69.63999938964844,57.31214904785156,16281600,
2019-12-30,69.76000213623047,69.7699966430664,69.0999984741211,69.12000274658203,56.88420104980469,24069000,
2019-12-31,69.19000244140625,69.4800033569336,68.97000122070312,69.44000244140625,57.14755630493164,20142100,
2020-01-02,69.95999908447266,70.16000366210938,69.83999633789062,70.13999938964844,57.72364044189453,24749300,
2020-01-03,69.19000244140625,69.69999694824219,69.19000244140625,69.2699966430664,57.00763702392578,29921500,
2020-01-06,69.16000366210938,69.56999969482422,69.1500015258789,69.54000091552734,57.229854583740234,22636400,
2020-01-07,69.5199966430664,69.54000091552734,69.30000305175781,69.3499984741211,57.0734748840332,15107500,
2020-01-08,69.2699966430664,69.73999786376953,69.26000213623047,69.55000305175781,57.23808288574219,14249500,
2020-01-09,69.68000030517578,69.75,69.54000091552734,69.70999908447266,57.3697509765625,13749100,
2020-01-10,69.66000366210938,69.77999877929688,69.37000274658203,69.44999694824219,57.15578842163086,33832300,
2020-01-13,69.51000213623047,69.8499984741211,69.37000274658203,69.80999755859375,57.45204162597656,16443000,
2020-01-14,69.68000030517578,70.0,69.66999816894531,69.87999725341797,57.5096549987793,28826600,
2020-01-15,69.81999969482422,69.98999786376953,69.79000091552734,69.87999725341797,57.5096549987793,12217900,
2020-01-16,69.98999786376953,70.19999694824219,69.91000366210938,70.16999816894531,57.74833297729492,12883400,
2020-01-17,70.36000061035156,70.41999816894531,70.20999908447266,70.37999725341797,57.92115020751953,18473700,
2020-01-21,70.05999755859375,70.13999938964844,69.80999755859375,69.81999969482422,57.460289001464844,20026600,
2020-01-22,70.13999938964844,70.16000366210938,69.91000366210938,69.95999908447266,57.57551193237305,14047000,
2020-01-23,69.69999694824219,69.86000061035156,69.36000061035156,69.79000091552734,57.43559646606445,18720200,
2020-01-24,70.08000183105469,70.08000183105469,69.37000274658203,69.48999786376953,57.18870162963867,24107500,
2020-01-27,68.1500015258789,68.41999816894531,68.05000305175781,68.05000305175781,56.00361251831055,32766700,
2020-01-28,68.36000061035156,68.73999786376953,68.26000213623047,68.69000244140625,56.53032302856445,18001700,
2020-01-29,68.81999969482422,68.93000030517578,68.5999984741211,68.69999694824219,56.53855514526367,14916600,
2020-01-30,68.1500015258789,68.66999816894531,67.9800033569336,68.63999938964844,56.489166259765625,26285300,
2020-01-31,68.0,68.02999877929688,67.26000213623047,67.4800033569336,55.534515380859375,40101600,
2020-02-03,67.66999816894531,67.98999786376953,67.5999984741211,67.63999938964844,55.66619110107422,35288000,
2020-02-04,68.66000366210938,68.87000274658203,68.58999633789062,68.7699966430664,56.59616470336914,32540000,
2020-02-05,69.43000030517578,69.4800033569336,69.19999694824219,69.43000030517578,57.13932800292969,28162100,
2020-02-06,69.63999938964844,69.68000030517578,69.5,69.62000274658203,57.29570007324219,23422500,
2020-02-07,69.20999908447266,69.25,68.94000244140625,68.95999908447266,56.75252151489258,22188200,
2020-02-10,68.8499984741211,69.12999725341797,68.8499984741211,69.0999984741211,56.867740631103516,13957600,
2020-02-11,69.58000183105469,69.70999908447266,69.43000030517578,69.56999969482422,57.254547119140625,16040600,
2020-02-12,69.80000305175781,69.86000061035156,69.68000030517578,69.80999755859375,57.45204162597656,13218100,
2020-02-13,69.18000030517578,69.51000213623047,69.0999984741211,69.31999969482422,57.04880142211914,20113100,
2020-02-14,69.30999755859375,69.33000183105469,69.0199966430664,69.19999694824219,56.95003128051758,15005100,
2020-02-18,68.69999694824219,68.9000015258789,68.62000274658203,68.76000213623047,56.587928771972656,29201900,
2020-02-19,69.0,69.11000061035156,68.94000244140625,68.98999786376953,56.77720642089844,16232700,
2020-02-20,68.72000122070312,68.87000274658203,68.19000244140625,68.58000183105469,56.43979263305664,24607700,
2020-02-21,68.36000061035156,68.41999816894531,68.05999755859375,68.26000213623047,56.17643737792969,24361900,
2020-02-24,65.51000213623047,66.02999877929688,65.5,65.52999877929688,53.929710388183594,51653500,
2020-02-25,65.83000183105469,65.88999938964844,64.3499984741211,64.44999694824219,53.0408935546875,55520000,
2020-02-26,65.0,65.43000030517578,64.4800033569336,64.52999877929688,53.10673522949219,64966000,
2020-02-27,63.5099983215332,64.19999694824219,62.59000015258789,62.619998931884766,51.534847259521484,80201400,
2020-02-28,61.2599983215332,62.349998474121094,60.66999816894531,62.2400016784668,51.22211837768555,122342000,
2020-03-02,62.22999954223633,63.16999816894531,61.709999084472656,63.040000915527344,51.880496978759766,78735900,
2020-03-03,63.56999969482422,64.2699966430664,62.04999923706055,62.529998779296875,51.460777282714844,77691700,
2020-03-04,63.630001068115234,64.47000122070312,63.099998474121094,64.4000015258789,52.99974822998047,41681700,
2020-03-05,62.959999084472656,63.369998931884766,62.40999984741211,62.689998626708984,51.59245300292969,46294000,
2020-03-06,61.560001373291016,62.099998474121094,61.15999984741211,61.75,50.8188591003418,64277200,
2020-03-09,57.630001068115234,58.810001373291016,56.7599983215332,56.959999084472656,46.87679672241211,68431000,
2020-03-10,59.20000076293945,59.369998931884766,57.189998626708984,59.060001373291016,48.60504913330078,110061600,
2020-03-11,57.540000915527344,57.689998626708984,55.689998626708984,56.04999923706055,46.12788772583008,77459000,
2020-03-12,51.79999923706055,51.959999084472656,49.209999084472656,49.88999938964844,41.058345794677734,91385100,
2020-03-13,53.119998931884766,53.29999923706055,49.77000045776367,52.90999984741211,43.54373550415039,73588700,
2020-03-16,46.59000015258789,49.06999969482422,45.77000045776367,47.45000076293945,39.05027770996094,54122400,
2020-03-17,48.119998931884766,49.900001525878906,47.36000061035156,49.7599983215332,40.95135498046875,55045400,
2020-03-18,46.68000030517578,48.119998931884766,45.72999954223633,46.90999984741211,38.60587692260742,74919600,
2020-03-19,46.86000061035156,48.70000076293945,46.459999084472656,47.63999938964844,39.206642150878906,65863000,
2020-03-20,48.869998931884766,49.38999938964844,47.0,47.04999923706055,38.72109603881836,62803000,
2020-03-23,47.34000015258789,47.630001068115234,46.189998626708984,46.5,38.26845169067383,61708000,
2020-03-24,50.029998779296875,50.810001373291016,49.43000030517578,50.439998626708984,41.510982513427734,51118500,
2020-03-25,51.0,52.90999984741211,50.279998779296875,52.08000183105469,42.86066436767578,60405600,
2020-03-26,52.380001068115234,54.5,52.380001068115234,54.40999984741211,44.77820587158203,60511800,
2020-03-27,52.439998626708984,53.7400016784668,52.040000915527344,52.86000061035156,43.502593994140625,53372400,
2020-03-30,53.04999923706055,53.970001220703125,52.70000076293945,53.93000030517578,44.38317108154297,45987700,
2020-03-31,53.09000015258789,53.939998626708984,52.79999923706055,53.459999084472656,43.99637222290039,64906600,
2020-04-01,51.72999954223633,52.27000045776367,51.04999923706055,51.09000015258789,42.045921325683594,40960200,
2020-04-02,51.16999816894531,52.29999923706055,51.0099983215332,52.09000015258789,42.868896484375,38008700,
2020-04-03,51.2599983215332,51.470001220703125,50.59000015258789,50.900001525878906,41.889549255371094,33029800,
2020-04-06,52.75,53.79999923706055,52.59000015258789,53.599998474121094,44.11158752441406,42257500,
2020-04-07,55.41999816894531,55.4900016784668,53.79999923706055,53.900001525878906,44.358489990234375,36678000,
2020-04-08,54.04999923706055,54.58000183105469,53.599998474121094,54.34000015258789,44.7205924987793,35282900,
2020-04-09,55.18000030517578,55.77000045776367,55.0,55.56999969482422,45.73286056518555,42218200,
2020-04-13,55.400001525878906,55.4900016784668,54.619998931884766,55.040000915527344,45.29668045043945,33424700,
2020-04-14,55.91999816894531,56.43000030517578,55.810001373291016,56.02000045776367,46.10319519042969,36915600,
2020-04-15,54.45000076293945,54.70000076293945,54.119998931884766,54.27000045776367,44.66298294067383,30158700,
2020-04-16,54.47999954223633,54.560001373291016,53.779998779296875,54.29999923706055,44.68767547607422,37284200,
2020-04-17,55.599998474121094,55.810001373291016,55.119998931884766,55.7400016784668,45.87276077270508,36205100,
2020-04-20,55.060001373291016,55.77000045776367,54.900001525878906,54.90999984741211,45.189693450927734,25077400,
2020-04-21,54.099998474121094,54.52000045776367,53.66999816894531,53.84000015258789,44.309104919433594,35535300,
2020-04-22,54.7599983215332,54.869998931884766,54.5099983215332,54.75,45.058013916015625,28732700,
2020-04-23,54.86000061035156,55.650001525878906,54.45000076293945,54.58000183105469,44.918113708496094,34733400,
2020-04-24,54.9900016784668,55.2599983215332,54.56999969482422,55.209999084472656,45.43658447265625,30445100,
2020-04-27,55.58000183105469,56.06999969482422,55.4900016784668,55.939998626708984,46.037357330322266,30786900,
2020-04-28,57.08000183105469,57.099998474121094,56.31999969482422,56.36000061035156,46.38301086425781,35115400,
2020-04-29,57.540000915527344,57.970001220703125,57.40999984741211,57.77000045776367,47.54341125488281,34921800,
2020-04-30,56.9900016784668,57.09000015258789,56.2599983215332,56.56999969482422,46.55583953857422,52183100,
2020-05-01,55.72999954223633,55.810001373291016,55.11000061035156,55.34000015258789,45.54357147216797,32088300,
2020-05-04,54.91999816894531,55.33000183105469,54.70000076293945,55.31999969482422,45.527103424072266,23432000,
2020-05-05,55.72999954223633,55.939998626708984,55.33000183105469,55.41999816894531,45.609413146972656,23459100,
2020-05-06,55.849998474121094,55.88999938964844,55.060001373291016,55.060001373291016,45.313140869140625,22596000,
2020-05-07,55.869998931884766,56.15999984741211,55.619998931884766,55.88999938964844,45.99620819091797,30628700,
2020-05-08,56.58000183105469,56.849998474121094,56.4900016784668,56.84000015258789,46.778038024902344,20445800,
2020-05-11,56.5,56.95000076293945,56.40999984741211,56.790000915527344,46.73688888549805,30772300,
2020-05-12,56.959999084472656,57.02000045776367,56.06999969482422,56.06999969482422,46.144344329833984,59246700,
2020-05-13,56.40999984741211,56.41999816894531,55.369998931884766,55.63999938964844,45.79046630859375,31920300,
2020-05-14,54.349998474121094,55.189998626708984,54.0099983215332,55.11000061035156,45.354286193847656,41217500,
2020-05-15,55.040000915527344,55.380001068115234,54.79999923706055,55.15999984741211,45.39543533325195,34086000,
2020-05-18,56.560001373291016,57.52000045776367,56.529998779296875,57.38999938964844,47.23067855834961,39999500,
2020-05-19,56.970001220703125,57.22999954223633,56.59000015258789,56.599998474121094,46.58052062988281,31462400,
2020-05-20,57.68000030517578,58.060001373291016,57.54999923706055,57.779998779296875,47.5516357421875,32827600,
2020-05-21,57.59000015258789,57.75,56.939998626708984,57.11000061035156,47.000244140625,27554400,
2020-05-22,56.83000183105469,56.9900016784668,56.58000183105469,56.95000076293945,46.868568420410156,27513100,
2020-05-26,58.689998626708984,58.90999984741211,58.540000915527344,58.58000183105469,48.210018157958984,46679700,
2020-05-27,59.310001373291016,59.34000015258789,58.66999816894531,59.290000915527344,48.79433059692383,33723400,
2020-05-28,60.060001373291016,60.52000045776367,59.81999969482422,59.849998474121094,49.25519943237305,40630200,
2020-05-29,59.7599983215332,59.79999923706055,59.0099983215332,59.63999938964844,49.082374572753906,47437100,
2020-06-01,60.130001068115234,60.9900016784668,60.08000183105469,60.970001220703125,50.176937103271484,30195300,
2020-06-02,61.34000015258789,61.65999984741211,61.25,61.540000915527344,50.646034240722656,31663000,
2020-06-03,62.31999969482422,63.189998626708984,62.29999923706055,63.0099983215332,51.855812072753906,29773100,
2020-06-04,62.61000061035156,63.119998931884766,62.56999969482422,62.7400016784668,51.63360595703125,26190300,
2020-06-05,63.97999954223633,64.31999969482422,63.70000076293945,63.81999969482422,52.52241897583008,31208000,
2020-06-08,64.16999816894531,64.66000366210938,63.790000915527344,64.6500015258789,53.20549392700195,29644000,
2020-06-09,63.540000915527344,64.02999877929688,63.45000076293945,63.810001373291016,52.514190673828125,30176500,
2020-06-10,64.04000091552734,64.22000122070312,63.43000030517578,63.66999816894531,52.39897537231445,27492200,
2020-06-11,61.97999954223633,62.18000030517578,60.130001068115234,60.2599983215332,49.59261703491211,54699700,
2020-06-12,61.86000061035156,62.0099983215332,60.439998626708984,61.29999923706055,50.448516845703125,57668900,
2020-06-15,59.31999969482422,60.84000015258789,59.130001068115234,60.689998626708984,50.65550994873047,30698700,"{""dividend_amount"": 0.858}"
2020-06-16,61.900001525878906,62.02000045776367,60.7599983215332,61.439998626708984,51.2815055847168,37029400,
2020-06-17,61.91999816894531,62.02000045776367,61.4900016784668,61.66999816894531,51.473472595214844,26238300,
2020-06-18,61.16999816894531,61.54999923706055,61.04999923706055,61.34000015258789,51.19804382324219,20035700,
2020-06-19,62.040000915527344,62.060001373291016,60.95000076293945,61.040000915527344,50.94764709472656,32270800,
2020-06-22,61.45000076293945,61.849998474121094,61.209999084472656,61.77000045776367,51.556941986083984,20743000,
2020-06-23,62.4900016784668,62.61000061035156,62.040000915527344,62.11000061035156,51.840721130371094,20897800,
2020-06-24,61.38999938964844,61.529998779296875,60.34000015258789,60.52000045776367,50.51361846923828,34030900,
2020-06-25,60.58000183105469,61.439998626708984,60.29999923706055,61.380001068115234,51.23143005371094,26357100,
2020-06-26,61.22999954223633,61.290000915527344,60.400001525878906,60.4900016784668,50.488582611083984,32279300,
2020-06-29,60.790000915527344,61.099998474121094,60.439998626708984,60.97999954223633,50.897560119628906,23749700,
2020-06-30,60.54999923706055,61.099998474121094,60.45000076293945,60.869998931884766,50.80575180053711,32612900,
2020-07-01,60.79999923706055,61.290000915527344,60.75,61.099998474121094,50.99772262573242,25243100,
2020-07-02,61.95000076293945,62.2599983215332,61.68000030517578,61.77000045776367,51.556941986083984,20854100,
2020-07-06,62.70000076293945,62.88999938964844,62.45000076293945,62.779998779296875,52.39994812011719,21537100,
2020-07-07,62.209999084472656,62.47999954223633,61.84000015258789,61.86000061035156,51.63207244873047,17394200,
2020-07-08,61.869998931884766,62.40999984741211,61.7599983215332,62.380001068115234,52.06608963012695,17363400,
2020-07-09,62.290000915527344,62.29999923706055,61.25,61.66999816894531,51.473472595214844,26098200,
2020-07-10,61.91999816894531,62.36000061035156,61.72999954223633,62.33000183105469,52.024356842041016,22008800,
2020-07-13,62.68000030517578,63.029998779296875,61.84000015258789,61.93000030517578,51.690494537353516,20515500,
2020-07-14,62.04999923706055,62.90999984741211,61.97999954223633,62.84000015258789,52.45003128051758,35121300,
2020-07-15,63.790000915527344,63.9900016784668,63.380001068115234,63.54999923706055,53.04263687133789,28888600,
2020-07-16,63.150001525878906,63.40999984741211,63.029998779296875,63.13999938964844,52.70042419433594,24677200,
2020-07-17,63.290000915527344,63.52000045776367,63.130001068115234,63.5099983215332,53.009246826171875,19641800,
2020-07-20,63.5099983215332,63.84000015258789,63.33000183105469,63.81999969482422,53.26799392700195,17996600,
2020-07-21,64.1500015258789,64.31999969482422,63.90999984741211,63.95000076293945,53.376502990722656,21179700,
2020-07-22,63.95000076293945,64.20999908447266,63.84000015258789,64.12000274658203,53.518409729003906,18023400,
2020-07-23,63.970001220703125,64.22000122070312,63.45000076293945,63.61000061035156,53.09272384643555,16080700,
2020-07-24,63.220001220703125,63.459999084472656,63.08000183105469,63.2599983215332,52.80059051513672,16017900,
2020-07-27,63.869998931884766,64.19999694824219,63.810001373291016,64.08999633789062,53.49335479736328,16368200,
2020-07-28,63.75,64.05000305175781,63.650001525878906,63.68000030517578,53.151153564453125,20470300,
2020-07-29,63.970001220703125,64.45999908447266,63.84000015258789,64.3499984741211,53.71036911010742,20055900,
2020-07-30,62.83000183105469,63.52000045776367,62.310001373291016,63.400001525878906,52.917442321777344,24664100,
2020-07-31,63.0099983215332,63.02000045776367,61.65999984741211,62.04999923706055,51.790653228759766,36002300,
2020-08-03,62.689998626708984,63.27000045776367,62.540000915527344,63.2599983215332,52.80059051513672,23609700,
2020-08-04,62.970001220703125,63.61000061035156,62.939998626708984,63.61000061035156,53.09272384643555,16236800,
2020-08-05,64.08999633789062,64.26000213623047,63.72999954223633,63.81999969482422,53.26799392700195,17901300,
2020-08-06,63.56999969482422,63.9900016784668,63.400001525878906,63.88999938964844,53.32642364501953,17210500,
2020-08-07,63.27000045776367,63.63999938964844,63.20000076293945,63.630001068115234,53.10941696166992,14988900,
2020-08-10,63.68000030517578,63.849998474121094,63.470001220703125,63.84000015258789,53.284690856933594,10049000,
2020-08-11,64.93000030517578,64.97000122070312,64.0199966430664,64.06999969482422,53.47666549682617,31465500,
2020-08-12,65.3499984741211,65.76000213623047,65.26000213623047,65.48999786376953,54.6618766784668,28638500,
2020-08-13,65.41000366210938,65.58000183105469,65.01000213623047,65.19999694824219,54.419822692871094,17783100,
2020-08-14,64.73999786376953,64.94000244140625,64.62000274658203,64.80000305175781,54.085960388183594,10874100,
2020-08-17,65.11000061035156,65.31999969482422,65.0999984741211,65.29000091552734,54.49495315551758,11429900,
2020-08-18,65.52999877929688,65.62000274658203,65.05999755859375,65.25,54.46156311035156,23832500,
2020-08-19,65.54000091552734,65.62000274658203,64.91999816894531,64.95999908447266,54.21950912475586,15591900,
2020-08-20,64.3499984741211,64.86000061035156,64.29000091552734,64.75,54.04423141479492,19825800,
2020-08-21,64.01000213623047,64.43000030517578,63.97999954223633,64.41999816894531,53.768795013427734,15926400,
2020-08-24,65.38999938964844,65.4000015258789,65.0,65.2699966430664,54.47825622558594,14627700,
2020-08-25,65.62999725341797,65.63999938964844,64.95999908447266,65.30999755859375,54.51163864135742,18507500,
2020-08-26,65.33999633789062,65.7699966430664,65.26000213623047,65.69000244140625,54.82881546020508,19549800,
2020-08-27,65.7300033569336,65.76000213623047,64.77999877929688,65.0199966430664,54.26958465576172,24413900,
2020-08-28,65.41000366210938,65.51000213623047,65.05999755859375,65.4800033569336,54.653541564941406,15197300,
2020-08-31,65.30999755859375,65.5199966430664,64.94999694824219,64.9800033569336,54.2362060546875,24929800,
2020-09-01,65.0199966430664,65.18000030517578,64.76000213623047,65.05000305175781,54.29463195800781,23945500,
2020-09-02,65.5199966430664,65.97000122070312,65.2699966430664,65.91999816894531,55.02078628540039,20748400,
2020-09-03,65.70999908447266,65.7699966430664,64.16000366210938,64.43000030517578,53.77714157104492,43834300,
2020-09-04,64.69000244140625,64.8499984741211,63.349998474121094,64.5199966430664,53.85226058959961,33992800,
2020-09-08,63.72999954223633,64.2699966430664,63.5,63.72999954223633,53.19287872314453,26869600,
2020-09-09,64.75,65.16000366210938,64.62999725341797,64.91999816894531,54.186126708984375,23374000,
2020-09-10,65.2699966430664,65.37000274658203,64.16000366210938,64.16000366210938,53.55178451538086,30361000,
2020-09-11,64.94999694824219,65.13999938964844,64.52999877929688,64.80000305175781,54.085960388183594,29958900,
2020-09-14,65.3499984741211,65.44999694824219,65.0999984741211,65.1500015258789,54.37809753417969,14663300,
2020-09-15,65.80999755859375,65.83999633789062,65.43000030517578,65.56999969482422,54.7286491394043,17678700,
2020-09-16,65.76000213623047,66.0199966430664,65.44999694824219,65.56999969482422,54.7286491394043,18052600,
2020-09-17,65.18000030517578,65.68000030517578,65.12000274658203,65.66000366210938,54.803768157958984,18149700,
2020-09-18,65.47000122070312,65.5,64.91000366210938,65.12999725341797,54.361392974853516,27897500,
2020-09-21,63.5099983215332,63.560001373291016,62.79999923706055,63.47999954223633,52.984214782714844,39928700,
2020-09-22,63.47999954223633,63.54999923706055,62.88999938964844,63.459999084472656,52.967525482177734,15810800,
2020-09-23,63.84000015258789,63.880001068115234,62.86000061035156,62.93000030517578,52.52515411376953,18325800,
2020-09-24,62.77000045776367,63.279998779296875,62.45000076293945,62.869998931884766,52.475074768066406,25234900,
2020-09-25,62.33000183105469,63.099998474121094,62.13999938964844,63.08000183105469,52.65034866333008,24180700,
2020-09-28,63.88999938964844,64.05000305175781,63.779998779296875,64.02999877929688,53.44327163696289,18102700,
2020-09-29,64.02999877929688,64.2300033569336,63.720001220703125,63.959999084472656,53.38484573364258,16168300,
2020-09-30,63.720001220703125,64.12999725341797,63.43000030517578,63.650001525878906,53.12610626220703,37083000,
2020-10-01,64.0,64.06999969482422,63.63999938964844,64.0199966430664,53.4349250793457,33266700,
2020-10-02,63.2400016784668,64.05000305175781,63.20000076293945,63.88999938964844,53.32642364501953,25285500,
2020-10-05,64.41000366210938,64.87999725341797,64.38999938964844,64.86000061035156,54.136043548583984,14564100,
2020-10-06,64.91000366210938,64.94999694824219,64.04000091552734,64.16999816894531,53.56011962890625,22901400,
2020-10-07,64.62000274658203,64.80999755859375,64.48999786376953,64.72000122070312,54.019195556640625,17055500,
2020-10-08,65.01000213623047,65.19000244140625,64.94000244140625,65.16999816894531,54.3947868347168,13385000,
2020-10-09,65.51000213623047,65.72000122070312,65.41999816894531,65.68000030517578,54.820465087890625,22181600,
2020-10-12,65.83000183105469,66.11000061035156,65.7699966430664,66.05999755859375,55.13762664794922,9676100,
2020-10-13,65.5199966430664,65.5199966430664,65.19000244140625,65.31999969482422,54.51999282836914,16260500,
2020-10-14,65.52999877929688,65.63999938964844,65.1500015258789,65.20999908447266,54.42817306518555,13144000,
2020-10-15,63.939998626708984,64.5,63.91999816894531,64.44000244140625,53.785491943359375,20631800,
2020-10-16,64.6500015258789,65.0199966430664,64.5999984741211,64.73999786376953,54.03588104248047,15792600,
2020-10-19,65.08999633789062,65.16999816894531,64.41999816894531,64.5,53.835567474365234,14736400,
2020-10-20,64.97000122070312,65.18000030517578,64.80999755859375,64.81999969482422,54.1026611328125,23268000,
2020-10-21,64.72000122070312,65.04000091552734,64.48999786376953,64.51000213623047,53.843910217285156,21699100,
2020-10-22,64.44000244140625,64.66999816894531,64.0999984741211,64.55999755859375,53.885650634765625,20533700,
2020-10-23,64.94999694824219,64.9800033569336,64.58000183105469,64.9800033569336,54.2362060546875,19334200,
2020-10-26,64.16000366210938,64.23999786376953,63.41999816894531,63.810001373291016,53.2596549987793,17745700,
2020-10-27,63.70000076293945,63.72999954223633,63.220001220703125,63.310001373291016,52.84231948852539,19616900,
2020-10-28,61.90999984741211,62.040000915527344,61.369998931884766,61.41999816894531,51.264808654785156,36132600,
2020-10-29,61.459999084472656,61.90999984741211,61.13999938964844,61.709999084472656,51.50686264038086,30898400,
2020-10-30,61.439998626708984,61.529998779296875,60.970001220703125,61.38999938964844,51.23977279663086,35889900,
2020-11-02,62.08000183105469,62.2400016784668,61.77000045776367,62.189998626708984,51.907508850097656,24388600,
2020-11-03,63.40999984741211,64.05000305175781,63.33000183105469,63.81999969482422,53.26799392700195,26474500,
2020-11-04,64.0999984741211,65.06999969482422,63.84000015258789,64.5199966430664,53.85226058959961,26490200,
2020-11-05,66.01000213623047,66.19000244140625,65.66999816894531,66.06999969482422,55.14597702026367,28528300,
2020-11-06,66.31999969482422,66.48999786376953,66.0999984741211,66.20999908447266,55.26283264160156,21980100,
2020-11-09,69.36000061035156,69.37999725341797,68.12000274658203,68.13999938964844,56.87372970581055,43606500,
2020-11-10,68.7300033569336,69.12000274658203,68.55000305175781,68.75,57.38287353515625,37172600,
2020-11-11,69.23999786376953,69.37999725341797,69.05000305175781,69.33000183105469,57.866981506347656,16643200,
2020-11-12,68.75,68.97000122070312,68.16000366210938,68.31999969482422,57.02396774291992,24076600,
2020-11-13,68.75,69.41000366210938,68.72000122070312,69.37000274658203,57.900352478027344,21594600,
2020-11-16,70.06999969482422,70.13999938964844,69.70999908447266,70.08999633789062,58.501312255859375,20294600,
2020-11-17,69.83999633789062,70.22000122070312,69.66000366210938,70.0199966430664,58.44288635253906,18574500,
2020-11-18,70.12999725341797,70.3499984741211,69.6500015258789,69.6500015258789,58.134063720703125,15018000,
2020-11-19,69.63999938964844,70.19000244140625,69.5199966430664,70.13999938964844,58.543052673339844,24048000,
2020-11-20,70.12000274658203,70.44000244140625,70.05000305175781,70.3499984741211,58.71832275390625,18571900,
2020-11-23,70.5999984741211,70.69000244140625,70.01000213623047,70.26000213623047,58.64321517944336,14340300,
2020-11-24,70.91000366210938,71.37999725341797,70.83000183105469,71.30999755859375,59.51959228515625,23399300,
2020-11-25,70.88999938964844,71.4000015258789,70.76000213623047,71.22000122070312,59.44447708129883,19214900,
2020-11-27,71.37999725341797,71.7699966430664,71.37000274658203,71.70999908447266,59.85346221923828,11839100,
2020-11-30,71.45999908447266,71.52999877929688,70.08999633789062,70.1500015258789,58.55139923095703,46146500,
2020-12-01,71.33999633789062,71.86000061035156,71.30000305175781,71.80000305175781,59.9285888671875,29860500,
2020-12-02,71.44999694824219,71.87999725341797,71.4000015258789,71.80999755859375,59.93693542480469,20864700,
2020-12-03,72.05999755859375,72.2699966430664,71.80999755859375,71.93000030517578,60.03709411621094,16572700,
2020-12-04,72.33999633789062,72.55999755859375,72.30999755859375,72.54000091552734,60.546226501464844,18956100,
2020-12-07,72.0199966430664,72.22000122070312,71.77999877929688,71.94999694824219,60.05378723144531,19537700,
2020-12-08,71.77999877929688,72.23999786376953,71.77999877929688,72.19999694824219,60.262447357177734,12428100,
2020-12-09,72.63999938964844,72.63999938964844,71.83999633789062,72.30000305175781,60.345916748046875,18355000,
2020-12-10,71.91000366210938,72.55999755859375,71.91000366210938,72.4000015258789,60.429386138916016,20871300,
2020-12-11,71.95999908447266,72.19000244140625,71.75,72.18000030517578,60.245758056640625,21812000,
2020-12-14,71.95999908447266,72.06999969482422,71.4800033569336,71.52999877929688,60.28282928466797,26176400,"{""dividend_amount"": 0.694}"
2020-12-15,71.81999969482422,72.30999755859375,71.70999908447266,72.26000213623047,60.898048400878906,24075700,
2020-12-16,72.37000274658203,72.62000274658203,72.1500015258789,72.54000091552734,61.1340217590332,15642300,
2020-12-17,73.16999816894531,73.27999877929688,72.9800033569336,73.05000305175781,61.56383514404297,18633100,
2020-12-18,73.0,73.0199966430664,72.55999755859375,72.66999816894531,61.24357986450195,27367900,
2020-12-21,70.88999938964844,71.91000366210938,70.66999816894531,71.73999786376953,60.45981979370117,31488000,
2020-12-22,71.58999633789062,71.66999816894531,71.33999633789062,71.55999755859375,60.30811309814453,20355000,
2020-12-23,72.16999816894531,72.44000244140625,72.11000061035156,72.33000183105469,60.95705032348633,13577300,
2020-12-24,72.30000305175781,72.44000244140625,72.19000244140625,72.36000061035156,60.98234176635742,7252900,
2020-12-28,73.12000274658203,73.1500015258789,72.8499984741211,72.94999694824219,61.479557037353516,11142200,
2020-12-29,73.80000305175781,73.86000061035156,73.31999969482422,73.41999816894531,61.87565231323242,17541500,
2020-12-30,73.80999755859375,74.0,73.47000122070312,73.5199966430664,61.95992660522461,15147100,
2020-12-31,73.44000244140625,73.44999694824219,72.79000091552734,72.95999908447266,61.48798370361328,34218500,
2021-01-04,74.38999938964844,74.41999816894531,73.05000305175781,73.33999633789062,61.80823516845703,26703400,
2021-01-05,73.58000183105469,74.27999877929688,73.5199966430664,74.0999984741211,62.44873046875,19748500,
2021-01-06,74.30000305175781,75.31999969482422,74.22000122070312,74.94999694824219,63.165077209472656,25426900,
2021-01-07,74.8499984741211,75.13999938964844,74.77999877929688,75.02999877929688,63.232505798339844,18783700,
2021-01-08,75.58000183105469,75.7300033569336,74.94999694824219,75.7300033569336,63.822444915771484,25272200,
2021-01-11,74.3499984741211,74.95999908447266,74.33000183105469,74.73999786376953,62.98809814453125,23190200,
2021-01-12,74.68000030517578,75.12999725341797,74.47000122070312,75.08000183105469,63.27464294433594,20914000,
2021-01-13,74.95999908447266,75.16000366210938,74.81999969482422,74.9800033569336,63.19035720825195,15580700,
2021-01-14,75.20999908447266,75.75,75.19999694824219,75.58000183105469,63.696022033691406,22607500,
2021-01-15,74.61000061035156,74.76000213623047,73.97000122070312,74.4000015258789,62.701568603515625,27355900,
2021-01-19,74.97000122070312,75.0199966430664,74.62999725341797,74.94000244140625,63.15666961669922,20162300,
2021-01-20,75.05000305175781,75.45999908447266,74.91000366210938,75.44999694824219,63.586463928222656,14419000,
2021-01-21,75.5,75.56999969482422,75.04000091552734,75.51000213623047,63.63701629638672,20536300,
2021-01-22,74.86000061035156,75.27999877929688,74.83000183105469,75.1500015258789,63.33362579345703,18854700,
2021-01-25,74.58000183105469,75.06999969482422,74.13999938964844,75.05999755859375,63.25779724121094,21748100,
2021-01-26,75.16999816894531,75.2699966430664,74.9000015258789,75.16999816894531,63.350486755371094,14175200,
2021-01-27,73.79000091552734,74.2300033569336,73.18000030517578,73.44999694824219,61.90092849731445,31245200,
2021-01-28,73.63999938964844,74.33999633789062,73.56999969482422,73.91999816894531,62.297035217285156,26658600,
2021-01-29,73.04000091552734,73.26000213623047,72.0,72.38999938964844,61.00761413574219,42149500,
2021-02-01,73.27999877929688,73.33000183105469,72.93000030517578,73.25,61.732391357421875,23243900,
2021-02-02,73.6500015258789,74.05000305175781,73.47000122070312,73.98999786376953,62.35602569580078,20388500,
2021-02-03,74.0199966430664,74.20999908447266,73.80999755859375,74.16999816894531,62.50771713256836,11345800,
2021-02-04,73.88999938964844,74.25,73.81999969482422,74.25,62.57515335083008,10500300,
2021-02-05,74.61000061035156,74.75,74.31999969482422,74.70999908447266,62.96282196044922,10955600,
2021-02-08,75.25,75.43000030517578,75.02999877929688,75.2300033569336,63.40107345581055,16405600,
2021-02-09,75.33999633789062,75.69000244140625,75.26000213623047,75.63999938964844,63.746585845947266,16337600,
2021-02-10,75.87000274658203,75.93000030517578,75.06999969482422,75.37999725341797,63.52748107910156,15402800,
2021-02-11,75.79000091552734,75.9000015258789,75.5,75.88999938964844,63.957279205322266,12314100,
2021-02-12,75.68000030517578,76.3499984741211,75.66999816894531,76.30999755859375,64.31124114990234,11946800,
2021-02-16,76.98999786376953,77.16999816894531,76.72000122070312,76.86000061035156,64.77476501464844,20225600,
2021-02-17,76.30000305175781,76.52999877929688,76.01000213623047,76.41000366210938,64.39551544189453,19198800,
2021-02-18,75.8499984741211,76.08000183105469,75.48999786376953,76.02999877929688,64.07525634765625,19191700,
2021-02-19,76.33999633789062,76.58999633789062,76.13999938964844,76.25,64.26068115234375,14962300,
2021-02-22,76.0199966430664,76.5199966430664,75.97000122070312,76.05999755859375,64.1005630493164,19515800,
2021-02-23,75.97000122070312,76.37000274658203,75.30000305175781,76.12999725341797,64.1595458984375,25014500,
2021-02-24,75.66000366210938,76.44999694824219,75.47000122070312,76.37000274658203,64.36180877685547,21877600,
2021-02-25,76.5,76.68000030517578,74.94000244140625,75.06999969482422,63.26620864868164,36921800,
2021-02-26,74.86000061035156,74.86000061035156,73.95999908447266,74.01000213623047,62.372894287109375,48798100,
2021-03-01,74.9000015258789,75.45999908447266,74.86000061035156,75.4000015258789,63.54432678222656,24268100,
2021-03-02,75.33999633789062,75.58000183105469,75.11000061035156,75.31999969482422,63.47690200805664,22204900,
2021-03-03,75.08999633789062,75.41000366210938,74.75,74.86000061035156,63.0892219543457,20856100,
2021-03-04,74.93000030517578,75.23999786376953,73.72000122070312,74.1500015258789,62.490875244140625,34648600,
2021-03-05,74.61000061035156,74.75,73.55999755859375,74.62999725341797,62.89539337158203,29694200,
2021-03-08,74.31999969482422,74.9000015258789,74.13999938964844,74.37000274658203,62.67628479003906,25080900,
2021-03-09,75.18000030517578,75.5199966430664,75.05999755859375,75.37000274658203,63.519046783447266,19060200,
2021-03-10,75.69999694824219,75.79000091552734,75.33000183105469,75.69000244140625,63.78873062133789,19467400,
2021-03-11,75.93000030517578,76.22000122070312,75.75,76.08999633789062,64.1258316040039,15485300,
2021-03-12,75.68000030517578,76.30999755859375,75.6500015258789,76.27999877929688,64.28594970703125,16342500,
2021-03-15,76.16999816894531,76.37999725341797,75.72000122070312,76.33999633789062,64.33651733398438,17320100,
2021-03-16,76.5199966430664,76.58000183105469,76.33999633789062,76.47000122070312,64.44608306884766,16662600,
2021-03-17,76.20999908447266,77.01000213623047,76.11000061035156,76.91999816894531,64.8253173828125,16305000,
2021-03-18,76.54000091552734,77.05999755859375,76.20999908447266,76.22000122070312,64.23540496826172,23176300,
2021-03-19,76.20999908447266,76.51000213623047,75.7699966430664,76.43000030517578,64.41236114501953,31465200,
2021-03-22,76.30000305175781,76.69000244140625,76.23999786376953,76.5,64.47136688232422,27978200,
2021-03-23,75.9800033569336,76.08999633789062,75.33999633789062,75.44000244140625,63.57804870605469,22514200,
2021-03-24,75.2300033569336,75.58999633789062,75.05000305175781,75.05999755859375,63.25779724121094,20717000,
2021-03-25,75.0,75.66000366210938,74.83000183105469,75.62000274658203,63.729732513427734,25183000,
2021-03-26,75.87999725341797,76.62000274658203,75.87000274658203,76.5999984741211,64.5556411743164,27419100,
2021-03-29,76.13999938964844,76.43000030517578,75.91999816894531,76.30000305175781,64.30281829833984,18381600,
2021-03-30,75.88999938964844,76.2699966430664,75.80999755859375,76.19999694824219,64.21854400634766,15377400,
2021-03-31,75.87999725341797,76.2300033569336,75.81999969482422,75.87000274658203,63.9404182434082,32191600,
2021-04-01,76.26000213623047,76.93000030517578,76.20999908447266,76.86000061035156,64.77476501464844,26312600,
2021-04-05,77.48999786376953,78.05000305175781,77.36000061035156,77.9800033569336,65.7186508178711,20340500,
2021-04-06,77.05000305175781,77.2699966430664,76.95999908447266,77.1500015258789,65.01915740966797,18995900,
2021-04-07,77.16999816894531,77.41999816894531,77.11000061035156,77.30999755859375,65.15399932861328,14349400,
2021-04-08,77.66000366210938,77.87000274658203,77.5199966430664,77.75,65.52481842041016,15502500,
2021-04-09,77.69000244140625,78.05000305175781,77.69000244140625,77.98999786376953,65.72709655761719,16330500,
2021-04-12,77.66999816894531,77.73999786376953,77.44000244140625,77.55999755859375,65.36469268798828,13729500,
2021-04-13,77.66999816894531,78.02999877929688,77.62000274658203,78.01000213623047,65.74394989013672,12712500,
2021-04-14,78.05000305175781,78.3499984741211,78.0,78.06999969482422,65.79449462890625,13079200,
2021-04-15,78.55999755859375,78.75,78.48999786376953,78.72000122070312,66.34230041503906,20480100,
2021-04-16,79.0199966430664,79.30999755859375,78.9000015258789,79.29000091552734,66.82268524169922,17058700,
2021-04-19,79.37000274658203,79.41999816894531,78.94000244140625,79.1500015258789,66.70469665527344,15206800,
2021-04-20,78.23999786376953,78.33000183105469,77.55000305175781,77.7300033569336,65.50797271728516,29570100,
2021-04-21,77.58000183105469,78.55999755859375,77.55999755859375,78.52999877929688,66.18218231201172,15615600,
2021-04-22,78.70999908447266,78.77999877929688,78.13999938964844,78.2699966430664,65.96305084228516,22677800,
2021-04-23,78.55000305175781,79.2300033569336,78.52999877929688,79.06999969482422,66.63726806640625,18607900,
2021-04-26,79.0999984741211,79.2300033569336,79.0,79.12999725341797,66.68783569335938,14052100,
2021-04-27,78.73999786376953,78.93000030517578,78.63999938964844,78.87000274658203,66.46871948242188,13612200,
2021-04-28,78.80999755859375,79.26000213623047,78.73999786376953,79.06999969482422,66.63726806640625,14288600,
2021-04-29,79.33999633789062,79.37999725341797,78.61000061035156,79.0999984741211,66.66253662109375,16411000,
2021-04-30,78.62000274658203,78.75,77.83000183105469,78.11000061035156,65.82820892333984,28951400,
2021-05-03,78.75,79.05999755859375,78.56999969482422,78.97000122070312,66.5530014038086,21382200,
2021-05-04,78.11000061035156,78.30999755859375,77.41000366210938,77.80000305175781,65.56697082519531,29144900,
2021-05-05,78.6500015258789,79.02999877929688,78.47000122070312,78.86000061035156,66.46029663085938,17680000,
2021-05-06,78.95999908447266,79.54000091552734,78.70999908447266,79.51000213623047,67.0080795288086,21533100,
2021-05-07,79.6500015258789,80.44999694824219,79.56999969482422,80.41000366210938,67.76658630371094,23316000,
2021-05-10,80.66999816894531,80.66999816894531,79.91999816894531,79.9800033569336,67.40419006347656,16927500,
2021-05-11,78.52999877929688,79.11000061035156,78.41999816894531,78.93000030517578,66.51927947998047,34624600,
2021-05-12,78.38999938964844,78.73999786376953,77.51000213623047,77.66999816894531,65.45740509033203,32608200,
2021-05-13,77.69000244140625,78.41999816894531,77.66000366210938,78.25,65.94619750976562,36208800,
2021-05-14,79.01000213623047,79.63999938964844,78.95999908447266,79.55999755859375,67.05021667480469,18601700,
2021-05-17,79.0999984741211,79.41999816894531,79.02999877929688,79.41000366210938,66.9238052368164,16699500,
2021-05-18,80.04000091552734,80.06999969482422,79.58000183105469,79.58000183105469,67.06708526611328,16526900,
2021-05-19,78.58999633789062,79.19000244140625,78.22000122070312,78.87999725341797,66.47714233398438,30391700,
2021-05-20,79.38999938964844,80.05000305175781,79.36000061035156,79.91999816894531,67.3536148071289,21650300,
2021-05-21,80.18000030517578,80.20999908447266,79.76000213623047,80.02999877929688,67.44631958007812,26751600,
2021-05-24,80.25,80.62000274658203,80.19000244140625,80.5199966430664,67.85928344726562,12267900,
2021-05-25,80.7699966430664,80.83999633789062,80.41000366210938,80.54000091552734,67.87613677978516,14338900,
2021-05-26,80.44999694824219,80.62999725341797,80.3499984741211,80.48999786376953,67.833984375,12732000,
2021-05-27,80.62000274658203,80.79000091552734,80.4000015258789,80.63999938964844,67.96041870117188,16211200,
2021-05-28,80.83999633789062,81.1500015258789,80.79000091552734,80.83000183105469,68.12053680419922,21449500,
2021-06-01,81.5,81.5199966430664,81.0199966430664,81.12000274658203,68.36494445800781,27524200,
2021-06-02,81.2699966430664,81.51000213623047,81.16000366210938,81.38999938964844,68.59249114990234,13561200,
2021-06-03,80.95999908447266,81.08999633789062,80.75,80.98999786376953,68.25537109375,16987600,
2021-06-04,81.52999877929688,81.73999786376953,81.4000015258789,81.68000030517578,68.83687591552734,13335200,
2021-06-07,81.87000274658203,81.98999786376953,81.7699966430664,81.94999694824219,69.06442260742188,16738700,
2021-06-08,82.02999877929688,82.11000061035156,81.7699966430664,81.91000366210938,69.03071594238281,13218700,
2021-06-09,81.87999725341797,81.94000244140625,81.61000061035156,81.69000244140625,68.84532165527344,20203600,
2021-06-10,80.66999816894531,80.94999694824219,80.58000183105469,80.80999755859375,69.03495788574219,16555200,"{""dividend_amount"": 1.102}"
2021-06-11,80.91000366210938,81.05999755859375,80.69000244140625,81.0,69.19727325439453,12864700,
2021-06-14,80.93000030517578,81.16000366210938,80.87999725341797,81.13999938964844,69.31686401367188,17044400,
2021-06-15,81.20999908447266,81.2699966430664,81.06999969482422,81.23999786376953,69.40229797363281,17729200,
2021-06-16,81.30999755859375,81.4000015258789,80.47000122070312,80.73999786376953,68.97515106201172,21706700,
2021-06-17,80.22000122070312,80.38999938964844,79.80000305175781,80.18000030517578,68.49674987792969,27756300,
2021-06-18,78.7300033569336,78.93000030517578,78.43000030517578,78.5199966430664,67.0786361694336,36755100,
2021-06-21,78.87000274658203,79.5999984741211,78.75,79.55000305175781,67.95855712890625,20228000,
2021-06-22,79.31999969482422,79.75,79.1500015258789,79.55999755859375,67.96710205078125,14010200,
2021-06-23,79.47000122070312,79.52999877929688,78.93000030517578,79.05000305175781,67.53142547607422,17074600,
2021-06-24,79.63999938964844,79.8499984741211,79.58999633789062,79.80999755859375,68.18067932128906,19833300,
2021-06-25,79.98999786376953,80.05000305175781,79.83000183105469,79.9800033569336,68.32589721679688,12418800,
2021-06-28,79.69999694824219,79.76000213623047,79.36000061035156,79.47000122070312,67.89021301269531,26952900,
2021-06-29,79.62999725341797,79.68000030517578,79.38999938964844,79.48999786376953,67.90730285644531,9357500,
2021-06-30,78.76000213623047,79.05999755859375,78.55000305175781,78.87999725341797,67.38618469238281,33578500,
2021-07-01,78.88999938964844,79.12000274658203,78.69999694824219,79.06999969482422,67.54849243164062,28075400,
2021-07-02,79.08000183105469,79.36000061035156,78.87999725341797,79.33999633789062,67.77915954589844,13712600,
2021-07-06,79.37999725341797,79.4000015258789,78.54000091552734,78.81999969482422,67.33493041992188,21289800,
2021-07-07,79.16000366210938,79.3499984741211,78.83000183105469,79.25,67.70227813720703,21686400,
2021-07-08,77.9800033569336,78.37000274658203,77.75,78.2300033569336,66.83090209960938,24175500,
2021-07-09,79.05000305175781,79.61000061035156,78.97000122070312,79.55999755859375,67.96710205078125,35200100,
2021-07-12,79.58000183105469,79.94000244140625,79.51000213623047,79.9000015258789,68.25756072998047,11995800,
2021-07-13,79.61000061035156,79.79000091552734,79.36000061035156,79.4800033569336,67.89874267578125,15689500,
2021-07-14,79.81999969482422,79.83000183105469,79.55999755859375,79.66000366210938,68.05252838134766,14023600,
2021-07-15,78.9000015258789,79.0999984741211,78.5999984741211,78.9000015258789,67.40327453613281,21637900,
2021-07-16,78.8499984741211,78.9000015258789,78.18000030517578,78.31999969482422,66.90777587890625,23034100,
2021-07-19,77.08999633789062,77.2300033569336,76.4800033569336,76.9000015258789,65.6947021484375,44844800,
2021-07-20,76.72000122070312,77.61000061035156,76.62000274658203,77.45999908447266,66.173095703125,30309900,
2021-07-21,78.01000213623047,78.69000244140625,77.97000122070312,78.63999938964844,67.18115234375,22928600,
2021-07-22,78.93000030517578,78.97000122070312,78.4800033569336,78.66999816894531,67.206787109375,15874000,
2021-07-23,79.19000244140625,79.37000274658203,79.02999877929688,79.22000122070312,67.67665100097656,16550600,
2021-07-26,79.06999969482422,79.36000061035156,79.06999969482422,79.33000183105469,67.77062225341797,14870900,
2021-07-27,78.97000122070312,79.06999969482422,78.62999725341797,79.01000213623047,67.49723815917969,20952500,
2021-07-28,79.0199966430664,79.5,78.88999938964844,79.3499984741211,67.78768920898438,19700600,
2021-07-29,80.01000213623047,80.12000274658203,79.87999725341797,79.9000015258789,68.25756072998047,23670000,
2021-07-30,79.58999633789062,79.83999633789062,79.33000183105469,79.48999786376953,67.90730285644531,23997100,
2021-08-02,80.13999938964844,80.27999877929688,79.73999786376953,79.88999938964844,68.24900817871094,25364000,
2021-08-03,80.2300033569336,80.4800033569336,79.9000015258789,80.45999908447266,68.7359619140625,19028100,
2021-08-04,80.51000213623047,80.6500015258789,80.19000244140625,80.22000122070312,68.53092193603516,12852000,
2021-08-05,80.62999725341797,80.70999908447266,80.5199966430664,80.61000061035156,68.86409759521484,11868900,
2021-08-06,80.43000030517578,80.5199966430664,80.18000030517578,80.30999755859375,68.60781860351562,10892500,
2021-08-09,80.33000183105469,80.37999725341797,80.18000030517578,80.2699966430664,68.5736312866211,7897000,
2021-08-10,80.2699966430664,80.44999694824219,80.22000122070312,80.44999694824219,68.7274169921875,10438200,
2021-08-11,80.93000030517578,81.05000305175781,80.76000213623047,81.0,69.19727325439453,14996100,
2021-08-12,80.83000183105469,80.95999908447266,80.66999816894531,80.93000030517578,69.13746643066406,12443200,
2021-08-13,81.19000244140625,81.44999694824219,81.12000274658203,81.41999816894531,69.55606842041016,14590400,
2021-08-16,80.79000091552734,81.01000213623047,80.52999877929688,81.0,69.19727325439453,19192300,
2021-08-17,80.23999786376953,80.41999816894531,79.88999938964844,80.23999786376953,68.54801177978516,23555000,
2021-08-18,80.22000122070312,80.52999877929688,79.91999816894531,79.93000030517578,68.28318786621094,16384700,
2021-08-19,78.88999938964844,79.3499984741211,78.8499984741211,79.13999938964844,67.6082992553711,30515300,
2021-08-20,78.91000366210938,79.47000122070312,78.81999969482422,79.44999694824219,67.87313079833984,15774200,
2021-08-23,79.87999725341797,80.27999877929688,79.8499984741211,80.19000244140625,68.50529479980469,22524800,
2021-08-24,80.16000366210938,80.48999786376953,80.08000183105469,80.36000061035156,68.65052032470703,13722900,
2021-08-25,80.27999877929688,80.47000122070312,80.1500015258789,80.38999938964844,68.67616271972656,12891400,
2021-08-26,80.12999725341797,80.23999786376953,79.8499984741211,79.97000122070312,68.3173599243164,16927900,
2021-08-27,79.98999786376953,80.7699966430664,79.95999908447266,80.69999694824219,68.94097137451172,24935800,
2021-08-30,80.66999816894531,80.80000305175781,80.55999755859375,80.68000030517578,68.92391204833984,8142000,
2021-08-31,80.81999969482422,80.83000183105469,80.48999786376953,80.63999938964844,68.88973236083984,18738400,
2021-09-01,81.26000213623047,81.58999633789062,81.20999908447266,81.37000274658203,69.51335906982422,30472100,
2021-09-02,81.70999908447266,81.87999725341797,81.61000061035156,81.69999694824219,69.7952651977539,13827400,
2021-09-03,81.80000305175781,82.18000030517578,81.69000244140625,82.06999969482422,70.11136627197266,16303200,
2021-09-07,82.19999694824219,82.29000091552734,82.08000183105469,82.12999725341797,70.1626205444336,13967800,
2021-09-08,81.77999877929688,81.91999816894531,81.3499984741211,81.4800033569336,69.60733032226562,22764200,
2021-09-09,81.44999694824219,81.76000213623047,81.2699966430664,81.33999633789062,69.48773956298828,18963300,
2021-09-10,81.91999816894531,81.9800033569336,81.13999938964844,81.16000366210938,69.3339614868164,26709900,
2021-09-13,81.94999694824219,81.95999908447266,81.5199966430664,81.80000305175781,69.88070678710938,22335000,
2021-09-14,82.04000091552734,82.05000305175781,81.37999725341797,81.45999908447266,69.59024810791016,19177500,
2021-09-15,81.37999725341797,81.70999908447266,81.22000122070312,81.69999694824219,69.7952651977539,26233800,
2021-09-16,81.3499984741211,81.58999633789062,81.12999725341797,81.56999969482422,69.68421173095703,25765500,
2021-09-17,81.06999969482422,81.20999908447266,80.2300033569336,80.5,68.77013397216797,37070600,
2021-09-20,78.73999786376953,79.19999694824219,78.33000183105469,79.01000213623047,67.49723815917969,45028000,
2021-09-21,80.08000183105469,80.20999908447266,79.68000030517578,79.79000091552734,68.16358184814453,37472300,
2021-09-22,80.18000030517578,80.80000305175781,80.12000274658203,80.19000244140625,68.50529479980469,28718400,
2021-09-23,80.81999969482422,81.22000122070312,80.7699966430664,81.05999755859375,69.24852752685547,31257800,
2021-09-24,80.22000122070312,80.5,80.16999816894531,80.30000305175781,68.59928894042969,20066300,
2021-09-27,80.06999969482422,80.33000183105469,79.97000122070312,80.25,68.55656433105469,15526500,
2021-09-28,79.04000091552734,79.08000183105469,78.23999786376953,78.5,67.06156158447266,48064900,
2021-09-29,78.70999908447266,78.76000213623047,78.23999786376953,78.31999969482422,66.90777587890625,31733200,
2021-09-30,78.4000015258789,78.5199966430664,77.81999969482422,78.01000213623047,66.64295959472656,39506300,
2021-10-01,78.05000305175781,78.37999725341797,77.5,78.19999694824219,66.80525970458984,44524800,
2021-10-04,77.95999908447266,78.05999755859375,77.0999984741211,77.37999725341797,66.10475158691406,32751400,
2021-10-05,77.55000305175781,78.19000244140625,77.45999908447266,77.91000366210938,66.55752563476562,25903300,
2021-10-06,76.6500015258789,77.43000030517578,76.43000030517578,77.38999938964844,66.11329650878906,36917200,
2021-10-07,77.80999755859375,78.30999755859375,77.80000305175781,77.98999786376953,66.62586975097656,19908700,
2021-10-08,78.19000244140625,78.25,77.83999633789062,77.9800033569336,66.61731719970703,23628700,
2021-10-11,78.16000366210938,78.41000366210938,77.72000122070312,77.7300033569336,66.40374755859375,23542500,
2021-10-12,77.87000274658203,78.04000091552734,77.62999725341797,77.7699966430664,66.43791198730469,18697400,
2021-10-13,78.18000030517578,78.63999938964844,78.0,78.54000091552734,67.09571838378906,23073600,
2021-10-14,79.29000091552734,79.4000015258789,79.11000061035156,79.31999969482422,67.7620620727539,19304400,
2021-10-15,79.76000213623047,80.0,79.66999816894531,79.9800033569336,68.32589721679688,24447200,
2021-10-18,79.37999725341797,79.68000030517578,79.23999786376953,79.63999938964844,68.03544616699219,19044700,
2021-10-19,79.94999694824219,80.25,79.9000015258789,80.12000274658203,68.44551086425781,14649000,
2021-10-20,80.19999694824219,80.5,80.12000274658203,80.4000015258789,68.6847152709961,11235500,
2021-10-21,79.87999725341797,80.1500015258789,79.83999633789062,80.0199966430664,68.36006164550781,16278800,
2021-10-22,80.37000274658203,80.66000366210938,80.1500015258789,80.5,68.77013397216797,22173500,
2021-10-25,80.29000091552734,80.47000122070312,80.05999755859375,80.33999633789062,68.6334457397461,13658000,
2021-10-26,80.83000183105469,80.83000183105469,80.38999938964844,80.5,68.77013397216797,10552900,
2021-10-27,80.51000213623047,80.62999725341797,80.16000366210938,80.18000030517578,68.49674987792969,18449000,
2021-10-28,80.56999969482422,81.0199966430664,80.55000305175781,80.95999908447266,69.1631088256836,15260200,
2021-10-29,80.2699966430664,80.55000305175781,80.19000244140625,80.48999786376953,68.76158142089844,25406900,
2021-11-01,80.94999694824219,81.30000305175781,80.79000091552734,81.2699966430664,69.42792510986328,20337400,
2021-11-02,81.02999877929688,81.20999908447266,80.9800033569336,81.0999984741211,69.2826919555664,10184500,
2021-11-03,81.06999969482422,81.79000091552734,80.94000244140625,81.76000213623047,69.84652709960938,14911000,
2021-11-04,81.52999877929688,81.70999908447266,81.3499984741211,81.70999908447266,69.8038101196289,14083300,
2021-11-05,81.69999694824219,81.83000183105469,81.4800033569336,81.83000183105469,69.9063491821289,15593600,
2021-11-08,81.87000274658203,82.0,81.7300033569336,81.81999969482422,69.89778900146484,9065900,
2021-11-09,81.87000274658203,81.91999816894531,81.38999938964844,81.63999938964844,69.7440185546875,16011200,
2021-11-10,81.30000305175781,81.44000244140625,80.54000091552734,80.6500015258789,68.89826202392578,21546800,
2021-11-11,81.05999755859375,81.16000366210938,80.88999938964844,80.94000244140625,69.14601135253906,9264600,
2021-11-12,81.20999908447266,81.44000244140625,81.0999984741211,81.37999725341797,69.52191162109375,14817900,
2021-11-15,81.58000183105469,81.5999984741211,81.18000030517578,81.2300033569336,69.39376068115234,14064500,
2021-11-16,81.22000122070312,81.30999755859375,81.0199966430664,81.05000305175781,69.23998260498047,12167900,
2021-11-17,80.87999725341797,81.02999877929688,80.80000305175781,80.94999694824219,69.1545639038086,10415400,
2021-11-18,80.94000244140625,81.08000183105469,80.6500015258789,81.02999877929688,69.222900390625,13236800,
2021-11-19,80.58999633789062,80.66999816894531,80.29000091552734,80.33999633789062,68.6334457397461,20761900,
2021-11-22,80.2300033569336,80.47000122070312,79.8499984741211,79.87000274658203,68.23191833496094,17802300,
2021-11-23,79.69999694824219,79.98999786376953,79.37000274658203,79.79000091552734,68.16358184814453,26736800,
2021-11-24,78.66000366210938,79.2699966430664,78.62000274658203,79.26000213623047,67.71080017089844,20238700,
2021-11-26,77.7300033569336,77.81999969482422,76.86000061035156,77.12999725341797,65.89118194580078,37776000,
2021-11-29,77.73999786376953,77.80999755859375,77.16999816894531,77.5199966430664,66.22435760498047,31913600,
2021-11-30,77.3499984741211,77.58999633789062,76.16999816894531,76.83999633789062,65.64344024658203,52770800,
2021-12-01,77.88999938964844,78.25,76.38999938964844,76.4000015258789,65.2675552368164,43883900,
2021-12-02,76.87999725341797,77.58999633789062,76.80000305175781,77.3499984741211,66.07911682128906,42264500,
2021-12-03,77.5999984741211,77.69999694824219,76.56999969482422,77.02999877929688,65.80574035644531,46147500,
2021-12-06,77.55000305175781,77.91999816894531,77.27999877929688,77.7699966430664,66.43791198730469,30884300,
2021-12-07,78.7699966430664,79.43000030517578,78.7699966430664,79.41000366210938,67.83895111083984,28244900,
2021-12-08,79.47000122070312,79.68000030517578,79.27999877929688,79.55999755859375,67.96710205078125,21619400,
2021-12-09,79.04000091552734,79.12999725341797,78.83999633789062,78.9000015258789,67.40327453613281,32026500,
2021-12-10,79.04000091552734,79.13999938964844,78.77999877929688,79.06999969482422,67.54849243164062,23412200,
2021-12-13,77.38999938964844,77.48999786376953,76.9000015258789,76.98999786376953,66.91575622558594,27594700,"{""dividend_amount"": 1.352}"
2021-12-14,76.66999816894531,76.95999908447266,76.23999786376953,76.58000183105469,66.55941009521484,30040400,
2021-12-15,76.79000091552734,77.63999938964844,76.43000030517578,77.62000274658203,67.46332550048828,31109400,
2021-12-16,78.0,78.08000183105469,77.44000244140625,77.62999725341797,67.47200775146484,44621100,
2021-12-17,77.05999755859375,77.25,76.5999984741211,76.6500015258789,66.62024688720703,44476200,
2021-12-20,76.19999694824219,76.52999877929688,76.0,76.4800033569336,66.47248840332031,26303400,
2021-12-21,76.8499984741211,77.37000274658203,76.79000091552734,77.33000183105469,67.21127319335938,22744100,
2021-12-22,77.22000122070312,78.0999984741211,77.18000030517578,78.05000305175781,67.8370590209961,21609700,
2021-12-23,78.12999725341797,78.69000244140625,78.12000274658203,78.51000213623047,68.23686981201172,28320000,
2021-12-27,78.55000305175781,79.12000274658203,78.54000091552734,79.12000274658203,68.76705932617188,15219700,
2021-12-28,79.19999694824219,79.38999938964844,79.11000061035156,79.1500015258789,68.79312896728516,15631300,
2021-12-29,79.05000305175781,79.22000122070312,78.93000030517578,79.12000274658203,68.76705932617188,15046900,
2021-12-30,79.02999877929688,79.12999725341797,78.69000244140625,78.75,68.58676147460938,20617500,"{""dividend_amount"": 0.163}"
2021-12-31,78.73999786376953,79.08000183105469,78.62999725341797,78.68000030517578,68.52579498291016,23252200,
2022-01-03,79.13999938964844,79.22000122070312,78.77999877929688,79.19000244140625,68.96998596191406,24096900,
2022-01-04,79.68000030517578,79.87999725341797,79.43000030517578,79.63999938964844,69.36190795898438,24314300,
2022-01-05,79.94000244140625,80.04000091552734,78.94000244140625,78.94000244140625,68.75224304199219,24704100,
2022-01-06,78.68000030517578,78.91999816894531,78.33000183105469,78.54000091552734,68.40385437011719,32472900,
2022-01-07,78.5,78.88999938964844,78.19999694824219,78.7699966430664,68.60417175292969,22833900,
2022-01-10,77.88999938964844,78.08999633789062,77.36000061035156,78.04000091552734,67.96839141845703,45587600,
2022-01-11,78.08999633789062,78.91999816894531,77.87000274658203,78.88999938964844,68.70868682861328,30847000,
2022-01-12,79.37999725341797,79.72000122070312,79.30000305175781,79.66000366210938,69.37932586669922,30780700,
2022-01-13,79.88999938964844,79.94000244140625,78.9800033569336,79.08000183105469,68.8741683959961,24991200,
2022-01-14,78.77999877929688,79.16000366210938,78.51000213623047,79.0,68.80450439453125,26136500,
2022-01-18,78.06999969482422,78.26000213623047,77.66000366210938,77.83999633789062,67.7942123413086,37504600,
2022-01-19,78.2300033569336,78.37999725341797,77.70999908447266,77.7699966430664,67.73323059082031,34437700,
2022-01-20,78.05000305175781,78.44999694824219,77.29000091552734,77.38999938964844,67.40227508544922,38225400,
2022-01-21,77.1500015258789,77.23999786376953,76.20999908447266,76.33999633789062,66.48778533935547,60761300,
2022-01-24,74.91000366210938,75.61000061035156,73.55000305175781,75.58000183105469,65.82588195800781,85455900,
2022-01-25,74.68000030517578,75.62999725341797,74.0999984741211,75.12000274658203,65.42524719238281,54516800,
2022-01-26,76.04000091552734,76.16999816894531,74.45999908447266,74.83000183105469,65.17266845703125,55217000,
2022-01-27,74.97000122070312,75.30999755859375,74.19000244140625,74.4800033569336,64.86784362792969,46252100,
2022-01-28,73.9800033569336,74.73999786376953,73.52999877929688,74.7300033569336,65.08557891845703,44588300,
2022-01-31,74.70999908447266,75.86000061035156,74.69000244140625,75.81999969482422,66.03490447998047,38299200,
2022-02-01,76.29000091552734,76.55000305175781,75.75,76.54000091552734,66.6619873046875,53240700,
2022-02-02,77.16000366210938,77.20999908447266,76.7300033569336,77.11000061035156,67.15840911865234,35225900,
2022-02-03,76.38999938964844,76.6500015258789,75.87000274658203,75.88999938964844,66.09586334228516,46207200,
2022-02-04,75.75,76.41999816894531,75.5199966430664,76.06999969482422,66.25263977050781,32188300,
2022-02-07,76.12999725341797,76.58999633789062,76.05999755859375,76.19999694824219,66.36585235595703,17045500,
2022-02-08,76.19000244140625,76.69999694824219,76.0,76.58999633789062,66.70551300048828,27066900,
2022-02-09,77.66000366210938,77.8499984741211,77.5199966430664,77.83000183105469,67.7854995727539,26858900,
2022-02-10,76.72000122070312,77.9000015258789,76.68000030517578,76.83999633789062,66.92326354980469,27349500,
2022-02-11,76.80999755859375,77.11000061035156,75.45999908447266,75.68000030517578,65.91297912597656,51519400,
2022-02-14,75.37000274658203,75.44999694824219,74.66999816894531,75.19000244140625,65.48621368408203,45356000,
2022-02-15,76.08000183105469,76.61000061035156,76.0,76.56999969482422,66.6881103515625,30223600,
2022-02-16,76.2699966430664,77.0199966430664,76.2300033569336,76.86000061035156,66.94068145751953,22557600,
2022-02-17,76.29000091552734,76.33000183105469,75.58999633789062,75.62000274658203,65.8607177734375,34691300,
2022-02-18,75.66000366210938,75.86000061035156,75.08000183105469,75.30000305175781,65.5820083618164,34752000,
2022-02-22,74.62000274658203,75.05000305175781,73.93000030517578,74.41999816894531,64.8155746459961,32967600,
2022-02-23,75.16999816894531,75.18000030517578,73.66000366210938,73.80999755859375,64.2843017578125,39771800,
2022-02-24,71.11000061035156,72.86000061035156,70.9800033569336,72.81999969482422,63.42206954956055,72044600,
2022-02-25,73.45999908447266,74.68000030517578,73.4000015258789,74.63999938964844,65.0071792602539,47641800,
2022-02-28,73.11000061035156,74.16000366210938,72.87999725341797,73.22000122070312,63.770450592041016,50821600,
2022-03-01,72.91000366210938,73.12000274658203,71.2300033569336,71.62000274658203,62.3769416809082,49003900,
2022-03-02,72.12999725341797,72.72000122070312,71.87000274658203,72.5199966430664,63.16078186035156,43906000,
2022-03-03,72.22000122070312,72.2699966430664,70.87999725341797,71.08999633789062,61.91533660888672,44389700,
2022-03-04,69.11000061035156,69.27999877929688,68.43000030517578,69.02999877929688,60.121192932128906,54455500,
2022-03-07,68.58999633789062,68.69999694824219,66.54000091552734,66.83999633789062,58.213829040527344,55499400,
2022-03-08,67.48999786376953,68.73999786376953,66.55000305175781,67.41999816894531,58.718971252441406,56682500,
2022-03-09,69.54000091552734,70.70999908447266,69.1500015258789,70.23999786376953,61.1750373840332,55565000,
2022-03-10,69.25,69.86000061035156,68.98999786376953,69.4000015258789,60.44343566894531,33804200,
2022-03-11,69.95999908447266,70.05999755859375,68.55000305175781,68.6500015258789,59.79024124145508,32380700,
2022-03-14,69.69000244140625,70.16999816894531,69.13999938964844,69.27999877929688,60.33893585205078,32048200,
2022-03-15,69.6500015258789,70.0999984741211,69.30999755859375,69.94000244140625,60.913753509521484,36961200,
2022-03-16,71.4000015258789,72.5,70.77999877929688,72.44999694824219,63.099815368652344,44821400,
2022-03-17,72.13999938964844,73.20999908447266,72.08000183105469,73.05999755859375,63.631099700927734,35025600,
2022-03-18,72.44999694824219,73.83000183105469,72.31999969482422,73.7699966430664,64.24945831298828,36684100,
2022-03-21,73.55999755859375,73.72000122070312,72.93000030517578,73.30999755859375,63.84882354736328,29985700,
2022-03-22,73.76000213623047,74.13999938964844,73.69999694824219,74.0,64.44977569580078,21840800,
2022-03-23,73.18000030517578,73.5199966430664,73.02999877929688,73.04000091552734,63.613677978515625,22375800,
2022-03-24,73.27999877929688,73.72000122070312,73.16000366210938,73.72000122070312,64.20591735839844,22098200,
2022-03-25,73.66000366210938,73.86000061035156,73.25,73.76000213623047,64.24076843261719,18372100,
2022-03-28,73.29000091552734,73.56999969482422,72.95999908447266,73.5199966430664,64.03172302246094,24829900,
2022-03-29,75.18000030517578,75.37999725341797,74.48999786376953,75.1500015258789,65.45136260986328,25591200,
2022-03-30,74.87999725341797,75.13999938964844,74.55999755859375,74.83999633789062,65.1813735961914,22487000,
2022-03-31,74.30000305175781,74.58000183105469,73.5199966430664,73.5999984741211,64.1014175415039,31677200,
2022-04-01,74.05999755859375,74.30999755859375,73.73999786376953,74.29000091552734,64.70234680175781,23182800,
2022-04-04,74.12999725341797,74.62000274658203,74.05000305175781,74.58999633789062,64.96363067626953,20875700,
2022-04-05,74.11000061035156,74.37999725341797,73.38999938964844,73.58000183105469,64.08399963378906,27759400,
2022-04-06,72.66000366210938,73.08999633789062,72.29000091552734,72.69999694824219,63.31755447387695,30692700,
2022-04-07,72.7699966430664,73.0999984741211,72.23999786376953,72.86000061035156,63.456905364990234,27838500,
2022-04-08,72.58999633789062,73.19000244140625,72.48999786376953,72.88999938964844,63.483036041259766,21937200,
2022-04-11,72.58000183105469,72.75,72.06999969482422,72.12000274658203,62.81241989135742,22149900,
2022-04-12,72.2300033569336,72.41000366210938,71.4000015258789,71.58000183105469,62.342098236083984,28916200,
2022-04-13,71.56999969482422,72.38999938964844,71.56999969482422,72.3499984741211,63.01272964477539,20164900,
2022-04-14,72.48999786376953,72.62000274658203,71.9800033569336,72.0199966430664,62.725311279296875,19861900,
2022-04-18,71.69999694824219,72.12999725341797,71.47000122070312,71.5999984741211,62.35951614379883,18508900,
2022-04-19,71.18000030517578,72.02999877929688,71.18000030517578,71.94000244140625,62.65564727783203,24863500,
2022-04-20,72.5,72.66000366210938,72.19999694824219,72.41999816894531,63.07369613647461,30249800,
2022-04-21,73.08999633789062,73.22000122070312,71.51000213623047,71.63999938964844,62.39434814453125,32960800,
2022-04-22,71.52999877929688,71.54000091552734,70.4000015258789,70.47000122070312,61.3753662109375,34878400,
2022-04-25,69.70999908447266,70.19000244140625,69.16000366210938,70.12999725341797,61.07923126220703,37193600,
2022-04-26,69.56999969482422,69.61000061035156,68.12999725341797,68.16999816894531,59.3721809387207,41284200,
2022-04-27,68.43000030517578,68.94999694824219,68.06999969482422,68.4800033569336,59.64218521118164,43593100,
2022-04-28,68.91000366210938,69.62000274658203,68.30000305175781,69.44999694824219,60.48699188232422,32154000,
2022-04-29,69.69999694824219,70.12000274658203,68.56999969482422,68.63999938964844,59.78152847290039,54305300,
2022-05-02,68.38999938964844,68.73999786376953,67.66000366210938,68.47000122070312,59.63347244262695,45813900,
2022-05-03,68.93000030517578,69.23999786376953,68.69999694824219,68.9800033569336,60.07765579223633,39643500,
2022-05-04,69.0,70.30999755859375,68.19999694824219,70.19000244140625,61.131500244140625,47419100,
2022-05-05,69.18000030517578,69.22000122070312,67.41999816894531,67.93000030517578,59.16315460205078,38827000,
2022-05-06,67.44000244140625,67.69000244140625,66.8499984741211,67.2699966430664,58.58833694458008,48268900,
2022-05-09,66.04000091552734,66.1500015258789,65.11000061035156,65.23999786376953,56.820316314697266,50145000,
2022-05-10,66.4000015258789,66.44000244140625,65.23999786376953,65.7300033569336,57.24708557128906,57682400,
2022-05-11,65.91000366210938,66.7699966430664,65.26000213623047,65.33999633789062,56.90740966796875,49751100,
2022-05-12,64.93000030517578,65.80000305175781,64.62999725341797,65.18000030517578,56.76806640625,39410900,
2022-05-13,66.13999938964844,67.0199966430664,66.12000274658203,66.98999786376953,58.34446716308594,34682200,
2022-05-16,66.69000244140625,67.3499984741211,66.47000122070312,67.05000305175781,58.396728515625,21254300,
2022-05-17,68.16000366210938,68.3499984741211,67.77999877929688,68.30000305175781,59.48542022705078,31487000,
2022-05-18,67.70999908447266,67.80999755859375,66.56999969482422,66.66999816894531,58.065765380859375,23553000,
2022-05-19,66.58999633789062,67.69999694824219,66.56999969482422,67.30999755859375,58.6231689453125,35999600,
2022-05-20,68.08000183105469,68.1500015258789,66.91000366210938,67.7699966430664,59.023807525634766,36357000,
2022-05-23,68.48999786376953,69.06999969482422,68.37000274658203,68.91999816894531,60.025394439697266,23838500,
2022-05-24,68.69999694824219,69.04000091552734,68.33999633789062,68.80999755859375,59.929588317871094,19504600,
2022-05-25,68.33999633789062,69.13999938964844,68.33999633789062,68.83000183105469,59.94701385498047,18826400,
2022-05-26,68.93000030517578,69.76000213623047,68.91999816894531,69.58999633789062,60.608917236328125,20930500,
2022-05-27,70.04000091552734,70.44999694824219,70.0,70.43000030517578,61.34052276611328,13697600,
2022-05-31,70.19000244140625,70.47000122070312,69.83999633789062,70.01000213623047,60.9747314453125,25025200,
2022-06-01,70.41999816894531,70.45999908447266,69.05999755859375,69.2699966430664,60.33022689819336,28336400,
2022-06-02,69.83000183105469,70.7300033569336,69.58000183105469,70.70999908447266,61.584381103515625,21642000,
2022-06-03,69.80999755859375,70.0,69.5,69.69999694824219,60.704715728759766,21327200,
2022-06-06,70.51000213623047,70.61000061035156,69.83000183105469,69.9800033569336,60.9485969543457,15192300,
2022-06-07,69.27999877929688,70.22000122070312,69.2699966430664,70.19000244140625,61.131500244140625,19039600,
2022-06-08,69.41999816894531,69.72000122070312,69.12999725341797,69.20999908447266,60.277957916259766,21219400,
2022-06-09,67.3499984741211,67.51000213623047,66.26000213623047,66.29000091552734,59.012088775634766,25675700,"{""dividend_amount"": 1.498}"
2022-06-10,65.05999755859375,65.12999725341797,64.48999786376953,64.69000244140625,57.58774948120117,34102000,
2022-06-13,63.029998779296875,63.369998931884766,62.439998626708984,62.54999923706055,55.68269729614258,54218000,
2022-06-14,62.529998779296875,62.72999954223633,61.41999816894531,61.959999084472656,55.157474517822266,38601700,
2022-06-15,62.63999938964844,63.470001220703125,61.86000061035156,63.119998931884766,56.190120697021484,37790700,
2022-06-16,61.59000015258789,62.18000030517578,61.34000015258789,61.72999954223633,54.95272445678711,38025300,
2022-06-17,61.68000030517578,62.0,61.119998931884766,61.47999954223633,54.73017120361328,43097500,
2022-06-21,62.56999969482422,62.77000045776367,62.380001068115234,62.40999984741211,55.558067321777344,31891400,
2022-06-22,61.709999084472656,62.56999969482422,61.619998931884766,61.9900016784668,55.184181213378906,30368200,
2022-06-23,61.849998474121094,62.0,61.27000045776367,61.91999816894531,55.12186050415039,26482500,
2022-06-24,62.790000915527344,63.790000915527344,62.7400016784668,63.77000045776367,56.76875686645508,31235000,
2022-06-27,63.65999984741211,63.939998626708984,63.43000030517578,63.5,56.52840042114258,20987600,
2022-06-28,64.0199966430664,64.22000122070312,63.04999923706055,63.06999969482422,56.14560317993164,19187400,
2022-06-29,63.099998474121094,63.290000915527344,62.790000915527344,62.83000183105469,55.93196105957031,18226800,
2022-06-30,61.709999084472656,62.59000015258789,61.470001220703125,62.4900016784668,55.62928771972656,37316200,
2022-07-01,61.709999084472656,62.650001525878906,61.5,62.63999938964844,55.762813568115234,26046600,
2022-07-05,60.65999984741211,61.31999969482422,60.40999984741211,61.29999923706055,54.56993103027344,30911300,
2022-07-06,61.20000076293945,61.4900016784668,60.86000061035156,61.349998474121094,54.61444091796875,18030000,
2022-07-07,61.86000061035156,62.290000915527344,61.849998474121094,62.279998779296875,55.44234085083008,17215100,
2022-07-08,62.119998931884766,62.560001373291016,61.849998474121094,62.349998474121094,55.50465393066406,13135200,
2022-07-11,61.56999969482422,61.75,61.290000915527344,61.34000015258789,54.60554122924805,15757900,
2022-07-12,61.2400016784668,61.83000183105469,61.189998626708984,61.33000183105469,54.59664535522461,16350500,
2022-07-13,60.58000183105469,61.54999923706055,60.5099983215332,61.29999923706055,54.56993103027344,17907500,
2022-07-14,59.9900016784668,60.4900016784668,59.540000915527344,60.439998626708984,53.80435562133789,25329100,
2022-07-15,60.880001068115234,61.439998626708984,60.61000061035156,61.400001525878906,54.65896224975586,28570100,
2022-07-18,62.2599983215332,62.41999816894531,61.54999923706055,61.650001525878906,54.88151168823242,23785600,
2022-07-19,62.81999969482422,63.349998474121094,62.7599983215332,63.33000183105469,56.3770637512207,25474500,
2022-07-20,63.130001068115234,63.31999969482422,62.59000015258789,62.90999984741211,56.003173828125,18738200,
2022-07-21,62.77000045776367,63.630001068115234,62.689998626708984,63.560001373291016,56.581809997558594,19165500,
2022-07-22,63.83000183105469,64.19000244140625,63.150001525878906,63.400001525878906,56.43937301635742,18771500,
2022-07-25,63.880001068115234,63.970001220703125,63.54999923706055,63.88999938964844,56.87557601928711,17451300,
2022-07-26,63.41999816894531,63.47999954223633,63.0,63.0,56.08329391479492,11610000,
2022-07-27,63.63999938964844,64.55999755859375,63.43000030517578,64.48999786376953,57.40970993041992,20945500,
2022-07-28,64.38999938964844,64.94000244140625,64.01000213623047,64.81999969482422,57.70347595214844,19385400,
2022-07-29,64.94000244140625,65.76000213623047,64.76000213623047,65.72000122070312,58.504669189453125,23958000,
2022-08-01,65.69999694824219,66.08000183105469,65.48999786376953,65.80999755859375,58.58478546142578,19450500,
2022-08-02,65.27999877929688,65.45999908447266,64.73999786376953,64.76000213623047,57.65006637573242,17857700,
2022-08-03,65.05000305175781,65.26000213623047,64.6500015258789,65.13999938964844,57.98834228515625,16011100,
2022-08-04,65.26000213623047,65.58999633789062,65.18000030517578,65.47000122070312,58.28211212158203,15153600,
2022-08-05,64.66000366210938,65.12000274658203,64.56999969482422,65.01000213623047,57.87261962890625,15130400,
2022-08-08,65.52999877929688,65.76000213623047,65.04000091552734,65.16000366210938,58.00615310668945,12069100,
2022-08-09,65.12999725341797,65.23999786376953,64.69999694824219,64.80999755859375,57.694576263427734,10867800,
2022-08-10,66.16999816894531,66.48999786376953,65.94000244140625,66.2699966430664,58.99428176879883,16870800,
2022-08-11,66.52999877929688,66.73999786376953,66.13999938964844,66.25,58.976478576660156,11539400,
2022-08-12,66.29000091552734,66.7699966430664,66.12999725341797,66.76000213623047,59.430484771728516,13680300,
2022-08-15,66.19000244140625,66.41000366210938,66.05999755859375,66.36000061035156,59.07440185546875,15733100,
2022-08-16,65.94999694824219,66.45999908447266,65.94999694824219,66.33999633789062,59.05659484863281,13497100,
2022-08-17,65.69999694824219,66.16999816894531,65.47000122070312,65.80999755859375,58.58478546142578,14822100,
2022-08-18,65.7300033569336,65.76000213623047,65.36000061035156,65.58999633789062,58.38893508911133,14303900,
2022-08-19,64.97000122070312,65.04000091552734,64.54000091552734,64.69000244140625,57.58774948120117,20257600,
2022-08-22,63.9900016784668,64.01000213623047,63.43000030517578,63.59000015258789,56.608516693115234,20062200,
2022-08-23,63.43000030517578,64.08999633789062,63.349998474121094,63.619998931884766,56.635215759277344,19101400,
2022-08-24,63.349998474121094,63.90999984741211,63.279998779296875,63.70000076293945,56.706443786621094,12086600,
2022-08-25,63.86000061035156,64.41999816894531,63.720001220703125,64.4000015258789,57.329593658447266,13980500,
2022-08-26,64.43000030517578,64.5,62.66999816894531,62.709999084472656,55.82513427734375,19338300,
2022-08-29,62.43000030517578,62.83000183105469,62.369998931884766,62.56999969482422,55.700504302978516,16199700,
2022-08-30,62.9900016784668,63.060001373291016,61.9900016784668,62.119998931884766,55.29990005493164,24907400,
2022-08-31,62.119998931884766,62.349998474121094,61.68000030517578,61.70000076293945,54.926021575927734,32178200,
2022-09-01,60.79999923706055,60.93000030517578,60.22999954223633,60.869998931884766,54.1871452331543,33526300,
2022-09-02,61.38999938964844,61.84000015258789,60.279998779296875,60.470001220703125,53.8310661315918,28234000,
2022-09-06,60.7599983215332,60.88999938964844,60.11000061035156,60.31999969482422,53.69752502441406,21862300,
2022-09-07,59.84000015258789,60.86000061035156,59.83000183105469,60.849998474121094,54.16933822631836,21289000,
2022-09-08,60.16999816894531,60.970001220703125,60.060001373291016,60.88999938964844,54.20494842529297,17589900,
2022-09-09,62.060001373291016,62.5,62.02000045776367,62.439998626708984,55.584774017333984,22655100,
2022-09-12,63.220001220703125,63.59000015258789,63.150001525878906,63.310001373291016,56.359256744384766,22338600,
2022-09-13,62.130001068115234,62.47999954223633,61.060001373291016,61.11000061035156,54.40079879760742,26513900,
2022-09-14,61.29999923706055,61.56999969482422,60.95000076293945,61.310001373291016,54.57883834838867,19052800,
2022-09-15,60.86000061035156,61.400001525878906,60.66999816894531,60.77000045776367,54.098121643066406,23181900,
2022-09-16,60.2400016784668,60.619998931884766,60.060001373291016,60.400001525878906,53.768741607666016,31914300,
2022-09-19,59.709999084472656,60.650001525878906,59.70000076293945,60.61000061035156,53.955692291259766,19597500,
2022-09-20,59.77000045776367,59.900001525878906,59.22999954223633,59.58000183105469,53.03877258300781,23429600,
2022-09-21,59.529998779296875,60.040000915527344,58.75,58.79999923706055,52.34440612792969,22678800,
2022-09-22,59.029998779296875,59.150001525878906,58.349998474121094,58.630001068115234,52.19307327270508,25400900,
2022-09-23,57.290000915527344,57.349998474121094,56.310001373291016,56.7599983215332,50.52837371826172,33958900,
2022-09-26,56.18000030517578,56.689998626708984,55.619998931884766,55.91999816894531,49.78059768676758,41892400,
2022-09-27,56.189998626708984,56.4900016784668,55.220001220703125,55.540000915527344,49.442317962646484,38742700,
2022-09-28,55.52000045776367,57.029998779296875,55.349998474121094,56.880001068115234,50.635196685791016,35116000,
2022-09-29,56.0099983215332,56.25,55.439998626708984,56.209999084472656,50.03875732421875,30971600,
2022-09-30,55.959999084472656,56.70000076293945,55.88999938964844,56.0099983215332,49.860713958740234,38527600,
2022-10-03,56.59000015258789,57.36000061035156,56.36000061035156,57.119998931884766,50.848854064941406,37451600,
2022-10-04,58.630001068115234,59.5,58.61000061035156,59.40999984741211,52.88743209838867,32480200,
2022-10-05,58.41999816894531,59.11000061035156,58.09000015258789,58.779998779296875,52.32660675048828,28550700,
2022-10-06,58.09000015258789,58.380001068115234,57.689998626708984,57.75,51.409690856933594,28668800,
2022-10-07,57.47999954223633,57.54999923706055,56.63999938964844,56.83000183105469,50.59069061279297,22200000,
2022-10-10,56.79999923706055,56.86000061035156,56.18000030517578,56.5099983215332,50.305824279785156,26510200,
2022-10-11,56.13999938964844,56.790000915527344,55.709999084472656,55.88999938964844,49.75389099121094,26577200,
2022-10-12,55.7400016784668,56.040000915527344,55.54999923706055,55.709999084472656,49.59365463256836,24455800,
2022-10-13,54.7400016784668,57.119998931884766,54.61000061035156,56.86000061035156,50.617401123046875,48010100,
2022-10-14,57.220001220703125,57.400001525878906,55.95000076293945,56.0099983215332,49.860713958740234,28145900,
2022-10-17,57.22999954223633,57.650001525878906,57.220001220703125,57.38999938964844,51.08920669555664,32731000,
2022-10-18,58.2400016784668,58.29999923706055,57.380001068115234,57.79999923706055,51.45419692993164,26876700,
2022-10-19,57.2599983215332,57.5,56.709999084472656,57.09000015258789,50.822147369384766,22958200,
2022-10-20,57.13999938964844,57.79999923706055,56.83000183105469,56.959999084472656,50.706417083740234,25989700,
2022-10-21,56.439998626708984,58.0099983215332,56.220001220703125,57.9900016784668,51.62333297729492,37761800,
2022-10-24,57.779998779296875,58.25,57.4900016784668,58.0,51.632240295410156,20327600,
2022-10-25,58.41999816894531,59.33000183105469,58.40999984741211,59.279998779296875,52.771705627441406,21583300,
2022-10-26,59.2599983215332,60.25,59.2400016784668,59.84000015258789,53.27022933959961,27095500,
2022-10-27,59.630001068115234,60.08000183105469,59.25,59.279998779296875,52.771705627441406,20349600,
2022-10-28,59.189998626708984,59.869998931884766,59.08000183105469,59.869998931884766,53.29692840576172,19235500,
2022-10-31,59.20000076293945,59.439998626708984,59.11000061035156,59.310001373291016,52.79841613769531,27032700,
2022-11-01,60.5,60.52000045776367,59.5099983215332,59.779998779296875,53.2168083190918,42687000,
2022-11-02,59.869998931884766,60.650001525878906,58.90999984741211,58.90999984741211,52.442325592041016,30497700,
2022-11-03,58.11000061035156,58.689998626708984,58.060001373291016,58.40999984741211,51.997222900390625,23604200,
2022-11-04,60.16999816894531,60.81999969482422,59.790000915527344,60.75,54.080318450927734,33756400,
2022-11-07,60.970001220703125,61.209999084472656,60.709999084472656,60.939998626708984,54.249454498291016,19904600,
2022-11-08,61.36000061035156,62.0099983215332,61.220001220703125,61.630001068115234,54.86370849609375,19882900,
2022-11-09,61.20000076293945,61.63999938964844,60.7599983215332,60.77000045776367,54.098121643066406,22418600,
2022-11-10,63.27000045776367,64.18000030517578,62.91999816894531,64.18000030517578,57.13374328613281,29640900,
2022-11-11,64.76000213623047,65.55999755859375,64.51000213623047,65.45999908447266,58.27320861816406,24071300,
2022-11-14,64.93000030517578,65.3499984741211,64.7699966430664,64.7699966430664,57.65896224975586,21599900,
2022-11-15,65.81999969482422,65.93000030517578,64.5999984741211,65.19999694824219,58.04175567626953,34956600,
2022-11-16,65.30000305175781,65.41000366210938,64.86000061035156,65.05000305175781,57.90822982788086,22730400,
2022-11-17,64.22000122070312,65.05999755859375,64.19999694824219,65.0199966430664,57.88151931762695,21271100,
2022-11-18,65.31999969482422,65.33000183105469,64.93000030517578,65.1500015258789,57.997249603271484,18431100,
2022-11-21,64.5999984741211,64.77999877929688,64.37000274658203,64.66000366210938,57.56104278564453,21877400,
2022-11-22,65.06999969482422,65.58000183105469,64.97000122070312,65.55999755859375,58.36223220825195,14698700,
2022-11-23,65.68000030517578,66.37999725341797,65.68000030517578,66.27999877929688,59.0031852722168,13400800,
2022-11-25,66.36000061035156,66.76000213623047,66.36000061035156,66.62000274658203,59.30586242675781,10934400,
2022-11-28,66.29000091552734,66.56999969482422,65.72000122070312,65.76000213623047,58.54027557373047,18618500,
2022-11-29,65.91999816894531,66.31999969482422,65.79000091552734,65.94999694824219,58.70941162109375,17666900,
2022-11-30,66.47000122070312,67.3499984741211,65.83000183105469,67.12000274658203,59.75096893310547,41966500,
2022-12-01,67.87000274658203,68.05999755859375,67.41999816894531,67.7699966430664,60.32959747314453,24209700,
2022-12-02,67.13999938964844,67.93000030517578,67.13999938964844,67.72000122070312,60.28509521484375,36230700,
2022-12-05,67.48999786376953,67.68000030517578,66.63999938964844,66.83000183105469,59.492801666259766,26304900,
2022-12-06,66.97000122070312,67.11000061035156,66.25,66.52999877929688,59.22572708129883,25663000,
2022-12-07,66.55999755859375,66.80999755859375,66.27999877929688,66.52999877929688,59.22572708129883,23274300,
2022-12-08,66.5199966430664,66.94000244140625,66.31999969482422,66.87000274658203,59.528419494628906,20080400,
2022-12-09,67.02999877929688,67.41999816894531,66.87000274658203,66.91000366210938,59.564029693603516,25772900,
2022-12-12,66.9000015258789,67.11000061035156,66.68000030517578,67.11000061035156,59.7420539855957,18725400,
2022-12-13,68.6500015258789,68.77999877929688,67.54000091552734,67.79000091552734,60.58937072753906,29377300,"{""dividend_amount"": 0.268}"
2022-12-14,67.88999938964844,68.33000183105469,67.29000091552734,67.7300033569336,60.53573989868164,23707700,
2022-12-15,66.88999938964844,67.01000213623047,65.7699966430664,66.0,58.98949432373047,25617500,
2022-12-16,65.45999908447266,65.76000213623047,65.12999725341797,65.41999816894531,58.47110366821289,23998700,
2022-12-19,65.62999725341797,65.72000122070312,65.08999633789062,65.26000213623047,58.32810592651367,21180700,
2022-12-20,65.4000015258789,65.8499984741211,65.30999755859375,65.5199966430664,58.560482025146484,21440600,
2022-12-21,65.91999816894531,66.38999938964844,65.83000183105469,66.19999694824219,59.16824722290039,17112200,
2022-12-22,65.94999694824219,65.95999908447266,65.11000061035156,65.66000366210938,58.685611724853516,21251200,
2022-12-23,65.55000305175781,65.98999786376953,65.41000366210938,65.88999938964844,58.89118194580078,12536600,
2022-12-27,65.94000244140625,66.23999786376953,65.81999969482422,65.98999786376953,58.980560302734375,16247400,
2022-12-28,66.12999725341797,66.33000183105469,65.29000091552734,65.29000091552734,58.354915618896484,14526900,
2022-12-29,66.04000091552734,66.5,66.0,66.31999969482422,59.27550506591797,17455400,
2022-12-30,65.94999694824219,66.18000030517578,65.56999969482422,65.63999938964844,58.6677360534668,25629000,
