timestamp,open,high,low,close,adjusted_close,volume,corporate_action
2017-09-27,106.69000244140625,106.83000183105469,106.63999938964844,106.66999816894531,86.18408203125,4039100,
2017-09-28,106.54000091552734,106.7300033569336,106.4800033569336,106.6500015258789,86.16798400878906,1873300,
2017-09-29,106.76000213623047,106.7699966430664,106.45999908447266,106.5199966430664,86.06293487548828,2037800,
2017-10-02,106.41999816894531,106.47000122070312,106.23999786376953,106.23999786376953,85.9649887084961,3221600,"{""dividend_amount"": 0.159}"
2017-10-03,106.2699966430664,106.43000030517578,106.23999786376953,106.38999938964844,86.08641815185547,2521700,
2017-10-04,106.48999786376953,106.48999786376953,106.26000213623047,106.36000061035156,86.06208801269531,2198300,
2017-10-05,106.4000015258789,106.45999908447266,106.19000244140625,106.25,85.97309875488281,1779900,
2017-10-06,105.97000122070312,106.23999786376953,105.8499984741211,106.12000274658203,85.86791229248047,2350600,
2017-10-09,106.20999908447266,106.27999877929688,106.13999938964844,106.23999786376953,85.9649887084961,893100,
2017-10-10,106.30000305175781,106.52999877929688,106.25,106.27999877929688,85.99739074707031,1123100,
2017-10-11,106.43000030517578,106.44000244140625,106.27999877929688,106.4000015258789,86.094482421875,2841200,
2017-10-12,106.47000122070312,106.54000091552734,106.36000061035156,106.5,86.17539978027344,1349300,
2017-10-13,106.81999969482422,106.91999816894531,106.69000244140625,106.86000061035156,86.46671295166016,1521700,
2017-10-16,106.66999816894531,106.79000091552734,106.56999969482422,106.68000030517578,86.321044921875,1666100,
2017-10-17,106.5199966430664,106.68000030517578,106.5,106.63999938964844,86.2886734008789,673800,
2017-10-18,106.30999755859375,106.41000366210938,106.2699966430664,106.37000274658203,86.07019805908203,1788500,
2017-10-19,106.66000366210938,106.69999694824219,106.41000366210938,106.4800033569336,86.15923309326172,1518700,
2017-10-20,106.13999938964844,106.20999908447266,106.0,106.04000091552734,85.80321502685547,2651400,
2017-10-23,106.08999633789062,106.20999908447266,106.08999633789062,106.13999938964844,85.88407135009766,709800,
2017-10-24,105.87999725341797,105.95999908447266,105.76000213623047,105.81999969482422,85.62517547607422,1605600,
2017-10-25,105.47000122070312,105.73999786376953,105.47000122070312,105.6500015258789,85.48763275146484,1838800,
2017-10-26,105.75,105.7699966430664,105.5,105.51000213623047,85.37433624267578,2062400,
2017-10-27,105.62000274658203,105.86000061035156,105.54000091552734,105.8499984741211,85.64949035644531,1315000,
2017-10-30,106.08999633789062,106.23999786376953,106.02999877929688,106.2300033569336,85.95693969726562,1692700,
2017-10-31,106.23999786376953,106.25,106.13999938964844,106.16000366210938,85.90031433105469,1178000,
2017-11-01,105.91999816894531,106.22000122070312,105.91999816894531,106.05999755859375,85.95215606689453,1321500,"{""dividend_amount"": 0.164}"
2017-11-02,106.18000030517578,106.3499984741211,106.12000274658203,106.19999694824219,86.06560516357422,1997900,
2017-11-03,106.33999633789062,106.4000015258789,106.1500015258789,106.37000274658203,86.20336151123047,2532400,
2017-11-06,106.47000122070312,106.55999755859375,106.4000015258789,106.5,86.30876159667969,858400,
2017-11-07,106.5199966430664,106.62000274658203,106.45999908447266,106.54000091552734,86.34115600585938,734800,
2017-11-08,106.58999633789062,106.62999725341797,106.37999725341797,106.41000366210938,86.23577117919922,947800,
2017-11-09,106.2699966430664,106.45999908447266,106.2300033569336,106.37000274658203,86.20336151123047,925900,
2017-11-10,106.0,106.02999877929688,105.79000091552734,105.83000183105469,85.7657699584961,1862000,
2017-11-13,105.91000366210938,105.95999908447266,105.7699966430664,105.77999877929688,85.72522735595703,868300,
2017-11-14,105.80999755859375,106.0,105.79000091552734,105.93000030517578,85.84681701660156,1629200,
2017-11-15,106.27999877929688,106.3499984741211,106.08999633789062,106.30999755859375,86.15473175048828,1933100,
2017-11-16,106.13999938964844,106.19999694824219,106.0199966430664,106.04000091552734,85.93600463867188,1749200,
2017-11-17,106.2300033569336,106.27999877929688,106.0999984741211,106.18000030517578,86.0494155883789,941200,
2017-11-20,106.05000305175781,106.1500015258789,105.94999694824219,106.01000213623047,85.91163635253906,1153400,
2017-11-21,106.18000030517578,106.2300033569336,105.94999694824219,106.02999877929688,85.92781829833984,835600,
2017-11-22,106.13999938964844,106.41999816894531,106.0999984741211,106.37000274658203,86.20336151123047,1657900,
2017-11-24,106.2699966430664,106.33999633789062,106.23999786376953,106.27999877929688,86.13043975830078,614400,
2017-11-27,106.33000183105469,106.41999816894531,106.19000244140625,106.3499984741211,86.1871566772461,1927500,
2017-11-28,106.51000213623047,106.55000305175781,106.27999877929688,106.37000274658203,86.20336151123047,1388000,
2017-11-29,106.0199966430664,106.08000183105469,105.87999725341797,106.02999877929688,85.92781829833984,3193600,
2017-11-30,105.95999908447266,106.01000213623047,105.58999633789062,105.69999694824219,85.66041564941406,3306400,
2017-12-01,105.69999694824219,106.33999633789062,105.5,105.93000030517578,85.97695922851562,4341500,"{""dividend_amount"": 0.16}"
2017-12-04,105.6500015258789,105.87999725341797,105.63999938964844,105.87999725341797,85.93634796142578,2356200,
2017-12-05,105.70999908447266,105.98999786376953,105.69000244140625,105.95999908447266,86.00129699707031,1586000,
2017-12-06,106.19999694824219,106.30999755859375,106.16000366210938,106.18000030517578,86.17987060546875,1459000,
2017-12-07,106.18000030517578,106.2699966430664,105.86000061035156,105.98999786376953,86.025634765625,1953400,
2017-12-08,105.97000122070312,106.0199966430664,105.83000183105469,105.91000366210938,85.960693359375,2519500,
2017-12-11,105.97000122070312,106.0199966430664,105.80999755859375,105.83999633789062,85.90385437011719,702200,
2017-12-12,105.73999786376953,105.76000213623047,105.5999984741211,105.75,85.83080291748047,2557500,
2017-12-13,105.9000015258789,106.22000122070312,105.79000091552734,106.18000030517578,86.17987060546875,1477800,
2017-12-14,105.98999786376953,106.2300033569336,105.86000061035156,106.13999938964844,86.14743041992188,982100,
2017-12-15,105.9800033569336,106.16999816894531,105.91999816894531,106.12000274658203,86.13114929199219,1845200,
2017-12-18,106.02999877929688,106.05999755859375,105.83999633789062,105.87999725341797,85.93634796142578,1610300,
2017-12-19,105.62000274658203,105.62999725341797,105.25,105.4000015258789,85.54674530029297,4535100,
2017-12-20,105.0999984741211,105.29000091552734,105.04000091552734,105.08999633789062,85.29515075683594,3027000,
2017-12-21,104.94000244140625,105.01000213623047,104.87000274658203,105.0,85.35531616210938,2098800,"{""dividend_amount"": 0.164}"
2017-12-22,104.98999786376953,105.04000091552734,104.94999694824219,105.04000091552734,85.38782501220703,696900,
2017-12-26,105.05000305175781,105.19999694824219,105.02999877929688,105.08000183105469,85.42036437988281,2584800,
2017-12-27,105.2300033569336,105.56999969482422,105.2300033569336,105.52999877929688,85.78614044189453,2291500,
2017-12-28,105.43000030517578,105.4800033569336,105.33999633789062,105.4000015258789,85.68048095703125,1540500,
2017-12-29,105.47000122070312,105.63999938964844,105.45999908447266,105.56999969482422,85.81867980957031,1849600,
2018-01-02,105.44000244140625,105.47000122070312,105.08999633789062,105.22000122070312,85.53414916992188,3902000,
2018-01-03,105.3499984741211,105.41000366210938,105.22000122070312,105.33000183105469,85.62361145019531,2135900,
2018-01-04,105.0999984741211,105.29000091552734,105.0199966430664,105.27999877929688,85.58293151855469,2430000,
2018-01-05,105.27999877929688,105.31999969482422,105.05999755859375,105.1500015258789,85.47725677490234,2163600,
2018-01-08,105.19999694824219,105.22000122070312,105.01000213623047,105.0999984741211,85.43659973144531,2450600,
2018-01-09,104.91999816894531,104.91999816894531,104.58000183105469,104.5999984741211,85.03012084960938,5924200,
2018-01-10,104.29000091552734,104.62000274658203,104.2300033569336,104.56999969482422,85.00576782226562,2142500,
2018-01-11,104.5199966430664,104.7300033569336,104.41999816894531,104.63999938964844,85.06265258789062,1798700,
2018-01-12,104.41999816894531,104.61000061035156,104.4000015258789,104.56999969482422,85.00576782226562,1430700,
2018-01-16,104.73999786376953,104.76000213623047,104.4800033569336,104.62000274658203,85.04644012451172,5927500,
2018-01-17,104.45999908447266,104.62999725341797,104.31999969482422,104.38999938964844,84.8593978881836,2186100,
2018-01-18,104.11000061035156,104.20999908447266,103.9800033569336,104.05999755859375,84.59117126464844,3326100,
2018-01-19,104.0,104.0,103.7300033569336,103.79000091552734,84.37169647216797,2921600,
2018-01-22,103.87000274658203,103.94999694824219,103.66999816894531,103.75,84.33920288085938,8047400,
2018-01-23,103.98999786376953,104.11000061035156,103.9000015258789,104.05000305175781,84.58305358886719,1780100,
2018-01-24,103.87000274658203,103.94999694824219,103.7300033569336,103.8499984741211,84.42049407958984,1952200,
2018-01-25,103.73999786376953,104.08999633789062,103.62000274658203,104.08000183105469,84.60742950439453,3342000,
2018-01-26,103.95999908447266,103.95999908447266,103.66000366210938,103.7699966430664,84.3554458618164,3324500,
2018-01-29,103.5,103.55000305175781,103.30999755859375,103.51000213623047,84.14408111572266,2328200,
2018-01-30,103.41999816894531,103.4800033569336,103.22000122070312,103.2699966430664,83.94900512695312,2346900,
2018-01-31,103.44000244140625,103.48999786376953,103.0199966430664,103.30000305175781,83.973388671875,2966400,
2018-02-01,103.0999984741211,103.0999984741211,102.56999969482422,102.5999984741211,83.5401840209961,8958300,"{""dividend_amount"": 0.168}"
2018-02-02,102.29000091552734,102.37000274658203,102.11000061035156,102.22000122070312,83.23078155517578,5753500,
2018-02-05,102.25,103.30999755859375,102.08999633789062,103.05999755859375,83.91474914550781,6902000,
2018-02-06,102.94999694824219,103.04000091552734,102.61000061035156,102.61000061035156,83.54832458496094,5382900,
2018-02-07,102.75,102.7699966430664,102.19000244140625,102.30999755859375,83.30406951904297,4773700,
2018-02-08,102.02999877929688,102.52999877929688,101.88999938964844,102.4000015258789,83.37736511230469,5685300,
2018-02-09,102.11000061035156,102.80999755859375,102.11000061035156,102.22000122070312,83.23078155517578,4376900,
2018-02-12,102.22000122070312,102.36000061035156,102.08000183105469,102.19000244140625,83.20639038085938,2836300,
2018-02-13,102.2699966430664,102.38999938964844,102.18000030517578,102.36000061035156,83.34479522705078,2698100,
2018-02-14,102.05999755859375,102.05999755859375,101.62999725341797,101.73999786376953,82.83993530273438,4141900,
2018-02-15,101.76000213623047,101.95999908447266,101.73999786376953,101.7699966430664,82.86439514160156,3057300,
2018-02-16,102.08999633789062,102.18000030517578,101.95999908447266,102.01000213623047,83.059814453125,2277800,
2018-02-20,101.80999755859375,101.95999908447266,101.72000122070312,101.9000015258789,82.97026062011719,2138300,
2018-02-21,102.0,102.0,101.47000122070312,101.5999984741211,82.72595977783203,2253900,
2018-02-22,101.76000213623047,101.87000274658203,101.69999694824219,101.73999786376953,82.83993530273438,4411800,
2018-02-23,102.01000213623047,102.20999908447266,101.9800033569336,102.12999725341797,83.15755462646484,4484700,
2018-02-26,102.36000061035156,102.44999694824219,102.19999694824219,102.25,83.25521087646484,2725600,
2018-02-27,102.29000091552734,102.33000183105469,101.73999786376953,101.93000030517578,82.9946517944336,3308900,
2018-02-28,102.05000305175781,102.19000244140625,101.97000122070312,102.16999816894531,83.19007873535156,2521400,
2018-03-01,102.16000366210938,102.61000061035156,102.02999877929688,102.44999694824219,83.54806518554688,5352600,"{""dividend_amount"": 0.159}"
2018-03-02,102.31999969482422,102.33000183105469,102.01000213623047,102.06999969482422,83.23821258544922,2140800,
2018-03-05,102.3499984741211,102.3499984741211,101.81999969482422,101.94000244140625,83.13220977783203,2059300,
2018-03-06,101.97000122070312,102.1500015258789,101.91999816894531,101.93000030517578,83.12400817871094,2331300,
2018-03-07,102.16000366210938,102.22000122070312,101.91999816894531,101.93000030517578,83.12400817871094,1258100,
2018-03-08,102.06999969482422,102.23999786376953,102.0199966430664,102.13999938964844,83.2952651977539,1636700,
2018-03-09,101.88999938964844,102.0,101.7699966430664,101.91999816894531,83.11588287353516,1604500,
2018-03-12,102.0,102.16999816894531,101.94000244140625,102.16000366210938,83.31159973144531,1885700,
2018-03-13,102.31999969482422,102.37999725341797,102.12999725341797,102.33000183105469,83.45025634765625,1742100,
2018-03-14,102.2699966430664,102.66000366210938,102.25,102.52999877929688,83.61333465576172,2598900,
2018-03-15,102.51000213623047,102.62000274658203,102.38999938964844,102.48999786376953,83.5806884765625,2758000,
2018-03-16,102.36000061035156,102.38999938964844,102.23999786376953,102.37000274658203,83.48285675048828,3595300,
2018-03-19,102.1500015258789,102.45999908447266,102.13999938964844,102.2699966430664,83.40129852294922,2825000,
2018-03-20,102.08999633789062,102.16000366210938,102.04000091552734,102.06999969482422,83.23821258544922,2600600,
2018-03-21,101.94000244140625,102.22000122070312,101.68000030517578,102.13999938964844,83.2952651977539,3365600,
2018-03-22,102.5199966430664,102.7699966430664,102.38999938964844,102.55999755859375,83.63778686523438,5026500,
2018-03-23,102.45999908447266,102.75,102.45999908447266,102.69999694824219,83.75196838378906,2519000,
2018-03-26,102.5199966430664,102.6500015258789,102.38999938964844,102.41999816894531,83.52361297607422,4184900,
2018-03-27,102.52999877929688,103.05000305175781,102.5199966430664,103.0,83.99661254882812,3495900,
2018-03-28,103.20999908447266,103.26000213623047,102.88999938964844,102.9800033569336,83.98029327392578,2762500,
2018-03-29,103.01000213623047,103.30999755859375,103.01000213623047,103.19000244140625,84.15153503417969,2572100,
2018-04-02,102.94000244140625,103.33999633789062,102.88999938964844,103.12000274658203,84.23733520507812,2748800,"{""dividend_amount"": 0.175}"
2018-04-03,102.95999908447266,103.0,102.75,102.79000091552734,83.9677505493164,4229600,
2018-04-04,103.0,103.0,102.68000030517578,102.7300033569336,83.91876983642578,2216900,
2018-04-05,102.56999969482422,102.61000061035156,102.43000030517578,102.47000122070312,83.70633697509766,1789300,
2018-04-06,102.80000305175781,102.95999908447266,102.66000366210938,102.91999816894531,84.07398223876953,2651200,
2018-04-09,102.73999786376953,102.94000244140625,102.6500015258789,102.94000244140625,84.09030151367188,2071100,
2018-04-10,102.80999755859375,102.87000274658203,102.68000030517578,102.76000213623047,83.94327545166016,1622400,
2018-04-11,102.95999908447266,103.0,102.76000213623047,102.86000061035156,84.02496337890625,2520600,
2018-04-12,102.72000122070312,102.7300033569336,102.45999908447266,102.48999786376953,83.7226791381836,2188600,
2018-04-13,102.4000015258789,102.62999725341797,102.4000015258789,102.58000183105469,83.79621124267578,2937700,
2018-04-16,102.33000183105469,102.55000305175781,102.30999755859375,102.52999877929688,83.75535583496094,1637400,
2018-04-17,102.4800033569336,102.66000366210938,102.44000244140625,102.58999633789062,83.80439758300781,1301800,
2018-04-18,102.37999725341797,102.5,102.19000244140625,102.19000244140625,83.47765350341797,2127600,
2018-04-19,101.94999694824219,102.0199966430664,101.79000091552734,101.91000366210938,83.24891662597656,3181500,
2018-04-20,101.77999877929688,101.83999633789062,101.56999969482422,101.56999969482422,82.97116088867188,2309400,
2018-04-23,101.4800033569336,101.52999877929688,101.33999633789062,101.47000122070312,82.88946533203125,5022800,
2018-04-24,101.33000183105469,101.44999694824219,101.26000213623047,101.3499984741211,82.79143524169922,3178800,
2018-04-25,101.19000244140625,101.25,101.05999755859375,101.12999725341797,82.61174011230469,3295800,
2018-04-26,101.37000274658203,101.45999908447266,101.30999755859375,101.41999816894531,82.8486099243164,1989500,
2018-04-27,101.51000213623047,101.6500015258789,101.5,101.58999633789062,82.98750305175781,2409300,
2018-04-30,101.63999938964844,101.80999755859375,101.62000274658203,101.69999694824219,83.0773696899414,3504400,
2018-05-01,101.5,101.5,101.30999755859375,101.3499984741211,82.94721221923828,1894000,"{""dividend_amount"": 0.191}"
2018-05-02,101.38999938964844,101.51000213623047,101.30000305175781,101.37000274658203,82.96356964111328,3852600,
2018-05-03,101.58000183105469,101.7699966430664,101.55999755859375,101.62999725341797,83.17638397216797,6026900,
2018-05-04,101.75,101.79000091552734,101.48999786376953,101.63999938964844,83.1845703125,2370500,
2018-05-07,101.62999725341797,101.66000366210938,101.54000091552734,101.58999633789062,83.14364624023438,1854900,
2018-05-08,101.43000030517578,101.5199966430664,101.31999969482422,101.41999816894531,83.00450897216797,1654600,
2018-05-09,101.19000244140625,101.30000305175781,101.16000366210938,101.19000244140625,82.81629180908203,2838400,
2018-05-10,101.43000030517578,101.4800033569336,101.30000305175781,101.4000015258789,82.98814392089844,4183700,
2018-05-11,101.47000122070312,101.47000122070312,101.30000305175781,101.41000366210938,82.996337890625,2816300,
2018-05-14,101.25,101.27999877929688,101.18000030517578,101.19000244140625,82.81629180908203,4762000,
2018-05-15,100.80000305175781,100.80000305175781,100.48999786376953,100.62999725341797,82.35797119140625,6812500,
2018-05-16,100.5,100.69999694824219,100.41999816894531,100.41999816894531,82.18607330322266,4784200,
2018-05-17,100.45999908447266,100.5199966430664,100.33000183105469,100.36000061035156,82.1369857788086,1702300,
2018-05-18,100.55000305175781,100.80999755859375,100.55000305175781,100.75,82.45614624023438,2642300,
2018-05-21,100.69999694824219,100.83000183105469,100.63999938964844,100.81999969482422,82.51343536376953,2845100,
2018-05-22,100.81999969482422,100.83000183105469,100.69000244140625,100.77999877929688,82.48072814941406,1977000,
2018-05-23,101.08999633789062,101.30000305175781,101.06999969482422,101.23999786376953,82.85720825195312,5102500,
2018-05-24,101.47000122070312,101.63999938964844,101.43000030517578,101.5,83.07001495361328,2994100,
2018-05-25,101.80999755859375,101.91000366210938,101.76000213623047,101.9000015258789,83.39738464355469,2838400,
2018-05-29,102.3499984741211,103.19999694824219,102.23999786376953,103.0,84.297607421875,11256200,
2018-05-30,102.56999969482422,102.72000122070312,102.37999725341797,102.55999755859375,83.93755340576172,4512200,
2018-05-31,102.56999969482422,102.73999786376953,102.33999633789062,102.51000213623047,83.8965835571289,5321700,
2018-06-01,101.8499984741211,102.08999633789062,101.7699966430664,101.93000030517578,83.58663940429688,7891000,"{""dividend_amount"": 0.202}"
2018-06-04,101.81999969482422,101.83000183105469,101.56999969482422,101.56999969482422,83.2914047241211,3131800,
2018-06-05,101.83999633789062,101.97000122070312,101.72000122070312,101.83000183105469,83.50462341308594,4305500,
2018-06-06,101.55999755859375,101.58999633789062,101.36000061035156,101.41999816894531,83.16839599609375,3910500,
2018-06-07,101.41999816894531,102.12999725341797,101.38999938964844,101.8499984741211,83.52101135253906,4400400,
2018-06-08,101.73999786376953,101.86000061035156,101.68000030517578,101.70999908447266,83.40619659423828,7342800,
2018-06-11,101.52999877929688,101.63999938964844,101.51000213623047,101.61000061035156,83.32421875,1875800,
2018-06-12,101.47000122070312,101.5999984741211,101.44999694824219,101.55000305175781,83.27499389648438,1664800,
2018-06-13,101.58000183105469,101.6500015258789,101.16000366210938,101.43000030517578,83.17662048339844,3294700,
2018-06-14,101.62000274658203,101.76000213623047,101.54000091552734,101.75,83.43900299072266,3626400,
2018-06-15,101.97000122070312,102.0999984741211,101.80000305175781,101.83000183105469,83.50462341308594,5826500,
2018-06-18,101.95999908447266,101.9800033569336,101.80000305175781,101.87999725341797,83.54561614990234,4600500,
2018-06-19,102.18000030517578,102.27999877929688,102.08999633789062,102.1500015258789,83.76700592041016,4172800,
2018-06-20,102.11000061035156,102.12999725341797,101.80999755859375,101.81999969482422,83.49640655517578,3059000,
2018-06-21,101.9800033569336,102.16999816894531,101.9800033569336,102.08999633789062,83.71781921386719,2680500,
2018-06-22,101.95999908447266,102.16000366210938,101.94999694824219,102.11000061035156,83.73421478271484,2309500,
2018-06-25,102.22000122070312,102.4000015258789,102.20999908447266,102.25,83.84902954101562,8110800,
2018-06-26,102.2699966430664,102.36000061035156,102.20999908447266,102.30000305175781,83.89006805419922,3873200,
2018-06-27,102.55999755859375,102.7300033569336,102.4800033569336,102.69000244140625,84.20986938476562,3044200,
2018-06-28,102.68000030517578,102.70999908447266,102.51000213623047,102.58999633789062,84.12786865234375,3705600,
2018-06-29,102.58000183105469,102.68000030517578,102.5,102.51000213623047,84.06222534179688,2721200,
2018-07-02,102.41999816894531,102.44999694824219,102.22000122070312,102.25,84.00472259521484,3911500,"{""dividend_amount"": 0.19}"
2018-07-03,102.29000091552734,102.51000213623047,102.27999877929688,102.51000213623047,84.21832275390625,1463800,
2018-07-05,102.4800033569336,102.63999938964844,102.45999908447266,102.5199966430664,84.22657012939453,1682300,
2018-07-06,102.63999938964844,102.70999908447266,102.5199966430664,102.61000061035156,84.30049133300781,3206500,
2018-07-09,102.37000274658203,102.44000244140625,102.33000183105469,102.3499984741211,84.08689880371094,2258800,
2018-07-10,102.25,102.36000061035156,102.20999908447266,102.2699966430664,84.02117156982422,4461100,
2018-07-11,102.45999908447266,102.51000213623047,102.31999969482422,102.4800033569336,84.19367980957031,2198700,
2018-07-12,102.3499984741211,102.4800033569336,102.33000183105469,102.44000244140625,84.16080474853516,1385900,
2018-07-13,102.55000305175781,102.63999938964844,102.4800033569336,102.61000061035156,84.30049133300781,2891800,
2018-07-16,102.38999938964844,102.4800033569336,102.26000213623047,102.44000244140625,84.16080474853516,1782600,
2018-07-17,102.5,102.5,102.3499984741211,102.37999725341797,84.11153411865234,1034700,
2018-07-18,102.43000030517578,102.44999694824219,102.2699966430664,102.30000305175781,84.04582977294922,1355300,
2018-07-19,102.37000274658203,102.66999816894531,102.3499984741211,102.58000183105469,84.27584838867188,4201700,
2018-07-20,102.45999908447266,102.45999908447266,102.18000030517578,102.22000122070312,83.98007202148438,3362700,
2018-07-23,102.0999984741211,102.11000061035156,101.69999694824219,101.72000122070312,83.56930541992188,5285700,
2018-07-24,101.69999694824219,101.83999633789062,101.62999725341797,101.79000091552734,83.62681579589844,3293800,
2018-07-25,101.91000366210938,101.9800033569336,101.66000366210938,101.72000122070312,83.56930541992188,2403800,
2018-07-26,101.81999969482422,101.87000274658203,101.58999633789062,101.61000061035156,83.47894287109375,2598200,
2018-07-27,101.83999633789062,101.83999633789062,101.68000030517578,101.7699966430664,83.61032104492188,1435100,
2018-07-30,101.56999969482422,101.76000213623047,101.55999755859375,101.63999938964844,83.50358581542969,3832700,
2018-07-31,101.80000305175781,101.83000183105469,101.70999908447266,101.77999877929688,83.61858367919922,3053600,
2018-08-01,101.26000213623047,101.41000366210938,101.19000244140625,101.33999633789062,83.42102813720703,5366800,"{""dividend_amount"": 0.2}"
2018-08-02,101.41000366210938,101.4800033569336,101.31999969482422,101.45999908447266,83.51980590820312,3370800,
2018-08-03,101.54000091552734,101.75,101.52999877929688,101.72000122070312,83.73384857177734,2174800,
2018-08-06,101.79000091552734,101.94999694824219,101.76000213623047,101.7699966430664,83.77497863769531,3867200,
2018-08-07,101.70999908447266,101.70999908447266,101.54000091552734,101.55999755859375,83.60214233398438,2181400,
2018-08-08,101.58999633789062,101.70999908447266,101.58000183105469,101.6500015258789,83.67623138427734,2777900,
2018-08-09,101.80999755859375,101.93000030517578,101.79000091552734,101.93000030517578,83.90668487548828,4318000,
2018-08-10,102.19999694824219,102.5,102.16999816894531,102.37000274658203,84.26891326904297,4327800,
2018-08-13,102.30999755859375,102.45999908447266,102.2300033569336,102.33999633789062,84.24423217773438,1764700,
2018-08-14,102.31999969482422,102.33000183105469,102.19000244140625,102.23999786376953,84.16188049316406,2487600,
2018-08-15,102.45999908447266,102.68000030517578,102.43000030517578,102.48999786376953,84.36768341064453,4810700,
2018-08-16,102.51000213623047,102.5199966430664,102.27999877929688,102.45999908447266,84.34298706054688,2594400,
2018-08-17,102.55000305175781,102.63999938964844,102.4000015258789,102.5,84.37591552734375,3043400,
2018-08-20,102.69999694824219,102.86000061035156,102.68000030517578,102.81999969482422,84.63932800292969,2901100,
2018-08-21,102.7300033569336,102.7300033569336,102.61000061035156,102.68000030517578,84.52412414550781,2516700,
2018-08-22,102.95999908447266,102.95999908447266,102.7699966430664,102.87000274658203,84.68049621582031,2396500,
2018-08-23,102.91000366210938,102.94999694824219,102.83000183105469,102.86000061035156,84.67224884033203,871000,
2018-08-24,102.68000030517578,102.91000366210938,102.63999938964844,102.88999938964844,84.69696807861328,1296600,
2018-08-27,102.75,102.77999877929688,102.63999938964844,102.66000366210938,84.50762939453125,1851900,
2018-08-28,102.4800033569336,102.5199966430664,102.38999938964844,102.43000030517578,84.31832885742188,1506300,
2018-08-29,102.45999908447266,102.47000122070312,102.30000305175781,102.4000015258789,84.2936019897461,1420400,
2018-08-30,102.54000091552734,102.68000030517578,102.51000213623047,102.58999633789062,84.44998931884766,2780900,
2018-08-31,102.81999969482422,102.83000183105469,102.5999984741211,102.61000061035156,84.4664535522461,2132200,
2018-09-04,102.26000213623047,102.31999969482422,102.12000274658203,102.16999816894531,84.27344512939453,3419500,"{""dividend_amount"": 0.206}"
2018-09-05,102.1500015258789,102.2300033569336,102.05000305175781,102.16000366210938,84.26522827148438,1332300,
2018-09-06,102.22000122070312,102.44999694824219,102.20999908447266,102.37000274658203,84.43841552734375,1656700,
2018-09-07,102.01000213623047,102.04000091552734,101.87000274658203,101.91000366210938,84.05899810791016,4405000,
2018-09-10,101.88999938964844,102.01000213623047,101.88999938964844,101.97000122070312,84.1085205078125,3110800,
2018-09-11,101.7699966430664,101.80000305175781,101.5999984741211,101.5999984741211,83.80326843261719,3360500,
2018-09-12,101.76000213623047,101.80999755859375,101.72000122070312,101.72000122070312,83.90229034423828,1398800,
2018-09-13,101.86000061035156,101.86000061035156,101.69000244140625,101.70999908447266,83.89404296875,1281600,
2018-09-14,101.51000213623047,101.62000274658203,101.45999908447266,101.5199966430664,83.73731994628906,3749900,
2018-09-17,101.41000366210938,101.58000183105469,101.37999725341797,101.54000091552734,83.75381469726562,3808400,
2018-09-18,101.41000366210938,101.41999816894531,101.08999633789062,101.12000274658203,83.40738677978516,4972900,
2018-09-19,101.05999755859375,101.06999969482422,100.80000305175781,100.94999694824219,83.26715850830078,5515900,
2018-09-20,100.83000183105469,101.05999755859375,100.80000305175781,100.95999908447266,83.2754135131836,2973500,
2018-09-21,100.9000015258789,101.05999755859375,100.9000015258789,101.0,83.30843353271484,1024100,
2018-09-24,100.8499984741211,101.01000213623047,100.83999633789062,100.88999938964844,83.21765899658203,2389800,
2018-09-25,100.7699966430664,100.80999755859375,100.68000030517578,100.79000091552734,83.13519287109375,2878300,
2018-09-26,100.88999938964844,101.13999938964844,100.83999633789062,101.12000274658203,83.40738677978516,2502900,
2018-09-27,101.05000305175781,101.1500015258789,100.98999786376953,101.12000274658203,83.40738677978516,6342800,
2018-09-28,101.29000091552734,101.30000305175781,101.12999725341797,101.16999816894531,83.44864654541016,3931000,
2018-10-01,100.83000183105469,100.88999938964844,100.70999908447266,100.70999908447266,83.237060546875,6408000,"{""dividend_amount"": 0.204}"
2018-10-02,100.86000061035156,101.04000091552734,100.86000061035156,100.97000122070312,83.45194244384766,2915000,
2018-10-03,100.77999877929688,100.79000091552734,100.08999633789062,100.22000122070312,82.8320541381836,6612700,
2018-10-04,99.9800033569336,100.12999725341797,99.87999725341797,99.95999908447266,82.61717987060547,6427500,
2018-10-05,99.81999969482422,99.91000366210938,99.5999984741211,99.72000122070312,82.4188232421875,5676600,
2018-10-08,99.81999969482422,99.86000061035156,99.73999786376953,99.76000213623047,82.45183563232422,1947800,
2018-10-09,99.79000091552734,99.94999694824219,99.76000213623047,99.94999694824219,82.60891723632812,3066300,
2018-10-10,99.70999908447266,100.02999877929688,99.66999816894531,100.0,82.65017700195312,3001900,
2018-10-11,100.22000122070312,100.55000305175781,100.08999633789062,100.41000366210938,82.98908233642578,5821500,
2018-10-12,100.29000091552734,100.52999877929688,100.23999786376953,100.29000091552734,82.889892578125,2647900,
2018-10-15,100.38999938964844,100.44000244140625,100.26000213623047,100.3499984741211,82.93949890136719,1860000,
2018-10-16,100.2699966430664,100.3499984741211,100.19999694824219,100.33999633789062,82.93125915527344,2703900,
2018-10-17,100.31999969482422,100.41999816894531,100.05000305175781,100.05000305175781,82.69155883789062,3336200,
2018-10-18,100.0,100.4000015258789,99.94999694824219,100.2300033569336,82.84033203125,2587700,
2018-10-19,100.22000122070312,100.23999786376953,100.02999877929688,100.11000061035156,82.74115753173828,5531900,
2018-10-22,100.22000122070312,100.26000213623047,100.12000274658203,100.12999725341797,82.75768280029297,1690100,
2018-10-23,100.6500015258789,100.79000091552734,100.33999633789062,100.38999938964844,82.97257232666016,4420100,
2018-10-24,100.66999816894531,100.95999908447266,100.5999984741211,100.93000030517578,83.41886138916016,4881200,
2018-10-25,100.75,100.81999969482422,100.5999984741211,100.69000244140625,83.22053527832031,3559900,
2018-10-26,101.06999969482422,101.30000305175781,101.04000091552734,101.13999938964844,83.5924072265625,4220800,
2018-10-29,101.01000213623047,101.23999786376953,100.8499984741211,101.12999725341797,83.58419036865234,3766900,
2018-10-30,100.94000244140625,101.05999755859375,100.87000274658203,100.91000366210938,83.40232849121094,5746600,
2018-10-31,100.61000061035156,100.73999786376953,100.55000305175781,100.66000366210938,83.19575500488281,3956700,
2018-11-01,100.36000061035156,100.56999969482422,100.33000183105469,100.52999877929688,83.2669677734375,4834300,"{""dividend_amount"": 0.216}"
2018-11-02,100.29000091552734,100.31999969482422,99.93000030517578,99.97000122070312,82.80311584472656,5250900,
2018-11-05,100.16000366210938,100.19999694824219,100.02999877929688,100.02999877929688,82.85282135009766,2446700,
2018-11-06,100.0999984741211,100.0999984741211,99.91000366210938,99.91999816894531,82.7616958618164,2456700,
2018-11-07,100.08999633789062,100.16999816894531,99.91000366210938,99.91999816894531,82.7616958618164,3297600,
2018-11-08,100.0,100.0199966430664,99.75,99.77999877929688,82.645751953125,2188900,
2018-11-09,99.93000030517578,100.22000122070312,99.91999816894531,100.16999816894531,82.96875,2772700,
2018-11-12,100.37999725341797,100.51000213623047,100.33000183105469,100.47000122070312,83.21723175048828,3704900,
2018-11-13,100.41999816894531,100.58000183105469,100.3499984741211,100.55000305175781,83.28351593017578,3265000,
2018-11-14,100.43000030517578,100.95999908447266,100.38999938964844,100.76000213623047,83.45744323730469,4626400,
2018-11-15,101.01000213623047,101.05999755859375,100.70999908447266,100.83000183105469,83.51543426513672,2621300,
2018-11-16,101.05999755859375,101.18000030517578,100.9800033569336,101.13999938964844,83.77217102050781,7226700,
2018-11-19,101.05999755859375,101.31999969482422,101.05999755859375,101.29000091552734,83.89642333984375,3447800,
2018-11-20,101.31999969482422,101.41999816894531,101.2300033569336,101.2699966430664,83.87985229492188,3658600,
2018-11-21,101.18000030517578,101.25,101.06999969482422,101.25,83.86331939697266,1897000,
2018-11-23,101.45999908447266,101.47000122070312,101.30999755859375,101.30999755859375,83.91300964355469,531200,
2018-11-26,101.19000244140625,101.2300033569336,101.12999725341797,101.2300033569336,83.84679412841797,2345600,
2018-11-27,101.19999694824219,101.4000015258789,101.19000244140625,101.33000183105469,83.92961120605469,2334400,
2018-11-28,101.25,101.45999908447266,101.16999816894531,101.31999969482422,83.92124938964844,3582500,
2018-11-29,101.58999633789062,101.7300033569336,101.45999908447266,101.58000183105469,84.13664245605469,4313000,
2018-11-30,101.7300033569336,101.81999969482422,101.66000366210938,101.77999877929688,84.30229187011719,3069700,
2018-12-03,101.44000244140625,101.79000091552734,101.41000366210938,101.79000091552734,84.48656463623047,6008500,"{""dividend_amount"": 0.212}"
2018-12-04,101.97000122070312,102.45999908447266,101.94000244140625,102.26000213623047,84.87669372558594,7748800,
2018-12-06,102.6500015258789,102.97000122070312,102.5,102.5199966430664,85.09245300292969,9429900,
2018-12-07,102.48999786376953,102.86000061035156,102.36000061035156,102.81999969482422,85.34146881103516,7319100,
2018-12-10,102.83999633789062,103.04000091552734,102.70999908447266,102.87999725341797,85.39128112792969,9045700,
2018-12-11,102.63999938964844,102.8499984741211,102.5,102.62000274658203,85.1754379272461,5290100,
2018-12-12,102.44999694824219,102.5,102.30999755859375,102.33999633789062,84.94305419921875,3727200,
2018-12-13,102.45999908447266,102.5,102.33999633789062,102.4000015258789,84.99288940429688,4116000,
2018-12-14,102.56999969482422,102.72000122070312,102.5199966430664,102.55999755859375,85.1256332397461,3530000,
2018-12-17,102.66000366210938,102.93000030517578,102.6500015258789,102.86000061035156,85.37467956542969,7627000,
2018-12-18,102.75,102.94999694824219,102.68000030517578,102.9000015258789,85.58507537841797,4461400,"{""dividend_amount"": 0.213}"
2018-12-19,103.01000213623047,103.4800033569336,102.77999877929688,103.26000213623047,85.8844985961914,7710900,
2018-12-20,103.44999694824219,103.47000122070312,103.08999633789062,103.12999725341797,85.77641296386719,9245200,
2018-12-21,103.19999694824219,103.2300033569336,103.05999755859375,103.22000122070312,85.8512191772461,4918800,
2018-12-24,103.37999725341797,103.48999786376953,103.26000213623047,103.4800033569336,86.06749725341797,6373000,
2018-12-26,103.47000122070312,103.62000274658203,102.94999694824219,102.98999786376953,85.65997314453125,5477700,
2018-12-27,103.43000030517578,103.62999725341797,103.2300033569336,103.25,85.8761978149414,4602100,
2018-12-28,103.41999816894531,103.81999969482422,103.38999938964844,103.80999755859375,86.34199523925781,4543100,
2018-12-31,103.69000244140625,104.66000366210938,103.62999725341797,104.19999694824219,86.66635131835938,7227500,
2019-01-02,104.30999755859375,104.43000030517578,104.18000030517578,104.41999816894531,86.84932708740234,18668600,
2019-01-03,104.45999908447266,105.31999969482422,104.44000244140625,105.25,87.5396957397461,10616700,
2019-01-04,104.55000305175781,104.58999633789062,104.2699966430664,104.4000015258789,86.83268737792969,6616700,
2019-01-07,104.5199966430664,104.56999969482422,104.06999969482422,104.11000061035156,86.59147644042969,5459200,
2019-01-08,104.0,104.08999633789062,103.8499984741211,103.8499984741211,86.3752212524414,6879500,
2019-01-09,103.83999633789062,103.98999786376953,103.7699966430664,103.91000366210938,86.42516326904297,3248700,
2019-01-10,104.06999969482422,104.13999938964844,103.79000091552734,103.86000061035156,86.38359069824219,14413000,
2019-01-11,104.13999938964844,104.26000213623047,104.06999969482422,104.16999816894531,86.64138793945312,3825700,
2019-01-14,104.20999908447266,104.29000091552734,104.05000305175781,104.11000061035156,86.59147644042969,3090100,
2019-01-15,104.29000091552734,104.29000091552734,103.97000122070312,104.01000213623047,86.50831604003906,4148000,
2019-01-16,103.88999938964844,104.0,103.80999755859375,103.94999694824219,86.45838928222656,4820800,
2019-01-17,103.9000015258789,103.94999694824219,103.68000030517578,103.76000213623047,86.30039978027344,5328100,
2019-01-18,103.61000061035156,103.72000122070312,103.3499984741211,103.43000030517578,86.02593231201172,6617500,
2019-01-22,103.72000122070312,103.91000366210938,103.66999816894531,103.79000091552734,86.32532501220703,5814400,
2019-01-23,103.61000061035156,103.8499984741211,103.58000183105469,103.73999786376953,86.28376770019531,3507300,
2019-01-24,104.05999755859375,104.18000030517578,103.9800033569336,104.06999969482422,86.5582275390625,6030700,
2019-01-25,103.88999938964844,103.94000244140625,103.7300033569336,103.83000183105469,86.3586196899414,2763300,
2019-01-28,103.79000091552734,103.9800033569336,103.79000091552734,103.86000061035156,86.38359069824219,3116100,
2019-01-29,103.94000244140625,104.16000366210938,103.93000030517578,104.16000366210938,86.63307189941406,2836700,
2019-01-30,104.05000305175781,104.43000030517578,103.95999908447266,104.4000015258789,86.83268737792969,5788300,
2019-01-31,104.63999938964844,104.93000030517578,104.61000061035156,104.87999725341797,87.23191833496094,10206500,
2019-02-01,104.47000122070312,104.48999786376953,104.08999633789062,104.0999984741211,86.76515197753906,9191900,"{""dividend_amount"": 0.22}"
2019-02-04,103.97000122070312,103.97000122070312,103.80999755859375,103.87000274658203,86.57347869873047,7283500,
2019-02-05,104.0,104.18000030517578,103.98999786376953,104.05000305175781,86.72348022460938,3331100,
2019-02-06,104.27999877929688,104.29000091552734,104.06999969482422,104.12999725341797,86.79021453857422,3489800,
2019-02-07,104.41999816894531,104.55000305175781,104.3499984741211,104.47000122070312,87.07355499267578,6937400,
2019-02-08,104.62999725341797,104.7300033569336,104.58999633789062,104.61000061035156,87.19025421142578,2602700,
2019-02-11,104.44999694824219,104.54000091552734,104.37000274658203,104.44999694824219,87.0569076538086,2637200,
2019-02-12,104.37999725341797,104.38999938964844,104.22000122070312,104.30999755859375,86.9402084350586,3305300,
2019-02-13,104.06999969482422,104.16999816894531,104.0,104.05000305175781,86.72348022460938,3772100,
2019-02-14,104.61000061035156,104.62000274658203,104.41000366210938,104.54000091552734,87.13190460205078,10568700,
2019-02-15,104.3499984741211,104.47000122070312,104.33999633789062,104.44000244140625,87.04854583740234,6879000,
2019-02-19,104.62999725341797,104.69999694824219,104.55000305175781,104.62000274658203,87.1985855102539,8557400,
2019-02-20,104.62000274658203,104.69999694824219,104.5199966430664,104.5999984741211,87.18190002441406,4751100,
2019-02-21,104.30000305175781,104.33999633789062,104.22000122070312,104.29000091552734,86.92353057861328,4140200,
2019-02-22,104.5,104.72000122070312,104.45999908447266,104.5999984741211,87.18190002441406,3351000,
2019-02-25,104.43000030517578,104.5,104.36000061035156,104.44000244140625,87.04854583740234,2849600,
2019-02-26,104.75,104.79000091552734,104.5999984741211,104.75,87.30693054199219,2647700,
2019-02-27,104.56999969482422,104.58000183105469,104.30000305175781,104.37999725341797,86.99856567382812,2530600,
2019-02-28,104.33999633789062,104.3499984741211,104.05999755859375,104.11000061035156,86.77346801757812,4949900,
2019-03-01,103.73999786376953,103.8499984741211,103.56999969482422,103.56999969482422,86.4887466430664,9003000,"{""dividend_amount"": 0.199}"
2019-03-04,103.7300033569336,103.94999694824219,103.66000366210938,103.88999938964844,86.75596618652344,3506600,
2019-03-05,103.7699966430664,103.95999908447266,103.69999694824219,103.94999694824219,86.8060531616211,2112200,
2019-03-06,103.98999786376953,104.29000091552734,103.98999786376953,104.23999786376953,87.04824829101562,2401600,
2019-03-07,104.44000244140625,104.66999816894531,104.43000030517578,104.58999633789062,87.34050750732422,4822900,
2019-03-08,104.69000244140625,104.83000183105469,104.58000183105469,104.73999786376953,87.46578216552734,5212000,
2019-03-11,104.7300033569336,104.7300033569336,104.56999969482422,104.66000366210938,87.3990249633789,4654100,
2019-03-12,104.73999786376953,105.0,104.69999694824219,104.94999694824219,87.64116668701172,4942800,
2019-03-13,104.83999633789062,104.94000244140625,104.80000305175781,104.91000366210938,87.60774230957031,1715000,
2019-03-14,104.86000061035156,104.91000366210938,104.6500015258789,104.76000213623047,87.48250579833984,2514700,
2019-03-15,105.08000183105469,105.16999816894531,104.97000122070312,105.08999633789062,87.758056640625,7846600,
2019-03-18,104.98999786376953,105.08000183105469,104.94000244140625,104.94999694824219,87.64116668701172,4166200,
2019-03-19,104.77999877929688,104.98999786376953,104.75,104.87999725341797,87.58269500732422,2138000,
2019-03-20,105.02999877929688,105.63999938964844,105.01000213623047,105.61000061035156,88.1922836303711,8061700,
2019-03-21,105.7300033569336,105.75,105.4800033569336,105.55999755859375,88.15055084228516,4633500,
2019-03-22,106.08999633789062,106.51000213623047,106.04000091552734,106.33999633789062,88.80191802978516,4721900,
2019-03-25,106.33999633789062,106.86000061035156,106.25,106.61000061035156,89.02737426757812,7828800,
2019-03-26,106.38999938964844,106.69000244140625,106.33999633789062,106.5199966430664,88.95223236083984,7483700,
2019-03-27,106.80999755859375,107.08000183105469,106.75,106.83000183105469,89.21112823486328,3555900,
2019-03-28,106.80000305175781,106.91000366210938,106.66000366210938,106.83999633789062,89.21946716308594,3769600,
2019-03-29,106.47000122070312,106.68000030517578,106.44000244140625,106.66999816894531,89.07749938964844,2748900,
2019-04-01,106.0999984741211,106.12999725341797,105.68000030517578,105.72000122070312,88.4649658203125,9430400,"{""dividend_amount"": 0.218}"
2019-04-02,105.81999969482422,105.91999816894531,105.76000213623047,105.9000015258789,88.61556243896484,7318600,
2019-04-03,105.56999969482422,105.69000244140625,105.5199966430664,105.56999969482422,88.33946990966797,5207300,
2019-04-04,105.62000274658203,105.72000122070312,105.55000305175781,105.68000030517578,88.43147277832031,2293700,
2019-04-05,105.5999984741211,105.80000305175781,105.58999633789062,105.7300033569336,88.47333526611328,1749900,
2019-04-08,105.70999908447266,105.76000213623047,105.55999755859375,105.55999755859375,88.33104705810547,3591500,
2019-04-09,105.81999969482422,105.87999725341797,105.72000122070312,105.75,88.49011993408203,3210600,
2019-04-10,105.91999816894531,106.06999969482422,105.91000366210938,106.0,88.69926452636719,2059800,
2019-04-11,105.83000183105469,105.87000274658203,105.72000122070312,105.76000213623047,88.49845886230469,1547500,
2019-04-12,105.38999938964844,105.44999694824219,105.2699966430664,105.2699966430664,88.08842468261719,6032100,
2019-04-15,105.29000091552734,105.41999816894531,105.29000091552734,105.41000366210938,88.2055435180664,2410700,
2019-04-16,105.19000244140625,105.25,105.02999877929688,105.05000305175781,87.90431213378906,5003600,
2019-04-17,105.0,105.18000030517578,105.0,105.06999969482422,87.92103576660156,2348800,
2019-04-18,105.33000183105469,105.45999908447266,105.29000091552734,105.31999969482422,88.13024139404297,4893200,
2019-04-22,105.26000213623047,105.2699966430664,105.12000274658203,105.16999816894531,88.00471496582031,3630000,
2019-04-23,105.31999969482422,105.38999938964844,105.27999877929688,105.36000061035156,88.1637191772461,2462100,
2019-04-24,105.66000366210938,105.7699966430664,105.63999938964844,105.76000213623047,88.49845886230469,3266700,
2019-04-25,105.7300033569336,105.79000091552734,105.58999633789062,105.62999725341797,88.38963317871094,1457600,
2019-04-26,105.97000122070312,105.98999786376953,105.8499984741211,105.91000366210938,88.6239242553711,2156100,
2019-04-29,105.72000122070312,105.7699966430664,105.61000061035156,105.69000244140625,88.43988037109375,2715000,
2019-04-30,105.62999725341797,105.93000030517578,105.62000274658203,105.9000015258789,88.61556243896484,3621900,
2019-05-01,105.69999694824219,106.11000061035156,105.55000305175781,105.63999938964844,88.57530212402344,6870700,"{""dividend_amount"": 0.212}"
2019-05-02,105.52999877929688,105.56999969482422,105.2699966430664,105.33999633789062,88.3238296508789,3126200,
2019-05-03,105.45999908447266,105.62000274658203,105.43000030517578,105.4800033569336,88.44116973876953,2625200,
2019-05-06,105.87999725341797,105.91999816894531,105.7300033569336,105.75,88.6676025390625,3370100,
2019-05-07,106.01000213623047,106.19000244140625,105.95999908447266,106.11000061035156,88.96942138671875,3965800,
2019-05-08,106.20999908447266,106.25,105.86000061035156,105.91000366210938,88.80168914794922,4226600,
2019-05-09,106.30000305175781,106.43000030517578,106.05000305175781,106.19000244140625,89.03648376464844,4224100,
2019-05-10,106.23999786376953,106.41999816894531,106.05000305175781,106.12000274658203,88.977783203125,2855400,
2019-05-13,106.56999969482422,106.73999786376953,106.5199966430664,106.6500015258789,89.42217254638672,5653400,
2019-05-14,106.56999969482422,106.62000274658203,106.44000244140625,106.55000305175781,89.33832550048828,2573200,
2019-05-15,106.94000244140625,106.97000122070312,106.73999786376953,106.88999938964844,89.62339782714844,5512300,
2019-05-16,106.6500015258789,106.72000122070312,106.55000305175781,106.68000030517578,89.44734191894531,3898400,
2019-05-17,106.91000366210938,106.91000366210938,106.62000274658203,106.7300033569336,89.4892578125,2128400,
2019-05-20,106.75,106.83999633789062,106.52999877929688,106.55000305175781,89.33832550048828,2439600,
2019-05-21,106.4800033569336,106.5199966430664,106.33999633789062,106.43000030517578,89.23772430419922,2675300,
2019-05-22,106.5999984741211,106.80000305175781,106.56999969482422,106.75,89.50604248046875,3561900,
2019-05-23,107.01000213623047,107.55999755859375,107.01000213623047,107.4000015258789,90.05103302001953,6184500,
2019-05-24,107.33000183105469,107.37000274658203,107.2300033569336,107.37000274658203,90.02587127685547,2422800,
2019-05-28,107.62000274658203,107.83999633789062,107.52999877929688,107.83999633789062,90.41996002197266,7039000,
2019-05-29,108.08999633789062,108.23999786376953,107.77999877929688,107.80000305175781,90.38641357421875,5251800,
2019-05-30,107.86000061035156,108.23999786376953,107.72000122070312,108.19000244140625,90.71344757080078,3461100,
2019-05-31,108.55999755859375,108.94999694824219,108.48999786376953,108.91000366210938,91.3171157836914,6020600,
2019-06-03,108.87999725341797,109.33999633789062,108.7699966430664,109.22000122070312,91.75647735595703,23830900,"{""dividend_amount"": 0.213}"
2019-06-04,108.76000213623047,108.98999786376953,108.5999984741211,108.81999969482422,91.42047882080078,5503200,
2019-06-05,108.95999908447266,109.12999725341797,108.76000213623047,108.81999969482422,91.42047882080078,7712300,
2019-06-06,108.91000366210938,109.0999984741211,108.7300033569336,108.80000305175781,91.40361785888672,2392400,
2019-06-07,109.4000015258789,109.41999816894531,109.13999938964844,109.2300033569336,91.764892578125,2805900,
2019-06-10,108.86000061035156,108.87999725341797,108.68000030517578,108.69000244140625,91.31122589111328,6071200,
2019-06-11,108.62000274658203,108.7699966430664,108.58000183105469,108.69000244140625,91.31122589111328,2735800,
2019-06-12,108.7699966430664,108.98999786376953,108.76000213623047,108.97000122070312,91.54647064208984,2062800,
2019-06-13,109.06999969482422,109.33000183105469,109.05000305175781,109.23999786376953,91.77330780029297,1684700,
2019-06-14,109.16000366210938,109.37999725341797,109.1500015258789,109.31999969482422,91.84049224853516,3880700,
2019-06-17,109.30000305175781,109.37999725341797,109.16999816894531,109.30000305175781,91.8237075805664,3038800,
2019-06-18,109.75,109.80000305175781,109.41000366210938,109.51000213623047,92.00010681152344,4564900,
2019-06-19,109.27999877929688,109.9000015258789,109.20999908447266,109.80999755859375,92.2521743774414,4541500,
2019-06-20,110.04000091552734,110.27999877929688,109.97000122070312,109.98999786376953,92.40335845947266,4575000,
2019-06-21,109.7300033569336,109.7699966430664,109.44999694824219,109.54000091552734,92.02532196044922,4305200,
2019-06-24,109.73999786376953,109.94000244140625,109.70999908447266,109.91999816894531,92.34453582763672,3046300,
2019-06-25,110.02999877929688,110.2300033569336,109.94999694824219,110.08999633789062,92.48736572265625,5251000,
2019-06-26,109.94999694824219,109.94999694824219,109.5999984741211,109.63999938964844,92.10936737060547,6675000,
2019-06-27,109.7699966430664,110.02999877929688,109.68000030517578,109.97000122070312,92.38658905029297,2538400,
2019-06-28,109.87000274658203,110.11000061035156,109.80999755859375,110.0199966430664,92.42855072021484,4341500,
2019-07-01,109.81999969482422,109.87000274658203,109.5,109.69000244140625,92.31242370605469,8183600,"{""dividend_amount"": 0.192}"
2019-07-02,109.80999755859375,110.1500015258789,109.79000091552734,110.08000183105469,92.64064025878906,3117100,
2019-07-03,110.20999908447266,110.4000015258789,110.19999694824219,110.29000091552734,92.8173828125,2607000,
2019-07-05,109.6500015258789,109.6500015258789,109.33999633789062,109.58999633789062,92.22825622558594,3664100,
2019-07-08,109.75,109.81999969482422,109.4800033569336,109.4800033569336,92.1357192993164,3254100,
2019-07-09,109.48999786376953,109.5,109.33999633789062,109.41000366210938,92.0768051147461,2061800,
2019-07-10,109.51000213623047,109.62000274658203,109.33999633789062,109.47000122070312,92.12728118896484,4343700,
2019-07-11,109.33000183105469,109.4000015258789,108.87999725341797,108.93000030517578,91.67285919189453,4769800,
2019-07-12,108.91999816894531,109.16999816894531,108.88999938964844,109.05000305175781,91.7738037109375,4141900,
2019-07-15,109.13999938964844,109.27999877929688,109.06999969482422,109.27999877929688,91.9674301147461,1753200,
2019-07-16,108.93000030517578,109.08000183105469,108.83000183105469,109.04000091552734,91.765380859375,2766100,
2019-07-17,109.2300033569336,109.55999755859375,109.22000122070312,109.55000305175781,92.19464874267578,2624400,
2019-07-18,109.43000030517578,109.88999938964844,109.4000015258789,109.81999969482422,92.42186737060547,2386700,
2019-07-19,109.58999633789062,109.7300033569336,109.51000213623047,109.62000274658203,92.25354766845703,1728100,
2019-07-22,109.79000091552734,109.80000305175781,109.62999725341797,109.66999816894531,92.29560852050781,1629800,
2019-07-23,109.55000305175781,109.66000366210938,109.41999816894531,109.48999786376953,92.14413452148438,2329800,
2019-07-24,109.63999938964844,109.75,109.55999755859375,109.6500015258789,92.27877807617188,2268500,
2019-07-25,109.5199966430664,109.52999877929688,109.2300033569336,109.45999908447266,92.11884307861328,3172000,
2019-07-26,109.5,109.51000213623047,109.31999969482422,109.44000244140625,92.1020278930664,3004100,
2019-07-29,109.62000274658203,109.66000366210938,109.5199966430664,109.54000091552734,92.18618774414062,2505600,
2019-07-30,109.62999725341797,109.66999816894531,109.44999694824219,109.58999633789062,92.22825622558594,2514800,
2019-07-31,109.55999755859375,109.98999786376953,109.38999938964844,109.87000274658203,92.46391296386719,6669300,
2019-08-01,109.83999633789062,110.91999816894531,109.79000091552734,110.91999816894531,93.5126953125,16938700,"{""dividend_amount"": 0.194}"
2019-08-02,110.94000244140625,111.19999694824219,110.83999633789062,111.1500015258789,93.70661926269531,8503000,
2019-08-05,111.81999969482422,112.19999694824219,111.76000213623047,112.11000061035156,94.5158920288086,7626200,
2019-08-06,111.87999725341797,112.30000305175781,111.79000091552734,112.29000091552734,94.66767883300781,6462400,
2019-08-07,113.06999969482422,113.2699966430664,112.16999816894531,112.29000091552734,94.66767883300781,9665300,
2019-08-08,111.98999786376953,112.41000366210938,111.66000366210938,112.30000305175781,94.67613983154297,5178800,
2019-08-09,112.37999725341797,112.5999984741211,112.05999755859375,112.12999725341797,94.53282165527344,2869000,
2019-08-12,112.54000091552734,112.9800033569336,112.51000213623047,112.83999633789062,95.13134765625,4739900,
2019-08-13,112.86000061035156,112.88999938964844,112.1500015258789,112.44000244140625,94.79414367675781,5888000,
2019-08-14,113.08999633789062,113.29000091552734,113.0,113.19000244140625,95.42646026611328,8124300,
2019-08-15,113.33999633789062,114.16999816894531,113.27999877929688,113.91000366210938,96.03343200683594,5240200,
2019-08-16,113.51000213623047,113.66999816894531,113.16999816894531,113.61000061035156,95.7805404663086,4957800,
2019-08-19,113.04000091552734,113.26000213623047,113.01000213623047,113.06999969482422,95.32525634765625,3691400,
2019-08-20,113.5199966430664,113.66000366210938,113.45999908447266,113.56999969482422,95.74681854248047,3161800,
2019-08-21,113.2699966430664,113.56999969482422,113.20999908447266,113.2699966430664,95.49391174316406,4921700,
2019-08-22,113.05000305175781,113.37000274658203,113.0,113.0199966430664,95.28311920166016,5860400,
2019-08-23,113.12999725341797,113.94000244140625,113.01000213623047,113.77999877929688,95.92386627197266,8192600,
2019-08-26,113.7300033569336,113.93000030517578,113.58000183105469,113.66999816894531,95.83111572265625,7581600,
2019-08-27,113.80999755859375,114.19000244140625,113.80999755859375,114.16000366210938,96.2442398071289,3266900,
2019-08-28,114.3499984741211,114.38999938964844,114.12000274658203,114.19999694824219,96.27796173095703,2505400,
2019-08-29,114.0999984741211,114.0999984741211,113.69000244140625,113.9800033569336,96.09248352050781,4232400,
2019-08-30,113.77999877929688,114.05000305175781,113.73999786376953,114.01000213623047,96.11770629882812,3651100,
2019-09-03,113.87999725341797,114.44000244140625,113.69999694824219,114.06999969482422,96.32889556884766,11754000,"{""dividend_amount"": 0.19}"
2019-09-04,113.94999694824219,114.30000305175781,113.94999694824219,114.25,96.48087310791016,3447000,
2019-09-05,113.58999633789062,113.62000274658203,113.08000183105469,113.33000183105469,95.70397186279297,4597800,
2019-09-06,113.33999633789062,113.52999877929688,113.2699966430664,113.4000015258789,95.76307678222656,3111000,
2019-09-09,112.86000061035156,112.94000244140625,112.69000244140625,112.69999694824219,95.17195129394531,4818700,
2019-09-10,112.52999877929688,112.62999725341797,111.87999725341797,111.87999725341797,94.47947692871094,4797200,
2019-09-11,111.77999877929688,111.97000122070312,111.75,111.7699966430664,94.3865737915039,4737000,
2019-09-12,112.0999984741211,112.16000366210938,111.3499984741211,111.5199966430664,94.17549133300781,8612500,
2019-09-13,111.0999984741211,111.20999908447266,110.5,110.5,93.3141098022461,24187700,
2019-09-16,110.9000015258789,111.0999984741211,110.75,110.9800033569336,93.71947479248047,5388300,
2019-09-17,111.04000091552734,111.37999725341797,110.94000244140625,111.2699966430664,93.96434783935547,8211700,
2019-09-18,111.56999969482422,111.80000305175781,111.19999694824219,111.30999755859375,93.99811553955078,5170400,
2019-09-19,111.58000183105469,111.58999633789062,111.31999969482422,111.36000061035156,94.04032897949219,7131900,
2019-09-20,111.54000091552734,112.0199966430664,111.4800033569336,112.0,94.580810546875,9915000,
2019-09-23,112.13999938964844,112.4800033569336,112.05999755859375,112.16000366210938,94.71595001220703,13163900,
2019-09-24,112.22000122070312,112.81999969482422,112.20999908447266,112.72000122070312,95.18885803222656,10459100,
2019-09-25,112.58999633789062,112.69000244140625,111.9000015258789,111.9800033569336,94.56392669677734,8430900,
2019-09-26,112.25,112.43000030517578,112.16000366210938,112.22000122070312,94.76664733886719,4233000,
2019-09-27,112.2300033569336,112.48999786376953,112.19000244140625,112.37999725341797,94.90172576904297,4545500,
2019-09-30,112.20999908447266,112.51000213623047,112.16999816894531,112.47000122070312,94.97770690917969,2797900,
2019-10-01,111.8499984741211,112.86000061035156,111.80999755859375,112.61000061035156,95.24073028564453,8555100,"{""dividend_amount"": 0.171}"
2019-10-02,112.7300033569336,113.18000030517578,112.70999908447266,113.0,95.5705795288086,3908600,
2019-10-03,113.16000366210938,113.87999725341797,113.13999938964844,113.58999633789062,96.0696029663086,6128300,
2019-10-04,113.58000183105469,113.88999938964844,113.51000213623047,113.80999755859375,96.25567626953125,4707600,
2019-10-07,113.55999755859375,113.68000030517578,113.4000015258789,113.43000030517578,95.93428039550781,3193100,
2019-10-08,113.81999969482422,113.87000274658203,113.4800033569336,113.66999816894531,96.13728332519531,4304900,
2019-10-09,113.55000305175781,113.55000305175781,113.19999694824219,113.37999725341797,95.89198303222656,3336800,
2019-10-10,113.05999755859375,113.08000183105469,112.55999755859375,112.66999816894531,95.29150390625,3924400,
2019-10-11,112.12999725341797,112.18000030517578,111.72000122070312,111.9000015258789,94.64027404785156,8685300,
2019-10-14,112.25,112.29000091552734,112.16000366210938,112.20999908447266,94.90243530273438,1932200,
2019-10-15,112.16000366210938,112.23999786376953,111.63999938964844,111.66999816894531,94.44575500488281,6638500,
2019-10-16,111.83999633789062,112.0199966430664,111.75,111.88999938964844,94.63180541992188,2755500,
2019-10-17,111.80000305175781,112.08999633789062,111.72000122070312,111.8499984741211,94.59796905517578,3188700,
2019-10-18,111.91999816894531,112.12000274658203,111.87000274658203,111.94999694824219,94.68254852294922,2406400,
2019-10-21,111.66000366210938,111.79000091552734,111.51000213623047,111.54000091552734,94.3357925415039,1735300,
2019-10-22,111.80999755859375,111.8499984741211,111.5,111.80000305175781,94.55570983886719,3334400,
2019-10-23,112.0199966430664,112.06999969482422,111.79000091552734,111.83999633789062,94.58951568603516,3305600,
2019-10-24,111.88999938964844,112.06999969482422,111.77999877929688,111.81999969482422,94.57261657714844,2645400,
2019-10-25,111.9000015258789,111.91999816894531,111.41999816894531,111.58000183105469,94.36963653564453,2381000,
2019-10-28,111.19000244140625,111.22000122070312,111.05000305175781,111.16000366210938,94.01445007324219,5837600,
2019-10-29,111.30000305175781,111.3499984741211,111.1500015258789,111.26000213623047,94.09896850585938,2199500,
2019-10-30,111.3499984741211,111.80999755859375,111.30999755859375,111.80000305175781,94.55570983886719,5276700,
2019-10-31,112.11000061035156,112.58000183105469,112.06999969482422,112.51000213623047,95.15618896484375,5540700,
2019-11-01,112.18000030517578,112.41999816894531,111.87999725341797,112.12999725341797,94.97663116455078,8149400,"{""dividend_amount"": 0.168}"
2019-11-04,111.62999725341797,111.69000244140625,111.5,111.55999755859375,94.49381256103516,4145200,
2019-11-05,111.12999725341797,111.16999816894531,110.8499984741211,110.95999908447266,93.985595703125,6853500,
2019-11-06,111.19000244140625,111.38999938964844,110.9800033569336,111.27999877929688,94.25665283203125,4129800,
2019-11-07,110.70999908447266,110.70999908447266,109.9800033569336,110.38999938964844,93.50277709960938,5890100,
2019-11-08,110.29000091552734,110.63999938964844,110.23999786376953,110.23999786376953,93.37572479248047,3037300,
2019-11-11,110.48999786376953,110.5199966430664,110.23999786376953,110.36000061035156,93.47738647460938,1563000,
2019-11-12,110.3499984741211,110.5,110.18000030517578,110.41000366210938,93.51972961425781,4446200,
2019-11-13,110.81999969482422,110.86000061035156,110.62999725341797,110.70999908447266,93.77388000488281,2475200,
2019-11-14,111.19000244140625,111.4000015258789,111.13999938964844,111.2699966430664,94.2481689453125,3189600,
2019-11-15,111.08999633789062,111.29000091552734,111.08000183105469,111.18000030517578,94.17195129394531,2104500,
2019-11-18,111.36000061035156,111.48999786376953,111.33000183105469,111.37000274658203,94.33287048339844,1893600,
2019-11-19,111.38999938964844,111.62000274658203,111.38999938964844,111.58000183105469,94.51074981689453,8306500,
2019-11-20,111.80000305175781,112.0199966430664,111.72000122070312,111.98999786376953,94.85800170898438,3838000,
2019-11-21,111.72000122070312,111.83000183105469,111.56999969482422,111.70999908447266,94.62085723876953,3034700,
2019-11-22,111.7699966430664,111.80999755859375,111.5999984741211,111.69000244140625,94.60393524169922,1879700,
2019-11-25,111.69999694824219,111.77999877929688,111.68000030517578,111.73999786376953,94.6462631225586,3573100,
2019-11-26,111.91000366210938,111.98999786376953,111.8499984741211,111.94999694824219,94.8241195678711,3579300,
2019-11-27,111.72000122070312,111.7699966430664,111.61000061035156,111.66000366210938,94.57852172851562,2351800,
2019-11-29,111.62000274658203,111.62999725341797,111.44000244140625,111.56999969482422,94.50225830078125,2882300,
2019-12-02,110.87000274658203,111.12000274658203,110.80999755859375,111.01000213623047,94.16300201416016,6826400,"{""dividend_amount"": 0.16}"
2019-12-03,111.58000183105469,112.16999816894531,111.56999969482422,112.0,95.00271606445312,6561900,
2019-12-04,111.7699966430664,111.86000061035156,111.38999938964844,111.56999969482422,94.63798522949219,2072200,
2019-12-05,111.1500015258789,111.41999816894531,111.13999938964844,111.30999755859375,94.41747283935547,3062000,
2019-12-06,110.87999725341797,111.19000244140625,110.83000183105469,110.97000122070312,94.12905883789062,2717400,
2019-12-09,111.20999908447266,111.22000122070312,111.04000091552734,111.05999755859375,94.20539093017578,1928500,
2019-12-10,111.1500015258789,111.19000244140625,110.91000366210938,110.93000030517578,94.0951156616211,1707000,
2019-12-11,111.0999984741211,111.47000122070312,111.08000183105469,111.38999938964844,94.48535919189453,2462600,
2019-12-12,111.27999877929688,111.30000305175781,110.30999755859375,110.51000213623047,93.73886108398438,5490400,
2019-12-13,110.80999755859375,111.2300033569336,110.4800033569336,111.16000366210938,94.29024505615234,4162000,
2019-12-16,110.87999725341797,110.87999725341797,110.56999969482422,110.63999938964844,93.84912872314453,3028500,
2019-12-17,110.7699966430664,110.81999969482422,110.58000183105469,110.6500015258789,93.85762786865234,3471400,
2019-12-18,110.58000183105469,110.61000061035156,110.2300033569336,110.3499984741211,93.60315704345703,2249500,
2019-12-19,110.12000274658203,110.41999816894531,110.08000183105469,110.27999877929688,93.67618560791016,1962500,"{""dividend_amount"": 0.156}"
2019-12-20,110.11000061035156,110.30000305175781,110.08000183105469,110.27999877929688,93.67618560791016,4660500,
2019-12-23,110.30999755859375,110.37999725341797,110.08999633789062,110.18000030517578,93.59123992919922,1809400,
2019-12-24,110.04000091552734,110.41000366210938,110.04000091552734,110.37000274658203,93.7526626586914,857600,
2019-12-26,110.41000366210938,110.52999877929688,110.2699966430664,110.52999877929688,93.88856506347656,1285100,
2019-12-27,110.62000274658203,110.7300033569336,110.62000274658203,110.69000244140625,94.02445983886719,1771100,
2019-12-30,110.30999755859375,110.62000274658203,110.23999786376953,110.62000274658203,93.96501159667969,2035400,
2019-12-31,110.44000244140625,110.48999786376953,110.20999908447266,110.22000122070312,93.62525177001953,2801600,
2020-01-02,110.69000244140625,110.94999694824219,110.62999725341797,110.7300033569336,94.05842590332031,4022300,
2020-01-03,111.1500015258789,111.48999786376953,111.04000091552734,111.47000122070312,94.68702697753906,3839600,
2020-01-06,111.66000366210938,111.66999816894531,111.26000213623047,111.3499984741211,94.58509826660156,2714300,
2020-01-07,111.33000183105469,111.43000030517578,111.19000244140625,111.19000244140625,94.4491958618164,2038800,
2020-01-08,111.29000091552734,111.41999816894531,110.79000091552734,110.93000030517578,94.22832489013672,5081100,
2020-01-09,110.68000030517578,111.04000091552734,110.62999725341797,111.01000213623047,94.29631805419922,3680600,
2020-01-10,111.08999633789062,111.31999969482422,111.08999633789062,111.25,94.50017547607422,2600000,
2020-01-13,111.11000061035156,111.13999938964844,110.9800033569336,111.12000274658203,94.38976287841797,2672600,
2020-01-14,111.18000030517578,111.36000061035156,111.16000366210938,111.33999633789062,94.57661437988281,2376300,
2020-01-15,111.55000305175781,111.62000274658203,111.43000030517578,111.62000274658203,94.81444549560547,2734800,
2020-01-16,111.44999694824219,111.51000213623047,111.30000305175781,111.38999938964844,94.61911010742188,2200500,
2020-01-17,111.12999725341797,111.30000305175781,111.08999633789062,111.30000305175781,94.54264068603516,2627000,
2020-01-21,111.55000305175781,111.77999877929688,111.54000091552734,111.73999786376953,94.91636657714844,2355600,
2020-01-22,111.73999786376953,111.81999969482422,111.68000030517578,111.76000213623047,94.93338012695312,1787600,
2020-01-23,112.02999877929688,112.23999786376953,111.98999786376953,112.04000091552734,95.17122650146484,1891300,
2020-01-24,112.18000030517578,112.61000061035156,112.16000366210938,112.44000244140625,95.510986328125,7932600,
2020-01-27,113.19000244140625,113.20999908447266,113.02999877929688,113.19999694824219,96.15656280517578,3824600,
2020-01-28,113.08999633789062,113.12000274658203,112.77999877929688,112.81999969482422,95.83380126953125,1923600,
2020-01-29,112.97000122070312,113.41000366210938,112.97000122070312,113.36000061035156,96.29246520996094,2429500,
2020-01-30,113.55000305175781,113.83000183105469,113.4000015258789,113.47000122070312,96.38591003417969,4405500,
2020-01-31,113.72000122070312,114.12000274658203,113.69000244140625,114.04000091552734,96.8701171875,9764500,
2020-02-03,113.61000061035156,113.83999633789062,113.31999969482422,113.79000091552734,96.78759002685547,5722100,"{""dividend_amount"": 0.153}"
2020-02-04,113.23999786376953,113.25,112.95999908447266,113.12999725341797,96.22620391845703,2569600,
2020-02-05,112.70999908447266,112.87000274658203,112.62000274658203,112.63999938964844,95.80941009521484,9027500,
2020-02-06,112.61000061035156,112.80000305175781,112.55999755859375,112.72000122070312,95.87744903564453,1697100,
2020-02-07,113.18000030517578,113.36000061035156,113.08999633789062,113.26000213623047,96.3367919921875,6177900,
2020-02-10,113.5,113.62000274658203,113.37000274658203,113.4800033569336,96.5239028930664,1909100,
2020-02-11,113.33000183105469,113.37000274658203,113.13999938964844,113.20999908447266,96.29427337646484,1657100,
2020-02-12,112.97000122070312,112.98999786376953,112.83000183105469,112.91999816894531,96.0475845336914,1473800,
2020-02-13,112.9800033569336,113.13999938964844,112.94000244140625,113.0199966430664,96.13263702392578,1868000,
2020-02-14,113.2699966430664,113.37000274658203,113.20999908447266,113.30000305175781,96.3708267211914,2043600,
2020-02-18,113.44999694824219,113.6500015258789,113.3499984741211,113.4800033569336,96.5239028930664,8356600,
2020-02-19,113.36000061035156,113.51000213623047,113.30000305175781,113.45999908447266,96.50687408447266,1681800,
2020-02-20,113.62999725341797,113.94000244140625,113.62000274658203,113.79000091552734,96.78759002685547,3452900,
2020-02-21,114.08999633789062,114.52999877929688,114.08000183105469,114.25,97.17884826660156,5381000,
2020-02-24,115.19999694824219,115.29000091552734,115.0199966430664,115.13999938964844,97.93586730957031,6803600,
2020-02-25,115.11000061035156,115.70999908447266,115.08000183105469,115.45999908447266,98.20801544189453,10014300,
2020-02-26,115.20999908447266,115.79000091552734,115.08999633789062,115.4000015258789,98.15702056884766,19649400,
2020-02-27,116.13999938964844,116.33999633789062,115.58000183105469,115.95999908447266,98.63336181640625,8629700,
2020-02-28,116.88999938964844,117.44999694824219,116.76000213623047,117.26000213623047,99.73912811279297,13437000,
2020-03-02,117.55000305175781,117.94000244140625,116.97000122070312,117.04000091552734,99.67097473144531,19402100,"{""dividend_amount"": 0.14}"
2020-03-03,117.16000366210938,119.29000091552734,117.02999877929688,118.4000015258789,100.82913970947266,11462300,
2020-03-04,118.56999969482422,118.91000366210938,118.05000305175781,118.13999938964844,100.60774230957031,7627100,
2020-03-05,119.0,119.31999969482422,118.91999816894531,119.19000244140625,101.50191497802734,5284200,
2020-03-06,120.9800033569336,121.30999755859375,120.08999633789062,120.4000015258789,102.53234100341797,11614800,
2020-03-09,123.25,123.41000366210938,121.44999694824219,121.4800033569336,103.45207214355469,24791700,
2020-03-10,120.87999725341797,121.76000213623047,119.25,119.25,101.55298614501953,15072900,
2020-03-11,120.2699966430664,120.58999633789062,117.5999984741211,118.05999755859375,100.53961944580078,13316100,
2020-03-12,120.1500015258789,120.7699966430664,114.4000015258789,118.12000274658203,100.59069061279297,10671600,
2020-03-13,117.80000305175781,118.9800033569336,117.01000213623047,117.3499984741211,99.93497467041016,8697200,
2020-03-16,120.02999877929688,120.68000030517578,119.0,120.44999694824219,102.57492065429688,6971700,
2020-03-17,119.91000366210938,120.29000091552734,117.41999816894531,117.43000030517578,100.00310516357422,5680300,
2020-03-18,116.5999984741211,117.80000305175781,115.33999633789062,115.80000305175781,98.61498260498047,13256300,
2020-03-19,116.13999938964844,117.62999725341797,115.91999816894531,116.18000030517578,98.93862915039062,6702900,
2020-03-20,117.63999938964844,119.87999725341797,117.41000366210938,119.13999938964844,101.45933532714844,9641600,
2020-03-23,119.44999694824219,121.05999755859375,119.44999694824219,120.55000305175781,102.66006469726562,12234700,
2020-03-24,119.5199966430664,119.97000122070312,119.26000213623047,119.7300033569336,101.96176147460938,5235500,
2020-03-25,119.76000213623047,120.26000213623047,119.4000015258789,119.80000305175781,102.02134704589844,5527600,
2020-03-26,120.19000244140625,120.5,119.91000366210938,120.08999633789062,102.26834106445312,3384400,
2020-03-27,120.80999755859375,121.38999938964844,120.68000030517578,120.9800033569336,103.0262680053711,5282300,
2020-03-30,121.79000091552734,122.08999633789062,121.18000030517578,121.26000213623047,103.26473236083984,4649400,
2020-03-31,121.44999694824219,121.80999755859375,121.30999755859375,121.4800033569336,103.45207214355469,6356500,
2020-04-01,122.12999725341797,122.26000213623047,121.7300033569336,121.83000183105469,103.87322998046875,9256400,"{""dividend_amount"": 0.144}"
2020-04-02,122.16999816894531,122.22000122070312,121.66999816894531,121.8499984741211,103.89030456542969,4789400,
2020-04-03,122.04000091552734,122.29000091552734,121.81999969482422,121.94000244140625,103.96703338623047,3441100,
2020-04-06,121.52999877929688,121.5999984741211,121.27999877929688,121.38999938964844,103.49812316894531,4697500,
2020-04-07,120.55000305175781,120.88999938964844,120.2699966430664,120.8499984741211,103.03771209716797,9340600,
2020-04-08,120.5999984741211,120.87000274658203,120.45999908447266,120.69999694824219,102.90982818603516,3341000,
2020-04-09,120.63999938964844,121.11000061035156,120.52999877929688,120.95999908447266,103.13147735595703,4543600,
2020-04-13,120.8499984741211,121.0199966430664,120.66999816894531,120.69999694824219,102.90982818603516,2103100,
2020-04-14,120.83999633789062,121.05000305175781,120.80000305175781,120.86000061035156,103.0462417602539,2180100,
2020-04-15,121.5199966430664,122.02999877929688,121.4800033569336,121.94000244140625,103.96703338623047,3137400,
2020-04-16,122.11000061035156,122.25,121.98999786376953,122.06999969482422,104.0779037475586,1901600,
2020-04-17,121.97000122070312,122.30000305175781,121.63999938964844,121.75,103.80504608154297,2375000,
2020-04-20,121.9800033569336,122.08000183105469,121.79000091552734,122.06999969482422,104.0779037475586,4230700,
2020-04-21,122.56999969482422,122.69000244140625,122.30000305175781,122.41000366210938,104.36779022216797,3287700,
2020-04-22,122.12999725341797,122.25,121.80999755859375,122.02999877929688,104.04378509521484,3168700,
2020-04-23,121.97000122070312,122.13999938964844,121.87000274658203,122.11000061035156,104.11198425292969,2345900,
2020-04-24,121.88999938964844,122.1500015258789,121.87999725341797,122.13999938964844,104.13754272460938,2373500,
2020-04-27,121.8499984741211,121.87999725341797,121.45999908447266,121.48999786376953,103.58336639404297,2508100,
2020-04-28,121.75,122.08999633789062,121.73999786376953,122.0199966430664,104.03526306152344,2847600,
2020-04-29,122.02999877929688,122.20999908447266,121.70999908447266,121.95999908447266,103.98410034179688,2600100,
2020-04-30,122.05000305175781,122.26000213623047,121.66999816894531,121.66999816894531,103.73687744140625,5371500,
2020-05-01,121.79000091552734,121.91000366210938,121.56999969482422,121.70999908447266,103.8802261352539,8357700,"{""dividend_amount"": 0.128}"
2020-05-04,121.68000030517578,121.81999969482422,121.55000305175781,121.7300033569336,103.89729309082031,3580500,
2020-05-05,121.44999694824219,121.68000030517578,121.37000274658203,121.63999938964844,103.8204574584961,3487600,
2020-05-06,120.98999786376953,121.27999877929688,120.8499984741211,121.19000244140625,103.43640899658203,3279500,
2020-05-07,121.30000305175781,121.9800033569336,121.26000213623047,121.93000030517578,104.0680160522461,3252800,
2020-05-08,121.62000274658203,121.9800033569336,121.44000244140625,121.52999877929688,103.72663116455078,3486800,
2020-05-11,121.51000213623047,121.58000183105469,121.08999633789062,121.19000244140625,103.43640899658203,4569400,
2020-05-12,121.12999725341797,121.62999725341797,121.11000061035156,121.58999633789062,103.7778091430664,4267700,
2020-05-13,121.73999786376953,121.98999786376953,121.6500015258789,121.83999633789062,103.99118041992188,2615800,
2020-05-14,122.05000305175781,122.20999908447266,121.9800033569336,122.02999877929688,104.15338134765625,2257600,
2020-05-15,122.19999694824219,122.2300033569336,121.86000061035156,121.94999694824219,104.08503723144531,1828900,
2020-05-18,121.66000366210938,121.66999816894531,121.05999755859375,121.19999694824219,103.44495391845703,3091200,
2020-05-19,121.16999816894531,121.55999755859375,121.16999816894531,121.54000091552734,103.73514556884766,1941700,
2020-05-20,121.37000274658203,121.70999908447266,121.27999877929688,121.56999969482422,103.76075744628906,2366700,
2020-05-21,121.69000244140625,121.8499984741211,121.5999984741211,121.6500015258789,103.82897186279297,2063800,
2020-05-22,121.70999908447266,121.87999725341797,121.69000244140625,121.87999725341797,104.02535247802734,1352400,
2020-05-26,121.5,121.62999725341797,121.38999938964844,121.55999755859375,103.75220489501953,3484800,
2020-05-27,121.48999786376953,121.83999633789062,121.4800033569336,121.66000366210938,103.83755493164062,2542900,
2020-05-28,121.44000244140625,121.61000061035156,121.37000274658203,121.55000305175781,103.74368286132812,3873900,
2020-05-29,121.75,121.98999786376953,121.62999725341797,121.94000244140625,104.07654571533203,2993800,
2020-06-01,121.62000274658203,121.7699966430664,121.48999786376953,121.7699966430664,104.03556060791016,8531700,"{""dividend_amount"": 0.122}"
2020-06-02,121.62999725341797,121.73999786376953,121.48999786376953,121.56999969482422,103.86463928222656,4711800,
2020-06-03,121.16999816894531,121.19000244140625,120.75,120.8499984741211,103.24948120117188,4226600,
2020-06-04,120.66000366210938,120.66999816894531,120.30999755859375,120.37000274658203,102.83940887451172,4744100,
2020-06-05,119.5999984741211,119.80999755859375,119.3499984741211,119.7699966430664,102.3268051147461,10611700,
2020-06-08,119.66999816894531,120.01000213623047,119.66000366210938,119.9000015258789,102.43785095214844,3314700,
2020-06-09,120.37000274658203,120.52999877929688,120.25,120.33000183105469,102.80525970458984,3238600,
2020-06-10,120.61000061035156,121.2300033569336,120.55000305175781,121.2300033569336,103.57418823242188,4944600,
2020-06-11,121.68000030517578,121.8499984741211,121.58999633789062,121.66000366210938,103.94153594970703,6365800,
2020-06-12,121.44000244140625,121.66000366210938,121.33000183105469,121.38999938964844,103.71084594726562,3051000,
2020-06-15,121.66000366210938,121.73999786376953,121.29000091552734,121.29000091552734,103.6254653930664,2658000,
2020-06-16,120.83999633789062,121.2699966430664,120.7300033569336,121.04000091552734,103.4118423461914,5252000,
2020-06-17,121.16000366210938,121.2699966430664,120.97000122070312,121.2300033569336,103.57418823242188,2308300,
2020-06-18,121.51000213623047,121.55999755859375,121.41999816894531,121.5,103.8048324584961,1694600,
2020-06-19,121.2300033569336,121.61000061035156,121.2300033569336,121.54000091552734,103.83902740478516,2033200,
2020-06-22,121.66000366210938,121.70999908447266,121.37000274658203,121.43000030517578,103.74504852294922,2284900,
2020-06-23,121.30999755859375,121.43000030517578,121.23999786376953,121.38999938964844,103.71084594726562,2010600,
2020-06-24,121.29000091552734,121.66000366210938,121.29000091552734,121.62000274658203,103.90737915039062,2310700,
2020-06-25,121.80000305175781,121.83000183105469,121.61000061035156,121.63999938964844,103.92443084716797,1650900,
2020-06-26,121.80000305175781,122.06999969482422,121.77999877929688,121.97000122070312,104.20641326904297,3413900,
2020-06-29,121.93000030517578,122.13999938964844,121.91999816894531,122.08999633789062,104.30890655517578,28632400,
2020-06-30,122.1500015258789,122.19000244140625,121.79000091552734,121.87000274658203,104.12096405029297,4126700,
2020-07-01,121.52999877929688,121.66000366210938,121.3499984741211,121.56999969482422,103.9584732055664,8416500,"{""dividend_amount"": 0.11}"
2020-07-02,121.44000244140625,121.73999786376953,121.3499984741211,121.72000122070312,104.08675384521484,3054100,
2020-07-06,121.41000366210938,121.55999755859375,121.29000091552734,121.54000091552734,103.93282318115234,2821900,
2020-07-07,121.62999725341797,121.94000244140625,121.56999969482422,121.93000030517578,104.2663345336914,2920400,
2020-07-08,121.72000122070312,121.87000274658203,121.61000061035156,121.73999786376953,104.1038589477539,2096700,
2020-07-09,121.7699966430664,122.23999786376953,121.76000213623047,122.12999725341797,104.43731689453125,2769400,
2020-07-10,122.25,122.29000091552734,121.8499984741211,121.88999938964844,104.23212432861328,1939000,
2020-07-13,121.70999908447266,122.04000091552734,121.68000030517578,122.0199966430664,104.34326934814453,2051100,
2020-07-14,122.18000030517578,122.2300033569336,121.98999786376953,122.01000213623047,104.33470916748047,1721500,
2020-07-15,121.83000183105469,122.08999633789062,121.81999969482422,121.97000122070312,104.30056762695312,2085400,
2020-07-16,122.16000366210938,122.25,122.05999755859375,122.05999755859375,104.37751770019531,1907100,
2020-07-17,122.12000274658203,122.1500015258789,121.97000122070312,122.02999877929688,104.35186767578125,2405200,
2020-07-20,122.19999694824219,122.22000122070312,122.0199966430664,122.11000061035156,104.4202651977539,2695900,
2020-07-21,122.16000366210938,122.27999877929688,122.12000274658203,122.23999786376953,104.53144073486328,3228400,
2020-07-22,122.38999938964844,122.38999938964844,122.23999786376953,122.27999877929688,104.56563568115234,2431500,
2020-07-23,122.43000030517578,122.44999694824219,122.29000091552734,122.4000015258789,104.66826629638672,2006500,
2020-07-24,122.30000305175781,122.43000030517578,122.2699966430664,122.33999633789062,104.61695098876953,3395600,
2020-07-27,122.44000244140625,122.45999908447266,122.12000274658203,122.1500015258789,104.45445251464844,1976500,
2020-07-28,122.30000305175781,122.47000122070312,122.26000213623047,122.44000244140625,104.70243835449219,1870300,
2020-07-29,122.44999694824219,122.5999984741211,122.30999755859375,122.5999984741211,104.83927154541016,1874200,
2020-07-30,122.75,122.77999877929688,122.66999816894531,122.7699966430664,104.984619140625,28331800,
2020-07-31,122.63999938964844,122.88999938964844,122.58999633789062,122.80000305175781,105.01029968261719,4039200,
2020-08-03,122.5199966430664,122.6500015258789,122.45999908447266,122.63999938964844,104.9589614868164,6595900,"{""dividend_amount"": 0.1}"
2020-08-04,122.83000183105469,123.08999633789062,122.79000091552734,123.05999755859375,105.31837463378906,3842000,
2020-08-05,122.75,122.77999877929688,122.61000061035156,122.6500015258789,104.96753692626953,2423700,
2020-08-06,122.88999938964844,123.05999755859375,122.7300033569336,122.79000091552734,105.08733367919922,2286500,
2020-08-07,122.83000183105469,122.9000015258789,122.48999786376953,122.52999877929688,104.86481475830078,2363400,
2020-08-10,122.69999694824219,122.72000122070312,122.4000015258789,122.4000015258789,104.75357055664062,1994900,
2020-08-11,121.95999908447266,122.04000091552734,121.69000244140625,121.9800033569336,104.39411163330078,7166500,
2020-08-12,121.6500015258789,121.76000213623047,121.47000122070312,121.62000274658203,104.08599090576172,5538100,
2020-08-13,121.5999984741211,121.70999908447266,121.25,121.37000274658203,103.8720474243164,5748400,
2020-08-14,121.4800033569336,121.58999633789062,121.41999816894531,121.43000030517578,103.92338562011719,2722800,
2020-08-17,121.69000244140625,121.83000183105469,121.5999984741211,121.62999725341797,104.09453582763672,3357700,
2020-08-18,121.76000213623047,121.91999816894531,121.69000244140625,121.83999633789062,104.27425384521484,1853600,
2020-08-19,121.9000015258789,121.97000122070312,121.6500015258789,121.68000030517578,104.1373519897461,4493800,
2020-08-20,122.05000305175781,122.08000183105469,121.94999694824219,122.02999877929688,104.43692779541016,2880300,
2020-08-21,122.11000061035156,122.1500015258789,121.91999816894531,122.12000274658203,104.51392364501953,2103700,
2020-08-24,122.08999633789062,122.20999908447266,121.93000030517578,121.94999694824219,104.368408203125,1974900,
2020-08-25,121.55999755859375,121.72000122070312,121.38999938964844,121.66000366210938,104.12024688720703,3562800,
2020-08-26,121.54000091552734,121.66999816894531,121.37999725341797,121.61000061035156,104.07748413085938,3337400,
2020-08-27,121.87000274658203,121.87000274658203,121.18000030517578,121.18000030517578,103.70942687988281,4672900,
2020-08-28,121.41000366210938,121.52999877929688,121.26000213623047,121.37999725341797,103.8805923461914,2277200,
2020-08-31,121.4000015258789,121.70999908447266,121.37999725341797,121.51000213623047,103.99186706542969,3273300,
2020-09-01,121.4000015258789,121.81999969482422,121.30000305175781,121.81999969482422,104.33274841308594,4622900,"{""dividend_amount"": 0.088}"
2020-09-02,121.72000122070312,122.04000091552734,121.69999694824219,121.98999786376953,104.47831726074219,3013400,
2020-09-03,122.08000183105469,122.38999938964844,122.0199966430664,122.1500015258789,104.61534881591797,5750500,
2020-09-04,121.83000183105469,121.91999816894531,121.37999725341797,121.47000122070312,104.03296661376953,7512800,
2020-09-08,121.73999786376953,121.91999816894531,121.69999694824219,121.7300033569336,104.25563049316406,3442700,
2020-09-09,121.76000213623047,121.83000183105469,121.54000091552734,121.66999816894531,104.20423889160156,3964300,
2020-09-10,121.51000213623047,121.83999633789062,121.44000244140625,121.81999969482422,104.33274841308594,3164200,
2020-09-11,121.87999725341797,122.01000213623047,121.83999633789062,122.01000213623047,104.49542999267578,4905000,
2020-09-14,122.0199966430664,122.0999984741211,121.83000183105469,121.9000015258789,104.40122985839844,1797100,
2020-09-15,121.83000183105469,121.9000015258789,121.76000213623047,121.83999633789062,104.34982299804688,2897600,
2020-09-16,122.0,122.0,121.66000366210938,121.7699966430664,104.28994750976562,4015700,
2020-09-17,122.05000305175781,122.05000305175781,121.7699966430664,121.80999755859375,104.32420349121094,3426800,
2020-09-18,121.8499984741211,121.87999725341797,121.69999694824219,121.69999694824219,104.22992706298828,5606900,
2020-09-21,122.01000213623047,122.1500015258789,121.9000015258789,121.91999816894531,104.41835021972656,5838100,
2020-09-22,121.91999816894531,122.02999877929688,121.87999725341797,121.91999816894531,104.41835021972656,3387900,
2020-09-23,121.91999816894531,121.95999908447266,121.76000213623047,121.91999816894531,104.41835021972656,3172000,
2020-09-24,121.97000122070312,122.0199966430664,121.91000366210938,121.9800033569336,104.4697494506836,2866900,
2020-09-25,122.05999755859375,122.12000274658203,122.0,122.08000183105469,104.55542755126953,2187400,
2020-09-28,122.04000091552734,122.08000183105469,122.0,122.05999755859375,104.53826904296875,4167200,
2020-09-29,122.12999725341797,122.22000122070312,122.08999633789062,122.1500015258789,104.61534881591797,2577100,
2020-09-30,122.02999877929688,122.02999877929688,121.66000366210938,121.81999969482422,104.33274841308594,4276400,
2020-10-01,121.52999877929688,121.9000015258789,121.43000030517578,121.80999755859375,104.39183807373047,8733800,"{""dividend_amount"": 0.079}"
2020-10-02,121.91000366210938,121.93000030517578,121.5999984741211,121.69000244140625,104.28902435302734,7509700,
2020-10-05,121.3499984741211,121.36000061035156,120.91999816894531,120.91999816894531,103.62913513183594,6132200,
2020-10-06,120.94999694824219,121.4000015258789,120.87000274658203,121.19999694824219,103.86908721923828,8516400,
2020-10-07,120.97000122070312,121.0999984741211,120.77999877929688,120.8499984741211,103.56907653808594,7116700,
2020-10-08,120.98999786376953,121.08999633789062,120.94000244140625,121.06999969482422,103.7576675415039,3499000,
2020-10-09,120.97000122070312,121.12999725341797,120.77999877929688,121.01000213623047,103.70623779296875,4358500,
2020-10-12,121.05999755859375,121.13999938964844,120.98999786376953,121.13999938964844,103.81763458251953,3287900,
2020-10-13,121.2699966430664,121.43000030517578,121.2699966430664,121.41000366210938,104.04904174804688,6583300,
2020-10-14,121.4800033569336,121.55000305175781,121.4000015258789,121.44999694824219,104.08334350585938,5200600,
2020-10-15,121.58000183105469,121.5999984741211,121.29000091552734,121.31999969482422,103.97191619873047,3839200,
2020-10-16,121.31999969482422,121.45999908447266,121.20999908447266,121.25,103.91194152832031,2726200,
2020-10-19,121.0199966430664,121.12999725341797,120.9000015258789,121.05000305175781,103.74053955078125,3635800,
2020-10-20,120.9000015258789,120.9800033569336,120.75,120.79000091552734,103.5177230834961,6129700,
2020-10-21,120.63999938964844,120.76000213623047,120.55999755859375,120.62999725341797,103.38056182861328,6425300,
2020-10-22,120.52999877929688,120.56999969482422,120.19999694824219,120.20999908447266,103.0206298828125,6749000,
2020-10-23,120.19000244140625,120.48999786376953,120.18000030517578,120.37999725341797,103.16632843017578,5049900,
2020-10-26,120.63999938964844,120.83000183105469,120.58999633789062,120.69999694824219,103.44055938720703,4817800,
2020-10-27,120.87000274658203,121.01000213623047,120.81999969482422,120.97000122070312,103.67196655273438,3620100,
2020-10-28,121.1500015258789,121.18000030517578,120.87999725341797,120.95999908447266,103.66340637207031,5586600,
2020-10-29,120.91999816894531,120.94000244140625,120.37000274658203,120.44999694824219,103.226318359375,7504800,
2020-10-30,120.4000015258789,120.44999694824219,120.05999755859375,120.05999755859375,102.89208984375,7246800,
2020-11-02,120.33999633789062,120.41999816894531,120.12999725341797,120.19000244140625,103.0687484741211,7674300,"{""dividend_amount"": 0.076}"
2020-11-03,120.01000213623047,120.02999877929688,119.83000183105469,119.91999816894531,102.83724212646484,9203500,
2020-11-04,120.93000030517578,121.05999755859375,120.77999877929688,120.93000030517578,103.70333862304688,14922300,
2020-11-05,120.9800033569336,121.0199966430664,120.7699966430664,120.91000366210938,103.68619537353516,6250700,
2020-11-06,120.52999877929688,120.58999633789062,120.36000061035156,120.5,103.3345947265625,10402200,
2020-11-09,119.58999633789062,119.62999725341797,119.19000244140625,119.61000061035156,102.5713882446289,11195800,
2020-11-10,119.22000122070312,119.5,119.20999908447266,119.2699966430664,102.27980041503906,4810500,
2020-11-11,119.27999877929688,119.51000213623047,119.26000213623047,119.45999908447266,102.44275665283203,1699900,
2020-11-12,119.81999969482422,120.1500015258789,119.77999877929688,120.13999938964844,103.02588653564453,6324000,
2020-11-13,120.08999633789062,120.12999725341797,119.95999908447266,119.9800033569336,102.88865661621094,6766000,
2020-11-16,119.9000015258789,120.0,119.87999725341797,119.88999938964844,102.81150817871094,3911400,
2020-11-17,120.12000274658203,120.25,120.08999633789062,120.19999694824219,103.07733154296875,4707900,
2020-11-18,120.27999877929688,120.27999877929688,119.98999786376953,120.16000366210938,103.04303741455078,7931200,
2020-11-19,120.29000091552734,120.41000366210938,120.25,120.29000091552734,103.15452575683594,9323000,
2020-11-20,120.3499984741211,120.5199966430664,120.33000183105469,120.5,103.3345947265625,16772200,
2020-11-23,120.33999633789062,120.36000061035156,120.19999694824219,120.26000213623047,103.12873840332031,2511900,
2020-11-24,120.16999816894531,120.19000244140625,120.01000213623047,120.06999969482422,102.9658203125,4349300,
2020-11-25,120.16000366210938,120.33000183105469,120.0999984741211,120.11000061035156,103.0001449584961,2125500,
2020-11-27,120.30999755859375,120.47000122070312,120.30000305175781,120.47000122070312,103.30886840820312,2988100,
2020-11-30,120.41999816894531,120.51000213623047,120.3499984741211,120.38999938964844,103.24022674560547,2390900,
2020-12-01,119.97000122070312,120.01000213623047,119.52999877929688,119.66999816894531,102.69107055664062,13902200,"{""dividend_amount"": 0.08}"
2020-12-02,119.55999755859375,119.58000183105469,119.30000305175781,119.47000122070312,102.51942443847656,5578500,
2020-12-03,119.6500015258789,119.9000015258789,119.5999984741211,119.79000091552734,102.7940444946289,4484900,
2020-12-04,119.41000366210938,119.44000244140625,119.19999694824219,119.31999969482422,102.3907241821289,4709100,
2020-12-07,119.61000061035156,119.76000213623047,119.58999633789062,119.69000244140625,102.70823669433594,4441600,
2020-12-08,119.91000366210938,120.04000091552734,119.80000305175781,119.80999755859375,102.81121063232422,4735700,
2020-12-09,119.58999633789062,119.7699966430664,119.47000122070312,119.63999938964844,102.66532897949219,3444100,
2020-12-10,119.73999786376953,119.94999694824219,119.63999938964844,119.91000366210938,102.89704895019531,3557600,
2020-12-11,120.08000183105469,120.2699966430664,120.05000305175781,120.1500015258789,103.1029281616211,4336600,
2020-12-14,119.83999633789062,120.16000366210938,119.77999877929688,120.08000183105469,103.04290771484375,2870600,
2020-12-15,119.93000030517578,120.02999877929688,119.83999633789062,119.95999908447266,102.93990325927734,2889200,
2020-12-16,119.69000244140625,120.0,119.63999938964844,119.86000061035156,102.8541259765625,5058400,
2020-12-17,119.98999786376953,120.06999969482422,119.62000274658203,119.69999694824219,102.7793960571289,3233200,"{""dividend_amount"": 0.073}"
2020-12-18,119.79000091552734,119.8499984741211,119.58000183105469,119.5999984741211,102.69354248046875,3189500,
2020-12-21,119.79000091552734,119.83000183105469,119.58000183105469,119.68000030517578,102.76223754882812,2850500,
2020-12-22,119.83000183105469,119.9000015258789,119.70999908447266,119.87999725341797,102.93395233154297,3688500,
2020-12-23,119.6500015258789,119.66000366210938,119.41999816894531,119.62999725341797,102.71929168701172,3047100,
2020-12-24,119.73999786376953,119.80000305175781,119.70999908447266,119.80000305175781,102.86528015136719,1529300,
2020-12-28,119.61000061035156,119.80999755859375,119.54000091552734,119.80999755859375,102.87386322021484,3677500,
2020-12-29,119.63999938964844,119.83000183105469,119.63999938964844,119.79000091552734,102.856689453125,2157300,
2020-12-30,119.73999786376953,119.87000274658203,119.7300033569336,119.87000274658203,102.92537689208984,2549100,
2020-12-31,119.8499984741211,120.0,119.8499984741211,119.94999694824219,102.99406433105469,2626200,
2021-01-04,119.68000030517578,120.05999755859375,119.6500015258789,119.9800033569336,103.01981353759766,5499000,
2021-01-05,119.87000274658203,119.88999938964844,119.58000183105469,119.69999694824219,102.7793960571289,5004400,
2021-01-06,119.12000274658203,119.12000274658203,118.7699966430664,119.0,102.17839813232422,10039300,
2021-01-07,118.58000183105469,118.66000366210938,118.4800033569336,118.58000183105469,101.81773376464844,7751700,
2021-01-08,118.3499984741211,118.43000030517578,118.12999725341797,118.23999786376953,101.52577209472656,8378700,
2021-01-11,118.1500015258789,118.16000366210938,117.98999786376953,118.01000213623047,101.32831573486328,6061000,
2021-01-12,117.7699966430664,118.04000091552734,117.56999969482422,117.98999786376953,101.31111907958984,6516600,
2021-01-13,118.16999816894531,118.55000305175781,118.13999938964844,118.4000015258789,101.66319274902344,7562900,
2021-01-14,118.38999938964844,118.47000122070312,118.02999877929688,118.12999725341797,101.43133544921875,8113000,
2021-01-15,118.37999725341797,118.52999877929688,118.20999908447266,118.44999694824219,101.70610809326172,5978400,
2021-01-19,118.27999877929688,118.5199966430664,118.2300033569336,118.5199966430664,101.76622009277344,4035700,
2021-01-20,118.38999938964844,118.56999969482422,118.36000061035156,118.56999969482422,101.80915069580078,4277700,
2021-01-21,118.37000274658203,118.4800033569336,118.30000305175781,118.4000015258789,101.66319274902344,4254500,
2021-01-22,118.5,118.5999984741211,118.44000244140625,118.58000183105469,101.81773376464844,4706200,
2021-01-25,118.75,119.05999755859375,118.70999908447266,119.05999755859375,102.2298355102539,5689200,
2021-01-26,118.94000244140625,119.05999755859375,118.91999816894531,119.0199966430664,102.1955337524414,4257100,
2021-01-27,119.22000122070312,119.33999633789062,119.12000274658203,119.16000366210938,102.31573486328125,5764700,
2021-01-28,119.0,119.01000213623047,118.72000122070312,118.8499984741211,102.04956817626953,5394200,
2021-01-29,118.51000213623047,118.79000091552734,118.47000122070312,118.63999938964844,101.86927032470703,7952100,
2021-02-01,118.56999969482422,118.7699966430664,118.52999877929688,118.70999908447266,101.99642944335938,3640700,"{""dividend_amount"": 0.078}"
2021-02-02,118.33999633789062,118.45999908447266,118.30000305175781,118.41000366210938,101.73863220214844,3609800,
2021-02-03,118.25,118.30999755859375,118.0999984741211,118.12000274658203,101.489501953125,3844200,
2021-02-04,117.9800033569336,118.12999725341797,117.88999938964844,118.08000183105469,101.45508575439453,2146000,
2021-02-05,118.05000305175781,118.18000030517578,117.83000183105469,117.83000183105469,101.24028778076172,5498000,
2021-02-08,117.80999755859375,118.04000091552734,117.73999786376953,117.87999725341797,101.28327941894531,2861300,
2021-02-09,118.01000213623047,118.12999725341797,117.91999816894531,117.97000122070312,101.36060333251953,4458500,
2021-02-10,118.0999984741211,118.2699966430664,118.08999633789062,118.2699966430664,101.61835479736328,6726800,
2021-02-11,118.2699966430664,118.30999755859375,118.12999725341797,118.18000030517578,101.5410385131836,5949900,
2021-02-12,117.88999938964844,118.0199966430664,117.75,117.79000091552734,101.20594787597656,8802400,
2021-02-16,117.2699966430664,117.37999725341797,116.86000061035156,116.94000244140625,100.4756088256836,8909000,
2021-02-17,117.0199966430664,117.16999816894531,116.87999725341797,117.0199966430664,100.54435729980469,4789700,
2021-02-18,116.83000183105469,117.0999984741211,116.73999786376953,117.01000213623047,100.53575134277344,4469900,
2021-02-19,116.66000366210938,116.7699966430664,116.37000274658203,116.54000091552734,100.13194274902344,5851800,
2021-02-22,116.44999694824219,116.66999816894531,116.26000213623047,116.3499984741211,99.96866607666016,3828000,
2021-02-23,116.2699966430664,116.58000183105469,116.16999816894531,116.44000244140625,100.0460205078125,7344900,
2021-02-24,115.86000061035156,116.33999633789062,115.79000091552734,116.27999877929688,99.90855407714844,7133700,
2021-02-25,115.61000061035156,115.72000122070312,114.0999984741211,114.7300033569336,98.57675170898438,35760600,
2021-02-26,115.13999938964844,115.80999755859375,114.70999908447266,115.76000213623047,99.46173858642578,28188400,
2021-03-01,115.47000122070312,115.69000244140625,115.25,115.55999755859375,99.34996795654297,9616500,"{""dividend_amount"": 0.07}"
2021-03-02,115.45999908447266,115.77999877929688,115.41000366210938,115.7699966430664,99.53052520751953,6271000,
2021-03-03,115.22000122070312,115.23999786376953,114.93000030517578,115.1500015258789,98.99747467041016,8377300,
2021-03-04,115.13999938964844,115.2699966430664,114.41000366210938,114.58000183105469,98.50746154785156,12327900,
2021-03-05,114.12000274658203,114.56999969482422,114.0199966430664,114.41999816894531,98.36991882324219,8634600,
2021-03-08,114.1500015258789,114.18000030517578,113.93000030517578,113.97000122070312,97.98302459716797,7416400,
2021-03-09,114.47000122070312,114.61000061035156,114.29000091552734,114.51000213623047,98.44725799560547,7035000,
2021-03-10,114.51000213623047,114.86000061035156,114.44999694824219,114.75,98.65360260009766,5683100,
2021-03-11,114.73999786376953,114.87000274658203,114.54000091552734,114.70999908447266,98.61917877197266,7576500,
2021-03-12,113.9800033569336,113.98999786376953,113.76000213623047,113.87999725341797,97.9056625366211,7332600,
2021-03-15,113.94999694824219,114.12999725341797,113.91999816894531,114.0199966430664,98.02597045898438,4465500,
2021-03-16,114.1500015258789,114.23999786376953,113.87000274658203,114.0,98.00880432128906,5479400,
2021-03-17,113.56999969482422,114.05000305175781,113.36000061035156,113.80999755859375,97.84545135498047,8975900,
2021-03-18,112.9000015258789,113.2300033569336,112.79000091552734,113.0999984741211,97.23502349853516,8281400,
2021-03-19,112.86000061035156,113.19999694824219,112.83000183105469,113.02999877929688,97.17488098144531,8748100,
2021-03-22,113.31999969482422,113.45999908447266,113.2300033569336,113.4000015258789,97.49296569824219,4679800,
2021-03-23,113.6500015258789,113.9800033569336,113.56999969482422,113.95999908447266,97.97443389892578,7544000,
2021-03-24,113.7300033569336,114.12999725341797,113.69999694824219,114.11000061035156,98.1033706665039,14634800,
2021-03-25,114.16999816894531,114.23999786376953,113.79000091552734,113.95999908447266,97.97443389892578,10573800,
2021-03-26,113.6500015258789,113.88999938964844,113.56999969482422,113.58000183105469,97.64773559570312,6409700,
2021-03-29,113.68000030517578,113.69000244140625,113.08999633789062,113.19000244140625,97.31243133544922,6298000,
2021-03-30,112.87999725341797,113.16000366210938,112.77999877929688,113.08999633789062,97.22645568847656,5784900,
2021-03-31,113.05999755859375,113.19000244140625,112.79000091552734,112.93000030517578,97.08891296386719,8620000,
2021-04-01,113.20999908447266,113.41999816894531,113.12999725341797,113.36000061035156,97.51903533935547,8535300,"{""dividend_amount"": 0.07}"
2021-04-05,112.97000122070312,113.12999725341797,112.80000305175781,113.04000091552734,97.24376678466797,9944500,
2021-04-06,113.27999877929688,113.61000061035156,113.23999786376953,113.58999633789062,97.71686553955078,8765200,
2021-04-07,113.56999969482422,113.80000305175781,113.4800033569336,113.5199966430664,97.65666961669922,6316800,
2021-04-08,113.72000122070312,113.91999816894531,113.69999694824219,113.91000366210938,97.99217987060547,6334700,
2021-04-09,113.54000091552734,113.81999969482422,113.44000244140625,113.61000061035156,97.73410034179688,5887400,
2021-04-12,113.5199966430664,113.56999969482422,113.41999816894531,113.54000091552734,97.6738510131836,5466000,
2021-04-13,113.56999969482422,114.01000213623047,113.54000091552734,114.01000213623047,98.07818603515625,7663800,
2021-04-14,113.81999969482422,113.91000366210938,113.72000122070312,113.87000274658203,97.95774841308594,4876900,
2021-04-15,114.2300033569336,114.7699966430664,114.2300033569336,114.5999984741211,98.58575439453125,9958500,
2021-04-16,114.26000213623047,114.47000122070312,114.2300033569336,114.29000091552734,98.31908416748047,7334900,
2021-04-19,114.0999984741211,114.36000061035156,114.04000091552734,114.16999816894531,98.2158203125,5738600,
2021-04-20,114.13999938964844,114.58999633789062,114.13999938964844,114.51000213623047,98.50831604003906,6468300,
2021-04-21,114.5,114.62999725341797,114.33999633789062,114.56999969482422,98.5599365234375,7976500,
2021-04-22,114.55999755859375,114.69000244140625,114.29000091552734,114.66000366210938,98.63738250732422,7681300,
2021-04-23,114.63999938964844,114.6500015258789,114.33000183105469,114.51000213623047,98.50831604003906,5509900,
2021-04-26,114.45999908447266,114.55000305175781,114.38999938964844,114.38999938964844,98.40509796142578,7145300,
2021-04-27,114.2300033569336,114.33000183105469,113.94000244140625,113.94000244140625,98.01799011230469,7720500,
2021-04-28,113.94999694824219,114.11000061035156,113.66000366210938,114.08999633789062,98.14700317382812,8692900,
2021-04-29,113.55000305175781,113.9000015258789,113.44000244140625,113.88999938964844,97.97498321533203,5547800,
2021-04-30,113.94000244140625,114.02999877929688,113.7699966430664,113.98999786376953,98.06097412109375,5160000,
2021-05-03,113.95999908447266,114.3499984741211,113.91999816894531,114.11000061035156,98.22798919677734,8593300,"{""dividend_amount"": 0.074}"
2021-05-04,114.33999633789062,114.55999755859375,114.19999694824219,114.26000213623047,98.35712432861328,11171000,
2021-05-05,114.13999938964844,114.43000030517578,114.13999938964844,114.4000015258789,98.47760772705078,6810000,
2021-05-06,114.31999969482422,114.58000183105469,114.30000305175781,114.44999694824219,98.52066802978516,6546200,
2021-05-07,114.72000122070312,114.94999694824219,114.38999938964844,114.48999786376953,98.55510711669922,10657600,
2021-05-10,114.54000091552734,114.62999725341797,114.20999908447266,114.26000213623047,98.35712432861328,5906800,
2021-05-11,114.08999633789062,114.16999816894531,114.0199966430664,114.06999969482422,98.19354248046875,6591300,
2021-05-12,113.6500015258789,113.7300033569336,113.47000122070312,113.5199966430664,97.72010040283203,14509800,
2021-05-13,113.66000366210938,113.94000244140625,113.58999633789062,113.9000015258789,98.04721069335938,8242700,
2021-05-14,114.06999969482422,114.19000244140625,113.94999694824219,114.1500015258789,98.26242065429688,7943100,
2021-05-17,114.06999969482422,114.12000274658203,113.98999786376953,114.04000091552734,98.16773223876953,6711100,
2021-05-18,114.02999877929688,114.08999633789062,113.91999816894531,114.04000091552734,98.16773223876953,4319600,
2021-05-19,114.0199966430664,114.25,113.5999984741211,113.69999694824219,97.87505340576172,13156500,
2021-05-20,113.9000015258789,114.18000030517578,113.87000274658203,114.16999816894531,98.27962493896484,8412700,
2021-05-21,114.27999877929688,114.30999755859375,114.08000183105469,114.20999908447266,98.31405639648438,6648700,
2021-05-24,114.2699966430664,114.43000030517578,114.22000122070312,114.31999969482422,98.40876770019531,4826000,
2021-05-25,114.44000244140625,114.76000213623047,114.44000244140625,114.73999786376953,98.77027893066406,5748200,
2021-05-26,114.66000366210938,114.80999755859375,114.55999755859375,114.61000061035156,98.65840911865234,4501600,
2021-05-27,114.36000061035156,114.41000366210938,114.19999694824219,114.41000366210938,98.48623657226562,5998100,
2021-05-28,114.36000061035156,114.63999938964844,114.36000061035156,114.4000015258789,98.47760772705078,5575700,
2021-06-01,114.19000244140625,114.31999969482422,114.05000305175781,114.30000305175781,98.45951843261719,9498100,"{""dividend_amount"": 0.079}"
2021-06-02,114.41999816894531,114.51000213623047,114.37000274658203,114.43000030517578,98.57154846191406,4269900,
2021-06-03,114.33000183105469,114.33000183105469,114.08999633789062,114.13999938964844,98.32170867919922,3591200,
2021-06-04,114.43000030517578,114.77999877929688,114.41000366210938,114.7699966430664,98.86438751220703,6326000,
2021-06-07,114.62999725341797,114.72000122070312,114.5999984741211,114.68000030517578,98.78689575195312,3068500,
2021-06-08,115.04000091552734,115.06999969482422,114.95999908447266,115.01000213623047,99.0711441040039,4760500,
2021-06-09,115.41999816894531,115.55000305175781,115.22000122070312,115.37000274658203,99.3812484741211,5679300,
2021-06-10,115.12000274658203,115.79000091552734,115.06999969482422,115.77999877929688,99.73444366455078,6494800,
2021-06-11,115.69999694824219,115.72000122070312,115.51000213623047,115.61000061035156,99.58797454833984,3914200,
2021-06-14,115.48999786376953,115.5,115.19999694824219,115.25,99.27788543701172,3730900,
2021-06-15,115.19000244140625,115.29000091552734,115.12999725341797,115.2699966430664,99.29512786865234,4212700,
2021-06-16,115.31999969482422,115.37999725341797,114.30999755859375,114.4800033569336,98.61461639404297,13529000,
2021-06-17,114.66000366210938,115.26000213623047,114.58000183105469,114.88999938964844,98.9677734375,8838100,
2021-06-18,115.04000091552734,115.58000183105469,114.80999755859375,115.54000091552734,99.5276870727539,13435000,
2021-06-21,115.26000213623047,115.3499984741211,115.08000183105469,115.16999816894531,99.2089614868164,6460000,
2021-06-22,115.04000091552734,115.41000366210938,115.01000213623047,115.37999725341797,99.38985443115234,5459700,
2021-06-23,115.25,115.37000274658203,115.0999984741211,115.1500015258789,99.1917495727539,5429800,
2021-06-24,115.1500015258789,115.27999877929688,115.08000183105469,115.12999725341797,99.17449951171875,3631700,
2021-06-25,115.20999908447266,115.25,114.69000244140625,114.88999938964844,98.9677734375,6716800,
2021-06-28,115.11000061035156,115.36000061035156,115.0999984741211,115.25,99.27788543701172,4968900,
2021-06-29,115.0999984741211,115.31999969482422,115.08999633789062,115.30999755859375,99.32958984375,3373200,
2021-06-30,115.4800033569336,115.66000366210938,115.45999908447266,115.48999786376953,99.4845962524414,6572800,
2021-07-01,115.37999725341797,115.44999694824219,115.16999816894531,115.33000183105469,99.4130630493164,11966200,"{""dividend_amount"": 0.077}"
2021-07-02,115.47000122070312,115.75,115.44000244140625,115.75,99.775146484375,5071900,
2021-07-06,115.88999938964844,116.44000244140625,115.88999938964844,116.36000061035156,100.30097198486328,9095300,
2021-07-07,116.58000183105469,116.91000366210938,116.47000122070312,116.69999694824219,100.593994140625,7456400,
2021-07-08,116.91999816894531,117.19000244140625,116.81999969482422,117.0,100.85256958007812,7368000,
2021-07-09,116.5199966430664,116.54000091552734,116.4000015258789,116.41000366210938,100.34403991699219,5531200,
2021-07-12,116.51000213623047,116.55999755859375,116.26000213623047,116.3499984741211,100.29229736328125,3867700,
2021-07-13,116.41000366210938,116.52999877929688,115.88999938964844,115.98999786376953,99.98197937011719,6926500,
2021-07-14,116.30999755859375,116.5199966430664,116.20999908447266,116.48999786376953,100.4129638671875,6029200,
2021-07-15,116.79000091552734,117.04000091552734,116.52999877929688,116.9800033569336,100.8353500366211,5704500,
2021-07-16,116.66999816894531,116.9800033569336,116.66000366210938,116.95999908447266,100.81809997558594,3577900,
2021-07-19,117.73999786376953,118.11000061035156,117.68000030517578,117.95999908447266,101.68013000488281,20557500,
2021-07-20,118.47000122070312,118.5199966430664,117.70999908447266,117.80999755859375,101.55084228515625,8729000,
2021-07-21,117.33000183105469,117.41000366210938,117.0199966430664,117.12999725341797,100.96465301513672,7438300,
2021-07-22,117.12999725341797,117.63999938964844,117.12000274658203,117.4000015258789,101.19739532470703,6363500,
2021-07-23,116.9800033569336,117.25,116.97000122070312,117.22000122070312,101.0422592163086,6804600,
2021-07-26,117.4000015258789,117.41999816894531,117.12000274658203,117.13999938964844,100.97329711914062,6179600,
2021-07-27,117.62000274658203,117.70999908447266,117.51000213623047,117.63999938964844,101.40425109863281,8621200,
2021-07-28,117.41999816894531,117.75,117.26000213623047,117.73999786376953,101.49046325683594,11533500,
2021-07-29,117.30999755859375,117.52999877929688,117.27999877929688,117.37999725341797,101.18016052246094,6203800,
2021-07-30,117.58000183105469,117.77999877929688,117.56999969482422,117.70999908447266,101.4646224975586,5656400,
2021-08-02,117.81999969482422,118.37999725341797,117.70999908447266,118.1500015258789,101.90966033935547,19495800,"{""dividend_amount"": 0.076}"
2021-08-03,118.18000030517578,118.37000274658203,118.12000274658203,118.18000030517578,101.93551635742188,6627300,
2021-08-04,118.52999877929688,118.62999725341797,117.77999877929688,118.1500015258789,101.90966033935547,7545000,
2021-08-05,117.9000015258789,117.95999908447266,117.63999938964844,117.72000122070312,101.53878784179688,5164600,
2021-08-06,117.13999938964844,117.25,117.0,117.02999877929688,100.94361114501953,7807600,
2021-08-09,117.19999694824219,117.30999755859375,116.77999877929688,116.77999877929688,100.72799682617188,10842500,
2021-08-10,116.87000274658203,116.87999725341797,116.55000305175781,116.55999755859375,100.5382308959961,7192400,
2021-08-11,116.63999938964844,116.98999786376953,116.44000244140625,116.69000244140625,100.65036010742188,7254300,
2021-08-12,116.56999969482422,116.69999694824219,116.43000030517578,116.56999969482422,100.54684448242188,6932200,
2021-08-13,116.75,117.23999786376953,116.7300033569336,117.23999786376953,101.12474822998047,6896500,
2021-08-16,117.55000305175781,117.81999969482422,117.5,117.5,101.34902954101562,6928100,
2021-08-17,117.4800033569336,117.69999694824219,117.41999816894531,117.44000244140625,101.29729461669922,7785500,
2021-08-18,117.38999938964844,117.48999786376953,117.12999725341797,117.37999725341797,101.24552917480469,7025800,
2021-08-19,117.62999725341797,117.72000122070312,117.52999877929688,117.63999938964844,101.46975708007812,6242600,
2021-08-20,117.63999938964844,117.70999908447266,117.41000366210938,117.52999877929688,101.37492370605469,6510200,
2021-08-23,117.5,117.58000183105469,117.4000015258789,117.55999755859375,101.40077209472656,3958500,
2021-08-24,117.41000366210938,117.51000213623047,117.20999908447266,117.23999786376953,101.12474822998047,3649700,
2021-08-25,117.19999694824219,117.23999786376953,116.72000122070312,116.77999877929688,100.72799682617188,5874700,
2021-08-26,116.72000122070312,116.83000183105469,116.58999633789062,116.77999877929688,100.72799682617188,6850600,
2021-08-27,116.77999877929688,117.16000366210938,116.62999725341797,117.16000366210938,101.0557632446289,6360700,
2021-08-30,117.13999938964844,117.4000015258789,117.0999984741211,117.38999938964844,101.25414276123047,6546200,
2021-08-31,117.33000183105469,117.48999786376953,117.12000274658203,117.16999816894531,101.06436920166016,7418400,
2021-09-01,117.25,117.29000091552734,117.04000091552734,117.13999938964844,101.1075668334961,11908600,"{""dividend_amount"": 0.08}"
2021-09-02,117.2699966430664,117.27999877929688,117.13999938964844,117.27999877929688,101.22835540771484,2976200,
2021-09-03,117.01000213623047,117.05000305175781,116.87999725341797,117.0,100.98670196533203,4988900,
2021-09-07,116.58999633789062,116.68000030517578,116.44000244140625,116.54000091552734,100.58965301513672,7098600,
2021-09-08,116.69999694824219,116.94000244140625,116.62999725341797,116.86000061035156,100.86588287353516,6046200,
2021-09-09,116.91000366210938,117.31999969482422,116.80999755859375,117.19000244140625,101.15071105957031,7009500,
2021-09-10,116.93000030517578,117.02999877929688,116.70999908447266,116.81999969482422,100.83135986328125,8147100,
2021-09-13,116.93000030517578,117.05999755859375,116.91000366210938,116.95999908447266,100.95217895507812,4269300,
2021-09-14,117.16000366210938,117.5199966430664,117.0999984741211,117.4000015258789,101.33196258544922,6991000,
2021-09-15,117.33000183105469,117.3499984741211,117.0,117.19999694824219,101.15933227539062,5108900,
2021-09-16,116.79000091552734,117.01000213623047,116.68000030517578,116.83000183105469,100.84000396728516,5682700,
2021-09-17,116.54000091552734,116.56999969482422,116.37999725341797,116.48999786376953,100.5464859008789,7611700,
2021-09-20,116.91000366210938,117.20999908447266,116.81999969482422,117.08000183105469,101.05573272705078,8781600,
2021-09-21,117.12000274658203,117.1500015258789,116.94000244140625,117.01000213623047,100.99533081054688,4867900,
2021-09-22,117.01000213623047,117.22000122070312,116.79000091552734,117.12000274658203,101.09027862548828,10966400,
2021-09-23,116.58000183105469,116.61000061035156,116.05999755859375,116.05999755859375,100.17536163330078,10650100,
2021-09-24,115.9000015258789,115.91000366210938,115.63999938964844,115.70999908447266,99.87325286865234,10528000,
2021-09-27,115.4000015258789,115.5999984741211,115.37000274658203,115.4000015258789,99.60566711425781,6742100,
2021-09-28,114.9800033569336,115.22000122070312,114.7300033569336,114.95999908447266,99.22591400146484,10295500,
2021-09-29,115.19999694824219,115.36000061035156,114.87000274658203,115.08000183105469,99.32951354980469,8364000,
2021-09-30,114.97000122070312,115.26000213623047,114.91999816894531,115.22000122070312,99.45032501220703,7307900,
2021-10-01,115.36000061035156,115.66000366210938,115.26000213623047,115.61000061035156,99.85627746582031,19830100,"{""dividend_amount"": 0.08}"
2021-10-04,115.41000366210938,115.66999816894531,115.26000213623047,115.47000122070312,99.7353515625,7691800,
2021-10-05,115.29000091552734,115.31999969482422,114.98999786376953,115.11000061035156,99.42440795898438,6861900,
2021-10-06,115.1500015258789,115.26000213623047,115.05000305175781,115.13999938964844,99.4503173828125,7473500,
2021-10-07,114.87999725341797,114.91000366210938,114.66999816894531,114.68000030517578,99.05301666259766,8160200,
2021-10-08,114.62000274658203,114.62000274658203,114.30000305175781,114.43000030517578,98.83706665039062,9455100,
2021-10-11,114.2300033569336,114.31999969482422,114.12999725341797,114.1500015258789,98.59521484375,2261300,
2021-10-12,114.3499984741211,114.70999908447266,114.27999877929688,114.66999816894531,99.04438781738281,7938400,
2021-10-13,114.73999786376953,115.05000305175781,114.68000030517578,114.88999938964844,99.23436737060547,11662400,
2021-10-14,115.0199966430664,115.20999908447266,114.9000015258789,115.16000366210938,99.46759796142578,9518200,
2021-10-15,114.73999786376953,114.7699966430664,114.52999877929688,114.58999633789062,98.97528839111328,8689700,
2021-10-18,114.25,114.5199966430664,114.06999969482422,114.43000030517578,98.83706665039062,8703300,
2021-10-19,114.2699966430664,114.31999969482422,114.0,114.0199966430664,98.48292541503906,7445200,
2021-10-20,114.0199966430664,114.20999908447266,113.94000244140625,113.97000122070312,98.43974304199219,6230000,
2021-10-21,113.9000015258789,113.94999694824219,113.62999725341797,113.66999816894531,98.18062591552734,7103900,
2021-10-22,113.77999877929688,114.05000305175781,113.66999816894531,113.95999908447266,98.4311294555664,10204600,
2021-10-25,113.9800033569336,114.22000122070312,113.9800033569336,114.0999984741211,98.55203247070312,4835000,
2021-10-26,114.12000274658203,114.23999786376953,113.9000015258789,114.23999786376953,98.6729507446289,5603100,
2021-10-27,114.63999938964844,115.05999755859375,114.31999969482422,114.87999725341797,99.22575378417969,16140300,
2021-10-28,114.76000213623047,114.91000366210938,114.45999908447266,114.58000183105469,98.96663665771484,9940400,
2021-10-29,114.2699966430664,114.86000061035156,114.19000244140625,114.62999725341797,99.00983428955078,11254300,
2021-11-01,114.22000122070312,114.62999725341797,114.19000244140625,114.54000091552734,99.00205993652344,14479000,"{""dividend_amount"": 0.081}"
2021-11-02,114.66999816894531,114.95999908447266,114.66000366210938,114.81999969482422,99.24405670166016,12191100,
2021-11-03,114.83999633789062,114.87999725341797,114.2699966430664,114.45999908447266,98.9328842163086,17031100,
2021-11-04,114.66000366210938,115.16999816894531,114.66000366210938,115.08000183105469,99.4687728881836,12665400,
2021-11-05,115.33999633789062,115.80999755859375,115.22000122070312,115.70999908447266,100.01329803466797,12955100,
2021-11-08,115.5199966430664,115.5199966430664,115.16000366210938,115.20999908447266,99.58116149902344,7404300,
2021-11-09,115.69999694824219,115.9800033569336,115.6500015258789,115.73999786376953,100.03924560546875,12345400,
2021-11-10,115.54000091552734,115.56999969482422,114.54000091552734,114.75,99.18353271484375,19425100,
2021-11-11,114.75,114.80000305175781,114.37999725341797,114.37999725341797,98.86376190185547,3746100,
2021-11-12,114.80000305175781,114.94000244140625,114.5199966430664,114.62000274658203,99.0711898803711,10613400,
2021-11-15,114.55000305175781,114.58000183105469,114.12999725341797,114.16999816894531,98.6822509765625,8021400,
2021-11-16,114.18000030517578,114.4000015258789,114.05000305175781,114.06999969482422,98.5958023071289,6573700,
2021-11-17,114.06999969482422,114.48999786376953,114.05000305175781,114.4800033569336,98.95018768310547,10006200,
2021-11-18,114.30999755859375,114.58000183105469,114.29000091552734,114.55000305175781,99.01069641113281,10183400,
2021-11-19,114.91999816894531,115.11000061035156,114.79000091552734,114.86000061035156,99.27865600585938,10731600,
2021-11-22,114.33000183105469,114.44000244140625,113.94999694824219,114.0199966430664,98.55255889892578,10876200,
2021-11-23,113.81999969482422,113.87999725341797,113.55000305175781,113.55000305175781,98.14635467529297,11543700,
2021-11-24,113.56999969482422,113.91999816894531,113.5,113.9000015258789,98.44884490966797,8322900,
2021-11-26,114.9800033569336,115.38999938964844,114.91999816894531,115.37000274658203,99.7194595336914,13878500,
2021-11-29,114.69000244140625,115.19999694824219,114.66000366210938,115.11000061035156,99.49474334716797,13908200,
2021-11-30,115.81999969482422,116.1500015258789,115.22000122070312,115.80000305175781,100.09111022949219,19416800,
2021-12-01,115.30000305175781,115.93000030517578,115.16000366210938,115.93000030517578,100.27969360351562,24991000,"{""dividend_amount"": 0.088}"
2021-12-02,115.9000015258789,115.94999694824219,115.41000366210938,115.68000030517578,100.06344604492188,11448900,
2021-12-03,115.48999786376953,116.63999938964844,115.38999938964844,116.36000061035156,100.65164184570312,19790900,
2021-12-06,116.19000244140625,116.27999877929688,115.6500015258789,115.77999877929688,100.14993286132812,9863200,
2021-12-07,115.45999908447266,115.69999694824219,115.26000213623047,115.33999633789062,99.76936340332031,7678400,
2021-12-08,115.16999816894531,115.19999694824219,114.81999969482422,114.97000122070312,99.44927978515625,11126500,
2021-12-09,115.25,115.44000244140625,115.0999984741211,115.26000213623047,99.70014953613281,9198400,
2021-12-10,115.44000244140625,115.66000366210938,115.27999877929688,115.33999633789062,99.76936340332031,5051500,
2021-12-13,115.62999725341797,115.98999786376953,115.61000061035156,115.88999938964844,100.2450942993164,5706900,
2021-12-14,115.6500015258789,115.80999755859375,115.43000030517578,115.69000244140625,100.07209014892578,4749500,
2021-12-15,115.41000366210938,115.7300033569336,115.27999877929688,115.5199966430664,99.92501068115234,8428000,
2021-12-16,115.58000183105469,115.91000366210938,115.55999755859375,115.75,100.21595001220703,9085400,"{""dividend_amount"": 0.106}"
2021-12-17,116.12000274658203,116.33999633789062,115.94000244140625,116.01000213623047,100.44103240966797,7933100,
2021-12-20,116.19999694824219,116.3499984741211,115.87999725341797,115.91000366210938,100.35448455810547,13772100,
2021-12-21,115.48999786376953,115.54000091552734,115.2300033569336,115.44999694824219,99.95618438720703,7672800,
2021-12-22,115.62999725341797,115.63999938964844,115.33999633789062,115.55999755859375,100.05143737792969,5538200,
2021-12-23,115.4800033569336,115.48999786376953,115.18000030517578,115.31999969482422,99.84364318847656,7209700,
2021-12-27,115.27999877929688,115.41999816894531,115.25,115.36000061035156,99.87828826904297,3471800,
2021-12-28,115.55000305175781,115.58000183105469,115.27999877929688,115.33999633789062,99.8609848022461,8314500,
2021-12-29,114.97000122070312,115.06999969482422,114.66999816894531,114.75,99.35015106201172,11879900,
2021-12-30,114.9800033569336,115.13999938964844,114.79000091552734,115.12999725341797,99.67913818359375,10296000,
2021-12-31,115.16000366210938,115.30999755859375,115.0,115.0,99.56658935546875,7584500,
2022-01-03,114.37000274658203,114.41000366210938,113.93000030517578,113.93000030517578,98.64022827148438,27744600,
2022-01-04,113.66999816894531,113.88999938964844,113.58000183105469,113.87000274658203,98.5882568359375,15911800,
2022-01-05,113.88999938964844,113.9000015258789,113.30999755859375,113.38999938964844,98.17268371582031,13715700,
2022-01-06,113.12999725341797,113.20999908447266,112.9800033569336,113.11000061035156,97.93025970458984,10957400,
2022-01-07,112.95999908447266,113.0,112.47000122070312,112.73999786376953,97.60990142822266,13318200,
2022-01-10,112.44999694824219,112.75,112.37999725341797,112.70999908447266,97.58393859863281,8430700,
2022-01-11,112.66000366210938,112.98999786376953,112.55999755859375,112.9800033569336,97.81770324707031,8086500,
2022-01-12,113.16999816894531,113.43000030517578,112.9800033569336,113.0,97.83501434326172,7996500,
2022-01-13,113.06999969482422,113.4000015258789,112.9800033569336,113.36000061035156,98.1467056274414,8431100,
2022-01-14,113.06999969482422,113.08999633789062,112.55000305175781,112.58000183105469,97.47137451171875,10595700,
2022-01-18,112.0999984741211,112.19999694824219,111.69000244140625,111.7300033569336,96.7354507446289,11594100,
2022-01-19,111.91000366210938,112.22000122070312,111.83999633789062,112.0,96.96919250488281,10349700,
2022-01-20,112.18000030517578,112.23999786376953,112.02999877929688,112.23999786376953,97.177001953125,8297300,
2022-01-21,112.87000274658203,113.05000305175781,112.6500015258789,112.88999938964844,97.73976135253906,13250000,
2022-01-24,113.23999786376953,113.29000091552734,112.7699966430664,112.79000091552734,97.65316772460938,22377400,
2022-01-25,112.88999938964844,113.08999633789062,112.56999969482422,112.63999938964844,97.5233154296875,13534000,
2022-01-26,112.66000366210938,112.76000213623047,111.83999633789062,111.83999633789062,96.83067321777344,12694700,
2022-01-27,112.11000061035156,112.5199966430664,112.08999633789062,112.30999755859375,97.23762512207031,11609400,
2022-01-28,112.1500015258789,112.66000366210938,112.12000274658203,112.56999969482422,97.46270751953125,6713500,
2022-01-31,112.36000061035156,112.6500015258789,112.29000091552734,112.56999969482422,97.46270751953125,8258600,
2022-02-01,112.5,112.54000091552734,112.12999725341797,112.30999755859375,97.33098602294922,16338700,"{""dividend_amount"": 0.108}"
2022-02-02,112.4000015258789,112.80999755859375,112.4000015258789,112.54000091552734,97.53031158447266,5997100,
2022-02-03,112.04000091552734,112.16000366210938,111.91999816894531,112.05999755859375,97.11431884765625,8032600,
2022-02-04,111.41999816894531,111.44999694824219,111.08999633789062,111.19999694824219,96.3690414428711,8616400,
2022-02-07,111.2300033569336,111.3499984741211,111.08999633789062,111.2300033569336,96.3950424194336,10294700,
2022-02-08,110.93000030517578,110.98999786376953,110.80999755859375,110.87000274658203,96.08305358886719,8111500,
2022-02-09,111.12999725341797,111.37000274658203,110.9800033569336,111.0199966430664,96.2130355834961,10113400,
2022-02-10,110.61000061035156,110.68000030517578,109.95999908447266,110.0,95.32907104492188,16633900,
2022-02-11,110.47000122070312,111.2300033569336,109.91999816894531,111.13999938964844,96.31703186035156,18315600,
2022-02-14,110.54000091552734,110.83000183105469,110.20999908447266,110.37000274658203,95.64971923828125,11090000,
2022-02-15,110.05000305175781,110.23999786376953,109.95999908447266,110.04000091552734,95.36373138427734,8490500,
2022-02-16,110.31999969482422,110.33999633789062,109.94000244140625,110.2699966430664,95.56307220458984,9007700,
2022-02-17,110.52999877929688,110.9000015258789,110.5199966430664,110.86000061035156,96.07435607910156,8749500,
2022-02-18,111.04000091552734,111.2300033569336,110.97000122070312,111.22000122070312,96.38636779785156,8486800,
2022-02-22,110.97000122070312,111.22000122070312,110.83999633789062,111.20999908447266,96.377685546875,8392500,
2022-02-23,110.80000305175781,110.9000015258789,110.51000213623047,110.62999725341797,95.87503051757812,7941800,
2022-02-24,111.5199966430664,111.55000305175781,110.7300033569336,110.88999938964844,96.10035705566406,19162100,
2022-02-25,110.72000122070312,110.87999725341797,110.4800033569336,110.86000061035156,96.07435607910156,8101900,
2022-02-28,111.62000274658203,112.13999938964844,111.58000183105469,112.12000274658203,97.16633605957031,12291800,
2022-03-01,112.5999984741211,113.48999786376953,112.55000305175781,113.11000061035156,98.1126937866211,28285600,"{""dividend_amount"": 0.101}"
2022-03-02,112.45999908447266,112.55999755859375,111.38999938964844,111.41000366210938,96.63809204101562,12303800,
2022-03-03,111.69000244140625,112.0999984741211,111.48999786376953,111.88999938964844,97.05442810058594,12247400,
2022-03-04,112.87999725341797,113.30000305175781,112.7699966430664,113.0,98.01724243164062,20102300,
2022-03-07,112.47000122070312,113.08000183105469,112.44000244140625,112.5199966430664,97.60088348388672,13633200,
2022-03-08,111.87000274658203,112.06999969482422,111.6500015258789,111.79000091552734,96.96769714355469,10819400,
2022-03-09,111.33000183105469,111.43000030517578,110.9800033569336,111.0999984741211,96.36918640136719,7932300,
2022-03-10,110.72000122070312,110.83000183105469,110.36000061035156,110.58999633789062,95.92681121826172,11100100,
2022-03-11,110.47000122070312,110.69999694824219,110.3499984741211,110.55999755859375,95.90080261230469,5567600,
2022-03-14,109.66999816894531,109.73999786376953,109.16000366210938,109.16000366210938,94.68641662597656,8622500,
2022-03-15,109.73999786376953,109.80000305175781,109.02999877929688,109.11000061035156,94.6430435180664,9294400,
2022-03-16,109.0,109.12000274658203,108.25,108.95999908447266,94.5129165649414,12847300,
2022-03-17,109.02999877929688,109.23999786376953,108.55000305175781,108.75,94.33075714111328,7215900,
2022-03-18,108.93000030517578,109.22000122070312,108.93000030517578,109.06999969482422,94.60831451416016,7509200,
2022-03-21,108.27999877929688,108.44999694824219,107.56999969482422,107.6500015258789,93.37661743164062,11003600,
2022-03-22,107.19999694824219,107.23999786376953,106.97000122070312,107.05999755859375,92.86483764648438,7710300,
2022-03-23,107.31999969482422,107.77999877929688,107.08999633789062,107.77999877929688,93.48937225341797,11222700,
2022-03-24,107.1500015258789,107.5,107.11000061035156,107.18000030517578,92.96894073486328,11112300,
2022-03-25,106.69000244140625,106.69999694824219,105.97000122070312,106.08000183105469,92.0147933959961,9055600,
2022-03-28,106.25,106.69999694824219,106.12000274658203,106.31999969482422,92.22298431396484,12858500,
2022-03-29,106.58000183105469,106.9800033569336,106.3499984741211,106.8499984741211,92.68268585205078,7539900,
2022-03-30,106.62999725341797,107.30000305175781,106.55999755859375,107.2699966430664,93.0469741821289,6430100,
2022-03-31,107.43000030517578,107.62000274658203,107.2699966430664,107.47000122070312,93.2204818725586,9147200,
2022-04-01,106.30999755859375,107.01000213623047,106.19999694824219,106.6500015258789,92.61344909667969,10237000,"{""dividend_amount"": 0.121}"
2022-04-04,106.76000213623047,106.77999877929688,106.37999725341797,106.58000183105469,92.55265045166016,7372100,
2022-04-05,106.2699966430664,106.29000091552734,105.19999694824219,105.30999755859375,91.4498519897461,9675600,
2022-04-06,104.6500015258789,105.31999969482422,104.6500015258789,104.94000244140625,91.12853240966797,9054400,
2022-04-07,104.68000030517578,104.97000122070312,104.45999908447266,104.68000030517578,90.90274047851562,5518900,
2022-04-08,104.08000183105469,104.41999816894531,104.0,104.1500015258789,90.44249725341797,8091800,
2022-04-11,103.77999877929688,103.9000015258789,103.5199966430664,103.6500015258789,90.0083236694336,7356400,
2022-04-12,104.19000244140625,104.58999633789062,104.02999877929688,104.1500015258789,90.44249725341797,12211000,
2022-04-13,104.44000244140625,104.91000366210938,104.30999755859375,104.37999725341797,90.64224243164062,6346100,
2022-04-14,104.2300033569336,104.2699966430664,103.31999969482422,103.44000244140625,89.82593536376953,6158700,
2022-04-18,103.52999877929688,103.55000305175781,103.11000061035156,103.13999938964844,89.56543731689453,4591500,
2022-04-19,102.73999786376953,102.93000030517578,102.38999938964844,102.45999908447266,88.97496032714844,7004900,
2022-04-20,102.87999725341797,103.41999816894531,102.76000213623047,103.26000213623047,89.66961669921875,7479300,
2022-04-21,102.97000122070312,102.9800033569336,102.2699966430664,102.69000244140625,89.17465209960938,9137500,
2022-04-22,102.43000030517578,103.0199966430664,102.37999725341797,102.73999786376953,89.21807861328125,5451600,
2022-04-25,103.55000305175781,103.9800033569336,103.33999633789062,103.4000015258789,89.79121398925781,8617400,
2022-04-26,104.0999984741211,104.2699966430664,103.76000213623047,104.08999633789062,90.390380859375,9575400,
2022-04-27,104.02999877929688,104.12999725341797,103.45999908447266,103.51000213623047,89.88672637939453,7908900,
2022-04-28,103.16000366210938,103.38999938964844,102.95999908447266,103.36000061035156,89.75650024414062,6943500,
2022-04-29,102.5999984741211,103.20999908447266,102.55000305175781,102.80999755859375,89.27885437011719,10012500,
2022-05-02,102.1500015258789,102.22000122070312,101.81999969482422,101.91999816894531,88.61373901367188,11327000,"{""dividend_amount"": 0.125}"
2022-05-03,102.5199966430664,102.5999984741211,102.0199966430664,102.04000091552734,88.71808624267578,8129100,
2022-05-04,102.0,102.77999877929688,101.80999755859375,102.69999694824219,89.29190063476562,11934700,
2022-05-05,101.88999938964844,102.02999877929688,101.1500015258789,101.66999816894531,88.39640808105469,11675700,
2022-05-06,101.1500015258789,101.61000061035156,100.98999786376953,101.08999633789062,87.89209747314453,12538400,
2022-05-09,101.13999938964844,101.88999938964844,101.08999633789062,101.83999633789062,88.54418182373047,7301200,
2022-05-10,102.30999755859375,102.58000183105469,102.12000274658203,102.18000030517578,88.83975219726562,8054600,
2022-05-11,101.93000030517578,102.8499984741211,101.79000091552734,102.80999755859375,89.38752746582031,7167900,
2022-05-12,103.12000274658203,103.56999969482422,103.01000213623047,103.1500015258789,89.68315887451172,8132400,
2022-05-13,102.87000274658203,102.94000244140625,102.55000305175781,102.61000061035156,89.21366882324219,6016900,
2022-05-16,102.9800033569336,103.33000183105469,102.87000274658203,103.04000091552734,89.58753967285156,3315600,
2022-05-17,102.3499984741211,102.6500015258789,102.2300033569336,102.26000213623047,88.90933227539062,4286800,
2022-05-18,102.26000213623047,103.0999984741211,102.19000244140625,102.98999786376953,89.54403686523438,4465500,
2022-05-19,103.9000015258789,103.93000030517578,103.27999877929688,103.36000061035156,89.86575317382812,5137600,
2022-05-20,103.30000305175781,103.98999786376953,103.2699966430664,103.83999633789062,90.28306579589844,5908800,
2022-05-23,103.56999969482422,103.7699966430664,103.19999694824219,103.20999908447266,89.73532104492188,5720600,
2022-05-24,103.73999786376953,104.47000122070312,103.70999908447266,104.0999984741211,90.50914001464844,6786600,
2022-05-25,104.47000122070312,104.47000122070312,104.06999969482422,104.30999755859375,90.69172668457031,4274500,
2022-05-26,104.37000274658203,104.41000366210938,103.87999725341797,104.26000213623047,90.64826202392578,3478900,
2022-05-27,104.44999694824219,104.58999633789062,104.22000122070312,104.41000366210938,90.77865600585938,2508200,
2022-05-31,103.62000274658203,103.62999725341797,103.1500015258789,103.31999969482422,89.83096313476562,6773200,
2022-06-01,103.2699966430664,103.37000274658203,102.41999816894531,102.61000061035156,89.3251953125,5555900,"{""dividend_amount"": 0.129}"
2022-06-02,102.91000366210938,102.91999816894531,102.5199966430664,102.76000213623047,89.45576477050781,3014300,
2022-06-03,102.36000061035156,102.6500015258789,102.33000183105469,102.55999755859375,89.28168487548828,2687800,
2022-06-06,102.30999755859375,102.41000366210938,101.7300033569336,101.79000091552734,88.61136627197266,4800600,
2022-06-07,102.05999755859375,102.43000030517578,102.04000091552734,102.19999694824219,88.96825408935547,3230000,
2022-06-08,102.01000213623047,102.16999816894531,101.80999755859375,101.81999969482422,88.63745880126953,2917900,
2022-06-09,101.69000244140625,101.94000244140625,101.51000213623047,101.7300033569336,88.55912780761719,4178600,
2022-06-10,101.20999908447266,101.30999755859375,100.5999984741211,100.7300033569336,87.68854522705078,4443400,
2022-06-13,99.66000366210938,99.80000305175781,98.41999816894531,98.94000244140625,86.1303482055664,9200800,
2022-06-14,99.16000366210938,99.30000305175781,97.98999786376953,98.1500015258789,85.44261169433594,7829800,
2022-06-15,98.94999694824219,99.55999755859375,98.4000015258789,99.5199966430664,86.63522338867188,10256200,
2022-06-16,98.55000305175781,100.22000122070312,98.43000030517578,100.16999816894531,87.20110321044922,9168800,
2022-06-17,100.26000213623047,100.45999908447266,99.55000305175781,100.19999694824219,87.22718811035156,7029700,
2022-06-21,99.66000366210938,99.94999694824219,99.55000305175781,99.68000030517578,86.77452850341797,10342000,
2022-06-22,100.83999633789062,101.12000274658203,100.70999908447266,100.94000244140625,87.87139892578125,9501900,
2022-06-23,101.55999755859375,102.16999816894531,101.4000015258789,101.51000213623047,88.36760711669922,9247200,
2022-06-24,101.37999725341797,101.76000213623047,101.06999969482422,101.1500015258789,88.05419921875,5127000,
2022-06-27,100.56999969482422,101.0199966430664,100.44999694824219,100.58000183105469,87.55801391601562,5439400,
2022-06-28,100.47000122070312,100.73999786376953,100.33000183105469,100.70999908447266,87.67119598388672,3763300,
2022-06-29,100.87999725341797,101.5199966430664,100.79000091552734,101.5199966430664,88.37631225585938,3559600,
2022-06-30,102.0999984741211,102.54000091552734,102.01000213623047,102.30000305175781,89.05532836914062,5409500,
2022-07-01,103.12000274658203,103.97000122070312,102.9800033569336,103.23999786376953,90.01000213623047,63222900,"{""dividend_amount"": 0.155}"
2022-07-05,103.75,104.0199966430664,103.44000244140625,103.62000274658203,90.34127807617188,6651400,
2022-07-06,104.0,104.01000213623047,102.72000122070312,102.73999786376953,89.57405853271484,4754700,
2022-07-07,102.7699966430664,102.7699966430664,102.02999877929688,102.11000061035156,89.02481079101562,4058100,
2022-07-08,101.83000183105469,101.83999633789062,101.37000274658203,101.48999786376953,88.48426055908203,3664900,
2022-07-11,102.02999877929688,102.45999908447266,101.9800033569336,102.29000091552734,89.1817398071289,2765700,
2022-07-12,102.83000183105469,103.02999877929688,102.44999694824219,102.52999877929688,89.39100646972656,3669200,
2022-07-13,101.91000366210938,103.05000305175781,101.77999877929688,102.97000122070312,89.77457427978516,6809400,
2022-07-14,102.19999694824219,102.63999938964844,101.93000030517578,102.4000015258789,89.27764129638672,5370400,
2022-07-15,102.47000122070312,102.98999786376953,102.44000244140625,102.75,89.58281707763672,3834000,
2022-07-18,102.41999816894531,102.5999984741211,102.02999877929688,102.44999694824219,89.32122802734375,3150700,
2022-07-19,102.31999969482422,102.41000366210938,101.87999725341797,101.9800033569336,88.91144561767578,2996100,
2022-07-20,102.4800033569336,102.48999786376953,101.80000305175781,101.87999725341797,88.82428741455078,53057500,
2022-07-21,102.29000091552734,103.04000091552734,102.19000244140625,103.04000091552734,89.83563232421875,5344300,
2022-07-22,104.0,104.45999908447266,103.81999969482422,104.22000122070312,90.86442565917969,7747100,
2022-07-25,103.58000183105469,103.9000015258789,103.55000305175781,103.8499984741211,90.54182434082031,2994500,
2022-07-26,104.55000305175781,104.69999694824219,103.8499984741211,103.88999938964844,90.57672119140625,4736300,
2022-07-27,104.13999938964844,104.61000061035156,104.0199966430664,104.0999984741211,90.7597885131836,7475300,
2022-07-28,105.0999984741211,105.31999969482422,104.75,105.12999725341797,91.65779113769531,5768100,
2022-07-29,104.91999816894531,105.58000183105469,104.80999755859375,105.16999816894531,91.69267272949219,5961100,
2022-08-01,105.29000091552734,105.66999816894531,105.12999725341797,105.5999984741211,92.22891235351562,9672400,"{""dividend_amount"": 0.184}"
2022-08-02,105.55999755859375,105.75,104.06999969482422,104.13999938964844,90.95380401611328,9269700,
2022-08-03,103.9800033569336,104.58000183105469,103.43000030517578,104.56999969482422,91.32935333251953,7829500,
2022-08-04,104.68000030517578,105.12999725341797,104.52999877929688,105.0999984741211,91.792236328125,9873200,
2022-08-05,103.7300033569336,103.7699966430664,103.3499984741211,103.58000183105469,90.4647216796875,10047200,
2022-08-08,104.0,104.23999786376953,103.91000366210938,104.19000244140625,90.99747467041016,6681300,
2022-08-09,103.9000015258789,104.08000183105469,103.77999877929688,103.87999725341797,90.72673034667969,3814700,
2022-08-10,104.3499984741211,104.70999908447266,103.93000030517578,103.94000244140625,90.77912139892578,7260300,
2022-08-11,104.18000030517578,104.29000091552734,103.13999938964844,103.25,90.17650604248047,8309300,
2022-08-12,103.6500015258789,103.69999694824219,103.31999969482422,103.66000366210938,90.53455352783203,4128600,
2022-08-15,104.16999816894531,104.33000183105469,103.94999694824219,103.98999786376953,90.82279205322266,3441100,
2022-08-16,103.79000091552734,103.91000366210938,103.38999938964844,103.87000274658203,90.7179946899414,3241800,
2022-08-17,103.30999755859375,103.36000061035156,102.95999908447266,103.16999816894531,90.10661315917969,6366700,
2022-08-18,103.44999694824219,103.7300033569336,103.27999877929688,103.37000274658203,90.28126525878906,3709200,
2022-08-19,102.62000274658203,102.69000244140625,102.36000061035156,102.4800033569336,89.50397491455078,6678000,
2022-08-22,102.4000015258789,102.44999694824219,101.9800033569336,102.02999877929688,89.11096954345703,4125800,
2022-08-23,101.86000061035156,102.48999786376953,101.70999908447266,101.77999877929688,88.89264678955078,7755000,
2022-08-24,101.54000091552734,101.63999938964844,101.29000091552734,101.44000244140625,88.59564971923828,3504600,
2022-08-25,101.5199966430664,102.12999725341797,101.38999938964844,102.08999633789062,89.16337585449219,6645300,
2022-08-26,101.86000061035156,102.2300033569336,101.62000274658203,101.97000122070312,89.05857849121094,5535900,
2022-08-29,101.58000183105469,101.58000183105469,101.25,101.38999938964844,88.5520248413086,4416900,
2022-08-30,101.38999938964844,101.72000122070312,101.0199966430664,101.36000061035156,88.52578735351562,4474200,
2022-08-31,101.20999908447266,101.44000244140625,100.7699966430664,100.94000244140625,88.15897369384766,5797600,
2022-09-01,100.08999633789062,100.30999755859375,99.7300033569336,99.95999908447266,87.4581527709961,10324200,"{""dividend_amount"": 0.179}"
2022-09-02,100.36000061035156,100.79000091552734,100.22000122070312,100.5199966430664,87.9481201171875,5741900,
2022-09-06,99.91000366210938,99.94000244140625,99.3499984741211,99.4000015258789,86.96819305419922,6769400,
2022-09-07,99.79000091552734,100.16999816894531,99.73999786376953,100.05000305175781,87.53689575195312,7169700,
2022-09-08,100.04000091552734,100.26000213623047,99.68000030517578,99.68000030517578,87.21316528320312,5773600,
2022-09-09,99.9000015258789,100.08999633789062,99.56999969482422,99.69000244140625,87.22193145751953,5780600,
2022-09-12,99.97000122070312,100.05000305175781,99.2699966430664,99.44999694824219,87.0119400024414,4034200,
2022-09-13,98.76000213623047,98.94999694824219,98.6500015258789,98.88999938964844,86.5219955444336,5100500,
2022-09-14,98.73999786376953,99.18000030517578,98.69000244140625,98.94000244140625,86.56571960449219,3866600,
2022-09-15,98.66999816894531,98.79000091552734,98.5,98.5999984741211,86.26826477050781,4622600,
2022-09-16,98.5199966430664,98.98999786376953,98.44999694824219,98.68000030517578,86.33826446533203,4718200,
2022-09-19,98.30999755859375,98.61000061035156,98.23999786376953,98.4000015258789,86.09327697753906,3879000,
2022-09-20,97.69999694824219,98.04000091552734,97.54000091552734,97.79000091552734,85.55953216552734,4869100,
2022-09-21,97.95999908447266,98.27999877929688,97.30000305175781,98.18000030517578,85.90076446533203,5414900,
2022-09-22,97.16000366210938,97.22000122070312,96.58999633789062,96.69999694824219,84.60588836669922,6662400,
2022-09-23,96.66000366210938,96.97000122070312,96.27999877929688,96.81999969482422,84.71089172363281,7630600,
2022-09-26,96.29000091552734,96.30000305175781,95.06999969482422,95.20999908447266,83.30223083496094,8015500,
2022-09-27,95.23999786376953,95.3499984741211,94.51000213623047,94.55999755859375,82.73353576660156,8668400,
2022-09-28,95.9000015258789,96.80000305175781,95.5199966430664,96.69000244140625,84.59712982177734,8471700,
2022-09-29,95.9800033569336,96.58000183105469,95.88999938964844,96.23999786376953,84.20342254638672,6056500,
2022-09-30,96.66000366210938,96.87999725341797,95.66000366210938,95.98999786376953,83.98465728759766,8847200,
2022-10-03,96.72000122070312,97.6500015258789,96.48999786376953,96.94000244140625,84.98143005371094,10579900,"{""dividend_amount"": 0.187}"
2022-10-04,97.33000183105469,97.69999694824219,96.95999908447266,97.13999938964844,85.15674591064453,7361400,
2022-10-05,96.55999755859375,96.58999633789062,95.9800033569336,96.22000122070312,84.3502426147461,8603700,
2022-10-06,96.05999755859375,96.19000244140625,95.55999755859375,95.69000244140625,83.8856430053711,11298400,
2022-10-07,95.19000244140625,95.52999877929688,95.06999969482422,95.22000122070312,83.4736099243164,5085300,
2022-10-10,95.08000183105469,95.13999938964844,94.31999969482422,94.66000366210938,82.982666015625,3829100,
2022-10-11,94.9800033569336,95.43000030517578,94.63999938964844,94.9000015258789,83.19309997558594,5498500,
2022-10-12,94.7699966430664,95.33999633789062,94.70999908447266,95.20999908447266,83.46483612060547,5847400,
2022-10-13,93.9800033569336,95.23999786376953,93.97000122070312,94.80999755859375,83.11417388916016,6220100,
2022-10-14,95.31999969482422,95.33000183105469,94.2300033569336,94.27999877929688,82.64955139160156,5886200,
2022-10-17,94.95999908447266,95.11000061035156,94.33000183105469,94.37999725341797,82.73722076416016,3215200,
2022-10-18,94.62999725341797,94.80000305175781,94.06999969482422,94.62000274658203,82.94764709472656,4006600,
2022-10-19,93.87999725341797,94.06999969482422,93.55999755859375,93.62999725341797,82.07972717285156,5762600,
2022-10-20,93.41000366210938,93.6500015258789,92.86000061035156,92.93000030517578,81.46609497070312,5738400,
2022-10-21,92.5999984741211,93.33000183105469,92.4800033569336,93.13999938964844,81.65019989013672,7528500,
2022-10-24,93.11000061035156,93.43000030517578,92.69000244140625,93.0199966430664,81.54499816894531,6210800,
2022-10-25,94.04000091552734,94.44000244140625,93.95999908447266,94.18000030517578,82.56192016601562,6301500,
2022-10-26,94.41000366210938,94.81999969482422,94.4000015258789,94.66000366210938,82.982666015625,6692700,
2022-10-27,94.95999908447266,95.47000122070312,94.66999816894531,95.33000183105469,83.57001495361328,7238100,
2022-10-28,94.72000122070312,95.19000244140625,94.58000183105469,94.83999633789062,83.14047241210938,5659800,
2022-10-31,94.43000030517578,94.55999755859375,94.01000213623047,94.41000366210938,82.76351928710938,4586900,
2022-11-01,94.95999908447266,94.98999786376953,94.02999877929688,94.19000244140625,82.74860382080078,6066400,"{""dividend_amount"": 0.203}"
2022-11-02,94.30999755859375,94.87000274658203,93.79000091552734,94.02999877929688,82.60802459716797,7581400,
2022-11-03,93.19000244140625,93.79000091552734,93.18000030517578,93.62000274658203,82.2478256225586,8403900,
2022-11-04,93.63999938964844,93.94999694824219,93.4000015258789,93.41999816894531,82.07213592529297,5287000,
2022-11-07,93.54000091552734,93.58999633789062,93.06999969482422,93.08999633789062,81.7822036743164,4289300,
2022-11-08,93.3499984741211,93.87999725341797,93.31999969482422,93.70999908447266,82.32691192626953,4679200,
2022-11-09,93.61000061035156,94.08999633789062,93.54000091552734,94.02999877929688,82.60802459716797,3658100,
2022-11-10,95.43000030517578,96.18000030517578,95.43000030517578,96.13999938964844,84.46174621582031,9608300,
2022-11-11,95.69999694824219,96.05999755859375,95.6500015258789,95.94000244140625,84.28601837158203,2840200,
2022-11-14,95.83999633789062,95.8499984741211,95.52999877929688,95.70999908447266,84.08394622802734,4130800,
2022-11-15,96.18000030517578,96.48999786376953,95.94000244140625,96.41999816894531,84.70771789550781,6841600,
2022-11-16,96.87000274658203,97.2300033569336,96.63999938964844,97.12999725341797,85.33146667480469,6140100,
2022-11-17,96.52999877929688,96.62999725341797,96.26000213623047,96.47000122070312,84.75166320800781,5986800,
2022-11-18,96.47000122070312,96.58999633789062,96.11000061035156,96.12999725341797,84.45291137695312,3102100,
2022-11-21,96.54000091552734,96.61000061035156,96.04000091552734,96.06999969482422,84.40023803710938,4477700,
2022-11-22,96.4800033569336,96.72000122070312,96.37999725341797,96.62000274658203,84.88343048095703,5532800,
2022-11-23,96.75,97.18000030517578,96.6500015258789,97.13999938964844,85.34026336669922,5236500,
2022-11-25,96.87000274658203,97.12000274658203,96.8499984741211,97.11000061035156,85.31388854980469,1345400,
2022-11-28,97.22000122070312,97.3499984741211,97.01000213623047,97.1500015258789,85.34900665283203,4218400,
2022-11-29,96.76000213623047,97.08000183105469,96.70999908447266,96.73999786376953,84.98883819580078,3356600,
2022-11-30,96.56999969482422,97.61000061035156,96.4000015258789,97.61000061035156,85.7531509399414,7127100,
2022-12-01,97.5999984741211,98.5,97.56999969482422,98.4800033569336,86.68975067138672,17629100,"{""dividend_amount"": 0.194}"
2022-12-02,97.91999816894531,98.69000244140625,97.61000061035156,98.68000030517578,86.86583709716797,5783700,
2022-12-05,98.08999633789062,98.12999725341797,97.62999725341797,97.68000030517578,85.98555755615234,6295800,
2022-12-06,97.93000030517578,98.41000366210938,97.8499984741211,98.27999877929688,86.51372528076172,5745500,
2022-12-07,98.68000030517578,99.25,98.62000274658203,99.13999938964844,87.270751953125,5386200,
2022-12-08,98.62000274658203,98.87999725341797,98.44999694824219,98.58000183105469,86.7778091430664,5325800,
2022-12-09,98.29000091552734,98.37000274658203,97.8499984741211,97.8499984741211,86.13520050048828,4343100,
2022-12-12,98.30000305175781,98.38999938964844,97.58000183105469,97.70999908447266,86.0119400024414,5192200,
2022-12-13,99.13999938964844,99.26000213623047,98.5,98.58999633789062,86.7865982055664,7856600,
2022-12-14,98.6500015258789,98.98999786376953,98.20999908447266,98.86000061035156,87.02427673339844,6533200,
2022-12-15,98.80999755859375,99.01000213623047,98.55000305175781,98.86000061035156,87.19361877441406,4344200,"{""dividend_amount"": 0.192}"
2022-12-16,98.16999816894531,98.79000091552734,98.06999969482422,98.61000061035156,86.97313690185547,4432800,
2022-12-19,98.05000305175781,98.05999755859375,97.7300033569336,97.80999755859375,86.26753234863281,3951100,
2022-12-20,97.08000183105469,97.30999755859375,96.98999786376953,97.0999984741211,85.64130401611328,4199800,
2022-12-21,97.5,97.54000091552734,97.08999633789062,97.22000122070312,85.74716186523438,4406600,
2022-12-22,97.23999786376953,97.4800033569336,97.13999938964844,97.19000244140625,85.72071075439453,2143100,
2022-12-23,96.7300033569336,96.94999694824219,96.69000244140625,96.75,85.33263397216797,3164900,
2022-12-27,96.22000122070312,96.41000366210938,95.9000015258789,95.94000244140625,84.61821746826172,4780800,
2022-12-28,96.08000183105469,96.16000366210938,95.69000244140625,95.70999908447266,84.41535949707031,3161200,
2022-12-29,95.97000122070312,96.2699966430664,95.91999816894531,96.18000030517578,84.82991027832031,4021800,
2022-12-30,95.86000061035156,96.2699966430664,95.62000274658203,95.77999877929688,84.47710418701172,5043800,
