timestamp,open,high,low,close,adjusted_close,volume,corporate_action
2017-09-27,124.87000274658203,125.30000305175781,124.61000061035156,124.8499984741211,96.64385986328125,12145700,
2017-09-28,124.20999908447266,124.6500015258789,123.97000122070312,124.4800033569336,96.35743713378906,8883700,
2017-09-29,124.76000213623047,125.02999877929688,124.2699966430664,124.76000213623047,96.57413482666016,11285500,
2017-10-02,124.80999755859375,125.0,124.23999786376953,124.27999877929688,96.3973388671875,7860700,"{""dividend_amount"": 0.252}"
2017-10-03,123.91999816894531,124.51000213623047,123.91999816894531,124.4000015258789,96.49040985107422,6219800,
2017-10-04,124.52999877929688,124.58999633789062,123.87999725341797,124.41000366210938,96.49813842773438,7447000,
2017-10-05,124.2699966430664,124.30000305175781,123.69000244140625,123.94000244140625,96.13357543945312,8180300,
2017-10-06,123.29000091552734,124.0999984741211,123.02999877929688,123.58999633789062,95.86211395263672,10375000,
2017-10-09,123.77999877929688,124.05999755859375,123.63999938964844,123.9800033569336,96.16462707519531,3590900,
2017-10-10,124.13999938964844,124.87000274658203,124.0199966430664,124.18000030517578,96.31975555419922,6666800,
2017-10-11,124.56999969482422,124.66000366210938,124.26000213623047,124.41999816894531,96.5058822631836,4385900,
2017-10-12,124.55000305175781,124.9800033569336,124.23999786376953,124.94999694824219,96.91703033447266,7141600,
2017-10-13,125.58000183105469,125.94000244140625,125.16999816894531,125.8499984741211,97.61507415771484,7746900,
2017-10-16,125.52999877929688,125.9000015258789,125.37999725341797,125.76000213623047,97.5452880859375,5737300,
2017-10-17,125.38999938964844,126.08999633789062,125.38999938964844,125.91999816894531,97.66935729980469,4969600,
2017-10-18,125.05000305175781,125.18000030517578,124.68000030517578,125.08999633789062,97.02559661865234,5943800,
2017-10-19,125.73999786376953,126.01000213623047,125.2699966430664,125.30999755859375,97.19624328613281,8966500,
2017-10-20,124.0,124.27999877929688,123.63999938964844,123.9800033569336,96.16462707519531,12326900,
2017-10-23,124.16000366210938,124.48999786376953,124.0199966430664,124.19999694824219,96.33525848388672,6871100,
2017-10-24,123.37000274658203,123.69000244140625,123.1500015258789,123.43000030517578,95.7380142211914,6842800,
2017-10-25,122.52999877929688,122.9800033569336,122.41999816894531,122.83999633789062,95.2804183959961,9961400,
2017-10-26,123.05999755859375,123.05999755859375,122.43000030517578,122.43000030517578,94.96236419677734,8179400,
2017-10-27,122.94000244140625,123.33000183105469,122.75,123.23999786376953,95.5906753540039,10480900,
2017-10-30,123.86000061035156,124.45999908447266,123.55999755859375,124.41999816894531,96.5058822631836,9051600,
2017-10-31,124.52999877929688,124.66000366210938,124.4000015258789,124.45999908447266,96.53694915771484,4424300,
2017-11-01,124.3499984741211,125.13999938964844,124.30000305175781,124.75,96.96674346923828,8940400,"{""dividend_amount"": 0.263}"
2017-11-02,125.0,125.5199966430664,124.91999816894531,125.30000305175781,97.394287109375,7222700,
2017-11-03,125.47000122070312,125.69999694824219,125.13999938964844,125.63999938964844,97.65855407714844,10984100,
2017-11-06,125.93000030517578,126.22000122070312,125.72000122070312,126.11000061035156,98.02384948730469,6246700,
2017-11-07,126.2300033569336,126.77999877929688,126.12999725341797,126.63999938964844,98.43583679199219,6422700,
2017-11-08,126.58999633789062,126.80000305175781,126.20999908447266,126.36000061035156,98.21820831298828,3356200,
2017-11-09,125.87000274658203,126.23999786376953,125.55000305175781,126.0,97.93836975097656,6280400,
2017-11-10,124.70999908447266,124.83999633789062,123.95999908447266,124.0999984741211,96.46156311035156,11981000,
2017-11-13,124.80000305175781,124.80999755859375,124.30999755859375,124.36000061035156,96.6636734008789,5880800,
2017-11-14,124.7699966430664,125.23999786376953,124.7699966430664,125.19999694824219,97.31654357910156,6195900,
2017-11-15,126.05999755859375,126.66999816894531,125.63999938964844,126.55999755859375,98.3736801147461,9568200,
2017-11-16,126.01000213623047,126.33000183105469,125.44999694824219,125.45999908447266,97.51866149902344,5894900,
2017-11-17,126.06999969482422,126.44000244140625,125.95999908447266,126.38999938964844,98.24159240722656,6938800,
2017-11-20,125.91000366210938,126.37999725341797,125.91000366210938,126.33999633789062,98.20269775390625,4232300,
2017-11-21,127.08999633789062,127.29000091552734,126.30999755859375,126.73999786376953,98.5135498046875,5818400,
2017-11-22,126.62000274658203,127.19999694824219,126.51000213623047,127.1500015258789,98.832275390625,4140700,
2017-11-24,126.93000030517578,127.02999877929688,126.69000244140625,126.80000305175781,98.5602035522461,3141400,
2017-11-27,126.86000061035156,127.05000305175781,126.41999816894531,126.62000274658203,98.42031860351562,6079900,
2017-11-28,126.7699966430664,127.18000030517578,126.47000122070312,126.79000091552734,98.55241394042969,5983000,
2017-11-29,125.55999755859375,125.68000030517578,125.0999984741211,125.54000091552734,97.58080291748047,14547100,
2017-11-30,125.30999755859375,125.5199966430664,124.44000244140625,125.12000274658203,97.25436401367188,9630000,
2017-12-01,125.87000274658203,127.69000244140625,125.0999984741211,126.55000305175781,98.5667724609375,24583100,"{""dividend_amount"": 0.255}"
2017-12-04,125.91999816894531,126.66999816894531,125.80999755859375,126.61000061035156,98.61347961425781,9609200,
2017-12-05,126.47000122070312,127.5,126.44999694824219,127.23999786376953,99.10424041748047,10958900,
2017-12-06,127.87000274658203,128.22999572753906,127.66000366210938,127.68000030517578,99.44692993164062,11834200,
2017-12-07,127.93000030517578,128.10000610351562,126.30000305175781,126.68000030517578,98.66803741455078,13056800,
2017-12-08,126.58999633789062,126.73999786376953,126.23999786376953,126.69000244140625,98.67585754394531,4786100,
2017-12-11,126.86000061035156,127.08999633789062,126.41000366210938,126.43000030517578,98.47332763671875,3863800,
2017-12-12,126.16999816894531,126.41000366210938,125.66999816894531,126.37999725341797,98.4343490600586,7502400,
2017-12-13,126.80999755859375,127.38999938964844,126.58999633789062,127.33000183105469,99.17431640625,8532900,
2017-12-14,127.05000305175781,127.9800033569336,126.79000091552734,127.87000274658203,99.59489440917969,6885000,
2017-12-15,127.80999755859375,128.58999633789062,127.55999755859375,128.35000610351562,99.96878051757812,7239400,
2017-12-18,127.97000122070312,128.0,126.91000366210938,127.18000030517578,99.05746459960938,7239700,
2017-12-19,126.31999969482422,126.37999725341797,125.06999969482422,125.52999877929688,97.77236938476562,11045800,
2017-12-20,124.30999755859375,124.70999908447266,123.94999694824219,124.13999938964844,96.68966674804688,10005800,
2017-12-21,124.02999877929688,124.86000061035156,124.0,124.5999984741211,97.25325012207031,7026900,"{""dividend_amount"": 0.262}"
2017-12-22,124.69999694824219,124.83999633789062,124.52999877929688,124.7699966430664,97.38592529296875,3974300,
2017-12-26,124.9800033569336,125.52999877929688,124.97000122070312,125.13999938964844,97.67472076416016,3168400,
2017-12-27,125.70999908447266,126.9800033569336,125.69999694824219,126.7699966430664,98.94699096679688,9059700,
2017-12-28,126.52999877929688,126.83000183105469,126.37000274658203,126.66000366210938,98.86113739013672,5297100,
2017-12-29,126.5,127.12000274658203,126.4800033569336,126.86000061035156,99.0172348022461,7580500,
2018-01-02,126.48999786376953,126.51000213623047,125.06999969482422,125.48999786376953,97.94788360595703,16238200,
2018-01-03,126.0,126.19999694824219,125.48999786376953,126.08999633789062,98.41621398925781,8605100,
2018-01-04,125.6500015258789,126.16000366210938,125.37000274658203,126.06999969482422,98.40058135986328,9217900,
2018-01-05,125.87000274658203,126.18000030517578,125.36000061035156,125.70999908447266,98.11962127685547,10915400,
2018-01-08,125.98999786376953,126.02999877929688,125.16999816894531,125.62999725341797,98.05720520019531,8850600,
2018-01-09,124.80999755859375,124.83000183105469,123.80999755859375,123.94999694824219,96.7458724975586,16226400,
2018-01-10,122.80999755859375,123.93000030517578,122.66000366210938,123.80000305175781,96.62882232666016,14302600,
2018-01-11,123.51000213623047,124.58999633789062,123.30999755859375,124.30999755859375,97.02690124511719,12511000,
2018-01-12,124.0999984741211,124.79000091552734,123.91000366210938,124.5199966430664,97.19075775146484,9987100,
2018-01-16,125.16999816894531,125.27999877929688,124.55999755859375,125.04000091552734,97.5966567993164,9125900,
2018-01-17,125.08000183105469,125.63999938964844,124.5999984741211,124.87000274658203,97.46398162841797,8327000,
2018-01-18,123.93000030517578,124.2699966430664,123.54000091552734,123.70999908447266,96.5585708618164,10843900,
2018-01-19,123.4000015258789,123.55999755859375,122.9800033569336,123.05999755859375,96.05123901367188,11374300,
2018-01-22,123.44999694824219,123.70999908447266,122.98999786376953,123.18000030517578,96.14488983154297,8984700,
2018-01-23,123.80999755859375,124.19999694824219,123.23999786376953,123.70999908447266,96.5585708618164,12325700,
2018-01-24,122.8499984741211,123.12999725341797,122.54000091552734,123.04000091552734,96.0356216430664,9038900,
2018-01-25,123.16000366210938,124.1500015258789,122.80000305175781,124.05000305175781,96.82396697998047,12173300,
2018-01-26,123.87999725341797,123.91000366210938,123.0999984741211,123.58999633789062,96.46489715576172,6462900,
2018-01-29,122.97000122070312,122.97000122070312,122.30000305175781,122.7300033569336,95.79364776611328,12223000,
2018-01-30,122.27999877929688,122.37000274658203,121.69999694824219,122.01000213623047,95.23168182373047,12064400,
2018-01-31,122.87000274658203,122.93000030517578,121.94000244140625,122.7300033569336,95.79364776611328,18045100,
2018-02-01,122.4800033569336,122.52999877929688,120.62999725341797,120.69999694824219,94.40536499023438,18632800,"{""dividend_amount"": 0.255}"
2018-02-02,120.1500015258789,120.26000213623047,119.23999786376953,119.58000183105469,93.52931213378906,23944400,
2018-02-05,119.16999816894531,121.81999969482422,118.63999938964844,120.70999908447266,94.41317749023438,28606200,
2018-02-06,120.41999816894531,120.87000274658203,119.72000122070312,119.95999908447266,93.8265380859375,10935400,
2018-02-07,120.12999725341797,120.33000183105469,118.55999755859375,118.81999969482422,92.93492126464844,16271100,
2018-02-08,118.01000213623047,119.18000030517578,117.8499984741211,118.69000244140625,92.83321380615234,15155100,
2018-02-09,118.11000061035156,119.08999633789062,117.79000091552734,117.94000244140625,92.24665069580078,15661600,
2018-02-12,118.55999755859375,119.30000305175781,118.19000244140625,118.45999908447266,92.65337371826172,10944600,
2018-02-13,118.61000061035156,119.01000213623047,118.38999938964844,118.98999786376953,93.06788635253906,8157600,
2018-02-14,118.45999908447266,118.54000091552734,117.47000122070312,117.66999816894531,92.03540802001953,12043300,
2018-02-15,118.19000244140625,118.80000305175781,117.98999786376953,118.06999969482422,92.3482894897461,8222400,
2018-02-16,119.04000091552734,119.20999908447266,118.33999633789062,118.70999908447266,92.84883117675781,8454100,
2018-02-20,118.27999877929688,118.51000213623047,117.77999877929688,118.19000244140625,92.44216918945312,8268800,
2018-02-21,118.23999786376953,118.29000091552734,116.51000213623047,116.73999786376953,91.3080062866211,12054300,
2018-02-22,117.23999786376953,117.66000366210938,117.0,117.08999633789062,91.58180236816406,9317900,
2018-02-23,117.87999725341797,118.30999755859375,117.72000122070312,118.12999725341797,92.39519500732422,9072900,
2018-02-26,118.68000030517578,118.91000366210938,118.04000091552734,118.16999816894531,92.4264907836914,8771600,
2018-02-27,118.5199966430664,118.66000366210938,117.26000213623047,118.0,92.29353332519531,12525700,
2018-02-28,118.47000122070312,118.83000183105469,118.25,118.75,92.88013458251953,9311600,
2018-03-01,118.43000030517578,119.62000274658203,118.1500015258789,119.31999969482422,93.51416778564453,12287700,"{""dividend_amount"": 0.239}"
2018-03-02,118.8499984741211,118.93000030517578,118.12000274658203,118.3499984741211,92.75395965576172,10064300,
2018-03-05,118.75,118.80000305175781,117.62999725341797,118.02999877929688,92.50322723388672,5658200,
2018-03-06,118.36000061035156,118.68000030517578,118.12000274658203,118.13999938964844,92.58934783935547,5452000,
2018-03-07,118.56999969482422,118.68000030517578,117.95999908447266,118.01000213623047,92.48748779296875,4461800,
2018-03-08,118.30999755859375,118.98999786376953,118.26000213623047,118.69000244140625,93.02043151855469,7086700,
2018-03-09,117.98999786376953,118.2699966430664,117.58999633789062,117.91000366210938,92.40914154052734,6570400,
2018-03-12,118.30999755859375,118.66000366210938,118.19000244140625,118.58999633789062,92.94207000732422,5801300,
2018-03-13,118.30999755859375,119.37000274658203,118.19000244140625,119.19000244140625,93.41231536865234,7455300,
2018-03-14,119.4000015258789,120.4000015258789,119.37000274658203,120.23999786376953,94.2352294921875,10175000,
2018-03-15,120.16999816894531,120.48999786376953,119.93000030517578,120.23999786376953,94.2352294921875,6757900,
2018-03-16,119.80000305175781,120.01000213623047,119.55000305175781,119.80999755859375,93.89822387695312,6084300,
2018-03-19,119.20999908447266,119.97000122070312,119.19999694824219,119.43000030517578,93.60042572021484,8491200,
2018-03-20,118.91000366210938,119.22000122070312,118.83000183105469,118.94999694824219,93.22418212890625,5446000,
2018-03-21,118.66000366210938,119.41999816894531,118.11000061035156,119.08000183105469,93.32609558105469,9742400,
2018-03-22,120.30999755859375,120.81999969482422,119.66999816894531,120.26000213623047,94.25088500976562,12136600,
2018-03-23,119.68000030517578,120.30999755859375,119.62000274658203,120.16999816894531,94.18034362792969,7250400,
2018-03-26,120.0,120.44999694824219,119.66999816894531,119.70999908447266,93.81983947753906,8237900,
2018-03-27,119.83000183105469,121.12000274658203,119.80999755859375,120.98999786376953,94.82300567626953,9168500,
2018-03-28,121.44999694824219,121.63999938964844,120.94999694824219,121.30999755859375,95.07383728027344,7412500,
2018-03-29,121.54000091552734,122.29000091552734,121.51000213623047,121.9000015258789,95.53619384765625,9694300,
2018-04-02,121.3499984741211,122.36000061035156,121.16000366210938,121.87999725341797,95.72468566894531,12036500,"{""dividend_amount"": 0.26}"
2018-04-03,121.36000061035156,121.4800033569336,120.83000183105469,120.94000244140625,94.98640441894531,9855000,
2018-04-04,121.3499984741211,121.45999908447266,120.5999984741211,120.69000244140625,94.7900619506836,6654300,
2018-04-05,120.0999984741211,120.2699966430664,119.7699966430664,119.79000091552734,94.08319854736328,7603700,
2018-04-06,120.66000366210938,121.1500015258789,120.22000122070312,121.0999984741211,95.112060546875,8831200,
2018-04-09,120.63999938964844,121.30000305175781,120.3499984741211,121.30000305175781,95.26919555664062,6307500,
2018-04-10,121.19999694824219,121.37999725341797,120.77999877929688,121.08000183105469,95.09638977050781,6046000,
2018-04-11,121.8499984741211,121.88999938964844,121.2699966430664,121.51000213623047,95.43408203125,5901300,
2018-04-12,121.04000091552734,121.06999969482422,120.41000366210938,120.62000274658203,94.73509216308594,6622800,
2018-04-13,120.5199966430664,121.12999725341797,120.5,120.9000015258789,94.95500183105469,4964000,
2018-04-16,120.2300033569336,120.97000122070312,120.18000030517578,120.94000244140625,94.98640441894531,4491300,
2018-04-17,120.91999816894531,121.58000183105469,120.81999969482422,121.2699966430664,95.24559020996094,5590400,
2018-04-18,121.29000091552734,121.33999633789062,120.27999877929688,120.30000305175781,94.48375701904297,8138400,
2018-04-19,119.41999816894531,119.52999877929688,118.80999755859375,119.31999969482422,93.71405029296875,9875800,
2018-04-20,118.88999938964844,119.12999725341797,118.43000030517578,118.45999908447266,93.03862762451172,7579400,
2018-04-23,118.33000183105469,118.62000274658203,118.08000183105469,118.48999786376953,93.06216430664062,7073200,
2018-04-24,118.20999908447266,118.44999694824219,117.76000213623047,117.94999694824219,92.6380844116211,8190800,
2018-04-25,117.41000366210938,117.6500015258789,116.94000244140625,117.16000366210938,92.01762390136719,6603800,
2018-04-26,117.7300033569336,118.12999725341797,117.58999633789062,117.9800033569336,92.66162872314453,6528600,
2018-04-27,118.47000122070312,118.94999694824219,118.44000244140625,118.88999938964844,93.37633514404297,5401800,
2018-04-30,119.08000183105469,119.55999755859375,118.94000244140625,119.0999984741211,93.541259765625,8321100,
2018-05-01,118.7699966430664,118.83999633789062,118.2300033569336,118.41000366210938,93.20439910888672,7979200,"{""dividend_amount"": 0.262}"
2018-05-02,118.63999938964844,118.87000274658203,118.26000213623047,118.27999877929688,93.10208129882812,4644000,
2018-05-03,118.83999633789062,119.30999755859375,118.68000030517578,118.80999755859375,93.51922607421875,6345300,
2018-05-04,119.2300033569336,119.2300033569336,118.48999786376953,118.98999786376953,93.66089630126953,4283500,
2018-05-07,118.97000122070312,119.0199966430664,118.73999786376953,118.80000305175781,93.51136016845703,3647800,
2018-05-08,118.55000305175781,119.0,118.30000305175781,118.69000244140625,93.42481231689453,6091200,
2018-05-09,118.12000274658203,118.41999816894531,117.9800033569336,117.9800033569336,92.86591339111328,7832500,
2018-05-10,118.55000305175781,118.9800033569336,118.3499984741211,118.93000030517578,93.61366271972656,7101500,
2018-05-11,119.31999969482422,119.36000061035156,118.81999969482422,119.2300033569336,93.84986877441406,4273400,
2018-05-14,118.80000305175781,118.98999786376953,118.58999633789062,118.5999984741211,93.35393524169922,4996200,
2018-05-15,117.55999755859375,117.58000183105469,116.69999694824219,117.25,92.29129791259766,12901000,
2018-05-16,117.41999816894531,117.52999877929688,116.79000091552734,116.80000305175781,91.93708038330078,6518000,
2018-05-17,116.62999725341797,116.81999969482422,116.08999633789062,116.20999908447266,91.47270202636719,7330300,
2018-05-18,116.51000213623047,117.29000091552734,116.51000213623047,117.20999908447266,92.25979614257812,9606500,
2018-05-21,117.12999725341797,117.37999725341797,116.94999694824219,117.2699966430664,92.30705261230469,4448500,
2018-05-22,117.29000091552734,117.3499984741211,116.8499984741211,117.08999633789062,92.16536712646484,4700700,
2018-05-23,117.75,118.11000061035156,117.66000366210938,117.94000244140625,92.83441162109375,9634000,
2018-05-24,118.69000244140625,119.05999755859375,118.63999938964844,118.87999725341797,93.57433319091797,8204100,
2018-05-25,119.55999755859375,119.83999633789062,119.47000122070312,119.62000274658203,94.15681457519531,8482800,
2018-05-29,120.79000091552734,122.5199966430664,120.43000030517578,122.23999786376953,96.21910858154297,21668100,
2018-05-30,121.0,121.4800033569336,120.73999786376953,121.41999816894531,95.57363891601562,11616300,
2018-05-31,121.55999755859375,121.9800033569336,120.94999694824219,121.22000122070312,95.41620635986328,10769900,
2018-06-01,120.16999816894531,120.70999908447266,119.8499984741211,120.30000305175781,94.91207122802734,8718800,"{""dividend_amount"": 0.281}"
2018-06-04,120.11000061035156,120.13999938964844,119.37000274658203,119.43000030517578,94.22566223144531,7156500,
2018-06-05,119.95999908447266,120.16000366210938,119.62000274658203,119.70999908447266,94.44657897949219,5635900,
2018-06-06,119.08000183105469,119.0999984741211,118.41999816894531,118.73999786376953,93.68126678466797,7813300,
2018-06-07,118.69000244140625,120.48999786376953,118.68000030517578,119.88999938964844,94.58859252929688,13238300,
2018-06-08,119.55999755859375,119.8499984741211,119.44000244140625,119.52999877929688,94.3045654296875,6790600,
2018-06-11,119.06999969482422,119.38999938964844,118.94000244140625,119.30999755859375,94.13099670410156,6844200,
2018-06-12,118.93000030517578,119.45999908447266,118.88999938964844,119.33999633789062,94.1546401977539,6048200,
2018-06-13,119.44999694824219,119.63999938964844,118.62999725341797,119.27999877929688,94.10733032226562,8834700,
2018-06-14,119.77999877929688,120.30000305175781,119.4800033569336,120.2699966430664,94.88842010498047,10078800,
2018-06-15,120.83000183105469,121.08999633789062,120.30000305175781,120.37999725341797,94.97520446777344,7992800,
2018-06-18,120.4800033569336,120.55999755859375,120.04000091552734,120.2699966430664,94.88842010498047,4893700,
2018-06-19,120.97000122070312,121.2300033569336,120.69999694824219,120.97000122070312,95.44064331054688,6133300,
2018-06-20,120.7699966430664,120.79000091552734,119.9000015258789,119.91000366210938,94.60438537597656,6879100,
2018-06-21,120.36000061035156,120.75,120.22000122070312,120.54000091552734,95.10143280029297,7235800,
2018-06-22,120.08999633789062,120.62000274658203,120.05999755859375,120.52999877929688,95.09353637695312,4082500,
2018-06-25,120.66000366210938,121.11000061035156,120.63999938964844,120.80000305175781,95.30656433105469,8363700,
2018-06-26,120.7699966430664,121.02999877929688,120.66000366210938,120.97000122070312,95.44064331054688,5450000,
2018-06-27,121.75,122.18000030517578,121.55000305175781,122.11000061035156,96.34007263183594,8173400,
2018-06-28,122.12999725341797,122.25,121.83000183105469,122.13999938964844,96.36375427246094,7109500,
2018-06-29,122.16999816894531,122.5,121.6500015258789,121.72000122070312,96.03240203857422,11164700,
2018-07-02,121.73999786376953,121.75,121.29000091552734,121.3499984741211,95.95726776123047,9662000,"{""dividend_amount"": 0.275}"
2018-07-03,121.52999877929688,122.02999877929688,121.52999877929688,122.0,96.47127532958984,3808800,
2018-07-05,122.05999755859375,122.52999877929688,122.01000213623047,122.3499984741211,96.7480239868164,3860400,
2018-07-06,122.75,122.91999816894531,122.4800033569336,122.75,97.0643539428711,4679900,
2018-07-09,122.06999969482422,122.20999908447266,121.9000015258789,121.95999908447266,96.43962860107422,5952700,
2018-07-10,121.87000274658203,122.12999725341797,121.80999755859375,121.94999694824219,96.43171691894531,5759700,
2018-07-11,122.44999694824219,122.55000305175781,122.08999633789062,122.41999816894531,96.80337524414062,6869100,
2018-07-12,122.16999816894531,122.47000122070312,122.13999938964844,122.41000366210938,96.79545593261719,4824700,
2018-07-13,122.61000061035156,122.87000274658203,122.47000122070312,122.72000122070312,97.04061126708984,4079000,
2018-07-16,122.20999908447266,122.29000091552734,121.63999938964844,122.20999908447266,96.63734436035156,5517100,
2018-07-17,122.29000091552734,122.38999938964844,121.9000015258789,121.9800033569336,96.45543670654297,3764300,
2018-07-18,122.0199966430664,122.04000091552734,121.38999938964844,121.48999786376953,96.06800079345703,6330000,
2018-07-19,121.80000305175781,122.44999694824219,121.7699966430664,122.26000213623047,96.67684173583984,6166700,
2018-07-20,121.58000183105469,121.58999633789062,120.69999694824219,120.76000213623047,95.4907455444336,10469500,
2018-07-23,120.37999725341797,120.37999725341797,119.18000030517578,119.2699966430664,94.31251525878906,11571800,
2018-07-24,119.27999877929688,119.81999969482422,119.13999938964844,119.68000030517578,94.63671112060547,9053500,
2018-07-25,120.0199966430664,120.26000213623047,119.26000213623047,119.48999786376953,94.48648071289062,7357900,
2018-07-26,119.70999908447266,119.87999725341797,119.16000366210938,119.26000213623047,94.30461120605469,6821100,
2018-07-27,119.8499984741211,119.87000274658203,119.4000015258789,119.45999908447266,94.4627685546875,4542000,
2018-07-30,118.98999786376953,119.41000366210938,118.97000122070312,119.05000305175781,94.1385498046875,7111200,
2018-07-31,119.79000091552734,119.86000061035156,119.55999755859375,119.69999694824219,94.6525650024414,6797400,
2018-08-01,118.29000091552734,118.83999633789062,118.06999969482422,118.45999908447266,93.88140869140625,13312600,"{""dividend_amount"": 0.267}"
2018-08-02,118.62000274658203,118.73999786376953,118.30000305175781,118.62999725341797,94.01615905761719,4451100,
2018-08-03,118.83000183105469,119.29000091552734,118.80999755859375,119.22000122070312,94.4837417602539,6162400,
2018-08-06,119.54000091552734,119.83999633789062,119.2699966430664,119.29000091552734,94.53923797607422,4200200,
2018-08-07,119.02999877929688,119.0999984741211,118.56999969482422,118.66999816894531,94.04786682128906,5346900,
2018-08-08,118.66000366210938,119.02999877929688,118.61000061035156,118.79000091552734,94.14293670654297,5640900,
2018-08-09,119.2300033569336,119.83000183105469,119.12000274658203,119.79000091552734,94.93543243408203,7144100,
2018-08-10,120.37000274658203,121.05000305175781,120.27999877929688,120.66000366210938,95.62494659423828,8457900,
2018-08-13,120.25,120.69999694824219,120.20999908447266,120.41000366210938,95.42686462402344,7923200,
2018-08-14,120.54000091552734,120.55999755859375,120.02999877929688,120.13999938964844,95.21282196044922,4251200,
2018-08-15,120.66000366210938,121.12999725341797,120.56999969482422,120.83999633789062,95.76762390136719,7649800,
2018-08-16,120.80999755859375,120.93000030517578,120.27999877929688,120.83000183105469,95.75969696044922,5400400,
2018-08-17,121.08999633789062,121.38999938964844,120.75,120.9800033569336,95.87857818603516,3537600,
2018-08-20,121.63999938964844,121.91000366210938,121.54000091552734,121.79000091552734,96.5205078125,5603700,
2018-08-21,121.37000274658203,121.52999877929688,121.06999969482422,121.37999725341797,96.19558715820312,4695000,
2018-08-22,122.0,122.05000305175781,121.58000183105469,121.86000061035156,96.57593536376953,5309600,
2018-08-23,122.0,122.12999725341797,121.77999877929688,122.05000305175781,96.72657012939453,5328700,
2018-08-24,121.62000274658203,122.33000183105469,121.48999786376953,122.29000091552734,96.91677856445312,6092200,
2018-08-27,121.77999877929688,121.87000274658203,121.5199966430664,121.58999633789062,96.36198425292969,6407400,
2018-08-28,121.0,121.08999633789062,120.68000030517578,120.86000061035156,95.78343963623047,4929300,
2018-08-29,120.94000244140625,121.1500015258789,120.62000274658203,121.0199966430664,95.9102554321289,5613300,
2018-08-30,121.30999755859375,121.45999908447266,121.08000183105469,121.27999877929688,96.11634826660156,5302900,
2018-08-31,121.88999938964844,121.91999816894531,120.88999938964844,121.0,95.8944320678711,9677500,
2018-09-04,119.95999908447266,120.0999984741211,119.75,120.02999877929688,95.34001922607422,18343600,"{""dividend_amount"": 0.272}"
2018-09-05,119.76000213623047,119.9000015258789,119.55000305175781,119.70999908447266,95.08580017089844,9422600,
2018-09-06,119.76000213623047,120.4000015258789,119.69000244140625,120.1500015258789,95.43531799316406,9566000,
2018-09-07,119.33000183105469,119.4000015258789,118.98999786376953,119.12999725341797,94.62512969970703,11212600,
2018-09-10,119.16999816894531,119.5999984741211,119.16999816894531,119.56999969482422,94.97460174560547,6386400,
2018-09-11,119.08000183105469,119.16999816894531,118.5999984741211,118.66000366210938,94.25181579589844,5440000,
2018-09-12,119.05000305175781,119.16999816894531,118.9000015258789,118.94000244140625,94.47419738769531,3347200,
2018-09-13,119.33999633789062,119.56999969482422,118.9800033569336,119.12000274658203,94.6171875,4833000,
2018-09-14,118.41000366210938,118.91000366210938,118.30000305175781,118.55000305175781,94.16442108154297,5579500,
2018-09-17,118.18000030517578,118.81999969482422,118.12000274658203,118.55000305175781,94.16442108154297,5433000,
2018-09-18,118.05999755859375,118.06999969482422,117.16000366210938,117.30999755859375,93.17948913574219,10182300,
2018-09-19,117.11000061035156,117.11000061035156,116.19000244140625,116.61000061035156,92.62348937988281,13379600,
2018-09-20,116.58000183105469,117.30000305175781,116.47000122070312,117.1500015258789,93.05240631103516,8657300,
2018-09-21,116.87000274658203,117.27999877929688,116.83999633789062,117.0999984741211,93.01266479492188,6173800,
2018-09-24,116.73999786376953,117.2699966430664,116.72000122070312,116.80000305175781,92.77438354492188,5505500,
2018-09-25,116.4800033569336,116.73999786376953,116.4000015258789,116.68000030517578,92.67906188964844,6650900,
2018-09-26,116.93000030517578,117.58000183105469,116.66000366210938,117.5,93.3304443359375,9512700,
2018-09-27,117.23999786376953,117.6500015258789,117.0999984741211,117.58000183105469,93.39393615722656,5758500,
2018-09-28,117.8499984741211,117.91000366210938,117.22000122070312,117.2699966430664,93.14771270751953,12807700,
2018-10-01,116.66000366210938,116.83000183105469,116.12000274658203,116.1500015258789,92.46393585205078,22442400,"{""dividend_amount"": 0.261}"
2018-10-02,116.66999816894531,117.12999725341797,116.5999984741211,116.86000061035156,93.02910614013672,8266900,
2018-10-03,116.2699966430664,116.36000061035156,114.23999786376953,114.83000183105469,91.4130859375,20829200,
2018-10-04,114.12999725341797,114.38999938964844,113.70999908447266,114.0199966430664,90.76827239990234,16207400,
2018-10-05,113.38999938964844,113.72000122070312,112.62000274658203,113.04000091552734,89.98809814453125,18096500,
2018-10-08,112.98999786376953,113.11000061035156,112.63999938964844,112.66000366210938,89.68560028076172,5855900,
2018-10-09,113.13999938964844,113.8499984741211,113.06999969482422,113.80000305175781,90.59314727783203,11530800,
2018-10-10,113.13999938964844,113.58000183105469,112.79000091552734,113.48999786376953,90.34635162353516,15290100,
2018-10-11,114.0,115.1500015258789,113.79000091552734,114.87000274658203,91.44491577148438,16086800,
2018-10-12,114.38999938964844,115.01000213623047,114.27999877929688,114.47000122070312,91.12648010253906,6794100,
2018-10-15,114.66000366210938,114.81999969482422,114.29000091552734,114.41999816894531,91.0866928100586,7146300,
2018-10-16,114.38999938964844,114.72000122070312,114.16000366210938,114.68000030517578,91.29368591308594,4762300,
2018-10-17,114.66000366210938,114.79000091552734,113.9800033569336,114.0,90.75234985351562,5880700,
2018-10-18,113.62000274658203,114.38999938964844,113.55000305175781,113.95999908447266,90.72052764892578,5728800,
2018-10-19,113.8499984741211,113.94999694824219,113.41000366210938,113.70999908447266,90.5214614868164,10892400,
2018-10-22,113.94999694824219,114.08000183105469,113.52999877929688,113.55999755859375,90.40204620361328,3244200,
2018-10-23,114.76000213623047,115.0199966430664,113.83999633789062,113.91999816894531,90.68864440917969,10330700,
2018-10-24,114.36000061035156,114.81999969482422,114.23999786376953,114.77999877929688,91.37330627441406,16008000,
2018-10-25,114.54000091552734,114.73999786376953,114.2300033569336,114.30000305175781,90.99117279052734,12613200,
2018-10-26,114.93000030517578,115.31999969482422,114.79000091552734,114.98999786376953,91.54045104980469,18582500,
2018-10-29,114.83999633789062,115.0199966430664,114.26000213623047,114.7300033569336,91.33345031738281,7679900,
2018-10-30,114.26000213623047,114.54000091552734,114.0199966430664,114.16000366210938,90.87971496582031,9939500,
2018-10-31,113.73999786376953,113.95999908447266,113.20999908447266,113.58000183105469,90.41796875,8706400,
2018-11-01,112.8499984741211,113.55999755859375,112.83999633789062,113.41000366210938,90.50174713134766,6100200,"{""dividend_amount"": 0.275}"
2018-11-02,113.16999816894531,113.26000213623047,111.9000015258789,112.0,89.37654876708984,11314800,
2018-11-05,112.4800033569336,112.70999908447266,112.3499984741211,112.44000244140625,89.72770690917969,4760200,
2018-11-06,112.5999984741211,112.7300033569336,112.33000183105469,112.37000274658203,89.67184448242188,3159900,
2018-11-07,113.19000244140625,113.4000015258789,112.41000366210938,112.5199966430664,89.79151916503906,9313100,
2018-11-08,112.95999908447266,112.97000122070312,112.41000366210938,112.51000213623047,89.7835693359375,6905100,
2018-11-09,112.75,113.5,112.72000122070312,113.3499984741211,90.45391082763672,6465300,
2018-11-12,113.94999694824219,114.30999755859375,113.91000366210938,114.08999633789062,91.04442596435547,6840000,
2018-11-13,113.70999908447266,114.0199966430664,113.4800033569336,114.0199966430664,90.98857116699219,6525800,
2018-11-14,113.4800033569336,114.5199966430664,113.30000305175781,114.08999633789062,91.04442596435547,8690800,
2018-11-15,114.44000244140625,114.54000091552734,113.68000030517578,114.04000091552734,91.00452423095703,7879600,
2018-11-16,114.19999694824219,114.80999755859375,113.91999816894531,114.69999694824219,91.53121948242188,9236700,
2018-11-19,114.41000366210938,115.0199966430664,114.41000366210938,115.0199966430664,91.78659057617188,7027200,
2018-11-20,115.23999786376953,115.45999908447266,114.93000030517578,115.05999755859375,91.8184814453125,6332600,
2018-11-21,114.88999938964844,115.08999633789062,114.54000091552734,115.0199966430664,91.78659057617188,4951100,
2018-11-23,115.66999816894531,115.76000213623047,115.08999633789062,115.13999938964844,91.88235473632812,3027900,
2018-11-26,114.86000061035156,115.05999755859375,114.77999877929688,114.87999725341797,91.67481994628906,6599000,
2018-11-27,114.80999755859375,115.25,114.76000213623047,115.01000213623047,91.7785873413086,5967200,
2018-11-28,114.8499984741211,115.0199966430664,114.36000061035156,114.44999694824219,91.33173370361328,7814000,
2018-11-29,114.91999816894531,115.25,114.58999633789062,114.9000015258789,91.69076538085938,7295600,
2018-11-30,115.30999755859375,115.41999816894531,114.9800033569336,115.33000183105469,92.03395080566406,9127800,
2018-12-03,114.68000030517578,115.87999725341797,114.66000366210938,115.87999725341797,92.68743896484375,9763800,"{""dividend_amount"": 0.267}"
2018-12-04,116.80999755859375,118.66999816894531,116.62999725341797,117.81999969482422,94.23918914794922,18100500,
2018-12-06,118.54000091552734,119.19999694824219,118.12999725341797,118.19000244140625,94.53511047363281,15319400,
2018-12-07,117.80999755859375,118.52999877929688,117.5199966430664,118.41000366210938,94.71109008789062,8608400,
2018-12-10,118.87000274658203,119.27999877929688,118.44000244140625,118.9000015258789,95.10301971435547,8777700,
2018-12-11,118.97000122070312,119.37999725341797,118.61000061035156,118.87999725341797,95.08702087402344,8071900,
2018-12-12,118.58000183105469,118.72000122070312,118.23999786376953,118.3499984741211,94.66305541992188,6182200,
2018-12-13,118.45999908447266,118.58000183105469,117.9800033569336,118.06999969482422,94.43912506103516,5564200,
2018-12-14,118.55000305175781,118.7699966430664,118.22000122070312,118.4800033569336,94.76707458496094,8169200,
2018-12-17,118.58999633789062,119.30000305175781,118.58000183105469,119.16999816894531,95.3189697265625,9726800,
2018-12-18,119.06999969482422,119.79000091552734,118.94000244140625,119.5999984741211,95.8897933959961,10018800,"{""dividend_amount"": 0.282}"
2018-12-19,120.11000061035156,121.66000366210938,119.91999816894531,121.18000030517578,97.15657043457031,23046300,
2018-12-20,122.01000213623047,122.02999877929688,120.66999816894531,120.73999786376953,96.80378723144531,18543700,
2018-12-21,121.13999938964844,121.20999908447266,120.38999938964844,120.72000122070312,96.7878189086914,9945100,
2018-12-24,121.12999725341797,121.41999816894531,120.91000366210938,121.31999969482422,97.26884460449219,8377500,
2018-12-26,120.98999786376953,121.38999938964844,119.97000122070312,120.0199966430664,96.2265853881836,11700400,
2018-12-27,121.26000213623047,121.37999725341797,119.9800033569336,120.04000091552734,96.2425765991211,12146500,
2018-12-28,120.4000015258789,121.05000305175781,120.29000091552734,121.05000305175781,97.05237579345703,9879100,
2018-12-31,120.6500015258789,121.55999755859375,120.45999908447266,121.51000213623047,97.42115020751953,17409000,
2019-01-02,121.66000366210938,122.16000366210938,121.33999633789062,122.1500015258789,97.93428039550781,19841500,
2019-01-03,122.29000091552734,123.86000061035156,122.2300033569336,123.54000091552734,99.04869842529297,21187000,
2019-01-04,122.33999633789062,122.55999755859375,121.6500015258789,122.11000061035156,97.9022216796875,12970200,
2019-01-07,122.62000274658203,122.6500015258789,121.62000274658203,121.75,97.61360168457031,8498100,
2019-01-08,121.69000244140625,121.94000244140625,121.38999938964844,121.43000030517578,97.35706329345703,7737100,
2019-01-09,121.26000213623047,121.43000030517578,120.80000305175781,121.23999786376953,97.20468139648438,9349200,
2019-01-10,121.27999877929688,121.41000366210938,120.33999633789062,120.45999908447266,96.57929229736328,8222900,
2019-01-11,120.83000183105469,121.2699966430664,120.68000030517578,120.93000030517578,96.95611572265625,5786900,
2019-01-14,120.9000015258789,121.01000213623047,120.23999786376953,120.4800033569336,96.5953598022461,6730500,
2019-01-15,120.55999755859375,120.56999969482422,119.94999694824219,120.04000091552734,96.2425765991211,8997400,
2019-01-16,119.58999633789062,120.38999938964844,119.51000213623047,120.16000366210938,96.33881378173828,6048400,
2019-01-17,120.22000122070312,120.52999877929688,119.88999938964844,120.19000244140625,96.36286163330078,8153400,
2019-01-18,119.83999633789062,120.12000274658203,119.38999938964844,119.55999755859375,95.85773468017578,14106400,
2019-01-22,120.30999755859375,120.72000122070312,120.06999969482422,120.37000274658203,96.50715637207031,8881100,
2019-01-23,119.87999725341797,120.62000274658203,119.83000183105469,120.31999969482422,96.46708679199219,5776800,
2019-01-24,120.91000366210938,121.26000213623047,120.70999908447266,121.11000061035156,97.1004638671875,7121900,
2019-01-25,120.58999633789062,120.75,120.31999969482422,120.52999877929688,96.63544464111328,6460800,
2019-01-28,120.54000091552734,120.94000244140625,120.41000366210938,120.41000366210938,96.53924560546875,6435800,
2019-01-29,120.52999877929688,121.04000091552734,120.38999938964844,121.0199966430664,97.02830505371094,5750100,
2019-01-30,120.83999633789062,120.9800033569336,120.33000183105469,120.93000030517578,96.95611572265625,10571300,
2019-01-31,121.55000305175781,122.18000030517578,121.5,121.97000122070312,97.78996276855469,11843400,
2019-02-01,121.4800033569336,121.56999969482422,120.83999633789062,120.95999908447266,97.19934844970703,12024600,"{""dividend_amount"": 0.275}"
2019-02-04,120.44000244140625,120.55000305175781,120.0199966430664,120.41999816894531,96.7654037475586,8966200,
2019-02-05,120.7300033569336,121.2300033569336,120.66000366210938,120.97000122070312,97.2073974609375,6983300,
2019-02-06,121.36000061035156,121.41000366210938,120.7300033569336,121.02999877929688,97.25559997558594,5184000,
2019-02-07,121.45999908447266,121.91000366210938,121.2300033569336,121.83000183105469,97.8984603881836,8781000,
2019-02-08,122.26000213623047,122.47000122070312,122.06999969482422,122.3499984741211,98.31629943847656,5885400,
2019-02-11,121.86000061035156,122.18000030517578,121.75,121.87000274658203,97.93060302734375,4352800,
2019-02-12,121.66000366210938,121.75,121.19999694824219,121.55999755859375,97.68146514892578,7939600,
2019-02-13,121.1500015258789,121.38999938964844,120.91000366210938,121.0999984741211,97.3118667602539,4757700,
2019-02-14,122.13999938964844,122.19999694824219,121.58000183105469,121.79000091552734,97.8663330078125,5868900,
2019-02-15,121.55999755859375,122.0199966430664,121.54000091552734,121.9800033569336,98.01896667480469,5527200,
2019-02-19,122.41999816894531,122.54000091552734,121.94999694824219,122.29000091552734,98.26809692382812,5872800,
2019-02-20,121.94999694824219,122.08000183105469,121.58999633789062,121.94000244140625,97.98688507080078,4455800,
2019-02-21,121.06999969482422,121.16000366210938,120.69999694824219,120.8499984741211,97.1109619140625,7382500,
2019-02-22,121.47000122070312,121.94999694824219,121.41999816894531,121.56999969482422,97.6895523071289,6374600,
2019-02-25,121.16999816894531,121.30000305175781,120.91999816894531,121.20999908447266,97.40023803710938,6293500,
2019-02-26,121.7300033569336,121.81999969482422,121.36000061035156,121.80999755859375,97.88235473632812,6028900,
2019-02-27,121.12000274658203,121.12999725341797,120.27999877929688,120.43000030517578,96.77342224121094,7737300,
2019-02-28,120.55999755859375,120.62000274658203,119.70999908447266,120.0199966430664,96.4439926147461,9533400,
2019-03-01,119.33000183105469,119.52999877929688,118.63999938964844,118.66000366210938,95.55257415771484,13541100,"{""dividend_amount"": 0.253}"
2019-03-04,119.29000091552734,119.7699966430664,119.05999755859375,119.58999633789062,96.30148315429688,9808500,
2019-03-05,119.27999877929688,119.87000274658203,119.2699966430664,119.83999633789062,96.50276947021484,5595200,
2019-03-06,119.91999816894531,120.5199966430664,119.88999938964844,120.27999877929688,96.85713195800781,7766700,
2019-03-07,120.63999938964844,121.26000213623047,120.61000061035156,121.05999755859375,97.48519134521484,8187200,
2019-03-08,121.12000274658203,121.69000244140625,120.8499984741211,121.56999969482422,97.89591217041016,7517600,
2019-03-11,121.4000015258789,121.41999816894531,120.9800033569336,121.20999908447266,97.60598754882812,5157800,
2019-03-12,121.30000305175781,122.2300033569336,121.26000213623047,122.05999755859375,98.29044342041016,6422300,
2019-03-13,121.66000366210938,121.95999908447266,121.62000274658203,121.83000183105469,98.10523986816406,4386300,
2019-03-14,121.69000244140625,121.76000213623047,120.91999816894531,120.94999694824219,97.39661407470703,8188400,
2019-03-15,121.73999786376953,121.94999694824219,121.4000015258789,121.75,98.04081726074219,4302000,
2019-03-18,121.56999969482422,121.87000274658203,121.5199966430664,121.68000030517578,97.98448181152344,3893300,
2019-03-19,121.08999633789062,121.62000274658203,120.88999938964844,121.41000366210938,97.76705932617188,5220200,
2019-03-20,121.73999786376953,122.8499984741211,121.7300033569336,122.68000030517578,98.78973388671875,10123700,
2019-03-21,122.95999908447266,123.08999633789062,122.73999786376953,122.94999694824219,99.00713348388672,7182600,
2019-03-22,124.20999908447266,125.27999877929688,124.05999755859375,124.86000061035156,100.54523468017578,13077000,
2019-03-25,124.80999755859375,125.94000244140625,124.51000213623047,125.05999755859375,100.7062759399414,9736300,
2019-03-26,124.69999694824219,125.29000091552734,124.62000274658203,124.97000122070312,100.63379669189453,7502000,
2019-03-27,125.41999816894531,126.33999633789062,125.30999755859375,126.12000274658203,101.55979919433594,14207200,
2019-03-28,126.25,126.69000244140625,126.01000213623047,126.55999755859375,101.91413116455078,9143200,
2019-03-29,125.68000030517578,126.47000122070312,125.63999938964844,126.44000244140625,101.81751251220703,10841400,
2019-04-01,125.29000091552734,125.36000061035156,124.19000244140625,124.37000274658203,100.37132263183594,16501500,"{""dividend_amount"": 0.278}"
2019-04-02,124.4800033569336,124.73999786376953,124.25,124.5999984741211,100.55692291259766,9725000,
2019-04-03,123.61000061035156,123.87000274658203,123.37000274658203,123.5199966430664,99.68529510498047,10407000,
2019-04-04,123.5999984741211,123.88999938964844,123.44000244140625,123.87000274658203,99.9677963256836,7503400,
2019-04-05,123.62000274658203,124.16999816894531,123.58000183105469,124.02999877929688,100.0969009399414,6321800,
2019-04-08,123.83000183105469,123.94999694824219,123.5199966430664,123.58999633789062,99.7417984008789,4446400,
2019-04-09,124.22000122070312,124.33999633789062,123.7699966430664,123.9800033569336,100.05659484863281,7020300,
2019-04-10,124.2699966430664,124.5199966430664,124.0999984741211,124.27999877929688,100.29869842529297,7519900,
2019-04-11,123.93000030517578,124.0199966430664,123.41000366210938,123.55000305175781,99.70953369140625,8679300,
2019-04-12,122.88999938964844,123.05999755859375,122.62999725341797,122.66999816894531,98.99934387207031,7005500,
2019-04-15,122.77999877929688,122.98999786376953,122.72000122070312,122.9800033569336,99.24951934814453,3070000,
2019-04-16,122.51000213623047,122.62999725341797,122.13999938964844,122.20999908447266,98.62808227539062,8927300,
2019-04-17,122.12999725341797,122.56999969482422,122.11000061035156,122.26000213623047,98.66842651367188,6118500,
2019-04-18,122.80999755859375,123.0999984741211,122.77999877929688,122.9000015258789,99.18497467041016,27589400,
2019-04-22,122.47000122070312,122.56999969482422,122.23999786376953,122.30999755859375,98.70880889892578,6241200,
2019-04-23,122.61000061035156,122.69999694824219,122.38999938964844,122.56999969482422,98.91866302490234,6239700,
2019-04-24,123.11000061035156,123.58999633789062,123.08999633789062,123.56999969482422,99.7256851196289,7302000,
2019-04-25,123.48999786376953,123.62000274658203,123.0999984741211,123.38999938964844,99.58040618896484,5380900,
2019-04-26,123.9800033569336,124.0199966430664,123.63999938964844,123.80999755859375,99.91934967041016,5950700,
2019-04-29,123.2300033569336,123.3499984741211,122.8499984741211,123.0199966430664,99.2818374633789,10246000,
2019-04-30,122.94999694824219,123.73999786376953,122.93000030517578,123.6500015258789,99.79023742675781,7957400,
2019-05-01,123.69000244140625,124.44999694824219,123.5999984741211,123.9000015258789,100.20189666748047,14371900,"{""dividend_amount"": 0.259}"
2019-05-02,123.68000030517578,123.80999755859375,123.04000091552734,123.30999755859375,99.7247314453125,6612800,
2019-05-03,123.66000366210938,123.87999725341797,123.37000274658203,123.66000366210938,100.00784301757812,6191700,
2019-05-06,124.30999755859375,124.37999725341797,123.93000030517578,124.0,100.2827377319336,4482500,
2019-05-07,124.52999877929688,125.13999938964844,124.38999938964844,124.94999694824219,101.05105590820312,8984900,
2019-05-08,125.1500015258789,125.30000305175781,124.30000305175781,124.41000366210938,100.61431884765625,6907600,
2019-05-09,125.11000061035156,125.30000305175781,124.30999755859375,124.91999816894531,101.02680206298828,9411900,
2019-05-10,124.88999938964844,125.44999694824219,124.58999633789062,124.75,100.88929748535156,6037800,
2019-05-13,125.4000015258789,125.93000030517578,125.25,125.7300033569336,101.68187713623047,10501600,
2019-05-14,125.51000213623047,125.6500015258789,125.19999694824219,125.36000061035156,101.38263702392578,5690400,
2019-05-15,126.20999908447266,126.2699966430664,125.7699966430664,126.12999725341797,102.0053482055664,9566300,
2019-05-16,125.80999755859375,125.83000183105469,125.52999877929688,125.70999908447266,101.66568756103516,7666400,
2019-05-17,126.27999877929688,126.30000305175781,125.69000244140625,125.98999786376953,101.89213562011719,4747100,
2019-05-20,126.12000274658203,126.37999725341797,125.6500015258789,125.7300033569336,101.68187713623047,6043100,
2019-05-21,125.5999984741211,125.72000122070312,125.30000305175781,125.52999877929688,101.52012634277344,4021800,
2019-05-22,125.7699966430664,126.33000183105469,125.72000122070312,126.25,102.10243225097656,5675300,
2019-05-23,126.88999938964844,128.08999633789062,126.87999725341797,127.66999816894531,103.25082397460938,9743700,
2019-05-24,127.55999755859375,127.77999877929688,127.38999938964844,127.77999877929688,103.33975982666016,4981900,
2019-05-28,128.27000427246094,128.89999389648438,128.08999633789062,128.6999969482422,104.08379364013672,8098600,
2019-05-29,129.6699981689453,129.89999389648438,129.0,129.08999633789062,104.39920043945312,13260600,
2019-05-30,129.3300018310547,130.22999572753906,128.88999938964844,130.1999969482422,105.29686737060547,13024800,
2019-05-31,130.89999389648438,131.89999389648438,130.80999755859375,131.8300018310547,106.61516571044922,18933600,
2019-06-03,131.91000366210938,132.5800018310547,131.5500030517578,132.44000244140625,107.32829284667969,17822400,"{""dividend_amount"": 0.27}"
2019-06-04,131.38999938964844,131.75999450683594,130.5500030517578,130.92999267578125,106.10457611083984,14250000,
2019-06-05,130.52000427246094,130.9499969482422,130.1199951171875,130.19000244140625,105.50487518310547,8815200,
2019-06-06,130.97000122070312,131.58999633789062,130.32000732421875,130.61000061035156,105.84521484375,9621100,
2019-06-07,131.7899932861328,132.07000732421875,131.44000244140625,131.74000549316406,106.76099395751953,11378500,
2019-06-10,130.67999267578125,130.6999969482422,130.32000732421875,130.5,105.7561264038086,8288700,
2019-06-11,130.4199981689453,130.75999450683594,130.32000732421875,130.5800018310547,105.82093048095703,5115100,
2019-06-12,130.38999938964844,130.75,130.3000030517578,130.67999267578125,105.90198516845703,5278700,
2019-06-13,130.8000030517578,131.25,130.7899932861328,131.1300048828125,106.26667785644531,5560400,
2019-06-14,131.10000610351562,131.7100067138672,131.08999633789062,131.4600067138672,106.53412628173828,5838800,
2019-06-17,131.38999938964844,131.75999450683594,131.1300048828125,131.69000244140625,106.72052001953125,6046400,
2019-06-18,132.74000549316406,132.86000061035156,131.9499969482422,132.35000610351562,107.25534057617188,10320700,
2019-06-19,131.86000061035156,132.72000122070312,131.5800018310547,132.5399932861328,107.40930938720703,11962500,
2019-06-20,132.91000366210938,133.50999450683594,132.58999633789062,132.88999938964844,107.69291687011719,10721500,
2019-06-21,132.50999450683594,132.52999877929688,131.3800048828125,131.42999267578125,106.50975799560547,14495000,
2019-06-24,132.16000366210938,132.52999877929688,132.0800018310547,132.41000366210938,107.30394744873047,6378800,
2019-06-25,132.7899932861328,133.08999633789062,132.72000122070312,132.82000732421875,107.63623046875,9604600,
2019-06-26,132.67999267578125,132.6999969482422,131.8800048828125,131.97000122070312,106.94737243652344,12766800,
2019-06-27,132.30999755859375,133.08999633789062,131.99000549316406,132.89999389648438,107.70109558105469,9724200,
2019-06-28,132.5800018310547,133.0800018310547,132.4499969482422,132.80999755859375,107.62814331054688,8149200,
2019-07-01,132.57000732421875,132.75,131.58999633789062,132.24000549316406,107.37640380859375,14131200,"{""dividend_amount"": 0.26}"
2019-07-02,132.57000732421875,133.38999938964844,132.4600067138672,133.25999450683594,108.2046127319336,10494300,
2019-07-03,133.52000427246094,134.2899932861328,133.50999450683594,134.2100067138672,108.97602081298828,5380300,
2019-07-05,132.5399932861328,132.5500030517578,131.6699981689453,132.42999267578125,107.53065490722656,12180100,
2019-07-08,133.0500030517578,133.22000122070312,132.61000061035156,132.61000061035156,107.6768569946289,6490000,
2019-07-09,132.67999267578125,132.7100067138672,132.16000366210938,132.55999755859375,107.63622283935547,6215700,
2019-07-10,132.35000610351562,132.44000244140625,131.50999450683594,131.8300018310547,107.04351043701172,9470000,
2019-07-11,131.30999755859375,131.41000366210938,129.75999450683594,130.07000732421875,105.6144027709961,14126800,
2019-07-12,129.9199981689453,130.4499969482422,129.67999267578125,130.22000122070312,105.73621368408203,6992000,
2019-07-15,130.4499969482422,131.0500030517578,130.4499969482422,130.97000122070312,106.34519958496094,6055500,
2019-07-16,130.1699981689453,130.60000610351562,129.9600067138672,130.5800018310547,106.02850341796875,6172700,
2019-07-17,131.05999755859375,132.02000427246094,131.0500030517578,131.99000549316406,107.17343139648438,9662200,
2019-07-18,131.47000122070312,132.32000732421875,131.24000549316406,132.0,107.18152618408203,5724900,
2019-07-19,131.58999633789062,131.92999267578125,131.50999450683594,131.69000244140625,106.9298324584961,5804800,
2019-07-22,132.47000122070312,132.49000549316406,131.74000549316406,131.94000244140625,107.13282012939453,5204100,
2019-07-23,131.60000610351562,131.74000549316406,130.97000122070312,131.22000122070312,106.5481948852539,8108900,
2019-07-24,131.60000610351562,131.89999389648438,131.47000122070312,131.7899932861328,107.01102447509766,6389700,
2019-07-25,131.25,131.41000366210938,130.50999450683594,131.16000366210938,106.4994888305664,8893100,
2019-07-26,131.6999969482422,131.77999877929688,131.25,131.47000122070312,106.75117492675781,6188400,
2019-07-29,131.82000732421875,131.9499969482422,131.39999389648438,131.50999450683594,106.78369140625,6231800,
2019-07-30,132.0,132.10000610351562,131.42999267578125,131.8300018310547,107.04351043701172,5678500,
2019-07-31,131.6999969482422,133.3300018310547,131.66000366210938,132.88999938964844,107.9041748046875,15798700,
2019-08-01,133.38999938964844,135.38999938964844,133.25999450683594,135.25999450683594,110.0472183227539,26664800,"{""dividend_amount"": 0.264}"
2019-08-02,135.66000366210938,136.50999450683594,135.39999389648438,136.50999450683594,111.06417846679688,15143100,
2019-08-05,138.13999938964844,138.88999938964844,137.66000366210938,138.8699951171875,112.98429107666016,18543000,
2019-08-06,138.1999969482422,139.97999572753906,138.08999633789062,139.97999572753906,113.88737487792969,12747400,
2019-08-07,142.39999389648438,143.05999755859375,139.77999877929688,140.02999877929688,113.92809295654297,32582000,
2019-08-08,139.13999938964844,140.42999267578125,137.97999572753906,140.3300018310547,114.1721420288086,14746000,
2019-08-09,140.6699981689453,141.5500030517578,139.8699951171875,140.0500030517578,113.94438171386719,10626000,
2019-08-12,141.72000122070312,143.42999267578125,141.50999450683594,142.97000122070312,116.32003784179688,14094300,
2019-08-13,143.80999755859375,143.91000366210938,141.9499969482422,142.47999572753906,115.9213638305664,15974900,
2019-08-14,145.16000366210938,145.72999572753906,144.7100067138672,145.69000244140625,118.53303527832031,15068900,
2019-08-15,145.9499969482422,148.60000610351562,145.5800018310547,147.30999755859375,119.85104370117188,23588700,
2019-08-16,146.05999755859375,146.50999450683594,144.83999633789062,146.1300048828125,118.89105224609375,17150500,
2019-08-19,143.57000732421875,144.66000366210938,143.50999450683594,144.0399932861328,117.19054412841797,13614700,
2019-08-20,145.27999877929688,145.6199951171875,144.83999633789062,145.52999877929688,118.40283966064453,7451500,
2019-08-21,144.72000122070312,145.7899932861328,144.2899932861328,144.55999755859375,117.61370086669922,9372000,
2019-08-22,144.0,144.6999969482422,143.47999572753906,143.60000610351562,116.8326416015625,13878800,
2019-08-23,143.52000427246094,146.27000427246094,143.42999267578125,145.9600067138672,118.75271606445312,16191800,
2019-08-26,145.8699951171875,146.2899932861328,145.2899932861328,145.3699951171875,118.27271270751953,12174500,
2019-08-27,146.6300048828125,147.72000122070312,146.47999572753906,147.61000061035156,120.09510803222656,11332300,
2019-08-28,148.77999877929688,148.89999389648438,147.66000366210938,147.8000030517578,120.24977111816406,10095900,
2019-08-29,147.25,147.33999633789062,146.1300048828125,147.24000549316406,119.79411315917969,8884900,
2019-08-30,146.61000061035156,147.47999572753906,146.36000061035156,147.27999877929688,119.8266372680664,13550800,
2019-09-03,147.08999633789062,148.6699981689453,146.57000732421875,147.2100067138672,119.98150634765625,15660800,"{""dividend_amount"": 0.26}"
2019-09-04,146.52999877929688,147.6199951171875,146.47999572753906,147.42999267578125,120.1607437133789,7962200,
2019-09-05,145.66000366210938,145.8000030517578,143.88999938964844,144.75999450683594,117.98463439941406,19382900,
2019-09-06,145.25999450683594,146.02999877929688,145.0800018310547,145.7899932861328,118.82414245605469,9466400,
2019-09-09,143.8300018310547,144.0,143.19000244140625,143.1999969482422,116.71322631835938,15862700,
2019-09-10,142.83999633789062,143.2899932861328,140.66000366210938,140.69000244140625,114.66744995117188,13851400,
2019-09-11,140.39999389648438,141.14999389648438,140.38999938964844,140.44000244140625,114.46373748779297,10941700,
2019-09-12,141.5,141.8000030517578,139.05999755859375,139.52000427246094,113.71389770507812,19163300,
2019-09-13,138.27999877929688,138.7100067138672,136.5399932861328,136.5399932861328,111.28506469726562,18922200,
2019-09-16,137.8800048828125,138.57000732421875,137.25,138.27999877929688,112.70321655273438,10971600,
2019-09-17,138.36000061035156,139.60000610351562,138.02000427246094,139.02999877929688,113.31452941894531,9081200,
2019-09-18,139.92999267578125,140.66000366210938,139.52999877929688,139.6199951171875,113.79539489746094,10984600,
2019-09-19,140.75999450683594,140.99000549316406,139.97000122070312,140.0399932861328,114.13764190673828,13176200,
2019-09-20,140.77000427246094,141.97999572753906,140.44000244140625,141.88999938964844,115.64552307128906,11519800,
2019-09-23,142.24000549316406,143.16000366210938,141.6999969482422,141.86000061035156,115.62105560302734,15246700,
2019-09-24,142.4199981689453,143.85000610351562,142.41000366210938,143.57000732421875,117.01480102539062,12421600,
2019-09-25,143.25999450683594,143.5500030517578,141.13999938964844,141.47000122070312,115.30325317382812,14147100,
2019-09-26,142.27000427246094,142.99000549316406,141.89999389648438,142.3800048828125,116.04485321044922,9636500,
2019-09-27,142.32000732421875,142.97999572753906,142.13999938964844,142.72999572753906,116.33014678955078,10386900,
2019-09-30,141.8800048828125,143.08999633789062,141.83999633789062,143.0800018310547,116.61543273925781,8006900,
2019-10-01,141.25999450683594,143.91000366210938,141.13999938964844,143.25999450683594,116.9664535522461,16613700,"{""dividend_amount"": 0.25}"
2019-10-02,143.4600067138672,144.27000427246094,143.24000549316406,143.61000061035156,117.25224304199219,12891500,
2019-10-03,143.97999572753906,145.6699981689453,143.9199981689453,144.9199981689453,118.32182312011719,13470500,
2019-10-04,145.35000610351562,146.02999877929688,145.1999969482422,145.99000549316406,119.19547271728516,11516200,
2019-10-07,145.16000366210938,145.52999877929688,144.7100067138672,144.77999877929688,118.2074966430664,11013900,
2019-10-08,145.82000732421875,145.92999267578125,144.6199951171875,145.1699981689453,118.52591705322266,14529700,
2019-10-09,144.60000610351562,144.61000061035156,143.8000030517578,144.35000610351562,117.85643768310547,8608800,
2019-10-10,143.1199951171875,143.17999267578125,141.72999572753906,142.1999969482422,116.1010513305664,15054200,
2019-10-11,140.97999572753906,141.10000610351562,139.7100067138672,140.44000244140625,114.66409301757812,26294000,
2019-10-14,141.47999572753906,141.50999450683594,141.0800018310547,141.4600067138672,115.49688720703125,5936900,
2019-10-15,140.6699981689453,140.9499969482422,139.5500030517578,139.75,114.10066986083984,11832300,
2019-10-16,139.63999938964844,140.05999755859375,139.35000610351562,139.9199981689453,114.239501953125,7729500,
2019-10-17,139.52000427246094,140.3800048828125,139.3000030517578,139.5800018310547,113.96186065673828,6219300,
2019-10-18,139.80999755859375,140.22999572753906,139.4499969482422,139.5800018310547,113.96186065673828,6456100,
2019-10-21,138.57000732421875,138.99000549316406,138.22999572753906,138.52999877929688,113.1046371459961,8038000,
2019-10-22,139.3800048828125,139.52999877929688,138.63999938964844,139.33999633789062,113.76593017578125,6683300,
2019-10-23,140.02999877929688,140.30999755859375,139.36000061035156,139.47999572753906,113.88031005859375,5995400,
2019-10-24,139.67999267578125,140.24000549316406,139.02999877929688,139.1999969482422,113.6516342163086,6161700,
2019-10-25,139.52999877929688,139.5500030517578,138.30999755859375,138.52000427246094,113.0964584350586,5669800,
2019-10-28,137.5800018310547,137.5800018310547,136.99000549316406,137.25999450683594,112.06771850585938,11402100,
2019-10-29,137.6199951171875,137.74000549316406,137.1699981689453,137.35000610351562,112.1412353515625,5296600,
2019-10-30,137.77000427246094,139.4499969482422,137.77000427246094,139.36000061035156,113.78230285644531,10914100,
2019-10-31,140.47999572753906,141.67999267578125,140.42999267578125,141.24000549316406,115.31722259521484,15834100,
2019-11-01,140.72999572753906,141.27000427246094,139.7899932861328,140.55999755859375,114.96227264404297,11425500,"{""dividend_amount"": 0.246}"
2019-11-04,138.97000122070312,139.13999938964844,138.52999877929688,138.7100067138672,113.44916534423828,11124300,
2019-11-05,137.22000122070312,137.44000244140625,136.72999572753906,137.14999389648438,112.17328643798828,13493000,
2019-11-06,138.02000427246094,138.41000366210938,137.33999633789062,137.97999572753906,112.85211944580078,9351900,
2019-11-07,136.35000610351562,136.36000061035156,134.4499969482422,135.47999572753906,110.8073959350586,19209800,
2019-11-08,135.14999389648438,135.9499969482422,134.77999877929688,134.91000366210938,110.34123992919922,10222900,
2019-11-11,135.3800048828125,135.38999938964844,134.63999938964844,135.0,110.4147720336914,4577000,
2019-11-12,135.27999877929688,135.9499969482422,134.7899932861328,135.6199951171875,110.9218978881836,5772900,
2019-11-13,136.80999755859375,136.9600067138672,136.1699981689453,136.5,111.64163208007812,6672400,
2019-11-14,137.8000030517578,138.44000244140625,137.6699981689453,137.91000366210938,112.794921875,10213300,
2019-11-15,137.47999572753906,138.16000366210938,137.42999267578125,137.75999450683594,112.67223358154297,4657600,
2019-11-18,138.2100067138672,138.61000061035156,137.92999267578125,138.00999450683594,112.87664031982422,5943900,
2019-11-19,138.3699951171875,139.24000549316406,138.3699951171875,139.16000366210938,113.8172378540039,7893100,
2019-11-20,139.91000366210938,140.60000610351562,139.77000427246094,140.60000610351562,114.99501037597656,7905500,
2019-11-21,139.63999938964844,140.0800018310547,139.1199951171875,139.72000122070312,114.2752456665039,5980900,
2019-11-22,140.10000610351562,140.27999877929688,139.67999267578125,139.89999389648438,114.42243194580078,4664800,
2019-11-25,140.3000030517578,140.52999877929688,140.17999267578125,140.30999755859375,114.75780487060547,4157300,
2019-11-26,141.0,141.30999755859375,140.94000244140625,141.1300048828125,115.42847442626953,4281100,
2019-11-27,140.60000610351562,140.91000366210938,140.4199981689453,140.72000122070312,115.09310913085938,4095700,
2019-11-29,140.6199951171875,140.67999267578125,139.77999877929688,140.4199981689453,114.8477783203125,6251100,
2019-12-02,138.13999938964844,138.6699981689453,137.9499969482422,138.30999755859375,113.31652069091797,17702200,"{""dividend_amount"": 0.241}"
2019-12-03,140.0399932861328,141.77000427246094,139.92999267578125,141.2100067138672,115.69244384765625,13062400,
2019-12-04,140.33999633789062,140.5,139.2100067138672,139.8000030517578,114.5372543334961,8586300,
2019-12-05,138.66000366210938,139.44000244140625,138.60000610351562,139.1199951171875,113.98011779785156,7273800,
2019-12-06,138.02999877929688,139.1199951171875,137.86000061035156,138.35000610351562,113.34927368164062,7931100,
2019-12-09,138.99000549316406,139.11000061035156,138.57000732421875,138.64999389648438,113.59510040283203,4016900,
2019-12-10,139.17999267578125,139.35000610351562,138.41000366210938,138.66000366210938,113.60324096679688,4947600,
2019-12-11,139.3000030517578,140.13999938964844,139.22999572753906,139.75,114.49630737304688,6256700,
2019-12-12,139.19000244140625,139.27999877929688,136.61000061035156,137.4499969482422,112.61190032958984,14857000,
2019-12-13,138.1199951171875,139.61000061035156,137.22999572753906,139.0399932861328,113.91455841064453,11335100,
2019-12-16,138.39999389648438,138.4600067138672,137.42999267578125,137.7899932861328,112.89043426513672,9156600,
2019-12-17,138.2100067138672,138.33999633789062,137.2100067138672,137.60000610351562,112.73480987548828,6179700,
2019-12-18,137.3000030517578,137.4499969482422,136.27999877929688,136.47000122070312,111.80900573730469,6244700,
2019-12-19,136.0,136.86000061035156,135.75999450683594,136.47000122070312,111.98789978027344,6591100,"{""dividend_amount"": 0.218}"
2019-12-20,136.1300048828125,136.69000244140625,135.92999267578125,136.64999389648438,112.13560485839844,5455700,
2019-12-23,136.80999755859375,136.97000122070312,136.0,136.4499969482422,111.97148895263672,5175000,
2019-12-24,135.9199981689453,137.05999755859375,135.88999938964844,136.83999633789062,112.29151916503906,4667400,
2019-12-26,136.91000366210938,137.22000122070312,136.50999450683594,137.1699981689453,112.56230926513672,5290200,
2019-12-27,137.44000244140625,137.6300048828125,137.2899932861328,137.32000732421875,112.68540954589844,7300500,
2019-12-30,135.88999938964844,136.89999389648438,135.66000366210938,136.82000732421875,112.27510070800781,7979700,
2019-12-31,136.2100067138672,136.4600067138672,135.3800048828125,135.47999572753906,111.17549896240234,10707400,
2020-01-02,136.7899932861328,137.52999877929688,136.6699981689453,137.00999450683594,112.4310073852539,11034100,
2020-01-03,138.27000427246094,139.16000366210938,137.8800048828125,139.1199951171875,114.16246795654297,12366000,
2020-01-06,139.69000244140625,139.7100067138672,138.14999389648438,138.3300018310547,113.51422882080078,11369800,
2020-01-07,138.22000122070312,138.47000122070312,137.63999938964844,137.64999389648438,112.95616912841797,8381200,
2020-01-08,137.92999267578125,138.30999755859375,136.32000732421875,136.74000549316406,112.20945739746094,10621700,
2020-01-09,136.0,137.44000244140625,135.91000366210938,137.22000122070312,112.60331726074219,7411500,
2020-01-10,137.6699981689453,138.47000122070312,137.6300048828125,138.44000244140625,113.60445404052734,8776000,
2020-01-13,137.8800048828125,138.08999633789062,137.38999938964844,138.02000427246094,113.25979614257812,5966900,
2020-01-14,138.17999267578125,138.82000732421875,138.13999938964844,138.72999572753906,113.8424072265625,13920300,
2020-01-15,139.52000427246094,139.75999450683594,139.02000427246094,139.64999389648438,114.59744262695312,6290500,
2020-01-16,139.25999450683594,139.52999877929688,138.74000549316406,139.2100067138672,114.23637390136719,6798600,
2020-01-17,137.5800018310547,138.13999938964844,137.36000061035156,138.02000427246094,113.25979614257812,9693100,
2020-01-21,138.80999755859375,139.64999389648438,138.77000427246094,139.47000122070312,114.44969940185547,6794900,
2020-01-22,139.72000122070312,140.13999938964844,139.58999633789062,139.9600067138672,114.85181427001953,6317000,
2020-01-23,140.85000610351562,141.3800048828125,140.77999877929688,140.94000244140625,115.65599060058594,9747400,
2020-01-24,141.4199981689453,142.5500030517578,141.3000030517578,142.0800018310547,116.59149169921875,8585000,
2020-01-27,143.9499969482422,144.2899932861328,143.5,144.2899932861328,118.4050064086914,10935200,
2020-01-28,143.92999267578125,144.08999633789062,142.82000732421875,143.16000366210938,117.47781372070312,10612900,
2020-01-29,143.44000244140625,144.6999969482422,143.42999267578125,144.55999755859375,118.6265869140625,9566800,
2020-01-30,144.89999389648438,145.6699981689453,144.2899932861328,144.5800018310547,118.6430435180664,14711800,
2020-01-31,145.1699981689453,145.99000549316406,145.08999633789062,145.89999389648438,119.72620391845703,14538100,
2020-02-03,144.9499969482422,145.75999450683594,144.1199951171875,145.5399932861328,119.62920379638672,15309000,"{""dividend_amount"": 0.242}"
2020-02-04,143.99000549316406,144.13999938964844,143.05999755859375,143.5800018310547,118.01818084716797,11388300,
2020-02-05,142.3000030517578,142.6999969482422,141.89999389648438,142.00999450683594,116.72761535644531,10782600,
2020-02-06,142.17999267578125,142.8800048828125,142.0,142.64999389648438,117.25367736816406,6683100,
2020-02-07,144.22000122070312,144.74000549316406,143.8699951171875,144.42999267578125,118.71680450439453,11374800,
2020-02-10,145.10000610351562,145.25,144.67999267578125,144.8300018310547,119.04560089111328,6699300,
2020-02-11,144.58999633789062,144.72000122070312,143.94000244140625,144.10000610351562,118.44556427001953,7784100,
2020-02-12,143.3699951171875,143.5500030517578,142.99000549316406,143.3699951171875,117.84551239013672,5595500,
2020-02-13,143.44000244140625,144.1999969482422,143.27000427246094,143.9199981689453,118.297607421875,7883400,
2020-02-14,144.75999450683594,145.0800018310547,144.4499969482422,144.5500030517578,118.8154067993164,7137400,
2020-02-18,145.33999633789062,146.0500030517578,144.9199981689453,145.5399932861328,119.62920379638672,6909200,
2020-02-19,145.1199951171875,145.6199951171875,144.97999572753906,145.52999877929688,119.6209487915039,5707700,
2020-02-20,146.0800018310547,146.94000244140625,146.0,146.6699981689453,120.55802917480469,9332900,
2020-02-21,147.8000030517578,148.8800048828125,147.64999389648438,148.0399932861328,121.68412780761719,13860300,
2020-02-24,150.8300018310547,150.9600067138672,150.0,150.25,123.50070190429688,15929300,
2020-02-25,150.2100067138672,151.75999450683594,150.13999938964844,151.0500030517578,124.1581802368164,20802900,
2020-02-26,149.9499969482422,151.72000122070312,149.5800018310547,150.25,123.50070190429688,22589500,
2020-02-27,152.6999969482422,153.0800018310547,150.8300018310547,151.8800048828125,124.8404769897461,30687900,
2020-02-28,154.4499969482422,155.97999572753906,154.16000366210938,155.30999755859375,127.65980529785156,44935200,
2020-03-02,155.3000030517578,156.5,153.75999450683594,153.94000244140625,126.72061920166016,28152400,"{""dividend_amount"": 0.229}"
2020-03-03,153.80999755859375,159.6999969482422,152.36000061035156,156.3300018310547,128.68800354003906,38608000,
2020-03-04,156.41000366210938,157.35000610351562,154.19000244140625,154.6699981689453,127.32151794433594,23463700,
2020-03-05,157.1300048828125,158.82000732421875,156.80999755859375,158.52000427246094,130.49069213867188,17786200,
2020-03-06,167.3000030517578,169.3300018310547,164.11000061035156,166.77000427246094,137.28192138671875,76288300,
2020-03-09,179.10000610351562,179.6999969482422,170.33999633789062,171.2899932861328,141.0028076171875,41552800,
2020-03-10,169.63999938964844,172.92999267578125,162.02999877929688,162.50999450683594,133.7752227783203,37728300,
2020-03-11,165.42999267578125,167.02999877929688,155.6300048828125,156.52999877929688,128.8526611328125,29519300,
2020-03-12,163.50999450683594,166.36000061035156,155.66000366210938,157.5,129.65109252929688,24361800,
2020-03-13,155.0,158.1999969482422,152.19000244140625,153.94000244140625,126.72061920166016,19812900,
2020-03-16,160.3800048828125,166.14999389648438,157.80999755859375,163.91000366210938,134.9276123046875,30496700,
2020-03-17,163.5,165.6300048828125,152.7100067138672,152.97999572753906,125.93032836914062,18570900,
2020-03-18,152.83999633789062,154.13999938964844,139.00999450683594,144.35000610351562,118.8262710571289,47061000,
2020-03-19,146.9499969482422,153.4499969482422,145.25,148.27999877929688,122.06137084960938,21175300,
2020-03-20,153.3000030517578,159.42999267578125,152.11000061035156,159.42999267578125,131.23985290527344,20863100,
2020-03-23,157.5,166.69000244140625,156.57000732421875,166.0,136.64816284179688,19971800,
2020-03-24,161.25,165.4499969482422,160.41000366210938,162.91000366210938,134.10450744628906,11948600,
2020-03-25,163.58999633789062,166.67999267578125,161.6199951171875,162.5399932861328,133.79991149902344,10750600,
2020-03-26,164.0,165.67999267578125,162.27000427246094,163.33999633789062,134.45846557617188,10576200,
2020-03-27,165.52000427246094,168.25,164.58999633789062,167.6999969482422,138.0474853515625,12550000,
2020-03-30,168.3000030517578,170.11000061035156,165.94000244140625,166.32000732421875,136.91159057617188,13473200,
2020-03-31,165.6999969482422,166.9199981689453,164.55999755859375,164.97000122070312,135.80027770996094,11464800,
2020-04-01,168.47999572753906,168.9600067138672,166.39999389648438,167.0399932861328,137.70289611816406,11334700,"{""dividend_amount"": 0.238}"
2020-04-02,168.8300018310547,169.22000122070312,167.25999450683594,168.10000610351562,138.57679748535156,5771200,
2020-04-03,168.5500030517578,170.3300018310547,168.13999938964844,168.5,138.90646362304688,6570800,
2020-04-06,167.0,168.27000427246094,166.52999877929688,168.05999755859375,138.54380798339844,9434800,
2020-04-07,164.9600067138672,166.4199981689453,163.7100067138672,166.3000030517578,137.09291076660156,13811400,
2020-04-08,165.11000061035156,166.19000244140625,164.1300048828125,165.08999633789062,136.09542846679688,10147100,
2020-04-09,164.27999877929688,165.7899932861328,163.77999877929688,165.38999938964844,136.34271240234375,14259100,
2020-04-13,164.75,165.7100067138672,163.8800048828125,163.8800048828125,135.097900390625,8750300,
2020-04-14,163.83999633789062,164.74000549316406,163.47999572753906,163.83999633789062,135.06492614746094,9019100,
2020-04-15,166.8000030517578,168.60000610351562,166.74000549316406,168.17999267578125,138.6427001953125,10027800,
2020-04-16,169.25999450683594,170.32000732421875,169.02000427246094,170.08999633789062,140.21726989746094,8265400,
2020-04-17,169.82000732421875,170.83999633789062,167.27000427246094,167.80999755859375,138.3377227783203,8612100,
2020-04-20,168.44000244140625,169.2899932861328,167.9600067138672,169.16000366210938,139.45057678222656,6462600,
2020-04-21,171.92999267578125,172.14999389648438,170.77999877929688,171.2899932861328,141.20654296875,7850700,
2020-04-22,169.97000122070312,170.38999938964844,168.7100067138672,169.5399932861328,139.7638397216797,6230200,
2020-04-23,169.8699951171875,170.92999267578125,169.61000061035156,170.44000244140625,140.50579833984375,5968600,
2020-04-24,169.61000061035156,170.83999633789062,169.57000732421875,170.83999633789062,140.83551025390625,6211800,
2020-04-27,169.66000366210938,169.75,167.44000244140625,167.66000366210938,138.2140655517578,9039500,
2020-04-28,168.5500030517578,169.85000610351562,168.4499969482422,169.58999633789062,139.80508422851562,9905400,
2020-04-29,169.52999877929688,170.25999450683594,167.9600067138672,168.7100067138672,139.0796661376953,8619600,
2020-04-30,168.74000549316406,169.22999572753906,166.7100067138672,166.74000549316406,137.4556121826172,11606100,
2020-05-01,167.5,168.11000061035156,166.44000244140625,167.9499969482422,138.63270568847656,10209400,"{""dividend_amount"": 0.216}"
2020-05-04,167.55999755859375,167.67999267578125,166.47999572753906,167.16000366210938,137.9805450439453,8300900,
2020-05-05,165.57000732421875,166.27000427246094,165.27000427246094,166.08999633789062,137.09744262695312,7831800,
2020-05-06,163.22999572753906,163.63999938964844,162.0500030517578,163.41000366210938,134.88525390625,14721500,
2020-05-07,163.55999755859375,166.3699951171875,163.33999633789062,166.13999938964844,137.13861083984375,9164800,
2020-05-08,164.49000549316406,165.39999389648438,163.67999267578125,163.97999572753906,135.355712890625,8129800,
2020-05-11,163.66000366210938,164.22000122070312,162.10000610351562,162.6999969482422,134.2991485595703,8713500,
2020-05-12,163.16000366210938,164.92999267578125,163.1300048828125,164.3699951171875,135.6776885986328,10057300,
2020-05-13,165.08999633789062,166.2899932861328,164.8300018310547,165.52000427246094,136.62686157226562,13305600,
2020-05-14,167.32000732421875,168.14999389648438,167.0500030517578,167.13999938964844,137.964111328125,10080000,
2020-05-15,168.3000030517578,168.49000549316406,166.3300018310547,166.7100067138672,137.60919189453125,7225600,
2020-05-18,164.92999267578125,165.05999755859375,162.4199981689453,163.0500030517578,134.5880126953125,10073100,
2020-05-19,162.52000427246094,163.6999969482422,162.47999572753906,163.66000366210938,135.09156799316406,8639100,
2020-05-20,163.1699981689453,164.6999969482422,162.8800048828125,164.14999389648438,135.49603271484375,10927300,
2020-05-21,164.86000061035156,165.36000061035156,164.2899932861328,164.55999755859375,135.83444213867188,8920000,
2020-05-22,164.72000122070312,165.67999267578125,164.61000061035156,165.5500030517578,136.65171813964844,4956700,
2020-05-26,163.7100067138672,163.7899932861328,162.97999572753906,163.3300018310547,134.81915283203125,8098900,
2020-05-27,162.7899932861328,163.91000366210938,162.58999633789062,163.02999877929688,134.57142639160156,8047400,
2020-05-28,161.9600067138672,162.57000732421875,161.66000366210938,162.42999267578125,134.0762176513672,10272600,
2020-05-29,162.7100067138672,164.08999633789062,162.35000610351562,163.58999633789062,135.0337371826172,14632700,
2020-06-01,162.10000610351562,162.44000244140625,161.6699981689453,162.27999877929688,134.1245880126953,13341400,"{""dividend_amount"": 0.21}"
2020-06-02,161.6699981689453,162.08999633789062,161.25,161.69000244140625,133.63699340820312,11517100,
2020-06-03,160.17999267578125,160.3300018310547,158.94000244140625,159.5399932861328,131.86000061035156,12255700,
2020-06-04,158.9199981689453,159.00999450683594,157.19000244140625,157.22999572753906,129.95077514648438,14038600,
2020-06-05,154.61000061035156,156.16000366210938,153.16000366210938,156.11000061035156,129.02511596679688,17778500,
2020-06-08,155.07000732421875,156.85000610351562,155.0500030517578,156.7100067138672,129.52098083496094,10346700,
2020-06-09,159.0500030517578,159.63999938964844,158.3000030517578,158.49000549316406,130.99221801757812,9095300,
2020-06-10,159.24000549316406,160.89999389648438,159.0500030517578,160.83999633789062,132.93447875976562,13135500,
2020-06-11,163.25,164.22999572753906,162.6300048828125,163.8800048828125,135.44705200195312,17086400,
2020-06-12,162.41000366210938,163.66000366210938,162.0500030517578,162.3000030517578,134.14114379882812,9716100,
2020-06-15,163.88999938964844,164.22000122070312,162.13999938964844,162.38999938964844,134.21554565429688,7759800,
2020-06-16,159.41000366210938,161.22999572753906,158.6999969482422,159.89999389648438,132.15762329101562,13698900,
2020-06-17,160.27000427246094,160.77000427246094,159.33999633789062,160.55999755859375,132.7030029296875,7113900,
2020-06-18,162.0399932861328,162.47999572753906,161.61000061035156,162.25999450683594,134.10812377929688,7691400,
2020-06-19,161.0,162.5,160.91000366210938,162.38999938964844,134.21554565429688,8565500,
2020-06-22,163.19000244140625,163.4199981689453,162.07000732421875,162.41000366210938,134.2320556640625,9319700,
2020-06-23,161.47999572753906,162.05999755859375,161.1199951171875,161.3000030517578,133.31463623046875,9088600,
2020-06-24,161.52999877929688,163.08999633789062,161.52000427246094,163.02999877929688,134.74449157714844,11436500,
2020-06-25,164.2100067138672,164.35000610351562,163.39999389648438,163.5,135.13291931152344,10968000,
2020-06-26,164.25,165.32000732421875,164.17999267578125,165.25,136.57931518554688,12119300,
2020-06-29,164.85000610351562,165.27000427246094,164.3800048828125,164.72999572753906,136.14956665039062,7274400,
2020-06-30,165.22999572753906,165.2899932861328,163.47999572753906,163.92999267578125,135.48831176757812,14841700,
2020-07-01,162.80999755859375,163.55999755859375,162.14999389648438,163.4199981689453,135.2251739501953,13181000,"{""dividend_amount"": 0.192}"
2020-07-02,162.6999969482422,163.74000549316406,162.24000549316406,163.58999633789062,135.36581420898438,7599800,
2020-07-06,162.3300018310547,163.02000427246094,161.75,162.9199981689453,134.81149291992188,7972700,
2020-07-07,163.4199981689453,165.33999633789062,163.1999969482422,165.2100067138672,136.70640563964844,12791900,
2020-07-08,164.32000732421875,164.9199981689453,163.8300018310547,164.5500030517578,136.1602783203125,7253900,
2020-07-09,164.66000366210938,167.4499969482422,164.60000610351562,167.1699981689453,138.32823181152344,13373100,
2020-07-10,167.9499969482422,168.2100067138672,166.16000366210938,166.3300018310547,137.63314819335938,8478000,
2020-07-13,165.5,166.9600067138672,165.22999572753906,166.8800048828125,138.08824157714844,8054000,
2020-07-14,167.92999267578125,168.13999938964844,166.97999572753906,167.1199951171875,138.28683471679688,11344600,
2020-07-15,165.9199981689453,166.9499969482422,165.8300018310547,166.33999633789062,137.6414337158203,7840300,
2020-07-16,167.39999389648438,167.77000427246094,167.0399932861328,167.1300048828125,138.29518127441406,9107400,
2020-07-17,167.27000427246094,167.39999389648438,166.47000122070312,166.77999877929688,138.0054931640625,8549900,
2020-07-20,167.50999450683594,167.6199951171875,166.8000030517578,167.19000244140625,138.34478759765625,6907200,
2020-07-21,167.3000030517578,167.72000122070312,167.0800018310547,167.2899932861328,138.42755126953125,8454400,
2020-07-22,168.25999450683594,168.4600067138672,167.69000244140625,167.7899932861328,138.8411865234375,6592100,
2020-07-23,168.9199981689453,169.8800048828125,168.47999572753906,169.75,140.46316528320312,10471800,
2020-07-24,169.00999450683594,169.9199981689453,168.8699951171875,169.74000549316406,140.45486450195312,7520700,
2020-07-27,170.25,170.3000030517578,168.99000549316406,169.11000061035156,139.93345642089844,6146400,
2020-07-28,169.5399932861328,170.33999633789062,169.42999267578125,170.27999877929688,140.90162658691406,8520700,
2020-07-29,170.0500030517578,170.38999938964844,168.97999572753906,169.99000549316406,140.6617431640625,6733700,
2020-07-30,171.0500030517578,171.25999450683594,170.75,171.11000061035156,141.5884246826172,9376100,
2020-07-31,170.14999389648438,171.4600067138672,169.94000244140625,171.0,141.49742126464844,8886000,
2020-08-03,169.24000549316406,169.99000549316406,168.97000122070312,169.9499969482422,140.78504943847656,9066200,"{""dividend_amount"": 0.19}"
2020-08-04,170.8300018310547,171.5800018310547,170.72000122070312,171.57000732421875,142.1270294189453,9878900,
2020-08-05,170.05999755859375,170.55999755859375,169.69000244140625,170.07000732421875,140.88441467285156,6954100,
2020-08-06,171.3800048828125,172.25,170.6199951171875,171.02000427246094,141.6714324951172,9481800,
2020-08-07,171.27999877929688,171.5,169.5800018310547,169.8800048828125,140.7270965576172,8176900,
2020-08-10,170.22000122070312,170.25,169.07000732421875,169.1199951171875,140.09747314453125,6408500,
2020-08-11,167.1699981689453,167.49000549316406,165.8800048828125,167.11000061035156,138.432373046875,19234200,
2020-08-12,165.6999969482422,166.07000732421875,164.99000549316406,165.58999633789062,137.1732177734375,11744800,
2020-08-13,165.30999755859375,165.5800018310547,163.1699981689453,163.82000732421875,135.7069854736328,12744700,
2020-08-14,163.80999755859375,164.14999389648438,163.16000366210938,163.17999267578125,135.1767578125,6398100,
2020-08-17,163.97000122070312,164.4600067138672,163.42999267578125,163.58999633789062,135.5164337158203,6901500,
2020-08-18,164.36000061035156,164.8699951171875,164.08999633789062,164.75999450683594,136.48565673828125,8140600,
2020-08-19,165.3699951171875,165.61000061035156,163.3000030517578,163.72999572753906,135.63241577148438,12497700,
2020-08-20,165.38999938964844,165.64999389648438,164.92999267578125,165.2100067138672,136.85842895507812,10319900,
2020-08-21,165.77000427246094,166.3300018310547,165.00999450683594,166.1999969482422,137.67860412597656,6836000,
2020-08-24,166.32000732421875,166.97000122070312,165.86000061035156,165.92999267578125,137.4549102783203,6490600,
2020-08-25,164.35000610351562,165.08999633789062,163.8300018310547,164.66000366210938,136.40281677246094,10518300,
2020-08-26,164.0500030517578,164.3300018310547,163.27999877929688,164.02999877929688,135.88095092773438,8276600,
2020-08-27,164.75999450683594,164.82000732421875,161.16000366210938,161.24000549316406,133.56976318359375,19860100,
2020-08-28,161.77000427246094,162.0500030517578,160.63999938964844,161.1199951171875,133.47032165527344,8415400,
2020-08-31,161.60000610351562,163.25,161.55999755859375,162.19000244140625,134.35665893554688,11388100,
2020-09-01,161.75999450683594,164.07000732421875,161.17999267578125,163.86000061035156,135.89352416992188,10587000,"{""dividend_amount"": 0.183}"
2020-09-02,163.50999450683594,165.55999755859375,163.49000549316406,165.4199981689453,137.187255859375,15167700,
2020-09-03,165.75,167.24000549316406,165.44000244140625,165.88999938964844,137.5769500732422,16416600,
2020-09-04,164.41000366210938,164.6999969482422,162.4499969482422,162.74000549316406,134.964599609375,13780300,
2020-09-08,164.3699951171875,165.25999450683594,163.74000549316406,163.74000549316406,135.79393005371094,13790400,
2020-09-09,163.94000244140625,164.25,162.75999450683594,163.3000030517578,135.4290313720703,9558900,
2020-09-10,162.4600067138672,164.35000610351562,161.9499969482422,164.1300048828125,136.11737060546875,8847700,
2020-09-11,164.30999755859375,164.57000732421875,164.0800018310547,164.47999572753906,136.4075927734375,5458200,
2020-09-14,164.7899932861328,165.0800018310547,164.22999572753906,164.47000122070312,136.3993682861328,4274900,
2020-09-15,164.1699981689453,164.47000122070312,163.7899932861328,164.07000732421875,136.06759643554688,6928500,
2020-09-16,164.77999877929688,164.88999938964844,162.97999572753906,163.5800018310547,135.66122436523438,8815200,
2020-09-17,164.89999389648438,164.9600067138672,163.8000030517578,164.0800018310547,136.07586669921875,7813900,
2020-09-18,164.1699981689453,164.24000549316406,163.33999633789062,163.57000732421875,135.6529541015625,7246300,
2020-09-21,164.88999938964844,165.39999389648438,164.13999938964844,164.39999389648438,136.34127807617188,11086900,
2020-09-22,164.44000244140625,164.8800048828125,163.8699951171875,164.27000427246094,136.2334442138672,10524100,
2020-09-23,164.3000030517578,164.52999877929688,163.47999572753906,164.49000549316406,136.41592407226562,6224800,
2020-09-24,164.9600067138672,165.1199951171875,164.6199951171875,165.1199951171875,136.93838500976562,8278100,
2020-09-25,165.11000061035156,165.4199981689453,164.7100067138672,165.1199951171875,136.93838500976562,5140300,
2020-09-28,164.8699951171875,164.89999389648438,164.3699951171875,164.64999389648438,136.5486297607422,4470100,
2020-09-29,164.8000030517578,165.24000549316406,164.55999755859375,164.83999633789062,136.70619201660156,10297600,
2020-09-30,164.0,164.0,162.5500030517578,163.25999450683594,135.3958740234375,12971000,
2020-10-01,162.50999450683594,163.74000549316406,162.10000610351562,163.36000061035156,135.6192169189453,11523900,"{""dividend_amount"": 0.169}"
2020-10-02,163.61000061035156,163.6699981689453,162.17999267578125,162.75,135.11276245117188,8828800,
2020-10-05,160.9499969482422,160.9499969482422,159.52000427246094,159.57000732421875,132.4728240966797,14726000,
2020-10-06,159.3300018310547,161.41000366210938,158.67999267578125,160.42999267578125,133.1866912841797,22419400,
2020-10-07,159.55999755859375,160.4199981689453,158.86000061035156,159.25999450683594,132.21539306640625,9429200,
2020-10-08,159.97000122070312,160.25,159.66000366210938,160.1199951171875,132.92935180664062,8431500,
2020-10-09,159.52000427246094,160.27000427246094,158.80999755859375,160.08999633789062,132.90443420410156,8441500,
2020-10-12,160.42999267578125,160.67999267578125,160.11000061035156,160.60000610351562,133.32781982421875,3962000,
2020-10-13,161.2100067138672,161.8300018310547,161.17999267578125,161.75,134.2825927734375,7914300,
2020-10-14,162.3300018310547,162.75,161.97000122070312,162.1199951171875,134.58975219726562,6954800,
2020-10-15,163.0399932861328,163.19000244140625,161.63999938964844,161.83999633789062,134.35726928710938,9458800,
2020-10-16,161.66000366210938,162.32000732421875,161.10000610351562,161.38999938964844,133.9837188720703,8416300,
2020-10-19,160.5,160.97999572753906,160.0500030517578,160.77999877929688,133.47732543945312,9286600,
2020-10-20,159.86000061035156,160.00999450683594,158.9499969482422,159.25,132.2071075439453,11189000,
2020-10-21,158.7899932861328,159.3699951171875,158.3699951171875,158.6999969482422,131.7505340576172,10453700,
2020-10-22,158.2899932861328,158.6300048828125,156.97000122070312,157.0500030517578,130.38072204589844,12664900,
2020-10-23,156.80999755859375,158.2100067138672,156.75,158.00999450683594,131.17770385742188,8783800,
2020-10-26,159.2100067138672,160.02000427246094,159.00999450683594,159.47999572753906,132.39805603027344,7227300,
2020-10-27,160.22999572753906,160.6999969482422,159.89999389648438,160.5500030517578,133.2863311767578,6062300,
2020-10-28,161.3800048828125,161.4600067138672,160.1999969482422,160.6999969482422,133.4108428955078,11765800,
2020-10-29,160.72999572753906,160.8300018310547,158.47000122070312,159.13999938964844,132.11573791503906,11932400,
2020-10-30,159.02999877929688,159.35000610351562,157.57000732421875,157.57000732421875,130.81231689453125,13095400,
2020-11-02,158.6999969482422,159.19000244140625,158.3300018310547,158.5800018310547,131.792236328125,10810500,"{""dividend_amount"": 0.169}"
2020-11-03,157.85000610351562,157.97999572753906,157.0399932861328,157.66000366210938,131.02764892578125,16228700,
2020-11-04,161.63999938964844,162.1699981689453,160.5399932861328,161.0800018310547,133.86984252929688,21570800,
2020-11-05,161.63999938964844,161.74000549316406,160.5800018310547,161.36000061035156,134.10260009765625,18537500,
2020-11-06,159.6199951171875,159.9199981689453,158.94000244140625,159.41000366210938,132.4820098876953,12408400,
2020-11-09,155.97000122070312,156.14999389648438,154.6300048828125,156.05999755859375,129.69789123535156,23245000,
2020-11-10,154.9600067138672,155.80999755859375,154.77999877929688,155.16000366210938,128.949951171875,12561000,
2020-11-11,155.02000427246094,155.94000244140625,154.97000122070312,155.72000122070312,129.41537475585938,5888200,
2020-11-12,156.94000244140625,158.39999389648438,156.7100067138672,158.3699951171875,131.61767578125,15999700,
2020-11-13,158.36000061035156,158.5,157.91000366210938,158.16000366210938,131.4431915283203,7344600,
2020-11-16,157.72999572753906,158.27999877929688,157.61000061035156,157.77999877929688,131.12733459472656,6310400,
2020-11-17,158.77000427246094,159.16000366210938,158.58999633789062,158.80999755859375,131.98336791992188,7444600,
2020-11-18,159.44000244140625,159.57000732421875,158.35000610351562,159.27000427246094,132.3656768798828,10333300,
2020-11-19,159.97000122070312,160.72000122070312,159.83999633789062,160.08999633789062,133.0471954345703,10637200,
2020-11-20,160.52999877929688,161.5399932861328,160.38999938964844,161.50999450683594,134.2272491455078,7246800,
2020-11-23,160.82000732421875,160.99000549316406,160.27999877929688,160.77000427246094,133.61231994628906,11300000,
2020-11-24,159.99000549316406,160.02000427246094,159.00999450683594,159.1699981689453,132.28256225585938,10891700,
2020-11-25,159.25,159.91000366210938,158.6199951171875,158.67999267578125,131.87533569335938,9145800,
2020-11-27,159.61000061035156,160.27000427246094,159.5800018310547,160.22000122070312,133.15518188476562,4708200,
2020-11-30,160.02999877929688,160.52999877929688,159.75999450683594,160.02000427246094,132.9889678955078,13071600,
2020-12-01,158.5500030517578,158.74000549316406,156.67999267578125,157.5,131.0281524658203,13662800,"{""dividend_amount"": 0.163}"
2020-12-02,156.8800048828125,156.92999267578125,155.47999572753906,156.25,129.9882354736328,12114300,
2020-12-03,156.94000244140625,157.82000732421875,156.5800018310547,157.50999450683594,131.03648376464844,9626500,
2020-12-04,155.69000244140625,155.7899932861328,154.77000427246094,155.1999969482422,129.11473083496094,12734500,
2020-12-07,156.35000610351562,156.8800048828125,156.17999267578125,156.60000610351562,130.2794647216797,9316100,
2020-12-08,157.57000732421875,158.07000732421875,157.1999969482422,157.33999633789062,130.89505004882812,7397200,
2020-12-09,156.5500030517578,157.32000732421875,156.00999450683594,156.82000732421875,130.46249389648438,7750100,
2020-12-10,157.24000549316406,158.2899932861328,156.8300018310547,158.2100067138672,131.6188507080078,10025100,
2020-12-11,158.64999389648438,159.38999938964844,158.32000732421875,158.77000427246094,132.084716796875,8135900,
2020-12-14,157.49000549316406,158.69000244140625,157.11000061035156,158.3300018310547,131.71864318847656,7535900,
2020-12-15,157.77999877929688,158.38999938964844,157.30999755859375,157.8000030517578,131.27772521972656,6847500,
2020-12-16,156.5800018310547,157.88999938964844,156.38999938964844,157.3800048828125,130.92828369140625,9954200,
2020-12-17,158.1300048828125,158.4600067138672,156.42999267578125,156.8000030517578,130.58187866210938,9422700,"{""dividend_amount"": 0.164}"
2020-12-18,157.1199951171875,157.3800048828125,156.17999267578125,156.3300018310547,130.1904754638672,6505000,
2020-12-21,157.1999969482422,157.33999633789062,156.4499969482422,156.9499969482422,130.706787109375,8988200,
2020-12-22,157.55999755859375,157.8300018310547,157.0800018310547,157.75999450683594,131.38137817382812,7370800,
2020-12-23,156.6199951171875,156.69000244140625,155.4600067138672,156.6699981689453,130.4735870361328,9266600,
2020-12-24,156.89999389648438,157.42999267578125,156.85000610351562,157.2899932861328,130.98989868164062,3117100,
2020-12-28,156.3800048828125,157.4499969482422,156.10000610351562,157.36000061035156,131.0482177734375,7791100,
2020-12-29,156.38999938964844,157.2899932861328,156.36000061035156,157.16000366210938,130.8816375732422,9030900,
2020-12-30,156.82000732421875,157.52999877929688,156.67999267578125,157.5,131.1648712158203,9097300,
2020-12-31,157.4600067138672,158.0800018310547,157.4499969482422,157.72999572753906,131.3563232421875,7742100,
2021-01-04,156.6699981689453,158.17999267578125,156.5399932861328,157.5399932861328,131.19815063476562,13152900,
2021-01-05,156.9499969482422,156.9499969482422,155.66000366210938,156.3699951171875,130.2237091064453,10458100,
2021-01-06,153.82000732421875,153.85000610351562,152.2899932861328,153.16000366210938,127.55046844482422,22827300,
2021-01-07,151.7899932861328,152.1699981689453,151.25999450683594,151.80999755859375,126.42622375488281,14651900,
2021-01-08,151.47999572753906,151.9600067138672,150.66000366210938,151.32000732421875,126.0181884765625,13622500,
2021-01-11,151.0,151.2100067138672,150.49000549316406,151.07000732421875,125.80996704101562,8370700,
2021-01-12,150.7899932861328,151.16000366210938,149.92999267578125,150.9499969482422,125.71000671386719,12186300,
2021-01-13,151.66000366210938,153.07000732421875,151.57000732421875,152.64999389648438,127.1257553100586,12533300,
2021-01-14,152.5800018310547,152.63999938964844,150.7899932861328,151.22000122070312,125.93482208251953,14835500,
2021-01-15,152.19000244140625,152.36000061035156,151.47000122070312,151.82000732421875,126.43458557128906,11624700,
2021-01-19,151.6199951171875,152.36000061035156,151.50999450683594,152.30999755859375,126.8426513671875,9575600,
2021-01-20,151.99000549316406,152.47999572753906,151.7899932861328,152.4600067138672,126.967529296875,5368900,
2021-01-21,151.44000244140625,151.75,151.10000610351562,151.38999938964844,126.07645416259766,8162700,
2021-01-22,151.85000610351562,152.00999450683594,151.4199981689453,151.8800048828125,126.4844970703125,9507200,
2021-01-25,152.75999450683594,153.69000244140625,152.63999938964844,153.6699981689453,127.97527313232422,8712600,
2021-01-26,153.10000610351562,153.60000610351562,152.9199981689453,153.3800048828125,127.73377990722656,7690300,
2021-01-27,154.07000732421875,154.5,153.52999877929688,153.77000427246094,128.0585174560547,7895200,
2021-01-28,153.39999389648438,153.4600067138672,152.16000366210938,152.9199981689453,127.35064697265625,10667800,
2021-01-29,151.4199981689453,152.49000549316406,151.3000030517578,152.0,126.58451843261719,14965900,
2021-02-01,151.66000366210938,152.36000061035156,151.49000549316406,152.0,126.73126220703125,8165500,"{""dividend_amount"": 0.176}"
2021-02-02,150.74000549316406,151.08999633789062,150.52000427246094,151.02000427246094,125.91411590576172,9177500,
2021-02-03,150.42999267578125,150.58999633789062,149.5800018310547,149.67999267578125,124.7968978881836,9633100,
2021-02-04,149.16000366210938,149.49000549316406,148.8000030517578,149.27999877929688,124.46339416503906,8262600,
2021-02-05,149.10000610351562,149.57000732421875,148.02000427246094,148.02999877929688,123.42115783691406,10258900,
2021-02-08,148.3000030517578,149.25999450683594,148.0399932861328,148.67999267578125,123.96310424804688,11574800,
2021-02-09,149.22000122070312,149.6699981689453,148.66000366210938,148.7899932861328,124.05488586425781,5218300,
2021-02-10,149.27999877929688,149.77999877929688,149.13999938964844,149.77999877929688,124.88026428222656,8079800,
2021-02-11,149.67999267578125,149.7899932861328,148.75,148.9600067138672,124.19662475585938,11962700,
2021-02-12,147.6999969482422,148.0800018310547,147.02999877929688,147.11000061035156,122.65418243408203,14088400,
2021-02-16,145.22000122070312,145.66000366210938,144.66000366210938,144.8699951171875,120.7865219116211,17789100,
2021-02-17,145.9499969482422,146.3800048828125,144.97999572753906,145.7899932861328,121.55355072021484,11199100,
2021-02-18,144.61000061035156,145.60000610351562,144.32000732421875,145.1999969482422,121.06159973144531,10755300,
2021-02-19,144.05999755859375,144.32000732421875,142.85000610351562,143.27000427246094,119.45247650146484,12741700,
2021-02-22,143.02999877929688,143.74000549316406,141.72000122070312,142.17999267578125,118.54365539550781,13203900,
2021-02-23,141.52000427246094,142.5,141.13999938964844,141.77000427246094,118.2018814086914,12658500,
2021-02-24,139.35000610351562,141.17999267578125,139.16000366210938,140.83999633789062,117.4264907836914,17363100,
2021-02-25,139.52000427246094,139.9199981689453,136.61000061035156,138.5399932861328,115.5088119506836,52621700,
2021-02-26,140.77000427246094,143.3000030517578,139.67999267578125,143.1199951171875,119.32742309570312,45423300,
2021-03-01,140.66000366210938,141.41000366210938,140.08999633789062,141.05999755859375,117.75140380859375,22048000,"{""dividend_amount"": 0.172}"
2021-03-02,140.39999389648438,141.1300048828125,140.2899932861328,141.07000732421875,117.759765625,12482200,
2021-03-03,139.3800048828125,140.14999389648438,138.75999450683594,139.5399932861328,116.48255920410156,19763700,
2021-03-04,139.6300048828125,139.94000244140625,137.9600067138672,138.63999938964844,115.73126983642578,22366600,
2021-03-05,138.1699981689453,139.33999633789062,137.99000549316406,138.91000366210938,115.95663452148438,20598000,
2021-03-08,138.8300018310547,138.89999389648438,137.8300018310547,137.8300018310547,115.05514526367188,15236600,
2021-03-09,139.27000427246094,139.82000732421875,138.97000122070312,139.74000549316406,116.6495590209961,14463400,
2021-03-10,139.8000030517578,140.14999389648438,139.27999877929688,140.02000427246094,116.88325500488281,12387600,
2021-03-11,139.1699981689453,139.3800048828125,138.4600067138672,139.00999450683594,116.04017639160156,14150700,
2021-03-12,136.39999389648438,136.4600067138672,135.64999389648438,136.05999755859375,113.57762145996094,20402700,
2021-03-15,136.49000549316406,137.08999633789062,136.41000366210938,136.86000061035156,114.24542236328125,11366500,
2021-03-16,137.02000427246094,137.1199951171875,135.75,136.30999755859375,113.78630065917969,15567900,
2021-03-17,135.14999389648438,135.52999877929688,134.14999389648438,135.2899932861328,112.93484497070312,27107500,
2021-03-18,133.30999755859375,134.47000122070312,133.19000244140625,133.9199981689453,111.79122924804688,21615100,
2021-03-19,134.0800018310547,134.8300018310547,133.8000030517578,134.75,112.48405456542969,18685000,
2021-03-22,135.69000244140625,136.41000366210938,135.3699951171875,136.25999450683594,113.74453735351562,17047500,
2021-03-23,136.58999633789062,137.5399932861328,136.14999389648438,137.49000549316406,114.77130126953125,16768400,
2021-03-24,137.05999755859375,138.27999877929688,136.9499969482422,138.22999572753906,115.3890380859375,13863000,
2021-03-25,138.38999938964844,138.66000366210938,137.08999633789062,137.13999938964844,114.47917938232422,20782000,
2021-03-26,136.4199981689453,137.24000549316406,136.22000122070312,136.66000366210938,114.0784683227539,8433300,
2021-03-29,136.8300018310547,136.85000610351562,134.97000122070312,135.5,113.1101303100586,13968100,
2021-03-30,135.3000030517578,136.50999450683594,135.00999450683594,136.2100067138672,113.70281982421875,15020800,
2021-03-31,136.33999633789062,136.58999633789062,134.97999572753906,135.4499969482422,113.06841278076172,19271300,
2021-04-01,136.5500030517578,137.6199951171875,136.3000030517578,137.50999450683594,114.94499969482422,14885900,"{""dividend_amount"": 0.185}"
2021-04-05,136.5500030517578,136.97000122070312,135.94000244140625,136.91000366210938,114.44345092773438,8243000,
2021-04-06,137.16000366210938,137.97999572753906,137.00999450683594,137.83999633789062,115.22086334228516,9282400,
2021-04-07,137.4499969482422,138.10000610351562,136.8800048828125,136.8800048828125,114.41839599609375,11052700,
2021-04-08,137.38999938964844,138.07000732421875,137.36000061035156,138.00999450683594,115.36296081542969,7847900,
2021-04-09,137.5,138.19000244140625,137.08999633789062,137.50999450683594,114.94499969482422,8717800,
2021-04-12,137.4600067138672,137.52999877929688,137.10000610351562,137.4499969482422,114.89486694335938,7659000,
2021-04-13,137.3000030517578,138.50999450683594,137.1999969482422,138.47999572753906,115.75581359863281,13232800,
2021-04-14,138.02999877929688,138.24000549316406,137.57000732421875,138.0399932861328,115.38801574707031,7293200,
2021-04-15,139.49000549316406,140.97999572753906,139.4600067138672,140.35000610351562,117.31897735595703,23896700,
2021-04-16,139.10000610351562,139.72999572753906,138.92999267578125,139.25999450683594,116.40785217285156,15238400,
2021-04-19,138.74000549316406,139.30999755859375,138.5500030517578,138.86000061035156,116.07347869873047,13886800,
2021-04-20,138.4499969482422,139.75999450683594,138.42999267578125,139.5,116.60842895507812,11476500,
2021-04-21,139.5399932861328,139.91000366210938,139.07000732421875,139.77999877929688,116.8425064086914,11902200,
2021-04-22,140.0,140.38999938964844,139.1999969482422,140.38999938964844,117.35240936279297,14156400,
2021-04-23,140.3800048828125,140.47000122070312,139.49000549316406,140.05999755859375,117.07656860351562,12302200,
2021-04-26,140.14999389648438,140.50999450683594,139.85000610351562,139.86000061035156,116.90941619873047,9103500,
2021-04-27,139.58999633789062,139.82000732421875,138.52999877929688,138.63999938964844,115.88955688476562,14137300,
2021-04-28,138.64999389648438,138.88999938964844,137.9600067138672,138.72999572753906,115.96475982666016,15263700,
2021-04-29,137.4499969482422,138.36000061035156,137.1300048828125,138.32000732421875,115.62210083007812,17178200,
2021-04-30,138.50999450683594,138.72999572753906,137.97999572753906,138.63999938964844,115.88955688476562,15692000,
2021-05-03,138.6999969482422,139.64999389648438,138.27999877929688,138.52000427246094,115.95905303955078,16447700,"{""dividend_amount"": 0.203}"
2021-05-04,139.49000549316406,140.16000366210938,139.16000366210938,139.4600067138672,116.74591064453125,18639700,
2021-05-05,139.02999877929688,139.85000610351562,138.9199981689453,139.69000244140625,116.93850708007812,11127900,
2021-05-06,139.25,140.19000244140625,139.1999969482422,139.9199981689453,117.13101196289062,21907600,
2021-05-07,140.10000610351562,140.60000610351562,138.91000366210938,139.22999572753906,116.55341339111328,18346900,
2021-05-10,138.9499969482422,139.25,137.69000244140625,137.82000732421875,115.37307739257812,15146200,
2021-05-11,137.22999572753906,137.47999572753906,136.77000427246094,137.0399932861328,114.72006225585938,15158600,
2021-05-12,136.6699981689453,136.8000030517578,135.36000061035156,135.60000610351562,113.51464080810547,20859400,
2021-05-13,135.92999267578125,136.3699951171875,135.6300048828125,135.80999755859375,113.69042205810547,13073900,
2021-05-14,136.52999877929688,137.0800018310547,136.22000122070312,137.0800018310547,114.75359344482422,17566700,
2021-05-17,136.8300018310547,137.1699981689453,136.57000732421875,136.7899932861328,114.51078033447266,6113800,
2021-05-18,136.39999389648438,136.57000732421875,136.07000732421875,136.44000244140625,114.21784973144531,11423100,
2021-05-19,136.5399932861328,137.3000030517578,135.6199951171875,136.11000061035156,113.94158172607422,14296000,
2021-05-20,136.75999450683594,137.49000549316406,136.6699981689453,137.22999572753906,114.879150390625,13310500,
2021-05-21,137.66000366210938,137.6999969482422,137.05999755859375,137.6699981689453,115.24748992919922,10171600,
2021-05-24,137.99000549316406,138.5800018310547,137.88999938964844,138.17999267578125,115.67445373535156,6868700,
2021-05-25,138.6300048828125,139.5,138.6199951171875,139.4600067138672,116.74591064453125,12346900,
2021-05-26,139.58999633789062,139.91000366210938,138.8800048828125,139.22000122070312,116.5450439453125,9793700,
2021-05-27,138.5,138.69000244140625,137.99000549316406,138.66000366210938,116.0762939453125,10695200,
2021-05-28,138.5800018310547,139.3000030517578,138.33999633789062,138.44000244140625,115.89209747314453,10258000,
2021-06-01,137.82000732421875,138.25999450683594,137.25,138.2100067138672,115.86610412597656,11778500,"{""dividend_amount"": 0.199}"
2021-06-02,138.5500030517578,138.7899932861328,138.32000732421875,138.52999877929688,116.13438415527344,7347900,
2021-06-03,138.50999450683594,138.50999450683594,137.85000610351562,138.00999450683594,115.69842529296875,10994000,
2021-06-04,138.52000427246094,139.89999389648438,138.52000427246094,139.89999389648438,117.28285217285156,15773700,
2021-06-07,139.58999633789062,139.7100067138672,139.32000732421875,139.47000122070312,116.92234802246094,7799800,
2021-06-08,140.66000366210938,140.66000366210938,140.2100067138672,140.4499969482422,117.74396514892578,11230900,
2021-06-09,141.75999450683594,142.14999389648438,141.25,141.69000244140625,118.78353118896484,12768300,
2021-06-10,140.8300018310547,142.55999755859375,140.67999267578125,142.5399932861328,119.49610900878906,19698300,
2021-06-11,142.30999755859375,142.39999389648438,141.83999633789062,142.30999755859375,119.30325317382812,8646700,
2021-06-14,142.10000610351562,142.10000610351562,141.00999450683594,141.22000122070312,118.38947296142578,9401300,
2021-06-15,140.8000030517578,141.08999633789062,140.47999572753906,141.0500030517578,118.24697875976562,18207300,
2021-06-16,141.39999389648438,141.6699981689453,140.2100067138672,140.92999267578125,118.14639282226562,19676300,
2021-06-17,141.86000061035156,144.92999267578125,141.63999938964844,143.0399932861328,119.91522979736328,35225800,
2021-06-18,144.27999877929688,146.0399932861328,144.1199951171875,145.72999572753906,122.17039489746094,26616900,
2021-06-21,144.38999938964844,144.49000549316406,143.02000427246094,143.2899932861328,120.12487030029297,16485000,
2021-06-22,142.1699981689453,143.67999267578125,142.1199951171875,143.63999938964844,120.41828155517578,14530200,
2021-06-23,143.11000061035156,143.5,142.7100067138672,143.27000427246094,120.10806274414062,12040900,
2021-06-24,143.4199981689453,143.89999389648438,143.3300018310547,143.5,120.30086517333984,8788400,
2021-06-25,143.25999450683594,143.39999389648438,141.3699951171875,142.00999450683594,119.05171203613281,15562200,
2021-06-28,142.72000122070312,143.8000030517578,142.6999969482422,143.47000122070312,120.27568054199219,11460700,
2021-06-29,143.10000610351562,143.72000122070312,143.0399932861328,143.7100067138672,120.47698974609375,11217900,
2021-06-30,144.25,144.92999267578125,144.07000732421875,144.35000610351562,121.01346588134766,15708900,
2021-07-01,143.97999572753906,144.30999755859375,143.52999877929688,144.1699981689453,121.02020263671875,10810000,"{""dividend_amount"": 0.188}"
2021-07-02,144.22999572753906,145.0399932861328,144.11000061035156,145.0399932861328,121.75044250488281,9650200,
2021-07-06,145.72000122070312,146.99000549316406,145.72000122070312,146.74000549316406,123.17752075195312,20037200,
2021-07-07,147.57000732421875,148.55999755859375,147.22000122070312,148.0399932861328,124.26875305175781,20964400,
2021-07-08,148.8800048828125,149.44000244140625,148.1699981689453,148.6199951171875,124.75564575195312,17487800,
2021-07-09,146.8699951171875,146.99000549316406,146.49000549316406,146.52999877929688,123.00123596191406,14483600,
2021-07-12,147.08999633789062,147.22999572753906,146.1699981689453,146.33999633789062,122.84170532226562,10610400,
2021-07-13,146.82000732421875,147.4600067138672,144.63999938964844,145.22000122070312,121.9015884399414,23340200,
2021-07-14,146.00999450683594,146.9199981689453,145.80999755859375,146.8699951171875,123.28663635253906,16038600,
2021-07-15,147.9499969482422,148.60000610351562,147.02999877929688,148.49000549316406,124.64651489257812,18462400,
2021-07-16,147.33999633789062,148.33999633789062,147.32000732421875,148.2100067138672,124.41152954101562,12787900,
2021-07-19,150.9499969482422,151.9499969482422,150.6199951171875,151.4600067138672,127.1396255493164,40203900,
2021-07-20,152.52999877929688,152.7100067138672,149.75999450683594,150.0,125.91405487060547,25674800,
2021-07-21,148.17999267578125,148.5,146.6699981689453,148.10000610351562,124.31912994384766,19988900,
2021-07-22,148.11000061035156,149.80999755859375,148.05999755859375,149.5,125.49429321289062,18136900,
2021-07-23,147.94000244140625,148.66000366210938,147.88999938964844,148.5,124.6549301147461,12639300,
2021-07-26,149.0,149.05999755859375,147.8800048828125,148.05999755859375,124.2855224609375,10737700,
2021-07-27,149.3300018310547,149.69000244140625,148.99000549316406,149.63999938964844,125.61192321777344,13036500,
2021-07-28,148.6699981689453,149.6699981689453,148.27000427246094,149.64999389648438,125.6202163696289,14346700,
2021-07-29,148.77999877929688,149.22000122070312,148.52999877929688,148.82000732421875,124.92353057861328,11532000,
2021-07-30,149.1300048828125,149.72000122070312,149.05999755859375,149.52000427246094,125.51112365722656,14342100,
2021-08-02,149.4499969482422,151.22999572753906,149.17999267578125,150.6699981689453,126.63054656982422,21232700,"{""dividend_amount"": 0.182}"
2021-08-03,150.75,151.22999572753906,150.38999938964844,150.75,126.69786071777344,13361900,
2021-08-04,151.5,151.82000732421875,149.72000122070312,151.05999755859375,126.9583740234375,18267900,
2021-08-05,150.75999450683594,150.9199981689453,150.0,150.2899932861328,126.31120300292969,15345400,
2021-08-06,148.32000732421875,148.75999450683594,147.69000244140625,147.77999877929688,124.20166778564453,21144300,
2021-08-09,148.14999389648438,148.55999755859375,147.22999572753906,147.25,123.75623321533203,12942400,
2021-08-10,147.49000549316406,147.57000732421875,146.55999755859375,146.57000732421875,123.18474578857422,13716900,
2021-08-11,146.41000366210938,147.22999572753906,145.7100067138672,146.47999572753906,123.10906982421875,17227600,
2021-08-12,146.08999633789062,146.44000244140625,145.42999267578125,146.24000549316406,122.90738677978516,14709400,
2021-08-13,146.8300018310547,148.55999755859375,146.80999755859375,148.5500030517578,124.84880828857422,18653800,
2021-08-16,149.19000244140625,150.02000427246094,148.80999755859375,148.91000366210938,125.15141296386719,19170900,
2021-08-17,148.8800048828125,149.47000122070312,148.6699981689453,148.85000610351562,125.10095977783203,14126900,
2021-08-18,148.7100067138672,149.47000122070312,148.4499969482422,149.35000610351562,125.52120208740234,13144000,
2021-08-19,150.30999755859375,150.4600067138672,149.80999755859375,150.4499969482422,126.44568634033203,15474300,
2021-08-20,150.58999633789062,150.80999755859375,150.11000061035156,150.5500030517578,126.52973937988281,12388400,
2021-08-23,150.1999969482422,150.5,149.9199981689453,150.4499969482422,126.44568634033203,10615000,
2021-08-24,149.75999450683594,150.07000732421875,149.27999877929688,149.27999877929688,125.46232604980469,13835900,
2021-08-25,149.2100067138672,149.3699951171875,147.5800018310547,148.0399932861328,124.42018127441406,16743800,
2021-08-26,147.97000122070312,148.57000732421875,147.50999450683594,148.4499969482422,124.76480102539062,16657400,
2021-08-27,148.57000732421875,149.49000549316406,148.3300018310547,149.4600067138672,125.61360168457031,15384700,
2021-08-30,148.99000549316406,149.89999389648438,148.92999267578125,149.85000610351562,125.94143676757812,10596300,
2021-08-31,149.6699981689453,150.08999633789062,148.5,148.8300018310547,125.08415222167969,15262400,
2021-09-01,149.27000427246094,149.38999938964844,148.49000549316406,148.88999938964844,125.29368591308594,10807100,"{""dividend_amount"": 0.189}"
2021-09-02,149.24000549316406,149.5500030517578,148.75,149.5399932861328,125.84073638916016,9765900,
2021-09-03,148.27000427246094,148.50999450683594,147.94000244140625,148.17999267578125,124.69619750976562,12928000,
2021-09-07,147.25999450683594,147.52000427246094,146.66000366210938,146.92999267578125,123.64434051513672,15547800,
2021-09-08,147.66000366210938,148.19000244140625,147.38999938964844,147.92999267578125,124.48580932617188,14533700,
2021-09-09,148.1699981689453,149.88999938964844,147.85000610351562,149.72000122070312,125.99220275878906,20324600,
2021-09-10,148.89999389648438,149.1699981689453,148.16000366210938,148.39999389648438,124.88140106201172,14894600,
2021-09-13,149.0399932861328,149.49000549316406,148.9499969482422,149.3000030517578,125.63874053955078,15036100,
2021-09-14,149.72999572753906,151.57000732421875,149.5800018310547,151.11000061035156,127.16182708740234,19918400,
2021-09-15,151.2100067138672,151.25,149.92999267578125,150.5800018310547,126.71587371826172,11940300,
2021-09-16,149.6699981689453,150.4499969482422,149.5,149.88999938964844,126.13522338867188,13328900,
2021-09-17,149.17999267578125,149.36000061035156,148.6999969482422,149.1699981689453,125.5292739868164,13782900,
2021-09-20,150.57000732421875,151.3699951171875,150.22999572753906,151.02000427246094,127.08614349365234,14660400,
2021-09-21,150.7100067138672,150.9600067138672,150.1999969482422,150.88999938964844,126.9767837524414,10035800,
2021-09-22,150.7899932861328,151.7899932861328,150.44000244140625,151.7899932861328,127.73411560058594,22277800,
2021-09-23,150.4199981689453,150.4499969482422,148.33999633789062,148.36000061035156,124.84770965576172,23853300,
2021-09-24,147.83999633789062,147.85000610351562,146.74000549316406,146.91000366210938,123.62754821777344,20203900,
2021-09-27,146.05999755859375,146.8699951171875,145.8800048828125,146.3699951171875,123.17308044433594,13464300,
2021-09-28,144.3300018310547,145.07000732421875,143.63999938964844,144.08999633789062,121.25439453125,26613500,
2021-09-29,144.8000030517578,145.42999267578125,143.69000244140625,144.33999633789062,121.46477508544922,23569400,
2021-09-30,144.10000610351562,144.50999450683594,143.64999389648438,144.32000732421875,121.44795989990234,22567600,
2021-10-01,144.85000610351562,145.39999389648438,144.1999969482422,145.35000610351562,122.47002410888672,26151800,"{""dividend_amount"": 0.183}"
2021-10-04,144.6699981689453,145.4600067138672,144.10000610351562,144.97999572753906,122.15823364257812,28027600,
2021-10-05,144.60000610351562,144.6999969482422,143.4600067138672,143.5800018310547,120.97867584228516,22659200,
2021-10-06,144.22999572753906,144.72000122070312,144.02999877929688,144.38999938964844,121.6611328125,18696500,
2021-10-07,143.19000244140625,143.33999633789062,142.58999633789062,142.8800048828125,120.38883972167969,14856000,
2021-10-08,142.25999450683594,142.35000610351562,141.52999877929688,141.8800048828125,119.54623413085938,17257800,
2021-10-11,141.60000610351562,141.89999389648438,141.4499969482422,141.52000427246094,119.242919921875,7213400,
2021-10-12,142.6300048828125,144.00999450683594,142.47999572753906,143.94000244140625,121.28196716308594,17968700,
2021-10-13,144.61000061035156,145.52999877929688,144.5800018310547,145.33999633789062,122.46156311035156,23584600,
2021-10-14,145.3699951171875,145.9600067138672,144.9499969482422,145.8800048828125,122.91656494140625,12946400,
2021-10-15,145.0,145.13999938964844,144.47000122070312,145.02999877929688,122.20036315917969,11811500,
2021-10-18,145.0,146.0,144.52000427246094,145.7100067138672,122.7733383178711,12115900,
2021-10-19,144.66000366210938,144.72999572753906,143.64999389648438,143.6999969482422,121.07968139648438,12156300,
2021-10-20,143.25,143.67999267578125,142.50999450683594,142.72999572753906,120.2624282836914,12782500,
2021-10-21,143.0,143.14999389648438,142.22999572753906,142.55999755859375,120.11919403076172,13660000,
2021-10-22,143.4499969482422,144.39999389648438,143.2100067138672,144.1300048828125,121.4420166015625,13740000,
2021-10-25,143.6699981689453,144.3000030517578,143.6300048828125,143.91000366210938,121.25666809082031,8137900,
2021-10-26,144.6199951171875,145.10000610351562,143.74000549316406,145.10000610351562,122.25933837890625,13671000,
2021-10-27,146.39999389648438,148.17999267578125,145.92999267578125,147.74000549316406,124.48380279541016,22092300,
2021-10-28,147.7899932861328,148.3300018310547,146.83999633789062,147.24000549316406,124.06246185302734,17497600,
2021-10-29,146.47000122070312,148.0,146.32000732421875,147.69000244140625,124.44159698486328,19087300,
2021-11-01,145.8000030517578,146.75999450683594,145.6999969482422,146.44000244140625,123.54574584960938,18035500,"{""dividend_amount"": 0.188}"
2021-11-02,146.5,147.57000732421875,146.5,147.08999633789062,124.09403228759766,9836700,
2021-11-03,147.82000732421875,147.97999572753906,145.52999877929688,145.57000732421875,122.81172943115234,20639400,
2021-11-04,145.8699951171875,147.36000061035156,145.85000610351562,147.10000610351562,124.10253143310547,15922400,
2021-11-05,148.52000427246094,149.5800018310547,148.1300048828125,149.3000030517578,125.95865631103516,21513000,
2021-11-08,148.9600067138672,149.27999877929688,148.50999450683594,149.02000427246094,125.72237396240234,12083800,
2021-11-09,150.8000030517578,151.77000427246094,150.63999938964844,150.9600067138672,127.35910034179688,23430200,
2021-11-10,150.8300018310547,150.92999267578125,147.02999877929688,148.1999969482422,125.03057861328125,28170600,
2021-11-11,148.50999450683594,148.66000366210938,147.88999938964844,147.97999572753906,124.84490203857422,5552500,
2021-11-12,148.0,148.50999450683594,146.75999450683594,147.3300018310547,124.29656982421875,12712000,
2021-11-15,146.88999938964844,146.9600067138672,145.22000122070312,145.47999572753906,122.73576354980469,15232700,
2021-11-16,145.69000244140625,146.3800048828125,144.85000610351562,145.11000061035156,122.42363739013672,12998700,
2021-11-17,144.57000732421875,146.2899932861328,144.4600067138672,146.25999450683594,123.39384460449219,14239900,
2021-11-18,145.99000549316406,146.89999389648438,145.9499969482422,146.80999755859375,123.85784912109375,11054600,
2021-11-19,147.5800018310547,148.60000610351562,147.5800018310547,148.36000061035156,125.16557312011719,14022100,
2021-11-22,147.39999389648438,147.63999938964844,146.1300048828125,146.6199951171875,123.69752502441406,15266000,
2021-11-23,145.92999267578125,146.11000061035156,144.5,144.5,121.90899658203125,15318500,
2021-11-24,144.94000244140625,146.82000732421875,144.7899932861328,146.82000732421875,123.86628723144531,13769700,
2021-11-26,148.8300018310547,150.67999267578125,148.6699981689453,150.52999877929688,126.9963150024414,20064800,
2021-11-29,148.30999755859375,149.63999938964844,148.1699981689453,149.32000732421875,125.97541046142578,23234200,
2021-11-30,150.8300018310547,152.07000732421875,150.25,151.58999633789062,127.89054870605469,31481100,
2021-12-01,150.49000549316406,152.41000366210938,149.7899932861328,152.33999633789062,128.679443359375,30826500,"{""dividend_amount"": 0.184}"
2021-12-02,152.92999267578125,152.99000549316406,150.75999450683594,152.52999877929688,128.83998107910156,17754200,
2021-12-03,151.67999267578125,155.1199951171875,151.35000610351562,154.35000610351562,130.37728881835938,34427100,
2021-12-06,154.0500030517578,154.35000610351562,151.92999267578125,152.22999572753906,128.58651733398438,30924200,
2021-12-07,151.72000122070312,152.52999877929688,150.86000061035156,151.0,127.5475845336914,22115900,
2021-12-08,150.47000122070312,150.47999572753906,148.36000061035156,148.38999938964844,125.34296417236328,33633900,
2021-12-09,149.33999633789062,149.83999633789062,148.47999572753906,149.22000122070312,126.04405975341797,17544900,
2021-12-10,149.9199981689453,150.24000549316406,148.80999755859375,148.86000061035156,125.73998260498047,14298700,
2021-12-13,150.38999938964844,151.30999755859375,150.30999755859375,151.05999755859375,127.59822082519531,17860500,
2021-12-14,150.3699951171875,150.92999267578125,149.30999755859375,150.6999969482422,127.2941665649414,14015500,
2021-12-15,149.61000061035156,150.7899932861328,149.1300048828125,149.25,126.06939697265625,25383900,
2021-12-16,148.75,149.8800048828125,148.72999572753906,149.13999938964844,126.11841583251953,18677900,"{""dividend_amount"": 0.168}"
2021-12-17,150.33999633789062,150.97999572753906,150.16000366210938,150.8300018310547,127.54755401611328,18093500,
2021-12-20,150.75,151.02000427246094,149.60000610351562,149.6999969482422,126.59199523925781,17147300,
2021-12-21,148.13999938964844,149.1999969482422,147.6199951171875,149.1300048828125,126.10995483398438,16598200,
2021-12-22,149.72999572753906,149.86000061035156,149.02000427246094,149.82000732421875,126.69346618652344,12253900,
2021-12-23,149.58999633789062,149.60000610351562,148.02999877929688,148.52000427246094,125.59415435791016,11642500,
2021-12-27,148.4600067138672,149.00999450683594,148.32000732421875,148.8800048828125,125.89859008789062,7821800,
2021-12-28,149.60000610351562,149.77999877929688,148.00999450683594,148.2899932861328,125.39968872070312,9174600,
2021-12-29,146.91000366210938,147.30999755859375,146.41000366210938,146.6699981689453,124.02975463867188,11771200,
2021-12-30,147.25,147.97000122070312,146.4499969482422,147.89999389648438,125.06987762451172,10355000,
2021-12-31,147.80999755859375,149.02999877929688,147.42999267578125,148.19000244140625,125.31513214111328,13402300,
2022-01-03,146.41000366210938,146.94000244140625,144.27999877929688,144.3000030517578,122.02552795410156,33860400,
2022-01-04,143.61000061035156,144.1300048828125,142.74000549316406,143.6999969482422,121.51817321777344,21996400,
2022-01-05,144.13999938964844,144.16000366210938,142.7100067138672,142.9199981689453,120.85855865478516,20911700,
2022-01-06,142.58999633789062,143.44000244140625,142.2899932861328,143.2899932861328,121.17151641845703,18996400,
2022-01-07,143.1300048828125,143.24000549316406,141.55999755859375,142.25999450683594,120.30052185058594,18756800,
2022-01-10,141.64999389648438,142.80999755859375,141.36000061035156,142.61000061035156,120.59642028808594,13775800,
2022-01-11,142.8800048828125,143.6300048828125,142.6999969482422,143.55999755859375,121.39981842041016,24388700,
2022-01-12,143.89999389648438,144.00999450683594,143.0,143.00999450683594,120.93467712402344,14440600,
2022-01-13,143.38999938964844,144.4199981689453,143.02999877929688,144.27999877929688,122.00862121582031,15166000,
2022-01-14,143.4199981689453,143.4600067138672,141.7899932861328,142.10000610351562,120.1651611328125,22997500,
2022-01-18,140.9600067138672,141.30999755859375,140.02000427246094,140.10000610351562,118.473876953125,21171700,
2022-01-19,140.52999877929688,141.7100067138672,140.30999755859375,141.07000732421875,119.294189453125,17930500,
2022-01-20,141.3699951171875,141.99000549316406,141.08999633789062,141.94000244140625,120.02984619140625,13959000,
2022-01-21,143.39999389648438,144.10000610351562,142.6699981689453,143.6300048828125,121.4589614868164,28916600,
2022-01-24,144.3000030517578,144.3699951171875,142.42999267578125,142.4499969482422,120.46114349365234,25001600,
2022-01-25,143.11000061035156,143.7100067138672,141.8000030517578,142.22000122070312,120.26667022705078,15599000,
2022-01-26,142.25999450683594,142.57000732421875,140.49000549316406,140.5,118.81216430664062,23655500,
2022-01-27,142.41000366210938,143.3699951171875,142.3300018310547,143.0800018310547,120.99388122558594,21501800,
2022-01-28,142.08999633789062,143.4600067138672,141.85000610351562,143.1300048828125,121.03616333007812,12826500,
2022-01-31,142.17999267578125,142.9499969482422,141.9600067138672,142.38999938964844,120.41040802001953,13998400,
2022-02-01,142.27999877929688,142.36000061035156,141.05999755859375,141.72000122070312,120.01072692871094,20806100,"{""dividend_amount"": 0.198}"
2022-02-02,141.9499969482422,143.57000732421875,141.92999267578125,142.1999969482422,120.41717529296875,18404600,
2022-02-03,140.44000244140625,141.47999572753906,140.17999267578125,141.08999633789062,119.47723388671875,17234100,
2022-02-04,139.85000610351562,140.13999938964844,138.77999877929688,139.00999450683594,117.71585083007812,23609800,
2022-02-07,138.91000366210938,139.30999755859375,138.5500030517578,139.10000610351562,117.79203796386719,12962400,
2022-02-08,138.2100067138672,138.5800018310547,137.82000732421875,138.1699981689453,117.00450134277344,16269200,
2022-02-09,138.72000122070312,139.3699951171875,138.19000244140625,138.42999267578125,117.22466278076172,14349100,
2022-02-10,137.66000366210938,137.8300018310547,135.83999633789062,136.22999572753906,115.3616714477539,30896200,
2022-02-11,136.8699951171875,138.50999450683594,135.36000061035156,138.25,117.07228088378906,43210300,
2022-02-14,137.1300048828125,137.74000549316406,135.97000122070312,136.52999877929688,115.61573791503906,23157400,
2022-02-15,135.60000610351562,135.83999633789062,134.94000244140625,134.97999572753906,114.30315399169922,18198500,
2022-02-16,135.9499969482422,136.07000732421875,134.50999450683594,135.77999877929688,114.9805908203125,16473700,
2022-02-17,136.4499969482422,137.57000732421875,135.89999389648438,136.7899932861328,115.83589935302734,24508200,
2022-02-18,137.52000427246094,138.3699951171875,137.16000366210938,138.22999572753906,117.05533599853516,17522600,
2022-02-22,137.69000244140625,138.6699981689453,137.47000122070312,138.58999633789062,117.36016845703125,19534000,
2022-02-23,137.67999267578125,137.85000610351562,136.57000732421875,136.67999267578125,115.74274444580078,17757800,
2022-02-24,139.10000610351562,139.3699951171875,136.25,136.77000427246094,115.81896209716797,28150400,
2022-02-25,136.86000061035156,137.30999755859375,136.17999267578125,136.8699951171875,115.90360260009766,15025400,
2022-02-28,138.42999267578125,140.0399932861328,138.32000732421875,139.8699951171875,118.444091796875,25817700,
2022-03-01,140.36000061035156,142.3300018310547,140.0,141.3000030517578,119.81352233886719,35664400,"{""dividend_amount"": 0.185}"
2022-03-02,139.83999633789062,140.4199981689453,136.41000366210938,136.47000122070312,115.71797180175781,30397400,
2022-03-03,137.49000549316406,138.6999969482422,137.02000427246094,137.86000061035156,116.89659881591797,20649100,
2022-03-04,140.36000061035156,140.82000732421875,139.30999755859375,140.24000549316406,118.91471099853516,25853100,
2022-03-07,139.1199951171875,140.63999938964844,138.77000427246094,139.1699981689453,118.00739288330078,23710900,
2022-03-08,137.50999450683594,138.25,137.25,137.77000427246094,116.82034301757812,28331300,
2022-03-09,137.07000732421875,137.33999633789062,136.1300048828125,136.4199981689453,115.67561340332031,18819200,
2022-03-10,134.8300018310547,135.1699981689453,133.72000122070312,134.4600067138672,114.01361846923828,26868900,
2022-03-11,134.3300018310547,135.4499969482422,134.2100067138672,134.91000366210938,114.39521026611328,15583800,
2022-03-14,132.6999969482422,132.88999938964844,131.72000122070312,131.75999450683594,111.72415161132812,24385000,
2022-03-15,132.86000061035156,133.14999389648438,131.19000244140625,131.52999877929688,111.52911376953125,17518800,
2022-03-16,131.8300018310547,133.1300048828125,130.32000732421875,132.82000732421875,112.623046875,25857700,
2022-03-17,132.82000732421875,133.33999633789062,131.07000732421875,131.8300018310547,111.7835464477539,19330600,
2022-03-18,132.57000732421875,133.5399932861328,132.57000732421875,133.44000244140625,113.14875030517578,55891700,
2022-03-21,131.27999877929688,131.6699981689453,129.75,130.35000610351562,110.52863311767578,26122000,
2022-03-22,128.9600067138672,129.33999633789062,128.33999633789062,128.67999267578125,109.11253356933594,21830900,
2022-03-23,129.3699951171875,131.60000610351562,128.86000061035156,131.5,111.50373840332031,21266100,
2022-03-24,129.64999389648438,131.17999267578125,129.60000610351562,130.47000122070312,110.6303482055664,17141600,
2022-03-25,129.5,129.52000427246094,127.6500015258789,128.66000366210938,109.09558868408203,25684500,
2022-03-28,129.38999938964844,130.55999755859375,129.0399932861328,129.75999450683594,110.02832794189453,17657800,
2022-03-29,130.55999755859375,131.5500030517578,129.74000549316406,130.74000549316406,110.85928344726562,19319700,
2022-03-30,130.07000732421875,132.00999450683594,129.99000549316406,131.75999450683594,111.72415161132812,16310200,
2022-03-31,131.97999572753906,132.6699981689453,131.66000366210938,132.0800018310547,111.99555206298828,19901000,
2022-04-01,130.00999450683594,132.9600067138672,129.7100067138672,132.3800048828125,112.42184448242188,23489700,"{""dividend_amount"": 0.202}"
2022-04-04,131.92999267578125,131.97999572753906,130.7100067138672,131.4600067138672,111.64057159423828,13609900,
2022-04-05,130.75999450683594,130.77999877929688,128.2899932861328,128.49000549316406,109.11833190917969,25196900,
2022-04-06,126.43000030517578,128.3000030517578,126.4000015258789,127.44999694824219,108.235107421875,22952000,
2022-04-07,126.11000061035156,126.66999816894531,125.41000366210938,126.48999786376953,107.41984558105469,23458800,
2022-04-08,125.44999694824219,125.83000183105469,124.26000213623047,125.12000274658203,106.25638580322266,26859200,
2022-04-11,123.91999816894531,124.19000244140625,122.55999755859375,123.13999938964844,104.57492065429688,30020700,
2022-04-12,124.05000305175781,124.16000366210938,122.66999816894531,122.97000122070312,104.43053436279297,23124200,
2022-04-13,123.05000305175781,124.30000305175781,122.88999938964844,123.22000122070312,104.64287567138672,17189500,
2022-04-14,122.86000061035156,122.93000030517578,120.37999725341797,120.75,102.54524993896484,34274500,
2022-04-18,120.87000274658203,121.08000183105469,119.69000244140625,120.1500015258789,102.03572082519531,18784300,
2022-04-19,119.1500015258789,119.72000122070312,118.66999816894531,119.25,101.27139282226562,26012300,
2022-04-20,120.22000122070312,121.97000122070312,119.91999816894531,121.6500015258789,103.30957794189453,31423200,
2022-04-21,120.83000183105469,120.91000366210938,119.16999816894531,120.75,102.54524993896484,23323200,
2022-04-22,120.06999969482422,121.44000244140625,119.80999755859375,119.98999786376953,101.89983367919922,19773400,
2022-04-25,121.37999725341797,122.19000244140625,121.12999725341797,121.19000244140625,102.91891479492188,25418900,
2022-04-26,122.44000244140625,123.02999877929688,121.76000213623047,122.41000366210938,103.95496368408203,26931300,
2022-04-27,122.19000244140625,122.31999969482422,120.7699966430664,120.83999633789062,102.6216812133789,14560500,
2022-04-28,120.38999938964844,121.06999969482422,120.01000213623047,121.0199966430664,102.7745361328125,16892500,
2022-04-29,119.30999755859375,120.97000122070312,119.11000061035156,119.44999694824219,101.44124603271484,26153400,
2022-05-02,117.86000061035156,118.2699966430664,116.93000030517578,117.18000030517578,99.68289184570312,29233900,"{""dividend_amount"": 0.203}"
2022-05-03,119.04000091552734,119.30999755859375,117.88999938964844,117.97000122070312,100.35492706298828,21256700,
2022-05-04,117.97000122070312,118.97000122070312,117.3499984741211,118.62000274658203,100.90786743164062,25575700,
2022-05-05,116.3499984741211,116.47000122070312,114.0199966430664,115.37000274658203,98.14315032958984,48384500,
2022-05-06,114.13999938964844,115.04000091552734,113.30999755859375,113.66999816894531,96.69697570800781,32790500,
2022-05-09,112.86000061035156,114.70999908447266,112.62000274658203,114.66999816894531,97.54767608642578,26773000,
2022-05-10,115.88999938964844,116.95999908447266,115.4800033569336,115.70999908447266,98.43234252929688,33640800,
2022-05-11,114.73999786376953,117.94000244140625,114.44000244140625,117.94000244140625,100.32942199707031,34173600,
2022-05-12,118.0199966430664,118.88999938964844,117.66000366210938,117.72000122070312,100.14225006103516,26405700,
2022-05-13,116.9800033569336,117.1500015258789,115.9000015258789,115.9800033569336,98.66207885742188,20782700,
2022-05-16,116.20999908447266,116.94000244140625,115.8499984741211,115.86000061035156,98.55995178222656,11050600,
2022-05-17,114.70999908447266,115.3499984741211,114.36000061035156,114.45999908447266,97.36903381347656,15040800,
2022-05-18,114.72000122070312,117.0,114.61000061035156,116.9000015258789,99.44469451904297,21337300,
2022-05-19,118.63999938964844,118.72000122070312,116.8499984741211,117.18000030517578,99.68289184570312,21937500,
2022-05-20,117.08999633789062,119.0199966430664,117.05999755859375,118.51000213623047,100.81427001953125,22780900,
2022-05-23,117.70999908447266,118.25,116.54000091552734,116.55999755859375,99.15546417236328,15925200,
2022-05-24,117.9000015258789,119.63999938964844,117.86000061035156,118.86000061035156,101.11202239990234,23388200,
2022-05-25,119.61000061035156,119.62000274658203,118.58999633789062,119.33000183105469,101.51183319091797,14410800,
2022-05-26,119.0199966430664,119.08999633789062,117.80000305175781,118.79000091552734,101.0524673461914,14912900,
2022-05-27,119.36000061035156,119.73999786376953,118.73999786376953,119.08000183105469,101.29914855957031,11190400,
2022-05-31,117.18000030517578,117.2300033569336,115.93000030517578,116.55999755859375,99.15546417236328,28393700,
2022-06-01,117.02999877929688,117.33999633789062,115.69000244140625,116.22000122070312,99.04210662841797,15544800,"{""dividend_amount"": 0.207}"
2022-06-02,116.62999725341797,116.70999908447266,115.45999908447266,116.27999877929688,99.09326934814453,9832000,
2022-06-03,115.08999633789062,116.05999755859375,114.87000274658203,116.02999877929688,98.88015747070312,15330400,
2022-06-06,115.1500015258789,115.51000213623047,113.80999755859375,113.88999938964844,97.05650329589844,20815400,
2022-06-07,114.61000061035156,115.77999877929688,114.58000183105469,115.12000274658203,98.1047134399414,14278700,
2022-06-08,114.68000030517578,115.12999725341797,114.08000183105469,114.0999984741211,97.23543548583984,11476100,
2022-06-09,113.83999633789062,114.70999908447266,113.68000030517578,114.4800033569336,97.559326171875,15527300,
2022-06-10,114.36000061035156,114.61000061035156,112.97000122070312,113.7699966430664,96.95423889160156,21917100,
2022-06-13,111.48999786376953,111.66999816894531,109.23999786376953,110.19999694824219,93.91188049316406,36968300,
2022-06-14,110.52999877929688,110.9800033569336,108.58999633789062,108.80999755859375,92.72734069824219,21865900,
2022-06-15,110.08999633789062,110.98999786376953,109.02999877929688,110.83999633789062,94.45731353759766,25202800,
2022-06-16,108.44999694824219,111.72000122070312,108.12000274658203,111.72000122070312,95.20726013183594,26067300,
2022-06-17,112.01000213623047,112.83000183105469,110.95999908447266,112.08000183105469,95.5140380859375,21614300,
2022-06-21,110.08999633789062,111.0199966430664,109.80999755859375,110.18000030517578,93.89485931396484,17663800,
2022-06-22,112.69000244140625,113.30999755859375,112.37999725341797,113.20999908447266,96.47699737548828,23703800,
2022-06-23,113.9000015258789,115.16999816894531,113.48999786376953,114.13999938964844,97.26953887939453,20669200,
2022-06-24,113.45999908447266,114.16999816894531,112.5,112.55999755859375,95.92308807373047,18161300,
2022-06-27,111.22000122070312,112.22000122070312,111.16000366210938,111.5999984741211,95.1049575805664,12053000,
2022-06-28,111.29000091552734,112.18000030517578,110.87000274658203,112.12000274658203,95.54811096191406,13706600,
2022-06-29,112.37999725341797,113.9000015258789,112.16999816894531,113.87000274658203,97.0394287109375,12925400,
2022-06-30,114.86000061035156,115.7699966430664,114.75,114.87000274658203,97.89164733886719,25802100,
2022-07-01,115.9000015258789,117.58999633789062,115.22000122070312,115.81999969482422,98.89667510986328,21858800,"{""dividend_amount"": 0.227}"
2022-07-05,116.88999938964844,117.75,116.16999816894531,116.7300033569336,99.6737060546875,16689700,
2022-07-06,117.38999938964844,117.54000091552734,114.7699966430664,114.7699966430664,98.00008392333984,20205400,
2022-07-07,115.0999984741211,115.16999816894531,113.51000213623047,113.76000213623047,97.13765716552734,13088000,
2022-07-08,113.5,113.5,112.05000305175781,112.5,96.0617904663086,15320000,
2022-07-11,113.79000091552734,114.79000091552734,113.69999694824219,114.44000244140625,97.71831512451172,13639900,
2022-07-12,115.51000213623047,116.2300033569336,114.97000122070312,115.12000274658203,98.29893493652344,18547300,
2022-07-13,113.7699966430664,116.6500015258789,113.44999694824219,116.44000244140625,99.42606353759766,20594800,
2022-07-14,115.08000183105469,116.16000366210938,114.47000122070312,115.48999786376953,98.61488342285156,15665000,
2022-07-15,115.83999633789062,116.81999969482422,115.5999984741211,116.13999938964844,99.1698989868164,16022600,
2022-07-18,115.25,115.31999969482422,114.18000030517578,114.93000030517578,98.13671875,15838300,
2022-07-19,114.91000366210938,115.1500015258789,113.66000366210938,114.30999755859375,97.60731506347656,9276800,
2022-07-20,115.4800033569336,115.55000305175781,114.05000305175781,114.61000061035156,97.86346435546875,9117300,
2022-07-21,115.19000244140625,116.72000122070312,115.01000213623047,116.58999633789062,99.55414581298828,14754900,
2022-07-22,118.29000091552734,119.2699966430664,117.97000122070312,118.55000305175781,101.22775268554688,17715300,
2022-07-25,116.70999908447266,117.54000091552734,116.47000122070312,117.38999938964844,100.23726654052734,24868100,
2022-07-26,118.86000061035156,119.23999786376953,117.4000015258789,117.4800033569336,100.31411743164062,13536000,
2022-07-27,118.01000213623047,118.48999786376953,116.70999908447266,116.81999969482422,99.75052642822266,15725600,
2022-07-28,118.05000305175781,118.91999816894531,117.31999969482422,117.75,100.54464721679688,16637900,
2022-07-29,117.69999694824219,119.30999755859375,117.33000183105469,117.43000030517578,100.27140808105469,16655900,
2022-08-01,118.25,120.0999984741211,118.08000183105469,120.04000091552734,102.68631744384766,17974600,"{""dividend_amount"": 0.213}"
2022-08-02,120.1500015258789,120.69000244140625,117.29000091552734,117.5,100.51350402832031,17896300,
2022-08-03,117.16999816894531,119.48999786376953,116.33000183105469,119.3499984741211,102.09608459472656,16731200,
2022-08-04,118.9800033569336,119.55000305175781,118.54000091552734,119.30999755859375,102.06182861328125,11003000,
2022-08-05,117.06999969482422,117.11000061035156,115.88999938964844,116.47000122070312,99.63236236572266,19492300,
2022-08-08,117.63999938964844,118.52999877929688,117.55999755859375,118.3499984741211,101.24060821533203,17476300,
2022-08-09,117.7300033569336,118.36000061035156,117.45999908447266,117.88999938964844,100.84709930419922,8223200,
2022-08-10,117.7300033569336,118.91000366210938,116.7300033569336,117.12000274658203,100.18843078613281,14665300,
2022-08-11,116.87000274658203,117.05999755859375,114.08999633789062,114.38999938964844,97.85310363769531,20663800,
2022-08-12,115.0999984741211,115.56999969482422,114.43000030517578,115.55000305175781,98.84540557861328,12178400,
2022-08-15,116.33000183105469,116.75,115.44999694824219,115.44999694824219,98.7598648071289,9031800,
2022-08-16,115.25,116.0199966430664,114.23999786376953,115.93000030517578,99.17048645019531,11066000,
2022-08-17,115.05999755859375,115.0999984741211,114.30999755859375,114.72000122070312,98.1353988647461,14131300,
2022-08-18,114.97000122070312,115.63999938964844,114.58999633789062,114.88999938964844,98.28083801269531,10738200,
2022-08-19,113.2300033569336,113.33999633789062,112.73999786376953,113.04000091552734,96.69827270507812,16330900,
2022-08-22,112.86000061035156,112.95999908447266,112.12999725341797,112.66000366210938,96.37321472167969,10457200,
2022-08-23,112.19000244140625,113.4800033569336,111.73999786376953,112.04000091552734,95.84285736083984,17813200,
2022-08-24,111.48999786376953,111.87000274658203,110.86000061035156,111.22000122070312,95.14138793945312,13971600,
2022-08-25,111.31999969482422,113.08999633789062,110.98999786376953,112.7699966430664,96.46730041503906,21429700,
2022-08-26,112.30000305175781,113.98999786376953,112.01000213623047,113.62000274658203,97.19441223144531,18764400,
2022-08-29,112.94000244140625,113.01000213623047,112.12999725341797,112.68000030517578,96.39029693603516,14278300,
2022-08-30,112.62000274658203,113.51000213623047,112.20999908447266,112.95999908447266,96.62984466552734,14346600,
2022-08-31,112.69000244140625,113.33999633789062,111.58000183105469,111.87999725341797,95.70591735839844,13623500,
2022-09-01,109.87000274658203,110.25,108.94000244140625,109.5999984741211,93.95376586914062,22490400,"{""dividend_amount"": 0.236}"
2022-09-02,109.68000030517578,110.55999755859375,109.47000122070312,110.22000122070312,94.48524475097656,13024400,
2022-09-06,108.9000015258789,108.97000122070312,107.41999816894531,107.48999786376953,92.14498901367188,24648500,
2022-09-07,108.31999969482422,109.4800033569336,108.20999908447266,109.19000244140625,93.60227966308594,17050100,
2022-09-08,108.83999633789062,109.5199966430664,108.05000305175781,108.06999969482422,92.64219665527344,14671400,
2022-09-09,108.33000183105469,108.80000305175781,107.62999725341797,108.30999755859375,92.847900390625,12529800,
2022-09-12,108.62999725341797,108.88999938964844,106.91999816894531,107.41999816894531,92.08496856689453,14806900,
2022-09-13,106.55999755859375,107.73999786376953,106.23999786376953,107.66999816894531,92.29926300048828,22158900,
2022-09-14,107.33999633789062,108.20999908447266,107.12000274658203,108.04000091552734,92.61646270751953,13077800,
2022-09-15,107.8499984741211,108.19000244140625,107.58000183105469,107.97000122070312,92.55643463134766,10260200,
2022-09-16,107.02999877929688,108.05000305175781,106.7699966430664,107.06999969482422,91.78494262695312,18903800,
2022-09-19,106.95999908447266,107.81999969482422,106.80000305175781,107.31999969482422,91.99925994873047,11084400,
2022-09-20,105.69000244140625,106.83999633789062,105.4000015258789,106.25,91.08198547363281,20133800,
2022-09-21,106.69999694824219,108.04000091552734,105.97000122070312,108.02999877929688,92.60787963867188,23132900,
2022-09-22,105.79000091552734,105.95999908447266,104.7300033569336,105.2699966430664,90.24189758300781,29030600,
2022-09-23,105.33999633789062,106.43000030517578,104.55999755859375,105.69999694824219,90.61050415039062,23042200,
2022-09-26,105.36000061035156,105.41000366210938,103.22000122070312,103.68000030517578,88.87889862060547,25104600,
2022-09-27,102.70999908447266,102.9800033569336,100.9000015258789,100.94999694824219,86.53861999511719,34609500,
2022-09-28,103.12999725341797,104.44999694824219,102.4800033569336,104.33000183105469,89.43610382080078,39283100,
2022-09-29,102.9000015258789,104.2300033569336,102.80000305175781,103.79000091552734,88.97315979003906,19127100,
2022-09-30,104.2699966430664,104.86000061035156,102.2300033569336,102.44999694824219,87.82447814941406,26485700,
2022-10-03,103.8499984741211,104.68000030517578,103.1500015258789,103.83000183105469,89.219970703125,27192200,"{""dividend_amount"": 0.244}"
2022-10-04,104.1500015258789,104.6500015258789,103.30000305175781,103.54000091552734,88.97077178955078,13788700,
2022-10-05,102.7300033569336,102.83999633789062,101.58000183105469,102.55000305175781,88.12005615234375,20522100,
2022-10-06,102.58999633789062,102.83999633789062,101.52999877929688,101.9800033569336,87.63029479980469,13965700,
2022-10-07,100.80999755859375,101.62000274658203,100.47000122070312,100.98999786376953,86.77954864501953,14814800,
2022-10-10,100.5,100.51000213623047,98.80000305175781,99.41999816894531,85.43048858642578,15652600,
2022-10-11,99.73999786376953,100.9000015258789,98.98999786376953,99.86000061035156,85.80857849121094,33246700,
2022-10-12,99.27999877929688,100.54000091552734,99.19000244140625,100.3499984741211,86.22964477539062,21447600,
2022-10-13,98.36000061035156,100.37999725341797,98.33999633789062,99.38999938964844,85.40471649169922,30292500,
2022-10-14,100.19000244140625,100.19000244140625,98.25,98.56999969482422,84.70008850097656,18728200,
2022-10-17,99.29000091552734,99.66000366210938,97.94000244140625,98.08999633789062,84.28765106201172,18969900,
2022-10-18,97.94999694824219,98.45999908447266,96.87000274658203,98.31999969482422,84.48526000976562,16931500,
2022-10-19,97.19000244140625,97.41999816894531,96.31999969482422,96.52999877929688,82.94713592529297,25431600,
2022-10-20,95.93000030517578,96.33000183105469,94.73999786376953,94.87999725341797,81.52932739257812,25434900,
2022-10-21,93.0199966430664,93.93000030517578,92.26000213623047,93.16999816894531,80.0599594116211,46280300,
2022-10-24,92.81999969482422,93.55000305175781,91.8499984741211,92.4000015258789,79.39826965332031,31332600,
2022-10-25,94.58000183105469,95.2300033569336,94.44000244140625,95.08999633789062,81.70978546142578,31213100,
2022-10-26,95.7699966430664,96.69000244140625,95.7699966430664,96.45999908447266,82.88697814941406,24843900,
2022-10-27,96.9800033569336,97.9000015258789,96.22000122070312,97.47000122070312,83.75487518310547,20270000,
2022-10-28,96.86000061035156,97.62999725341797,96.41000366210938,96.80000305175781,83.17916870117188,22244100,
2022-10-31,96.36000061035156,96.62000274658203,95.02999877929688,96.11000061035156,82.58625030517578,23956700,
2022-11-01,97.37999725341797,97.41999816894531,96.20999908447266,96.7699966430664,83.35806274414062,17585100,"{""dividend_amount"": 0.236}"
2022-11-02,96.91000366210938,97.62999725341797,95.95999908447266,96.3499984741211,82.99628448486328,25010500,
2022-11-03,95.16999816894531,96.37999725341797,95.08999633789062,95.83000183105469,82.54835510253906,29097500,
2022-11-04,95.0999984741211,95.66000366210938,94.22000122070312,94.22000122070312,81.16149139404297,23561400,
2022-11-07,94.80000305175781,94.86000061035156,93.23999786376953,93.27999877929688,80.35176849365234,14522800,
2022-11-08,93.80000305175781,94.95999908447266,93.7699966430664,94.30000305175781,81.23040771484375,20360600,
2022-11-09,93.81999969482422,95.0199966430664,93.69000244140625,94.61000061035156,81.49742889404297,15637500,
2022-11-10,96.7300033569336,98.43000030517578,96.63999938964844,98.25,84.6329574584961,45380900,
2022-11-11,97.56999969482422,98.37000274658203,97.54000091552734,97.88999938964844,84.3228530883789,15943100,
2022-11-14,97.91000366210938,97.98999786376953,97.08999633789062,97.6500015258789,84.11610412597656,13741100,
2022-11-15,98.25,99.30000305175781,98.11000061035156,99.2300033569336,85.47712707519531,26608200,
2022-11-16,100.0199966430664,101.44999694824219,99.73999786376953,101.4000015258789,87.34638214111328,28507700,
2022-11-17,100.19999694824219,100.56999969482422,99.77999877929688,100.33000183105469,86.42465209960938,24528900,
2022-11-18,100.5999984741211,100.88999938964844,99.55000305175781,99.63999938964844,85.8302993774414,14941300,
2022-11-21,100.69000244140625,100.81999969482422,99.80000305175781,100.05999755859375,86.19209289550781,15534000,
2022-11-22,100.6500015258789,101.62000274658203,100.52999877929688,101.4800033569336,87.41529083251953,18103100,
2022-11-23,102.13999938964844,103.25,102.08000183105469,103.25,88.93997955322266,23234600,
2022-11-25,102.61000061035156,102.93000030517578,102.43000030517578,102.9000015258789,88.63846588134766,9486100,
2022-11-28,103.61000061035156,103.80999755859375,102.69000244140625,103.19000244140625,88.88825988769531,14563200,
2022-11-29,102.1500015258789,102.95999908447266,101.91000366210938,101.9800033569336,87.84600830078125,16576400,
2022-11-30,101.62000274658203,102.7300033569336,101.37000274658203,102.7300033569336,88.4920425415039,21581700,
2022-12-01,103.1500015258789,105.80999755859375,103.0999984741211,105.76000213623047,91.31898498535156,53156800,"{""dividend_amount"": 0.244}"
2022-12-02,105.30000305175781,107.0999984741211,104.61000061035156,107.08999633789062,92.46737670898438,24479500,
2022-12-05,105.83999633789062,105.98999786376953,104.9000015258789,105.58999633789062,91.17220306396484,20159700,
2022-12-06,106.5,107.38999938964844,106.19000244140625,106.94999694824219,92.34652709960938,21754500,
2022-12-07,108.37000274658203,109.68000030517578,108.19999694824219,109.47000122070312,94.52241516113281,30546700,
2022-12-08,108.69999694824219,109.44999694824219,108.47000122070312,109.16999816894531,94.26336669921875,13377300,
2022-12-09,107.94000244140625,108.16999816894531,106.2699966430664,106.33000183105469,91.8111572265625,25872200,
2022-12-12,107.86000061035156,108.11000061035156,106.26000213623047,106.66999816894531,92.10472869873047,16897100,
2022-12-13,109.04000091552734,109.08000183105469,107.45999908447266,107.69999694824219,92.99411010742188,23854700,
2022-12-14,107.66000366210938,108.31999969482422,106.88999938964844,108.16000366210938,93.39128875732422,19517500,
2022-12-15,108.38999938964844,109.12000274658203,108.16000366210938,108.31999969482422,93.75564575195312,20246200,"{""dividend_amount"": 0.261}"
2022-12-16,106.5999984741211,107.83000183105469,106.30999755859375,107.11000061035156,92.70835876464844,20838300,
2022-12-19,105.83000183105469,105.83999633789062,104.9800033569336,105.30999755859375,91.150390625,26126800,
2022-12-20,103.37999725341797,103.80999755859375,103.0999984741211,103.44000244140625,89.53180694580078,28869000,
2022-12-21,104.29000091552734,104.4000015258789,102.95999908447266,103.69999694824219,89.75686645507812,15894100,
2022-12-22,103.66999816894531,104.12000274658203,103.37999725341797,103.68000030517578,89.73957061767578,11322500,
2022-12-23,102.58000183105469,102.80999755859375,102.0199966430664,102.16000366210938,88.42389678955078,15408900,
2022-12-27,100.48999786376953,101.06999969482422,100.01000213623047,100.13999938964844,86.67552185058594,26475700,
2022-12-28,100.6500015258789,100.77999877929688,99.3499984741211,99.55000305175781,86.16486358642578,17302900,
2022-12-29,99.86000061035156,100.98999786376953,99.79000091552734,100.68000030517578,87.14291381835938,16593000,
2022-12-30,99.87000274658203,100.55000305175781,99.37000274658203,99.55999755859375,86.17351531982422,20810200,
