timestamp,open,high,low,close,adjusted_close,volume,corporate_action
2017-09-27,82.94000244140625,83.0999984741211,82.06999969482422,82.36000061035156,58.51504898071289,3812800,
2017-09-28,82.19000244140625,83.0,82.19000244140625,82.91999816894531,58.91292190551758,4114300,
2017-09-29,82.80000305175781,83.18000030517578,82.62000274658203,83.08999633789062,59.03369903564453,4245200,
2017-10-02,83.22000122070312,83.26000213623047,82.83999633789062,82.97000122070312,58.948448181152344,4533800,
2017-10-03,82.95999908447266,83.04000091552734,82.66000366210938,82.8499984741211,58.86317825317383,6710800,
2017-10-04,82.91999816894531,83.33000183105469,82.62999725341797,83.2699966430664,59.16158676147461,4137400,
2017-10-05,83.37999725341797,83.98999786376953,83.37000274658203,83.56999969482422,59.37472915649414,3398700,
2017-10-06,83.12999725341797,83.37000274658203,82.5999984741211,83.30000305175781,59.18290328979492,2594800,
2017-10-09,83.33999633789062,83.70999908447266,83.25,83.5,59.324989318847656,2248200,
2017-10-10,83.76000213623047,84.31999969482422,83.5,83.75,59.502620697021484,6012600,
2017-10-11,83.81999969482422,84.29000091552734,83.80999755859375,84.02999877929688,59.7015495300293,2944800,
2017-10-12,84.05999755859375,84.56999969482422,83.93000030517578,84.56999969482422,60.08522033691406,2787500,
2017-10-13,84.87999725341797,85.0,84.4000015258789,84.79000091552734,60.24150848388672,2662600,
2017-10-16,84.7300033569336,84.9000015258789,84.30000305175781,84.37000274658203,59.943119049072266,1972300,
2017-10-17,84.27999877929688,84.5199966430664,84.12000274658203,84.47000122070312,60.01416015625,2191300,
2017-10-18,84.37000274658203,84.69000244140625,84.20999908447266,84.37999725341797,59.950218200683594,1935900,
2017-10-19,84.36000061035156,84.54000091552734,83.83999633789062,84.12999725341797,59.7725944519043,1838700,
2017-10-20,84.05999755859375,84.0999984741211,83.33000183105469,83.6500015258789,59.431575775146484,2929900,
2017-10-23,83.75,83.83000183105469,83.2300033569336,83.33000183105469,59.20421600341797,2618800,
2017-10-24,83.16999816894531,83.44000244140625,82.54000091552734,82.83000183105469,58.84897232055664,2521400,
2017-10-25,82.4800033569336,82.87000274658203,82.0199966430664,82.58999633789062,58.678470611572266,3490900,
2017-10-26,82.80999755859375,83.0,81.61000061035156,81.91000366210938,58.19532775878906,3916400,
2017-10-27,81.86000061035156,82.48999786376953,81.33999633789062,82.27999877929688,58.45820236206055,2979900,
2017-10-30,81.86000061035156,82.54000091552734,81.86000061035156,82.20999908447266,58.408470153808594,3061000,
2017-10-31,82.22000122070312,82.3499984741211,81.48999786376953,82.19999694824219,58.40137481689453,4422700,
2017-11-01,82.33999633789062,82.77999877929688,82.1500015258789,82.5999984741211,58.685569763183594,3507700,
2017-11-02,82.8499984741211,83.63999938964844,82.7300033569336,83.30000305175781,59.18290328979492,5159300,
2017-11-03,82.88999938964844,83.41000366210938,82.52999877929688,83.08999633789062,59.03369903564453,2458400,
2017-11-06,83.16000366210938,83.87999725341797,83.11000061035156,83.6500015258789,59.431575775146484,3156300,
2017-11-07,83.69000244140625,84.5999984741211,83.68000030517578,84.33000183105469,59.91469955444336,3992500,
2017-11-08,84.2699966430664,84.80000305175781,84.2300033569336,84.75,60.21308898925781,2058200,
2017-11-09,84.44000244140625,85.3499984741211,84.20999908447266,84.83999633789062,60.277034759521484,3856400,
2017-11-10,84.41000366210938,85.20999908447266,84.25,84.93000030517578,60.34098815917969,3657400,
2017-11-13,84.9800033569336,85.4800033569336,84.8499984741211,85.36000061035156,60.64649963378906,3487200,
2017-11-14,85.12000274658203,85.41999816894531,85.02999877929688,85.18000030517578,60.51860809326172,4039200,
2017-11-15,85.05000305175781,85.19999694824219,84.2699966430664,84.31999969482422,59.9076042175293,5171100,
2017-11-16,84.11000061035156,85.11000061035156,84.0999984741211,85.0199966430664,60.4049186706543,5137200,
2017-11-17,84.80999755859375,85.06999969482422,84.55000305175781,84.6500015258789,60.14206314086914,2782600,
2017-11-20,84.70999908447266,84.79000091552734,84.26000213623047,84.4000015258789,59.964420318603516,3613800,
2017-11-21,84.63999938964844,85.08000183105469,84.51000213623047,85.02999877929688,60.412044525146484,3056900,
2017-11-22,84.87000274658203,85.12999725341797,84.62999725341797,84.83999633789062,60.277034759521484,2347400,
2017-11-24,84.91000366210938,85.08999633789062,84.87999725341797,84.94999694824219,60.35519790649414,1255000,
2017-11-27,85.04000091552734,85.05000305175781,84.5199966430664,84.55000305175781,60.07099533081055,2218000,
2017-11-28,84.51000213623047,84.62000274658203,83.79000091552734,84.2300033569336,59.84366226196289,2946800,
2017-11-29,84.0199966430664,84.44999694824219,83.76000213623047,84.26000213623047,59.864959716796875,4633900,
2017-11-30,84.52999877929688,84.6500015258789,84.13999938964844,84.38999938964844,59.95730972290039,4849800,
2017-12-01,84.48999786376953,84.91000366210938,83.8499984741211,84.58999633789062,60.099422454833984,4664700,
2017-12-04,84.76000213623047,85.0999984741211,84.1500015258789,84.16999816894531,59.801002502441406,4484100,
2017-12-05,83.75,84.30000305175781,83.44999694824219,83.47000122070312,59.303688049316406,4372600,
2017-12-06,83.33999633789062,83.77999877929688,83.0,83.38999938964844,59.246856689453125,3967900,
2017-12-07,83.5999984741211,83.68000030517578,83.11000061035156,83.5999984741211,59.39604949951172,4049100,
2017-12-08,83.93000030517578,84.18000030517578,83.55000305175781,84.02999877929688,59.7015495300293,3448600,
2017-12-11,84.05000305175781,84.1500015258789,83.83999633789062,84.0199966430664,59.69442367553711,5326200,
2017-12-12,84.45999908447266,84.66000366210938,83.73999786376953,84.43000030517578,59.985740661621094,4732000,
2017-12-13,84.62000274658203,84.97000122070312,84.41000366210938,84.56999969482422,60.08522033691406,3887100,
2017-12-14,84.62000274658203,84.87999725341797,84.37999725341797,84.55000305175781,60.07099533081055,4901000,
2017-12-15,84.66000366210938,85.25,84.62999725341797,85.08000183105469,60.44754409790039,4909500,
2017-12-18,85.26000213623047,86.13999938964844,85.25,85.63999938964844,60.84540939331055,5169400,
2017-12-19,85.66999816894531,85.69000244140625,83.66999816894531,83.81999969482422,59.552345275878906,5259200,
2017-12-20,83.86000061035156,84.08999633789062,82.83999633789062,82.8499984741211,58.86317825317383,7831900,
2017-12-21,81.94999694824219,81.94999694824219,81.18000030517578,81.2699966430664,58.63520050048828,4701300,"{""dividend_amount"": 1.264}"
2017-12-22,81.31999969482422,81.94999694824219,81.22000122070312,81.83000183105469,59.03922653198242,6484400,
2017-12-26,81.8499984741211,82.45999908447266,81.68000030517578,82.23999786376953,59.335025787353516,2874500,
2017-12-27,82.81999969482422,82.81999969482422,82.30999755859375,82.51000213623047,59.52982711791992,4341500,
2017-12-28,82.38999938964844,83.02999877929688,82.30999755859375,82.94999694824219,59.8472785949707,3172900,
2017-12-29,83.11000061035156,83.27999877929688,82.8499984741211,82.9800033569336,59.86894607543945,2957300,
2018-01-02,83.04000091552734,83.16999816894531,82.4000015258789,82.66999816894531,59.64528274536133,4639500,
2018-01-03,82.7300033569336,82.93000030517578,82.26000213623047,82.43000030517578,59.47212600708008,5516900,
2018-01-04,82.44999694824219,82.4800033569336,80.98999786376953,81.01000213623047,58.44759750366211,4734100,
2018-01-05,81.16999816894531,81.2300033569336,80.83999633789062,81.05000305175781,58.47648239135742,5742900,
2018-01-08,81.16000366210938,81.61000061035156,81.04000091552734,81.47000122070312,58.77948760986328,4763200,
2018-01-09,81.5,81.7300033569336,80.38999938964844,80.41999816894531,58.02193069458008,4631000,
2018-01-10,80.0999984741211,80.2300033569336,79.11000061035156,79.5199966430664,57.372589111328125,6244400,
2018-01-11,79.70999908447266,79.93000030517578,79.16999816894531,79.25,57.177791595458984,5067100,
2018-01-12,79.02999877929688,79.23999786376953,78.47000122070312,78.61000061035156,56.716041564941406,5154600,
2018-01-16,78.9000015258789,80.02999877929688,78.73999786376953,78.76000213623047,56.82426834106445,5760800,
2018-01-17,79.08999633789062,79.4000015258789,78.69999694824219,79.30999755859375,57.22109603881836,5560300,
2018-01-18,79.01000213623047,79.0999984741211,78.22000122070312,78.29000091552734,56.485164642333984,4548200,
2018-01-19,78.41999816894531,78.72000122070312,78.19999694824219,78.70999908447266,56.78818130493164,4546800,
2018-01-22,78.83000183105469,79.47000122070312,78.73999786376953,79.43000030517578,57.307674407958984,4767400,
2018-01-23,79.79000091552734,80.55000305175781,79.66000366210938,80.52999877929688,58.10130310058594,4599700,
2018-01-24,80.41999816894531,80.61000061035156,79.83000183105469,80.11000061035156,57.79827117919922,6242500,
2018-01-25,79.97000122070312,80.11000061035156,79.44999694824219,79.97000122070312,57.697261810302734,4765000,
2018-01-26,79.97000122070312,80.08000183105469,79.2300033569336,79.69000244140625,57.49524688720703,4966400,
2018-01-29,79.4800033569336,79.48999786376953,78.56999969482422,78.62000274658203,56.72324752807617,5280200,
2018-01-30,78.2699966430664,78.58999633789062,77.91999816894531,78.05000305175781,56.31201171875,6937600,
2018-01-31,78.2699966430664,79.4800033569336,78.0199966430664,79.44999694824219,57.32209014892578,8845500,
2018-02-01,79.08999633789062,79.73999786376953,77.5999984741211,77.73999786376953,56.08834457397461,7313200,
2018-02-02,77.16000366210938,77.5999984741211,76.44000244140625,77.08000183105469,55.6121711730957,11151800,
2018-02-05,76.69999694824219,77.54000091552734,74.69000244140625,74.79000091552734,53.9599723815918,8861900,
2018-02-06,73.55000305175781,75.19999694824219,73.08999633789062,74.80000305175781,53.96717834472656,12554100,
2018-02-07,74.77999877929688,75.91999816894531,74.43000030517578,74.4800033569336,53.73631286621094,7480000,
2018-02-08,74.1500015258789,74.93000030517578,72.2699966430664,72.33999633789062,52.19232177734375,11116900,
2018-02-09,72.79000091552734,74.73999786376953,72.05000305175781,74.1500015258789,53.49821853637695,12718500,
2018-02-12,74.58999633789062,74.62999725341797,72.11000061035156,74.18000030517578,53.519859313964844,15209300,
2018-02-13,74.01000213623047,74.91000366210938,73.5199966430664,74.69999694824219,53.89501953125,8766100,
2018-02-14,74.05999755859375,74.25,73.16000366210938,74.16000366210938,53.505428314208984,8225700,
2018-02-15,74.2699966430664,75.01000213623047,74.05999755859375,74.87999725341797,54.02489471435547,7359200,
2018-02-16,75.11000061035156,75.66999816894531,74.81999969482422,75.29000091552734,54.32069778442383,7002400,
2018-02-20,75.05999755859375,75.68000030517578,74.30999755859375,74.4000015258789,53.678592681884766,5766000,
2018-02-21,74.4000015258789,74.52999877929688,72.93000030517578,72.93000030517578,52.61800003051758,7852900,
2018-02-22,73.27999877929688,74.30999755859375,73.12999725341797,73.76000213623047,53.21683883666992,7412700,
2018-02-23,74.02999877929688,74.95999908447266,73.91999816894531,74.94000244140625,54.06818771362305,6884100,
2018-02-26,75.30999755859375,75.36000061035156,74.63999938964844,75.1500015258789,54.2197151184082,6336100,
2018-02-27,75.30000305175781,75.3499984741211,73.37999725341797,73.4000015258789,52.95710754394531,7635400,
2018-02-28,73.66000366210938,74.3499984741211,73.3499984741211,73.3499984741211,52.92103958129883,9175500,
2018-03-01,73.19000244140625,74.30000305175781,72.83000183105469,73.41999816894531,52.971527099609375,8794700,
2018-03-02,73.06999969482422,73.47000122070312,72.62000274658203,73.38999938964844,52.94987106323242,8408100,
2018-03-05,73.19000244140625,74.56999969482422,73.13999938964844,74.22000122070312,53.5487174987793,5558100,
2018-03-06,74.33999633789062,74.7300033569336,73.69000244140625,74.56999969482422,53.80123519897461,6039100,
2018-03-07,74.2300033569336,75.08999633789062,74.19000244140625,75.02999877929688,54.13311767578125,9868300,
2018-03-08,75.19999694824219,75.3499984741211,74.79000091552734,75.16999816894531,54.234127044677734,6381300,
2018-03-09,75.16999816894531,75.58000183105469,74.68000030517578,75.58000183105469,54.529937744140625,6293400,
2018-03-12,75.62999725341797,76.08999633789062,75.37999725341797,75.91000366210938,54.768028259277344,6661400,
2018-03-13,76.16000366210938,76.51000213623047,75.72000122070312,75.9800033569336,54.81852722167969,4877100,
2018-03-14,75.91000366210938,76.3499984741211,75.7300033569336,76.05000305175781,54.869041442871094,5945100,
2018-03-15,76.18000030517578,76.30999755859375,75.62999725341797,76.02999877929688,54.8546142578125,5680500,
2018-03-16,75.94000244140625,76.66000366210938,75.7699966430664,76.55999755859375,55.23698043823242,4951000,
2018-03-19,76.45999908447266,76.4800033569336,75.41999816894531,75.9000015258789,54.760799407958984,3999400,
2018-03-20,75.8499984741211,76.37999725341797,75.3499984741211,75.63999938964844,54.57322692871094,5677000,
2018-03-21,75.55000305175781,75.8499984741211,74.68000030517578,75.08000183105469,54.16919708251953,5905400,
2018-03-22,74.9000015258789,75.97000122070312,74.61000061035156,74.63999938964844,53.85175323486328,5605700,
2018-03-23,74.62000274658203,74.83000183105469,73.12000274658203,73.30999755859375,52.89216613769531,9530900,
2018-03-26,73.02999877929688,73.55999755859375,72.68000030517578,73.43000030517578,53.49390411376953,6979200,"{""dividend_amount"": 0.706}"
2018-03-27,73.52999877929688,74.68000030517578,72.66999816894531,73.70999908447266,53.6978759765625,9132000,
2018-03-28,73.97000122070312,75.69999694824219,73.83999633789062,75.55999755859375,55.045616149902344,8917300,
2018-03-29,75.7699966430664,75.94999694824219,75.16000366210938,75.47000122070312,54.98004913330078,5993400,
2018-04-02,75.33999633789062,75.66999816894531,73.94999694824219,74.44999694824219,54.236968994140625,6487700,
2018-04-03,74.56999969482422,75.41999816894531,74.08000183105469,75.08000183105469,54.69593048095703,9987300,
2018-04-04,74.66000366210938,76.08999633789062,74.48999786376953,75.87000274658203,55.271446228027344,5502800,
2018-04-05,75.91999816894531,75.98999786376953,75.19000244140625,75.83999633789062,55.24959182739258,4195900,
2018-04-06,75.66999816894531,76.25,75.0199966430664,75.2699966430664,54.8343391418457,4817500,
2018-04-09,75.31999969482422,75.62999725341797,74.91000366210938,75.02999877929688,54.65951156616211,4466300,
2018-04-10,75.3499984741211,75.48999786376953,74.83000183105469,74.94999694824219,54.60122299194336,7318500,
2018-04-11,74.80999755859375,75.68000030517578,74.73999786376953,75.11000061035156,54.7177848815918,3892500,
2018-04-12,75.2300033569336,75.23999786376953,74.05000305175781,74.2699966430664,54.1058235168457,4049600,
2018-04-13,74.19999694824219,74.72000122070312,74.08999633789062,74.66000366210938,54.389957427978516,3817100,
2018-04-16,74.75,75.37000274658203,74.56999969482422,75.12000274658203,54.72508239746094,4279000,
2018-04-17,75.29000091552734,76.41999816894531,75.05999755859375,76.0,55.36615753173828,4503600,
2018-04-18,76.18000030517578,76.27999877929688,75.83000183105469,75.83999633789062,55.24959182739258,4122900,
2018-04-19,75.58999633789062,75.66999816894531,74.20999908447266,74.73999786376953,54.44823455810547,6917900,
2018-04-20,74.66000366210938,74.95999908447266,73.94999694824219,74.05000305175781,53.94558334350586,5171200,
2018-04-23,74.08000183105469,74.37999725341797,73.66000366210938,73.98999786376953,53.90185546875,4325700,
2018-04-24,74.05000305175781,74.58000183105469,73.8499984741211,74.2699966430664,54.1058235168457,5852200,
2018-04-25,74.02999877929688,74.41000366210938,73.55000305175781,74.12999725341797,54.00386047363281,4055400,
2018-04-26,74.3499984741211,75.5199966430664,74.25,75.0999984741211,54.71051025390625,5551000,
2018-04-27,75.05999755859375,76.63999938964844,74.97000122070312,76.38999938964844,55.65024948120117,6278700,
2018-04-30,76.41999816894531,76.70999908447266,76.06999969482422,76.08999633789062,55.43171310424805,6625500,
2018-05-01,76.08000183105469,76.93000030517578,75.94000244140625,76.77999877929688,55.93436813354492,5251600,
2018-05-02,76.61000061035156,76.83000183105469,75.83000183105469,76.5,55.73041915893555,5361800,
2018-05-03,76.26000213623047,76.7699966430664,76.16000366210938,76.44999694824219,55.69398498535156,5839500,
2018-05-04,76.41000366210938,77.48999786376953,76.41000366210938,77.29000091552734,56.305931091308594,3746600,
2018-05-07,77.4000015258789,77.9000015258789,77.3499984741211,77.80999755859375,56.68474578857422,4670300,
2018-05-08,77.80000305175781,77.80000305175781,77.16999816894531,77.41999816894531,56.400638580322266,4311600,
2018-05-09,77.26000213623047,77.95999908447266,77.16000366210938,77.94000244140625,56.779449462890625,4685300,
2018-05-10,78.2300033569336,78.69999694824219,78.06999969482422,78.55000305175781,57.22383117675781,3664000,
2018-05-11,78.58999633789062,78.87000274658203,78.16000366210938,78.27999877929688,57.02714538574219,2694500,
2018-05-14,78.22000122070312,78.38999938964844,77.23999786376953,77.61000061035156,56.53904724121094,3536200,
2018-05-15,77.22000122070312,77.22000122070312,76.12000274658203,76.3499984741211,55.62112808227539,5134300,
2018-05-16,76.5,76.75,76.01000213623047,76.12000274658203,55.453582763671875,4400400,
2018-05-17,76.08999633789062,76.3499984741211,75.58000183105469,75.73999786376953,55.17673873901367,3998100,
2018-05-18,75.83000183105469,76.12000274658203,75.5,75.83999633789062,55.24959182739258,3343800,
2018-05-21,76.01000213623047,76.87000274658203,75.5999984741211,76.73999786376953,55.9052619934082,3671500,
2018-05-22,76.7300033569336,76.94999694824219,76.41999816894531,76.8499984741211,55.98535919189453,3470800,
2018-05-23,76.80000305175781,77.86000061035156,76.79000091552734,77.62000274658203,56.54631805419922,3983200,
2018-05-24,77.63999938964844,77.94000244140625,77.04000091552734,77.45999908447266,56.429771423339844,3173500,
2018-05-25,77.52999877929688,78.0199966430664,77.41999816894531,77.7300033569336,56.626461029052734,3597300,
2018-05-29,77.54000091552734,78.2300033569336,77.31999969482422,78.0999984741211,56.89601135253906,4611800,
2018-05-30,78.05000305175781,79.4000015258789,77.83000183105469,79.16000366210938,57.668209075927734,4901800,
2018-05-31,78.91000366210938,79.19000244140625,78.58999633789062,78.88999938964844,57.47150802612305,5430500,
2018-06-01,78.58999633789062,79.43000030517578,78.43000030517578,79.23999786376953,57.72649383544922,7233800,
2018-06-04,79.4000015258789,79.94999694824219,79.11000061035156,79.93000030517578,58.22914505004883,5391500,
2018-06-05,80.22000122070312,80.30000305175781,79.55999755859375,79.72000122070312,58.0761833190918,5543000,
2018-06-06,79.72000122070312,79.91000366210938,79.31999969482422,79.91000366210938,58.214595794677734,4006100,
2018-06-07,79.91999816894531,80.12000274658203,79.43000030517578,79.91000366210938,58.214595794677734,3353300,
2018-06-08,79.97000122070312,80.2699966430664,79.79000091552734,80.19999694824219,58.42585372924805,2773200,
2018-06-11,80.11000061035156,80.2699966430664,79.93000030517578,80.08000183105469,58.33843994140625,4168300,
2018-06-12,80.02999877929688,80.7699966430664,79.81999969482422,80.55999755859375,58.688133239746094,3287900,
2018-06-13,80.55999755859375,80.69999694824219,78.80999755859375,78.98999786376953,57.54439163208008,7230900,
2018-06-14,79.25,80.01000213623047,79.25,79.73999786376953,58.090755462646484,4458200,
2018-06-15,79.72000122070312,80.26000213623047,79.52999877929688,79.69000244140625,58.054317474365234,11131800,
2018-06-18,78.77999877929688,79.05000305175781,78.44000244140625,78.9800033569336,58.07048797607422,6391600,"{""dividend_amount"": 0.732}"
2018-06-19,78.73999786376953,79.27999877929688,78.73999786376953,78.9000015258789,58.01167678833008,11275400,
2018-06-20,78.95999908447266,79.88999938964844,78.91000366210938,79.77999877929688,58.65869903564453,7327500,
2018-06-21,80.0,80.26000213623047,79.62000274658203,80.16000366210938,58.9380989074707,3719700,
2018-06-22,80.33000183105469,80.83999633789062,79.97000122070312,80.79000091552734,59.40132141113281,4391700,
2018-06-25,80.6500015258789,80.9000015258789,80.08999633789062,80.58000183105469,59.246910095214844,5904500,
2018-06-26,80.73999786376953,81.16999816894531,80.37000274658203,80.83999633789062,59.43807601928711,3751000,
2018-06-27,81.05000305175781,81.26000213623047,80.51000213623047,80.52999877929688,59.21013641357422,4559900,
2018-06-28,80.52999877929688,81.3499984741211,80.44000244140625,81.25,59.73954772949219,3896700,
2018-06-29,81.0999984741211,81.80000305175781,80.62000274658203,81.44999694824219,59.8865852355957,5235400,
2018-07-02,81.5199966430664,81.54000091552734,80.08000183105469,81.0,59.55571365356445,7926500,
2018-07-03,81.04000091552734,82.18000030517578,80.83999633789062,81.61000061035156,60.00422286987305,7325300,
2018-07-05,81.8499984741211,82.62000274658203,81.54000091552734,82.58000183105469,60.71741485595703,7214700,
2018-07-06,82.79000091552734,83.16000366210938,82.73999786376953,83.0199966430664,61.04093551635742,7887400,
2018-07-09,83.12999725341797,83.12999725341797,81.94000244140625,82.36000061035156,60.555667877197266,6621300,
2018-07-10,82.51000213623047,82.7300033569336,82.02999877929688,82.52999877929688,60.680660247802734,4561900,
2018-07-11,82.43000030517578,82.70999908447266,82.18000030517578,82.26000213623047,60.482139587402344,5127900,
2018-07-12,82.5199966430664,82.6500015258789,82.08000183105469,82.51000213623047,60.665950775146484,4042100,
2018-07-13,82.55000305175781,82.9000015258789,82.19999694824219,82.26000213623047,60.482139587402344,5013800,
2018-07-16,82.11000061035156,82.19999694824219,81.36000061035156,81.81999969482422,60.15864181518555,3023900,
2018-07-17,81.94999694824219,82.05999755859375,81.19000244140625,81.27999877929688,59.76158905029297,4031200,
2018-07-18,81.16000366210938,81.44999694824219,80.55000305175781,80.91999816894531,59.496883392333984,5185600,
2018-07-19,80.87999725341797,82.1500015258789,80.6500015258789,81.87000274658203,60.19538879394531,4358700,
2018-07-20,81.58999633789062,81.80000305175781,80.86000061035156,81.08000183105469,59.61454772949219,3265500,
2018-07-23,81.04000091552734,81.18000030517578,80.43000030517578,80.91000366210938,59.48954772949219,4379600,
2018-07-24,80.88999938964844,81.02999877929688,80.30000305175781,80.5,59.18809509277344,4174900,
2018-07-25,80.54000091552734,81.27999877929688,80.38999938964844,81.13999938964844,59.65864181518555,4521400,
2018-07-26,81.25,81.81999969482422,81.05000305175781,81.41000366210938,59.85715866088867,4385400,
2018-07-27,81.55999755859375,81.61000061035156,80.45999908447266,80.54000091552734,59.21751403808594,4788000,
2018-07-30,80.51000213623047,80.77999877929688,79.98999786376953,80.58999633789062,59.254268646240234,4002000,
2018-07-31,80.83999633789062,82.30999755859375,80.83999633789062,81.94000244140625,60.24686813354492,5737300,
2018-08-01,81.3499984741211,82.52999877929688,81.12999725341797,82.5199966430664,60.67332077026367,7798900,
2018-08-02,82.3499984741211,82.66000366210938,82.01000213623047,82.19000244140625,60.43067932128906,4748200,
2018-08-03,82.2300033569336,83.12000274658203,82.1500015258789,83.08000183105469,61.085044860839844,4342700,
2018-08-06,83.12000274658203,83.37999725341797,82.7699966430664,82.97000122070312,61.00418472290039,4655000,
2018-08-07,83.12000274658203,83.37999725341797,82.4000015258789,82.81999969482422,60.893882751464844,3047100,
2018-08-08,82.7699966430664,82.80000305175781,82.1500015258789,82.33999633789062,60.54096221923828,2415400,
2018-08-09,82.33999633789062,82.6500015258789,82.19000244140625,82.37999725341797,60.57038116455078,3720900,
2018-08-10,82.48999786376953,82.5,81.5999984741211,81.75,60.107177734375,4524100,
2018-08-13,81.66000366210938,81.8499984741211,81.37999725341797,81.58999633789062,59.98952865600586,2755400,
2018-08-14,81.58000183105469,82.19999694824219,81.58000183105469,81.98999786376953,60.28361129760742,3249400,
2018-08-15,82.04000091552734,82.72000122070312,81.80999755859375,82.62000274658203,60.74683380126953,5202600,
2018-08-16,82.62999725341797,83.30000305175781,82.55999755859375,83.29000091552734,61.23945617675781,3329800,
2018-08-17,83.11000061035156,84.06999969482422,83.11000061035156,84.05999755859375,61.80561828613281,4698400,
2018-08-20,84.16999816894531,84.55000305175781,84.0,84.12000274658203,61.849708557128906,4629200,
2018-08-21,84.0,84.1500015258789,83.41000366210938,83.61000061035156,61.47474670410156,3149000,
2018-08-22,83.52999877929688,83.63999938964844,82.83000183105469,83.13999938964844,61.1291618347168,2954900,
2018-08-23,83.1500015258789,83.30000305175781,82.9000015258789,82.93000030517578,60.974754333496094,2528800,
2018-08-24,82.93000030517578,83.43000030517578,82.80000305175781,83.41999816894531,61.33500671386719,3897100,
2018-08-27,83.48999786376953,83.55999755859375,82.83999633789062,83.12000274658203,61.11448287963867,4479000,
2018-08-28,83.23999786376953,84.25,83.0199966430664,84.23999786376953,61.93796157836914,4653100,
2018-08-29,84.2300033569336,84.44000244140625,84.06999969482422,84.26000213623047,61.95266342163086,3564900,
2018-08-30,84.3499984741211,84.37000274658203,83.6500015258789,83.72000122070312,61.55561828613281,2968300,
2018-08-31,83.77999877929688,84.2300033569336,83.72000122070312,84.05000305175781,61.798248291015625,3305800,
2018-09-04,83.86000061035156,84.06999969482422,82.94999694824219,83.05000305175781,61.06298828125,4718600,
2018-09-05,83.0199966430664,83.81999969482422,82.58000183105469,83.52999877929688,61.4159049987793,5407700,
2018-09-06,83.66000366210938,84.0,83.63999938964844,83.7699966430664,61.59235763549805,3760300,
2018-09-07,83.55000305175781,83.55000305175781,82.7699966430664,82.86000061035156,60.92328643798828,4234400,
2018-09-10,83.25,83.69999694824219,83.11000061035156,83.2300033569336,61.195343017578125,3089200,
2018-09-11,83.01000213623047,83.5,82.87999725341797,83.22000122070312,61.187992095947266,3980300,
2018-09-12,83.23999786376953,83.47000122070312,82.9800033569336,83.26000213623047,61.21741485595703,2827800,
2018-09-13,83.61000061035156,83.93000030517578,83.33999633789062,83.66999816894531,61.51884460449219,3813600,
2018-09-14,83.55000305175781,83.62000274658203,82.54000091552734,83.13999938964844,61.1291618347168,5215800,
2018-09-17,83.12999725341797,83.58000183105469,82.87000274658203,83.41000366210938,61.32768249511719,4414700,
2018-09-18,83.30000305175781,83.52999877929688,82.87000274658203,83.01000213623047,61.033592224121094,8039400,
2018-09-19,83.05000305175781,83.08000183105469,81.91000366210938,82.04000091552734,60.320396423339844,4410600,
2018-09-20,82.05000305175781,82.86000061035156,81.7699966430664,82.80999755859375,60.88653564453125,4308300,
2018-09-21,82.69000244140625,83.20999908447266,82.56999969482422,82.77999877929688,60.86446762084961,7292200,
2018-09-24,81.44000244140625,81.61000061035156,79.83999633789062,80.16999816894531,59.77149200439453,4111200,"{""dividend_amount"": 1.144}"
2018-09-25,80.19000244140625,80.62000274658203,80.08000183105469,80.18000030517578,59.77893829345703,4781800,
2018-09-26,80.16999816894531,80.27999877929688,79.18000030517578,79.22000122070312,59.06321334838867,8971900,
2018-09-27,79.62000274658203,79.97000122070312,79.37999725341797,79.5999984741211,59.346519470214844,4942200,
2018-09-28,79.70999908447266,80.68000030517578,79.62999725341797,80.68000030517578,60.1517219543457,6092300,
2018-10-01,80.5999984741211,80.81999969482422,79.91999816894531,79.93000030517578,59.5925407409668,7215600,
2018-10-02,79.94999694824219,80.19000244140625,79.62999725341797,79.75,59.4583625793457,5746700,
2018-10-03,79.75,80.0199966430664,78.44000244140625,78.9000015258789,58.82462692260742,7104300,
2018-10-04,78.58000183105469,78.6500015258789,77.7300033569336,78.23999786376953,58.33255386352539,6759300,
2018-10-05,78.26000213623047,78.69000244140625,78.1500015258789,78.19999694824219,58.302734375,4971600,
2018-10-08,78.31999969482422,79.62999725341797,78.19999694824219,79.33000183105469,59.14521789550781,5246900,
2018-10-09,79.3499984741211,79.79000091552734,78.95999908447266,79.44000244140625,59.22722244262695,5852000,
2018-10-10,79.25,79.69000244140625,78.23999786376953,78.26000213623047,58.34748458862305,8837400,
2018-10-11,78.38999938964844,78.38999938964844,75.93000030517578,76.0199966430664,56.67741012573242,12471700,
2018-10-12,76.83999633789062,77.06999969482422,75.37999725341797,75.81999969482422,56.528297424316406,10167900,
2018-10-15,75.79000091552734,77.04000091552734,75.7300033569336,76.33000183105469,56.908538818359375,8526800,
2018-10-16,76.47000122070312,78.05000305175781,76.12000274658203,77.9000015258789,58.07907485961914,5315400,
2018-10-17,77.81999969482422,78.0,77.05000305175781,77.5999984741211,57.85538864135742,5088900,
2018-10-18,77.58999633789062,78.18000030517578,77.22000122070312,77.44999694824219,57.74357223510742,6818700,
2018-10-19,77.5,78.37000274658203,77.5,78.12000274658203,58.24310302734375,5357300,
2018-10-22,78.19000244140625,78.58000183105469,77.02999877929688,77.02999877929688,57.430423736572266,7499300,
2018-10-23,76.7699966430664,77.86000061035156,76.44000244140625,77.37000274658203,57.68391799926758,6988400,
2018-10-24,77.56999969482422,78.77999877929688,77.41999816894531,78.0999984741211,58.22817611694336,6016200,
2018-10-25,78.19999694824219,79.52999877929688,77.86000061035156,79.0999984741211,58.97372055053711,6215700,
2018-10-26,79.18000030517578,79.18000030517578,76.68000030517578,77.19999694824219,57.55715560913086,11721400,
2018-10-29,77.72000122070312,78.72000122070312,77.69000244140625,78.18000030517578,58.2878303527832,7159600,
2018-10-30,78.30000305175781,79.8499984741211,78.0999984741211,79.25,59.08557891845703,9053000,
2018-10-31,79.22000122070312,79.37999725341797,78.16999816894531,78.31999969482422,58.39219665527344,8322000,
2018-11-01,78.37999725341797,78.8499984741211,78.02999877929688,78.69000244140625,58.66805648803711,6062700,
2018-11-02,78.83999633789062,78.86000061035156,77.1500015258789,78.04000091552734,58.183441162109375,7609100,
2018-11-05,78.19999694824219,79.45999908447266,78.18000030517578,79.19999694824219,59.04829788208008,6753000,
2018-11-06,79.27999877929688,79.62999725341797,79.08000183105469,79.5999984741211,59.346519470214844,4127900,
2018-11-07,79.94999694824219,80.58000183105469,79.5199966430664,80.55000305175781,60.05479431152344,7559200,
2018-11-08,80.41999816894531,80.66999816894531,79.94999694824219,80.61000061035156,60.09952163696289,3559700,
2018-11-09,80.5199966430664,80.87000274658203,80.16000366210938,80.5999984741211,60.09206771850586,3388500,
2018-11-12,80.70999908447266,81.43000030517578,80.54000091552734,80.76000213623047,60.21135711669922,4969800,
2018-11-13,80.81999969482422,81.12999725341797,80.19000244140625,80.68000030517578,60.1517219543457,4882600,
2018-11-14,80.79000091552734,81.0,80.0999984741211,80.4800033569336,60.002628326416016,4545800,
2018-11-15,80.23999786376953,80.27999877929688,79.12999725341797,79.93000030517578,59.5925407409668,6413700,
2018-11-16,79.77999877929688,80.91000366210938,79.69999694824219,80.79000091552734,60.23371505737305,4347600,
2018-11-19,80.93000030517578,81.48999786376953,80.41000366210938,80.9000015258789,60.31576156616211,7117500,
2018-11-20,80.5,81.13999938964844,80.05999755859375,80.06999969482422,59.696929931640625,5295700,
2018-11-21,80.05999755859375,80.80999755859375,79.7300033569336,80.13999938964844,59.74911880493164,4139600,
2018-11-23,79.87999725341797,80.3499984741211,79.51000213623047,79.9800033569336,59.62982940673828,2815500,
2018-11-26,80.2699966430664,80.4800033569336,79.76000213623047,80.12999725341797,59.741661071777344,4422200,
2018-11-27,80.05999755859375,80.4800033569336,79.73999786376953,80.47000122070312,59.99515151977539,5183600,
2018-11-28,80.5,81.26000213623047,80.1500015258789,81.19000244140625,60.53196716308594,8681300,
2018-11-29,81.13999938964844,81.61000061035156,80.66000366210938,81.20999908447266,60.546871185302734,5681000,
2018-11-30,81.41000366210938,82.05000305175781,81.12999725341797,81.9800033569336,61.12093734741211,6641000,
2018-12-03,82.4800033569336,82.55999755859375,81.55999755859375,82.41999816894531,61.448978424072266,7407000,
2018-12-04,82.3499984741211,82.62999725341797,80.98999786376953,81.19999694824219,60.53940963745117,9346700,
2018-12-06,80.75,83.30999755859375,80.0199966430664,83.20999908447266,62.0379753112793,15059500,
2018-12-07,82.94000244140625,83.08999633789062,81.80999755859375,82.12000274658203,61.225337982177734,9987800,
2018-12-10,82.16999816894531,82.23999786376953,80.58000183105469,81.58999633789062,60.83018112182617,5804300,
2018-12-11,82.05999755859375,82.38999938964844,81.62999725341797,81.62999725341797,60.860008239746094,5108800,
2018-12-12,82.12000274658203,82.25,80.26000213623047,80.37000274658203,59.920597076416016,6943900,
2018-12-13,79.5199966430664,80.5,79.44999694824219,79.87999725341797,60.266902923583984,6131600,"{""dividend_amount"": 0.949}"
2018-12-14,79.58000183105469,80.01000213623047,79.23999786376953,79.6500015258789,60.0933723449707,10390400,
2018-12-17,79.73999786376953,79.98999786376953,76.47000122070312,76.6500015258789,57.82996368408203,20329300,
2018-12-18,77.48999786376953,77.95999908447266,77.06999969482422,77.44000244140625,58.426002502441406,9575700,
2018-12-19,77.45999908447266,78.0,76.27999877929688,76.58999633789062,57.78469467163086,10760000,
2018-12-20,76.48999786376953,76.72000122070312,74.88999938964844,75.44000244140625,56.91704559326172,13284100,
2018-12-21,75.61000061035156,77.0199966430664,74.31999969482422,74.38999938964844,56.12485885620117,16609300,
2018-12-24,74.08000183105469,74.33000183105469,71.68000030517578,71.73999786376953,54.12553405761719,9335800,
2018-12-26,71.88999938964844,74.13999938964844,71.08000183105469,74.13999938964844,55.936256408691406,16977000,
2018-12-27,73.58999633789062,74.20999908447266,72.0199966430664,74.12999725341797,55.92869567871094,12102300,
2018-12-28,74.91000366210938,75.18000030517578,73.80000305175781,74.37000274658203,56.10978698730469,12729300,
2018-12-31,74.30999755859375,74.72000122070312,73.30000305175781,74.56999969482422,56.26067352294922,15750600,
2019-01-02,73.55999755859375,73.69999694824219,72.52999877929688,72.94999694824219,55.03841781616211,12880400,
2019-01-03,72.7699966430664,74.56999969482422,72.70999908447266,73.45999908447266,55.42321014404297,12264300,
2019-01-04,73.73999786376953,75.0199966430664,73.30000305175781,74.31999969482422,56.07205581665039,9389000,
2019-01-07,74.5999984741211,75.61000061035156,74.4000015258789,75.05000305175781,56.62282943725586,9227900,
2019-01-08,75.52999877929688,76.79000091552734,75.33000183105469,76.5999984741211,57.792232513427734,10761000,
2019-01-09,76.77999877929688,76.87000274658203,75.76000213623047,76.48999786376953,57.70924377441406,6434200,
2019-01-10,76.25,77.75,76.08000183105469,77.52999877929688,58.493892669677734,8671800,
2019-01-11,77.45999908447266,77.83000183105469,77.0999984741211,77.75,58.65985870361328,5141900,
2019-01-14,77.5,77.94000244140625,77.18000030517578,77.48999786376953,58.4637336730957,4934500,
2019-01-15,77.5999984741211,78.41999816894531,77.56999969482422,78.2300033569336,59.02202224731445,5377200,
2019-01-16,78.20999908447266,79.05999755859375,78.0999984741211,78.77999877929688,59.436973571777344,6164000,
2019-01-17,78.62999725341797,79.19999694824219,78.47000122070312,79.16000366210938,59.72367858886719,4327000,
2019-01-18,79.48999786376953,79.5,78.81999969482422,79.43000030517578,59.927391052246094,6397100,
2019-01-22,79.26000213623047,79.54000091552734,78.58000183105469,79.19000244140625,59.74631118774414,6062600,
2019-01-23,79.33000183105469,79.4000015258789,78.68000030517578,79.19999694824219,59.75385665893555,3972000,
2019-01-24,78.97000122070312,79.6500015258789,78.69000244140625,79.47000122070312,59.95756530761719,4142500,
2019-01-25,79.73999786376953,80.5199966430664,79.58999633789062,80.45999908447266,60.7044792175293,5713400,
2019-01-28,80.30999755859375,81.33000183105469,80.05999755859375,81.25,61.30052947998047,5471200,
2019-01-29,81.12999725341797,81.93000030517578,80.97000122070312,81.88999938964844,61.78338623046875,4832200,
2019-01-30,81.91999816894531,82.8499984741211,81.83000183105469,82.55000305175781,62.28131103515625,6635900,
2019-01-31,82.44999694824219,83.47000122070312,81.77999877929688,83.41000366210938,62.93016052246094,13041700,
2019-02-01,83.48999786376953,83.75,81.72000122070312,82.87999725341797,62.53030776977539,16142500,
2019-02-04,82.86000061035156,83.5,82.19999694824219,83.5,62.99806594848633,13612800,
2019-02-05,83.58000183105469,84.02999877929688,83.05999755859375,83.9800033569336,63.36022186279297,10279100,
2019-02-06,83.66999816894531,83.88999938964844,83.16000366210938,83.43000030517578,62.94525909423828,8419900,
2019-02-07,83.18000030517578,84.22000122070312,82.91000366210938,84.12000274658203,63.46583938598633,8823200,
2019-02-08,83.80000305175781,84.44999694824219,83.6500015258789,84.12000274658203,63.46583938598633,6853900,
2019-02-11,84.25,84.51000213623047,83.95999908447266,84.3499984741211,63.63935852050781,4999200,
2019-02-12,84.55000305175781,84.55000305175781,83.51000213623047,83.81999969482422,63.239498138427734,8588900,
2019-02-13,83.83000183105469,84.33000183105469,83.5199966430664,84.25,63.56392288208008,5697000,
2019-02-14,84.37999725341797,84.83999633789062,83.98999786376953,84.5199966430664,63.767642974853516,6928100,
2019-02-15,84.73999786376953,85.0999984741211,84.54000091552734,85.08999633789062,64.19766235351562,4998600,
2019-02-19,84.91000366210938,85.2699966430664,84.75,85.06999969482422,64.18258666992188,5981200,
2019-02-20,85.01000213623047,85.01000213623047,83.9800033569336,84.54000091552734,63.78273010253906,7918900,
2019-02-21,84.05999755859375,84.69999694824219,83.77999877929688,84.62000274658203,63.84307098388672,4756900,
2019-02-22,84.79000091552734,85.44999694824219,84.5199966430664,85.12000274658203,64.2203140258789,4490300,
2019-02-25,85.29000091552734,85.36000061035156,84.37000274658203,84.44999694824219,63.714805603027344,4956800,
2019-02-26,84.56999969482422,84.79000091552734,84.05000305175781,84.19000244140625,63.51865768432617,4777100,
2019-02-27,83.91000366210938,84.12999725341797,83.1500015258789,83.7699966430664,63.2017707824707,8116400,
2019-02-28,83.83000183105469,84.91999816894531,83.5199966430664,83.98999786376953,63.367759704589844,6547100,
2019-03-01,83.94000244140625,84.23999786376953,82.81999969482422,83.7300033569336,63.171600341796875,10635700,
2019-03-04,84.12000274658203,84.19999694824219,83.18000030517578,84.11000061035156,63.458290100097656,7103600,
2019-03-05,84.06999969482422,84.70999908447266,83.9000015258789,84.33999633789062,63.6318473815918,9077500,
2019-03-06,84.41999816894531,84.5999984741211,83.8499984741211,83.94999694824219,63.337581634521484,5370800,
2019-03-07,84.16000366210938,84.55000305175781,83.55000305175781,83.7699966430664,63.2017707824707,8328500,
2019-03-08,83.62999725341797,84.16000366210938,83.48999786376953,83.86000061035156,63.26968765258789,9264800,
2019-03-11,84.1500015258789,85.1500015258789,84.01000213623047,85.08999633789062,64.19766235351562,4679300,
2019-03-12,85.19999694824219,85.69000244140625,85.11000061035156,85.4800033569336,64.49192810058594,6072500,
2019-03-13,85.58000183105469,86.12999725341797,85.58000183105469,85.9000015258789,64.8088150024414,4282900,
2019-03-14,85.95999908447266,86.05000305175781,85.62000274658203,86.02999877929688,64.90687561035156,4303200,
2019-03-15,86.12000274658203,86.19000244140625,85.61000061035156,85.76000213623047,64.70317840576172,4742200,
2019-03-18,85.80000305175781,86.02999877929688,84.91999816894531,85.33000183105469,64.37875366210938,4125300,
2019-03-19,85.37999725341797,85.51000213623047,84.80999755859375,85.06999969482422,64.18258666992188,6169200,
2019-03-20,85.05000305175781,85.86000061035156,84.44000244140625,85.33000183105469,64.37875366210938,6499300,
2019-03-21,85.20999908447266,86.88999938964844,85.19999694824219,86.8499984741211,65.52554321289062,6948200,
2019-03-22,86.93000030517578,87.41999816894531,86.19999694824219,86.22000122070312,65.05025482177734,8769700,
2019-03-25,86.25,86.61000061035156,85.75,86.33000183105469,65.13322448730469,6324300,
2019-03-26,86.5199966430664,87.05999755859375,86.43000030517578,87.0199966430664,65.65379333496094,8576400,
2019-03-27,87.13999938964844,87.29000091552734,86.22000122070312,86.7699966430664,65.46516418457031,7252600,
2019-03-28,86.3499984741211,87.02999877929688,86.0999984741211,86.98999786376953,66.10041046142578,5600000,"{""dividend_amount"": 0.616}"
2019-03-29,87.06999969482422,87.16000366210938,86.56999969482422,86.91000366210938,66.03963470458984,13743500,
2019-04-01,87.0,87.02999877929688,85.91000366210938,86.86000061035156,66.00164794921875,8528500,
2019-04-02,86.9800033569336,87.55000305175781,86.22000122070312,87.47000122070312,66.46517181396484,10358100,
2019-04-03,87.47000122070312,87.73999786376953,86.77999877929688,87.37000274658203,66.3891830444336,5004200,
2019-04-04,87.43000030517578,87.5,86.80000305175781,87.2300033569336,66.28280639648438,4249100,
2019-04-05,87.23999786376953,87.88999938964844,87.0999984741211,87.83999633789062,66.74630737304688,4827100,
2019-04-08,87.7699966430664,87.83000183105469,87.06999969482422,87.3499984741211,66.37397003173828,4575500,
2019-04-09,87.3499984741211,87.4800033569336,86.73999786376953,86.88999938964844,66.0244140625,3507600,
2019-04-10,87.19999694824219,87.7699966430664,87.0199966430664,87.69000244140625,66.63232421875,4264500,
2019-04-11,87.77999877929688,88.08999633789062,87.27999877929688,87.62999725341797,66.58673095703125,2925600,
2019-04-12,87.58999633789062,88.08000183105469,86.97000122070312,88.05000305175781,66.90586853027344,4148900,
2019-04-15,88.0999984741211,88.13999938964844,87.37000274658203,87.5999984741211,66.56392669677734,3468900,
2019-04-16,87.62000274658203,87.66000366210938,85.27999877929688,85.62000274658203,65.0594253540039,7256100,
2019-04-17,85.91000366210938,86.02999877929688,84.55999755859375,84.83999633789062,64.46672058105469,6121300,
2019-04-18,85.11000061035156,85.66999816894531,84.58000183105469,85.48999786376953,64.96063995361328,4827400,
2019-04-22,85.38999938964844,85.69000244140625,83.77999877929688,84.55000305175781,64.2463607788086,5012000,
2019-04-23,84.91999816894531,85.79000091552734,84.5199966430664,85.66999816894531,65.09741973876953,4692300,
2019-04-24,85.97000122070312,86.55999755859375,85.66000366210938,86.30000305175781,65.57610321044922,4853800,
2019-04-25,86.08000183105469,86.3499984741211,85.47000122070312,86.12000274658203,65.4393539428711,3732500,
2019-04-26,86.27999877929688,86.87000274658203,86.12999725341797,86.80000305175781,65.95606231689453,3109400,
2019-04-29,86.70999908447266,86.97000122070312,85.8499984741211,85.94999694824219,65.3101806640625,4280600,
2019-04-30,86.0199966430664,86.94999694824219,85.4800033569336,86.7699966430664,65.9332504272461,5541400,
2019-05-01,86.7699966430664,87.83000183105469,86.72000122070312,86.83999633789062,65.98643493652344,7675800,
2019-05-02,86.87999725341797,87.77999877929688,86.66999816894531,86.93000030517578,66.0548324584961,5675900,
2019-05-03,87.23999786376953,87.79000091552734,86.93000030517578,87.66999816894531,66.61711120605469,4678400,
2019-05-06,87.25,87.66999816894531,86.87000274658203,87.38999938964844,66.40438079833984,4836000,
2019-05-07,87.27999877929688,87.27999877929688,85.20999908447266,85.80999755859375,65.20378112792969,7037100,
2019-05-08,85.87999725341797,86.58000183105469,85.66999816894531,85.72000122070312,65.13539123535156,5976800,
2019-05-09,85.56999969482422,86.11000061035156,84.95999908447266,85.94000244140625,65.30255889892578,4005000,
2019-05-10,85.87999725341797,87.08000183105469,85.70999908447266,86.86000061035156,66.00164794921875,4269000,
2019-05-13,86.31999969482422,86.9000015258789,86.08000183105469,86.7699966430664,65.9332504272461,5794100,
2019-05-14,86.94999694824219,87.37000274658203,86.73999786376953,87.08999633789062,66.17638397216797,4740500,
2019-05-15,87.01000213623047,87.88999938964844,86.72000122070312,87.68000030517578,66.62472534179688,3410600,
2019-05-16,87.6500015258789,88.41999816894531,87.44999694824219,88.02999877929688,66.89067840576172,4008500,
2019-05-17,87.7300033569336,88.06999969482422,87.41000366210938,87.86000061035156,66.76148223876953,5346600,
2019-05-20,87.41999816894531,87.69000244140625,86.23999786376953,86.58999633789062,65.7964859008789,4221100,
2019-05-21,86.87000274658203,87.55000305175781,86.75,87.33000183105469,66.3587875366211,2930100,
2019-05-22,87.41999816894531,87.6500015258789,87.16000366210938,87.58999633789062,66.55635070800781,2825100,
2019-05-23,87.37999725341797,87.87000274658203,87.08999633789062,87.79000091552734,66.70830535888672,3304500,
2019-05-24,88.0199966430664,88.47000122070312,87.98999786376953,88.05999755859375,66.9134750366211,3121800,
2019-05-28,88.33000183105469,88.58999633789062,87.13999938964844,87.19000244140625,66.25239562988281,4614500,
2019-05-29,87.05999755859375,87.20999908447266,85.70999908447266,86.02999877929688,65.37096405029297,8170000,
2019-05-30,86.12000274658203,86.77999877929688,86.02999877929688,86.38999938964844,65.6445083618164,3984100,
2019-05-31,86.16000366210938,87.37000274658203,85.88999938964844,86.88999938964844,66.0244140625,5369200,
2019-06-03,87.19999694824219,87.38999938964844,86.4800033569336,87.0999984741211,66.18401336669922,6347800,
2019-06-04,87.25,87.25,85.94999694824219,86.70999908447266,65.88764953613281,6993200,
2019-06-05,87.20999908447266,88.62000274658203,86.98999786376953,88.5199966430664,67.26300811767578,6775400,
2019-06-06,88.80000305175781,88.88999938964844,88.05000305175781,88.69000244140625,67.3921890258789,4077200,
2019-06-07,89.12999725341797,89.56999969482422,88.91999816894531,89.0199966430664,67.6429443359375,3525700,
2019-06-10,89.19000244140625,89.29000091552734,88.4000015258789,88.7300033569336,67.42259216308594,2945500,
2019-06-11,88.98999786376953,89.19000244140625,88.30999755859375,88.97000122070312,67.60496520996094,3834000,
2019-06-12,89.04000091552734,89.56999969482422,88.9000015258789,89.2699966430664,67.8329086303711,2768500,
2019-06-13,89.3499984741211,89.6500015258789,89.0999984741211,89.6500015258789,68.12166595458984,2799400,
2019-06-14,89.5999984741211,90.12000274658203,89.55000305175781,89.69999694824219,68.1596450805664,2981700,
2019-06-17,89.94000244140625,90.77999877929688,89.94000244140625,90.66000366210938,68.88910675048828,3574900,
2019-06-18,91.33000183105469,91.58999633789062,90.16000366210938,90.56999969482422,68.82073211669922,4449200,
2019-06-19,90.41999816894531,91.36000061035156,90.01000213623047,91.05999755859375,69.19307708740234,3694600,
2019-06-20,91.55999755859375,91.8499984741211,91.38999938964844,91.5199966430664,69.54261016845703,4862000,
2019-06-21,91.0,91.2699966430664,90.04000091552734,90.2300033569336,68.56238555908203,7941700,
2019-06-24,90.62999725341797,90.91000366210938,89.6500015258789,89.91999816894531,68.32682037353516,3773600,
2019-06-25,89.94000244140625,90.16999816894531,88.58999633789062,88.58999633789062,67.31620025634766,5381300,
2019-06-26,88.62999725341797,88.72000122070312,86.61000061035156,86.81999969482422,65.97122955322266,12897000,
2019-06-27,86.52999877929688,87.16000366210938,86.37000274658203,87.0999984741211,66.82048797607422,6924500,"{""dividend_amount"": 0.827}"
2019-06-28,87.20999908447266,87.95999908447266,87.13999938964844,87.4000015258789,67.05065155029297,9638200,
2019-07-01,87.9800033569336,87.9800033569336,86.33000183105469,87.36000061035156,67.01997375488281,9746000,
2019-07-02,87.44000244140625,88.87999725341797,87.44000244140625,88.87999725341797,68.18607330322266,7633700,
2019-07-03,89.0199966430664,90.01000213623047,88.94999694824219,89.94000244140625,68.999267578125,5418000,
2019-07-05,89.30999755859375,89.91000366210938,88.22000122070312,89.62000274658203,68.75377655029297,5375100,
2019-07-08,89.52999877929688,90.08999633789062,89.38999938964844,89.94000244140625,68.999267578125,4509700,
2019-07-09,89.75,90.38999938964844,89.51000213623047,90.23999786376953,69.22943878173828,4906800,
2019-07-10,90.62000274658203,91.0,90.1500015258789,90.76000213623047,69.62833404541016,6833700,
2019-07-11,90.7699966430664,90.7699966430664,89.23999786376953,89.58000183105469,68.72308349609375,4020600,
2019-07-12,89.6500015258789,89.7699966430664,89.06999969482422,89.45999908447266,68.63102722167969,2948600,
2019-07-15,89.58000183105469,89.9800033569336,89.30000305175781,89.38999938964844,68.57732391357422,3185700,
2019-07-16,89.2699966430664,89.56999969482422,88.80999755859375,89.18000030517578,68.41622161865234,3611600,
2019-07-17,89.41000366210938,89.69000244140625,88.36000061035156,88.87999725341797,68.18607330322266,6422000,
2019-07-18,88.6500015258789,89.12000274658203,88.16999816894531,88.87999725341797,68.18607330322266,7048200,
2019-07-19,88.97000122070312,89.02999877929688,87.30999755859375,87.43000030517578,67.07366180419922,5064600,
2019-07-22,87.52999877929688,87.69000244140625,87.0199966430664,87.3499984741211,67.01229095458984,3265200,
2019-07-23,87.55999755859375,88.33999633789062,87.29000091552734,88.33999633789062,67.77178955078125,4239800,
2019-07-24,88.44999694824219,88.5,87.9000015258789,88.41000366210938,67.82550048828125,2946100,
2019-07-25,88.37999725341797,88.44000244140625,87.58000183105469,87.88999938964844,67.42655944824219,5629200,
2019-07-26,88.01000213623047,88.44000244140625,87.62999725341797,88.29000091552734,67.73345947265625,3111900,
2019-07-29,88.44000244140625,89.13999938964844,88.37999725341797,88.52999877929688,67.91755676269531,4898200,
2019-07-30,88.47000122070312,89.55999755859375,88.44999694824219,89.23999786376953,68.46224975585938,3818100,
2019-07-31,89.33999633789062,89.9800033569336,88.37999725341797,88.88999938964844,68.19374084472656,5979800,
2019-08-01,89.01000213623047,89.72000122070312,88.3499984741211,88.88999938964844,68.19374084472656,8371300,
2019-08-02,88.81999969482422,89.79000091552734,88.66999816894531,89.31999969482422,68.52365112304688,4794000,
2019-08-05,89.0999984741211,89.1500015258789,86.44999694824219,87.55999755859375,67.17340087890625,6840000,
2019-08-06,87.76000213623047,89.0199966430664,87.54000091552734,88.52999877929688,67.91755676269531,7789000,
2019-08-07,88.19999694824219,89.98999786376953,87.36000061035156,89.38999938964844,68.57732391357422,8674600,
2019-08-08,89.58999633789062,90.95999908447266,88.9800033569336,90.95999908447266,69.78178405761719,5766700,
2019-08-09,90.80000305175781,91.1500015258789,90.0,90.8499984741211,69.69739532470703,3304800,
2019-08-12,90.73999786376953,90.9800033569336,90.13999938964844,90.61000061035156,69.51325988769531,2944000,
2019-08-13,90.55999755859375,91.0199966430664,90.01000213623047,90.73999786376953,69.61300659179688,4540200,
2019-08-14,90.33999633789062,90.4800033569336,89.1500015258789,89.36000061035156,68.55430603027344,4645100,
2019-08-15,89.48999786376953,90.44000244140625,89.38999938964844,90.25,69.23709869384766,4582900,
2019-08-16,90.45999908447266,91.3499984741211,90.25,91.18000030517578,69.95055389404297,3951100,
2019-08-19,91.56999969482422,92.05000305175781,91.16999816894531,91.83999633789062,70.45690155029297,3255600,
2019-08-20,92.13999938964844,92.20999908447266,91.12000274658203,91.19000244140625,69.9582290649414,2556300,
2019-08-21,91.44000244140625,91.76000213623047,91.08000183105469,91.56999969482422,70.24974822998047,2739400,
2019-08-22,91.55999755859375,92.05999755859375,91.05000305175781,91.98999786376953,70.57196044921875,2587300,
2019-08-23,91.91000366210938,92.55000305175781,90.4000015258789,90.69999694824219,69.58231353759766,5776500,
2019-08-26,91.19999694824219,91.4800033569336,90.7699966430664,91.4000015258789,70.11934661865234,2736200,
2019-08-27,91.9000015258789,92.12999725341797,91.06999969482422,91.13999938964844,69.91987609863281,3252300,
2019-08-28,91.12999725341797,91.58000183105469,90.91000366210938,91.44000244140625,70.15001678466797,3498600,
2019-08-29,91.8499984741211,92.25,91.63999938964844,92.1500015258789,70.69471740722656,2688000,
2019-08-30,92.41000366210938,92.51000213623047,91.80999755859375,92.22000122070312,70.74842834472656,5678300,
2019-09-03,92.19999694824219,93.23999786376953,92.0,93.13999938964844,71.45420837402344,5927900,
2019-09-04,93.5999984741211,94.06999969482422,93.44000244140625,93.91999816894531,72.05259704589844,4757100,
2019-09-05,94.01000213623047,94.01000213623047,93.06999969482422,93.23999786376953,71.53093719482422,6036600,
2019-09-06,93.51000213623047,93.79000091552734,93.22000122070312,93.44999694824219,71.69206237792969,2986400,
2019-09-09,93.44999694824219,93.45999908447266,92.75,93.0,71.34680938720703,3772100,
2019-09-10,92.66000366210938,92.68000030517578,91.23999786376953,92.04000091552734,70.61031341552734,5379400,
2019-09-11,91.91999816894531,92.29000091552734,91.41999816894531,92.13999938964844,70.6870346069336,3972200,
2019-09-12,92.8499984741211,93.16999816894531,92.08999633789062,92.62999725341797,71.06297302246094,3486100,
2019-09-13,92.5199966430664,92.98999786376953,91.36000061035156,91.63999938964844,70.30345916748047,6109300,
2019-09-16,91.80000305175781,92.58999633789062,91.48999786376953,92.44000244140625,70.91719055175781,4688300,
2019-09-17,92.8499984741211,93.4800033569336,92.61000061035156,93.44000244140625,71.68438720703125,3674800,
2019-09-18,93.97000122070312,93.97000122070312,92.33999633789062,93.12000274658203,71.43887329101562,5655000,
2019-09-19,93.31999969482422,93.8499984741211,93.22000122070312,93.44999694824219,71.69206237792969,2892800,
2019-09-20,93.66000366210938,93.94000244140625,93.18000030517578,93.44999694824219,71.69206237792969,6900400,
2019-09-23,93.26000213623047,94.0,93.2300033569336,93.5999984741211,71.8071060180664,3515200,
2019-09-24,93.11000061035156,93.33000183105469,92.33999633789062,92.6500015258789,71.64779663085938,3705600,"{""dividend_amount"": 0.744}"
2019-09-25,92.6500015258789,93.05000305175781,92.41000366210938,92.83000183105469,71.7869873046875,7088700,
2019-09-26,93.11000061035156,93.83000183105469,93.0,93.61000061035156,72.39019012451172,2984700,
2019-09-27,93.80999755859375,93.91000366210938,92.44000244140625,93.08999633789062,71.98806762695312,4090300,
2019-09-30,93.19000244140625,93.72000122070312,93.11000061035156,93.25,72.11178588867188,3189800,
2019-10-01,93.19999694824219,93.4800033569336,92.22000122070312,92.37000274658203,71.4312744140625,5226300,
2019-10-02,92.37999725341797,92.44999694824219,91.38999938964844,91.9800033569336,71.12968444824219,3384300,
2019-10-03,91.93000030517578,93.12000274658203,91.75,92.87000274658203,71.81793212890625,6634500,
2019-10-04,93.05000305175781,93.47000122070312,92.9800033569336,93.43000030517578,72.2509994506836,2189400,
2019-10-07,93.0,93.69000244140625,92.8499984741211,93.2300033569336,72.09632873535156,3667600,
2019-10-08,93.12000274658203,93.5,92.29000091552734,92.73999786376953,71.71739959716797,3108100,
2019-10-09,93.66999816894531,93.66999816894531,92.80000305175781,92.91999816894531,71.85660552978516,4166000,
2019-10-10,92.87999725341797,93.25,92.55000305175781,93.06999969482422,71.97259521484375,3719700,
2019-10-11,93.41000366210938,93.77999877929688,92.9800033569336,93.02999877929688,71.9416732788086,3376300,
2019-10-14,93.13999938964844,93.29000091552734,92.72000122070312,93.06999969482422,71.97259521484375,1877600,
2019-10-15,93.1500015258789,93.29000091552734,92.55999755859375,93.19000244140625,72.06539154052734,3218500,
2019-10-16,93.13999938964844,93.22000122070312,92.62000274658203,93.19999694824219,72.0731201171875,3413900,
2019-10-17,93.38999938964844,93.95999908447266,93.25,93.80999755859375,72.54483032226562,3223100,
2019-10-18,93.7300033569336,94.66999816894531,93.69000244140625,94.52999877929688,73.10164642333984,2492100,
2019-10-21,94.6500015258789,95.29000091552734,94.41000366210938,95.25,73.658447265625,2591900,
2019-10-22,95.45999908447266,95.48999786376953,94.79000091552734,94.97000122070312,73.44190216064453,2644200,
2019-10-23,95.11000061035156,95.2699966430664,94.43000030517578,95.18000030517578,73.60430908203125,3020200,
2019-10-24,95.37000274658203,95.37000274658203,94.70999908447266,94.94000244140625,73.41871643066406,3148800,
2019-10-25,94.87999725341797,94.98999786376953,93.94999694824219,94.12999725341797,72.79232025146484,4184600,
2019-10-28,94.12999725341797,94.12999725341797,93.44999694824219,93.55999755859375,72.35152435302734,4897400,
2019-10-29,93.72000122070312,94.38999938964844,93.5999984741211,94.12999725341797,72.79232025146484,5512200,
2019-10-30,94.0199966430664,94.52999877929688,93.47000122070312,94.47000122070312,73.05523681640625,3861400,
2019-10-31,94.66999816894531,94.76000213623047,93.94999694824219,94.30000305175781,72.92378997802734,4723500,
2019-11-01,94.41000366210938,94.79000091552734,93.44999694824219,94.27999877929688,72.90830993652344,6520400,
2019-11-04,94.25,94.27999877929688,93.41999816894531,93.62000274658203,72.39791107177734,3878100,
2019-11-05,93.3499984741211,93.3499984741211,91.66999816894531,92.02999877929688,71.16837310791016,9141700,
2019-11-06,92.22000122070312,92.66999816894531,92.0199966430664,92.2300033569336,71.32302856445312,4500400,
2019-11-07,91.9800033569336,92.08000183105469,90.9800033569336,91.30999755859375,70.6115493774414,4945300,
2019-11-08,91.20999908447266,91.69999694824219,90.91000366210938,91.08999633789062,70.44143676757812,7330200,
2019-11-11,91.0999984741211,91.58000183105469,91.0,91.29000091552734,70.59607696533203,3525200,
2019-11-12,91.31999969482422,91.87999725341797,90.5199966430664,90.5999984741211,70.06251525878906,5701600,
2019-11-13,90.69999694824219,91.58999633789062,90.6500015258789,91.43000030517578,70.70436096191406,4316000,
2019-11-14,91.5999984741211,92.16000366210938,91.5,92.13999938964844,71.25341033935547,5136200,
2019-11-15,92.29000091552734,92.66999816894531,92.05000305175781,92.63999938964844,71.64007568359375,2785200,
2019-11-18,92.7699966430664,93.5,92.70999908447266,93.08999633789062,71.98806762695312,3251900,
2019-11-19,93.33999633789062,93.5199966430664,93.0,93.25,72.11178588867188,4065100,
2019-11-20,93.31999969482422,93.4800033569336,92.79000091552734,93.19999694824219,72.0731201171875,5698800,
2019-11-21,92.94999694824219,93.01000213623047,91.86000061035156,91.88999938964844,71.06007385253906,5002900,
2019-11-22,92.05999755859375,92.12999725341797,91.05000305175781,91.55000305175781,70.79716491699219,5112000,
2019-11-25,91.73999786376953,92.37000274658203,91.73999786376953,91.83999633789062,71.02142333984375,5183500,
2019-11-26,92.04000091552734,93.11000061035156,91.94999694824219,93.05999755859375,71.9648666381836,4858500,
2019-11-27,93.05999755859375,93.55000305175781,92.77999877929688,93.5,72.30512237548828,4121600,
2019-11-29,93.5,93.8499984741211,93.02999877929688,93.06999969482422,71.97259521484375,3531100,
2019-12-02,92.69999694824219,93.0199966430664,91.61000061035156,91.66000366210938,70.88223266601562,9430800,
2019-12-03,91.62000274658203,92.37000274658203,91.54000091552734,92.25,71.33847045898438,4762900,
2019-12-04,92.06999969482422,92.97000122070312,91.97000122070312,92.62999725341797,71.63233947753906,4129800,
2019-12-05,92.61000061035156,92.72000122070312,92.16000366210938,92.68000030517578,71.67100524902344,4846800,
2019-12-06,92.6500015258789,93.37000274658203,92.6500015258789,92.87000274658203,71.81793212890625,4486000,
2019-12-09,93.0,93.22000122070312,92.61000061035156,93.05000305175781,71.95712280273438,3961000,
2019-12-10,93.08000183105469,93.27999877929688,92.30000305175781,92.51000213623047,71.53955841064453,5227100,
2019-12-11,92.58000183105469,92.61000061035156,91.29000091552734,91.56999969482422,70.81261444091797,5112100,
2019-12-12,91.58000183105469,91.91000366210938,90.19999694824219,90.33000183105469,69.85370635986328,7923900,
2019-12-13,90.37000274658203,90.80000305175781,89.68000030517578,90.3499984741211,69.86917114257812,6814200,
2019-12-16,90.61000061035156,91.19999694824219,89.9800033569336,91.0,70.37184143066406,5185200,
2019-12-17,91.27999877929688,91.31999969482422,89.98999786376953,90.13999938964844,69.70677947998047,9649900,
2019-12-18,89.22000122070312,90.5199966430664,89.22000122070312,90.2699966430664,70.55638885498047,6340700,"{""dividend_amount"": 0.957}"
2019-12-19,90.2300033569336,91.12000274658203,90.12999725341797,91.06999969482422,71.18169403076172,6117400,
2019-12-20,91.31999969482422,91.97000122070312,91.25,91.56999969482422,71.5724868774414,9514600,
2019-12-23,92.05000305175781,92.05000305175781,91.0199966430664,91.11000061035156,71.21295928955078,5369100,
2019-12-24,91.33000183105469,91.51000213623047,91.0,91.3499984741211,71.4005355834961,1962000,
2019-12-26,91.41999816894531,91.7699966430664,91.29000091552734,91.75,71.71317291259766,2243900,
2019-12-27,91.95999908447266,92.18000030517578,91.69999694824219,92.04000091552734,71.93985748291016,4195900,
2019-12-30,91.88999938964844,92.20999908447266,91.62000274658203,92.12999725341797,72.01020812988281,3466500,
2019-12-31,92.08999633789062,92.83000183105469,92.0,92.79000091552734,72.52607727050781,4649500,
2020-01-02,93.19000244140625,93.23999786376953,91.0999984741211,91.69999694824219,71.67410278320312,5106600,
2020-01-03,91.23999786376953,92.45999908447266,91.02999877929688,92.2699966430664,72.11963653564453,5015500,
2020-01-06,92.16999816894531,92.70999908447266,91.87000274658203,92.37999725341797,72.20559692382812,4889000,
2020-01-07,92.18000030517578,92.18000030517578,90.8499984741211,91.3499984741211,71.4005355834961,6529100,
2020-01-08,91.38999938964844,91.80999755859375,91.05999755859375,91.62999725341797,71.61940002441406,6766100,
2020-01-09,91.61000061035156,91.87000274658203,91.36000061035156,91.58000183105469,71.5802993774414,4213800,
2020-01-10,91.77999877929688,92.38999938964844,91.52999877929688,92.27999877929688,72.12744903564453,5838800,
2020-01-13,92.37000274658203,93.4000015258789,92.33999633789062,93.38999938964844,72.99503326416016,5552600,
2020-01-14,93.30000305175781,93.3499984741211,92.5199966430664,93.04000091552734,72.72147369384766,4120700,
2020-01-15,93.30999755859375,94.08000183105469,93.2699966430664,93.87999725341797,73.37802124023438,4471500,
2020-01-16,94.02999877929688,94.62999725341797,93.87000274658203,94.62999725341797,73.96424865722656,4426700,
2020-01-17,94.58000183105469,95.02999877929688,94.5199966430664,94.72000122070312,74.03458404541016,3581300,
2020-01-21,94.83999633789062,95.69000244140625,94.58999633789062,95.62000274658203,74.73805236816406,4217400,
2020-01-22,95.8499984741211,96.1500015258789,94.81999969482422,94.9800033569336,74.2378158569336,5024300,
2020-01-23,95.08999633789062,95.81999969482422,94.69000244140625,95.77999877929688,74.86309814453125,4825000,
2020-01-24,95.9000015258789,96.04000091552734,95.16000366210938,95.44999694824219,74.60517120361328,3518100,
2020-01-27,94.95999908447266,95.30999755859375,94.7300033569336,94.98999786376953,74.24561309814453,3047000,
2020-01-28,95.1500015258789,95.66999816894531,94.97000122070312,95.37000274658203,74.54264068603516,3006100,
2020-01-29,95.66000366210938,95.77999877929688,94.93000030517578,95.0199966430664,74.26905822753906,3785500,
2020-01-30,94.7699966430664,95.29000091552734,94.5999984741211,95.08999633789062,74.32378387451172,4142400,
2020-01-31,95.0,95.0999984741211,93.66999816894531,93.93000030517578,73.4171142578125,6370900,
2020-02-03,93.87999725341797,94.94999694824219,93.8499984741211,94.23999786376953,73.65940856933594,7508200,
2020-02-04,94.58000183105469,95.5999984741211,94.31999969482422,95.20999908447266,74.41757202148438,4422900,
2020-02-05,95.38999938964844,95.62999725341797,95.05000305175781,95.2699966430664,74.46448516845703,4413700,
2020-02-06,95.55000305175781,95.87000274658203,95.41000366210938,95.58999633789062,74.7145767211914,3327500,
2020-02-07,95.72000122070312,95.83000183105469,95.31999969482422,95.56999969482422,74.69896697998047,3176200,
2020-02-10,95.94999694824219,96.66000366210938,95.83999633789062,96.63999938964844,75.5353012084961,4457000,
2020-02-11,96.97000122070312,97.95999908447266,96.97000122070312,97.37000274658203,76.10586547851562,5362200,
2020-02-12,97.52999877929688,98.25,97.12999725341797,97.94999694824219,76.55917358398438,6298700,
2020-02-13,97.93000030517578,98.7300033569336,97.75,98.54000091552734,77.02034759521484,3683500,
2020-02-14,98.7699966430664,99.58000183105469,98.63999938964844,99.55999755859375,77.81759643554688,3004800,
2020-02-18,99.62000274658203,99.69000244140625,98.87999725341797,99.44999694824219,77.73163604736328,4186800,
2020-02-19,99.5,99.5,98.0999984741211,98.11000061035156,76.68424987792969,4415200,
2020-02-20,98.16000366210938,99.33000183105469,97.87000274658203,99.27999877929688,77.59874725341797,5556500,
2020-02-21,99.2699966430664,99.72000122070312,99.02999877929688,99.56999969482422,77.82542419433594,3670800,
2020-02-24,98.38999938964844,99.12999725341797,97.75,98.20999908447266,76.76241302490234,5214600,
2020-02-25,98.44000244140625,98.62000274658203,95.29000091552734,95.55000305175781,74.6833267211914,7378900,
2020-02-26,95.73999786376953,96.45999908447266,94.47000122070312,94.5199966430664,73.87826538085938,9407200,
2020-02-27,93.0999984741211,93.30000305175781,89.48999786376953,89.48999786376953,69.94674682617188,11869100,
2020-02-28,87.5,88.19999694824219,84.66000366210938,87.33000183105469,68.25845336914062,22471800,
2020-03-02,87.6500015258789,91.06999969482422,87.16000366210938,91.05999755859375,71.17386627197266,14250500,
2020-03-03,91.18000030517578,93.30999755859375,90.0999984741211,90.8499984741211,71.00973510742188,14654200,
2020-03-04,92.26000213623047,94.4000015258789,92.12999725341797,94.27999877929688,73.6906509399414,10638200,
2020-03-05,92.72000122070312,93.44000244140625,91.1500015258789,92.26000213623047,72.11180114746094,9803600,
2020-03-06,90.23999786376953,91.01000213623047,87.79000091552734,90.66999816894531,70.86904907226562,10302700,
2020-03-09,86.0,86.52999877929688,83.55999755859375,83.68000030517578,65.40555572509766,14017500,
2020-03-10,85.05000305175781,86.62000274658203,81.83000183105469,86.54000091552734,68.16886901855469,11782100,"{""dividend_amount"": 0.648}"
2020-03-11,84.6500015258789,84.6500015258789,80.52999877929688,81.33999633789062,64.07273864746094,16447000,
2020-03-12,75.9000015258789,78.52999877929688,72.5999984741211,73.0999984741211,57.58197021484375,16761500,
2020-03-13,77.33000183105469,79.56999969482422,73.0199966430664,79.4800033569336,62.60759353637695,10968600,
2020-03-16,71.87999725341797,74.3499984741211,65.23999786376953,65.38999938964844,51.508689880371094,11396500,
2020-03-17,66.62999725341797,70.5,64.44000244140625,69.16999816894531,54.48625564575195,9100900,
2020-03-18,65.04000091552734,67.44000244140625,60.5,62.59000015258789,49.30308151245117,15714500,
2020-03-19,61.709999084472656,64.25,60.0,62.810001373291016,49.47637939453125,13090000,
2020-03-20,63.54999923706055,65.19999694824219,59.349998474121094,59.68000030517578,47.010833740234375,18838000,
2020-03-23,59.38999938964844,59.5,55.58000183105469,56.90999984741211,44.828857421875,15558600,
2020-03-24,59.61000061035156,62.2599983215332,58.779998779296875,62.029998779296875,48.861968994140625,14401600,
2020-03-25,62.290000915527344,68.7699966430664,61.83000183105469,65.37000274658203,51.4929313659668,15209300,
2020-03-26,65.9800033569336,70.25,65.58000183105469,69.9800033569336,55.124298095703125,14486100,
2020-03-27,67.79000091552734,71.83000183105469,67.4000015258789,70.05000305175781,55.179447174072266,11521700,
2020-03-30,70.76000213623047,71.83000183105469,68.44000244140625,71.58000183105469,56.384647369384766,12754300,
2020-03-31,71.05999755859375,71.22000122070312,67.94999694824219,69.8499984741211,55.02189636230469,16815900,
2020-04-01,66.51000213623047,66.80000305175781,63.88999938964844,65.26000213623047,51.40628433227539,12174800,
2020-04-02,64.31999969482422,66.83999633789062,64.16999816894531,65.4800033569336,51.57958984375,10916700,
2020-04-03,64.98999786376953,65.87999725341797,63.27000045776367,64.52999877929688,50.83125305175781,8986700,
2020-04-06,66.80999755859375,69.68000030517578,66.80999755859375,69.30999755859375,54.59653854370117,8382200,
2020-04-07,71.98999786376953,73.3499984741211,69.91999816894531,69.94999694824219,55.10065841674805,7675100,
2020-04-08,71.0,75.16000366210938,70.0999984741211,74.72000122070312,58.85805892944336,9628300,
2020-04-09,75.9800033569336,79.98999786376953,75.9800033569336,78.91000366210938,62.15858459472656,13840900,
2020-04-13,78.41000366210938,78.61000061035156,75.06999969482422,75.58999633789062,59.54336929321289,10139000,
2020-04-14,77.08999633789062,78.52999877929688,77.08999633789062,77.70999908447266,61.21332931518555,9400800,
2020-04-15,75.30999755859375,76.16999816894531,73.83000183105469,74.62999725341797,58.78717803955078,8568200,
2020-04-16,74.7699966430664,75.20999908447266,73.27999877929688,73.77999877929688,58.11762237548828,6252800,
2020-04-17,75.91999816894531,76.51000213623047,75.06999969482422,76.11000061035156,59.95299530029297,8593100,
2020-04-20,74.54000091552734,74.95999908447266,73.26000213623047,73.27999877929688,57.7237663269043,6631000,
2020-04-21,71.36000061035156,72.55000305175781,70.98999786376953,71.94999694824219,56.676090240478516,8620400,
2020-04-22,73.05999755859375,73.66000366210938,72.44999694824219,73.05000305175781,57.5426025390625,6484200,
2020-04-23,73.2699966430664,73.88999938964844,72.19000244140625,72.44000244140625,57.06208419799805,7648200,
2020-04-24,72.97000122070312,73.12000274658203,71.87000274658203,72.75,57.306270599365234,6419000,
2020-04-27,73.41000366210938,75.51000213623047,73.25,75.23999786376953,59.267677307128906,7669500,
2020-04-28,76.68000030517578,77.80000305175781,75.80000305175781,75.86000061035156,59.756065368652344,8177900,
2020-04-29,77.5,78.05000305175781,76.68000030517578,77.0,60.6540641784668,7307000,
2020-04-30,75.87000274658203,76.36000061035156,74.80999755859375,76.11000061035156,59.95299530029297,8606000,
2020-05-01,74.08000183105469,74.37000274658203,72.76000213623047,73.54000091552734,57.928565979003906,6013600,
2020-05-04,72.66000366210938,73.23999786376953,71.56999969482422,73.18000030517578,57.64496994018555,7288000,
2020-05-05,73.9000015258789,74.66000366210938,73.43000030517578,73.54000091552734,57.928565979003906,7520300,
2020-05-06,73.79000091552734,74.1500015258789,72.19999694824219,72.22000122070312,56.88878631591797,6266800,
2020-05-07,72.9000015258789,74.30000305175781,72.8499984741211,73.25,57.700103759765625,6727300,
2020-05-08,74.22000122070312,75.23999786376953,74.06999969482422,74.98999786376953,59.07075119018555,6625600,
2020-05-11,74.12999725341797,75.08000183105469,73.5,73.9000015258789,58.2121467590332,6874900,
2020-05-12,74.22000122070312,74.22000122070312,70.4800033569336,70.54000091552734,55.56542205810547,11764700,
2020-05-13,70.02999877929688,70.36000061035156,68.51000213623047,68.83000183105469,54.21842575073242,8358600,
2020-05-14,67.87000274658203,69.06999969482422,66.2699966430664,69.06999969482422,54.4074821472168,8609800,
2020-05-15,68.62999725341797,68.83999633789062,67.58000183105469,68.80000305175781,54.194793701171875,11916700,
2020-05-18,71.01000213623047,73.43000030517578,71.01000213623047,72.87000274658203,57.400794982910156,8617200,
2020-05-19,72.58999633789062,72.94999694824219,71.88999938964844,71.88999938964844,56.62883377075195,5804700,
2020-05-20,72.79000091552734,72.83999633789062,72.01000213623047,72.52999877929688,57.13298416137695,5133700,
2020-05-21,72.20999908447266,73.08999633789062,71.9000015258789,72.58999633789062,57.18023681640625,5385100,
2020-05-22,72.58999633789062,73.62999725341797,72.27999877929688,73.56999969482422,57.952205657958984,4737900,
2020-05-26,75.76000213623047,76.72000122070312,75.55000305175781,76.31999969482422,60.118408203125,6001000,
2020-05-27,78.0,78.2699966430664,75.97000122070312,77.83999633789062,61.31573486328125,5880500,
2020-05-28,78.69000244140625,78.81999969482422,77.58000183105469,78.20999908447266,61.6071891784668,5642800,
2020-05-29,77.58000183105469,78.13999938964844,76.88999938964844,77.43000030517578,60.992774963378906,8989500,
2020-06-01,77.36000061035156,79.79000091552734,77.2699966430664,79.22000122070312,62.402793884277344,11218300,
2020-06-02,79.80999755859375,80.0999984741211,79.02999877929688,79.86000061035156,62.90690994262695,7162100,
2020-06-03,80.69000244140625,82.7699966430664,80.66999816894531,82.41999816894531,64.92346954345703,7485600,
2020-06-04,82.0199966430664,82.12000274658203,80.86000061035156,81.5999984741211,64.27754974365234,5503500,
2020-06-05,84.48999786376953,86.06999969482422,84.30000305175781,84.69000244140625,66.71160125732422,6158800,
2020-06-08,85.81999969482422,86.80000305175781,85.66999816894531,86.79000091552734,68.36578369140625,7130500,
2020-06-09,85.20999908447266,85.9000015258789,84.30000305175781,85.3499984741211,67.23148345947266,7168900,
2020-06-10,85.11000061035156,85.11000061035156,82.52999877929688,83.18000030517578,65.52213287353516,6433900,
2020-06-11,79.56999969482422,80.62999725341797,77.7300033569336,77.83999633789062,61.31573486328125,8611900,
2020-06-12,80.55000305175781,80.91999816894531,78.44000244140625,80.62999725341797,63.513465881347656,8871700,
2020-06-15,78.1500015258789,82.19000244140625,77.9800033569336,81.7699966430664,64.41144561767578,6138600,
2020-06-16,84.61000061035156,84.83999633789062,82.0199966430664,83.37999725341797,65.67967987060547,5811700,
2020-06-17,83.87000274658203,83.94999694824219,82.16000366210938,82.16999816894531,64.72653198242188,5041500,
2020-06-18,81.19000244140625,81.72000122070312,80.81999969482422,81.2699966430664,64.01759338378906,5005900,
2020-06-19,82.44999694824219,82.44999694824219,79.68000030517578,80.08999633789062,63.08810806274414,10402000,
2020-06-22,79.94000244140625,80.2300033569336,78.68000030517578,80.01000213623047,63.025081634521484,3995500,
2020-06-23,80.80000305175781,80.93000030517578,79.44000244140625,79.68000030517578,62.76512908935547,3958100,
2020-06-24,78.68000030517578,78.87999725341797,75.66000366210938,77.41000366210938,60.977012634277344,7034900,
2020-06-25,76.16999816894531,77.70999908447266,76.02999877929688,77.62999725341797,61.75583267211914,6626000,"{""dividend_amount"": 0.759}"
2020-06-26,77.36000061035156,77.6500015258789,76.05000305175781,76.13999938964844,60.57051086425781,7277100,
2020-06-29,76.87999725341797,77.66999816894531,75.83999633789062,77.61000061035156,61.739925384521484,4687100,
2020-06-30,77.87000274658203,78.91000366210938,77.37999725341797,78.52999877929688,62.471805572509766,5212200,
2020-07-01,78.80000305175781,80.66000366210938,78.5999984741211,80.33999633789062,63.911685943603516,5023700,
2020-07-02,81.66999816894531,81.9000015258789,79.75,80.11000061035156,63.72872543334961,4588100,
2020-07-06,81.5999984741211,81.72000122070312,79.94000244140625,80.06999969482422,63.696903228759766,6174300,
2020-07-07,79.12999725341797,79.48999786376953,78.37999725341797,78.4800033569336,62.432037353515625,3389200,
2020-07-08,78.58999633789062,78.87999725341797,77.66000366210938,78.37000274658203,62.34452819824219,3848100,
2020-07-09,78.2300033569336,78.30000305175781,76.6500015258789,77.87999725341797,61.954708099365234,3455900,
2020-07-10,77.72000122070312,78.51000213623047,77.55999755859375,78.12000274658203,62.1456413269043,3809900,
2020-07-13,78.4000015258789,78.8499984741211,77.0,77.19000244140625,61.40580749511719,6071800,
2020-07-14,77.16000366210938,78.06999969482422,76.94000244140625,77.83999633789062,61.922882080078125,3473900,
2020-07-15,79.1500015258789,79.38999938964844,78.05000305175781,78.5999984741211,62.527469635009766,3547200,
2020-07-16,78.16999816894531,78.44999694824219,77.36000061035156,77.66000366210938,61.779693603515625,3605400,
2020-07-17,77.91999816894531,79.0,77.47000122070312,78.66999816894531,62.58316421508789,3720500,
2020-07-20,78.5999984741211,79.0,77.45999908447266,77.7300033569336,61.835384368896484,4364100,
2020-07-21,78.37999725341797,78.73999786376953,77.70999908447266,77.91999816894531,61.986541748046875,3007200,
2020-07-22,77.55999755859375,79.19000244140625,77.36000061035156,79.11000061035156,62.933189392089844,2682400,
2020-07-23,78.94999694824219,79.41000366210938,77.80999755859375,78.77999877929688,62.67066192626953,4630900,
2020-07-24,78.58999633789062,79.0,78.06999969482422,78.19999694824219,62.209285736083984,2702200,
2020-07-27,78.16000366210938,79.02999877929688,77.2300033569336,78.94000244140625,62.79795837402344,4111800,
2020-07-28,78.91000366210938,80.9000015258789,78.73999786376953,80.51000213623047,64.04692840576172,6613300,
2020-07-29,80.95999908447266,82.06999969482422,80.81999969482422,82.06999969482422,65.28790283203125,5429600,
2020-07-30,81.0,81.61000061035156,80.47000122070312,81.54000091552734,64.86630249023438,6602700,
2020-07-31,81.44999694824219,81.5,80.12000274658203,81.38999938964844,64.7469711303711,9312300,
2020-08-03,81.41999816894531,81.41999816894531,79.87999725341797,80.30999755859375,63.88780975341797,5629700,
2020-08-04,80.16999816894531,81.70999908447266,80.12999725341797,81.51000213623047,64.8424301147461,4078000,
2020-08-05,81.80000305175781,82.12000274658203,80.69999694824219,81.0999984741211,64.51625061035156,3374500,
2020-08-06,80.79000091552734,81.45999908447266,80.70999908447266,81.2300033569336,64.61970520019531,3646500,
2020-08-07,80.93000030517578,82.43000030517578,80.80000305175781,82.38999938964844,65.54248046875,4447800,
2020-08-10,82.63999938964844,83.0199966430664,82.16000366210938,82.5199966430664,65.64588928222656,3410000,
2020-08-11,83.33000183105469,83.47000122070312,81.0199966430664,81.33000183105469,64.6992416381836,5193800,
2020-08-12,81.95999908447266,82.27999877929688,81.63999938964844,82.1500015258789,65.3515625,2245300,
2020-08-13,81.87999725341797,82.56999969482422,80.93000030517578,81.13999938964844,64.54810333251953,3585400,
2020-08-14,80.93000030517578,81.91000366210938,80.83999633789062,81.1500015258789,64.55603790283203,3399300,
2020-08-17,81.19999694824219,81.8499984741211,80.83000183105469,81.80999755859375,65.08106994628906,2749900,
2020-08-18,81.80999755859375,81.91000366210938,80.91999816894531,81.41999816894531,64.77082824707031,3635300,
2020-08-19,81.61000061035156,81.66999816894531,79.83999633789062,79.98999786376953,63.63323974609375,4376200,
2020-08-20,79.5999984741211,81.2699966430664,79.37999725341797,80.75,64.23783111572266,2949900,
2020-08-21,80.73999786376953,81.2300033569336,79.88999938964844,80.87999725341797,64.34125518798828,3380700,
2020-08-24,81.0,81.43000030517578,79.91999816894531,81.4000015258789,64.75492095947266,2553700,
2020-08-25,81.61000061035156,81.80000305175781,80.83000183105469,81.61000061035156,64.9219741821289,3123500,
2020-08-26,81.43000030517578,81.43000030517578,80.37000274658203,80.86000061035156,64.32532501220703,3139800,
2020-08-27,81.02999877929688,82.30999755859375,81.01000213623047,82.05000305175781,65.27201080322266,4006700,
2020-08-28,82.18000030517578,82.58999633789062,81.33999633789062,82.58999633789062,65.70159149169922,4548700,
2020-08-31,82.4800033569336,82.5,81.44000244140625,81.75,65.03336334228516,4835100,
2020-09-01,81.47000122070312,81.87999725341797,80.87999725341797,81.80999755859375,65.08106994628906,3498500,
2020-09-02,81.9000015258789,83.45999908447266,81.23999786376953,83.33000183105469,66.290283203125,3136500,
2020-09-03,83.30999755859375,84.04000091552734,81.69999694824219,82.33000183105469,65.49474334716797,5716500,
2020-09-04,82.56999969482422,83.0999984741211,80.52999877929688,81.9000015258789,65.15267944335938,4956900,
2020-09-08,81.54000091552734,81.58999633789062,80.31999969482422,80.9000015258789,64.35716247558594,3774000,
2020-09-09,81.31999969482422,82.73999786376953,81.23999786376953,81.69999694824219,64.99356079101562,3158300,
2020-09-10,81.79000091552734,81.9000015258789,80.62000274658203,80.69999694824219,64.19805145263672,4308700,
2020-09-11,80.88999938964844,80.9800033569336,79.51000213623047,80.25,63.840084075927734,4255400,
2020-09-14,80.77999877929688,82.45999908447266,80.68000030517578,82.20999908447266,65.39927673339844,3732000,
2020-09-15,82.55999755859375,83.9800033569336,82.5,83.19999694824219,66.18684387207031,3017500,
2020-09-16,83.69999694824219,84.48999786376953,83.29000091552734,83.63999938964844,66.53687286376953,3722400,
2020-09-17,82.77999877929688,83.3499984741211,81.4800033569336,82.01000213623047,65.24018096923828,5981400,
2020-09-18,81.9800033569336,81.9800033569336,80.0199966430664,80.16000366210938,63.76847457885742,5024200,
2020-09-21,79.16000366210938,79.16999816894531,77.31999969482422,77.75,61.85128402709961,5297300,
2020-09-22,77.98999786376953,79.31999969482422,77.83000183105469,78.68000030517578,62.59112548828125,4486400,
2020-09-23,78.7300033569336,78.7300033569336,76.20999908447266,76.30999755859375,60.705745697021484,7876400,
2020-09-24,76.31999969482422,77.80999755859375,75.94999694824219,76.72000122070312,61.03191375732422,6813300,
2020-09-25,75.95999908447266,77.76000213623047,75.72000122070312,77.69999694824219,62.29054641723633,3503300,"{""dividend_amount"": 0.59}"
2020-09-28,78.79000091552734,79.66999816894531,78.69999694824219,79.29000091552734,63.565216064453125,3470900,
2020-09-29,79.27999877929688,79.33000183105469,78.08000183105469,78.72000122070312,63.1082649230957,3662900,
2020-09-30,79.12000274658203,79.87999725341797,78.1500015258789,78.95999908447266,63.30066680908203,4507100,
2020-10-01,79.27999877929688,80.61000061035156,78.93000030517578,80.54000091552734,64.56732940673828,6406300,
2020-10-02,79.45999908447266,82.19000244140625,79.16999816894531,81.93000030517578,65.68167114257812,3346700,
2020-10-05,82.2300033569336,82.66000366210938,80.83000183105469,82.4000015258789,66.05844116210938,2654800,
2020-10-06,82.61000061035156,83.06999969482422,81.54000091552734,81.86000061035156,65.62554931640625,5830300,
2020-10-07,82.37000274658203,82.4000015258789,81.5999984741211,81.9800033569336,65.72175598144531,2362400,
2020-10-08,82.41999816894531,83.58000183105469,82.27999877929688,83.3499984741211,66.82005310058594,2269000,
2020-10-09,83.86000061035156,83.87999725341797,82.7300033569336,83.0199966430664,66.55549621582031,6556200,
2020-10-12,83.12000274658203,83.63999938964844,82.55000305175781,83.41000366210938,66.8681411743164,5655800,
2020-10-13,83.06999969482422,83.12000274658203,81.5,81.9800033569336,65.72175598144531,4406300,
2020-10-14,81.9000015258789,82.0999984741211,80.86000061035156,80.9800033569336,64.9200668334961,4651400,
2020-10-15,80.3499984741211,82.05999755859375,80.33000183105469,81.4000015258789,65.25676727294922,2915400,
2020-10-16,81.41000366210938,81.43000030517578,80.66999816894531,80.81999969482422,64.79178619384766,2925400,
2020-10-19,81.02999877929688,81.19999694824219,79.44000244140625,79.55999755859375,63.78168487548828,9873000,
2020-10-20,80.08999633789062,80.73999786376953,79.93000030517578,80.12999725341797,64.23863983154297,4038600,
2020-10-21,79.91000366210938,80.2699966430664,79.51000213623047,79.88999938964844,64.04624938964844,2685900,
2020-10-22,79.87999725341797,80.22000122070312,79.52999877929688,79.87999725341797,64.0382080078125,3828900,
2020-10-23,80.18000030517578,80.66999816894531,79.69000244140625,80.36000061035156,64.42302703857422,2588700,
2020-10-26,79.73999786376953,79.86000061035156,78.51000213623047,79.20999908447266,63.5010871887207,2691200,
2020-10-27,79.30000305175781,79.7300033569336,77.94000244140625,77.94000244140625,62.482967376708984,2264100,
2020-10-28,76.68000030517578,77.43000030517578,75.79000091552734,76.08000183105469,60.99183654785156,4422000,
2020-10-29,76.19999694824219,77.68000030517578,75.45999908447266,77.0999984741211,61.809532165527344,4645500,
2020-10-30,76.66000366210938,77.22000122070312,75.68000030517578,76.58999633789062,61.40068054199219,3978900,
2020-11-02,77.4000015258789,78.45999908447266,76.87999725341797,78.41999816894531,62.86777114868164,4254500,
2020-11-03,79.19999694824219,80.4000015258789,78.91999816894531,79.93000030517578,64.07829284667969,4214600,
2020-11-04,80.5,81.29000091552734,79.44000244140625,80.06999969482422,64.19054412841797,2867500,
2020-11-05,80.69000244140625,81.20999908447266,80.12000274658203,80.44999694824219,64.49516296386719,3984900,
2020-11-06,80.69000244140625,81.11000061035156,79.5999984741211,79.9000015258789,64.05426025390625,3696600,
2020-11-09,84.52999877929688,88.29000091552734,82.55999755859375,82.7300033569336,66.322998046875,8999300,
2020-11-10,82.8499984741211,84.0199966430664,82.38999938964844,83.94000244140625,67.29305267333984,6146100,
2020-11-11,84.27999877929688,84.6500015258789,83.44000244140625,84.26000213623047,67.5495834350586,3416100,
2020-11-12,83.87999725341797,84.2300033569336,82.58999633789062,83.16000366210938,66.66770935058594,3939500,
2020-11-13,83.66000366210938,85.56999969482422,83.66000366210938,85.37999725341797,68.44744873046875,3443000,
2020-11-16,87.16999816894531,87.44000244140625,85.31999969482422,86.33999633789062,69.2170639038086,2978300,
2020-11-17,85.69999694824219,86.76000213623047,85.11000061035156,86.41999816894531,69.28119659423828,3856900,
2020-11-18,86.58999633789062,87.08000183105469,84.68000030517578,84.73999786376953,67.93438720703125,9655500,
2020-11-19,84.62000274658203,85.16999816894531,83.7300033569336,85.06999969482422,68.19891357421875,4225400,
2020-11-20,85.02999877929688,85.1500015258789,84.2300033569336,84.61000061035156,67.83015441894531,3136400,
2020-11-23,85.19000244140625,85.7699966430664,84.62999725341797,84.7699966430664,67.95843505859375,4520000,
2020-11-24,85.70999908447266,86.41000366210938,85.12000274658203,85.22000122070312,68.3191909790039,4805500,
2020-11-25,85.29000091552734,85.41000366210938,83.02999877929688,85.2699966430664,68.3592529296875,5792800,
2020-11-27,85.5199966430664,85.55000305175781,84.54000091552734,84.88999938964844,68.05462646484375,2063900,
2020-11-30,84.77999877929688,84.8499984741211,83.7300033569336,84.0,67.34115600585938,6413600,
2020-12-01,84.95999908447266,85.43000030517578,84.69999694824219,85.08000183105469,68.20694732666016,6489100,
2020-12-02,84.88999938964844,85.38999938964844,84.33999633789062,84.41000366210938,67.66983032226562,3738500,
2020-12-03,84.5999984741211,85.55000305175781,84.47000122070312,85.12000274658203,68.239013671875,3386300,
2020-12-04,85.48999786376953,86.44000244140625,85.48999786376953,86.41999816894531,69.28119659423828,3053200,
2020-12-07,86.20999908447266,86.48999786376953,85.3499984741211,85.66999816894531,68.6799545288086,2620500,
2020-12-08,85.29000091552734,85.81999969482422,85.25,85.37000274658203,68.43943786621094,2648100,
2020-12-09,85.55000305175781,85.6500015258789,84.27999877929688,84.83999633789062,68.01454162597656,5024000,
2020-12-10,84.37999725341797,85.0199966430664,84.16000366210938,84.47000122070312,67.71792602539062,3737900,
2020-12-11,84.05999755859375,84.56999969482422,83.56999969482422,84.38999938964844,67.65379333496094,4044400,
2020-12-14,85.08000183105469,85.68000030517578,83.95999908447266,84.0199966430664,67.35716247558594,3735200,
2020-12-15,84.5,85.76000213623047,83.8499984741211,85.73999786376953,68.736083984375,2867700,
2020-12-16,85.98999786376953,86.45999908447266,85.41000366210938,85.83999633789062,68.81620788574219,3419900,
2020-12-17,86.26000213623047,86.75,85.91999816894531,86.66999816894531,69.48161315917969,3341400,
2020-12-18,86.76000213623047,86.7699966430664,84.4000015258789,84.93000030517578,68.08670043945312,3988500,
2020-12-21,83.69999694824219,84.51000213623047,83.3499984741211,84.44999694824219,67.70189666748047,4993600,
2020-12-22,84.5,85.12000274658203,84.11000061035156,85.04000091552734,68.17488861083984,2828900,
2020-12-23,85.37000274658203,85.93000030517578,84.41999816894531,84.48999786376953,67.73396301269531,3659000,
2020-12-24,83.4800033569336,83.9000015258789,83.2300033569336,83.87999725341797,68.32697296142578,1563600,"{""dividend_amount"": 1.338}"
2020-12-28,84.29000091552734,84.51000213623047,83.80000305175781,84.37999725341797,68.73426818847656,5655100,
2020-12-29,84.69000244140625,85.13999938964844,83.56999969482422,83.66000366210938,68.14778137207031,3880100,
2020-12-30,83.87000274658203,84.77999877929688,83.70999908447266,84.12000274658203,68.5224838256836,3995900,
2020-12-31,84.08999633789062,85.05000305175781,83.4000015258789,84.93000030517578,69.18228912353516,4827300,
2021-01-04,85.19999694824219,85.27999877929688,82.06999969482422,82.16999816894531,66.93403625488281,5311500,
2021-01-05,82.16999816894531,82.87000274658203,82.12999725341797,82.29000091552734,67.03178405761719,4932600,
2021-01-06,82.26000213623047,82.97000122070312,81.7300033569336,82.43000030517578,67.14583587646484,6520100,
2021-01-07,82.5,82.54000091552734,81.75,82.2699966430664,67.01548767089844,4068400,
2021-01-08,82.52999877929688,83.36000061035156,82.38999938964844,83.06999969482422,67.66714477539062,4931600,
2021-01-11,82.52999877929688,83.0199966430664,81.68000030517578,81.97000122070312,66.77113342285156,6565100,
2021-01-12,81.86000061035156,82.2300033569336,81.2300033569336,82.16000366210938,66.92589569091797,7857300,
2021-01-13,82.22000122070312,83.33000183105469,82.20999908447266,83.16000366210938,67.74048614501953,9024900,
2021-01-14,83.44000244140625,84.22000122070312,83.12999725341797,83.6500015258789,68.13963317871094,5866400,
2021-01-15,83.45999908447266,84.87000274658203,83.18000030517578,84.61000061035156,68.9216079711914,3939700,
2021-01-19,85.13999938964844,85.18000030517578,83.98999786376953,84.37000274658203,68.72611999511719,5521200,
2021-01-20,84.44000244140625,86.37000274658203,84.12999725341797,85.9800033569336,70.03758239746094,5198300,
2021-01-21,85.7300033569336,85.73999786376953,84.83000183105469,85.56999969482422,69.70362091064453,4213200,
2021-01-22,85.12999725341797,85.91000366210938,84.91999816894531,85.7699966430664,69.86650848388672,5272700,
2021-01-25,85.73999786376953,87.08000183105469,85.26000213623047,86.41999816894531,70.3960189819336,7819700,
2021-01-26,86.61000061035156,87.30999755859375,86.45999908447266,87.02999877929688,70.89289855957031,4706300,
2021-01-27,86.37999725341797,87.18000030517578,85.06999969482422,85.48999786376953,69.6384506225586,5907600,
2021-01-28,85.51000213623047,86.91000366210938,85.2300033569336,85.94999694824219,70.01313781738281,6237000,
2021-01-29,85.47000122070312,86.33000183105469,84.51000213623047,84.95999908447266,69.20672607421875,7349800,
2021-02-01,85.4800033569336,86.95999908447266,84.41999816894531,86.9000015258789,70.78700256347656,6149000,
2021-02-02,87.45999908447266,87.73999786376953,86.68000030517578,87.41999816894531,71.21058654785156,3849800,
2021-02-03,87.47000122070312,87.4800033569336,86.0,87.19999694824219,71.03137969970703,5148700,
2021-02-04,87.22000122070312,88.29000091552734,87.0999984741211,87.80000305175781,71.52012634277344,4118200,
2021-02-05,88.16999816894531,88.27999877929688,87.80999755859375,88.11000061035156,71.77265930175781,2583900,
2021-02-08,88.43000030517578,88.58999633789062,87.79000091552734,88.58999633789062,72.16365814208984,3212700,
2021-02-09,88.75,89.12999725341797,88.38999938964844,88.9000015258789,72.41616821289062,2518800,
2021-02-10,89.36000061035156,90.0999984741211,88.98999786376953,89.37999725341797,72.80717468261719,3421400,
2021-02-11,89.54000091552734,90.08999633789062,89.05000305175781,89.56999969482422,72.96192932128906,3717000,
2021-02-12,89.33999633789062,89.68000030517578,88.91000366210938,89.58999633789062,72.97822570800781,2297400,
2021-02-16,89.91999816894531,89.97000122070312,88.41000366210938,88.9000015258789,72.41616821289062,2774500,
2021-02-17,88.69999694824219,88.93000030517578,88.25,88.79000091552734,72.32655334472656,2939000,
2021-02-18,88.47000122070312,88.79000091552734,88.26000213623047,88.41000366210938,72.01703643798828,3254600,
2021-02-19,88.7300033569336,89.44999694824219,88.48999786376953,88.91999816894531,72.43245697021484,4170700,
2021-02-22,88.69999694824219,90.05000305175781,88.51000213623047,89.66000366210938,73.03524780273438,3493000,
2021-02-23,89.87999725341797,90.47000122070312,89.6500015258789,90.22000122070312,73.49140167236328,4378300,
2021-02-24,90.2300033569336,91.19000244140625,90.01000213623047,90.91000366210938,74.05345916748047,3551200,
2021-02-25,90.80000305175781,91.44999694824219,88.55999755859375,89.16999816894531,72.63611602783203,7548800,
2021-02-26,89.51000213623047,89.5199966430664,87.7699966430664,87.87000274658203,71.5771484375,6519800,
2021-03-01,88.87000274658203,89.66999816894531,88.16000366210938,88.26000213623047,71.89484405517578,4834000,
2021-03-02,88.29000091552734,88.29000091552734,86.83000183105469,87.41000366210938,71.20245361328125,4715600,
2021-03-03,87.37000274658203,87.7300033569336,86.7300033569336,86.91000366210938,70.795166015625,6231400,
2021-03-04,87.08000183105469,87.55000305175781,84.87999725341797,85.91999816894531,69.98871612548828,6869500,
2021-03-05,86.58000183105469,87.16000366210938,84.44999694824219,86.86000061035156,70.75440979003906,7166100,
2021-03-08,87.2300033569336,88.52999877929688,86.58999633789062,87.61000061035156,71.36536407470703,4823000,
2021-03-09,88.12999725341797,88.87000274658203,88.06999969482422,88.19000244140625,71.83781433105469,3873600,
2021-03-10,88.41999816894531,89.62999725341797,88.1500015258789,89.06999969482422,72.55464172363281,3429700,
2021-03-11,89.69999694824219,90.62999725341797,89.1500015258789,90.11000061035156,73.40179443359375,3830000,
2021-03-12,90.06999969482422,91.66000366210938,90.02999877929688,91.62000274658203,74.63182067871094,3262800,
2021-03-15,91.83000183105469,93.19999694824219,91.36000061035156,92.9800033569336,75.73965454101562,6026400,
2021-03-16,92.98999786376953,93.19999694824219,92.19999694824219,92.5999984741211,75.43010711669922,3122500,
2021-03-17,92.43000030517578,92.72000122070312,91.56999969482422,92.68000030517578,75.49527740478516,3663100,
2021-03-18,92.30999755859375,92.4000015258789,91.43000030517578,91.73999786376953,74.72956848144531,3496000,
2021-03-19,91.87999725341797,92.12000274658203,90.41000366210938,90.48999786376953,73.71133422851562,4429400,
2021-03-22,90.5,91.3499984741211,90.19999694824219,91.12999725341797,74.23268127441406,2677000,
2021-03-23,91.0999984741211,91.70999908447266,90.48999786376953,91.0,74.12679290771484,2966400,
2021-03-24,91.05000305175781,91.77999877929688,90.48999786376953,90.48999786376953,73.71133422851562,4144500,
2021-03-25,89.83000183105469,91.08999633789062,88.83000183105469,90.87999725341797,74.46184539794922,4218800,"{""dividend_amount"": 0.526}"
2021-03-26,91.31999969482422,92.88999938964844,91.16000366210938,92.83999633789062,76.06777954101562,3864600,
2021-03-29,92.63999938964844,92.94000244140625,91.48999786376953,92.30000305175781,75.62532806396484,5116600,
2021-03-30,92.16000366210938,92.68000030517578,92.04000091552734,92.41999816894531,75.72366333007812,5822100,
2021-03-31,92.41999816894531,92.87999725341797,91.48999786376953,91.86000061035156,75.26483154296875,4430400,
2021-04-01,92.33999633789062,93.58000183105469,92.0,93.52999877929688,76.63311767578125,5461200,
2021-04-05,94.16000366210938,94.16000366210938,92.9800033569336,93.88999938964844,76.9280776977539,4239900,
2021-04-06,93.94999694824219,94.13999938964844,93.48999786376953,94.12999725341797,77.12472534179688,5111600,
2021-04-07,94.1500015258789,94.5,93.37999725341797,94.19999694824219,77.18206787109375,3038500,
2021-04-08,94.2300033569336,94.58000183105469,93.76000213623047,93.8499984741211,76.89530944824219,5034300,
2021-04-09,94.0,94.12000274658203,93.5199966430664,93.73999786376953,76.80518341064453,5371000,
2021-04-12,93.93000030517578,94.29000091552734,93.13999938964844,94.29000091552734,77.25582885742188,2828200,
2021-04-13,94.1500015258789,94.87999725341797,94.02999877929688,94.76000213623047,77.64090728759766,3975300,
2021-04-14,94.8499984741211,95.33999633789062,94.12999725341797,94.26000213623047,77.2312240600586,4569100,
2021-04-15,94.83999633789062,95.91000366210938,94.63999938964844,95.91000366210938,78.58316040039062,6497000,
2021-04-16,96.26000213623047,96.4000015258789,95.80000305175781,96.12000274658203,78.7552261352539,3754200,
2021-04-19,96.16999816894531,96.30999755859375,95.51000213623047,96.30999755859375,78.910888671875,2882900,
2021-04-20,96.16000366210938,97.27999877929688,96.12000274658203,97.0999984741211,79.55817413330078,4968700,
2021-04-21,97.22000122070312,97.91000366210938,96.87000274658203,97.73999786376953,80.08256530761719,4407000,
2021-04-22,97.7300033569336,98.12999725341797,96.98999786376953,97.20999908447266,79.64830780029297,3207200,
2021-04-23,97.43000030517578,97.9800033569336,97.13999938964844,97.77999877929688,80.11532592773438,5225600,
2021-04-26,98.0999984741211,98.6500015258789,97.83999633789062,98.06999969482422,80.35294342041016,5404600,
2021-04-27,98.36000061035156,98.4000015258789,97.80999755859375,98.05999755859375,80.3447494506836,3091100,
2021-04-28,98.30999755859375,98.44000244140625,97.80000305175781,97.8499984741211,80.17267608642578,3509200,
2021-04-29,98.5,99.12999725341797,98.02999877929688,98.69000244140625,80.8609390258789,3319100,
2021-04-30,98.38999938964844,99.30000305175781,98.20999908447266,99.08000183105469,81.18047332763672,4371300,
2021-05-03,99.55999755859375,99.55999755859375,98.66999816894531,98.88999938964844,81.0248031616211,6844100,
2021-05-04,98.43000030517578,99.2300033569336,97.69000244140625,98.25,80.50042724609375,6449000,
2021-05-05,98.08000183105469,98.08000183105469,96.2300033569336,96.62000274658203,79.16488647460938,4580300,
2021-05-06,96.69000244140625,97.23999786376953,96.26000213623047,97.16000366210938,79.60733032226562,5649700,
2021-05-07,97.2300033569336,98.5,97.06999969482422,98.44000244140625,80.6561050415039,5884900,
2021-05-10,98.80000305175781,99.56999969482422,98.4000015258789,98.41000366210938,80.63154602050781,3436700,
2021-05-11,97.56999969482422,97.56999969482422,96.36000061035156,97.16999816894531,79.61553192138672,4036900,
2021-05-12,96.94000244140625,97.12999725341797,94.63999938964844,94.70999908447266,77.59994506835938,4601200,
2021-05-13,95.0,96.62000274658203,94.94000244140625,95.94000244140625,78.60773468017578,5118900,
2021-05-14,96.44999694824219,97.41999816894531,96.30999755859375,97.08000183105469,79.54177856445312,3936600,
2021-05-17,97.04000091552734,97.38999938964844,96.69000244140625,97.18000030517578,79.62373352050781,3320200,
2021-05-18,97.19999694824219,97.83000183105469,96.5999984741211,97.19999694824219,79.64010620117188,3359800,
2021-05-19,96.44999694824219,96.88999938964844,95.45999908447266,96.88999938964844,79.38612365722656,3602500,
2021-05-20,96.91000366210938,98.29000091552734,96.63999938964844,97.9800033569336,80.27919006347656,2466500,
2021-05-21,98.22000122070312,98.41000366210938,97.6500015258789,97.87999725341797,80.197265625,3020000,
2021-05-24,98.31999969482422,99.47000122070312,98.2300033569336,99.0999984741211,81.19685363769531,3491500,
2021-05-25,99.27999877929688,99.5,98.66999816894531,99.06999969482422,81.17227172851562,4243300,
2021-05-26,99.25,100.06999969482422,99.05000305175781,99.51000213623047,81.53280639648438,4518100,
2021-05-27,99.81999969482422,99.83000183105469,99.16000366210938,99.27999877929688,81.34434509277344,4362900,
2021-05-28,99.86000061035156,100.16999816894531,99.55999755859375,99.87999725341797,81.83595275878906,3409400,
2021-06-01,100.37000274658203,101.69000244140625,100.01000213623047,101.68000030517578,83.31077575683594,4385000,
2021-06-02,102.05999755859375,102.9800033569336,101.61000061035156,102.87000274658203,84.28579711914062,4446100,
2021-06-03,102.75,102.75,102.01000213623047,102.48999786376953,83.97441864013672,4187600,
2021-06-04,103.0,103.0,102.08000183105469,102.54000091552734,84.01539611816406,3121200,
2021-06-07,102.73999786376953,104.19999694824219,102.70999908447266,103.75,85.00680541992188,4773100,
2021-06-08,104.01000213623047,104.88999938964844,103.88999938964844,104.61000061035156,85.71145629882812,3935800,
2021-06-09,104.91000366210938,105.20999908447266,104.69999694824219,104.75,85.82616424560547,3243000,
2021-06-10,104.8499984741211,105.7699966430664,104.54000091552734,105.5,86.44066619873047,4010100,
2021-06-11,105.5199966430664,105.62999725341797,104.55999755859375,105.08000183105469,86.09652709960938,3274100,
2021-06-14,105.08999633789062,105.48999786376953,104.91000366210938,105.48999786376953,86.43244171142578,3531700,
2021-06-15,105.4000015258789,105.48999786376953,104.36000061035156,104.36000061035156,85.50660705566406,4099600,
2021-06-16,104.58000183105469,105.05000305175781,103.48999786376953,103.68000030517578,84.949462890625,4498600,
2021-06-17,103.41000366210938,103.69999694824219,102.86000061035156,103.55000305175781,84.84294891357422,5055100,
2021-06-18,103.0199966430664,103.47000122070312,101.79000091552734,101.79000091552734,83.40089416503906,5358000,
2021-06-21,102.30999755859375,104.20999908447266,101.80000305175781,103.88999938964844,85.12151336669922,3672900,
2021-06-22,103.88999938964844,104.01000213623047,103.27999877929688,103.3499984741211,84.67906951904297,3088200,
2021-06-23,103.3499984741211,103.75,103.08000183105469,103.16999816894531,84.53158569335938,3682900,
2021-06-24,102.81999969482422,102.81999969482422,101.66000366210938,102.22000122070312,84.34922790527344,3229000,"{""dividend_amount"": 0.729}"
2021-06-25,102.25,103.01000213623047,102.08000183105469,102.91000366210938,84.91858673095703,2739100,
2021-06-28,103.08999633789062,103.1500015258789,101.69000244140625,102.61000061035156,84.67103576660156,3940700,
2021-06-29,102.7699966430664,103.19999694824219,102.26000213623047,102.33000183105469,84.43998718261719,3777300,
2021-06-30,102.33999633789062,102.9000015258789,101.68000030517578,101.79000091552734,83.99440002441406,6640100,
2021-07-01,102.02999877929688,103.0199966430664,101.51000213623047,102.2300033569336,84.35748291015625,6491100,
2021-07-02,102.62999725341797,103.04000091552734,102.16999816894531,102.54000091552734,84.61327362060547,4451800,
2021-07-06,102.51000213623047,103.47000122070312,101.79000091552734,103.29000091552734,85.23216247558594,4478800,
2021-07-07,103.12999725341797,103.98999786376953,102.80000305175781,103.6500015258789,85.52923583984375,5085500,
2021-07-08,102.7300033569336,103.7699966430664,102.51000213623047,103.36000061035156,85.2899169921875,6426800,
2021-07-09,103.9000015258789,105.06999969482422,103.62999725341797,105.05999755859375,86.69271850585938,5780200,
2021-07-12,105.0,106.05000305175781,104.77999877929688,105.95999908447266,87.43537902832031,5627600,
2021-07-13,105.69000244140625,105.77999877929688,104.08000183105469,104.4800033569336,86.214111328125,5474100,
2021-07-14,104.48999786376953,105.5199966430664,104.25,105.20999908447266,86.81649780273438,3397400,
2021-07-15,105.0,105.5,104.91999816894531,105.37999725341797,86.9567642211914,2990100,
2021-07-16,105.76000213623047,106.19999694824219,105.23999786376953,105.30999755859375,86.89900970458984,6435400,
2021-07-19,104.11000061035156,104.33000183105469,102.58999633789062,103.38999938964844,85.31468963623047,5097800,
2021-07-20,103.94999694824219,106.23999786376953,103.80000305175781,105.83000183105469,87.32809448242188,4999700,
2021-07-21,106.0199966430664,106.5199966430664,105.66000366210938,105.81999969482422,87.31987762451172,4329100,
2021-07-22,105.33000183105469,105.33999633789062,104.44000244140625,104.9800033569336,86.62671661376953,3932400,
2021-07-23,105.3499984741211,105.97000122070312,104.9800033569336,105.8499984741211,87.3446044921875,4128200,
2021-07-26,105.75,106.16999816894531,105.12999725341797,105.9000015258789,87.38587188720703,2857700,
2021-07-27,105.83999633789062,106.66999816894531,105.41000366210938,106.5,87.88096618652344,3096100,
2021-07-28,106.58999633789062,106.80000305175781,105.80000305175781,106.12999725341797,87.5756607055664,3577300,
2021-07-29,106.51000213623047,107.18000030517578,106.05000305175781,106.1500015258789,87.59214782714844,3357700,
2021-07-30,106.36000061035156,107.72000122070312,106.23999786376953,106.29000091552734,87.70767211914062,4325800,
2021-08-02,106.87000274658203,107.66000366210938,105.8499984741211,106.05999755859375,87.51788330078125,4089800,
2021-08-03,106.26000213623047,106.41999816894531,105.43000030517578,106.19000244140625,87.62517547607422,5178600,
2021-08-04,106.16999816894531,106.58999633789062,105.45999908447266,105.86000061035156,87.35285949707031,4038300,
2021-08-05,106.44000244140625,107.12000274658203,106.16999816894531,107.0999984741211,88.37608337402344,3294800,
2021-08-06,107.26000213623047,107.6500015258789,106.75,106.91000366210938,88.21929931640625,2753600,
2021-08-09,106.72000122070312,106.76000213623047,106.1500015258789,106.33999633789062,87.74893188476562,2727800,
2021-08-10,106.48999786376953,106.5,105.19000244140625,105.33000183105469,86.91552734375,3771000,
2021-08-11,105.76000213623047,106.08999633789062,105.27999877929688,105.94999694824219,87.42710876464844,3256700,
2021-08-12,106.19000244140625,106.23999786376953,105.69000244140625,106.18000030517578,87.6169204711914,2891900,
2021-08-13,106.4000015258789,106.87999725341797,106.05000305175781,106.76000213623047,88.09550476074219,2601600,
2021-08-16,106.66000366210938,107.22000122070312,106.37000274658203,106.62999725341797,87.98825073242188,3166800,
2021-08-17,106.18000030517578,106.55999755859375,105.5999984741211,106.5199966430664,87.89746856689453,3004300,
2021-08-18,106.30000305175781,106.36000061035156,105.4800033569336,105.55000305175781,87.09706115722656,3439200,
2021-08-19,105.0199966430664,106.1500015258789,104.8499984741211,106.05999755859375,87.51788330078125,4069500,
2021-08-20,105.81999969482422,107.02999877929688,105.22000122070312,106.58999633789062,87.95523834228516,3238900,
2021-08-23,106.80000305175781,107.0199966430664,106.08999633789062,106.38999938964844,87.79019927978516,3230600,
2021-08-24,106.52999877929688,106.62000274658203,105.45999908447266,105.91999816894531,87.40235900878906,2867100,
2021-08-25,105.9000015258789,106.5199966430664,105.43000030517578,105.8499984741211,87.3446044921875,3329400,
2021-08-26,105.94999694824219,106.2300033569336,105.45999908447266,105.88999938964844,87.37760925292969,2889400,
2021-08-27,106.2699966430664,107.33000183105469,106.16000366210938,107.0,88.29357147216797,3059300,
2021-08-30,107.05000305175781,108.08000183105469,106.77999877929688,108.06999969482422,89.1764907836914,3600600,
2021-08-31,107.73999786376953,108.70999908447266,107.54000091552734,108.58000183105469,89.59733581542969,4210100,
2021-09-01,108.83999633789062,110.4000015258789,108.80000305175781,110.31999969482422,91.03313446044922,5683100,
2021-09-02,110.54000091552734,110.91000366210938,109.6500015258789,110.9000015258789,91.51173400878906,5207100,
2021-09-03,110.62999725341797,111.05999755859375,109.69999694824219,110.91999816894531,91.5282211303711,4460700,
2021-09-07,110.6500015258789,110.73999786376953,108.81999969482422,109.66999816894531,90.49675750732422,4929300,
2021-09-08,109.4000015258789,110.55000305175781,109.12999725341797,110.22000122070312,90.95062255859375,4265700,
2021-09-09,109.62000274658203,109.73999786376953,107.94999694824219,107.9800033569336,89.10221862792969,6221300,
2021-09-10,108.06999969482422,108.25,106.37999725341797,106.4000015258789,87.79844665527344,5894700,
2021-09-13,107.33000183105469,108.01000213623047,106.81999969482422,107.12000274658203,88.39257049560547,5725300,
2021-09-14,107.69000244140625,107.7300033569336,106.30999755859375,106.93000030517578,88.23577880859375,3848200,
2021-09-15,107.05999755859375,107.73999786376953,106.48999786376953,107.2699966430664,88.51636505126953,4027400,
2021-09-16,107.18000030517578,107.87000274658203,106.56999969482422,107.36000061035156,88.59061431884766,3405200,
2021-09-17,107.12999725341797,107.66000366210938,106.19000244140625,106.4000015258789,87.79844665527344,6964300,
2021-09-20,105.22000122070312,106.36000061035156,104.48999786376953,105.75,87.26207733154297,6207000,
2021-09-21,106.29000091552734,107.05999755859375,105.7699966430664,105.80000305175781,87.3033447265625,4371800,
2021-09-22,106.56999969482422,107.4800033569336,106.0999984741211,106.83000183105469,88.15328979492188,4650400,
2021-09-23,107.13999938964844,107.51000213623047,106.5199966430664,106.62000274658203,87.97999572753906,4042800,
2021-09-24,105.68000030517578,106.0999984741211,104.58999633789062,104.83000183105469,87.03926849365234,4881000,"{""dividend_amount"": 0.657}"
2021-09-27,104.87000274658203,105.58000183105469,103.31999969482422,103.41999816894531,85.86856842041016,4311000,
2021-09-28,102.83000183105469,103.29000091552734,102.08999633789062,102.72000122070312,85.287353515625,7096500,
2021-09-29,103.30000305175781,103.98999786376953,103.0999984741211,103.48999786376953,85.92667388916016,6227000,
2021-09-30,103.83999633789062,103.94999694824219,101.77999877929688,101.77999877929688,84.50688934326172,7019300,
2021-10-01,102.44000244140625,103.93000030517578,101.83999633789062,103.22000122070312,85.70250701904297,6106100,
2021-10-04,103.0999984741211,103.69000244140625,102.5999984741211,103.23999786376953,85.7191162109375,5638600,
2021-10-05,103.31999969482422,103.4000015258789,102.16999816894531,102.52999877929688,85.12960052490234,4313800,
2021-10-06,102.11000061035156,103.63999938964844,101.0,103.51000213623047,85.94329071044922,5587900,
2021-10-07,104.06999969482422,105.0199966430664,103.66000366210938,103.79000091552734,86.17577362060547,4055300,
2021-10-08,103.77999877929688,103.91000366210938,102.7300033569336,102.80999755859375,85.36207580566406,5295400,
2021-10-11,102.83000183105469,103.5199966430664,102.33999633789062,103.06999969482422,85.57795715332031,2634200,
2021-10-12,103.31999969482422,104.86000061035156,103.04000091552734,104.41999816894531,86.69884490966797,3666500,
2021-10-13,104.29000091552734,105.22000122070312,103.62999725341797,105.18000030517578,87.32987213134766,3371000,
2021-10-14,105.79000091552734,106.55999755859375,105.5199966430664,106.45999908447266,88.39264678955078,2721900,
2021-10-15,107.30999755859375,107.4000015258789,105.91000366210938,106.37999725341797,88.32622528076172,3065400,
2021-10-18,105.94000244140625,107.0,105.77999877929688,106.6500015258789,88.55038452148438,3424100,
2021-10-19,107.11000061035156,107.31999969482422,106.61000061035156,106.69999694824219,88.59190368652344,3104500,
2021-10-20,106.8499984741211,108.37999725341797,106.77999877929688,108.37999725341797,89.9867935180664,6018900,
2021-10-21,108.31999969482422,108.58000183105469,108.08000183105469,108.52999877929688,90.1113510131836,4849600,
2021-10-22,108.66999816894531,109.41000366210938,108.56999969482422,109.04000091552734,90.53478240966797,4873000,
2021-10-25,109.19999694824219,109.66999816894531,108.4000015258789,109.38999938964844,90.82539367675781,2625200,
2021-10-26,109.5999984741211,110.05999755859375,109.3499984741211,109.69000244140625,91.07447814941406,2940600,
2021-10-27,110.0999984741211,110.0999984741211,108.75,108.76000213623047,90.30229949951172,3573000,
2021-10-28,108.86000061035156,110.30000305175781,108.77999877929688,110.27999877929688,91.5643539428711,3681000,
2021-10-29,109.80000305175781,110.2300033569336,108.55000305175781,109.04000091552734,90.53478240966797,5990500,
2021-11-01,109.30000305175781,109.80000305175781,107.79000091552734,109.58000183105469,90.98313903808594,5846500,
2021-11-02,109.94000244140625,110.5199966430664,109.23999786376953,110.0999984741211,91.41487121582031,3405900,
2021-11-03,110.16999816894531,110.7699966430664,109.61000061035156,110.47000122070312,91.72209930419922,2723200,
2021-11-04,110.51000213623047,110.91000366210938,108.97000122070312,109.41999816894531,90.85030364990234,3378800,
2021-11-05,110.41000366210938,111.2699966430664,109.87999725341797,109.9800033569336,91.31525421142578,3209300,
2021-11-08,110.37000274658203,110.58000183105469,109.19000244140625,109.88999938964844,91.24053192138672,2989800,
2021-11-09,110.01000213623047,110.31999969482422,109.76000213623047,110.08000183105469,91.39830017089844,2671500,
2021-11-10,109.75,110.44999694824219,109.52999877929688,109.56999969482422,90.97484588623047,4021900,
2021-11-11,109.73999786376953,109.7699966430664,109.0,109.75,91.12428283691406,2395200,
2021-11-12,110.05000305175781,110.08000183105469,109.36000061035156,109.66999816894531,91.0578842163086,3194300,
2021-11-15,109.8499984741211,110.47000122070312,109.44999694824219,110.44000244140625,91.69719696044922,2713500,
2021-11-16,110.51000213623047,110.58999633789062,109.45999908447266,109.70999908447266,91.0910873413086,3043900,
2021-11-17,109.43000030517578,110.19999694824219,107.97000122070312,110.05000305175781,91.37338256835938,4667900,
2021-11-18,110.19999694824219,110.26000213623047,109.58000183105469,110.06999969482422,91.3899917602539,2812800,
2021-11-19,110.08000183105469,110.18000030517578,109.01000213623047,109.41999816894531,90.85030364990234,2928800,
2021-11-22,109.52999877929688,109.83000183105469,108.69000244140625,108.87999725341797,90.40193176269531,3352600,
2021-11-23,109.11000061035156,110.08000183105469,108.69999694824219,109.76000213623047,91.13258361816406,3867100,
2021-11-24,109.69000244140625,111.29000091552734,109.43000030517578,111.08999633789062,92.23687744140625,3227600,
2021-11-26,109.5,109.5,107.36000061035156,108.0,89.6712875366211,3514700,
2021-11-29,108.80000305175781,109.72000122070312,108.0,108.80000305175781,90.33553314208984,4825900,
2021-11-30,108.1500015258789,108.43000030517578,106.6500015258789,106.73999786376953,88.62512969970703,6335800,
2021-12-01,107.73999786376953,109.05999755859375,104.94999694824219,104.9800033569336,87.163818359375,8641300,
2021-12-02,105.5,108.76000213623047,105.26000213623047,108.12999725341797,89.77923583984375,7134400,
2021-12-03,108.25,108.76000213623047,106.83999633789062,107.7699966430664,89.48031616210938,7798400,
2021-12-06,108.41999816894531,110.44999694824219,108.41999816894531,109.66000366210938,91.049560546875,7212400,
2021-12-07,110.55999755859375,111.55999755859375,110.29000091552734,111.23999786376953,92.36141967773438,5363400,
2021-12-08,111.23999786376953,112.30999755859375,111.0,112.04000091552734,93.02565002441406,5542400,
2021-12-09,111.61000061035156,111.6500015258789,110.38999938964844,110.41999816894531,91.68060302734375,3724500,
2021-12-10,110.9800033569336,111.0,110.27999877929688,110.76000213623047,91.962890625,3828200,
2021-12-13,110.54000091552734,112.29000091552734,110.20999908447266,111.80000305175781,92.8263931274414,6555000,
2021-12-14,111.48999786376953,111.70999908447266,109.83999633789062,110.37000274658203,91.63908386230469,5924500,
2021-12-15,110.69999694824219,112.11000061035156,110.37000274658203,111.91999816894531,92.92601776123047,6675800,
2021-12-16,112.2699966430664,112.91999816894531,111.2699966430664,111.87999725341797,92.8927993774414,6178900,
2021-12-17,111.69000244140625,112.97000122070312,111.48999786376953,111.73999786376953,92.77658081054688,7201700,
2021-12-20,110.56999969482422,111.19000244140625,109.62000274658203,110.87000274658203,92.05422973632812,6071100,
2021-12-21,111.7300033569336,112.63999938964844,111.5,112.12000274658203,93.09207153320312,4251000,
2021-12-22,112.44999694824219,113.37999725341797,112.31999969482422,113.2699966430664,94.04690551757812,4517500,
2021-12-23,113.55000305175781,113.69999694824219,112.55999755859375,113.1500015258789,93.94728088378906,6977700,
2021-12-27,112.11000061035156,114.0199966430664,112.0199966430664,114.0,95.54217529296875,9185100,"{""dividend_amount"": 1.053}"
2021-12-28,113.93000030517578,114.54000091552734,113.66999816894531,114.41999816894531,95.8941650390625,3630400,
2021-12-29,114.6500015258789,115.44000244140625,114.05000305175781,115.19000244140625,96.53948974609375,3842900,
2021-12-30,115.23999786376953,116.16999816894531,115.23999786376953,115.69000244140625,96.95854187011719,3990400,
2021-12-31,115.70999908447266,116.70999908447266,115.6500015258789,116.01000213623047,97.22673034667969,5440300,
2022-01-03,116.20999908447266,116.23999786376953,113.45999908447266,115.0999984741211,96.46407318115234,9845000,
2022-01-04,115.41999816894531,116.08000183105469,114.86000061035156,114.95999908447266,96.34673309326172,5330700,
2022-01-05,114.76000213623047,114.80000305175781,111.55000305175781,111.66999816894531,93.58941650390625,6928300,
2022-01-06,111.80999755859375,112.22000122070312,110.5999984741211,111.7699966430664,93.67321014404297,5974500,
2022-01-07,111.4800033569336,111.8499984741211,110.76000213623047,111.02999877929688,93.05302429199219,6999300,
2022-01-10,110.3499984741211,110.5,109.0199966430664,110.38999938964844,92.51665496826172,6571900,
2022-01-11,110.2699966430664,110.66999816894531,108.86000061035156,110.55999755859375,92.65914916992188,5568500,
2022-01-12,110.56999969482422,111.37000274658203,110.5199966430664,110.69000244140625,92.76809692382812,4331700,
2022-01-13,111.0,111.48999786376953,110.27999877929688,110.47000122070312,92.5837173461914,3921700,
2022-01-14,109.87999725341797,109.98999786376953,108.16999816894531,109.47000122070312,91.74560546875,6465300,
2022-01-18,108.75,108.9000015258789,107.5999984741211,108.31999969482422,90.78181457519531,5828700,
2022-01-19,108.9000015258789,109.36000061035156,106.86000061035156,106.86000061035156,89.5582046508789,5111000,
2022-01-20,107.0,108.30000305175781,105.41999816894531,105.48999786376953,88.41001892089844,6982000,
2022-01-21,105.52999877929688,106.5999984741211,104.95999908447266,105.2300033569336,88.1921157836914,8031500,
2022-01-24,104.16000366210938,105.69999694824219,101.5999984741211,105.43000030517578,88.3597412109375,15646100,
2022-01-25,104.27999877929688,105.80999755859375,103.04000091552734,105.01000213623047,88.00774383544922,9942900,
2022-01-26,105.62000274658203,106.86000061035156,102.66999816894531,103.37000274658203,86.6332778930664,9589300,
2022-01-27,103.98999786376953,104.87000274658203,101.22000122070312,101.66000366210938,85.20014190673828,7459300,
2022-01-28,101.80000305175781,104.95999908447266,100.62000274658203,104.94999694824219,87.95746612548828,6924500,
2022-01-31,104.56999969482422,106.44000244140625,104.06999969482422,106.23999786376953,89.03858184814453,7457700,
2022-02-01,106.1500015258789,106.62999725341797,105.22000122070312,105.86000061035156,88.7201156616211,9610000,
2022-02-02,106.41000366210938,107.5199966430664,106.27999877929688,107.20999908447266,89.8515396118164,4619300,
2022-02-03,106.52999877929688,107.05999755859375,105.98999786376953,106.06999969482422,88.8961181640625,5453100,
2022-02-04,105.37999725341797,106.2699966430664,104.02999877929688,105.0199966430664,88.01611328125,6865600,
2022-02-07,104.94000244140625,105.58999633789062,104.63999938964844,104.87000274658203,87.8904037475586,5860900,
2022-02-08,104.80999755859375,105.19000244140625,104.12000274658203,104.37999725341797,87.47974395751953,6106100,
2022-02-09,105.47000122070312,106.81999969482422,105.47000122070312,106.73999786376953,89.4576416015625,5746600,
2022-02-10,105.27999877929688,106.73999786376953,103.62999725341797,104.22000122070312,87.34564971923828,6948000,
2022-02-11,104.75,105.1500015258789,102.6500015258789,103.2699966430664,86.54948425292969,5679000,
2022-02-14,103.41000366210938,104.05000305175781,101.88999938964844,102.33000183105469,85.76165008544922,5350200,
2022-02-15,103.22000122070312,103.86000061035156,102.87999725341797,103.25,86.53269958496094,3612600,
2022-02-16,103.36000061035156,103.98999786376953,102.62000274658203,103.7300033569336,86.93497467041016,4333000,
2022-02-17,103.33999633789062,103.6500015258789,102.48999786376953,102.62999725341797,86.01312255859375,4847000,
2022-02-18,102.37000274658203,103.44999694824219,101.87000274658203,102.01000213623047,85.49348449707031,4809500,
2022-02-22,101.62000274658203,102.37000274658203,100.97000122070312,101.63999938964844,85.1833724975586,6656900,
2022-02-23,102.5,102.94000244140625,99.91999816894531,99.95999908447266,83.775390625,6201000,
2022-02-24,98.01000213623047,101.95999908447266,97.70999908447266,101.63999938964844,85.1833724975586,9479200,
2022-02-25,102.05000305175781,104.23999786376953,101.58999633789062,104.08999633789062,87.23667907714844,5870300,
2022-02-28,103.2300033569336,103.63999938964844,101.45999908447266,102.54000091552734,85.93765258789062,7296900,
2022-03-01,102.80000305175781,103.41999816894531,101.44999694824219,102.0,85.48511505126953,8896200,
2022-03-02,102.37000274658203,104.43000030517578,102.22000122070312,103.91000366210938,87.08584594726562,6946100,
2022-03-03,104.48999786376953,105.11000061035156,103.41000366210938,104.76000213623047,87.7982177734375,6517000,
2022-03-04,103.8499984741211,105.33999633789062,103.58000183105469,105.23999786376953,88.20050048828125,6438500,
2022-03-07,105.01000213623047,105.26000213623047,103.11000061035156,103.16000366210938,86.457275390625,6506200,
2022-03-08,103.11000061035156,104.5,102.30999755859375,102.66000366210938,86.0382308959961,7090600,
2022-03-09,104.38999938964844,105.27999877929688,104.06999969482422,104.23999786376953,87.3624038696289,5785900,
2022-03-10,103.13999938964844,104.75,102.86000061035156,104.5,87.5802993774414,4034900,
2022-03-11,105.30000305175781,105.79000091552734,103.5999984741211,103.66999816894531,86.88468933105469,5381600,
2022-03-14,104.26000213623047,104.44000244140625,102.4000015258789,102.86000061035156,86.20586395263672,4539900,
2022-03-15,103.77999877929688,104.33000183105469,102.61000061035156,103.55000305175781,86.78413391113281,5245000,
2022-03-16,104.30999755859375,105.2699966430664,102.55999755859375,104.77999877929688,87.81499481201172,6561300,
2022-03-17,104.4000015258789,106.4000015258789,104.37999725341797,106.4000015258789,89.17267608642578,3844300,
2022-03-18,106.33999633789062,106.76000213623047,105.76000213623047,106.4000015258789,89.17267608642578,5815300,
2022-03-21,106.4800033569336,106.97000122070312,105.29000091552734,105.75,88.6279296875,4571900,
2022-03-22,106.38999938964844,106.66999816894531,105.79000091552734,106.0199966430664,88.85421752929688,4749800,
2022-03-23,105.0,105.5,104.12000274658203,104.26000213623047,87.8573226928711,4595400,"{""dividend_amount"": 0.577}"
2022-03-24,104.29000091552734,104.94999694824219,103.88999938964844,104.91999816894531,88.41349792480469,3893400,
2022-03-25,105.37999725341797,106.2300033569336,105.01000213623047,106.2300033569336,89.51739501953125,4495100,
2022-03-28,106.33000183105469,107.36000061035156,106.11000061035156,107.36000061035156,90.46961975097656,4130800,
2022-03-29,108.41999816894531,110.69000244140625,108.30999755859375,110.51000213623047,93.12405395507812,5350500,
2022-03-30,110.05999755859375,110.26000213623047,109.22000122070312,109.70999908447266,92.4499282836914,5216200,
2022-03-31,110.16000366210938,110.48999786376953,108.37000274658203,108.37000274658203,91.32073211669922,7466900,
2022-04-01,108.87000274658203,110.5199966430664,108.5199966430664,110.4800033569336,93.0987777709961,6568700,
2022-04-04,110.5199966430664,110.76000213623047,108.97000122070312,109.94000244140625,92.64373016357422,6311800,
2022-04-05,109.62999725341797,110.98999786376953,109.06999969482422,109.4000015258789,92.18868255615234,4993700,
2022-04-06,108.95999908447266,110.80999755859375,108.44000244140625,110.69999694824219,93.2841796875,5050800,
2022-04-07,110.05999755859375,110.1500015258789,108.87999725341797,109.5999984741211,92.35721588134766,5338200,
2022-04-08,109.76000213623047,110.26000213623047,108.9800033569336,109.77999877929688,92.5088882446289,5941000,
2022-04-11,109.48999786376953,110.08999633789062,108.37000274658203,108.5999984741211,91.51454162597656,4315700,
2022-04-12,108.6500015258789,109.43000030517578,108.0199966430664,108.44000244140625,91.37972259521484,5094800,
2022-04-13,108.51000213623047,109.37000274658203,108.16000366210938,109.20999908447266,92.02857208251953,4673100,
2022-04-14,109.63999938964844,110.12000274658203,108.6500015258789,108.73999786376953,91.63250732421875,4464700,
2022-04-18,108.5199966430664,109.12999725341797,107.7699966430664,108.30000305175781,91.26172637939453,4256900,
2022-04-19,108.86000061035156,110.95999908447266,108.75,110.66000366210938,93.25045776367188,7536100,
2022-04-20,111.05999755859375,112.87000274658203,110.9800033569336,112.5,94.80095672607422,5395900,
2022-04-21,113.06999969482422,113.41000366210938,111.62000274658203,111.72000122070312,94.14370727539062,4820700,
2022-04-22,111.44000244140625,111.55000305175781,109.69000244140625,109.76000213623047,92.49202728271484,4917800,
2022-04-25,109.41999816894531,109.93000030517578,107.66000366210938,109.4800033569336,92.25609588623047,6032300,
2022-04-26,109.16000366210938,109.83000183105469,107.61000061035156,107.68000030517578,90.73927307128906,6217500,
2022-04-27,107.73999786376953,108.61000061035156,106.87999725341797,106.97000122070312,90.1409683227539,6007100,
2022-04-28,107.5,109.29000091552734,106.36000061035156,108.94000244140625,91.80105590820312,7235300,
2022-04-29,108.2699966430664,108.41999816894531,103.68000030517578,103.94000244140625,87.58767700195312,9573900,
2022-05-02,103.87000274658203,104.54000091552734,99.36000061035156,101.43000030517578,85.47256469726562,11885700,
2022-05-03,101.7699966430664,103.30999755859375,101.08999633789062,102.69000244140625,86.5343246459961,7245400,
2022-05-04,102.76000213623047,104.08000183105469,100.94000244140625,103.87000274658203,87.5286865234375,8686700,
2022-05-05,103.44000244140625,103.9800033569336,100.31999969482422,101.0999984741211,85.19448852539062,8884000,
2022-05-06,100.37999725341797,100.69999694824219,98.87000274658203,99.9000015258789,84.18327331542969,9398500,
2022-05-09,99.0,99.0,95.1500015258789,95.5,80.4754867553711,8491700,
2022-05-10,96.58000183105469,97.26000213623047,93.01000213623047,93.76000213623047,79.00923156738281,12528300,
2022-05-11,93.95999908447266,95.75,93.36000061035156,93.55999755859375,78.84070587158203,9095800,
2022-05-12,93.38999938964844,94.4000015258789,92.87999725341797,94.29000091552734,79.45586395263672,8312300,
2022-05-13,95.11000061035156,96.80999755859375,94.5,96.77999877929688,81.55412292480469,7536700,
2022-05-16,96.55000305175781,96.98999786376953,95.97000122070312,96.16999816894531,81.04008483886719,4614200,
2022-05-17,97.31999969482422,97.51000213623047,96.04000091552734,97.4800033569336,82.14398956298828,4492000,
2022-05-18,97.19000244140625,97.33000183105469,94.27999877929688,94.6500015258789,79.75922393798828,5130300,
2022-05-19,93.88999938964844,95.36000061035156,93.88999938964844,94.2300033569336,79.40530395507812,6365100,
2022-05-20,95.0999984741211,95.33000183105469,93.3499984741211,94.83000183105469,79.91090393066406,4471300,
2022-05-23,95.6500015258789,96.19999694824219,94.27999877929688,95.93000030517578,80.8378677368164,4662400,
2022-05-24,95.48999786376953,96.91999816894531,94.05999755859375,96.73999786376953,81.52040100097656,5895300,
2022-05-25,96.36000061035156,97.81999969482422,96.08000183105469,97.55999755859375,82.21141815185547,4589300,
2022-05-26,97.93000030517578,98.63999938964844,97.55000305175781,97.68000030517578,82.3125228881836,4355200,
2022-05-27,98.19000244140625,100.31999969482422,98.19000244140625,100.30000305175781,84.52033996582031,4990000,
2022-05-31,99.37999725341797,99.7300033569336,98.52999877929688,99.06999969482422,83.48384094238281,6276900,
2022-06-01,99.4000015258789,99.51000213623047,96.9800033569336,98.25,82.79286193847656,4607100,
2022-06-02,97.87999725341797,99.6500015258789,96.69000244140625,99.5999984741211,83.93045043945312,5450800,
2022-06-03,98.81999969482422,99.3499984741211,98.01000213623047,98.2699966430664,82.8097152709961,4989900,
2022-06-06,99.08999633789062,99.29000091552734,97.72000122070312,97.95999908447266,82.54847717285156,5445300,
2022-06-07,97.4800033569336,99.36000061035156,97.0999984741211,99.30999755859375,83.68608856201172,6489200,
2022-06-08,98.66999816894531,98.91999816894531,96.80999755859375,97.0199966430664,81.75635528564453,4566100,
2022-06-09,96.61000061035156,97.1500015258789,94.72000122070312,94.72000122070312,79.81819915771484,4358600,
2022-06-10,93.4800033569336,93.7300033569336,92.55999755859375,92.62000274658203,78.04859161376953,7260100,
2022-06-13,90.55999755859375,90.61000061035156,87.61000061035156,87.98999786376953,74.14698791503906,8559700,
2022-06-14,88.29000091552734,88.45999908447266,86.62999725341797,87.31999969482422,73.58242797851562,8707300,
2022-06-15,88.13999938964844,90.61000061035156,87.91000366210938,89.38999938964844,75.32674407958984,8851100,
2022-06-16,87.2699966430664,88.0,86.66000366210938,87.04000091552734,73.3464584350586,8083300,
2022-06-17,87.01000213623047,88.8499984741211,86.9000015258789,87.69999694824219,73.90262603759766,7791800,
2022-06-21,88.51000213623047,89.87999725341797,88.47000122070312,88.91999816894531,74.9306869506836,5933100,
2022-06-22,87.98999786376953,91.19999694824219,87.9800033569336,90.05000305175781,75.88291931152344,6250200,
2022-06-23,89.80999755859375,91.44000244140625,89.76000213623047,91.18000030517578,77.32459259033203,6139300,"{""dividend_amount"": 0.57}"
2022-06-24,91.83000183105469,93.23999786376953,91.55999755859375,93.12000274658203,78.96979522705078,4656500,
2022-06-27,93.05000305175781,93.98999786376953,92.43000030517578,92.9800033569336,78.85107421875,3784200,
2022-06-28,93.52999877929688,94.23999786376953,91.72000122070312,91.8499984741211,77.89276885986328,4735900,
2022-06-29,91.33000183105469,91.45999908447266,90.2699966430664,91.27999877929688,77.40939331054688,4606700,
2022-06-30,90.63999938964844,92.2300033569336,89.95999908447266,91.11000061035156,77.26522064208984,6402600,
2022-07-01,90.97000122070312,93.01000213623047,90.80000305175781,92.75,78.65601348876953,4512500,
2022-07-05,91.80999755859375,92.5199966430664,90.33000183105469,92.48999786376953,78.4355239868164,5154400,
2022-07-06,92.77999877929688,93.55000305175781,92.01000213623047,92.31999969482422,78.2913589477539,3428900,
2022-07-07,92.87999725341797,93.38999938964844,92.33000183105469,92.56999969482422,78.50337219238281,3032400,
2022-07-08,92.37000274658203,92.7699966430664,91.63999938964844,92.08000183105469,78.08781433105469,3509800,
2022-07-11,91.77999877929688,92.25,91.16999816894531,91.87999725341797,77.91820526123047,3453200,
2022-07-12,91.4000015258789,92.44999694824219,90.87000274658203,91.5199966430664,77.61289978027344,4396100,
2022-07-13,90.48999786376953,91.75,89.91999816894531,91.08000183105469,77.23978424072266,5572400,
2022-07-14,89.56999969482422,90.66000366210938,89.44999694824219,90.26000213623047,76.54438018798828,4494500,
2022-07-15,91.7300033569336,92.2300033569336,90.9000015258789,91.79000091552734,77.8418960571289,5124800,
2022-07-18,92.43000030517578,92.52999877929688,90.77999877929688,91.13999938964844,77.2906723022461,3397900,
2022-07-19,91.95999908447266,93.61000061035156,91.86000061035156,93.5,79.29204559326172,3659100,
2022-07-20,93.33000183105469,94.41999816894531,92.81999969482422,93.27999877929688,79.10548400878906,4212400,
2022-07-21,93.47000122070312,94.02999877929688,92.37999725341797,94.0199966430664,79.7330322265625,5062800,
2022-07-22,94.58000183105469,95.11000061035156,93.79000091552734,94.51000213623047,80.14857482910156,3615200,
2022-07-25,94.61000061035156,95.20999908447266,94.19000244140625,94.66999816894531,80.28426361083984,3252800,
2022-07-26,94.66000366210938,95.27999877929688,94.41999816894531,94.7699966430664,80.36905670166016,3337300,
2022-07-27,95.0,95.56999969482422,94.19000244140625,95.33999633789062,80.85244750976562,4160900,
2022-07-28,95.97000122070312,98.5199966430664,95.95999908447266,98.43000030517578,83.47290802001953,4100300,
2022-07-29,98.43000030517578,99.31999969482422,98.02999877929688,98.95999908447266,83.92234802246094,3301300,
2022-08-01,98.44999694824219,98.69999694824219,97.69000244140625,98.16000366210938,83.2439193725586,3572700,
2022-08-02,98.12999725341797,98.41000366210938,96.83999633789062,96.9000015258789,82.1753921508789,4731300,
2022-08-03,97.5,98.22000122070312,97.16000366210938,97.20999908447266,82.43830108642578,3107000,
2022-08-04,97.33999633789062,97.48999786376953,96.47000122070312,97.05999755859375,82.31107330322266,2884200,
2022-08-05,96.3499984741211,97.37999725341797,96.01000213623047,97.33000183105469,82.54004669189453,2719300,
2022-08-08,98.0,98.9000015258789,97.62999725341797,98.19999694824219,83.2778549194336,4694200,
2022-08-09,98.33000183105469,98.75,97.9000015258789,98.73999786376953,83.73579406738281,3403700,
2022-08-10,99.86000061035156,100.38999938964844,99.47000122070312,100.23999786376953,85.00786590576172,3165200,
2022-08-11,100.68000030517578,101.12000274658203,99.72000122070312,100.0,84.80432891845703,2151600,
2022-08-12,100.5999984741211,101.79000091552734,100.56999969482422,101.72000122070312,86.26296997070312,3423700,
2022-08-15,101.51000213623047,102.27999877929688,101.33000183105469,102.12999725341797,86.61065673828125,2135300,
2022-08-16,101.68000030517578,102.37000274658203,101.48999786376953,101.86000061035156,86.38168334960938,3680800,
2022-08-17,100.94000244140625,101.8499984741211,100.63999938964844,101.25,85.86437225341797,3683400,
2022-08-18,101.26000213623047,101.51000213623047,100.11000061035156,100.58000183105469,85.29619598388672,2263400,
2022-08-19,99.9800033569336,100.37999725341797,99.16999816894531,99.5199966430664,84.39727020263672,2788800,
2022-08-22,98.73999786376953,98.81999969482422,97.25,97.3499984741211,82.55702209472656,3517500,
2022-08-23,97.25,97.30000305175781,95.7300033569336,96.0999984741211,81.49695587158203,5605300,
2022-08-24,96.19000244140625,97.23999786376953,96.11000061035156,96.6500015258789,81.96339416503906,2292200,
2022-08-25,96.94999694824219,98.12000274658203,96.75,98.08999633789062,83.18456268310547,2129200,
2022-08-26,98.19000244140625,98.19000244140625,95.58000183105469,95.62000274658203,81.08988952636719,3187200,
2022-08-29,95.05000305175781,95.73999786376953,94.58000183105469,94.76000213623047,80.3605728149414,2833800,
2022-08-30,95.12000274658203,95.12000274658203,93.18000030517578,93.44999694824219,79.24964141845703,3643600,
2022-08-31,93.9800033569336,94.4000015258789,92.80000305175781,93.01000213623047,78.87651062011719,4100800,
2022-09-01,92.44999694824219,93.19999694824219,91.51000213623047,93.18000030517578,79.02069091796875,4746100,
2022-09-02,93.98999786376953,94.16999816894531,91.66000366210938,91.87999725341797,77.91820526123047,3561800,
2022-09-06,92.2699966430664,93.0999984741211,91.76000213623047,92.70999908447266,78.62208557128906,4591800,
2022-09-07,92.70999908447266,94.70999908447266,92.66999816894531,94.5199966430664,80.15705108642578,3681100,
2022-09-08,94.02999877929688,95.11000061035156,93.75,94.77999877929688,80.37755584716797,3408300,
2022-09-09,95.08000183105469,96.13999938964844,94.68000030517578,95.80999755859375,81.25102996826172,4129900,
2022-09-12,96.19000244140625,96.91999816894531,96.06999969482422,96.73999786376953,82.03970336914062,2737500,
2022-09-13,94.8499984741211,95.11000061035156,92.73999786376953,93.04000091552734,78.90194702148438,4824900,
2022-09-14,92.6500015258789,92.93000030517578,91.33000183105469,91.9800033569336,78.00301361083984,5301500,
2022-09-15,92.01000213623047,92.27999877929688,90.18000030517578,90.27999877929688,76.56135559082031,6727800,
2022-09-16,89.80999755859375,90.38999938964844,89.0999984741211,90.29000091552734,76.56983947753906,6807800,
2022-09-19,89.4800033569336,90.19999694824219,88.87999725341797,90.16000366210938,76.45957946777344,4467100,
2022-09-20,89.31999969482422,89.4000015258789,87.5199966430664,87.97000122070312,74.60237884521484,5850800,
2022-09-21,88.58000183105469,89.0999984741211,86.55000305175781,86.58000183105469,73.42359924316406,7128900,
2022-09-22,86.31999969482422,86.36000061035156,85.18000030517578,85.4800033569336,72.4907455444336,6743600,
2022-09-23,83.69999694824219,84.12999725341797,82.5199966430664,83.44000244140625,71.52721405029297,8982100,"{""dividend_amount"": 0.916}"
2022-09-26,82.98999786376953,83.05000305175781,80.25,81.0999984741211,69.52130889892578,8119600,
2022-09-27,81.80000305175781,82.3499984741211,79.81999969482422,80.0199966430664,68.59547424316406,10015000,
2022-09-28,80.75,82.01000213623047,79.93000030517578,81.68000030517578,70.01850128173828,9000200,
2022-09-29,80.86000061035156,80.86000061035156,78.7300033569336,79.27999877929688,67.96114349365234,8576300,
2022-09-30,79.69999694824219,80.73999786376953,79.5,80.16999816894531,68.72406005859375,9023600,
2022-10-03,81.4000015258789,82.11000061035156,80.04000091552734,81.5999984741211,69.94990539550781,8718400,
2022-10-04,82.55000305175781,83.87000274658203,82.43000030517578,83.25,71.36433410644531,6439300,
2022-10-05,82.12000274658203,82.25,80.2699966430664,81.62000274658203,69.9670639038086,6518400,
2022-10-06,81.38999938964844,81.72000122070312,79.18000030517578,79.3499984741211,68.02115631103516,7820800,
2022-10-07,78.5999984741211,79.04000091552734,76.91999816894531,77.44000244140625,66.38385772705078,6913700,
2022-10-10,77.55000305175781,78.20999908447266,76.58999633789062,76.70999908447266,65.75804138183594,6549500,
2022-10-11,76.66000366210938,78.0199966430664,75.76000213623047,77.48999786376953,66.42669677734375,7189700,
2022-10-12,77.5,77.5,76.19999694824219,76.68000030517578,65.73234558105469,6634400,
2022-10-13,75.1500015258789,78.45999908447266,74.66000366210938,78.08000183105469,66.93245697021484,8561200,
2022-10-14,78.68000030517578,79.27999877929688,76.02999877929688,76.13999938964844,65.26943969726562,7320700,
2022-10-17,77.55000305175781,79.30999755859375,77.48999786376953,79.01000213623047,67.72970581054688,5823800,
2022-10-18,80.30999755859375,80.98999786376953,79.12999725341797,79.87000274658203,68.46690368652344,5609200,
2022-10-19,79.08999633789062,79.3499984741211,77.4000015258789,77.87999725341797,66.76102447509766,6452100,
2022-10-20,77.91999816894531,78.79000091552734,77.31999969482422,77.54000091552734,66.46955871582031,4959700,
2022-10-21,77.80999755859375,78.19000244140625,76.54000091552734,78.1500015258789,66.99247741699219,6060100,
2022-10-24,78.79000091552734,79.11000061035156,77.56999969482422,78.13999938964844,66.9839096069336,4918000,
2022-10-25,78.41000366210938,81.36000061035156,78.41000366210938,81.20999908447266,69.6156005859375,5815800,
2022-10-26,81.12999725341797,81.91000366210938,80.61000061035156,81.16000366210938,69.57273864746094,5746800,
2022-10-27,81.61000061035156,82.22000122070312,81.0199966430664,81.27999877929688,69.67559051513672,5239600,
2022-10-28,80.94999694824219,83.27999877929688,80.72000122070312,83.06999969482422,71.21003723144531,4651400,
2022-10-31,82.30000305175781,83.43000030517578,82.08000183105469,82.9800033569336,71.13289642333984,5112200,
2022-11-01,83.87999725341797,84.12999725341797,82.76000213623047,82.94999694824219,71.10717010498047,4751100,
2022-11-02,82.43000030517578,83.41999816894531,80.51000213623047,80.66999816894531,69.1526870727539,7240200,
2022-11-03,79.93000030517578,81.16999816894531,79.02999877929688,80.55999755859375,69.05840301513672,5231600,
2022-11-04,81.19999694824219,82.20999908447266,80.0999984741211,81.66000366210938,70.00135040283203,5664800,
2022-11-07,82.08999633789062,82.55000305175781,81.11000061035156,81.66000366210938,70.00135040283203,5545800,
2022-11-08,81.87999725341797,82.77999877929688,81.38999938964844,81.91000366210938,70.21566009521484,5578400,
2022-11-09,81.70999908447266,82.62000274658203,80.86000061035156,81.06999969482422,69.4955825805664,5510300,
2022-11-10,84.0,87.16999816894531,83.94999694824219,87.0,74.5789566040039,8312600,
2022-11-11,87.02999877929688,87.88999938964844,86.66000366210938,86.98999786376953,74.57038879394531,5928000,
2022-11-14,86.51000213623047,86.62000274658203,84.80999755859375,84.87000274658203,72.75306701660156,6181900,
2022-11-15,86.0,86.38999938964844,84.87999725341797,85.79000091552734,73.54170989990234,5283900,
2022-11-16,85.56999969482422,85.9000015258789,84.80999755859375,85.01000213623047,72.87307739257812,4258200,
2022-11-17,83.95999908447266,84.61000061035156,83.5999984741211,84.43000030517578,72.3758773803711,4463400,
2022-11-18,85.44000244140625,85.83999633789062,84.63999938964844,85.5,73.2931137084961,3854100,
2022-11-21,85.19999694824219,86.02999877929688,84.94000244140625,85.94999694824219,73.67884826660156,3505900,
2022-11-22,86.31999969482422,86.52999877929688,85.76000213623047,86.41999816894531,74.08175659179688,3514700,
2022-11-23,86.30999755859375,86.91000366210938,85.79000091552734,86.48999786376953,74.14176177978516,4423800,
2022-11-25,86.56999969482422,87.05999755859375,86.56999969482422,87.04000091552734,74.6132583618164,1524100,
2022-11-28,86.55000305175781,86.95999908447266,84.51000213623047,84.70999908447266,72.61589813232422,4032700,
2022-11-29,84.77999877929688,86.22000122070312,84.51000213623047,86.11000061035156,73.8160171508789,6035700,
2022-11-30,85.91000366210938,88.13999938964844,85.2699966430664,88.08000183105469,75.50477600097656,7077800,
2022-12-01,88.72000122070312,89.37999725341797,87.16999816894531,87.88999938964844,75.34188842773438,5038900,
2022-12-02,86.8499984741211,88.06999969482422,86.48999786376953,87.62999725341797,75.1189956665039,3953700,
2022-12-05,87.37000274658203,87.37000274658203,85.83999633789062,86.02999877929688,73.74742889404297,5983200,
2022-12-06,86.20999908447266,86.25,84.8499984741211,85.22000122070312,73.0531005859375,5276900,
2022-12-07,85.05000305175781,86.29000091552734,84.87999725341797,85.38999938964844,73.19879913330078,6206700,
2022-12-08,85.66000366210938,86.7699966430664,85.5,85.98999786376953,73.71315002441406,3994400,
2022-12-09,85.70999908447266,86.66000366210938,85.5,85.83000183105469,73.57600402832031,4572500,
2022-12-12,86.02999877929688,86.5,85.05999755859375,86.48999786376953,74.14176177978516,5115900,
2022-12-13,88.87999725341797,89.47000122070312,87.08000183105469,88.08999633789062,75.5133285522461,6864400,
2022-12-14,88.02999877929688,89.11000061035156,87.05000305175781,87.48999786376953,74.99899291992188,6553300,
2022-12-15,86.51000213623047,87.12000274658203,85.83999633789062,86.31999969482422,73.99604034423828,5325500,
2022-12-16,85.41999816894531,85.41999816894531,83.16000366210938,84.08999633789062,72.08440399169922,8166400,
2022-12-19,84.0,84.0,82.5199966430664,83.0199966430664,71.16718292236328,3776100,
2022-12-20,82.62999725341797,83.29000091552734,81.86000061035156,82.80999755859375,70.98714447021484,6614800,
2022-12-21,83.36000061035156,84.41999816894531,83.25,83.5199966430664,71.59577941894531,7101700,
2022-12-22,81.66999816894531,82.05999755859375,80.48999786376953,82.01000213623047,71.29498291015625,6619400,"{""dividend_amount"": 1.164}"
2022-12-23,81.76000213623047,82.7699966430664,81.4000015258789,82.73999786376953,71.92961883544922,3539500,
2022-12-27,82.70999908447266,82.97000122070312,81.9800033569336,82.70999908447266,71.9035415649414,3961900,
2022-12-28,82.87999725341797,83.2699966430664,81.18000030517578,81.30000305175781,70.67777252197266,5168000,
2022-12-29,81.87000274658203,83.26000213623047,81.62999725341797,83.08000183105469,72.22520446777344,5398400,
2022-12-30,82.4800033569336,82.8499984741211,81.5,82.4800033569336,71.7035903930664,4897700,
