timestamp,open,high,low,close,adjusted_close,volume,corporate_action
2006-02-06,24.549999237060547,24.65999984741211,24.100000381469727,24.200000762939453,19.185100555419922,771500,
2006-02-07,24.049999237060547,24.200000762939453,23.450000762939453,23.5,18.630155563354492,674400,
2006-02-08,23.489999771118164,23.670000076293945,23.329999923706055,23.399999618530273,18.55088233947754,335400,
2006-02-09,23.559999465942383,23.81999969482422,23.510000228881836,23.6200008392334,18.72528839111328,705900,
2006-02-10,23.649999618530273,23.690000534057617,23.100000381469727,23.190000534057617,18.384397506713867,276700,
2006-02-13,23.190000534057617,23.200000762939453,22.770000457763672,22.829999923706055,18.099000930786133,237600,
2006-02-14,22.799999237060547,22.829999923706055,22.610000610351562,22.639999389648438,17.94837188720703,256400,
2006-02-15,22.700000762939453,22.729999542236328,22.239999771118164,22.309999465942383,17.686756134033203,404800,
2006-02-16,22.329999923706055,22.6200008392334,22.25,22.579999923706055,17.900808334350586,463600,
2006-02-17,22.719999313354492,22.920000076293945,22.68000030517578,22.899999618530273,18.154495239257812,467700,
2006-02-21,23.350000381469727,23.399999618530273,23.100000381469727,23.280000686645508,18.45574951171875,714100,
2006-02-22,23.149999618530273,23.299999237060547,22.850000381469727,22.899999618530273,18.154495239257812,543900,
2006-02-23,22.850000381469727,23.100000381469727,22.639999389648438,22.81999969482422,18.091068267822266,380400,
2006-02-24,23.200000762939453,23.450000762939453,23.0,23.440000534057617,18.582590103149414,535300,
2006-02-27,23.200000762939453,23.25,22.920000076293945,22.979999542236328,18.217914581298828,664500,
2006-02-28,23.049999237060547,23.299999237060547,22.860000610351562,23.290000915527344,18.463674545288086,579700,
2006-03-01,23.280000686645508,23.280000686645508,23.049999237060547,23.239999771118164,18.424036026000977,270500,
2006-03-02,23.360000610351562,23.719999313354492,23.270000457763672,23.65999984741211,18.757001876831055,885900,
2006-03-03,23.770000457763672,23.889999389648438,23.559999465942383,23.8799991607666,18.931407928466797,362900,
2006-03-06,23.75,23.75,23.25,23.5,18.630155563354492,588300,
2006-03-07,23.299999237060547,23.34000015258789,22.969999313354492,23.09000015258789,18.305118560791016,341300,
2006-03-08,22.780000686645508,22.899999618530273,22.530000686645508,22.719999313354492,18.01179313659668,243700,
2006-03-09,22.850000381469727,22.989999771118164,22.729999542236328,22.950000762939453,18.194133758544922,413100,
2006-03-10,22.729999542236328,22.940000534057617,22.530000686645508,22.850000381469727,18.11485481262207,398800,
2006-03-13,22.850000381469727,23.15999984741211,22.690000534057617,23.149999618530273,18.352685928344727,328800,
2006-03-14,23.139999389648438,23.530000686645508,23.079999923706055,23.489999771118164,18.62223243713379,331700,
2006-03-15,23.469999313354492,23.540000915527344,23.15999984741211,23.229999542236328,18.416109085083008,566900,
2006-03-16,23.229999542236328,23.479999542236328,23.09000015258789,23.43000030517578,18.574661254882812,642100,
2006-03-17,23.469999313354492,23.520000457763672,23.25,23.31999969482422,18.487457275390625,324200,
2006-03-20,23.219999313354492,23.350000381469727,22.760000228881836,22.84000015258789,18.10692596435547,495500,
2006-03-21,22.799999237060547,23.040000915527344,22.649999618530273,22.920000076293945,18.170351028442383,412200,
2006-03-22,23.0,23.049999237060547,22.760000228881836,22.8799991607666,18.138639450073242,283800,
2006-03-23,22.950000762939453,23.270000457763672,22.799999237060547,23.270000457763672,18.447816848754883,224500,
2006-03-24,23.219999313354492,23.389999389648438,23.1299991607666,23.219999313354492,18.408180236816406,310800,
2006-03-27,23.280000686645508,23.43000030517578,23.200000762939453,23.360000610351562,18.519166946411133,147300,
2006-03-28,23.389999389648438,23.68000030517578,23.389999389648438,23.65999984741211,18.757001876831055,355200,
2006-03-29,23.6200008392334,23.81999969482422,23.549999237060547,23.81999969482422,18.88384246826172,319600,
2006-03-30,23.81999969482422,24.18000030517578,23.81999969482422,24.110000610351562,19.113752365112305,603700,
2006-03-31,23.940000534057617,24.06999969482422,23.700000762939453,23.940000534057617,18.97897720336914,402600,
2006-04-03,24.18000030517578,24.34000015258789,24.0,24.049999237060547,19.066179275512695,406400,
2006-04-04,23.940000534057617,23.989999771118164,23.75,23.920000076293945,18.963119506835938,201400,
2006-04-05,24.0,24.200000762939453,23.950000762939453,24.06999969482422,19.082035064697266,297300,
2006-04-06,24.329999923706055,24.559999465942383,24.329999923706055,24.5,19.422929763793945,619900,
2006-04-07,24.350000381469727,24.43000030517578,24.149999618530273,24.389999389648438,19.335723876953125,415600,
2006-04-10,24.690000534057617,24.850000381469727,24.510000228881836,24.84000015258789,19.692474365234375,497100,
2006-04-11,24.850000381469727,24.950000762939453,24.600000381469727,24.940000534057617,19.771751403808594,537900,
2006-04-12,24.920000076293945,25.079999923706055,24.75,24.889999389648438,19.732112884521484,517700,
2006-04-13,24.75,25.049999237060547,24.649999618530273,25.049999237060547,19.85895538330078,233200,
2006-04-17,25.200000762939453,25.350000381469727,25.079999923706055,25.31999969482422,20.0730037689209,526600,
2006-04-18,25.3799991607666,25.709999084472656,25.309999465942383,25.649999618530273,20.334617614746094,886800,
2006-04-19,25.690000534057617,26.0,25.549999237060547,25.899999618530273,20.532812118530273,558500,
2006-04-20,25.8799991607666,25.8799991607666,25.299999237060547,25.600000381469727,20.294981002807617,640100,
2006-04-21,25.670000076293945,26.209999084472656,25.510000228881836,26.139999389648438,20.72307777404785,559000,
2006-04-24,25.989999771118164,26.09000015258789,25.559999465942383,25.6200008392334,20.31083869934082,481900,
2006-04-25,25.829999923706055,25.899999618530273,25.520000457763672,25.700000762939453,20.374258041381836,550700,
2006-04-26,25.729999542236328,25.899999618530273,25.549999237060547,25.600000381469727,20.294981002807617,493900,
2006-04-27,25.450000762939453,25.510000228881836,25.1200008392334,25.200000762939453,19.97787094116211,427100,
2006-04-28,25.450000762939453,25.770000457763672,25.360000610351562,25.6200008392334,20.31083869934082,453800,
2006-05-01,25.739999771118164,26.049999237060547,25.670000076293945,25.899999618530273,20.532812118530273,571700,
2006-05-02,26.139999389648438,26.25,25.979999542236328,26.200000762939453,20.77064323425293,516300,
2006-05-03,26.190000534057617,26.219999313354492,25.600000381469727,25.729999542236328,20.398040771484375,422000,
2006-05-04,25.59000015258789,25.799999237060547,25.25,25.420000076293945,20.15227699279785,445500,
2006-05-05,25.6299991607666,25.770000457763672,25.5,25.700000762939453,20.374258041381836,377300,
2006-05-08,25.399999618530273,25.6299991607666,25.149999618530273,25.6299991607666,20.31876564025879,342900,
2006-05-09,25.84000015258789,26.200000762939453,25.799999237060547,26.030000686645508,20.635873794555664,1164700,
2006-05-10,26.1299991607666,26.68000030517578,26.030000686645508,26.68000030517578,21.15117645263672,757600,
2006-05-11,27.170000076293945,27.170000076293945,26.809999465942383,26.940000534057617,21.3572940826416,1037600,
2006-05-12,27.0,27.149999618530273,26.719999313354492,26.850000381469727,21.28594398498535,1040100,
2006-05-15,26.1200008392334,26.209999084472656,25.799999237060547,25.940000534057617,20.56452178955078,685200,
2006-05-16,25.950000762939453,26.290000915527344,25.809999465942383,26.020000457763672,20.62794303894043,602500,
2006-05-17,26.25,26.25,25.6299991607666,25.979999542236328,20.596233367919922,785100,
2006-05-18,25.889999389648438,26.0,25.729999542236328,25.989999771118164,20.60416030883789,263100,
2006-05-19,25.549999237060547,25.600000381469727,25.200000762939453,25.420000076293945,20.15227699279785,724900,
2006-05-22,25.100000381469727,25.6299991607666,25.100000381469727,25.6200008392334,20.31083869934082,863900,
2006-05-23,25.93000030517578,26.270000457763672,25.850000381469727,26.020000457763672,20.62794303894043,855100,
2006-05-24,25.729999542236328,25.809999465942383,25.25,25.360000610351562,20.104717254638672,402700,
2006-05-25,25.450000762939453,25.799999237060547,25.360000610351562,25.799999237060547,20.453535079956055,324200,
2006-05-26,25.8700008392334,26.200000762939453,25.739999771118164,26.049999237060547,20.65172576904297,333400,
2006-05-30,26.1299991607666,26.170000076293945,25.760000228881836,25.90999984741211,20.540739059448242,429400,
2006-05-31,25.75,25.84000015258789,25.229999542236328,25.520000457763672,20.231557846069336,337500,
2006-06-01,25.200000762939453,25.520000457763672,24.899999618530273,25.209999084472656,19.985795974731445,584800,
2006-06-02,25.399999618530273,25.860000610351562,25.299999237060547,25.709999084472656,20.382184982299805,349300,
2006-06-05,25.770000457763672,25.920000076293945,25.549999237060547,25.639999389648438,20.326692581176758,492100,
2006-06-06,25.399999618530273,25.5,25.200000762939453,25.420000076293945,20.15227699279785,329000,
2006-06-07,25.299999237060547,25.350000381469727,25.100000381469727,25.25,20.01750946044922,176800,
2006-06-08,25.010000228881836,25.059999465942383,24.700000762939453,24.979999542236328,19.8034610748291,722700,
2006-06-09,25.149999618530273,25.299999237060547,25.0,25.020000457763672,19.835172653198242,343800,
2006-06-12,25.18000030517578,25.280000686645508,24.649999618530273,24.719999313354492,19.597339630126953,362400,
2006-06-13,24.299999237060547,24.549999237060547,24.0,24.049999237060547,19.066179275512695,900600,
2006-06-14,24.049999237060547,24.25,24.0,24.040000915527344,19.058259963989258,265700,
2006-06-15,24.299999237060547,24.43000030517578,24.170000076293945,24.299999237060547,19.264375686645508,289100,
2006-06-16,24.209999084472656,24.350000381469727,24.0,24.350000381469727,19.304014205932617,202400,
2006-06-19,24.09000015258789,24.170000076293945,23.84000015258789,23.899999618530273,18.947267532348633,178200,
2006-06-20,24.010000228881836,24.139999389648438,23.899999618530273,24.100000381469727,19.105819702148438,318000,
2006-06-21,24.049999237060547,24.5,23.969999313354492,24.450000762939453,19.383291244506836,302100,
2006-06-22,24.43000030517578,24.530000686645508,24.309999465942383,24.440000534057617,19.375364303588867,171900,
2006-06-23,24.219999313354492,24.5,24.219999313354492,24.389999389648438,19.335723876953125,151400,
2006-06-26,24.360000610351562,24.700000762939453,24.200000762939453,24.65999984741211,19.549774169921875,150400,
2006-06-27,24.68000030517578,24.8700008392334,24.520000457763672,24.75,19.621122360229492,227800,
2006-06-28,24.670000076293945,24.770000457763672,24.43000030517578,24.649999618530273,19.541845321655273,205500,
2006-06-29,24.760000228881836,25.190000534057617,24.729999542236328,25.190000534057617,19.969942092895508,346300,
2006-06-30,25.280000686645508,25.450000762939453,25.280000686645508,25.299999237060547,20.057146072387695,405600,
2006-07-03,25.649999618530273,25.989999771118164,25.420000076293945,25.969999313354492,20.58830451965332,144500,
2006-07-05,25.549999237060547,25.790000915527344,25.5,25.770000457763672,20.42975425720215,998200,
2006-07-06,25.770000457763672,25.940000534057617,25.600000381469727,25.940000534057617,20.56452178955078,675800,
2006-07-07,25.940000534057617,25.940000534057617,25.649999618530273,25.75,20.413896560668945,391300,
2006-07-10,25.649999618530273,25.760000228881836,25.459999084472656,25.56999969482422,20.271196365356445,204700,
2006-07-11,25.989999771118164,26.18000030517578,25.860000610351562,26.1299991607666,20.71514892578125,232800,
2006-07-12,26.299999237060547,26.399999618530273,25.950000762939453,26.389999389648438,20.9212703704834,395000,
2006-07-13,26.43000030517578,26.530000686645508,26.270000457763672,26.3799991607666,20.913341522216797,418000,
2006-07-14,26.700000762939453,26.739999771118164,26.329999923706055,26.5,21.00847625732422,462800,
2006-07-17,26.31999969482422,26.489999771118164,25.809999465942383,25.899999618530273,20.532812118530273,191500,
2006-07-18,26.09000015258789,26.260000228881836,25.549999237060547,25.739999771118164,20.40596580505371,206100,
2006-07-19,25.670000076293945,25.829999923706055,25.25,25.829999923706055,20.47731590270996,236400,
2006-07-20,25.989999771118164,26.100000381469727,25.440000534057617,25.559999465942383,20.263269424438477,293100,
2006-07-21,25.700000762939453,25.700000762939453,25.280000686645508,25.489999771118164,20.207773208618164,151700,
2006-07-24,25.3700008392334,25.600000381469727,25.110000610351562,25.600000381469727,20.294981002807617,214300,
2006-07-25,25.690000534057617,25.739999771118164,25.200000762939453,25.3799991607666,20.120569229125977,428100,
2006-07-26,25.229999542236328,25.579999923706055,25.18000030517578,25.209999084472656,19.985795974731445,225200,
2006-07-27,25.700000762939453,25.780000686645508,25.5,25.700000762939453,20.374258041381836,155900,
2006-07-28,25.700000762939453,25.75,25.25,25.610000610351562,20.302906036376953,180700,
2006-07-31,25.700000762939453,25.8700008392334,25.440000534057617,25.860000610351562,20.501102447509766,241400,
2006-08-01,25.899999618530273,26.049999237060547,25.760000228881836,25.979999542236328,20.596233367919922,200300,
2006-08-02,26.149999618530273,26.399999618530273,26.1200008392334,26.329999923706055,20.87370491027832,642000,
2006-08-03,26.0,26.110000610351562,25.81999969482422,26.079999923706055,20.67551040649414,181000,
2006-08-04,26.149999618530273,26.170000076293945,25.809999465942383,26.049999237060547,20.65172576904297,136900,
2006-08-07,26.139999389648438,26.459999084472656,26.139999389648438,26.459999084472656,20.976764678955078,293200,
2006-08-08,26.18000030517578,26.299999237060547,25.950000762939453,26.09000015258789,20.683439254760742,243800,
2006-08-09,26.1299991607666,26.34000015258789,26.0,26.1299991607666,20.71514892578125,217000,
2006-08-10,25.969999313354492,25.979999542236328,25.56999969482422,25.790000915527344,20.445606231689453,347100,
2006-08-11,25.889999389648438,25.920000076293945,25.350000381469727,25.540000915527344,20.247417449951172,179500,
2006-08-14,25.25,25.34000015258789,25.079999923706055,25.299999237060547,20.057146072387695,123400,
2006-08-15,25.309999465942383,25.389999389648438,25.170000076293945,25.34000015258789,20.088857650756836,247200,
2006-08-16,25.299999237060547,25.329999923706055,25.010000228881836,25.06999969482422,19.87481117248535,228200,
2006-08-17,24.84000015258789,24.950000762939453,24.5,24.68000030517578,19.565629959106445,617000,
2006-08-18,24.829999923706055,24.850000381469727,24.559999465942383,24.809999465942383,19.668691635131836,180900,
2006-08-21,24.829999923706055,25.010000228881836,24.760000228881836,25.010000228881836,19.827241897583008,259800,
2006-08-22,24.979999542236328,25.020000457763672,24.850000381469727,24.969999313354492,19.7955322265625,281500,
2006-08-23,24.920000076293945,24.920000076293945,24.6299991607666,24.709999084472656,19.58940887451172,322600,
2006-08-24,24.829999923706055,25.06999969482422,24.770000457763672,25.06999969482422,19.87481117248535,241700,
2006-08-25,25.219999313354492,25.299999237060547,25.020000457763672,25.059999465942383,19.86688232421875,145700,
2006-08-28,24.940000534057617,25.030000686645508,24.56999969482422,24.670000076293945,19.55769920349121,354700,
2006-08-29,24.6200008392334,24.700000762939453,24.5,24.6299991607666,19.525991439819336,230800,
2006-08-30,24.639999389648438,25.0,24.459999084472656,25.0,19.819318771362305,122500,
2006-08-31,24.979999542236328,25.100000381469727,24.75,25.0,19.819318771362305,158200,
2006-09-01,25.030000686645508,25.059999465942383,24.770000457763672,24.950000762939453,19.779678344726562,240500,
2006-09-05,24.8700008392334,25.100000381469727,24.739999771118164,24.90999984741211,19.747968673706055,261500,
2006-09-06,24.799999237060547,24.979999542236328,24.600000381469727,24.780000686645508,19.6449031829834,147000,
2006-09-07,24.700000762939453,24.790000915527344,24.549999237060547,24.700000762939453,19.581485748291016,97400,
2006-09-08,24.6299991607666,24.65999984741211,24.399999618530273,24.5,19.422929763793945,197400,
2006-09-11,24.020000457763672,24.1299991607666,23.799999237060547,23.93000030517578,18.971050262451172,541600,
2006-09-12,23.799999237060547,23.899999618530273,23.34000015258789,23.549999237060547,18.66979217529297,318300,
2006-09-13,23.510000228881836,23.700000762939453,23.3700008392334,23.489999771118164,18.62223243713379,384000,
2006-09-14,23.670000076293945,23.670000076293945,23.18000030517578,23.350000381469727,18.511241912841797,288700,
2006-09-15,23.299999237060547,23.5,23.06999969482422,23.280000686645508,18.45574951171875,616300,
2006-09-18,23.450000762939453,23.700000762939453,23.31999969482422,23.559999465942383,18.677722930908203,345600,
2006-09-19,23.600000381469727,23.68000030517578,23.1200008392334,23.209999084472656,18.400251388549805,490700,
2006-09-20,23.190000534057617,23.200000762939453,22.860000610351562,23.06999969482422,18.289268493652344,511000,
2006-09-21,23.020000457763672,23.5,23.020000457763672,23.469999313354492,18.606374740600586,422000,
2006-09-22,23.489999771118164,23.489999771118164,23.1299991607666,23.200000762939453,18.39232635498047,296500,
2006-09-25,22.899999618530273,23.3700008392334,22.8700008392334,23.25,18.431964874267578,1037000,
2006-09-26,23.299999237060547,23.5,23.149999618530273,23.350000381469727,18.511241912841797,195200,
2006-09-27,23.399999618530273,23.700000762939453,23.1200008392334,23.700000762939453,18.788711547851562,296900,
2006-09-28,23.790000915527344,24.049999237060547,23.639999389648438,23.889999389648438,18.9393367767334,185800,
2006-09-29,23.850000381469727,23.959999084472656,23.559999465942383,23.950000762939453,18.986906051635742,884300,
2006-10-02,24.0,24.110000610351562,23.600000381469727,23.690000534057617,18.78078269958496,170700,
2006-10-03,23.510000228881836,23.510000228881836,23.18000030517578,23.299999237060547,18.471601486206055,193100,
2006-10-04,23.15999984741211,23.520000457763672,22.829999923706055,23.469999313354492,18.606374740600586,872600,
2006-10-05,23.75,23.790000915527344,23.3799991607666,23.600000381469727,18.70943260192871,353500,
2006-10-06,23.600000381469727,23.700000762939453,23.329999923706055,23.690000534057617,18.78078269958496,360200,
2006-10-09,23.790000915527344,24.479999542236328,23.790000915527344,24.350000381469727,19.304014205932617,396900,
2006-10-10,23.700000762939453,24.0,23.43000030517578,23.700000762939453,18.788711547851562,396700,
2006-10-11,23.5,23.75,23.299999237060547,23.3799991607666,18.53502655029297,424000,
2006-10-12,23.299999237060547,23.860000610351562,23.299999237060547,23.639999389648438,18.741146087646484,284100,
2006-10-13,23.8799991607666,24.399999618530273,23.81999969482422,24.149999618530273,19.145458221435547,285200,
2006-10-16,24.280000686645508,24.3799991607666,23.950000762939453,24.360000610351562,19.31194305419922,578600,
2006-10-17,24.739999771118164,24.739999771118164,24.18000030517578,24.3799991607666,19.327796936035156,598600,
2006-10-18,24.350000381469727,24.479999542236328,23.799999237060547,23.989999771118164,19.018617630004883,345300,
2006-10-19,24.15999984741211,24.469999313354492,24.030000686645508,24.389999389648438,19.335723876953125,187300,
2006-10-20,24.399999618530273,24.399999618530273,23.799999237060547,24.049999237060547,19.066179275512695,514900,
2006-10-23,23.809999465942383,24.149999618530273,23.649999618530273,24.100000381469727,19.105819702148438,645800,
2006-10-24,24.059999465942383,24.309999465942383,23.799999237060547,24.270000457763672,19.2405948638916,226500,
2006-10-25,24.270000457763672,24.75,24.15999984741211,24.700000762939453,19.581485748291016,200300,
2006-10-26,24.68000030517578,24.709999084472656,24.34000015258789,24.530000686645508,19.446714401245117,243800,
2006-10-27,24.700000762939453,24.700000762939453,24.309999465942383,24.600000381469727,19.50220489501953,380900,
2006-10-30,24.549999237060547,24.59000015258789,24.25,24.34000015258789,19.296085357666016,393100,
2006-10-31,24.25,24.260000228881836,23.950000762939453,24.190000534057617,19.177169799804688,127200,
2006-11-01,24.149999618530273,24.549999237060547,24.010000228881836,24.5,19.422929763793945,160400,
2006-11-02,24.479999542236328,24.700000762939453,24.25,24.31999969482422,19.280231475830078,640300,
2006-11-03,24.540000915527344,24.75,24.389999389648438,24.6200008392334,19.518062591552734,195900,
2006-11-06,24.700000762939453,25.06999969482422,24.649999618530273,25.049999237060547,19.85895538330078,282600,
2006-11-07,25.09000015258789,25.09000015258789,24.81999969482422,24.989999771118164,19.81138801574707,170800,
2006-11-08,24.899999618530273,25.09000015258789,24.760000228881836,24.959999084472656,19.78760528564453,257400,
2006-11-09,25.399999618530273,25.399999618530273,25.0,25.290000915527344,20.04922103881836,394000,
2006-11-10,25.079999923706055,25.110000610351562,24.6200008392334,24.760000228881836,19.629051208496094,194400,
2006-11-13,24.649999618530273,24.68000030517578,24.5,24.579999923706055,19.486351013183594,222600,
2006-11-14,24.559999465942383,24.799999237060547,24.549999237060547,24.649999618530273,19.541845321655273,189900,
2006-11-15,24.559999465942383,24.950000762939453,24.559999465942383,24.84000015258789,19.692474365234375,235500,
2006-11-16,24.84000015258789,24.969999313354492,24.149999618530273,24.219999313354492,19.20095443725586,315400,
2006-11-17,24.110000610351562,24.530000686645508,24.0,24.520000457763672,19.438783645629883,217200,
2006-11-20,24.520000457763672,24.700000762939453,24.270000457763672,24.43000030517578,19.367435455322266,413200,
2006-11-21,24.600000381469727,24.75,24.540000915527344,24.65999984741211,19.549774169921875,263500,
2006-11-22,24.850000381469727,24.93000030517578,24.420000076293945,24.75,19.621122360229492,170700,
2006-11-24,24.850000381469727,25.09000015258789,24.81999969482422,25.09000015258789,19.890666961669922,63700,
2006-11-27,25.149999618530273,25.290000915527344,24.989999771118164,25.15999984741211,19.946157455444336,165700,
2006-11-28,25.1200008392334,25.239999771118164,25.059999465942383,25.229999542236328,20.00165367126465,156800,
2006-11-29,25.020000457763672,25.56999969482422,25.0,25.549999237060547,20.255342483520508,422700,
2006-11-30,25.729999542236328,25.899999618530273,25.610000610351562,25.780000686645508,20.437681198120117,347000,
2006-12-01,25.850000381469727,25.950000762939453,25.639999389648438,25.770000457763672,20.42975425720215,295800,
2006-12-04,25.799999237060547,25.799999237060547,25.40999984741211,25.649999618530273,20.334617614746094,249000,
2006-12-05,25.790000915527344,25.8799991607666,25.40999984741211,25.729999542236328,20.398040771484375,161900,
2006-12-06,25.440000534057617,25.579999923706055,25.299999237060547,25.389999389648438,20.128496170043945,227700,
2006-12-07,25.280000686645508,25.3799991607666,25.079999923706055,25.299999237060547,20.057146072387695,137000,
2006-12-08,25.399999618530273,25.5,25.100000381469727,25.100000381469727,19.89859390258789,231100,
2006-12-11,25.100000381469727,25.260000228881836,24.979999542236328,25.139999389648438,19.930301666259766,321000,
2006-12-12,25.1200008392334,25.290000915527344,25.0,25.100000381469727,19.89859390258789,114500,
2006-12-13,25.0,25.1299991607666,24.950000762939453,25.110000610351562,19.90652084350586,126400,
2006-12-14,25.350000381469727,25.549999237060547,25.25,25.399999618530273,20.13642120361328,190500,
2006-12-15,25.5,25.520000457763672,25.25,25.520000457763672,20.231557846069336,233700,
2006-12-18,24.6299991607666,24.65999984741211,24.25,24.469999313354492,19.874195098876953,250200,"{""dividend_amount"": 0.61}"
2006-12-19,24.389999389648438,24.780000686645508,24.190000534057617,24.760000228881836,20.109729766845703,294800,
2006-12-20,24.770000457763672,24.8799991607666,24.68000030517578,24.809999465942383,20.150341033935547,313500,
2006-12-21,24.850000381469727,24.850000381469727,24.469999313354492,24.559999465942383,19.947294235229492,285100,
2006-12-22,24.65999984741211,24.899999618530273,24.579999923706055,24.75,20.101606369018555,202900,
2006-12-26,24.829999923706055,24.8799991607666,24.309999465942383,24.3700008392334,19.792980194091797,210500,
2006-12-27,24.5,24.559999465942383,24.299999237060547,24.299999237060547,19.73612403869629,152200,
2006-12-28,24.469999313354492,24.579999923706055,24.329999923706055,24.479999542236328,19.8823184967041,319600,
2006-12-29,24.420000076293945,24.639999389648438,24.25,24.579999923706055,19.963537216186523,276300,
2007-01-03,24.270000457763672,24.34000015258789,23.68000030517578,23.799999237060547,19.33003044128418,746800,
2007-01-04,23.549999237060547,23.700000762939453,23.059999465942383,23.18000030517578,18.82647705078125,428900,
2007-01-05,23.049999237060547,23.350000381469727,22.850000381469727,23.100000381469727,18.761499404907227,369800,
2007-01-08,23.5,23.559999465942383,22.989999771118164,23.219999313354492,18.858964920043945,275200,
2007-01-09,22.649999618530273,23.139999389648438,22.479999542236328,23.020000457763672,18.696529388427734,675600,
2007-01-10,22.829999923706055,22.940000534057617,22.6200008392334,22.68000030517578,18.420381546020508,285900,
2007-01-11,22.600000381469727,23.0,22.299999237060547,22.649999618530273,18.396013259887695,489700,
2007-01-12,22.649999618530273,23.200000762939453,22.5,23.18000030517578,18.82647705078125,324300,
2007-01-16,23.049999237060547,23.100000381469727,22.350000381469727,22.649999618530273,18.396013259887695,467900,
2007-01-17,22.549999237060547,22.920000076293945,22.360000610351562,22.850000381469727,18.558452606201172,291200,
2007-01-18,22.950000762939453,23.040000915527344,22.399999618530273,22.610000610351562,18.3635311126709,409700,
2007-01-19,22.899999618530273,22.979999542236328,22.399999618530273,22.950000762939453,18.63967514038086,226700,
2007-01-22,23.079999923706055,23.299999237060547,22.700000762939453,22.969999313354492,18.655916213989258,303400,
2007-01-23,23.200000762939453,23.700000762939453,23.059999465942383,23.700000762939453,19.24881362915039,483800,
2007-01-24,23.549999237060547,23.6299991607666,23.18000030517578,23.5,19.086376190185547,279000,
2007-01-25,23.59000015258789,23.700000762939453,23.280000686645508,23.290000915527344,18.915815353393555,366200,
2007-01-26,23.479999542236328,23.600000381469727,23.350000381469727,23.579999923706055,19.151351928710938,304000,
2007-01-29,23.399999618530273,23.450000762939453,22.989999771118164,23.100000381469727,18.761499404907227,367400,
2007-01-30,23.100000381469727,23.75,23.049999237060547,23.739999771118164,19.281299591064453,346900,
2007-01-31,23.68000030517578,24.010000228881836,23.5,23.989999771118164,19.484346389770508,298400,
2007-02-01,24.149999618530273,24.299999237060547,23.809999465942383,23.899999618530273,19.411251068115234,410000,
2007-02-02,23.84000015258789,24.209999084472656,23.68000030517578,24.209999084472656,19.66302490234375,212800,
2007-02-05,24.3700008392334,24.399999618530273,24.0,24.1299991607666,19.598052978515625,271500,
2007-02-06,24.239999771118164,24.25,23.8700008392334,24.010000228881836,19.50058937072754,473500,
2007-02-07,23.950000762939453,24.100000381469727,23.610000610351562,23.719999313354492,19.265056610107422,179500,
2007-02-08,23.649999618530273,24.299999237060547,23.649999618530273,24.270000457763672,19.711759567260742,178200,
2007-02-09,24.399999618530273,24.540000915527344,24.239999771118164,24.420000076293945,19.833585739135742,164000,
2007-02-12,24.200000762939453,24.270000457763672,23.850000381469727,23.959999084472656,19.459980010986328,209200,
2007-02-13,24.139999389648438,24.469999313354492,24.100000381469727,24.399999618530273,19.817344665527344,205800,
2007-02-14,24.3799991607666,24.459999084472656,23.950000762939453,24.06999969482422,19.549318313598633,383800,
2007-02-15,24.1299991607666,24.1299991607666,23.799999237060547,24.06999969482422,19.549318313598633,191400,
2007-02-16,24.079999923706055,24.5,24.010000228881836,24.489999771118164,19.890438079833984,155700,
2007-02-20,24.1299991607666,24.229999542236328,23.8799991607666,24.219999313354492,19.6711483001709,201100,
2007-02-21,24.270000457763672,24.829999923706055,24.149999618530273,24.739999771118164,20.093488693237305,332500,
2007-02-22,24.850000381469727,25.149999618530273,24.770000457763672,25.079999923706055,20.36962890625,260500,
2007-02-23,25.280000686645508,25.420000076293945,25.139999389648438,25.239999771118164,20.49958038330078,527700,
2007-02-26,25.399999618530273,25.489999771118164,25.200000762939453,25.309999465942383,20.55643081665039,555500,
2007-02-27,25.030000686645508,25.34000015258789,24.760000228881836,24.829999923706055,20.166584014892578,192300,
2007-02-28,25.010000228881836,25.299999237060547,24.770000457763672,25.209999084472656,20.47521209716797,324900,
2007-03-01,25.110000610351562,25.170000076293945,24.889999389648438,25.030000686645508,20.329021453857422,169100,
2007-03-02,24.8799991607666,25.059999465942383,24.639999389648438,24.799999237060547,20.142215728759766,295700,
2007-03-05,24.260000228881836,24.579999923706055,24.15999984741211,24.43000030517578,19.841707229614258,658600,
2007-03-06,24.65999984741211,24.75,24.469999313354492,24.65999984741211,20.02851104736328,143300,
2007-03-07,24.770000457763672,25.049999237060547,24.690000534057617,25.0,20.304656982421875,533600,
2007-03-08,25.15999984741211,25.170000076293945,24.899999618530273,25.040000915527344,20.337141036987305,261400,
2007-03-09,25.079999923706055,25.09000015258789,24.600000381469727,24.709999084472656,20.069120407104492,261700,
2007-03-12,24.59000015258789,24.600000381469727,24.34000015258789,24.479999542236328,19.8823184967041,143700,
2007-03-13,24.56999969482422,24.700000762939453,24.18000030517578,24.290000915527344,19.72800636291504,248600,
2007-03-14,24.219999313354492,24.34000015258789,24.040000915527344,24.34000015258789,19.768611907958984,179100,
2007-03-15,24.459999084472656,24.459999084472656,24.100000381469727,24.190000534057617,19.64678382873535,165300,
2007-03-16,24.25,24.56999969482422,24.040000915527344,24.25,19.695514678955078,242300,
2007-03-19,24.260000228881836,24.399999618530273,24.209999084472656,24.3700008392334,19.792980194091797,148000,
2007-03-20,24.299999237060547,24.440000534057617,24.200000762939453,24.399999618530273,19.817344665527344,217900,
2007-03-21,24.280000686645508,24.459999084472656,24.149999618530273,24.440000534057617,19.849830627441406,156200,
2007-03-22,24.469999313354492,24.84000015258789,24.469999313354492,24.84000015258789,20.174707412719727,252300,
2007-03-23,24.850000381469727,24.969999313354492,24.709999084472656,24.850000381469727,20.18282699584961,190000,
2007-03-26,24.920000076293945,25.0,24.799999237060547,24.959999084472656,20.272165298461914,182800,
2007-03-27,24.899999618530273,25.030000686645508,24.799999237060547,25.030000686645508,20.329021453857422,418400,
2007-03-28,25.350000381469727,25.399999618530273,25.15999984741211,25.270000457763672,20.523944854736328,261300,
2007-03-29,25.40999984741211,25.81999969482422,25.260000228881836,25.760000228881836,20.921913146972656,348800,
2007-03-30,25.700000762939453,25.700000762939453,25.299999237060547,25.3799991607666,20.613285064697266,171000,
2007-04-02,25.010000228881836,25.3700008392334,24.860000610351562,25.1299991607666,20.41023826599121,296700,
2007-04-03,25.170000076293945,25.170000076293945,24.850000381469727,25.030000686645508,20.329021453857422,370600,
2007-04-04,24.989999771118164,25.360000610351562,24.90999984741211,25.309999465942383,20.55643081665039,122000,
2007-04-05,25.3799991607666,25.43000030517578,25.229999542236328,25.360000610351562,20.597043991088867,219100,
2007-04-09,25.549999237060547,25.639999389648438,25.0,25.100000381469727,20.385875701904297,301000,
2007-04-10,25.31999969482422,25.510000228881836,25.09000015258789,25.450000762939453,20.670141220092773,231300,
2007-04-11,25.440000534057617,25.549999237060547,24.799999237060547,25.40999984741211,20.637651443481445,340600,
2007-04-12,25.469999313354492,25.579999923706055,25.260000228881836,25.559999465942383,20.759475708007812,100400,
2007-04-13,25.729999542236328,25.799999237060547,25.530000686645508,25.700000762939453,20.873186111450195,230500,
2007-04-16,25.729999542236328,25.739999771118164,25.399999618530273,25.5,20.710750579833984,161100,
2007-04-17,25.56999969482422,25.68000030517578,25.1200008392334,25.239999771118164,20.49958038330078,196900,
2007-04-18,25.079999923706055,25.31999969482422,25.030000686645508,25.25,20.507701873779297,173400,
2007-04-19,25.200000762939453,25.299999237060547,25.049999237060547,25.18000030517578,20.450847625732422,271500,
2007-04-20,25.280000686645508,25.530000686645508,25.190000534057617,25.530000686645508,20.7351131439209,199400,
2007-04-23,25.290000915527344,25.700000762939453,25.25,25.700000762939453,20.873186111450195,252700,
2007-04-24,25.59000015258789,25.649999618530273,25.200000762939453,25.350000381469727,20.588918685913086,204700,
2007-04-25,25.450000762939453,25.950000762939453,25.450000762939453,25.850000381469727,20.995012283325195,207000,
2007-04-26,25.68000030517578,25.889999389648438,25.479999542236328,25.670000076293945,20.848819732666016,635300,
2007-04-27,25.459999084472656,25.799999237060547,25.459999084472656,25.799999237060547,20.954404830932617,216900,
2007-04-30,25.649999618530273,25.799999237060547,25.5,25.56999969482422,20.76759910583496,172200,
2007-05-01,25.600000381469727,25.739999771118164,25.450000762939453,25.6200008392334,20.80821418762207,178400,
2007-05-02,25.6299991607666,25.6299991607666,25.209999084472656,25.420000076293945,20.64577293395996,303600,
2007-05-03,25.420000076293945,25.540000915527344,25.25,25.540000915527344,20.743236541748047,210800,
2007-05-04,25.549999237060547,25.700000762939453,25.31999969482422,25.489999771118164,20.702627182006836,166800,
2007-05-07,25.299999237060547,25.459999084472656,25.18000030517578,25.3700008392334,20.60516357421875,226100,
2007-05-08,25.059999465942383,25.209999084472656,25.0,25.209999084472656,20.47521209716797,189100,
2007-05-09,25.079999923706055,25.149999618530273,24.799999237060547,25.079999923706055,20.36962890625,252300,
2007-05-10,25.100000381469727,25.110000610351562,24.860000610351562,24.979999542236328,20.288410186767578,245400,
2007-05-11,25.010000228881836,25.360000610351562,24.989999771118164,25.350000381469727,20.588918685913086,204600,
2007-05-14,25.329999923706055,25.3700008392334,25.149999618530273,25.260000228881836,20.515827178955078,443700,
2007-05-15,25.079999923706055,25.530000686645508,25.040000915527344,25.510000228881836,20.7188720703125,448800,
2007-05-16,25.40999984741211,25.40999984741211,25.059999465942383,25.260000228881836,20.515827178955078,287400,
2007-05-17,25.260000228881836,25.489999771118164,25.190000534057617,25.469999313354492,20.686382293701172,197800,
2007-05-18,25.489999771118164,25.549999237060547,25.329999923706055,25.43000030517578,20.653894424438477,186600,
2007-05-21,25.450000762939453,25.739999771118164,25.31999969482422,25.68000030517578,20.856943130493164,281100,
2007-05-22,25.540000915527344,25.540000915527344,25.25,25.309999465942383,20.55643081665039,181200,
2007-05-23,25.360000610351562,25.440000534057617,25.18000030517578,25.43000030517578,20.653894424438477,251500,
2007-05-24,25.40999984741211,25.549999237060547,25.190000534057617,25.290000915527344,20.540191650390625,258000,
2007-05-25,25.40999984741211,25.610000610351562,25.309999465942383,25.600000381469727,20.79196548461914,162600,
2007-05-29,25.25,25.3700008392334,24.920000076293945,25.040000915527344,20.337141036987305,211600,
2007-05-30,25.0,25.34000015258789,25.0,25.280000686645508,20.53207015991211,292800,
2007-05-31,25.329999923706055,25.520000457763672,25.229999542236328,25.510000228881836,20.7188720703125,323700,
2007-06-01,25.43000030517578,25.780000686645508,25.389999389648438,25.700000762939453,20.873186111450195,294500,
2007-06-04,25.760000228881836,26.0,25.75,25.93000030517578,21.059988021850586,408200,
2007-06-05,25.760000228881836,25.979999542236328,25.739999771118164,25.829999923706055,20.978769302368164,325000,
2007-06-06,25.850000381469727,25.889999389648438,25.610000610351562,25.81999969482422,20.970645904541016,208200,
2007-06-07,25.700000762939453,26.06999969482422,25.700000762939453,25.950000762939453,21.07623291015625,291800,
2007-06-08,25.65999984741211,25.739999771118164,25.389999389648438,25.489999771118164,20.702627182006836,909800,
2007-06-11,25.739999771118164,26.030000686645508,25.559999465942383,25.979999542236328,21.100597381591797,138100,
2007-06-12,25.84000015258789,25.920000076293945,25.729999542236328,25.90999984741211,21.043745040893555,124400,
2007-06-13,25.709999084472656,26.290000915527344,25.690000534057617,26.239999771118164,21.311765670776367,395000,
2007-06-14,26.40999984741211,26.59000015258789,26.290000915527344,26.489999771118164,21.514812469482422,2681200,
2007-06-15,26.440000534057617,26.649999618530273,26.389999389648438,26.649999618530273,21.64476203918457,321500,
2007-06-18,26.729999542236328,26.729999542236328,26.5,26.649999618530273,21.64476203918457,259600,
2007-06-19,26.600000381469727,26.690000534057617,26.299999237060547,26.389999389648438,21.43359375,347400,
2007-06-20,26.31999969482422,26.420000076293945,26.18000030517578,26.420000076293945,21.457963943481445,247600,
2007-06-21,26.469999313354492,26.520000457763672,26.06999969482422,26.299999237060547,21.360498428344727,238100,
2007-06-22,26.260000228881836,26.31999969482422,26.0,26.239999771118164,21.311765670776367,783200,
2007-06-25,25.920000076293945,26.190000534057617,25.780000686645508,26.139999389648438,21.230548858642578,397300,
2007-06-26,25.959999084472656,26.0,25.719999313354492,25.84000015258789,20.98689079284668,283000,
2007-06-27,25.809999465942383,25.940000534057617,25.59000015258789,25.799999237060547,20.954404830932617,219300,
2007-06-28,25.850000381469727,25.8700008392334,25.65999984741211,25.719999313354492,20.889429092407227,280700,
2007-06-29,25.75,26.059999465942383,25.649999618530273,25.700000762939453,20.873186111450195,258100,
2007-07-02,26.049999237060547,26.049999237060547,25.559999465942383,25.860000610351562,21.003135681152344,810100,
2007-07-03,26.040000915527344,26.040000915527344,25.809999465942383,25.889999389648438,21.02750015258789,185500,
2007-07-05,26.020000457763672,26.149999618530273,25.850000381469727,26.1299991607666,21.222423553466797,250500,
2007-07-06,26.290000915527344,26.350000381469727,26.110000610351562,26.350000381469727,21.401105880737305,332500,
2007-07-09,26.280000686645508,26.3700008392334,26.18000030517578,26.290000915527344,21.35237693786621,156000,
2007-07-10,26.200000762939453,26.520000457763672,26.190000534057617,26.479999542236328,21.506690979003906,228400,
2007-07-11,26.34000015258789,26.6299991607666,26.329999923706055,26.540000915527344,21.555421829223633,194400,
2007-07-12,26.6299991607666,26.709999084472656,26.3799991607666,26.610000610351562,21.61227798461914,282400,
2007-07-13,26.610000610351562,26.649999618530273,26.479999542236328,26.649999618530273,21.64476203918457,168200,
2007-07-16,26.520000457763672,26.520000457763672,26.09000015258789,26.18000030517578,21.26303482055664,316800,
2007-07-17,26.239999771118164,26.329999923706055,25.8799991607666,26.020000457763672,21.13308334350586,423200,
2007-07-18,26.030000686645508,26.34000015258789,25.969999313354492,26.31999969482422,21.376739501953125,230600,
2007-07-19,26.329999923706055,26.489999771118164,26.280000686645508,26.40999984741211,21.44983673095703,107600,
2007-07-20,26.399999618530273,26.510000228881836,26.290000915527344,26.399999618530273,21.441715240478516,252200,
2007-07-23,26.270000457763672,26.280000686645508,26.059999465942383,26.280000686645508,21.344253540039062,220300,
2007-07-24,26.1200008392334,26.280000686645508,26.0,26.079999923706055,21.18181610107422,189600,
2007-07-25,26.139999389648438,26.309999465942383,25.8700008392334,26.309999465942383,21.368616104125977,274200,
2007-07-26,26.31999969482422,26.399999618530273,25.81999969482422,26.030000686645508,21.14120864868164,227400,
2007-07-27,26.030000686645508,26.290000915527344,25.940000534057617,26.280000686645508,21.344253540039062,283200,
2007-07-30,26.149999618530273,26.229999542236328,25.8700008392334,25.979999542236328,21.100597381591797,181900,
2007-07-31,26.209999084472656,26.450000762939453,26.09000015258789,26.190000534057617,21.271156311035156,388600,
2007-08-01,26.190000534057617,26.309999465942383,25.81999969482422,26.149999618530273,21.23866844177246,465000,
2007-08-02,26.149999618530273,26.299999237060547,26.040000915527344,26.190000534057617,21.271156311035156,188200,
2007-08-03,26.200000762939453,26.200000762939453,25.899999618530273,25.899999618530273,21.035625457763672,141400,
2007-08-06,25.68000030517578,25.729999542236328,25.280000686645508,25.540000915527344,20.743236541748047,267900,
2007-08-07,25.399999618530273,25.739999771118164,25.360000610351562,25.68000030517578,20.856943130493164,168600,
2007-08-08,25.600000381469727,25.850000381469727,25.540000915527344,25.639999389648438,20.82445526123047,174000,
2007-08-09,25.469999313354492,25.75,25.329999923706055,25.440000534057617,20.662017822265625,287500,
2007-08-10,25.1200008392334,25.540000915527344,24.979999542236328,25.530000686645508,20.7351131439209,462400,
2007-08-13,25.65999984741211,25.700000762939453,25.280000686645508,25.350000381469727,20.588918685913086,162200,
2007-08-14,26.0,26.329999923706055,25.25,25.43000030517578,20.653894424438477,169800,
2007-08-15,25.579999923706055,25.809999465942383,25.399999618530273,25.6200008392334,20.80821418762207,313100,
2007-08-16,25.06999969482422,25.18000030517578,24.6299991607666,25.18000030517578,20.450847625732422,455900,
2007-08-17,24.280000686645508,25.350000381469727,23.6200008392334,25.15999984741211,20.434602737426758,375000,
2007-08-20,25.020000457763672,25.239999771118164,24.940000534057617,25.229999542236328,20.491458892822266,269900,
2007-08-21,25.149999618530273,25.40999984741211,25.030000686645508,25.190000534057617,20.45897102355957,315800,
2007-08-22,25.200000762939453,25.31999969482422,25.059999465942383,25.25,20.507701873779297,190200,
2007-08-23,25.5,25.549999237060547,25.18000030517578,25.329999923706055,20.572677612304688,281600,
2007-08-24,25.350000381469727,25.6299991607666,25.309999465942383,25.6299991607666,20.81633186340332,175100,
2007-08-27,25.31999969482422,25.690000534057617,25.25,25.65999984741211,20.840696334838867,102300,
2007-08-28,25.6200008392334,25.6200008392334,25.260000228881836,25.389999389648438,20.62140655517578,112200,
2007-08-29,25.389999389648438,25.639999389648438,25.389999389648438,25.6299991607666,20.81633186340332,264700,
2007-08-30,26.389999389648438,26.389999389648438,25.440000534057617,25.68000030517578,20.856943130493164,182500,
2007-08-31,26.0,26.0,25.549999237060547,25.690000534057617,20.86506462097168,122500,
2007-09-04,25.790000915527344,26.09000015258789,25.690000534057617,25.979999542236328,21.100597381591797,305200,
2007-09-05,25.979999542236328,26.100000381469727,25.799999237060547,26.030000686645508,21.14120864868164,222100,
2007-09-06,25.90999984741211,26.049999237060547,25.799999237060547,25.93000030517578,21.059988021850586,214500,
2007-09-07,25.989999771118164,26.110000610351562,25.8799991607666,26.100000381469727,21.198060989379883,149200,
2007-09-10,26.020000457763672,26.31999969482422,25.809999465942383,26.280000686645508,21.344253540039062,154200,
2007-09-11,26.15999984741211,26.360000610351562,25.979999542236328,26.34000015258789,21.39298439025879,117200,
2007-09-12,26.329999923706055,26.65999984741211,26.270000457763672,26.6200008392334,21.62039566040039,207600,
2007-09-13,26.549999237060547,26.68000030517578,26.31999969482422,26.420000076293945,21.457963943481445,468600,
2007-09-14,26.389999389648438,26.600000381469727,26.329999923706055,26.440000534057617,21.474201202392578,191900,
2007-09-17,26.56999969482422,26.75,26.469999313354492,26.75,21.725980758666992,124300,
2007-09-18,26.549999237060547,26.899999618530273,26.479999542236328,26.850000381469727,21.807201385498047,229600,
2007-09-19,26.940000534057617,27.079999923706055,26.799999237060547,27.079999923706055,21.994001388549805,243600,
2007-09-20,27.149999618530273,27.5,27.06999969482422,27.5,22.335119247436523,519300,
2007-09-21,27.59000015258789,27.690000534057617,27.40999984741211,27.690000534057617,22.489439010620117,255500,
2007-09-24,27.6299991607666,27.790000915527344,27.510000228881836,27.639999389648438,22.448827743530273,181800,
2007-09-25,27.309999465942383,27.549999237060547,27.280000686645508,27.440000534057617,22.286388397216797,177500,
2007-09-26,27.540000915527344,27.600000381469727,27.170000076293945,27.479999542236328,22.31887435913086,217500,
2007-09-27,28.190000534057617,28.200000762939453,27.639999389648438,28.200000762939453,22.903654098510742,249200,
2007-09-28,28.25,28.270000457763672,27.889999389648438,28.110000610351562,22.830556869506836,467400,
2007-10-01,28.989999771118164,28.989999771118164,27.639999389648438,27.81999969482422,22.595022201538086,196500,
2007-10-02,27.559999465942383,27.6299991607666,27.139999389648438,27.260000228881836,22.14019775390625,218300,
2007-10-03,27.649999618530273,27.649999618530273,27.110000610351562,27.290000915527344,22.164562225341797,159400,
2007-10-04,27.270000457763672,27.68000030517578,27.100000381469727,27.670000076293945,22.47319221496582,273800,
2007-10-05,27.540000915527344,27.760000228881836,27.450000762939453,27.75,22.538169860839844,167800,
2007-10-08,28.489999771118164,28.489999771118164,27.0,27.170000076293945,22.06709861755371,193100,
2007-10-09,27.059999465942383,27.520000457763672,27.059999465942383,27.360000610351562,22.22141456604004,242600,
2007-10-10,27.510000228881836,27.690000534057617,27.350000381469727,27.68000030517578,22.481311798095703,307200,
2007-10-11,28.670000076293945,28.670000076293945,27.540000915527344,27.989999771118164,22.73309326171875,204300,
2007-10-12,28.0,28.170000076293945,27.889999389648438,28.1200008392334,22.83867835998535,164900,
2007-10-15,28.350000381469727,28.600000381469727,28.25,28.600000381469727,23.228527069091797,156700,
2007-10-16,28.3799991607666,28.639999389648438,28.329999923706055,28.6299991607666,23.252891540527344,290400,
2007-10-17,28.68000030517578,28.68000030517578,28.3799991607666,28.479999542236328,23.131059646606445,254100,
2007-10-18,28.59000015258789,29.030000686645508,28.59000015258789,28.989999771118164,23.545278549194336,337500,
2007-10-19,28.940000534057617,29.010000228881836,28.770000457763672,28.90999984741211,23.480302810668945,228600,
2007-10-22,28.649999618530273,28.920000076293945,28.469999313354492,28.829999923706055,23.415325164794922,293700,
2007-10-23,28.940000534057617,28.959999084472656,28.489999771118164,28.6299991607666,23.252891540527344,1101600,
2007-10-24,28.5,28.860000610351562,28.5,28.729999542236328,23.334110260009766,212900,
2007-10-25,28.950000762939453,29.399999618530273,28.8799991607666,29.399999618530273,23.878271102905273,332500,
2007-10-26,29.700000762939453,29.8700008392334,29.559999465942383,29.850000381469727,24.243757247924805,633700,
2007-10-29,30.0,30.34000015258789,29.93000030517578,30.34000015258789,24.6417293548584,435700,
2007-10-30,30.0,30.040000915527344,29.56999969482422,29.65999984741211,24.089441299438477,283000,
2007-10-31,29.889999389648438,30.5,29.780000686645508,30.5,24.77168083190918,401400,
2007-11-01,30.280000686645508,30.280000686645508,29.84000015258789,30.110000610351562,24.454927444458008,378300,
2007-11-02,30.31999969482422,30.760000228881836,30.200000762939453,30.760000228881836,24.98284912109375,205100,
2007-11-05,31.25,31.270000457763672,30.139999389648438,30.559999465942383,24.82040786743164,368800,
2007-11-06,31.520000457763672,31.520000457763672,30.770000457763672,31.360000610351562,25.47015953063965,447600,
2007-11-07,33.0,33.0,30.799999237060547,31.200000762939453,25.3402099609375,510100,
2007-11-08,31.639999389648438,31.639999389648438,30.940000534057617,31.1200008392334,25.275236129760742,471700,
2007-11-09,30.5,31.34000015258789,30.5,31.110000610351562,25.267114639282227,371300,
2007-11-12,30.5,30.90999984741211,30.229999542236328,30.43000030517578,24.714826583862305,981100,
2007-11-13,30.43000030517578,30.450000762939453,29.709999084472656,29.850000381469727,24.243757247924805,3017500,
2007-11-14,29.940000534057617,30.59000015258789,29.940000534057617,30.520000457763672,24.78792381286621,260300,
2007-11-15,30.3700008392334,30.3700008392334,29.969999313354492,30.219999313354492,24.544265747070312,340300,
2007-11-16,30.649999618530273,30.649999618530273,30.209999084472656,30.31999969482422,24.625484466552734,179600,
2007-11-19,30.299999237060547,30.59000015258789,30.209999084472656,30.549999237060547,24.812286376953125,527300,
2007-11-20,30.81999969482422,31.34000015258789,30.68000030517578,31.309999465942383,25.429550170898438,569100,
2007-11-21,30.799999237060547,31.3700008392334,30.799999237060547,31.350000381469727,25.462038040161133,734500,
2007-11-23,31.579999923706055,31.670000076293945,31.139999389648438,31.639999389648438,25.697572708129883,499300,
2007-11-26,31.549999237060547,31.780000686645508,31.25,31.25,25.380821228027344,400800,
2007-11-27,31.700000762939453,31.700000762939453,30.84000015258789,31.0,25.17776870727539,370600,
2007-11-28,30.969999313354492,31.530000686645508,30.31999969482422,30.6200008392334,24.869140625,766000,
2007-11-29,30.739999771118164,30.889999389648438,30.5,30.690000534057617,24.925996780395508,195800,
2007-11-30,30.25,30.719999313354492,30.190000534057617,30.309999465942383,24.61736488342285,352300,
2007-12-03,30.3799991607666,30.559999465942383,30.020000457763672,30.530000686645508,24.796043395996094,320900,
2007-12-04,30.489999771118164,30.670000076293945,30.34000015258789,30.670000076293945,24.909751892089844,494200,
2007-12-05,30.860000610351562,30.940000534057617,30.309999465942383,30.440000534057617,24.72294807434082,437800,
2007-12-06,30.209999084472656,30.989999771118164,30.209999084472656,30.989999771118164,25.16965103149414,293200,
2007-12-07,31.700000762939453,31.700000762939453,30.510000228881836,30.889999389648438,25.08843421936035,401100,
2007-12-10,31.030000686645508,31.190000534057617,30.690000534057617,30.8700008392334,25.072187423706055,539500,
2007-12-11,31.0,31.280000686645508,30.899999618530273,31.139999389648438,25.29147720336914,275100,
2007-12-12,31.5,32.18000030517578,31.25,31.989999771118164,25.981836318969727,444500,
2007-12-13,32.06999969482422,32.06999969482422,31.469999313354492,31.649999618530273,25.705692291259766,274900,
2007-12-14,31.56999969482422,31.600000381469727,31.290000915527344,31.43000030517578,25.52701187133789,294300,
2007-12-17,31.549999237060547,31.549999237060547,30.239999771118164,30.520000457763672,25.402164459228516,294000,"{""dividend_amount"": 0.76}"
2007-12-18,30.59000015258789,30.8799991607666,30.110000610351562,30.389999389648438,25.29396629333496,311200,
2007-12-19,30.469999313354492,30.84000015258789,30.420000076293945,30.68000030517578,25.53533363342285,269600,
2007-12-20,30.600000381469727,30.700000762939453,30.40999984741211,30.549999237060547,25.427133560180664,334900,
2007-12-21,30.59000015258789,30.989999771118164,30.559999465942383,30.90999984741211,25.726768493652344,280300,
2007-12-24,30.219999313354492,31.139999389648438,30.059999465942383,31.139999389648438,25.918197631835938,472000,
2007-12-26,31.25,31.559999465942383,31.149999618530273,31.510000228881836,26.226154327392578,188500,
2007-12-27,31.399999618530273,31.729999542236328,31.399999618530273,31.6200008392334,26.317710876464844,880700,
2007-12-28,31.639999389648438,31.8799991607666,31.420000076293945,31.520000457763672,26.234477996826172,264300,
2007-12-31,31.639999389648438,31.639999389648438,31.239999771118164,31.559999465942383,26.26776885986328,244000,
2008-01-02,32.060001373291016,32.45000076293945,31.940000534057617,32.43000030517578,26.99188232421875,718900,
2008-01-03,32.75,32.790000915527344,32.40999984741211,32.68000030517578,27.19995880126953,1108400,
2008-01-04,32.56999969482422,32.56999969482422,32.08000183105469,32.4900016784668,27.04182243347168,581200,
2008-01-07,32.22999954223633,32.439998626708984,31.65999984741211,31.899999618530273,26.550756454467773,664300,
2008-01-08,32.29999923706055,32.4900016784668,32.09000015258789,32.189998626708984,26.792125701904297,429000,
2008-01-09,32.33000183105469,32.369998931884766,31.799999237060547,31.8700008392334,26.525787353515625,749600,
2008-01-10,31.649999618530273,31.760000228881836,31.399999618530273,31.719999313354492,26.40093994140625,452800,
2008-01-11,31.65999984741211,32.11000061035156,31.399999618530273,32.0099983215332,26.642309188842773,667600,
2008-01-14,32.400001525878906,32.5,32.189998626708984,32.40999984741211,26.975234985351562,835800,
2008-01-15,32.16999816894531,32.2400016784668,31.770000457763672,32.0099983215332,26.642309188842773,472800,
2008-01-16,31.81999969482422,31.850000381469727,31.200000762939453,31.709999084472656,26.392614364624023,1044300,
2008-01-17,31.899999618530273,31.950000762939453,31.299999237060547,31.299999237060547,26.051366806030273,689800,
2008-01-18,31.489999771118164,31.639999389648438,31.350000381469727,31.420000076293945,26.151247024536133,458100,
2008-01-22,30.5,31.489999771118164,30.329999923706055,31.309999465942383,26.0596923828125,785400,
2008-01-23,31.06999969482422,31.190000534057617,30.540000915527344,30.719999313354492,25.568628311157227,695900,
2008-01-24,30.84000015258789,31.510000228881836,30.84000015258789,31.479999542236328,26.201183319091797,709700,
2008-01-25,31.989999771118164,32.599998474121094,31.719999313354492,32.18000030517578,26.783802032470703,1189100,
2008-01-28,31.81999969482422,32.34000015258789,31.610000610351562,32.33000183105469,26.908649444580078,593400,
2008-01-29,32.5099983215332,32.599998474121094,32.2599983215332,32.599998474121094,27.133371353149414,492000,
2008-01-30,32.560001373291016,32.560001373291016,32.13999938964844,32.31999969482422,26.900325775146484,564500,
2008-01-31,32.220001220703125,32.63999938964844,31.920000076293945,32.47999954223633,27.03349494934082,692200,
2008-02-01,32.54999923706055,32.54999923706055,31.8700008392334,31.90999984741211,26.559080123901367,642600,
2008-02-04,32.08000183105469,32.5099983215332,32.0,32.470001220703125,27.025175094604492,692400,
2008-02-05,32.189998626708984,32.31999969482422,31.920000076293945,32.20000076293945,26.800451278686523,787500,
2008-02-06,32.34000015258789,32.540000915527344,32.0,32.04999923706055,26.675601959228516,867300,
2008-02-07,31.940000534057617,32.439998626708984,31.940000534057617,32.439998626708984,27.000202178955078,859400,
2008-02-08,32.720001220703125,33.40999984741211,32.540000915527344,33.40999984741211,27.80754280090332,1069800,
2008-02-11,33.290000915527344,33.630001068115234,33.08000183105469,33.630001068115234,27.99065589904785,1236600,
2008-02-12,33.380001068115234,33.5,32.7599983215332,32.95000076293945,27.424686431884766,760000,
2008-02-13,32.86000061035156,33.220001220703125,32.66999816894531,33.220001220703125,27.6494083404541,406600,
2008-02-14,33.650001525878906,33.88999938964844,33.459999084472656,33.88999938964844,28.207056045532227,1015600,
2008-02-15,33.939998626708984,34.150001525878906,33.5099983215332,33.72999954223633,28.073888778686523,995300,
2008-02-19,34.47999954223633,34.869998931884766,34.400001525878906,34.83000183105469,28.989431381225586,919800,
2008-02-20,34.540000915527344,35.04999923706055,34.4900016784668,35.0099983215332,29.13924217224121,706500,
2008-02-21,34.95000076293945,35.16999816894531,34.599998474121094,34.81999969482422,28.981103897094727,565600,
2008-02-22,34.9900016784668,35.349998474121094,34.54999923706055,35.29999923706055,29.380617141723633,555500,
2008-02-25,35.25,35.650001525878906,34.9900016784668,35.63999938964844,29.663599014282227,923900,
2008-02-26,35.56999969482422,36.40999984741211,35.20000076293945,36.400001525878906,30.296159744262695,1029300,
2008-02-27,35.779998779296875,36.88999938964844,35.65999984741211,36.349998474121094,30.25454330444336,1344400,
2008-02-28,36.43000030517578,36.709999084472656,36.20000076293945,36.70000076293945,30.545854568481445,1536000,
2008-02-29,36.56999969482422,36.59000015258789,36.0099983215332,36.099998474121094,30.046466827392578,1079700,
2008-03-03,36.939998626708984,37.04999923706055,36.40999984741211,36.630001068115234,30.487592697143555,1311900,
2008-03-04,36.84000015258789,36.849998474121094,35.400001525878906,36.5,30.379392623901367,1611900,
2008-03-05,36.540000915527344,37.29999923706055,36.33000183105469,37.29999923706055,31.045238494873047,1009300,
2008-03-06,37.369998931884766,37.630001068115234,36.810001373291016,37.58000183105469,31.278291702270508,1676900,
2008-03-07,37.75,37.75,36.939998626708984,37.20000076293945,30.962013244628906,1497400,
2008-03-10,37.0,37.9900016784668,36.31999969482422,37.900001525878906,31.544633865356445,1719600,
2008-03-11,37.939998626708984,38.5,37.63999938964844,38.4900016784668,32.03569030761719,1474200,
2008-03-12,38.45000076293945,38.95000076293945,37.849998474121094,38.90999984741211,32.3852653503418,1756900,
2008-03-13,38.900001525878906,39.31999969482422,38.709999084472656,38.95000076293945,32.41856384277344,2624800,
2008-03-14,39.04999923706055,39.27000045776367,38.25,38.900001525878906,32.37693405151367,1140300,
2008-03-17,37.810001373291016,38.119998931884766,36.439998626708984,37.34000015258789,31.078535079956055,3062500,
2008-03-18,37.75,38.290000915527344,37.36000061035156,38.16999816894531,31.769351959228516,1175300,
2008-03-19,37.349998474121094,37.45000076293945,36.08000183105469,36.52000045776367,30.396039962768555,2186000,
2008-03-20,34.869998931884766,35.939998626708984,30.75,35.04999923706055,29.172536849975586,3472500,
2008-03-24,35.20000076293945,36.04999923706055,35.04999923706055,35.689998626708984,29.70522117614746,1459100,
2008-03-25,36.220001220703125,36.40999984741211,35.7400016784668,36.04999923706055,30.004850387573242,1020800,
2008-03-26,36.66999816894531,37.18000030517578,36.5,37.130001068115234,30.903745651245117,1394900,
2008-03-27,37.0,37.630001068115234,36.84000015258789,37.540000915527344,31.2449951171875,2398300,
2008-03-28,37.0099983215332,37.08000183105469,36.650001525878906,36.650001525878906,30.504241943359375,1129600,
2008-03-31,37.439998626708984,37.939998626708984,35.45000076293945,35.77000045776367,29.771804809570312,1302500,
2008-04-01,35.29999923706055,35.97999954223633,35.18000030517578,35.56999969482422,29.60533905029297,1282800,
2008-04-02,35.119998931884766,36.65999984741211,35.119998931884766,36.630001068115234,30.487592697143555,814400,
2008-04-03,36.45000076293945,36.869998931884766,36.279998779296875,36.83000183105469,30.654056549072266,552400,
2008-04-04,36.810001373291016,37.22999954223633,36.61000061035156,37.09000015258789,30.870454788208008,825800,
2008-04-07,37.720001220703125,37.93000030517578,37.36000061035156,37.4900016784668,31.203380584716797,1223600,
2008-04-08,37.45000076293945,37.810001373291016,37.27000045776367,37.63999938964844,31.328227996826172,826900,
2008-04-09,37.7400016784668,38.75,37.650001525878906,38.27000045776367,31.852581024169922,1277000,
2008-04-10,38.7599983215332,38.790000915527344,37.939998626708984,38.099998474121094,31.711091995239258,1338600,
2008-04-11,37.849998474121094,38.16999816894531,37.72999954223633,37.95000076293945,31.586244583129883,747400,
2008-04-14,37.93000030517578,38.209999084472656,37.93000030517578,38.209999084472656,31.802642822265625,762000,
2008-04-15,38.650001525878906,38.7599983215332,38.5,38.66999816894531,32.18550491333008,615700,
2008-04-16,38.939998626708984,39.11000061035156,38.400001525878906,39.040000915527344,32.493465423583984,784500,
2008-04-17,39.189998626708984,39.25,38.75,38.86000061035156,32.343650817871094,555800,
2008-04-18,38.720001220703125,39.0,38.36000061035156,38.880001068115234,32.360294342041016,549200,
2008-04-21,38.900001525878906,38.93000030517578,38.2400016784668,38.93000030517578,32.40190505981445,769300,
2008-04-22,38.72999954223633,39.400001525878906,38.63999938964844,39.16999816894531,32.601661682128906,904600,
2008-04-23,38.88999938964844,39.040000915527344,38.54999923706055,38.79999923706055,32.2937126159668,744300,
2008-04-24,38.439998626708984,38.68000030517578,37.79999923706055,38.150001525878906,31.752704620361328,691800,
2008-04-25,38.209999084472656,38.86000061035156,38.040000915527344,38.849998474121094,32.335323333740234,473700,
2008-04-28,38.869998931884766,38.970001220703125,38.630001068115234,38.939998626708984,32.41022872924805,480500,
2008-04-29,38.70000076293945,38.70000076293945,37.869998931884766,38.0,31.627853393554688,1231900,
2008-04-30,38.0,38.15999984741211,37.439998626708984,37.93000030517578,31.569599151611328,1620800,
2008-05-01,37.099998474121094,37.349998474121094,36.5,37.04999923706055,30.83716583251953,1700600,
2008-05-02,37.04999923706055,38.02000045776367,37.04999923706055,37.9900016784668,31.619543075561523,1348400,
2008-05-05,38.0099983215332,38.869998931884766,38.0099983215332,38.779998779296875,32.277061462402344,825500,
2008-05-06,38.880001068115234,39.470001220703125,38.72999954223633,39.290000915527344,32.70154571533203,825700,
2008-05-07,39.16999816894531,39.58000183105469,38.90999984741211,39.36000061035156,32.759803771972656,839600,
2008-05-08,39.58000183105469,40.0,39.47999954223633,40.0,33.292484283447266,933100,
2008-05-09,40.88999938964844,40.88999938964844,39.939998626708984,40.619998931884766,33.80851364135742,1035000,
2008-05-12,40.619998931884766,40.619998931884766,39.79999923706055,39.93000030517578,33.234222412109375,557100,
2008-05-13,40.040000915527344,40.41999816894531,39.75,40.150001525878906,33.41733169555664,700300,
2008-05-14,40.27000045776367,40.27000045776367,39.5,39.5,32.8763313293457,631600,
2008-05-15,40.029998779296875,40.16999816894531,39.119998931884766,39.95000076293945,33.2508659362793,723800,
2008-05-16,40.439998626708984,40.709999084472656,40.04999923706055,40.529998779296875,33.73360824584961,1480100,
2008-05-19,40.599998474121094,40.61000061035156,40.25,40.59000015258789,33.783546447753906,481400,
2008-05-20,41.0,41.31999969482422,40.91999816894531,41.150001525878906,34.2496452331543,654300,
2008-05-21,41.4900016784668,42.40999984741211,41.220001220703125,42.349998474121094,35.2484130859375,863900,
2008-05-22,42.45000076293945,42.54999923706055,41.52000045776367,41.7400016784668,34.74070739746094,1280800,
2008-05-23,42.189998626708984,42.220001220703125,41.529998779296875,41.81999969482422,34.80729293823242,478700,
2008-05-27,41.61000061035156,41.61000061035156,40.900001525878906,41.150001525878906,34.2496452331543,1094000,
2008-05-28,40.540000915527344,41.459999084472656,40.43000030517578,41.40999984741211,34.466041564941406,976600,
2008-05-29,40.79999923706055,41.5099983215332,39.86000061035156,40.279998779296875,33.525535583496094,883300,
2008-05-30,40.16999816894531,40.86000061035156,39.90999984741211,40.54999923706055,33.75025177001953,704800,
2008-06-02,40.4900016784668,41.33000183105469,40.290000915527344,41.09000015258789,34.19970703125,1013700,
2008-06-03,40.72999954223633,40.79999923706055,40.060001373291016,40.119998931884766,33.39236068725586,684400,
2008-06-04,39.90999984741211,40.04999923706055,39.5,39.52000045776367,32.892974853515625,797200,
2008-06-05,39.52000045776367,41.16999816894531,39.349998474121094,41.02000045776367,34.141441345214844,1323900,
2008-06-06,42.40999984741211,43.4900016784668,42.06999969482422,42.06999969482422,35.01537322998047,871600,
2008-06-09,43.150001525878906,43.150001525878906,42.189998626708984,42.5,35.373260498046875,1567800,
2008-06-10,43.4900016784668,43.4900016784668,42.0,42.33000183105469,35.231773376464844,868300,
2008-06-11,42.81999969482422,44.2599983215332,42.810001373291016,43.88999938964844,36.53017807006836,938900,
2008-06-12,43.650001525878906,44.09000015258789,42.65999984741211,43.880001068115234,36.521854400634766,1153800,
2008-06-13,43.40999984741211,43.79999923706055,43.130001068115234,43.599998474121094,36.2888069152832,378600,
2008-06-16,44.02000045776367,44.9900016784668,43.540000915527344,43.560001373291016,36.255516052246094,1116600,
2008-06-17,43.75,44.119998931884766,43.560001373291016,44.0,36.62173080444336,669100,
2008-06-18,44.36000061035156,44.599998474121094,43.63999938964844,44.599998474121094,37.121124267578125,540700,
2008-06-19,44.630001068115234,44.630001068115234,43.369998931884766,43.560001373291016,36.255516052246094,1047100,
2008-06-20,44.0,44.36000061035156,43.650001525878906,43.86000061035156,36.50520706176758,719600,
2008-06-23,43.70000076293945,44.27000045776367,43.529998779296875,44.16999816894531,36.76322555541992,712600,
2008-06-24,44.150001525878906,44.380001068115234,43.79999923706055,44.18000030517578,36.771549224853516,791800,
2008-06-25,44.0,44.06999969482422,43.08000183105469,44.0099983215332,36.63005828857422,1180300,
2008-06-26,44.66999816894531,45.5,44.630001068115234,45.470001220703125,37.84523391723633,959200,
2008-06-27,45.68000030517578,45.95000076293945,45.36000061035156,45.59000015258789,37.94511413574219,826400,
2008-06-30,45.93000030517578,45.93000030517578,44.779998779296875,44.779998779296875,37.27093505859375,1306200,
2008-07-01,45.34000015258789,45.630001068115234,45.04999923706055,45.56999969482422,37.928462982177734,860600,
2008-07-02,45.29999923706055,46.439998626708984,45.04999923706055,46.439998626708984,38.65257263183594,888000,
2008-07-03,46.630001068115234,46.630001068115234,46.0099983215332,46.41999816894531,38.63592529296875,1058300,
2008-07-07,45.810001373291016,45.90999984741211,44.91999816894531,45.790000915527344,38.111572265625,1137200,
2008-07-08,44.45000076293945,44.779998779296875,43.689998626708984,44.130001068115234,36.72993469238281,1586500,
2008-07-09,44.130001068115234,44.68000030517578,42.0,44.099998474121094,36.704959869384766,2332600,
2008-07-10,44.54999923706055,45.29999923706055,44.4900016784668,45.29999923706055,37.7037353515625,970900,
2008-07-11,46.31999969482422,46.5,45.290000915527344,45.93000030517578,38.22809600830078,707300,
2008-07-14,45.84000015258789,45.959999084472656,45.52000045776367,45.95000076293945,38.244747161865234,449100,
2008-07-15,45.68000030517578,45.869998931884766,43.75,44.4900016784668,37.02956771850586,4871400,
2008-07-16,44.0,44.189998626708984,43.0,43.810001373291016,36.46359634399414,1380700,
2008-07-17,43.56999969482422,44.119998931884766,42.43000030517578,42.779998779296875,35.6063117980957,1860900,
2008-07-18,42.58000183105469,42.79999923706055,41.79999923706055,42.04999923706055,34.998722076416016,1249000,
2008-07-21,42.150001525878906,42.560001373291016,41.869998931884766,42.560001373291016,35.42320251464844,1052100,
2008-07-22,42.5,42.5,41.22999954223633,41.630001068115234,34.64915466308594,1411800,
2008-07-23,40.95000076293945,41.400001525878906,40.41999816894531,40.689998626708984,33.86677932739258,2755700,
2008-07-24,40.560001373291016,40.810001373291016,40.279998779296875,40.720001220703125,33.89175033569336,1381100,
2008-07-25,40.61000061035156,40.650001525878906,40.08000183105469,40.209999084472656,33.46726608276367,752700,
2008-07-28,40.38999938964844,41.61000061035156,40.38999938964844,40.40999984741211,33.633731842041016,830200,
2008-07-29,40.849998474121094,40.88999938964844,39.599998474121094,39.95000076293945,33.2508659362793,1726200,
2008-07-30,39.540000915527344,40.91999816894531,39.5,40.7400016784668,33.90839385986328,1344100,
2008-07-31,41.13999938964844,41.52000045776367,39.880001068115234,40.400001525878906,33.62540817260742,937800,
2008-08-01,39.38999938964844,40.810001373291016,39.349998474121094,39.95000076293945,33.2508659362793,773300,
2008-08-04,39.90999984741211,40.13999938964844,37.95000076293945,38.630001068115234,32.152217864990234,1633800,
2008-08-05,38.33000183105469,38.86000061035156,38.09000015258789,38.36000061035156,31.927490234375,1609300,
2008-08-06,38.279998779296875,38.5099983215332,37.540000915527344,37.95000076293945,31.586244583129883,1373800,
2008-08-07,37.93000030517578,38.45000076293945,37.93000030517578,38.15999984741211,31.761030197143555,949200,
2008-08-08,37.63999938964844,37.77000045776367,36.86000061035156,37.09000015258789,30.870454788208008,1584700,
2008-08-11,37.27000045776367,37.400001525878906,36.75,37.04999923706055,30.83716583251953,823000,
2008-08-12,37.15999984741211,37.16999816894531,36.38999938964844,36.72999954223633,30.570819854736328,705300,
2008-08-13,36.83000183105469,38.189998626708984,36.83000183105469,37.959999084472656,31.594568252563477,662100,
2008-08-14,37.849998474121094,37.939998626708984,37.06999969482422,37.630001068115234,31.31990623474121,569800,
2008-08-15,37.150001525878906,37.34000015258789,36.66999816894531,37.119998931884766,30.89542007446289,908200,
2008-08-18,37.459999084472656,37.720001220703125,37.08000183105469,37.33000183105469,31.07021141052246,629200,
2008-08-19,37.150001525878906,38.310001373291016,37.0,37.90999984741211,31.552953720092773,1380900,
2008-08-20,38.130001068115234,38.5,37.5099983215332,38.209999084472656,31.802642822265625,885200,
2008-08-21,39.08000183105469,40.11000061035156,39.08000183105469,39.849998474121094,33.16763687133789,975300,
2008-08-22,39.459999084472656,39.4900016784668,38.310001373291016,38.5,32.04401779174805,449000,
2008-08-25,38.4900016784668,38.72999954223633,38.13999938964844,38.279998779296875,31.860910415649414,455700,
2008-08-26,38.45000076293945,38.900001525878906,37.849998474121094,38.29999923706055,31.877552032470703,788600,
2008-08-27,38.900001525878906,39.290000915527344,38.189998626708984,38.65999984741211,32.177188873291016,520200,
2008-08-28,38.79999923706055,38.959999084472656,37.630001068115234,37.900001525878906,31.544633865356445,540500,
2008-08-29,38.20000076293945,38.40999984741211,37.65999984741211,37.7599983215332,31.428102493286133,419400,
2008-09-02,36.11000061035156,36.88999938964844,35.900001525878906,36.779998779296875,30.612438201904297,1213700,
2008-09-03,36.189998626708984,36.56999969482422,35.97999954223633,36.56999969482422,30.437654495239258,1391500,
2008-09-04,36.41999816894531,36.75,35.869998931884766,36.04999923706055,30.004850387573242,915500,
2008-09-05,35.790000915527344,35.970001220703125,35.31999969482422,35.689998626708984,29.70522117614746,664200,
2008-09-08,35.91999816894531,36.119998931884766,35.2400016784668,35.61000061035156,29.63863182067871,563200,
2008-09-09,34.93000030517578,35.029998779296875,34.25,34.310001373291016,28.55662727355957,1065500,
2008-09-10,34.7400016784668,34.959999084472656,34.119998931884766,34.36000061035156,28.598243713378906,827700,
2008-09-11,34.189998626708984,34.310001373291016,33.75,34.06999969482422,28.356874465942383,787000,
2008-09-12,34.27000045776367,34.68000030517578,34.130001068115234,34.29999923706055,28.548303604125977,611800,
2008-09-15,33.59000015258789,33.91999816894531,32.84000015258789,32.95000076293945,27.424686431884766,600900,
2008-09-16,32.25,32.810001373291016,31.700000762939453,32.279998779296875,26.867034912109375,1160900,
2008-09-17,32.619998931884766,33.75,32.18000030517578,33.25,27.674379348754883,988600,
2008-09-18,33.939998626708984,34.470001220703125,33.16999816894531,33.310001373291016,27.724319458007812,966900,
2008-09-19,33.400001525878906,34.7599983215332,33.400001525878906,34.40999984741211,28.639860153198242,890000,
2008-09-22,35.060001373291016,36.16999816894531,35.060001373291016,35.599998474121094,29.630308151245117,1457300,
2008-09-23,35.650001525878906,35.84000015258789,34.7400016784668,35.25,29.339000701904297,609000,
2008-09-24,35.93000030517578,35.97999954223633,34.959999084472656,34.959999084472656,29.097631454467773,1131600,
2008-09-25,35.02000045776367,35.7400016784668,34.779998779296875,35.56999969482422,29.60533905029297,879200,
2008-09-26,34.88999938964844,35.29999923706055,34.75,35.150001525878906,29.255773544311523,418800,
2008-09-29,33.869998931884766,34.16999816894531,32.70000076293945,32.970001220703125,27.441333770751953,682400,
2008-09-30,33.369998931884766,33.88999938964844,33.16999816894531,33.88999938964844,28.207056045532227,1113600,
2008-10-01,33.5,33.5099983215332,32.63999938964844,33.099998474121094,27.549531936645508,590400,
2008-10-02,32.540000915527344,32.540000915527344,31.270000457763672,31.270000457763672,26.026399612426758,992000,
2008-10-03,31.030000686645508,31.950000762939453,30.479999542236328,30.540000915527344,25.418813705444336,1613100,
2008-10-06,30.399999618530273,30.469999313354492,29.020000457763672,29.239999771118164,24.33680534362793,2123200,
2008-10-07,30.170000076293945,30.469999313354492,29.600000381469727,29.600000381469727,24.63644027709961,1593300,
2008-10-08,29.719999313354492,30.43000030517578,29.559999465942383,30.030000686645508,24.994335174560547,1123100,
2008-10-09,30.239999771118164,30.5,28.6299991607666,28.6299991607666,23.8290958404541,849400,
2008-10-10,27.34000015258789,28.940000534057617,27.270000457763672,27.360000610351562,22.77206039428711,1859300,
2008-10-13,28.979999542236328,29.09000015258789,28.389999389648438,28.8799991607666,24.037174224853516,666600,
2008-10-14,29.59000015258789,29.690000534057617,28.299999237060547,28.350000381469727,23.596050262451172,1053100,
2008-10-15,27.65999984741211,27.8799991607666,27.059999465942383,27.059999465942383,22.522361755371094,750500,
2008-10-16,27.139999389648438,27.149999618530273,25.950000762939453,26.549999237060547,22.097883224487305,949900,
2008-10-17,26.459999084472656,27.40999984741211,26.360000610351562,26.850000381469727,22.34758186340332,1005600,
2008-10-20,27.06999969482422,27.6200008392334,26.65999984741211,27.389999389648438,22.797029495239258,512200,
2008-10-21,26.6299991607666,26.899999618530273,26.31999969482422,26.40999984741211,21.98136329650879,442300,
2008-10-22,25.75,25.81999969482422,24.899999618530273,25.15999984741211,20.940969467163086,643600,
2008-10-23,25.049999237060547,25.65999984741211,24.950000762939453,25.260000228881836,21.024206161499023,819100,
2008-10-24,23.8700008392334,24.75,23.799999237060547,24.25,20.18356704711914,724800,
2008-10-27,23.940000534057617,25.0,23.829999923706055,24.06999969482422,20.03375244140625,712100,
2008-10-28,24.989999771118164,25.100000381469727,24.25,24.729999542236328,20.583078384399414,605600,
2008-10-29,25.40999984741211,26.399999618530273,25.31999969482422,26.190000534057617,21.79825210571289,931900,
2008-10-30,26.100000381469727,26.1299991607666,24.860000610351562,25.110000610351562,20.899356842041016,711400,
2008-10-31,25.0,26.440000534057617,24.860000610351562,25.389999389648438,21.132404327392578,1047200,
2008-11-03,25.40999984741211,25.649999618530273,25.100000381469727,25.110000610351562,20.899356842041016,979000,
2008-11-04,25.729999542236328,27.15999984741211,25.690000534057617,26.25,21.84819221496582,1220100,
2008-11-05,26.469999313354492,26.6299991607666,25.420000076293945,25.56999969482422,21.28221893310547,757200,
2008-11-06,25.190000534057617,25.309999465942383,24.3700008392334,24.450000762939453,20.35002899169922,800900,
2008-11-07,24.600000381469727,24.8700008392334,24.399999618530273,24.479999542236328,20.375,1248800,
2008-11-10,25.469999313354492,25.639999389648438,24.25,24.639999389648438,20.50817108154297,438200,
2008-11-11,24.260000228881836,24.31999969482422,23.68000030517578,24.170000076293945,20.11698341369629,873900,
2008-11-12,23.5,23.739999771118164,23.09000015258789,23.459999084472656,19.526042938232422,978100,
2008-11-13,23.270000457763672,24.219999313354492,22.950000762939453,23.899999618530273,19.892257690429688,1126400,
2008-11-14,23.579999923706055,23.920000076293945,23.3799991607666,23.75,19.767412185668945,486800,
2008-11-17,23.530000686645508,23.959999084472656,23.079999923706055,23.209999084472656,19.317962646484375,554600,
2008-11-18,23.209999084472656,23.440000534057617,22.75,22.860000610351562,19.026655197143555,1750400,
2008-11-19,23.030000686645508,23.219999313354492,22.600000381469727,22.600000381469727,18.810253143310547,912800,
2008-11-20,22.149999618530273,22.799999237060547,21.450000762939453,21.450000762939453,17.85309600830078,926200,
2008-11-21,21.549999237060547,22.1200008392334,21.549999237060547,21.81999969482422,18.161048889160156,591300,
2008-11-24,22.420000076293945,23.31999969482422,22.1299991607666,23.31999969482422,19.409517288208008,1225100,
2008-11-25,22.81999969482422,22.899999618530273,22.290000915527344,22.540000915527344,18.76031494140625,731400,
2008-11-26,22.81999969482422,23.260000228881836,22.459999084472656,23.260000228881836,19.35957908630371,1003900,
2008-11-28,22.700000762939453,22.950000762939453,22.25,22.25,18.518943786621094,406000,
2008-12-01,22.229999542236328,22.239999771118164,21.559999465942383,21.559999465942383,17.94464874267578,548600,
2008-12-02,21.950000762939453,22.100000381469727,21.360000610351562,21.56999969482422,17.952972412109375,849100,
2008-12-03,21.200000762939453,21.43000030517578,21.0,21.31999969482422,17.744892120361328,1077200,
2008-12-04,21.0,21.200000762939453,20.15999984741211,20.200000762939453,16.81270408630371,1102100,
2008-12-05,20.1299991607666,20.170000076293945,19.40999984741211,19.700000762939453,16.396549224853516,1966600,
2008-12-08,20.420000076293945,20.739999771118164,20.200000762939453,20.610000610351562,17.153953552246094,1253100,
2008-12-09,20.489999771118164,20.649999618530273,20.079999923706055,20.15999984741211,16.779409408569336,1201400,
2008-12-10,20.5,20.8700008392334,20.100000381469727,20.770000457763672,17.287120819091797,1485800,
2008-12-11,20.90999984741211,21.719999313354492,20.81999969482422,21.43000030517578,17.836448669433594,2210700,
2008-12-12,20.670000076293945,22.5,20.459999084472656,21.899999618530273,18.227632522583008,1068200,
2008-12-15,21.780000686645508,21.950000762939453,20.670000076293945,20.950000762939453,17.711917877197266,1382400,"{""dividend_amount"": 0.34}"
2008-12-16,21.25,21.450000762939453,20.719999313354492,21.25,17.96554946899414,952900,
2008-12-17,21.43000030517578,21.450000762939453,20.760000228881836,20.959999084472656,17.720369338989258,1794800,
2008-12-18,20.8700008392334,20.93000030517578,20.399999618530273,20.639999389648438,17.449832916259766,2647600,
2008-12-19,20.479999542236328,20.65999984741211,20.25,20.5,17.331472396850586,2509700,
2008-12-22,20.5,20.579999923706055,19.8700008392334,19.920000076293945,16.841115951538086,3788100,
2008-12-23,19.940000534057617,20.34000015258789,19.610000610351562,20.0,16.908750534057617,1340100,
2008-12-24,20.049999237060547,20.049999237060547,19.610000610351562,19.690000534057617,16.64666748046875,520600,
2008-12-26,19.420000076293945,20.020000457763672,19.40999984741211,20.0,16.908750534057617,515700,
2008-12-29,20.399999618530273,20.440000534057617,19.860000610351562,20.219999313354492,17.09474754333496,1247400,
2008-12-30,20.239999771118164,20.459999084472656,19.899999618530273,20.34000015258789,17.196199417114258,1078800,
2008-12-31,20.1299991607666,21.579999923706055,20.020000457763672,21.190000534057617,17.914823532104492,1143700,
2009-01-02,21.559999465942383,22.219999313354492,21.200000762939453,21.93000030517578,18.540447235107422,808800,
2009-01-05,21.760000228881836,22.239999771118164,21.399999618530273,22.15999984741211,18.734899520874023,1221900,
2009-01-06,22.610000610351562,22.889999389648438,22.270000457763672,22.739999771118164,19.225248336791992,1047200,
2009-01-07,22.489999771118164,22.489999771118164,21.5,21.579999923706055,18.24454116821289,991700,
2009-01-08,21.559999465942383,21.68000030517578,21.209999084472656,21.65999984741211,18.312177658081055,1207000,
2009-01-09,21.549999237060547,21.549999237060547,21.100000381469727,21.40999984741211,18.100820541381836,672000,
2009-01-12,21.0,21.06999969482422,20.350000381469727,20.440000534057617,17.280746459960938,701500,
2009-01-13,20.549999237060547,21.170000076293945,20.360000610351562,20.780000686645508,17.568193435668945,553700,
2009-01-14,20.959999084472656,20.959999084472656,20.049999237060547,20.489999771118164,17.323015213012695,700000,
2009-01-15,20.489999771118164,20.610000610351562,20.030000686645508,20.469999313354492,17.306106567382812,880500,
2009-01-16,21.1200008392334,21.1200008392334,20.530000686645508,20.559999465942383,17.3821964263916,1184900,
2009-01-20,20.299999237060547,20.40999984741211,19.65999984741211,19.920000076293945,16.841115951538086,699600,
2009-01-21,19.75,20.09000015258789,19.510000228881836,20.0,16.908750534057617,956600,
2009-01-22,19.850000381469727,20.049999237060547,19.549999237060547,19.739999771118164,16.688936233520508,1469000,
2009-01-23,19.75,20.790000915527344,19.65999984741211,20.65999984741211,17.46674156188965,1804300,
2009-01-26,20.780000686645508,21.219999313354492,20.610000610351562,20.700000762939453,17.500558853149414,1223600,
2009-01-27,20.540000915527344,20.540000915527344,19.959999084472656,20.139999389648438,17.02711296081543,1017000,
2009-01-28,20.350000381469727,20.739999771118164,20.100000381469727,20.6200008392334,17.432924270629883,2342100,
2009-01-29,20.200000762939453,20.5,20.149999618530273,20.3700008392334,17.2215633392334,927500,
2009-01-30,20.56999969482422,20.639999389648438,20.25,20.25,17.1201114654541,964900,
2009-02-02,20.0,20.25,19.729999542236328,19.860000610351562,16.79039192199707,811600,
2009-02-03,19.739999771118164,19.979999542236328,19.5,19.6299991607666,16.5959415435791,737300,
2009-02-04,19.829999923706055,19.979999542236328,19.600000381469727,19.739999771118164,16.688936233520508,1735200,
2009-02-05,19.8799991607666,20.229999542236328,19.700000762939453,20.18000030517578,17.060932159423828,998900,
2009-02-06,20.06999969482422,20.540000915527344,19.809999465942383,20.329999923706055,17.187746047973633,1411400,
2009-02-09,20.850000381469727,20.850000381469727,20.200000762939453,20.219999313354492,17.09474754333496,946400,
2009-02-10,20.5,20.639999389648438,19.850000381469727,19.959999084472656,16.87493324279785,1183500,
2009-02-11,19.90999984741211,20.059999465942383,19.729999542236328,19.84000015258789,16.773483276367188,731200,
2009-02-12,19.75,19.920000076293945,19.559999465942383,19.8700008392334,16.798847198486328,731500,
2009-02-13,20.170000076293945,20.170000076293945,19.40999984741211,19.510000228881836,16.494487762451172,1302100,
2009-02-17,18.8799991607666,19.030000686645508,18.420000076293945,18.420000076293945,15.57296085357666,1216800,
2009-02-18,18.540000915527344,18.540000915527344,18.149999618530273,18.309999465942383,15.479962348937988,864300,
2009-02-19,18.3799991607666,18.790000915527344,18.219999313354492,18.760000228881836,15.860407829284668,777200,
2009-02-20,18.280000686645508,18.68000030517578,18.209999084472656,18.549999237060547,15.682867050170898,1107800,
2009-02-23,18.850000381469727,18.899999618530273,18.270000457763672,18.3700008392334,15.530689239501953,709400,
2009-02-24,18.639999389648438,18.739999771118164,18.3799991607666,18.719999313354492,15.826593399047852,858000,
2009-02-25,18.799999237060547,19.149999618530273,18.520000457763672,18.940000534057617,16.012588500976562,860100,
2009-02-26,19.260000228881836,19.469999313354492,19.059999465942383,19.34000015258789,16.35076332092285,657300,
2009-02-27,19.219999313354492,19.489999771118164,18.8700008392334,19.110000610351562,16.15631103515625,595700,
2009-03-02,18.649999618530273,18.649999618530273,18.040000915527344,18.149999618530273,15.344693183898926,1263200,
2009-03-03,18.270000457763672,18.450000762939453,17.940000534057617,18.270000457763672,15.446145057678223,1398300,
2009-03-04,18.709999084472656,19.030000686645508,18.68000030517578,18.90999984741211,15.987226486206055,1010100,
2009-03-05,18.770000457763672,19.100000381469727,18.5,18.75,15.851953506469727,938900,
2009-03-06,19.030000686645508,19.200000762939453,18.799999237060547,19.200000762939453,16.23240089416504,1247200,
2009-03-09,19.479999542236328,19.479999542236328,18.780000686645508,19.09000015258789,16.139404296875,1624800,
2009-03-10,19.239999771118164,19.43000030517578,18.959999084472656,19.040000915527344,16.097131729125977,1020200,
2009-03-11,18.989999771118164,19.059999465942383,18.3799991607666,18.440000534057617,15.589868545532227,724600,
2009-03-12,18.6200008392334,19.360000610351562,18.5,19.299999237060547,16.316946029663086,1256400,
2009-03-13,19.43000030517578,19.540000915527344,19.079999923706055,19.1299991607666,16.173219680786133,1692900,
2009-03-16,19.209999084472656,19.549999237060547,18.770000457763672,19.549999237060547,16.528305053710938,1015100,
2009-03-17,19.549999237060547,19.969999313354492,19.479999542236328,19.969999313354492,16.88338851928711,1798200,
2009-03-18,19.690000534057617,20.25,19.389999389648438,20.219999313354492,17.09474754333496,1501200,
2009-03-19,20.8799991607666,21.030000686645508,20.489999771118164,20.639999389648438,17.449832916259766,3796400,
2009-03-20,20.68000030517578,20.950000762939453,20.549999237060547,20.920000076293945,17.686553955078125,2944200,
2009-03-23,20.979999542236328,21.389999389648438,20.860000610351562,21.360000610351562,18.05854606628418,3068100,
2009-03-24,21.059999465942383,21.100000381469727,20.850000381469727,21.010000228881836,17.762643814086914,2188200,
2009-03-25,20.719999313354492,20.969999313354492,20.540000915527344,20.690000534057617,17.492103576660156,1585700,
2009-03-26,21.049999237060547,21.06999969482422,20.799999237060547,21.049999237060547,17.796459197998047,1601100,
2009-03-27,20.639999389648438,20.670000076293945,20.350000381469727,20.65999984741211,17.46674156188965,1362300,
2009-03-30,20.170000076293945,20.25,19.719999313354492,19.90999984741211,16.832664489746094,1630400,
2009-03-31,20.010000228881836,20.280000686645508,19.639999389648438,20.0,16.908750534057617,4798800,
2009-04-01,19.799999237060547,20.010000228881836,19.649999618530273,19.950000762939453,16.866479873657227,3109500,
2009-04-02,20.690000534057617,20.93000030517578,20.559999465942383,20.719999313354492,17.517465591430664,4605800,
2009-04-03,20.600000381469727,21.06999969482422,20.600000381469727,21.040000915527344,17.788009643554688,2335000,
2009-04-06,20.790000915527344,20.860000610351562,20.440000534057617,20.780000686645508,17.568193435668945,1918700,
2009-04-07,20.520000457763672,20.6299991607666,20.350000381469727,20.40999984741211,17.255382537841797,1230500,
2009-04-08,20.290000915527344,20.90999984741211,20.18000030517578,20.559999465942383,17.3821964263916,1741200,
2009-04-09,20.979999542236328,21.0,20.600000381469727,20.860000610351562,17.63582992553711,1843100,
2009-04-13,20.360000610351562,21.360000610351562,20.270000457763672,20.950000762939453,17.711917877197266,1368000,
2009-04-14,20.790000915527344,20.829999923706055,20.34000015258789,20.56999969482422,17.39065170288086,1233600,
2009-04-15,20.389999389648438,20.56999969482422,20.209999084472656,20.440000534057617,17.280746459960938,1158200,
2009-04-16,20.440000534057617,20.440000534057617,20.239999771118164,20.350000381469727,17.20465660095215,1574900,
2009-04-17,20.510000228881836,20.510000228881836,20.200000762939453,20.200000762939453,17.07784080505371,1508400,
2009-04-20,19.670000076293945,19.68000030517578,19.280000686645508,19.440000534057617,16.4353084564209,3025000,
2009-04-21,19.190000534057617,19.649999618530273,19.100000381469727,19.510000228881836,16.494487762451172,1247400,
2009-04-22,19.479999542236328,19.610000610351562,19.350000381469727,19.540000915527344,16.519851684570312,1270300,
2009-04-23,19.600000381469727,19.799999237060547,19.489999771118164,19.799999237060547,16.73966407775879,1312800,
2009-04-24,20.040000915527344,20.139999389648438,19.940000534057617,20.100000381469727,16.993295669555664,1333600,
2009-04-27,19.329999923706055,19.8700008392334,19.209999084472656,19.600000381469727,16.570575714111328,1093100,
2009-04-28,19.34000015258789,19.5,19.260000228881836,19.459999084472656,16.45221710205078,1567100,
2009-04-29,19.700000762939453,19.950000762939453,19.6299991607666,19.90999984741211,16.832664489746094,1617400,
2009-04-30,19.75,19.989999771118164,19.670000076293945,19.979999542236328,16.891841888427734,1304800,
2009-05-01,20.200000762939453,20.68000030517578,20.100000381469727,20.579999923706055,17.399105072021484,2069700,
2009-05-04,20.700000762939453,20.989999771118164,20.68000030517578,20.979999542236328,17.737279891967773,3069000,
2009-05-05,20.81999969482422,20.90999984741211,20.59000015258789,20.68000030517578,17.4836483001709,1581500,
2009-05-06,21.09000015258789,21.270000457763672,20.90999984741211,21.229999542236328,17.948640823364258,2645900,
2009-05-07,21.670000076293945,21.670000076293945,21.09000015258789,21.270000457763672,17.98245620727539,3601000,
2009-05-08,21.549999237060547,21.81999969482422,21.399999618530273,21.799999237060547,18.4305419921875,2875200,
2009-05-11,21.579999923706055,21.700000762939453,21.43000030517578,21.6200008392334,18.278364181518555,1816400,
2009-05-12,21.920000076293945,21.920000076293945,21.549999237060547,21.84000015258789,18.464357376098633,2137800,
2009-05-13,21.739999771118164,21.950000762939453,21.489999771118164,21.59000015258789,18.25299835205078,2477600,
2009-05-14,21.489999771118164,21.760000228881836,21.389999389648438,21.729999542236328,18.371356964111328,1957200,
2009-05-15,21.600000381469727,21.68000030517578,21.079999923706055,21.18000030517578,17.906368255615234,2119100,
2009-05-18,21.31999969482422,21.770000457763672,21.270000457763672,21.739999771118164,18.37981414794922,2184700,
2009-05-19,21.739999771118164,21.790000915527344,21.5,21.739999771118164,18.37981414794922,2517000,
2009-05-20,21.950000762939453,22.25,21.850000381469727,22.09000015258789,18.675718307495117,4038300,
2009-05-21,21.809999465942383,22.020000457763672,21.579999923706055,21.90999984741211,18.523536682128906,2330700,
2009-05-22,22.0,22.229999542236328,21.889999389648438,22.229999542236328,18.794076919555664,1947100,
2009-05-26,21.770000457763672,22.31999969482422,21.700000762939453,22.280000686645508,18.836349487304688,3170300,
2009-05-27,22.389999389648438,22.5,22.200000762939453,22.3799991607666,18.9208927154541,2329500,
2009-05-28,22.489999771118164,22.8799991607666,22.389999389648438,22.790000915527344,19.26752471923828,2732700,
2009-05-29,23.18000030517578,23.25,23.010000228881836,23.229999542236328,19.639514923095703,3127300,
2009-06-01,23.59000015258789,23.940000534057617,23.520000457763672,23.8700008392334,20.180599212646484,4044000,
2009-06-02,23.739999771118164,24.059999465942383,23.670000076293945,23.969999313354492,20.265138626098633,3385400,
2009-06-03,23.770000457763672,23.790000915527344,22.93000030517578,23.170000076293945,19.588788986206055,3295800,
2009-06-04,23.579999923706055,24.100000381469727,23.450000762939453,24.020000457763672,20.30741310119629,2816000,
2009-06-05,23.920000076293945,23.950000762939453,23.610000610351562,23.889999389648438,20.19750213623047,3026200,
2009-06-08,23.790000915527344,23.860000610351562,23.639999389648438,23.829999923706055,20.146778106689453,2457400,
2009-06-09,24.049999237060547,24.110000610351562,23.850000381469727,24.059999465942383,20.341230392456055,2168000,
2009-06-10,24.200000762939453,24.219999313354492,23.780000686645508,23.969999313354492,20.265138626098633,2546900,
2009-06-11,24.139999389648438,24.309999465942383,24.079999923706055,24.190000534057617,20.451133728027344,2864500,
2009-06-12,23.920000076293945,23.940000534057617,23.719999313354492,23.850000381469727,20.16368865966797,1954100,
2009-06-15,23.6200008392334,23.6200008392334,23.219999313354492,23.389999389648438,19.774784088134766,2273500,
2009-06-16,23.65999984741211,23.690000534057617,23.18000030517578,23.299999237060547,19.698694229125977,1694100,
2009-06-17,23.219999313354492,23.5,23.010000228881836,23.3700008392334,19.757877349853516,1887700,
2009-06-18,23.3799991607666,23.540000915527344,23.239999771118164,23.399999618530273,19.783239364624023,1843200,
2009-06-19,23.489999771118164,23.520000457763672,23.049999237060547,23.200000762939453,19.614152908325195,2409400,
2009-06-22,22.700000762939453,22.700000762939453,22.31999969482422,22.420000076293945,18.954713821411133,3758400,
2009-06-23,22.559999465942383,22.829999923706055,22.350000381469727,22.809999465942383,19.2844295501709,4012600,
2009-06-24,22.899999618530273,23.0,22.690000534057617,22.799999237060547,19.27597999572754,4231700,
2009-06-25,22.920000076293945,23.049999237060547,22.770000457763672,23.0,19.4450626373291,3136700,
2009-06-26,22.969999313354492,22.989999771118164,22.65999984741211,22.809999465942383,19.2844295501709,2186200,
2009-06-29,23.020000457763672,23.110000610351562,22.920000076293945,23.030000686645508,19.470428466796875,2322300,
2009-06-30,22.889999389648438,22.93000030517578,22.149999618530273,22.6200008392334,19.123798370361328,2892900,
2009-07-01,22.8799991607666,22.889999389648438,22.329999923706055,22.530000686645508,19.04770851135254,2208000,
2009-07-02,22.049999237060547,22.110000610351562,21.920000076293945,22.030000686645508,18.624990463256836,2277800,
2009-07-06,21.489999771118164,21.540000915527344,21.25,21.3700008392334,18.067001342773438,2763400,
2009-07-07,21.479999542236328,21.479999542236328,20.959999084472656,21.030000686645508,17.779552459716797,2690400,
2009-07-08,21.0,21.010000228881836,20.610000610351562,20.770000457763672,17.55974006652832,3580300,
2009-07-09,20.850000381469727,20.950000762939453,20.639999389648438,20.899999618530273,17.669645309448242,1778200,
2009-07-10,20.68000030517578,20.81999969482422,20.530000686645508,20.739999771118164,17.534374237060547,1486900,
2009-07-13,20.579999923706055,20.8700008392334,20.399999618530273,20.850000381469727,17.627376556396484,1537000,
2009-07-14,21.0,21.020000457763672,20.719999313354492,20.850000381469727,17.627376556396484,1340200,
2009-07-15,21.200000762939453,21.399999618530273,21.139999389648438,21.399999618530273,18.092365264892578,3202700,
2009-07-16,21.149999618530273,21.489999771118164,21.1200008392334,21.450000762939453,18.13463592529297,1460600,
2009-07-17,21.649999618530273,21.850000381469727,21.6200008392334,21.770000457763672,18.40517807006836,2220200,
2009-07-20,22.09000015258789,22.170000076293945,21.860000610351562,22.1299991607666,18.70953369140625,3233700,
2009-07-21,22.290000915527344,22.329999923706055,21.889999389648438,22.049999237060547,18.641897201538086,3826700,
2009-07-22,21.850000381469727,22.209999084472656,21.780000686645508,22.170000076293945,18.74335289001465,2362900,
2009-07-23,22.209999084472656,22.719999313354492,22.200000762939453,22.6299991607666,19.132251739501953,2376400,
2009-07-24,22.760000228881836,22.809999465942383,22.559999465942383,22.649999618530273,19.149160385131836,2448800,
2009-07-27,22.770000457763672,22.809999465942383,22.6200008392334,22.739999771118164,19.225248336791992,1906600,
2009-07-28,22.540000915527344,22.549999237060547,22.290000915527344,22.489999771118164,19.013891220092773,1973600,
2009-07-29,22.280000686645508,22.290000915527344,21.799999237060547,21.90999984741211,18.523536682128906,2307500,
2009-07-30,22.280000686645508,22.729999542236328,22.190000534057617,22.59000015258789,19.098434448242188,2079200,
2009-07-31,22.5,23.049999237060547,22.43000030517578,23.040000915527344,19.478883743286133,2317200,
2009-08-03,23.530000686645508,23.75,23.43000030517578,23.690000534057617,20.028419494628906,2570800,
2009-08-04,23.59000015258789,23.81999969482422,23.450000762939453,23.700000762939453,20.03687286376953,2255000,
2009-08-05,23.989999771118164,24.0,23.65999984741211,23.950000762939453,20.248231887817383,2445900,
2009-08-06,23.850000381469727,23.889999389648438,23.399999618530273,23.399999618530273,19.783239364624023,2238200,
2009-08-07,23.56999969482422,23.700000762939453,23.170000076293945,23.290000915527344,19.690242767333984,2473800,
2009-08-10,23.329999923706055,23.3799991607666,23.110000610351562,23.280000686645508,19.681787490844727,1588300,
2009-08-11,23.170000076293945,23.18000030517578,22.8700008392334,22.93000030517578,19.385883331298828,1647800,
2009-08-12,22.8799991607666,23.200000762939453,22.799999237060547,23.049999237060547,19.48733901977539,2315800,
2009-08-13,23.40999984741211,23.440000534057617,23.18000030517578,23.360000610351562,19.74942398071289,2327900,
2009-08-14,23.229999542236328,23.229999542236328,22.600000381469727,22.700000762939453,19.191434860229492,1761100,
2009-08-17,22.25,22.389999389648438,22.049999237060547,22.360000610351562,18.90398406982422,2724400,
2009-08-18,22.280000686645508,22.8700008392334,22.239999771118164,22.799999237060547,19.27597999572754,1339100,
2009-08-19,22.399999618530273,23.079999923706055,22.3799991607666,22.959999084472656,19.4112491607666,1167300,
2009-08-20,22.850000381469727,22.90999984741211,22.68000030517578,22.770000457763672,19.2506160736084,1506000,
2009-08-21,22.989999771118164,23.09000015258789,22.84000015258789,22.940000534057617,19.394338607788086,1638600,
2009-08-24,23.190000534057617,23.200000762939453,22.889999389648438,22.979999542236328,19.428159713745117,1590200,
2009-08-25,22.989999771118164,23.059999465942383,22.399999618530273,22.649999618530273,19.149160385131836,1869100,
2009-08-26,22.399999618530273,22.59000015258789,22.290000915527344,22.59000015258789,19.098434448242188,1853900,
2009-08-27,22.43000030517578,22.780000686645508,22.270000457763672,22.780000686645508,19.259071350097656,1616300,
2009-08-28,22.790000915527344,22.8700008392334,22.5,22.729999542236328,19.216796875,1693300,
2009-08-31,22.25,22.34000015258789,21.899999618530273,22.110000610351562,18.692625045776367,1298600,
2009-09-01,22.190000534057617,22.459999084472656,21.709999084472656,21.770000457763672,18.40517807006836,2174500,
2009-09-02,21.739999771118164,21.8799991607666,21.559999465942383,21.81999969482422,18.44744873046875,1679300,
2009-09-03,21.959999084472656,21.959999084472656,21.649999618530273,21.709999084472656,18.354450225830078,1684700,
2009-09-04,21.579999923706055,21.670000076293945,21.420000076293945,21.6200008392334,18.278364181518555,1803200,
2009-09-08,22.06999969482422,22.260000228881836,21.979999542236328,22.020000457763672,18.61653709411621,2799000,
2009-09-09,22.149999618530273,22.31999969482422,22.020000457763672,22.110000610351562,18.692625045776367,2264600,
2009-09-10,21.940000534057617,22.229999542236328,21.8799991607666,22.229999542236328,18.794076919555664,1568600,
2009-09-11,22.399999618530273,22.399999618530273,21.690000534057617,21.940000534057617,18.548898696899414,1647700,
2009-09-14,21.709999084472656,21.860000610351562,21.65999984741211,21.81999969482422,18.44744873046875,1505200,
2009-09-15,21.889999389648438,22.3799991607666,21.75,22.329999923706055,18.878623962402344,2333600,
2009-09-16,22.399999618530273,22.65999984741211,22.299999237060547,22.6200008392334,19.123798370361328,2035200,
2009-09-17,22.65999984741211,22.790000915527344,22.510000228881836,22.6299991607666,19.132251739501953,1327400,
2009-09-18,22.68000030517578,22.700000762939453,22.3799991607666,22.43000030517578,18.963165283203125,1553000,
2009-09-21,22.15999984741211,22.15999984741211,21.81999969482422,21.940000534057617,18.548898696899414,1805400,
2009-09-22,22.329999923706055,22.329999923706055,22.1200008392334,22.299999237060547,18.85325813293457,1926600,
2009-09-23,22.299999237060547,22.299999237060547,21.780000686645508,21.799999237060547,18.4305419921875,1487600,
2009-09-24,21.760000228881836,21.770000457763672,21.31999969482422,21.520000457763672,18.193817138671875,1982500,
2009-09-25,21.420000076293945,21.559999465942383,21.219999313354492,21.350000381469727,18.050094604492188,1543100,
2009-09-28,21.31999969482422,21.6200008392334,21.299999237060547,21.540000915527344,18.210723876953125,1144800,
2009-09-29,21.5,21.65999984741211,21.3700008392334,21.459999084472656,18.143089294433594,1323200,
2009-09-30,21.610000610351562,22.18000030517578,21.350000381469727,22.059999465942383,18.650354385375977,2136300,
2009-10-01,22.239999771118164,22.239999771118164,21.799999237060547,21.920000076293945,18.53199005126953,2257800,
2009-10-02,21.690000534057617,21.93000030517578,21.6200008392334,21.700000762939453,18.345996856689453,1334200,
2009-10-05,21.690000534057617,22.399999618530273,21.459999084472656,22.399999618530273,18.937803268432617,1520300,
2009-10-06,22.200000762939453,22.520000457763672,22.1299991607666,22.1299991607666,18.70953369140625,2322300,
2009-10-07,22.270000457763672,22.3700008392334,21.920000076293945,22.170000076293945,18.74335289001465,1932000,
2009-10-08,22.200000762939453,22.850000381469727,22.170000076293945,22.610000610351562,19.115345001220703,1875300,
2009-10-09,22.729999542236328,22.81999969482422,22.510000228881836,22.700000762939453,19.191434860229492,1188000,
2009-10-12,23.06999969482422,23.280000686645508,23.06999969482422,23.15999984741211,19.58033561706543,1798600,
2009-10-13,23.309999465942383,23.479999542236328,23.139999389648438,23.420000076293945,19.800148010253906,1819500,
2009-10-14,23.56999969482422,23.639999389648438,23.510000228881836,23.600000381469727,19.952327728271484,1841000,
2009-10-15,23.549999237060547,23.860000610351562,23.43000030517578,23.84000015258789,20.155231475830078,2579200,
2009-10-16,23.850000381469727,23.979999542236328,23.68000030517578,23.899999618530273,20.205957412719727,1767100,
2009-10-19,23.920000076293945,24.309999465942383,23.860000610351562,24.239999771118164,20.493406295776367,2012600,
2009-10-20,24.329999923706055,24.329999923706055,23.940000534057617,24.09000015258789,20.36659049987793,2164200,
2009-10-21,24.079999923706055,24.899999618530273,24.020000457763672,24.600000381469727,20.797765731811523,2042400,
2009-10-22,24.649999618530273,24.81999969482422,24.440000534057617,24.799999237060547,20.96685028076172,1799600,
2009-10-23,24.920000076293945,24.959999084472656,24.56999969482422,24.709999084472656,20.890762329101562,1617200,
2009-10-26,24.889999389648438,25.020000457763672,24.110000610351562,24.260000228881836,20.51031494140625,1885800,
2009-10-27,24.31999969482422,24.31999969482422,23.969999313354492,24.09000015258789,20.36659049987793,3855800,
2009-10-28,23.860000610351562,23.969999313354492,23.469999313354492,23.469999313354492,19.842418670654297,3014200,
2009-10-29,23.75,24.270000457763672,23.75,24.200000762939453,20.459590911865234,2377800,
2009-10-30,24.020000457763672,24.049999237060547,23.530000686645508,23.59000015258789,19.943872451782227,2278200,
2009-11-02,23.59000015258789,24.0,23.549999237060547,24.0,20.290502548217773,2008500,
2009-11-03,23.799999237060547,24.399999618530273,23.700000762939453,24.34000015258789,20.577951431274414,2419900,
2009-11-04,24.479999542236328,24.610000610351562,24.280000686645508,24.31999969482422,20.561044692993164,3456400,
2009-11-05,24.31999969482422,24.399999618530273,24.149999618530273,24.190000534057617,20.451133728027344,1924500,
2009-11-06,23.940000534057617,24.1299991607666,23.670000076293945,23.760000228881836,20.08759880065918,2483500,
2009-11-09,24.059999465942383,24.229999542236328,24.010000228881836,24.149999618530273,20.41731834411621,1809600,
2009-11-10,24.260000228881836,24.299999237060547,23.790000915527344,24.030000686645508,20.315866470336914,2451700,
2009-11-11,24.290000915527344,24.360000610351562,24.059999465942383,24.190000534057617,20.451133728027344,1383500,
2009-11-12,24.059999465942383,24.139999389648438,23.780000686645508,23.829999923706055,20.146778106689453,2308200,
2009-11-13,23.809999465942383,23.93000030517578,23.610000610351562,23.809999465942383,20.129867553710938,1058400,
2009-11-16,24.059999465942383,24.639999389648438,24.010000228881836,24.5,20.71322250366211,1080900,
2009-11-17,24.510000228881836,24.700000762939453,24.389999389648438,24.6200008392334,20.814674377441406,2245400,
2009-11-18,24.850000381469727,24.93000030517578,24.510000228881836,24.639999389648438,20.831581115722656,3365300,
2009-11-19,24.510000228881836,24.510000228881836,24.100000381469727,24.290000915527344,20.535680770874023,1484900,
2009-11-20,24.110000610351562,24.350000381469727,24.049999237060547,24.260000228881836,20.51031494140625,4630100,
2009-11-23,24.719999313354492,24.780000686645508,24.260000228881836,24.3700008392334,20.603313446044922,2014600,
2009-11-24,24.31999969482422,24.3700008392334,23.959999084472656,24.09000015258789,20.36659049987793,2632700,
2009-11-25,24.239999771118164,24.700000762939453,24.149999618530273,24.670000076293945,20.856948852539062,1799700,
2009-11-27,23.790000915527344,24.459999084472656,23.729999542236328,24.389999389648438,20.620223999023438,1416200,
2009-11-30,24.280000686645508,24.780000686645508,24.200000762939453,24.65999984741211,20.84848976135254,3340900,
2009-12-01,24.920000076293945,25.059999465942383,24.84000015258789,24.84000015258789,21.000669479370117,2594000,
2009-12-02,24.90999984741211,24.959999084472656,24.59000015258789,24.670000076293945,20.856948852539062,3084400,
2009-12-03,24.709999084472656,24.860000610351562,24.59000015258789,24.649999618530273,20.840038299560547,1631900,
2009-12-04,24.8799991607666,24.940000534057617,24.309999465942383,24.450000762939453,20.670948028564453,3607400,
2009-12-07,24.200000762939453,24.5,24.15999984741211,24.229999542236328,20.484954833984375,2023600,
2009-12-08,24.190000534057617,24.190000534057617,23.93000030517578,23.989999771118164,20.282047271728516,1906900,
2009-12-09,24.0,24.079999923706055,23.389999389648438,23.690000534057617,20.028419494628906,2277800,
2009-12-10,23.549999237060547,23.65999984741211,23.31999969482422,23.559999465942383,19.918508529663086,2051600,
2009-12-11,23.639999389648438,23.68000030517578,23.399999618530273,23.68000030517578,20.019962310791016,2280700,
2009-12-14,23.75,23.860000610351562,23.690000534057617,23.809999465942383,20.129867553710938,2782900,
2009-12-15,23.809999465942383,23.889999389648438,23.700000762939453,23.700000762939453,20.03687286376953,2935200,
2009-12-16,23.889999389648438,24.18000030517578,23.8799991607666,24.110000610351562,20.383501052856445,1447200,
2009-12-17,23.899999618530273,23.950000762939453,23.6200008392334,23.739999771118164,20.070690155029297,1646600,
2009-12-18,23.969999313354492,24.049999237060547,23.690000534057617,23.84000015258789,20.155231475830078,2143000,
2009-12-21,24.010000228881836,24.06999969482422,23.610000610351562,23.610000610351562,19.96078109741211,1138300,
2009-12-22,23.670000076293945,23.8700008392334,23.450000762939453,23.780000686645508,20.104507446289062,2165800,
2009-12-23,23.860000610351562,24.260000228881836,23.860000610351562,24.200000762939453,20.459590911865234,1465200,
2009-12-24,24.229999542236328,24.3700008392334,24.229999542236328,24.34000015258789,20.577951431274414,882900,
2009-12-28,24.760000228881836,24.799999237060547,24.670000076293945,24.770000457763672,20.94148826599121,1932500,
2009-12-29,24.850000381469727,24.850000381469727,24.579999923706055,24.719999313354492,20.89921760559082,2252400,
2009-12-30,24.719999313354492,24.799999237060547,24.600000381469727,24.690000534057617,20.873857498168945,1420400,
2009-12-31,24.889999389648438,24.889999389648438,24.600000381469727,24.6200008392334,20.814674377441406,1649600,
2010-01-04,25.170000076293945,25.239999771118164,25.06999969482422,25.239999771118164,21.33884620666504,2046900,
2010-01-05,25.270000457763672,25.329999923706055,25.1200008392334,25.270000457763672,21.364208221435547,2335400,
2010-01-06,25.399999618530273,25.729999542236328,25.299999237060547,25.719999313354492,21.744653701782227,2262600,
2010-01-07,25.6299991607666,25.649999618530273,25.399999618530273,25.399999618530273,21.47411346435547,1604100,
2010-01-08,25.34000015258789,25.479999542236328,25.229999542236328,25.3799991607666,21.457204818725586,1565300,
2010-01-11,25.56999969482422,25.59000015258789,25.260000228881836,25.299999237060547,21.38957405090332,1493800,
2010-01-12,25.049999237060547,25.110000610351562,24.6200008392334,24.760000228881836,20.93303680419922,3256300,
2010-01-13,24.6299991607666,24.809999465942383,24.329999923706055,24.780000686645508,20.94994354248047,3565200,
2010-01-14,24.81999969482422,24.860000610351562,24.549999237060547,24.649999618530273,20.840038299560547,1622200,
2010-01-15,24.59000015258789,24.610000610351562,24.299999237060547,24.3700008392334,20.603313446044922,1427200,
2010-01-19,24.18000030517578,24.530000686645508,24.100000381469727,24.530000686645508,20.738584518432617,2316500,
2010-01-20,24.209999084472656,24.219999313354492,23.940000534057617,24.06999969482422,20.349681854248047,1848500,
2010-01-21,24.139999389648438,24.229999542236328,23.719999313354492,23.770000457763672,20.096050262451172,2452400,
2010-01-22,23.6299991607666,23.709999084472656,23.360000610351562,23.520000457763672,19.884693145751953,3609600,
2010-01-25,23.489999771118164,23.68000030517578,23.479999542236328,23.6299991607666,19.977689743041992,1718100,
2010-01-26,23.270000457763672,23.549999237060547,23.25,23.3700008392334,19.757877349853516,1403100,
2010-01-27,23.239999771118164,23.350000381469727,22.860000610351562,23.030000686645508,19.470428466796875,2082100,
2010-01-28,23.06999969482422,23.110000610351562,22.75,22.950000762939453,19.402793884277344,1344900,
2010-01-29,23.030000686645508,23.1200008392334,22.65999984741211,22.690000534057617,19.182981491088867,2810100,
2010-02-01,22.829999923706055,23.239999771118164,22.75,23.239999771118164,19.64797019958496,2807600,
2010-02-02,23.309999465942383,23.770000457763672,23.260000228881836,23.739999771118164,20.070690155029297,13788100,
2010-02-03,23.649999618530273,23.770000457763672,23.43000030517578,23.450000762939453,19.825511932373047,4795500,
2010-02-04,23.200000762939453,23.229999542236328,22.610000610351562,22.670000076293945,19.16607093811035,4453900,
2010-02-05,22.600000381469727,22.68000030517578,21.829999923706055,22.3799991607666,18.9208927154541,11514400,
2010-02-08,22.3799991607666,22.56999969482422,22.25,22.389999389648438,18.92934799194336,1608100,
2010-02-09,22.56999969482422,22.93000030517578,22.479999542236328,22.790000915527344,19.26752471923828,2047300,
2010-02-10,23.059999465942383,23.059999465942383,22.520000457763672,22.8799991607666,19.343610763549805,1842300,
2010-02-11,22.920000076293945,23.239999771118164,22.760000228881836,23.149999618530273,19.571880340576172,1727000,
2010-02-12,22.899999618530273,23.020000457763672,22.719999313354492,23.020000457763672,19.461973190307617,1374300,
2010-02-16,23.389999389648438,23.739999771118164,23.3799991607666,23.719999313354492,20.05377960205078,1398600,
2010-02-17,23.700000762939453,23.739999771118164,23.479999542236328,23.600000381469727,19.952327728271484,1526800,
2010-02-18,23.690000534057617,23.84000015258789,23.59000015258789,23.809999465942383,20.129867553710938,1311900,
2010-02-19,23.670000076293945,24.0,23.600000381469727,23.950000762939453,20.248231887817383,1729200,
2010-02-22,23.950000762939453,23.979999542236328,23.739999771118164,23.81999969482422,20.138320922851562,1796300,
2010-02-23,23.610000610351562,23.670000076293945,23.389999389648438,23.43000030517578,19.808605194091797,1833000,
2010-02-24,23.469999313354492,23.68000030517578,23.360000610351562,23.6200008392334,19.969236373901367,1581200,
2010-02-25,23.149999618530273,23.270000457763672,23.010000228881836,23.219999313354492,19.631061553955078,1383700,
2010-02-26,23.290000915527344,23.6299991607666,23.290000915527344,23.6299991607666,19.977689743041992,1536900,
2010-03-01,23.729999542236328,23.790000915527344,23.280000686645508,23.389999389648438,19.774784088134766,2366400,
2010-03-02,23.479999542236328,23.790000915527344,23.459999084472656,23.639999389648438,19.98614501953125,1425800,
2010-03-03,23.709999084472656,23.979999542236328,23.6299991607666,23.8700008392334,20.180599212646484,1972000,
2010-03-04,23.770000457763672,23.829999923706055,23.559999465942383,23.65999984741211,20.003055572509766,1841300,
2010-03-05,23.850000381469727,24.020000457763672,23.81999969482422,23.940000534057617,20.239778518676758,1384000,
2010-03-08,24.040000915527344,24.040000915527344,23.75,23.90999984741211,20.214412689208984,1450800,
2010-03-09,23.690000534057617,23.850000381469727,23.649999618530273,23.649999618530273,19.994598388671875,2064000,
2010-03-10,23.649999618530273,23.989999771118164,23.5,23.719999313354492,20.05377960205078,1705400,
2010-03-11,23.6200008392334,23.690000534057617,23.530000686645508,23.65999984741211,20.003055572509766,1438400,
2010-03-12,23.739999771118164,23.770000457763672,23.420000076293945,23.520000457763672,19.884693145751953,1669300,
2010-03-15,23.3799991607666,23.389999389648438,23.110000610351562,23.239999771118164,19.64797019958496,1817600,
2010-03-16,23.469999313354492,23.68000030517578,23.420000076293945,23.549999237060547,19.91005516052246,1549700,
2010-03-17,23.709999084472656,23.8799991607666,23.579999923706055,23.760000228881836,20.08759880065918,2185600,
2010-03-18,23.739999771118164,23.780000686645508,23.610000610351562,23.709999084472656,20.045324325561523,1524900,
2010-03-19,23.420000076293945,23.700000762939453,23.260000228881836,23.420000076293945,19.800148010253906,1576900,
2010-03-22,23.06999969482422,23.459999084472656,22.989999771118164,23.420000076293945,19.800148010253906,3003900,
2010-03-23,23.329999923706055,23.469999313354492,23.239999771118164,23.31999969482422,19.715604782104492,1647200,
2010-03-24,23.049999237060547,23.15999984741211,22.979999542236328,23.059999465942383,19.495790481567383,1622700,
2010-03-25,23.209999084472656,23.229999542236328,22.90999984741211,22.93000030517578,19.385883331298828,3071500,
2010-03-26,23.059999465942383,23.110000610351562,22.8799991607666,22.969999313354492,19.419700622558594,1626500,
2010-03-29,23.25,23.56999969482422,23.239999771118164,23.489999771118164,19.859329223632812,2449500,
2010-03-30,23.520000457763672,23.579999923706055,23.399999618530273,23.540000915527344,19.901599884033203,1091300,
2010-03-31,23.639999389648438,23.709999084472656,23.450000762939453,23.520000457763672,19.884693145751953,1193900,
2010-04-01,23.790000915527344,24.010000228881836,23.739999771118164,23.979999542236328,20.273591995239258,1665900,
2010-04-05,24.1299991607666,24.3799991607666,24.1299991607666,24.360000610351562,20.594860076904297,1723500,
2010-04-06,24.309999465942383,24.450000762939453,24.25,24.34000015258789,20.577951431274414,1609500,
2010-04-07,24.329999923706055,24.450000762939453,24.170000076293945,24.25,20.501861572265625,1542500,
2010-04-08,24.110000610351562,24.229999542236328,24.049999237060547,24.209999084472656,20.46804428100586,1069800,
2010-04-09,24.309999465942383,24.389999389648438,24.149999618530273,24.260000228881836,20.51031494140625,987900,
2010-04-12,24.40999984741211,24.530000686645508,24.209999084472656,24.239999771118164,20.493406295776367,1300100,
2010-04-13,24.31999969482422,24.399999618530273,24.040000915527344,24.329999923706055,20.56949806213379,860200,
2010-04-14,24.489999771118164,24.709999084472656,24.389999389648438,24.610000610351562,20.80622100830078,1454500,
2010-04-15,24.65999984741211,24.719999313354492,24.56999969482422,24.700000762939453,20.88231086730957,2087200,
2010-04-16,24.549999237060547,24.610000610351562,24.100000381469727,24.25,20.501861572265625,1506500,
2010-04-19,24.06999969482422,24.06999969482422,23.75,23.940000534057617,20.239778518676758,2749500,
2010-04-20,24.06999969482422,24.229999542236328,24.030000686645508,24.1299991607666,20.400407791137695,1977900,
2010-04-21,24.219999313354492,24.3700008392334,24.0,24.25,20.501861572265625,1687400,
2010-04-22,24.049999237060547,24.309999465942383,23.93000030517578,24.309999465942383,20.552587509155273,1618300,
2010-04-23,24.15999984741211,24.5,24.1200008392334,24.469999313354492,20.687856674194336,1137100,
2010-04-26,24.520000457763672,24.56999969482422,24.329999923706055,24.350000381469727,20.58640480041504,925700,
2010-04-27,24.219999313354492,24.399999618530273,23.93000030517578,23.979999542236328,20.273591995239258,1517700,
2010-04-28,24.030000686645508,24.139999389648438,23.8799991607666,24.059999465942383,20.341230392456055,1620000,
2010-04-29,24.290000915527344,24.3700008392334,24.219999313354492,24.25,20.501861572265625,1316600,
2010-04-30,24.399999618530273,24.489999771118164,24.229999542236328,24.440000534057617,20.662494659423828,2476400,
2010-05-03,24.489999771118164,24.65999984741211,24.450000762939453,24.559999465942383,20.763946533203125,2355800,
2010-05-04,24.280000686645508,24.31999969482422,23.8799991607666,23.899999618530273,20.205957412719727,2435900,
2010-05-05,23.18000030517578,23.579999923706055,23.110000610351562,23.360000610351562,19.74942398071289,7516400,
2010-05-06,23.170000076293945,23.31999969482422,22.549999237060547,22.899999618530273,19.360519409179688,3574100,
2010-05-07,22.790000915527344,22.90999984741211,22.5,22.780000686645508,19.259071350097656,3752200,
2010-05-10,23.280000686645508,23.350000381469727,23.040000915527344,23.219999313354492,19.631061553955078,2334400,
2010-05-11,23.020000457763672,23.280000686645508,23.020000457763672,23.18000030517578,19.59724235534668,1730400,
2010-05-12,23.360000610351562,23.5,23.190000534057617,23.3700008392334,19.757877349853516,1831900,
2010-05-13,23.309999465942383,23.40999984741211,23.170000076293945,23.170000076293945,19.588788986206055,1337600,
2010-05-14,23.0,23.0,22.479999542236328,22.579999923706055,19.089982986450195,1702200,
2010-05-17,22.420000076293945,22.5,21.8700008392334,21.940000534057617,18.548898696899414,2636100,
2010-05-18,22.299999237060547,22.309999465942383,21.850000381469727,21.90999984741211,18.523536682128906,1979100,
2010-05-19,21.709999084472656,21.790000915527344,21.40999984741211,21.709999084472656,18.354450225830078,4000900,
2010-05-20,21.239999771118164,21.440000534057617,21.020000457763672,21.260000228881836,17.9740047454834,3071500,
2010-05-21,21.190000534057617,21.649999618530273,21.1299991607666,21.479999542236328,18.15999984741211,3529200,
2010-05-24,21.510000228881836,21.600000381469727,21.40999984741211,21.459999084472656,18.143089294433594,2873300,
2010-05-25,20.93000030517578,21.290000915527344,20.84000015258789,21.290000915527344,17.999364852905273,2565700,
2010-05-26,21.43000030517578,21.68000030517578,21.43000030517578,21.520000457763672,18.193817138671875,1614200,
2010-05-27,21.790000915527344,22.170000076293945,21.780000686645508,22.149999618530273,18.726444244384766,2069500,
2010-05-28,22.059999465942383,22.170000076293945,21.75,21.959999084472656,18.565807342529297,2489300,
2010-06-01,21.760000228881836,22.079999923706055,21.549999237060547,21.549999237060547,18.219179153442383,3618300,
2010-06-02,21.639999389648438,21.860000610351562,21.540000915527344,21.809999465942383,18.438993453979492,1395800,
2010-06-03,21.799999237060547,21.950000762939453,21.610000610351562,21.93000030517578,18.540447235107422,1162900,
2010-06-04,21.68000030517578,21.690000534057617,21.219999313354492,21.25,17.96554946899414,2423300,
2010-06-07,21.200000762939453,21.469999313354492,21.170000076293945,21.290000915527344,17.999364852905273,1406100,
2010-06-08,21.360000610351562,21.489999771118164,21.270000457763672,21.459999084472656,18.143089294433594,3121500,
2010-06-09,21.65999984741211,21.75,21.540000915527344,21.559999465942383,18.227632522583008,1570000,
2010-06-10,21.799999237060547,21.989999771118164,21.739999771118164,21.920000076293945,18.53199005126953,1341100,
2010-06-11,21.799999237060547,21.950000762939453,21.700000762939453,21.950000762939453,18.557357788085938,2334000,
2010-06-14,22.1299991607666,22.229999542236328,21.950000762939453,22.010000228881836,18.608081817626953,1647200,
2010-06-15,22.15999984741211,22.43000030517578,22.09000015258789,22.3799991607666,18.9208927154541,1778600,
2010-06-16,22.31999969482422,22.510000228881836,22.219999313354492,22.43000030517578,18.963165283203125,1320600,
2010-06-17,22.56999969482422,22.579999923706055,22.360000610351562,22.440000534057617,18.971622467041016,1183100,
2010-06-18,22.3700008392334,22.520000457763672,22.299999237060547,22.399999618530273,18.937803268432617,1929900,
2010-06-21,22.739999771118164,22.770000457763672,22.239999771118164,22.309999465942383,18.861713409423828,1081100,
2010-06-22,22.3799991607666,22.450000762939453,22.229999542236328,22.260000228881836,18.819440841674805,1540300,
2010-06-23,22.15999984741211,22.15999984741211,21.850000381469727,21.889999389648438,18.506629943847656,1179500,
2010-06-24,21.989999771118164,22.030000686645508,21.829999923706055,21.940000534057617,18.548898696899414,1196000,
2010-06-25,22.139999389648438,22.389999389648438,22.040000915527344,22.34000015258789,18.887075424194336,1452700,
2010-06-28,22.25,22.280000686645508,22.079999923706055,22.100000381469727,18.684171676635742,3621500,
2010-06-29,21.700000762939453,21.709999084472656,21.440000534057617,21.489999771118164,18.168455123901367,1756400,
2010-06-30,21.520000457763672,21.799999237060547,21.469999313354492,21.56999969482422,18.236087799072266,5303500,
2010-07-01,21.469999313354492,21.479999542236328,21.079999923706055,21.239999771118164,17.957094192504883,1622700,
2010-07-02,21.31999969482422,21.3700008392334,21.100000381469727,21.200000762939453,17.92327880859375,1682600,
2010-07-06,21.469999313354492,21.600000381469727,21.170000076293945,21.260000228881836,17.9740047454834,1373000,
2010-07-07,21.360000610351562,21.739999771118164,21.360000610351562,21.739999771118164,18.37981414794922,1319600,
2010-07-08,21.829999923706055,21.969999313354492,21.639999389648438,21.940000534057617,18.548898696899414,1514200,
2010-07-09,21.899999618530273,22.030000686645508,21.81999969482422,21.979999542236328,18.582719802856445,1278200,
2010-07-12,21.850000381469727,21.90999984741211,21.649999618530273,21.729999542236328,18.371356964111328,702300,
2010-07-13,22.040000915527344,22.1299991607666,22.0,22.079999923706055,18.66726303100586,1164400,
2010-07-14,22.059999465942383,22.25,21.959999084472656,22.040000915527344,18.633445739746094,1135500,
2010-07-15,22.190000534057617,22.25,21.860000610351562,22.25,18.810985565185547,1078500,
2010-07-16,22.079999923706055,22.100000381469727,21.850000381469727,21.969999313354492,18.574262619018555,866000,
2010-07-19,22.030000686645508,22.219999313354492,21.829999923706055,21.950000762939453,18.557357788085938,1203200,
2010-07-20,21.860000610351562,22.139999389648438,21.850000381469727,22.1299991607666,18.70953369140625,2829900,
2010-07-21,22.360000610351562,22.360000610351562,22.030000686645508,22.06999969482422,18.658809661865234,1532200,
2010-07-22,22.399999618530273,22.56999969482422,22.3700008392334,22.510000228881836,19.03080177307129,953100,
2010-07-23,22.450000762939453,22.530000686645508,22.3700008392334,22.440000534057617,18.971622467041016,922500,
2010-07-26,22.440000534057617,22.5,22.360000610351562,22.420000076293945,18.954713821411133,936200,
2010-07-27,22.489999771118164,22.530000686645508,22.049999237060547,22.18000030517578,18.751806259155273,1219200,
2010-07-28,22.239999771118164,22.34000015258789,22.110000610351562,22.270000457763672,18.82789421081543,1408200,
2010-07-29,22.520000457763672,22.68000030517578,22.43000030517578,22.59000015258789,19.098434448242188,839700,
2010-07-30,22.489999771118164,22.920000076293945,22.450000762939453,22.889999389648438,19.352067947387695,1062700,
2010-08-02,23.329999923706055,23.479999542236328,23.299999237060547,23.329999923706055,19.72406005859375,1583400,
2010-08-03,23.389999389648438,23.469999313354492,23.290000915527344,23.40999984741211,19.79169464111328,1362700,
2010-08-04,23.559999465942383,23.690000534057617,23.469999313354492,23.610000610351562,19.96078109741211,2179600,
2010-08-05,23.65999984741211,23.719999313354492,23.5,23.5,19.867782592773438,1210300,
2010-08-06,23.389999389648438,23.59000015258789,23.149999618530273,23.290000915527344,19.690242767333984,1406400,
2010-08-09,23.350000381469727,23.440000534057617,23.280000686645508,23.3700008392334,19.757877349853516,670600,
2010-08-10,22.969999313354492,23.219999313354492,22.899999618530273,23.1200008392334,19.546518325805664,2217900,
2010-08-11,22.8799991607666,22.889999389648438,22.579999923706055,22.600000381469727,19.106889724731445,1301400,
2010-08-12,22.489999771118164,22.65999984741211,22.389999389648438,22.43000030517578,18.963165283203125,11204100,
2010-08-13,22.469999313354492,22.5,22.34000015258789,22.40999984741211,18.946256637573242,1819900,
2010-08-16,22.399999618530273,22.479999542236328,22.309999465942383,22.34000015258789,18.887075424194336,957900,
2010-08-17,22.56999969482422,22.760000228881836,22.540000915527344,22.65999984741211,19.157615661621094,1493600,
2010-08-18,22.459999084472656,22.65999984741211,22.329999923706055,22.56999969482422,19.081525802612305,952300,
2010-08-19,22.610000610351562,22.610000610351562,22.290000915527344,22.34000015258789,18.887075424194336,1005900,
2010-08-20,22.209999084472656,22.239999771118164,22.110000610351562,22.200000762939453,18.768714904785156,1032400,
2010-08-23,22.149999618530273,22.290000915527344,22.0,22.049999237060547,18.641897201538086,873400,
2010-08-24,21.81999969482422,21.90999984741211,21.75,21.799999237060547,18.4305419921875,2209900,
2010-08-25,21.719999313354492,21.90999984741211,21.6299991607666,21.90999984741211,18.523536682128906,1158700,
2010-08-26,22.100000381469727,22.280000686645508,22.079999923706055,22.15999984741211,18.734899520874023,1224900,
2010-08-27,22.25,22.579999923706055,22.06999969482422,22.540000915527344,19.056163787841797,1142000,
2010-08-30,22.540000915527344,22.649999618530273,22.489999771118164,22.5,19.0223445892334,890600,
2010-08-31,22.520000457763672,22.600000381469727,22.170000076293945,22.200000762939453,18.768714904785156,1091500,
2010-09-01,22.5,22.709999084472656,22.5,22.639999389648438,19.140705108642578,1217400,
2010-09-02,22.579999923706055,22.84000015258789,22.549999237060547,22.799999237060547,19.27597999572754,1633900,
2010-09-03,22.889999389648438,22.969999313354492,22.649999618530273,22.920000076293945,19.377429962158203,963700,
2010-09-07,22.860000610351562,23.18000030517578,22.770000457763672,23.040000915527344,19.478883743286133,989000,
2010-09-08,23.06999969482422,23.239999771118164,23.06999969482422,23.09000015258789,19.521154403686523,951800,
2010-09-09,23.149999618530273,23.190000534057617,22.940000534057617,22.959999084472656,19.4112491607666,1149800,
2010-09-10,22.989999771118164,23.200000762939453,22.969999313354492,23.200000762939453,19.614152908325195,1201700,
2010-09-13,23.360000610351562,23.43000030517578,23.290000915527344,23.3700008392334,19.757877349853516,1315200,
2010-09-14,23.309999465942383,23.56999969482422,23.309999465942383,23.440000534057617,19.81705665588379,1438500,
2010-09-15,23.350000381469727,23.440000534057617,23.309999465942383,23.399999618530273,19.783239364624023,1278000,
2010-09-16,23.440000534057617,23.489999771118164,23.18000030517578,23.280000686645508,19.681787490844727,844300,
2010-09-17,23.450000762939453,23.489999771118164,23.200000762939453,23.360000610351562,19.74942398071289,1236300,
2010-09-20,23.459999084472656,23.690000534057617,23.459999084472656,23.549999237060547,19.91005516052246,1107500,
2010-09-21,23.520000457763672,23.540000915527344,23.290000915527344,23.299999237060547,19.698694229125977,1400300,
2010-09-22,23.5,23.540000915527344,23.309999465942383,23.440000534057617,19.81705665588379,1052000,
2010-09-23,23.290000915527344,23.559999465942383,23.280000686645508,23.459999084472656,19.83396339416504,1070800,
2010-09-24,23.59000015258789,23.860000610351562,23.59000015258789,23.81999969482422,20.138320922851562,1266300,
2010-09-27,23.809999465942383,23.850000381469727,23.530000686645508,23.65999984741211,20.003055572509766,959900,
2010-09-28,23.649999618530273,23.860000610351562,23.579999923706055,23.65999984741211,20.003055572509766,1621100,
2010-09-29,23.549999237060547,23.989999771118164,23.479999542236328,23.969999313354492,20.265138626098633,1137600,
2010-09-30,24.040000915527344,24.1200008392334,23.780000686645508,24.110000610351562,20.383501052856445,2265900,
2010-10-01,24.280000686645508,24.3799991607666,24.079999923706055,24.15999984741211,20.425769805908203,3049300,
2010-10-04,24.139999389648438,24.200000762939453,24.030000686645508,24.079999923706055,20.358137130737305,1412800,
2010-10-05,24.290000915527344,24.579999923706055,24.25,24.56999969482422,20.77239990234375,2483200,
2010-10-06,24.56999969482422,24.729999542236328,24.520000457763672,24.579999923706055,20.78085708618164,7915000,
2010-10-07,24.790000915527344,24.790000915527344,24.270000457763672,24.329999923706055,20.56949806213379,2212800,
2010-10-08,24.6299991607666,25.149999618530273,24.559999465942383,25.139999389648438,21.254301071166992,4032800,
2010-10-11,25.110000610351562,25.260000228881836,25.0,25.020000457763672,21.152849197387695,1333400,
2010-10-12,25.020000457763672,25.219999313354492,24.860000610351562,25.139999389648438,21.254301071166992,2043200,
2010-10-13,25.290000915527344,25.399999618530273,25.229999542236328,25.260000228881836,21.355754852294922,1886600,
2010-10-14,25.280000686645508,25.469999313354492,25.18000030517578,25.219999313354492,21.321935653686523,1565300,
2010-10-15,25.239999771118164,25.280000686645508,24.889999389648438,24.940000534057617,21.085214614868164,1094100,
2010-10-18,25.020000457763672,25.239999771118164,24.959999084472656,25.190000534057617,21.296573638916016,1174800,
2010-10-19,24.68000030517578,24.8700008392334,24.420000076293945,24.450000762939453,20.670948028564453,1722300,
2010-10-20,24.610000610351562,25.079999923706055,24.610000610351562,25.030000686645508,21.161304473876953,2076100,
2010-10-21,25.079999923706055,25.18000030517578,24.6200008392334,24.719999313354492,20.89921760559082,1836600,
2010-10-22,24.850000381469727,24.93000030517578,24.729999542236328,24.93000030517578,21.076759338378906,1074800,
2010-10-25,25.190000534057617,25.260000228881836,24.90999984741211,25.059999465942383,21.186664581298828,1365100,
2010-10-26,24.979999542236328,25.209999084472656,24.969999313354492,25.190000534057617,21.296573638916016,1769300,
2010-10-27,24.979999542236328,25.1299991607666,24.799999237060547,25.110000610351562,21.22893714904785,1376900,
2010-10-28,25.299999237060547,25.31999969482422,25.1299991607666,25.239999771118164,21.33884620666504,1776300,
2010-10-29,25.139999389648438,25.229999542236328,25.020000457763672,25.18000030517578,21.288118362426758,1606100,
2010-11-01,25.6299991607666,25.639999389648438,25.290000915527344,25.34000015258789,21.42338752746582,1939800,
2010-11-02,25.610000610351562,25.610000610351562,25.489999771118164,25.56999969482422,21.617839813232422,1920000,
2010-11-03,25.6200008392334,25.75,25.350000381469727,25.690000534057617,21.71929168701172,2448200,
2010-11-04,26.149999618530273,26.34000015258789,26.06999969482422,26.299999237060547,22.235010147094727,2715100,
2010-11-05,26.270000457763672,26.40999984741211,26.170000076293945,26.40999984741211,22.328006744384766,2701200,
2010-11-08,26.309999465942383,26.489999771118164,26.229999542236328,26.479999542236328,22.387187957763672,1792800,
2010-11-09,26.729999542236328,26.920000076293945,26.260000228881836,26.299999237060547,22.235010147094727,3435400,
2010-11-10,26.549999237060547,26.65999984741211,26.329999923706055,26.579999923706055,22.471731185913086,1735500,
2010-11-11,26.579999923706055,26.579999923706055,26.329999923706055,26.360000610351562,22.285736083984375,1847400,
2010-11-12,25.920000076293945,25.979999542236328,25.229999542236328,25.260000228881836,21.355754852294922,1832900,
2010-11-15,25.459999084472656,25.520000457763672,25.299999237060547,25.299999237060547,21.38957405090332,2162600,
2010-11-16,25.059999465942383,25.06999969482422,24.510000228881836,24.549999237060547,20.7554931640625,3073400,
2010-11-17,24.559999465942383,24.75,24.329999923706055,24.360000610351562,20.594860076904297,2566500,
2010-11-18,24.899999618530273,25.020000457763672,24.760000228881836,25.020000457763672,21.152849197387695,2002500,
2010-11-19,24.780000686645508,24.84000015258789,24.579999923706055,24.65999984741211,20.84848976135254,3559400,
2010-11-22,24.6200008392334,24.760000228881836,24.43000030517578,24.739999771118164,20.916126251220703,2719100,
2010-11-23,24.479999542236328,24.739999771118164,24.3700008392334,24.68000030517578,20.865400314331055,1450200,
2010-11-24,24.739999771118164,25.149999618530273,24.739999771118164,25.139999389648438,21.254301071166992,1643000,
2010-11-26,24.969999313354492,25.260000228881836,24.950000762939453,25.260000228881836,21.355754852294922,659900,
2010-11-29,25.200000762939453,25.329999923706055,25.0,25.309999465942383,21.398025512695312,1594000,
2010-11-30,25.1299991607666,25.280000686645508,25.030000686645508,25.06999969482422,21.195119857788086,1606100,
2010-12-01,25.5,25.829999923706055,25.489999771118164,25.809999465942383,21.820743560791016,2078400,
2010-12-02,25.770000457763672,26.049999237060547,25.770000457763672,26.030000686645508,22.006742477416992,2401400,
2010-12-03,26.06999969482422,26.420000076293945,26.059999465942383,26.360000610351562,22.285736083984375,2571400,
2010-12-06,26.309999465942383,26.3799991607666,26.190000534057617,26.329999923706055,22.2603702545166,1868900,
2010-12-07,26.700000762939453,26.719999313354492,26.1299991607666,26.149999618530273,22.10819435119629,1710800,
2010-12-08,26.260000228881836,26.389999389648438,26.030000686645508,26.350000381469727,22.277278900146484,1690800,
2010-12-09,26.3700008392334,26.40999984741211,26.200000762939453,26.280000686645508,22.218101501464844,2535000,
2010-12-10,26.290000915527344,26.290000915527344,26.049999237060547,26.239999771118164,22.184284210205078,1439800,
2010-12-13,26.559999465942383,26.6200008392334,26.40999984741211,26.5,22.404096603393555,1330900,
2010-12-14,26.479999542236328,26.600000381469727,26.3799991607666,26.43000030517578,22.34491539001465,1226500,
2010-12-15,26.309999465942383,26.600000381469727,26.290000915527344,26.360000610351562,22.285736083984375,1304500,
2010-12-16,26.389999389648438,26.389999389648438,26.200000762939453,26.270000457763672,22.209646224975586,1587100,
2010-12-17,26.360000610351562,26.549999237060547,26.34000015258789,26.469999313354492,22.378732681274414,1321200,
2010-12-20,26.610000610351562,26.780000686645508,26.43000030517578,26.709999084472656,22.581636428833008,2017100,
2010-12-21,26.809999465942383,26.940000534057617,26.770000457763672,26.8799991607666,22.725360870361328,2422200,
2010-12-22,26.93000030517578,27.049999237060547,26.8799991607666,27.020000457763672,22.843725204467773,1361900,
2010-12-23,26.969999313354492,27.149999618530273,26.93000030517578,27.1200008392334,22.928268432617188,1367200,
2010-12-27,27.040000915527344,27.139999389648438,26.959999084472656,27.06999969482422,22.88599395751953,1534400,
2010-12-28,27.290000915527344,27.389999389648438,27.200000762939453,27.360000610351562,23.13117027282715,1148000,
2010-12-29,27.360000610351562,27.399999618530273,27.31999969482422,27.3700008392334,23.139629364013672,1789100,
2010-12-30,27.260000228881836,27.309999465942383,26.920000076293945,27.040000915527344,22.86063575744629,1612300,
2010-12-31,27.149999618530273,27.670000076293945,27.110000610351562,27.549999237060547,23.291807174682617,991100,
2011-01-03,27.829999923706055,27.979999542236328,27.649999618530273,27.670000076293945,23.393259048461914,2385800,
2011-01-04,27.690000534057617,27.709999084472656,27.059999465942383,27.299999237060547,23.0804443359375,3117800,
2011-01-05,27.030000686645508,27.59000015258789,26.959999084472656,27.59000015258789,23.32562255859375,2801700,
2011-01-06,27.600000381469727,27.610000610351562,27.18000030517578,27.219999313354492,23.012813568115234,2709700,
2011-01-07,27.139999389648438,27.309999465942383,26.899999618530273,27.1200008392334,22.928268432617188,3047200,
2011-01-10,27.34000015258789,27.459999084472656,27.239999771118164,27.440000534057617,23.198808670043945,1532500,
2011-01-11,27.649999618530273,27.790000915527344,27.530000686645508,27.75,23.460895538330078,1822800,
2011-01-12,28.0,28.100000381469727,27.8799991607666,27.93000030517578,23.613073348999023,6347100,
2011-01-13,27.979999542236328,28.0,27.770000457763672,27.889999389648438,23.579254150390625,3014400,
2011-01-14,27.860000610351562,28.079999923706055,27.790000915527344,28.020000457763672,23.689163208007812,3428100,
2011-01-18,27.8799991607666,28.1200008392334,27.850000381469727,27.989999771118164,23.66379737854004,1934600,
2011-01-19,28.209999084472656,28.219999313354492,27.950000762939453,27.959999084472656,23.6384334564209,2346400,
2011-01-20,27.6299991607666,27.790000915527344,27.420000076293945,27.68000030517578,23.40171241760254,3122100,
2011-01-21,27.780000686645508,27.989999771118164,27.739999771118164,27.959999084472656,23.6384334564209,2637900,
2011-01-24,27.889999389648438,27.989999771118164,27.690000534057617,27.719999313354492,23.435529708862305,1923100,
2011-01-25,27.3700008392334,27.420000076293945,27.31999969482422,27.3700008392334,23.139629364013672,2410500,
2011-01-26,27.520000457763672,28.0,27.479999542236328,27.979999542236328,23.655344009399414,3200800,
2011-01-27,27.989999771118164,28.030000686645508,27.729999542236328,27.739999771118164,23.452438354492188,2182200,
2011-01-28,27.850000381469727,28.209999084472656,27.81999969482422,28.09000015258789,23.74834442138672,2039900,
2011-01-31,28.149999618530273,28.68000030517578,28.1299991607666,28.530000686645508,24.120336532592773,3320600,
2011-02-01,28.639999389648438,28.81999969482422,28.600000381469727,28.739999771118164,24.297876358032227,3191500,
2011-02-02,28.8700008392334,29.049999237060547,28.790000915527344,29.020000457763672,24.53459930419922,2706800,
2011-02-03,29.040000915527344,29.079999923706055,28.719999313354492,28.829999923706055,24.373966217041016,1994100,
2011-02-04,28.90999984741211,28.93000030517578,28.5,28.670000076293945,24.238697052001953,1113600,
2011-02-07,28.690000534057617,28.799999237060547,28.5,28.59000015258789,24.17106056213379,1358600,
2011-02-08,28.510000228881836,28.780000686645508,28.43000030517578,28.780000686645508,24.331695556640625,1557500,
2011-02-09,28.770000457763672,28.959999084472656,28.68000030517578,28.920000076293945,24.450054168701172,2109100,
2011-02-10,28.829999923706055,28.950000762939453,28.670000076293945,28.75,24.306331634521484,1175500,
2011-02-11,28.729999542236328,28.75,28.5,28.649999618530273,24.221786499023438,1730500,
2011-02-14,28.760000228881836,29.020000457763672,28.739999771118164,28.790000915527344,24.34014892578125,1804600,
2011-02-15,28.709999084472656,28.770000457763672,28.270000457763672,28.420000076293945,24.02733612060547,3146500,
2011-02-16,28.579999923706055,28.729999542236328,28.479999542236328,28.6299991607666,24.204875946044922,1806500,
2011-02-17,28.700000762939453,28.75,28.579999923706055,28.719999313354492,24.280967712402344,1762700,
2011-02-18,28.489999771118164,28.860000610351562,28.479999542236328,28.690000534057617,24.255603790283203,2589800,
2011-02-22,29.149999618530273,29.149999618530273,28.6299991607666,28.649999618530273,24.221786499023438,2474900,
2011-02-23,28.790000915527344,29.309999465942383,28.790000915527344,29.290000915527344,24.76287078857422,3441700,
2011-02-24,29.420000076293945,29.489999771118164,28.889999389648438,29.030000686645508,24.543054580688477,3552700,
2011-02-25,29.280000686645508,29.709999084472656,29.149999618530273,29.670000076293945,25.08413314819336,1799300,
2011-02-28,29.670000076293945,29.809999465942383,29.56999969482422,29.719999313354492,25.126405715942383,2586200,
2011-03-01,29.899999618530273,30.18000030517578,29.81999969482422,30.170000076293945,25.50684928894043,3760900,
2011-03-02,30.209999084472656,30.450000762939453,30.100000381469727,30.290000915527344,25.608304977416992,3743900,
2011-03-03,30.200000762939453,30.34000015258789,30.040000915527344,30.280000686645508,25.599851608276367,2067200,
2011-03-04,30.420000076293945,30.5,30.290000915527344,30.43000030517578,25.726667404174805,2162800,
2011-03-07,30.639999389648438,30.670000076293945,30.25,30.290000915527344,25.608304977416992,2120000,
2011-03-08,30.190000534057617,30.200000762939453,29.920000076293945,30.030000686645508,25.388492584228516,2212600,
2011-03-09,30.229999542236328,30.350000381469727,29.989999771118164,30.149999618530273,25.48994255065918,1597200,
2011-03-10,29.8700008392334,29.950000762939453,29.479999542236328,29.65999984741211,25.075679779052734,2338900,
2011-03-11,29.239999771118164,29.56999969482422,29.219999313354492,29.489999771118164,24.93195343017578,1958200,
2011-03-14,29.479999542236328,29.600000381469727,29.34000015258789,29.56999969482422,24.999589920043945,1498100,
2011-03-15,28.540000915527344,28.809999465942383,28.209999084472656,28.489999771118164,24.08652114868164,3252800,
2011-03-16,28.729999542236328,29.030000686645508,28.469999313354492,28.65999984741211,24.230241775512695,3499900,
2011-03-17,29.1200008392334,29.649999618530273,29.079999923706055,29.549999237060547,24.98267936706543,3160000,
2011-03-18,29.6200008392334,29.799999237060547,29.510000228881836,29.719999313354492,25.126405715942383,2238000,
2011-03-21,29.8700008392334,29.969999313354492,29.780000686645508,29.860000610351562,25.244766235351562,2375200,
2011-03-22,29.770000457763672,30.1299991607666,29.709999084472656,30.079999923706055,25.430763244628906,2356400,
2011-03-23,30.200000762939453,30.309999465942383,30.09000015258789,30.139999389648438,25.481489181518555,2180300,
2011-03-24,30.1299991607666,30.309999465942383,30.079999923706055,30.239999771118164,25.56603240966797,1627100,
2011-03-25,30.31999969482422,30.360000610351562,30.139999389648438,30.31999969482422,25.633668899536133,1887400,
2011-03-28,30.0,30.18000030517578,29.90999984741211,29.90999984741211,25.287036895751953,1498400,
2011-03-29,29.940000534057617,30.15999984741211,29.829999923706055,30.079999923706055,25.430763244628906,1674500,
2011-03-30,30.06999969482422,30.1200008392334,29.850000381469727,30.040000915527344,25.39694595336914,1457200,
2011-03-31,30.489999771118164,30.59000015258789,30.350000381469727,30.510000228881836,25.794301986694336,1834200,
2011-04-01,30.559999465942383,30.780000686645508,30.40999984741211,30.719999313354492,25.971845626831055,3428900,
2011-04-04,30.8799991607666,31.09000015258789,30.829999923706055,31.0,26.208566665649414,2009700,
2011-04-05,31.020000457763672,31.18000030517578,30.989999771118164,31.030000686645508,26.233928680419922,1533000,
2011-04-06,31.270000457763672,31.350000381469727,31.049999237060547,31.1200008392334,26.310016632080078,1309800,
2011-04-07,31.18000030517578,31.260000228881836,30.979999542236328,31.18000030517578,26.360742568969727,1809500,
2011-04-08,31.420000076293945,31.920000076293945,31.399999618530273,31.920000076293945,26.98636817932129,3221600,
2011-04-11,31.780000686645508,31.829999923706055,31.329999923706055,31.329999923706055,26.487558364868164,2159000,
2011-04-12,31.219999313354492,31.229999542236328,30.56999969482422,30.690000534057617,25.946481704711914,2988400,
2011-04-13,31.0,31.110000610351562,30.6299991607666,30.93000030517578,26.149385452270508,1497000,
2011-04-14,30.75,31.030000686645508,30.709999084472656,31.010000228881836,26.217021942138672,2181000,
2011-04-15,31.0,31.270000457763672,30.889999389648438,31.170000076293945,26.3522891998291,1748600,
2011-04-18,31.18000030517578,31.239999771118164,30.739999771118164,30.979999542236328,26.19165802001953,1981800,
2011-04-19,30.850000381469727,31.170000076293945,30.75,30.989999771118164,26.200111389160156,1376100,
2011-04-20,31.309999465942383,31.649999618530273,31.280000686645508,31.479999542236328,26.6143741607666,1919800,
2011-04-21,31.790000915527344,31.790000915527344,31.440000534057617,31.709999084472656,26.80882453918457,1985200,
2011-04-25,31.889999389648438,31.889999389648438,31.40999984741211,31.6200008392334,26.732736587524414,2158100,
2011-04-26,31.6299991607666,31.709999084472656,31.510000228881836,31.610000610351562,26.724285125732422,2900200,
2011-04-27,31.639999389648438,31.81999969482422,31.34000015258789,31.799999237060547,26.88491439819336,1804300,
2011-04-28,31.729999542236328,31.889999389648438,31.40999984741211,31.56999969482422,26.69046401977539,2919900,
2011-04-29,31.649999618530273,31.989999771118164,31.56999969482422,31.899999618530273,26.969459533691406,2054800,
2011-05-02,31.729999542236328,32.02000045776367,31.579999923706055,31.579999923706055,26.69891929626465,2687400,
2011-05-03,31.6200008392334,31.649999618530273,31.1299991607666,31.25,26.419925689697266,2573900,
2011-05-04,31.139999389648438,31.200000762939453,30.709999084472656,30.75,25.997207641601562,2818700,
2011-05-05,30.040000915527344,30.100000381469727,28.530000686645508,28.690000534057617,24.255603790283203,8139700,
2011-05-06,28.84000015258789,29.489999771118164,28.520000457763672,28.600000381469727,24.179513931274414,5644900,
2011-05-09,29.030000686645508,29.700000762939453,28.93000030517578,29.649999618530273,25.06722640991211,4174300,
2011-05-10,29.579999923706055,29.989999771118164,29.479999542236328,29.920000076293945,25.295495986938477,3447800,
2011-05-11,29.65999984741211,29.670000076293945,28.790000915527344,28.959999084472656,24.483871459960938,4203700,
2011-05-12,28.649999618530273,29.229999542236328,28.43000030517578,28.989999771118164,24.509235382080078,6813000,
2011-05-13,29.06999969482422,29.229999542236328,28.649999618530273,29.040000915527344,24.5515079498291,3035100,
2011-05-16,28.979999542236328,29.190000534057617,28.639999389648438,28.65999984741211,24.230241775512695,5901400,
2011-05-17,28.56999969482422,28.760000228881836,28.260000228881836,28.729999542236328,24.2894229888916,3874300,
2011-05-18,28.989999771118164,29.540000915527344,28.979999542236328,29.309999465942383,24.779775619506836,3241900,
2011-05-19,29.3700008392334,29.43000030517578,29.030000686645508,29.079999923706055,24.585325241088867,2504200,
2011-05-20,29.049999237060547,29.440000534057617,28.639999389648438,29.350000381469727,24.813594818115234,3463900,
2011-05-23,28.610000610351562,29.030000686645508,28.610000610351562,28.8799991607666,24.416234970092773,2123000,
2011-05-24,29.329999923706055,29.459999084472656,29.030000686645508,29.270000457763672,24.745960235595703,1651500,
2011-05-25,29.3700008392334,29.860000610351562,29.350000381469727,29.799999237060547,25.194042205810547,1955800,
2011-05-26,29.84000015258789,29.969999313354492,29.68000030517578,29.90999984741211,25.287036895751953,1947200,
2011-05-27,30.0,30.110000610351562,29.959999084472656,30.079999923706055,25.430763244628906,1603600,
2011-05-31,30.229999542236328,30.5,30.200000762939453,30.25,25.574487686157227,3431600,
2011-06-01,30.260000228881836,30.270000457763672,29.84000015258789,29.8700008392334,25.25322151184082,3316800,
2011-06-02,30.059999465942383,30.15999984741211,29.75,30.1299991607666,25.47303581237793,2448600,
2011-06-03,29.889999389648438,30.260000228881836,29.809999465942383,30.25,25.574487686157227,1972200,
2011-06-06,30.100000381469727,30.25,29.850000381469727,29.899999618530273,25.278583526611328,2928100,
2011-06-07,30.049999237060547,30.34000015258789,29.920000076293945,30.18000030517578,25.515308380126953,3416800,
2011-06-08,30.280000686645508,30.559999465942383,30.239999771118164,30.43000030517578,25.726667404174805,2443700,
2011-06-09,30.549999237060547,30.68000030517578,30.420000076293945,30.600000381469727,25.870391845703125,1746900,
2011-06-10,30.360000610351562,30.420000076293945,30.1299991607666,30.280000686645508,25.599851608276367,2663300,
2011-06-13,30.239999771118164,30.399999618530273,29.860000610351562,30.079999923706055,25.430763244628906,1793900,
2011-06-14,30.170000076293945,30.3700008392334,30.170000076293945,30.290000915527344,25.608304977416992,1501100,
2011-06-15,30.06999969482422,30.190000534057617,29.280000686645508,29.479999542236328,24.92350196838379,2780200,
2011-06-16,29.3799991607666,29.5,29.290000915527344,29.360000610351562,24.822050094604492,2566900,
2011-06-17,29.200000762939453,29.3799991607666,29.040000915527344,29.229999542236328,24.712139129638672,3296900,
2011-06-20,29.06999969482422,29.18000030517578,29.010000228881836,29.06999969482422,24.57686996459961,2269700,
2011-06-21,29.139999389648438,29.290000915527344,28.950000762939453,29.09000015258789,24.593780517578125,2384900,
2011-06-22,29.149999618530273,29.450000762939453,29.149999618530273,29.219999313354492,24.703683853149414,2407900,
2011-06-23,28.510000228881836,28.649999618530273,28.170000076293945,28.600000381469727,24.179513931274414,3469400,
2011-06-24,28.510000228881836,28.540000915527344,28.100000381469727,28.260000228881836,23.892066955566406,2449600,
2011-06-27,28.059999465942383,28.299999237060547,27.959999084472656,28.25,23.883607864379883,2262900,
2011-06-28,28.469999313354492,28.760000228881836,28.440000534057617,28.75,24.306331634521484,2108000,
2011-06-29,28.920000076293945,29.360000610351562,28.75,29.270000457763672,24.745960235595703,3084900,
2011-06-30,29.280000686645508,29.469999313354492,28.850000381469727,28.959999084472656,24.483871459960938,2714300,
2011-07-01,28.809999465942383,29.049999237060547,28.700000762939453,29.0,24.517690658569336,3498000,
2011-07-05,29.260000228881836,29.520000457763672,29.229999542236328,29.389999389648438,24.847410202026367,1529100,
2011-07-06,29.31999969482422,29.43000030517578,29.200000762939453,29.3799991607666,24.838958740234375,1631700,
2011-07-07,29.790000915527344,30.06999969482422,29.790000915527344,30.0,25.363126754760742,4944700,
2011-07-08,29.899999618530273,30.030000686645508,29.729999542236328,29.969999313354492,25.3377628326416,1808300,
2011-07-11,29.6200008392334,29.8799991607666,29.5,29.739999771118164,25.1433162689209,1790400,
2011-07-12,29.6299991607666,30.1299991607666,29.6299991607666,30.0,25.363126754760742,1452500,
2011-07-13,30.100000381469727,30.610000610351562,30.100000381469727,30.40999984741211,25.709758758544922,2178900,
2011-07-14,30.5,30.579999923706055,30.06999969482422,30.239999771118164,25.56603240966797,1572800,
2011-07-15,30.3799991607666,30.559999465942383,30.329999923706055,30.510000228881836,25.794301986694336,4929900,
2011-07-18,30.360000610351562,30.360000610351562,30.040000915527344,30.34000015258789,25.650577545166016,1398400,
2011-07-19,30.649999618530273,30.770000457763672,30.510000228881836,30.549999237060547,25.82811737060547,1518900,
2011-07-20,30.68000030517578,30.68000030517578,30.459999084472656,30.649999618530273,25.912662506103516,1288900,
2011-07-21,30.690000534057617,30.809999465942383,30.420000076293945,30.5,25.785844802856445,1247100,
2011-07-22,30.549999237060547,30.790000915527344,30.520000457763672,30.75,25.997207641601562,1437500,
2011-07-25,30.540000915527344,30.700000762939453,30.520000457763672,30.600000381469727,25.870391845703125,2431300,
2011-07-26,30.649999618530273,30.920000076293945,30.520000457763672,30.84000015258789,26.07329559326172,1289400,
2011-07-27,30.780000686645508,30.829999923706055,30.59000015258789,30.6299991607666,25.895753860473633,2352100,
2011-07-28,30.639999389648438,30.709999084472656,30.459999084472656,30.530000686645508,25.811208724975586,1545700,
2011-07-29,30.229999542236328,30.399999618530273,30.200000762939453,30.280000686645508,25.599851608276367,2994300,
2011-08-01,30.719999313354492,30.729999542236328,29.959999084472656,30.280000686645508,25.599851608276367,3674200,
2011-08-02,30.18000030517578,30.459999084472656,30.110000610351562,30.280000686645508,25.599851608276367,2369000,
2011-08-03,30.100000381469727,30.139999389648438,29.739999771118164,29.829999923706055,25.219404220581055,3764300,
2011-08-04,29.65999984741211,29.670000076293945,28.68000030517578,28.700000762939453,24.264060974121094,3271600,
2011-08-05,28.81999969482422,28.950000762939453,28.31999969482422,28.81999969482422,24.36551284790039,6356400,
2011-08-08,28.299999237060547,28.43000030517578,27.670000076293945,27.75,23.460895538330078,6396500,
2011-08-09,28.06999969482422,28.219999313354492,27.479999542236328,28.020000457763672,23.689163208007812,7987800,
2011-08-10,28.079999923706055,28.3700008392334,27.889999389648438,28.139999389648438,23.790613174438477,3560900,
2011-08-11,28.309999465942383,28.829999923706055,28.299999237060547,28.75,24.306331634521484,4045100,
2011-08-12,28.809999465942383,28.899999618530273,28.6200008392334,28.709999084472656,24.272512435913086,4533200,
2011-08-15,28.829999923706055,29.079999923706055,28.780000686645508,29.059999465942383,24.568416595458984,1285900,
2011-08-16,28.8700008392334,29.139999389648438,28.809999465942383,29.059999465942383,24.568416595458984,2271600,
2011-08-17,29.350000381469727,29.469999313354492,29.260000228881836,29.309999465942383,24.779775619506836,2382800,
2011-08-18,28.950000762939453,29.059999465942383,28.530000686645508,28.59000015258789,24.17106056213379,2723400,
2011-08-19,28.709999084472656,29.170000076293945,28.709999084472656,29.100000381469727,24.602235794067383,3525500,
2011-08-22,29.09000015258789,29.229999542236328,28.940000534057617,29.149999618530273,24.644506454467773,1576600,
2011-08-23,29.15999984741211,29.469999313354492,29.030000686645508,29.450000762939453,24.89813995361328,1825500,
2011-08-24,29.350000381469727,29.43000030517578,29.079999923706055,29.149999618530273,24.644506454467773,1226600,
2011-08-25,29.280000686645508,29.40999984741211,28.950000762939453,29.280000686645508,24.754411697387695,1326300,
2011-08-26,29.219999313354492,29.649999618530273,29.059999465942383,29.610000610351562,25.033405303955078,1568400,
2011-08-29,29.850000381469727,29.850000381469727,29.6299991607666,29.709999084472656,25.117952346801758,1316800,
2011-08-30,29.809999465942383,30.1299991607666,29.75,30.110000610351562,25.45612907409668,2290300,
2011-08-31,30.100000381469727,30.260000228881836,30.049999237060547,30.15999984741211,25.498397827148438,2556300,
2011-09-01,30.09000015258789,30.209999084472656,29.940000534057617,29.950000762939453,25.32085609436035,2680100,
2011-09-02,29.639999389648438,29.940000534057617,29.559999465942383,29.790000915527344,25.185585021972656,1547800,
2011-09-06,29.31999969482422,29.700000762939453,29.290000915527344,29.690000534057617,25.101043701171875,2387500,
2011-09-07,29.75,30.030000686645508,29.709999084472656,29.959999084472656,25.329307556152344,4563800,
2011-09-08,29.889999389648438,30.020000457763672,29.75,29.760000228881836,25.16022300720215,1059300,
2011-09-09,29.389999389648438,29.420000076293945,29.190000534057617,29.290000915527344,24.76287078857422,2150200,
2011-09-12,29.059999465942383,29.299999237060547,28.979999542236328,29.219999313354492,24.703683853149414,3914000,
2011-09-13,29.170000076293945,29.260000228881836,29.020000457763672,29.1299991607666,24.627595901489258,1229000,
2011-09-14,29.030000686645508,29.06999969482422,28.829999923706055,28.989999771118164,24.509235382080078,1337300,
2011-09-15,29.309999465942383,29.350000381469727,29.040000915527344,29.110000610351562,24.610689163208008,1135800,
2011-09-16,29.229999542236328,29.31999969482422,28.93000030517578,28.979999542236328,24.500782012939453,1680600,
2011-09-19,28.670000076293945,28.670000076293945,28.200000762939453,28.489999771118164,24.08652114868164,3830200,
2011-09-20,28.549999237060547,28.780000686645508,28.440000534057617,28.440000534057617,24.044246673583984,1722100,
2011-09-21,28.520000457763672,28.719999313354492,28.020000457763672,28.020000457763672,23.689163208007812,1769400,
2011-09-22,27.209999084472656,27.440000534057617,26.90999984741211,27.030000686645508,22.8521785736084,9573000,
2011-09-23,26.75,26.950000762939453,26.420000076293945,26.549999237060547,22.446369171142578,6197800,
2011-09-26,26.389999389648438,26.670000076293945,26.100000381469727,26.639999389648438,22.522457122802734,4538800,
2011-09-27,27.139999389648438,27.3700008392334,27.059999465942383,27.09000015258789,22.902902603149414,3735600,
2011-09-28,27.040000915527344,27.110000610351562,26.34000015258789,26.360000610351562,22.285736083984375,7995900,
2011-09-29,26.760000228881836,26.8700008392334,26.5,26.670000076293945,22.547819137573242,2909400,
2011-09-30,26.09000015258789,26.219999313354492,25.670000076293945,25.75,21.770017623901367,4846000,
2011-10-03,25.309999465942383,25.969999313354492,25.25,25.6200008392334,21.660112380981445,10602800,
2011-10-04,25.450000762939453,25.65999984741211,25.190000534057617,25.56999969482422,21.617839813232422,3500000,
2011-10-05,25.649999618530273,26.0,25.520000457763672,25.93000030517578,21.922195434570312,3202300,
2011-10-06,25.989999771118164,26.510000228881836,25.899999618530273,26.469999313354492,22.378732681274414,1003900,
2011-10-07,26.479999542236328,26.559999465942383,26.1299991607666,26.350000381469727,22.277278900146484,2768100,
2011-10-10,26.709999084472656,27.010000228881836,26.709999084472656,26.940000534057617,22.776090621948242,1416100,
2011-10-11,26.649999618530273,27.270000457763672,26.600000381469727,27.139999389648438,22.945175170898438,1250700,
2011-10-12,27.25,27.440000534057617,27.149999618530273,27.190000534057617,22.987449645996094,1367000,
2011-10-13,27.040000915527344,27.280000686645508,26.899999618530273,27.25,23.038175582885742,1679500,
2011-10-14,27.729999542236328,27.889999389648438,27.6200008392334,27.8700008392334,23.562345504760742,1136000,
2011-10-17,27.469999313354492,27.690000534057617,27.399999618530273,27.469999313354492,23.22416877746582,1249200,
2011-10-18,27.239999771118164,27.760000228881836,27.079999923706055,27.6200008392334,23.350988388061523,1782200,
2011-10-19,27.549999237060547,27.739999771118164,27.0,27.079999923706055,22.894451141357422,1673100,
2011-10-20,26.950000762939453,27.209999084472656,26.579999923706055,27.040000915527344,22.86063575744629,1171100,
2011-10-21,27.420000076293945,27.549999237060547,27.1200008392334,27.18000030517578,22.978994369506836,1327500,
2011-10-24,27.389999389648438,27.670000076293945,27.389999389648438,27.610000610351562,23.342531204223633,1745600,
2011-10-25,27.610000610351562,27.81999969482422,27.3799991607666,27.700000762939453,23.418621063232422,2603100,
2011-10-26,27.829999923706055,27.8700008392334,27.43000030517578,27.540000915527344,23.28335189819336,1075300,
2011-10-27,28.100000381469727,28.450000762939453,28.010000228881836,28.270000457763672,23.90052032470703,3792100,
2011-10-28,28.0,28.260000228881836,27.989999771118164,28.149999618530273,23.799068450927734,3722700,
2011-10-31,27.709999084472656,27.889999389648438,27.559999465942383,27.719999313354492,23.435529708862305,3209400,
2011-11-01,27.040000915527344,27.6200008392334,26.920000076293945,27.389999389648438,23.156536102294922,4349800,
2011-11-02,27.729999542236328,27.899999618530273,27.450000762939453,27.559999465942383,23.300260543823242,1600400,
2011-11-03,27.81999969482422,27.959999084472656,27.559999465942383,27.899999618530273,23.587711334228516,981800,
2011-11-04,27.950000762939453,28.020000457763672,27.760000228881836,27.989999771118164,23.66379737854004,1267600,
2011-11-07,28.229999542236328,28.420000076293945,28.1200008392334,28.399999618530273,24.01042938232422,1066500,
2011-11-08,28.420000076293945,28.549999237060547,28.309999465942383,28.540000915527344,24.1287899017334,1335700,
2011-11-09,28.139999389648438,28.34000015258789,27.860000610351562,27.90999984741211,23.596162796020508,1283400,
2011-11-10,28.040000915527344,28.049999237060547,27.75,27.8799991607666,23.57080078125,1880200,
2011-11-11,27.93000030517578,28.149999618530273,27.93000030517578,28.149999618530273,23.799068450927734,826500,
2011-11-14,28.010000228881836,28.030000686645508,27.799999237060547,27.850000381469727,23.54543685913086,700400,
2011-11-15,27.979999542236328,28.100000381469727,27.850000381469727,28.049999237060547,23.714523315429688,759800,
2011-11-16,27.940000534057617,28.200000762939453,27.920000076293945,27.979999542236328,23.655344009399414,1248300,
2011-11-17,27.799999237060547,27.84000015258789,27.290000915527344,27.329999923706055,23.10580825805664,2092500,
2011-11-18,27.399999618530273,27.5,27.1299991607666,27.290000915527344,23.071990966796875,6225400,
2011-11-21,27.1200008392334,27.139999389648438,26.780000686645508,27.09000015258789,22.902902603149414,1181500,
2011-11-22,27.149999618530273,27.360000610351562,27.059999465942383,27.270000457763672,23.055084228515625,2228300,
2011-11-23,27.010000228881836,27.010000228881836,26.780000686645508,26.860000610351562,22.70845603942871,1752300,
2011-11-25,26.729999542236328,26.950000762939453,26.600000381469727,26.639999389648438,22.522457122802734,514700,
2011-11-28,27.1200008392334,27.170000076293945,26.860000610351562,26.969999313354492,22.801450729370117,1063800,
2011-11-29,27.1299991607666,27.3799991607666,27.100000381469727,27.31999969482422,23.097352981567383,1410300,
2011-11-30,27.649999618530273,27.84000015258789,27.600000381469727,27.639999389648438,23.36789321899414,1913600,
2011-12-01,27.559999465942383,27.780000686645508,27.3799991607666,27.540000915527344,23.28335189819336,1844100,
2011-12-02,27.729999542236328,27.81999969482422,27.600000381469727,27.780000686645508,23.486255645751953,1308600,
2011-12-05,27.920000076293945,27.959999084472656,27.540000915527344,27.6299991607666,23.359439849853516,1503800,
2011-12-06,27.59000015258789,27.860000610351562,27.5,27.780000686645508,23.486255645751953,1075600,
2011-12-07,27.739999771118164,27.75,27.40999984741211,27.540000915527344,23.28335189819336,1494200,
2011-12-08,27.420000076293945,27.489999771118164,27.1299991607666,27.190000534057617,22.987449645996094,2211500,
2011-12-09,27.149999618530273,27.350000381469727,27.139999389648438,27.290000915527344,23.071990966796875,1114300,
2011-12-12,26.979999542236328,27.0,26.81999969482422,26.940000534057617,22.776090621948242,1277800,
2011-12-13,26.950000762939453,27.3700008392334,26.90999984741211,27.049999237060547,22.86908531188965,1615100,
2011-12-14,26.530000686645508,26.6299991607666,26.010000228881836,26.09000015258789,22.057466506958008,1851500,
2011-12-15,26.290000915527344,26.329999923706055,25.920000076293945,25.959999084472656,21.947561264038086,1639500,
2011-12-16,26.059999465942383,26.200000762939453,25.950000762939453,26.170000076293945,22.125102996826172,2818400,
2011-12-19,26.170000076293945,26.200000762939453,25.959999084472656,26.049999237060547,22.023649215698242,1679800,
2011-12-20,26.510000228881836,26.709999084472656,26.489999771118164,26.649999618530273,22.53091049194336,1846600,
2011-12-21,26.6299991607666,26.8799991607666,26.549999237060547,26.84000015258789,22.691547393798828,1802100,
2011-12-22,26.889999389648438,27.010000228881836,26.829999923706055,26.8700008392334,22.716909408569336,4658300,
2011-12-23,26.920000076293945,27.020000457763672,26.889999389648438,27.0,22.826812744140625,2872700,
2011-12-27,26.940000534057617,27.190000534057617,26.899999618530273,27.1200008392334,22.928268432617188,2493600,
2011-12-28,27.06999969482422,27.06999969482422,26.709999084472656,26.799999237060547,22.65772819519043,1930200,
2011-12-29,26.809999465942383,26.899999618530273,26.639999389648438,26.8799991607666,22.725360870361328,1941300,
2011-12-30,26.770000457763672,26.959999084472656,26.739999771118164,26.84000015258789,22.691547393798828,2047500,
2012-01-03,27.350000381469727,27.68000030517578,27.350000381469727,27.639999389648438,23.36789321899414,5940500,
2012-01-04,27.610000610351562,27.899999618530273,27.610000610351562,27.850000381469727,23.54543685913086,2439000,
2012-01-05,27.709999084472656,27.719999313354492,27.43000030517578,27.469999313354492,23.22416877746582,1212500,
2012-01-06,27.59000015258789,27.690000534057617,27.3799991607666,27.59000015258789,23.32562255859375,17707200,
2012-01-09,27.6200008392334,27.709999084472656,27.469999313354492,27.6200008392334,23.350988388061523,2432600,
2012-01-10,27.8799991607666,27.920000076293945,27.780000686645508,27.81999969482422,23.52007484436035,2120000,
2012-01-11,27.770000457763672,27.799999237060547,27.559999465942383,27.739999771118164,23.452438354492188,2079500,
2012-01-12,27.65999984741211,27.920000076293945,26.690000534057617,27.350000381469727,23.122718811035156,1740600,
2012-01-13,27.25,27.350000381469727,27.1200008392334,27.290000915527344,23.071990966796875,3156800,
2012-01-17,27.459999084472656,27.579999923706055,27.389999389648438,27.479999542236328,23.23262596130371,1910500,
2012-01-18,27.489999771118164,27.549999237060547,27.350000381469727,27.489999771118164,23.241079330444336,1544100,
2012-01-19,27.579999923706055,27.610000610351562,27.40999984741211,27.610000610351562,23.342531204223633,2834400,
2012-01-20,27.43000030517578,27.459999084472656,27.239999771118164,27.40999984741211,23.173444747924805,1907200,
2012-01-23,27.479999542236328,27.75,27.479999542236328,27.729999542236328,23.443984985351562,1767900,
2012-01-24,27.530000686645508,27.780000686645508,27.530000686645508,27.780000686645508,23.486255645751953,2428100,
2012-01-25,27.670000076293945,28.030000686645508,27.59000015258789,28.010000228881836,23.680706024169922,1913200,
2012-01-26,28.209999084472656,28.260000228881836,28.030000686645508,28.09000015258789,23.74834442138672,2136400,
2012-01-27,27.959999084472656,28.190000534057617,27.959999084472656,28.190000534057617,23.832887649536133,1828700,
2012-01-30,28.0,28.059999465942383,27.81999969482422,27.899999618530273,23.587711334228516,3085600,
2012-01-31,28.049999237060547,28.190000534057617,27.739999771118164,27.829999923706055,23.528528213500977,1912600,
2012-02-01,27.940000534057617,28.059999465942383,27.8700008392334,27.920000076293945,23.604616165161133,1570400,
2012-02-02,27.889999389648438,28.020000457763672,27.739999771118164,27.989999771118164,23.66379737854004,2079200,
2012-02-03,28.18000030517578,28.329999923706055,28.040000915527344,28.31999969482422,23.942790985107422,1774800,
2012-02-06,28.309999465942383,28.5,28.239999771118164,28.459999084472656,24.061153411865234,1680100,
2012-02-07,28.420000076293945,28.610000610351562,28.34000015258789,28.440000534057617,24.044246673583984,2370400,
2012-02-08,28.579999923706055,28.649999618530273,28.360000610351562,28.56999969482422,24.154151916503906,1152800,
2012-02-09,28.729999542236328,28.809999465942383,28.6299991607666,28.719999313354492,24.280967712402344,1484900,
2012-02-10,28.420000076293945,28.5,28.299999237060547,28.450000762939453,24.05270004272461,1870100,
2012-02-13,28.579999923706055,28.670000076293945,28.399999618530273,28.520000457763672,24.111881256103516,2124700,
2012-02-14,28.510000228881836,28.579999923706055,28.420000076293945,28.510000228881836,24.10342788696289,1376300,
2012-02-15,28.610000610351562,28.65999984741211,28.489999771118164,28.610000610351562,24.187969207763672,1929400,
2012-02-16,28.520000457763672,28.760000228881836,28.479999542236328,28.739999771118164,24.297876358032227,1657600,
2012-02-17,28.760000228881836,28.770000457763672,28.600000381469727,28.690000534057617,24.255603790283203,1572500,
2012-02-21,28.959999084472656,29.239999771118164,28.950000762939453,29.139999389648438,24.636051177978516,2446900,
2012-02-22,29.15999984741211,29.440000534057617,29.1200008392334,29.40999984741211,24.86431884765625,3163600,
2012-02-23,29.399999618530273,29.530000686645508,29.260000228881836,29.5,24.94040870666504,1544000,
2012-02-24,29.479999542236328,29.739999771118164,29.469999313354492,29.68000030517578,25.092586517333984,4989900,
2012-02-27,29.59000015258789,29.709999084472656,29.440000534057617,29.440000534057617,24.889684677124023,4821900,
2012-02-28,29.559999465942383,29.6299991607666,29.350000381469727,29.43000030517578,24.881229400634766,2902200,
2012-02-29,29.5,29.579999923706055,28.969999313354492,29.31999969482422,24.78822898864746,4067900,
2012-03-01,29.399999618530273,29.93000030517578,29.280000686645508,29.780000686645508,25.177133560180664,5275000,
2012-03-02,29.56999969482422,29.56999969482422,29.309999465942383,29.479999542236328,24.92350196838379,2213700,
2012-03-05,29.360000610351562,29.43000030517578,29.200000762939453,29.34000015258789,24.805139541625977,1368900,
2012-03-06,28.940000534057617,28.979999542236328,28.799999237060547,28.860000610351562,24.399328231811523,2082500,
2012-03-07,28.850000381469727,29.049999237060547,28.75,28.989999771118164,24.509235382080078,1476900,
2012-03-08,29.1299991607666,29.280000686645508,29.100000381469727,29.229999542236328,24.712139129638672,2202300,
2012-03-09,29.139999389648438,29.43000030517578,29.09000015258789,29.309999465942383,24.779775619506836,1409900,
2012-03-12,29.06999969482422,29.290000915527344,29.030000686645508,29.270000457763672,24.745960235595703,717100,
2012-03-13,29.219999313354492,29.479999542236328,29.190000534057617,29.399999618530273,24.855865478515625,1347900,
2012-03-14,29.309999465942383,29.440000534057617,29.139999389648438,29.200000762939453,24.686777114868164,1200800,
2012-03-15,29.200000762939453,29.329999923706055,29.0,29.219999313354492,24.703683853149414,1339600,
2012-03-16,29.34000015258789,29.579999923706055,29.309999465942383,29.579999923706055,25.008041381835938,1433400,
2012-03-19,29.559999465942383,29.600000381469727,29.450000762939453,29.530000686645508,24.96577262878418,1386400,
2012-03-20,29.260000228881836,29.260000228881836,29.06999969482422,29.170000076293945,24.661415100097656,1577200,
2012-03-21,29.170000076293945,29.260000228881836,29.079999923706055,29.100000381469727,24.602235794067383,951700,
2012-03-22,28.799999237060547,28.889999389648438,28.729999542236328,28.8700008392334,24.40778350830078,1641500,
2012-03-23,28.969999313354492,29.389999389648438,28.969999313354492,29.149999618530273,24.644506454467773,1664200,
2012-03-26,29.309999465942383,29.3700008392334,29.209999084472656,29.280000686645508,24.754411697387695,1555600,
2012-03-27,29.290000915527344,29.350000381469727,29.1299991607666,29.15999984741211,24.65296173095703,1251400,
2012-03-28,28.93000030517578,28.969999313354492,28.780000686645508,28.8799991607666,24.416234970092773,6060500,
2012-03-29,28.81999969482422,28.8799991607666,28.350000381469727,28.479999542236328,24.078062057495117,4891200,
2012-03-30,28.690000534057617,28.889999389648438,28.610000610351562,28.799999237060547,24.348602294921875,2630400,
2012-04-02,28.600000381469727,29.209999084472656,28.59000015258789,29.170000076293945,24.661415100097656,1752700,
2012-04-03,29.200000762939453,29.209999084472656,28.950000762939453,29.040000915527344,24.5515079498291,1325100,
2012-04-04,28.790000915527344,28.850000381469727,28.520000457763672,28.59000015258789,24.17106056213379,2054900,
2012-04-05,28.510000228881836,28.719999313354492,28.479999542236328,28.700000762939453,24.264060974121094,897000,
2012-04-09,28.459999084472656,28.6200008392334,28.350000381469727,28.56999969482422,24.154151916503906,1578100,
2012-04-10,28.530000686645508,28.559999465942383,28.149999618530273,28.190000534057617,23.832887649536133,1543900,
2012-04-11,28.229999542236328,28.3799991607666,28.15999984741211,28.260000228881836,23.892066955566406,2472600,
2012-04-12,28.329999923706055,28.639999389648438,28.309999465942383,28.6299991607666,24.204875946044922,908600,
2012-04-13,28.5,28.520000457763672,28.299999237060547,28.34000015258789,23.959699630737305,2228100,
2012-04-16,28.229999542236328,28.239999771118164,27.979999542236328,28.059999465942383,23.722976684570312,1860900,
2012-04-17,28.18000030517578,28.219999313354492,28.100000381469727,28.190000534057617,23.832887649536133,1754300,
2012-04-18,28.030000686645508,28.049999237060547,27.84000015258789,27.920000076293945,23.604616165161133,1801500,
2012-04-19,28.040000915527344,28.110000610351562,27.8700008392334,27.93000030517578,23.613073348999023,1837800,
2012-04-20,28.1200008392334,28.200000762939453,27.989999771118164,28.040000915527344,23.706069946289062,1648000,
2012-04-23,27.780000686645508,28.010000228881836,27.729999542236328,27.989999771118164,23.66379737854004,1026900,
2012-04-24,28.09000015258789,28.1200008392334,27.940000534057617,27.989999771118164,23.66379737854004,736800,
2012-04-25,28.1299991607666,28.170000076293945,27.920000076293945,28.149999618530273,23.799068450927734,886200,
2012-04-26,28.200000762939453,28.34000015258789,28.200000762939453,28.209999084472656,23.849796295166016,851600,
2012-04-27,28.260000228881836,28.329999923706055,28.200000762939453,28.299999237060547,23.925884246826172,814400,
2012-04-30,28.229999542236328,28.440000534057617,28.190000534057617,28.40999984741211,24.01888084411621,1377500,
2012-05-01,28.31999969482422,28.5,28.290000915527344,28.40999984741211,24.01888084411621,1495500,
2012-05-02,28.280000686645508,28.31999969482422,28.010000228881836,28.040000915527344,23.706069946289062,1311300,
2012-05-03,27.920000076293945,27.979999542236328,27.68000030517578,27.729999542236328,23.443984985351562,1624000,
2012-05-04,27.450000762939453,27.459999084472656,27.040000915527344,27.239999771118164,23.029720306396484,1968400,
2012-05-07,26.989999771118164,27.209999084472656,26.93000030517578,27.18000030517578,22.978994369506836,5352400,
2012-05-08,27.010000228881836,27.079999923706055,26.719999313354492,27.079999923706055,22.894451141357422,3472300,
2012-05-09,26.760000228881836,26.940000534057617,26.700000762939453,26.8700008392334,22.716909408569336,3238300,
2012-05-10,26.950000762939453,26.989999771118164,26.860000610351562,26.8799991607666,22.725360870361328,1631300,
2012-05-11,26.719999313354492,26.90999984741211,26.670000076293945,26.68000030517578,22.5562744140625,1518900,
2012-05-14,26.40999984741211,26.479999542236328,26.309999465942383,26.329999923706055,22.2603702545166,5751700,
2012-05-15,26.479999542236328,26.59000015258789,26.3700008392334,26.3799991607666,22.302642822265625,8431800,
2012-05-16,26.360000610351562,26.559999465942383,26.309999465942383,26.350000381469727,22.277278900146484,1589200,
2012-05-17,26.43000030517578,26.479999542236328,26.270000457763672,26.290000915527344,22.22655487060547,1222100,
2012-05-18,26.3700008392334,26.5,26.25,26.270000457763672,22.209646224975586,2698600,
2012-05-21,26.3799991607666,26.6200008392334,26.3700008392334,26.6200008392334,22.50554847717285,851900,
2012-05-22,26.450000762939453,26.549999237060547,26.170000076293945,26.239999771118164,22.184284210205078,1387300,
2012-05-23,26.020000457763672,26.020000457763672,25.75,25.950000762939453,21.93910789489746,2929100,
2012-05-24,26.100000381469727,26.100000381469727,25.829999923706055,25.959999084472656,21.947561264038086,6060000,
2012-05-25,26.0,26.079999923706055,25.989999771118164,26.049999237060547,22.023649215698242,1125700,
2012-05-29,26.18000030517578,26.25,25.8700008392334,25.940000534057617,21.930652618408203,1472900,
2012-05-30,25.600000381469727,25.600000381469727,25.399999618530273,25.459999084472656,21.524839401245117,1629900,
2012-05-31,25.469999313354492,25.469999313354492,25.18000030517578,25.239999771118164,21.33884620666504,2427200,
2012-06-01,24.889999389648438,24.959999084472656,24.59000015258789,24.719999313354492,20.89921760559082,3989700,
2012-06-04,24.700000762939453,24.889999389648438,24.6299991607666,24.860000610351562,21.017580032348633,4474300,
2012-06-05,24.790000915527344,24.889999389648438,24.729999542236328,24.770000457763672,20.94148826599121,2129000,
2012-06-06,25.079999923706055,25.31999969482422,25.049999237060547,25.229999542236328,21.330392837524414,4778400,
2012-06-07,25.540000915527344,25.549999237060547,25.040000915527344,25.059999465942383,21.186664581298828,2158300,
2012-06-08,24.860000610351562,25.139999389648438,24.780000686645508,25.139999389648438,21.254301071166992,1569600,
2012-06-11,25.149999618530273,25.170000076293945,24.649999618530273,24.68000030517578,20.865400314331055,4247700,
2012-06-12,24.889999389648438,24.899999618530273,24.729999542236328,24.799999237060547,20.96685028076172,2263800,
2012-06-13,24.649999618530273,24.850000381469727,24.559999465942383,24.610000610351562,20.80622100830078,1510800,
2012-06-14,24.65999984741211,24.950000762939453,24.59000015258789,24.899999618530273,21.0513973236084,2601200,
2012-06-15,24.860000610351562,24.979999542236328,24.81999969482422,24.860000610351562,21.017580032348633,1627200,
2012-06-18,24.68000030517578,24.950000762939453,24.6299991607666,24.8799991607666,21.034488677978516,1065800,
2012-06-19,25.09000015258789,25.15999984741211,25.030000686645508,25.09000015258789,21.2120304107666,1738200,
2012-06-20,24.989999771118164,24.989999771118164,24.65999984741211,24.68000030517578,20.865400314331055,6226300,
2012-06-21,24.59000015258789,24.610000610351562,24.1200008392334,24.149999618530273,20.41731834411621,1815100,
2012-06-22,24.290000915527344,24.40999984741211,24.260000228881836,24.389999389648438,20.620223999023438,2906300,
2012-06-25,24.399999618530273,24.639999389648438,24.34000015258789,24.639999389648438,20.831581115722656,1377600,
2012-06-26,24.700000762939453,24.850000381469727,24.56999969482422,24.809999465942383,20.975305557250977,1480400,
2012-06-27,24.969999313354492,25.079999923706055,24.8700008392334,24.950000762939453,21.093669891357422,1140500,
2012-06-28,24.829999923706055,24.889999389648438,24.5,24.68000030517578,20.865400314331055,997600,
2012-06-29,25.309999465942383,25.8700008392334,25.229999542236328,25.75,21.770017623901367,12446600,
2012-07-02,25.65999984741211,25.709999084472656,25.420000076293945,25.700000762939453,21.727745056152344,3837000,
2012-07-03,26.25,26.420000076293945,26.219999313354492,26.420000076293945,22.33646011352539,1382200,
2012-07-05,26.3700008392334,26.559999465942383,26.31999969482422,26.520000457763672,22.421005249023438,3286300,
2012-07-06,26.1299991607666,26.149999618530273,25.899999618530273,25.90999984741211,21.90528678894043,1221900,
2012-07-09,26.190000534057617,26.520000457763672,26.18000030517578,26.3700008392334,22.294189453125,1016300,
2012-07-10,26.290000915527344,26.299999237060547,25.989999771118164,26.030000686645508,22.006742477416992,1004700,
2012-07-11,26.260000228881836,26.3700008392334,26.079999923706055,26.31999969482422,22.251916885375977,1200700,
2012-07-12,26.09000015258789,26.440000534057617,26.0,26.3799991607666,22.302642822265625,868400,
2012-07-13,26.530000686645508,26.739999771118164,26.530000686645508,26.700000762939453,22.573183059692383,970500,
2012-07-16,26.899999618530273,27.09000015258789,26.799999237060547,27.030000686645508,22.8521785736084,1104100,
2012-07-17,27.1299991607666,27.170000076293945,26.8700008392334,27.059999465942383,22.877540588378906,3381500,
2012-07-18,27.049999237060547,27.329999923706055,27.020000457763672,27.299999237060547,23.0804443359375,1446800,
2012-07-19,27.600000381469727,27.770000457763672,27.549999237060547,27.6299991607666,23.359439849853516,2532100,
2012-07-20,27.559999465942383,27.649999618530273,27.459999084472656,27.6299991607666,23.359439849853516,2023500,
2012-07-23,26.989999771118164,27.209999084472656,26.899999618530273,27.049999237060547,22.86908531188965,1534200,
2012-07-24,26.950000762939453,26.989999771118164,26.65999984741211,26.889999389648438,22.733816146850586,3086000,
2012-07-25,27.040000915527344,27.200000762939453,26.829999923706055,27.09000015258789,22.902902603149414,1176600,
2012-07-26,27.31999969482422,27.360000610351562,27.049999237060547,27.139999389648438,22.945175170898438,2906700,
2012-07-27,27.290000915527344,27.440000534057617,27.229999542236328,27.420000076293945,23.18189811706543,925700,
2012-07-30,27.530000686645508,27.649999618530273,27.530000686645508,27.579999923706055,23.317171096801758,5830200,
2012-07-31,27.600000381469727,27.610000610351562,27.25,27.25,23.038175582885742,2325400,
2012-08-01,27.329999923706055,27.3799991607666,27.100000381469727,27.290000915527344,23.071990966796875,1254100,
2012-08-02,27.020000457763672,27.18000030517578,26.979999542236328,27.059999465942383,22.877540588378906,1708200,
2012-08-03,27.360000610351562,27.65999984741211,27.360000610351562,27.520000457763672,23.266443252563477,2597400,
2012-08-06,27.450000762939453,27.719999313354492,27.420000076293945,27.68000030517578,23.40171241760254,2365900,
2012-08-07,27.799999237060547,27.989999771118164,27.780000686645508,27.889999389648438,23.579254150390625,1255400,
2012-08-08,27.920000076293945,28.059999465942383,27.8700008392334,27.969999313354492,23.646888732910156,2025200,
2012-08-09,28.030000686645508,28.270000457763672,28.030000686645508,28.200000762939453,23.84134292602539,1634500,
2012-08-10,27.969999313354492,28.110000610351562,27.920000076293945,28.049999237060547,23.714523315429688,2352200,
2012-08-13,27.979999542236328,28.030000686645508,27.790000915527344,27.829999923706055,23.528528213500977,1402400,
2012-08-14,27.90999984741211,27.950000762939453,27.790000915527344,27.860000610351562,23.55389404296875,1152200,
2012-08-15,27.889999389648438,28.15999984741211,27.8799991607666,28.100000381469727,23.75679588317871,1643100,
2012-08-16,28.15999984741211,28.31999969482422,28.06999969482422,28.209999084472656,23.849796295166016,1953700,
2012-08-17,28.15999984741211,28.290000915527344,28.110000610351562,28.25,23.883607864379883,1078300,
2012-08-20,28.280000686645508,28.389999389648438,28.1200008392334,28.3799991607666,23.993520736694336,1535600,
2012-08-21,28.670000076293945,28.790000915527344,28.6200008392334,28.639999389648438,24.213333129882812,1497500,
2012-08-22,28.649999618530273,28.81999969482422,28.610000610351562,28.790000915527344,24.34014892578125,1709700,
2012-08-23,28.920000076293945,28.959999084472656,28.579999923706055,28.649999618530273,24.221786499023438,1348000,
2012-08-24,28.75,28.770000457763672,28.469999313354492,28.520000457763672,24.111881256103516,3640400,
2012-08-27,28.479999542236328,28.5,28.350000381469727,28.389999389648438,24.001972198486328,1914000,
2012-08-28,28.389999389648438,28.450000762939453,28.299999237060547,28.40999984741211,24.01888084411621,1247600,
2012-08-29,28.440000534057617,28.469999313354492,28.34000015258789,28.459999084472656,24.061153411865234,967400,
2012-08-30,28.520000457763672,28.530000686645508,28.34000015258789,28.489999771118164,24.08652114868164,1634300,
2012-08-31,28.610000610351562,28.84000015258789,28.43000030517578,28.790000915527344,24.34014892578125,8719400,
2012-09-04,29.020000457763672,29.06999969482422,28.739999771118164,28.799999237060547,24.348602294921875,7801700,
2012-09-05,28.780000686645508,28.790000915527344,28.59000015258789,28.65999984741211,24.230241775512695,3261000,
2012-09-06,28.760000228881836,28.940000534057617,28.639999389648438,28.649999618530273,24.221786499023438,3166500,
2012-09-07,28.790000915527344,29.020000457763672,28.65999984741211,28.969999313354492,24.492326736450195,2027200,
2012-09-10,29.0,29.139999389648438,28.959999084472656,29.010000228881836,24.52614402770996,2223700,
2012-09-11,29.1299991607666,29.149999618530273,29.040000915527344,29.06999969482422,24.57686996459961,1769800,
2012-09-12,29.1299991607666,29.229999542236328,29.06999969482422,29.219999313354492,24.703683853149414,1264800,
2012-09-13,29.360000610351562,29.459999084472656,29.059999465942383,29.420000076293945,24.872774124145508,2082500,
2012-09-14,29.709999084472656,29.860000610351562,29.670000076293945,29.729999542236328,25.13486099243164,3026800,
2012-09-17,29.540000915527344,29.559999465942383,28.75,28.90999984741211,24.44160270690918,3610500,
2012-09-18,28.959999084472656,29.030000686645508,28.639999389648438,28.700000762939453,24.264060974121094,3701500,
2012-09-19,28.600000381469727,28.6200008392334,28.190000534057617,28.280000686645508,23.90897560119629,4359800,
2012-09-20,28.260000228881836,28.440000534057617,28.200000762939453,28.440000534057617,24.044246673583984,1676500,
2012-09-21,28.56999969482422,28.670000076293945,28.510000228881836,28.6299991607666,24.204875946044922,2142400,
2012-09-24,28.299999237060547,28.360000610351562,28.200000762939453,28.329999923706055,23.95124626159668,1786700,
2012-09-25,28.540000915527344,28.59000015258789,28.329999923706055,28.360000610351562,23.97661018371582,1354400,
2012-09-26,28.18000030517578,28.200000762939453,27.950000762939453,28.15999984741211,23.80752182006836,1892400,
2012-09-27,28.389999389648438,28.540000915527344,28.309999465942383,28.510000228881836,24.10342788696289,1759300,
2012-09-28,28.610000610351562,28.780000686645508,28.549999237060547,28.68000030517578,24.247150421142578,5470600,
2012-10-01,28.850000381469727,28.950000762939453,28.59000015258789,28.719999313354492,24.280967712402344,6122000,
2012-10-02,28.68000030517578,28.700000762939453,28.559999465942383,28.56999969482422,24.154151916503906,1393200,
2012-10-03,28.299999237060547,28.700000762939453,28.059999465942383,28.079999923706055,23.739887237548828,2234000,
2012-10-04,28.40999984741211,28.739999771118164,28.31999969482422,28.690000534057617,24.255603790283203,1251600,
2012-10-05,28.649999618530273,28.649999618530273,28.389999389648438,28.540000915527344,24.1287899017334,1006500,
2012-10-08,28.420000076293945,28.510000228881836,28.3700008392334,28.459999084472656,24.061153411865234,1075800,
2012-10-09,28.559999465942383,28.780000686645508,28.549999237060547,28.670000076293945,24.238697052001953,1360400,
2012-10-10,28.670000076293945,28.81999969482422,28.559999465942383,28.6200008392334,24.19642448425293,2341000,
2012-10-11,28.860000610351562,29.0,28.760000228881836,28.950000762939453,24.475418090820312,975700,
2012-10-12,28.709999084472656,28.760000228881836,28.469999313354492,28.549999237060547,24.137243270874023,1238300,
2012-10-15,28.3700008392334,28.43000030517578,28.18000030517578,28.40999984741211,24.01888084411621,1350200,
2012-10-16,28.420000076293945,28.489999771118164,28.34000015258789,28.43000030517578,24.035791397094727,1157700,
2012-10-17,28.459999084472656,28.510000228881836,28.329999923706055,28.440000534057617,24.044246673583984,1258200,
2012-10-18,28.25,28.479999542236328,28.209999084472656,28.43000030517578,24.035791397094727,1930500,
2012-10-19,28.479999542236328,28.5,28.0,28.0,23.67225456237793,1623500,
2012-10-22,28.09000015258789,28.1299991607666,27.799999237060547,27.8700008392334,23.562345504760742,1301000,
2012-10-23,27.530000686645508,27.549999237060547,27.34000015258789,27.530000686645508,23.274898529052734,1933400,
2012-10-24,27.520000457763672,27.56999969482422,27.31999969482422,27.450000762939453,23.207260131835938,1404000,
2012-10-25,27.6200008392334,27.649999618530273,27.3799991607666,27.520000457763672,23.266443252563477,1268700,
2012-10-26,27.520000457763672,27.6299991607666,27.459999084472656,27.579999923706055,23.317171096801758,1361500,
2012-10-31,27.6200008392334,27.799999237060547,27.510000228881836,27.559999465942383,23.300260543823242,6853900,
2012-11-01,27.65999984741211,27.75,27.610000610351562,27.610000610351562,23.342531204223633,3706800,
2012-11-02,27.579999923706055,27.600000381469727,27.1200008392334,27.139999389648438,22.945175170898438,1252200,
2012-11-05,27.1299991607666,27.389999389648438,27.079999923706055,27.3700008392334,23.139629364013672,2096800,
2012-11-06,27.549999237060547,27.93000030517578,27.5,27.860000610351562,23.55389404296875,1425000,
2012-11-07,27.610000610351562,27.639999389648438,27.280000686645508,27.34000015258789,23.1142635345459,1464500,
2012-11-08,27.3700008392334,27.459999084472656,27.25,27.3799991607666,23.14807891845703,1124700,
2012-11-09,27.329999923706055,27.65999984741211,27.309999465942383,27.600000381469727,23.334077835083008,2791200,
2012-11-12,27.59000015258789,27.690000534057617,27.43000030517578,27.469999313354492,23.22416877746582,1251000,
2012-11-13,27.31999969482422,27.530000686645508,27.309999465942383,27.420000076293945,23.18189811706543,1524500,
2012-11-14,27.510000228881836,27.719999313354492,27.479999542236328,27.5,23.24953269958496,1166600,
2012-11-15,27.6299991607666,27.670000076293945,27.329999923706055,27.389999389648438,23.156536102294922,1668400,
2012-11-16,27.450000762939453,27.530000686645508,27.299999237060547,27.510000228881836,23.25798797607422,1450900,
2012-11-19,27.850000381469727,28.079999923706055,27.850000381469727,28.030000686645508,23.697616577148438,2080400,
2012-11-20,27.90999984741211,27.989999771118164,27.670000076293945,27.84000015258789,23.536985397338867,1148000,
2012-11-21,27.889999389648438,27.959999084472656,27.739999771118164,27.959999084472656,23.6384334564209,1259400,
2012-11-23,27.8799991607666,28.1200008392334,27.8799991607666,28.059999465942383,23.722976684570312,828700,
2012-11-26,28.0,28.040000915527344,27.940000534057617,28.020000457763672,23.689163208007812,2169400,
2012-11-27,28.010000228881836,28.079999923706055,27.8799991607666,27.979999542236328,23.655344009399414,1531700,
2012-11-28,27.6200008392334,27.90999984741211,27.6200008392334,27.889999389648438,23.579254150390625,1733600,
2012-11-29,28.1200008392334,28.170000076293945,28.010000228881836,28.079999923706055,23.739887237548828,1092300,
2012-11-30,28.100000381469727,28.190000534057617,28.040000915527344,28.100000381469727,23.75679588317871,2626000,
2012-12-03,28.360000610351562,28.3799991607666,28.1299991607666,28.170000076293945,23.81597900390625,2527400,
2012-12-04,27.940000534057617,28.0,27.860000610351562,27.920000076293945,23.604616165161133,1844900,
2012-12-05,27.940000534057617,27.989999771118164,27.770000457763672,27.889999389648438,23.579254150390625,1091700,
2012-12-06,27.709999084472656,27.760000228881836,27.56999969482422,27.639999389648438,23.36789321899414,1621900,
2012-12-07,27.649999618530273,27.700000762939453,27.520000457763672,27.610000610351562,23.342531204223633,2812600,
2012-12-10,27.6299991607666,27.649999618530273,27.489999771118164,27.549999237060547,23.291807174682617,1194300,
2012-12-11,27.540000915527344,27.559999465942383,27.40999984741211,27.5,23.24953269958496,1943600,
2012-12-12,27.68000030517578,27.75,27.520000457763672,27.6299991607666,23.359439849853516,2672400,
2012-12-13,27.440000534057617,27.489999771118164,27.299999237060547,27.3799991607666,23.14807891845703,1420800,
2012-12-14,27.43000030517578,27.59000015258789,27.420000076293945,27.549999237060547,23.291807174682617,1641900,
2012-12-17,27.530000686645508,27.600000381469727,27.5,27.530000686645508,23.274898529052734,1235700,
2012-12-18,27.540000915527344,27.670000076293945,27.510000228881836,27.600000381469727,23.334077835083008,1583400,
2012-12-19,27.639999389648438,27.75,27.600000381469727,27.700000762939453,23.418621063232422,1644600,
2012-12-20,27.510000228881836,27.649999618530273,27.5,27.56999969482422,23.308713912963867,1829300,
2012-12-21,27.479999542236328,27.559999465942383,27.43000030517578,27.520000457763672,23.266443252563477,1932700,
2012-12-24,27.420000076293945,27.450000762939453,27.350000381469727,27.43000030517578,23.190351486206055,1091900,
2012-12-26,27.709999084472656,27.809999465942383,27.6200008392334,27.709999084472656,23.427074432373047,1077900,
2012-12-27,27.670000076293945,27.75,27.59000015258789,27.709999084472656,23.427074432373047,1973500,
2012-12-28,27.670000076293945,27.719999313354492,27.549999237060547,27.6299991607666,23.359439849853516,1542300,
2012-12-31,27.530000686645508,27.809999465942383,27.510000228881836,27.780000686645508,23.486255645751953,4334900,
2013-01-02,28.110000610351562,28.1200008392334,27.850000381469727,27.8799991607666,23.57080078125,3008900,
2013-01-03,27.75,27.790000915527344,27.6299991607666,27.649999618530273,23.3763484954834,2478800,
2013-01-04,27.530000686645508,27.59000015258789,27.350000381469727,27.530000686645508,23.274898529052734,3217000,
2013-01-07,27.450000762939453,27.59000015258789,27.420000076293945,27.579999923706055,23.317171096801758,1727800,
2013-01-08,27.639999389648438,27.65999984741211,27.530000686645508,27.649999618530273,23.3763484954834,1681900,
2013-01-09,27.649999618530273,27.670000076293945,27.5,27.610000610351562,23.342531204223633,1681200,
2013-01-10,27.799999237060547,27.81999969482422,27.709999084472656,27.709999084472656,23.427074432373047,1740600,
2013-01-11,27.56999969482422,27.6200008392334,27.40999984741211,27.59000015258789,23.32562255859375,1492200,
2013-01-14,27.700000762939453,27.780000686645508,27.559999465942383,27.770000457763672,23.477802276611328,1996600,
2013-01-15,27.760000228881836,27.760000228881836,27.610000610351562,27.649999618530273,23.3763484954834,3970300,
2013-01-16,27.6299991607666,27.719999313354492,27.579999923706055,27.68000030517578,23.40171241760254,3361300,
2013-01-17,27.780000686645508,27.889999389648438,27.739999771118164,27.799999237060547,23.503164291381836,1419100,
2013-01-18,27.8799991607666,28.020000457763672,27.780000686645508,27.979999542236328,23.655344009399414,1631600,
2013-01-22,28.09000015258789,28.139999389648438,27.979999542236328,28.059999465942383,23.722976684570312,2017900,
2013-01-23,28.040000915527344,28.139999389648438,28.020000457763672,28.09000015258789,23.74834442138672,1704100,
2013-01-24,28.0,28.149999618530273,28.0,28.06999969482422,23.73143196105957,1555000,
2013-01-25,28.049999237060547,28.09000015258789,27.940000534057617,28.010000228881836,23.680706024169922,1470300,
2013-01-28,28.049999237060547,28.059999465942383,27.8799991607666,28.0,23.67225456237793,1456900,
2013-01-29,28.049999237060547,28.200000762939453,28.010000228881836,28.15999984741211,23.80752182006836,1536500,
2013-01-30,28.34000015258789,28.489999771118164,28.31999969482422,28.479999542236328,24.078062057495117,2555200,
2013-01-31,28.360000610351562,28.5,28.309999465942383,28.469999313354492,24.069610595703125,2636100,
2013-02-01,28.559999465942383,28.729999542236328,28.530000686645508,28.579999923706055,24.162609100341797,2975900,
2013-02-04,28.5,28.6200008392334,28.43000030517578,28.479999542236328,24.078062057495117,1753700,
2013-02-05,28.610000610351562,28.6299991607666,28.540000915527344,28.59000015258789,24.17106056213379,1421600,
2013-02-06,28.420000076293945,28.579999923706055,28.389999389648438,28.549999237060547,24.137243270874023,2511400,
2013-02-07,28.530000686645508,28.56999969482422,28.3700008392334,28.440000534057617,24.044246673583984,2184600,
2013-02-08,28.610000610351562,28.68000030517578,28.520000457763672,28.549999237060547,24.137243270874023,1562500,
2013-02-11,28.3700008392334,28.479999542236328,28.31999969482422,28.450000762939453,24.05270004272461,1981400,
2013-02-12,28.479999542236328,28.5,28.399999618530273,28.5,24.094970703125,2520800,
2013-02-13,28.530000686645508,28.56999969482422,28.459999084472656,28.510000228881836,24.10342788696289,1532000,
2013-02-14,28.469999313354492,28.520000457763672,28.389999389648438,28.469999313354492,24.069610595703125,1387900,
2013-02-15,28.260000228881836,28.350000381469727,28.170000076293945,28.350000381469727,23.968156814575195,2421000,
2013-02-19,28.219999313354492,28.260000228881836,28.100000381469727,28.239999771118164,23.87515640258789,2252600,
2013-02-20,28.200000762939453,28.209999084472656,27.850000381469727,27.920000076293945,23.604616165161133,3037500,
2013-02-21,27.6299991607666,27.700000762939453,27.549999237060547,27.600000381469727,23.334077835083008,2358300,
2013-02-22,27.6299991607666,27.65999984741211,27.530000686645508,27.600000381469727,23.334077835083008,1897900,
2013-02-25,27.75,27.780000686645508,27.469999313354492,27.469999313354492,23.22416877746582,3079200,
2013-02-26,27.5,27.549999237060547,27.3799991607666,27.420000076293945,23.18189811706543,2745100,
2013-02-27,27.389999389648438,27.469999313354492,27.209999084472656,27.25,23.038175582885742,2564300,
2013-02-28,27.219999313354492,27.309999465942383,27.100000381469727,27.1299991607666,22.936723709106445,5327700,
2013-03-01,26.8799991607666,26.969999313354492,26.81999969482422,26.940000534057617,22.776090621948242,2641200,
2013-03-04,26.899999618530273,26.93000030517578,26.729999542236328,26.84000015258789,22.691547393798828,2031000,
2013-03-05,26.989999771118164,27.100000381469727,26.940000534057617,27.09000015258789,22.902902603149414,3225400,
2013-03-06,26.989999771118164,27.010000228881836,26.850000381469727,26.940000534057617,22.776090621948242,1621800,
2013-03-07,26.979999542236328,27.1200008392334,26.969999313354492,27.1200008392334,22.928268432617188,1534600,
2013-03-08,27.040000915527344,27.219999313354492,27.020000457763672,27.200000762939453,22.99590492248535,2571900,
2013-03-11,27.149999618530273,27.260000228881836,27.059999465942383,27.219999313354492,23.012813568115234,6676400,
2013-03-12,27.389999389648438,27.43000030517578,27.209999084472656,27.280000686645508,23.06353759765625,3456200,
2013-03-13,27.350000381469727,27.3700008392334,27.079999923706055,27.139999389648438,22.945175170898438,3080000,
2013-03-14,27.200000762939453,27.34000015258789,27.170000076293945,27.34000015258789,23.1142635345459,1860500,
2013-03-15,27.420000076293945,27.459999084472656,27.360000610351562,27.399999618530273,23.16499137878418,1869300,
2013-03-18,27.1299991607666,27.299999237060547,27.100000381469727,27.239999771118164,23.029720306396484,1485500,
2013-03-19,27.219999313354492,27.290000915527344,27.010000228881836,27.040000915527344,22.86063575744629,1687100,
2013-03-20,27.170000076293945,27.290000915527344,27.049999237060547,27.229999542236328,23.021265029907227,2177200,
2013-03-21,27.190000534057617,27.260000228881836,27.049999237060547,27.110000610351562,22.919815063476562,1375800,
2013-03-22,27.15999984741211,27.219999313354492,27.049999237060547,27.15999984741211,22.962085723876953,1133900,
2013-03-25,27.280000686645508,27.3799991607666,27.1299991607666,27.18000030517578,22.978994369506836,2103000,
2013-03-26,27.309999465942383,27.43000030517578,27.239999771118164,27.43000030517578,23.190351486206055,1416700,
2013-03-27,27.389999389648438,27.579999923706055,27.350000381469727,27.56999969482422,23.308713912963867,2456700,
2013-03-28,27.43000030517578,27.5,27.229999542236328,27.309999465942383,23.08890151977539,1560200,
2013-04-01,27.190000534057617,27.399999618530273,27.15999984741211,27.309999465942383,23.08890151977539,1980700,
2013-04-02,27.219999313354492,27.25,27.1200008392334,27.18000030517578,22.978994369506836,3237700,
2013-04-03,27.149999618530273,27.190000534057617,26.68000030517578,26.719999313354492,22.590091705322266,2111900,
2013-04-04,26.579999923706055,26.75,26.520000457763672,26.690000534057617,22.564727783203125,1327100,
2013-04-05,26.6200008392334,26.670000076293945,26.520000457763672,26.670000076293945,22.547819137573242,1205300,
2013-04-08,26.75,26.760000228881836,26.59000015258789,26.75,22.615455627441406,1179300,
2013-04-09,26.739999771118164,26.969999313354492,26.670000076293945,26.920000076293945,22.75918197631836,1302800,
2013-04-10,26.920000076293945,26.959999084472656,26.809999465942383,26.860000610351562,22.70845603942871,1260800,
2013-04-11,26.799999237060547,26.8700008392334,26.670000076293945,26.75,22.615455627441406,1748800,
2013-04-12,26.5,26.600000381469727,26.280000686645508,26.420000076293945,22.33646011352539,2923900,
2013-04-15,25.989999771118164,26.0,25.6200008392334,25.6299991607666,21.66856575012207,3652600,
2013-04-16,25.790000915527344,25.90999984741211,25.639999389648438,25.899999618530273,21.896833419799805,4928900,
2013-04-17,25.68000030517578,25.709999084472656,25.489999771118164,25.520000457763672,21.5755672454834,1478900,
2013-04-18,25.6200008392334,25.809999465942383,25.489999771118164,25.790000915527344,21.803834915161133,2616600,
2013-04-19,25.729999542236328,25.790000915527344,25.65999984741211,25.729999542236328,21.75310707092285,1957900,
2013-04-22,25.760000228881836,25.829999923706055,25.579999923706055,25.809999465942383,21.820743560791016,1996500,
2013-04-23,25.65999984741211,25.739999771118164,25.59000015258789,25.649999618530273,21.685476303100586,2551900,
2013-04-24,25.81999969482422,25.950000762939453,25.770000457763672,25.93000030517578,21.922195434570312,1714400,
2013-04-25,25.989999771118164,26.31999969482422,25.969999313354492,26.270000457763672,22.209646224975586,2094300,
2013-04-26,26.18000030517578,26.219999313354492,25.979999542236328,26.1200008392334,22.08283233642578,2222900,
2013-04-29,26.239999771118164,26.510000228881836,26.209999084472656,26.469999313354492,22.378732681274414,1131000,
2013-04-30,26.459999084472656,26.459999084472656,26.239999771118164,26.270000457763672,22.209646224975586,1900600,
2013-05-01,25.809999465942383,25.899999618530273,25.700000762939453,25.799999237060547,21.812288284301758,1693900,
2013-05-02,25.90999984741211,26.18000030517578,25.799999237060547,26.1299991607666,22.091283798217773,1538800,
2013-05-03,26.3700008392334,26.520000457763672,26.309999465942383,26.420000076293945,22.33646011352539,1188300,
2013-05-06,26.350000381469727,26.510000228881836,26.270000457763672,26.450000762939453,22.361825942993164,7015100,
2013-05-07,26.40999984741211,26.479999542236328,26.280000686645508,26.360000610351562,22.285736083984375,1380300,
2013-05-08,26.440000534057617,26.540000915527344,26.3700008392334,26.479999542236328,22.387187957763672,1423400,
2013-05-09,26.389999389648438,26.579999923706055,26.3700008392334,26.469999313354492,22.378732681274414,1137900,
2013-05-10,26.200000762939453,26.3700008392334,26.020000457763672,26.350000381469727,22.277278900146484,1402400,
2013-05-13,26.229999542236328,26.350000381469727,26.170000076293945,26.229999542236328,22.17582893371582,1380000,
2013-05-14,26.1299991607666,26.229999542236328,26.09000015258789,26.139999389648438,22.0997371673584,2765800,
2013-05-15,25.940000534057617,26.100000381469727,25.770000457763672,26.079999923706055,22.049013137817383,3652200,
2013-05-16,26.030000686645508,26.15999984741211,25.979999542236328,26.049999237060547,22.023649215698242,1532000,
2013-05-17,26.200000762939453,26.239999771118164,26.06999969482422,26.18000030517578,22.133556365966797,1141500,
2013-05-20,26.15999984741211,26.3799991607666,26.15999984741211,26.350000381469727,22.277278900146484,1530400,
2013-05-21,26.280000686645508,26.329999923706055,26.139999389648438,26.200000762939453,22.15046501159668,1199900,
2013-05-22,26.200000762939453,26.360000610351562,26.030000686645508,26.079999923706055,22.049013137817383,1302700,
2013-05-23,25.8700008392334,26.200000762939453,25.84000015258789,26.200000762939453,22.15046501159668,2251800,
2013-05-24,26.030000686645508,26.149999618530273,25.969999313354492,26.100000381469727,22.065921783447266,1968100,
2013-05-28,26.450000762939453,26.459999084472656,26.31999969482422,26.34000015258789,22.26882553100586,2486900,
2013-05-29,26.350000381469727,26.360000610351562,26.110000610351562,26.170000076293945,22.125102996826172,1150400,
2013-05-30,26.049999237060547,26.239999771118164,26.020000457763672,26.170000076293945,22.125102996826172,1874300,
2013-05-31,26.020000457763672,26.09000015258789,25.860000610351562,25.860000610351562,21.863018035888672,5156100,
2013-06-03,26.1200008392334,26.260000228881836,26.079999923706055,26.18000030517578,22.133556365966797,2813800,
2013-06-04,26.079999923706055,26.299999237060547,26.0,26.280000686645508,22.218101501464844,1526100,
2013-06-05,26.299999237060547,26.3799991607666,26.149999618530273,26.15999984741211,22.11664581298828,2641500,
2013-06-06,26.139999389648438,26.270000457763672,26.139999389648438,26.260000228881836,22.20119285583496,3320900,
2013-06-07,26.110000610351562,26.399999618530273,26.079999923706055,26.31999969482422,22.251916885375977,1316900,
2013-06-10,26.219999313354492,26.25,26.15999984741211,26.219999313354492,22.167373657226562,1086400,
2013-06-11,25.90999984741211,26.030000686645508,25.889999389648438,25.989999771118164,21.972923278808594,1148700,
2013-06-12,26.110000610351562,26.139999389648438,26.010000228881836,26.020000457763672,21.9982852935791,3855200,
2013-06-13,25.989999771118164,26.219999313354492,25.959999084472656,26.190000534057617,22.142013549804688,2189600,
2013-06-14,26.31999969482422,26.360000610351562,26.260000228881836,26.299999237060547,22.235010147094727,1542800,
2013-06-17,26.309999465942383,26.399999618530273,26.299999237060547,26.360000610351562,22.285736083984375,2642800,
2013-06-18,26.360000610351562,26.43000030517578,26.280000686645508,26.40999984741211,22.328006744384766,2653200,
2013-06-19,26.459999084472656,26.600000381469727,26.43000030517578,26.450000762939453,22.361825942993164,1080200,
2013-06-20,25.899999618530273,25.920000076293945,25.559999465942383,25.59000015258789,21.634750366210938,3419500,
2013-06-21,25.6200008392334,25.649999618530273,25.350000381469727,25.43000030517578,21.49947738647461,3324300,
2013-06-24,25.200000762939453,25.420000076293945,25.15999984741211,25.31999969482422,21.40648078918457,2212800,
2013-06-25,25.489999771118164,25.489999771118164,25.309999465942383,25.34000015258789,21.42338752746582,3226100,
2013-06-26,25.329999923706055,25.350000381469727,25.139999389648438,25.270000457763672,21.364208221435547,3087100,
2013-06-27,25.3700008392334,25.389999389648438,25.25,25.260000228881836,21.355754852294922,1182000,
2013-06-28,25.299999237060547,25.3799991607666,25.09000015258789,25.1299991607666,21.2458438873291,2842400,
2013-07-01,25.34000015258789,25.5,25.209999084472656,25.290000915527344,21.381118774414062,1321500,
2013-07-02,25.399999618530273,25.469999313354492,25.329999923706055,25.389999389648438,21.465660095214844,1615800,
2013-07-03,25.600000381469727,25.65999984741211,25.549999237060547,25.6200008392334,21.660112380981445,1382900,
2013-07-05,25.530000686645508,25.59000015258789,25.43000030517578,25.559999465942383,21.609386444091797,2627000,
2013-07-08,25.6299991607666,25.770000457763672,25.6200008392334,25.690000534057617,21.71929168701172,3575400,
2013-07-09,25.81999969482422,25.8700008392334,25.719999313354492,25.850000381469727,21.854562759399414,1077600,
2013-07-10,26.010000228881836,26.030000686645508,25.90999984741211,25.93000030517578,21.922195434570312,3148900,
2013-07-11,26.100000381469727,26.139999389648438,25.93000030517578,26.059999465942383,22.0321044921875,1427200,
2013-07-12,26.15999984741211,26.170000076293945,26.09000015258789,26.15999984741211,22.11664581298828,4106300,
2013-07-15,26.049999237060547,26.1200008392334,26.010000228881836,26.09000015258789,22.057466506958008,1477600,
2013-07-16,26.170000076293945,26.239999771118164,26.1200008392334,26.1200008392334,22.08283233642578,1308400,
2013-07-17,26.15999984741211,26.170000076293945,26.06999969482422,26.100000381469727,22.065921783447266,944200,
2013-07-18,26.1200008392334,26.219999313354492,26.100000381469727,26.209999084472656,22.158920288085938,1176300,
2013-07-19,26.270000457763672,26.280000686645508,26.06999969482422,26.229999542236328,22.17582893371582,1327400,
2013-07-22,26.270000457763672,26.299999237060547,26.15999984741211,26.209999084472656,22.158920288085938,1807600,
2013-07-23,26.239999771118164,26.280000686645508,26.209999084472656,26.25,22.192737579345703,1237700,
2013-07-24,26.15999984741211,26.25,25.979999542236328,26.040000915527344,22.015195846557617,1429000,
2013-07-25,25.979999542236328,26.030000686645508,25.84000015258789,26.010000228881836,21.989831924438477,1215100,
2013-07-26,25.899999618530273,25.90999984741211,25.739999771118164,25.850000381469727,21.854562759399414,833600,
2013-07-29,25.809999465942383,25.860000610351562,25.739999771118164,25.84000015258789,21.846107482910156,882200,
2013-07-30,25.780000686645508,25.799999237060547,25.670000076293945,25.75,21.770017623901367,1729200,
2013-07-31,25.610000610351562,25.969999313354492,25.56999969482422,25.93000030517578,21.922195434570312,1257700,
2013-08-01,26.049999237060547,26.059999465942383,25.950000762939453,25.989999771118164,21.972923278808594,1856300,
2013-08-02,25.959999084472656,26.010000228881836,25.8799991607666,25.889999389648438,21.88838005065918,1216700,
2013-08-05,25.690000534057617,25.809999465942383,25.670000076293945,25.760000228881836,21.778470993041992,1031800,
2013-08-06,25.690000534057617,25.690000534057617,25.5,25.549999237060547,21.600929260253906,1781400,
2013-08-07,25.469999313354492,25.510000228881836,25.350000381469727,25.3799991607666,21.457204818725586,1298100,
2013-08-08,25.40999984741211,25.530000686645508,25.299999237060547,25.510000228881836,21.567113876342773,1150200,
2013-08-09,25.59000015258789,25.729999542236328,25.579999923706055,25.690000534057617,21.71929168701172,1063700,
2013-08-12,25.809999465942383,26.020000457763672,25.760000228881836,26.0,21.98137664794922,887800,
2013-08-13,26.040000915527344,26.049999237060547,25.959999084472656,25.989999771118164,21.972923278808594,917800,
2013-08-14,25.989999771118164,26.200000762939453,25.979999542236328,26.200000762939453,22.15046501159668,1693200,
2013-08-15,26.260000228881836,26.459999084472656,26.15999984741211,26.450000762939453,22.361825942993164,1724200,
2013-08-16,26.459999084472656,26.489999771118164,26.34000015258789,26.459999084472656,22.37027931213379,1708400,
2013-08-19,26.510000228881836,26.579999923706055,26.399999618530273,26.43000030517578,22.34491539001465,2371900,
2013-08-20,26.309999465942383,26.530000686645508,26.299999237060547,26.3799991607666,22.302642822265625,1334800,
2013-08-21,26.40999984741211,26.43000030517578,26.329999923706055,26.350000381469727,22.277278900146484,1423700,
2013-08-22,26.360000610351562,26.40999984741211,26.299999237060547,26.360000610351562,22.285736083984375,1673100,
2013-08-23,26.43000030517578,26.6200008392334,26.389999389648438,26.56999969482422,22.463279724121094,1384500,
2013-08-26,26.709999084472656,26.780000686645508,26.6200008392334,26.719999313354492,22.590091705322266,1190000,
2013-08-27,26.989999771118164,27.059999465942383,26.920000076293945,26.979999542236328,22.809904098510742,1878200,
2013-08-28,27.020000457763672,27.110000610351562,26.979999542236328,27.020000457763672,22.843725204467773,2376700,
2013-08-29,26.979999542236328,27.020000457763672,26.729999542236328,26.739999771118164,22.60700035095215,1251800,
2013-08-30,26.729999542236328,26.790000915527344,26.549999237060547,26.65999984741211,22.53936767578125,5229600,
2013-09-03,26.809999465942383,26.860000610351562,26.700000762939453,26.799999237060547,22.65772819519043,5447200,
2013-09-04,26.549999237060547,26.59000015258789,26.489999771118164,26.56999969482422,22.463279724121094,12295700,
2013-09-05,26.59000015258789,26.59000015258789,26.420000076293945,26.510000228881836,22.41254997253418,1297400,
2013-09-06,26.670000076293945,26.75,26.610000610351562,26.65999984741211,22.53936767578125,2600500,
2013-09-09,26.600000381469727,26.690000534057617,26.459999084472656,26.489999771118164,22.395641326904297,2148900,
2013-09-10,26.209999084472656,26.290000915527344,26.170000076293945,26.25,22.192737579345703,1288800,
2013-09-11,26.309999465942383,26.329999923706055,26.18000030517578,26.290000915527344,22.22655487060547,1521400,
2013-09-12,26.25,26.450000762939453,26.219999313354492,26.420000076293945,22.33646011352539,2274300,
2013-09-13,26.280000686645508,26.360000610351562,26.18000030517578,26.34000015258789,22.26882553100586,1148600,
2013-09-16,26.1200008392334,26.200000762939453,26.010000228881836,26.010000228881836,21.989831924438477,1427400,
2013-09-17,26.010000228881836,26.030000686645508,25.709999084472656,25.739999771118164,21.76156234741211,3673300,
2013-09-18,25.84000015258789,26.329999923706055,25.809999465942383,26.299999237060547,22.235010147094727,1473700,
2013-09-19,26.3799991607666,26.40999984741211,26.15999984741211,26.200000762939453,22.15046501159668,3198000,
2013-09-20,26.09000015258789,26.18000030517578,25.940000534057617,25.959999084472656,21.947561264038086,1424600,
2013-09-23,25.850000381469727,25.889999389648438,25.75,25.770000457763672,21.786930084228516,3697100,
2013-09-24,25.690000534057617,25.81999969482422,25.610000610351562,25.760000228881836,21.778470993041992,3354800,
2013-09-25,25.899999618530273,25.969999313354492,25.790000915527344,25.799999237060547,21.812288284301758,2383300,
2013-09-26,25.90999984741211,26.030000686645508,25.889999389648438,26.0,21.98137664794922,1226000,
2013-09-27,25.959999084472656,26.09000015258789,25.8700008392334,25.8700008392334,21.87147331237793,1619700,
2013-09-30,25.81999969482422,25.889999389648438,25.719999313354492,25.760000228881836,21.778470993041992,17407400,
2013-10-01,25.579999923706055,25.6299991607666,25.43000030517578,25.59000015258789,21.634750366210938,6424400,
2013-10-02,25.68000030517578,25.899999618530273,25.6299991607666,25.84000015258789,21.846107482910156,2193100,
2013-10-03,26.020000457763672,26.020000457763672,25.799999237060547,25.799999237060547,21.812288284301758,1212500,
2013-10-04,25.959999084472656,25.959999084472656,25.799999237060547,25.8799991607666,21.87992286682129,1224500,
2013-10-07,25.829999923706055,26.09000015258789,25.75,26.059999465942383,22.0321044921875,1691800,
2013-10-08,26.209999084472656,26.270000457763672,26.1299991607666,26.149999618530273,22.10819435119629,1774400,
2013-10-09,26.0,26.049999237060547,25.8700008392334,25.959999084472656,21.947561264038086,2811500,
2013-10-10,26.09000015258789,26.329999923706055,26.059999465942383,26.290000915527344,22.22655487060547,1180600,
2013-10-11,26.040000915527344,26.170000076293945,26.010000228881836,26.149999618530273,22.10819435119629,1076900,
2013-10-14,26.09000015258789,26.229999542236328,26.040000915527344,26.139999389648438,22.0997371673584,1560900,
2013-10-15,26.079999923706055,26.15999984741211,26.049999237060547,26.049999237060547,22.023649215698242,1346100,
2013-10-16,26.170000076293945,26.3799991607666,26.149999618530273,26.25,22.192737579345703,2097700,
2013-10-17,26.18000030517578,26.260000228881836,26.049999237060547,26.110000610351562,22.07437515258789,2061600,
2013-10-18,26.229999542236328,26.270000457763672,26.1299991607666,26.260000228881836,22.20119285583496,1289600,
2013-10-21,26.260000228881836,26.290000915527344,26.149999618530273,26.200000762939453,22.15046501159668,1468100,
2013-10-22,26.299999237060547,26.34000015258789,26.1200008392334,26.170000076293945,22.125102996826172,1276000,
2013-10-23,25.93000030517578,25.959999084472656,25.739999771118164,25.770000457763672,21.786930084228516,1036800,
2013-10-24,25.68000030517578,25.809999465942383,25.65999984741211,25.780000686645508,21.795381546020508,1128100,
2013-10-25,25.739999771118164,25.8700008392334,25.719999313354492,25.860000610351562,21.863018035888672,1197600,
2013-10-28,25.899999618530273,26.020000457763672,25.850000381469727,25.959999084472656,21.947561264038086,1137200,
2013-10-29,25.860000610351562,25.93000030517578,25.799999237060547,25.889999389648438,21.88838005065918,2494000,
2013-10-30,25.969999313354492,26.0,25.889999389648438,25.969999313354492,21.956012725830078,1106100,
2013-10-31,25.889999389648438,25.93000030517578,25.719999313354492,25.75,21.770017623901367,2376000,
2013-11-01,25.559999465942383,25.559999465942383,25.360000610351562,25.43000030517578,21.49947738647461,2624000,
2013-11-04,25.309999465942383,25.399999618530273,25.290000915527344,25.31999969482422,21.40648078918457,1648500,
2013-11-05,25.31999969482422,25.34000015258789,25.209999084472656,25.25,21.34729766845703,1522900,
2013-11-06,25.34000015258789,25.399999618530273,25.270000457763672,25.270000457763672,21.364208221435547,1702900,
2013-11-07,25.18000030517578,25.239999771118164,25.049999237060547,25.09000015258789,21.2120304107666,2842900,
2013-11-08,25.040000915527344,25.270000457763672,25.0,25.229999542236328,21.330392837524414,1453000,
2013-11-11,25.239999771118164,25.3700008392334,25.209999084472656,25.34000015258789,21.42338752746582,1045400,
2013-11-12,25.3700008392334,25.3700008392334,25.110000610351562,25.170000076293945,21.2796630859375,1606600,
2013-11-13,25.280000686645508,25.31999969482422,25.18000030517578,25.280000686645508,21.372665405273438,1313700,
2013-11-14,25.329999923706055,25.489999771118164,25.260000228881836,25.389999389648438,21.465660095214844,1524500,
2013-11-15,25.3700008392334,25.40999984741211,25.329999923706055,25.350000381469727,21.43184471130371,1369400,
2013-11-18,25.3799991607666,25.3799991607666,25.18000030517578,25.18000030517578,21.288118362426758,2611100,
2013-11-19,25.170000076293945,25.290000915527344,25.1200008392334,25.139999389648438,21.254301071166992,1426900,
2013-11-20,25.110000610351562,25.280000686645508,25.110000610351562,25.15999984741211,21.271209716796875,1313500,
2013-11-21,25.280000686645508,25.479999542236328,25.209999084472656,25.479999542236328,21.541749954223633,2304500,
2013-11-22,25.579999923706055,25.600000381469727,25.420000076293945,25.559999465942383,21.609386444091797,1999100,
2013-11-25,25.459999084472656,25.610000610351562,25.399999618530273,25.530000686645508,21.584020614624023,1378200,
2013-11-26,25.510000228881836,25.56999969482422,25.420000076293945,25.520000457763672,21.5755672454834,1754900,
2013-11-27,25.530000686645508,25.530000686645508,25.389999389648438,25.520000457763672,21.5755672454834,1040100,
2013-11-29,25.360000610351562,25.6200008392334,25.360000610351562,25.510000228881836,21.567113876342773,1029700,
2013-12-02,25.43000030517578,25.610000610351562,25.40999984741211,25.479999542236328,21.541749954223633,5001000,
2013-12-03,25.489999771118164,25.68000030517578,25.489999771118164,25.6299991607666,21.66856575012207,1399600,
2013-12-04,25.6299991607666,25.799999237060547,25.6299991607666,25.68000030517578,21.710840225219727,2137800,
2013-12-05,25.65999984741211,25.719999313354492,25.600000381469727,25.649999618530273,21.685476303100586,1672300,
2013-12-06,25.739999771118164,25.760000228881836,25.68000030517578,25.739999771118164,21.76156234741211,1050000,
2013-12-09,25.790000915527344,25.799999237060547,25.6200008392334,25.649999618530273,21.685476303100586,2037300,
2013-12-10,25.809999465942383,25.809999465942383,25.670000076293945,25.729999542236328,21.75310707092285,1973700,
2013-12-11,25.68000030517578,25.75,25.649999618530273,25.729999542236328,21.75310707092285,1964800,
2013-12-12,25.65999984741211,25.65999984741211,25.440000534057617,25.489999771118164,21.55020523071289,1840200,
2013-12-13,25.440000534057617,25.459999084472656,25.3799991607666,25.389999389648438,21.465660095214844,1585100,
2013-12-16,25.459999084472656,25.600000381469727,25.450000762939453,25.469999313354492,21.533296585083008,3035200,
2013-12-17,25.420000076293945,25.459999084472656,25.34000015258789,25.350000381469727,21.43184471130371,9614600,
2013-12-18,25.420000076293945,25.540000915527344,25.389999389648438,25.399999618530273,21.47411346435547,6495600,
2013-12-19,25.389999389648438,25.530000686645508,25.3799991607666,25.459999084472656,21.524839401245117,2614300,
2013-12-20,25.6299991607666,25.700000762939453,25.559999465942383,25.65999984741211,21.693931579589844,2716700,
2013-12-23,25.719999313354492,25.719999313354492,25.610000610351562,25.65999984741211,21.693931579589844,2961900,
2013-12-24,25.709999084472656,25.770000457763672,25.65999984741211,25.739999771118164,21.76156234741211,1252600,
2013-12-26,25.200000762939453,25.81999969482422,25.200000762939453,25.780000686645508,21.795381546020508,1759700,
2013-12-27,25.170000076293945,25.920000076293945,25.15999984741211,25.850000381469727,21.854562759399414,1865900,
2013-12-30,25.479999542236328,25.809999465942383,25.479999542236328,25.700000762939453,21.727745056152344,3367600,
2013-12-31,25.549999237060547,25.690000534057617,25.540000915527344,25.65999984741211,21.693931579589844,2268200,
2014-01-02,25.510000228881836,25.549999237060547,25.280000686645508,25.290000915527344,21.381118774414062,2064400,
2014-01-03,25.25,25.280000686645508,25.110000610351562,25.1299991607666,21.2458438873291,1797200,
2014-01-06,25.190000534057617,25.219999313354492,25.1200008392334,25.15999984741211,21.271209716796875,1790400,
2014-01-07,25.1299991607666,25.18000030517578,25.100000381469727,25.139999389648438,21.254301071166992,1257200,
2014-01-08,25.079999923706055,25.100000381469727,24.860000610351562,24.899999618530273,21.0513973236084,1346800,
2014-01-09,24.8700008392334,24.8799991607666,24.6299991607666,24.700000762939453,20.88231086730957,1185300,
2014-01-10,24.760000228881836,24.889999389648438,24.709999084472656,24.860000610351562,21.017580032348633,3678000,
2014-01-13,24.860000610351562,24.920000076293945,24.829999923706055,24.850000381469727,21.009124755859375,2131100,
2014-01-14,24.8700008392334,24.989999771118164,24.770000457763672,24.850000381469727,21.009124755859375,1089900,
2014-01-15,24.850000381469727,25.020000457763672,24.809999465942383,24.920000076293945,21.06830596923828,1487000,
2014-01-16,24.979999542236328,25.0,24.8799991607666,24.8799991607666,21.034488677978516,2372100,
2014-01-17,24.950000762939453,25.010000228881836,24.899999618530273,24.90999984741211,21.059850692749023,1446600,
2014-01-21,25.030000686645508,25.06999969482422,24.940000534057617,24.969999313354492,21.110576629638672,1848500,
2014-01-22,25.079999923706055,25.1200008392334,25.010000228881836,25.09000015258789,21.2120304107666,1557600,
2014-01-23,25.15999984741211,25.229999542236328,25.040000915527344,25.06999969482422,21.195119857788086,1164500,
2014-01-24,25.059999465942383,25.1299991607666,25.010000228881836,25.079999923706055,21.20357322692871,3067300,
2014-01-27,25.059999465942383,25.100000381469727,24.8700008392334,24.90999984741211,21.059850692749023,1882700,
2014-01-28,25.0,25.06999969482422,24.979999542236328,25.030000686645508,21.161304473876953,1338000,
2014-01-29,24.989999771118164,25.059999465942383,24.950000762939453,25.010000228881836,21.14439582824707,1534400,
2014-01-30,25.059999465942383,25.06999969482422,24.90999984741211,24.90999984741211,21.059850692749023,1712200,
2014-01-31,24.889999389648438,24.979999542236328,24.850000381469727,24.8799991607666,21.034488677978516,1689600,
2014-02-03,24.8799991607666,24.950000762939453,24.81999969482422,24.8799991607666,21.034488677978516,2314000,
2014-02-04,24.959999084472656,25.079999923706055,24.959999084472656,25.06999969482422,21.195119857788086,2000000,
2014-02-05,25.1200008392334,25.149999618530273,25.010000228881836,25.1200008392334,21.237394332885742,1184500,
2014-02-06,25.260000228881836,25.299999237060547,25.18000030517578,25.219999313354492,21.321935653686523,1083700,
2014-02-07,25.350000381469727,25.530000686645508,25.280000686645508,25.510000228881836,21.567113876342773,1356000,
2014-02-10,25.459999084472656,25.520000457763672,25.3700008392334,25.3700008392334,21.448753356933594,1901600,
2014-02-11,25.440000534057617,25.520000457763672,25.34000015258789,25.5,21.55866050720215,1429600,
2014-02-12,25.600000381469727,25.690000534057617,25.549999237060547,25.549999237060547,21.600929260253906,3575300,
2014-02-13,25.540000915527344,25.690000534057617,25.540000915527344,25.690000534057617,21.71929168701172,3652900,
2014-02-14,25.6200008392334,25.81999969482422,25.6200008392334,25.780000686645508,21.795381546020508,2148800,
2014-02-18,25.969999313354492,26.18000030517578,25.969999313354492,26.149999618530273,22.10819435119629,1895400,
2014-02-19,26.170000076293945,26.290000915527344,26.149999618530273,26.219999313354492,22.167373657226562,2154800,
2014-02-20,26.18000030517578,26.270000457763672,26.15999984741211,26.270000457763672,22.209646224975586,4146500,
2014-02-21,26.260000228881836,26.260000228881836,26.09000015258789,26.200000762939453,22.15046501159668,1027500,
2014-02-24,26.200000762939453,26.34000015258789,26.190000534057617,26.309999465942383,22.24346351623535,2531500,
2014-02-25,26.219999313354492,26.260000228881836,26.1200008392334,26.190000534057617,22.142013549804688,1302100,
2014-02-26,26.139999389648438,26.200000762939453,26.100000381469727,26.1200008392334,22.08283233642578,1208900,
2014-02-27,26.06999969482422,26.149999618530273,26.020000457763672,26.040000915527344,22.015195846557617,955600,
2014-02-28,25.979999542236328,26.1299991607666,25.969999313354492,26.1299991607666,22.091283798217773,1861100,
2014-03-03,26.530000686645508,26.59000015258789,26.3700008392334,26.489999771118164,22.395641326904297,5428200,
2014-03-04,26.299999237060547,26.40999984741211,26.239999771118164,26.389999389648438,22.311098098754883,1283100,
2014-03-05,26.399999618530273,26.399999618530273,26.15999984741211,26.170000076293945,22.125102996826172,3417200,
2014-03-06,26.18000030517578,26.40999984741211,26.18000030517578,26.40999984741211,22.328006744384766,956900,
2014-03-07,26.299999237060547,26.34000015258789,26.229999542236328,26.290000915527344,22.22655487060547,2120600,
2014-03-10,26.1200008392334,26.170000076293945,26.049999237060547,26.06999969482422,22.040555953979492,1710100,
2014-03-11,26.110000610351562,26.15999984741211,26.010000228881836,26.079999923706055,22.049013137817383,1821300,
2014-03-12,25.889999389648438,26.049999237060547,25.850000381469727,26.010000228881836,21.989831924438477,1026800,
2014-03-13,25.989999771118164,26.0,25.850000381469727,25.889999389648438,21.88838005065918,1182000,
2014-03-14,25.959999084472656,26.059999465942383,25.940000534057617,26.030000686645508,22.006742477416992,827500,
2014-03-17,25.93000030517578,25.959999084472656,25.739999771118164,25.739999771118164,21.76156234741211,1563700,
2014-03-18,25.719999313354492,25.920000076293945,25.719999313354492,25.8700008392334,21.87147331237793,1091800,
2014-03-19,25.739999771118164,25.940000534057617,25.709999084472656,25.860000610351562,21.863018035888672,1194200,
2014-03-20,25.790000915527344,25.889999389648438,25.68000030517578,25.739999771118164,21.76156234741211,1393200,
2014-03-21,25.770000457763672,25.899999618530273,25.75,25.760000228881836,21.778470993041992,1410800,
2014-03-24,25.860000610351562,25.899999618530273,25.739999771118164,25.75,21.770017623901367,1574000,
2014-03-25,25.899999618530273,26.020000457763672,25.8700008392334,25.920000076293945,21.91374397277832,1186300,
2014-03-26,25.84000015258789,25.979999542236328,25.829999923706055,25.899999618530273,21.896833419799805,1156500,
2014-03-27,26.030000686645508,26.18000030517578,26.020000457763672,26.1299991607666,22.091283798217773,742400,
2014-03-28,26.200000762939453,26.25,26.139999389648438,26.139999389648438,22.0997371673584,1789900,
2014-03-31,26.1200008392334,26.139999389648438,25.940000534057617,26.1200008392334,22.08283233642578,1455500,
2014-04-01,26.059999465942383,26.100000381469727,25.790000915527344,25.799999237060547,21.812288284301758,1986400,
2014-04-02,25.770000457763672,25.799999237060547,25.690000534057617,25.739999771118164,21.76156234741211,664300,
2014-04-03,25.790000915527344,26.0,25.739999771118164,25.950000762939453,21.93910789489746,1289200,
2014-04-04,26.09000015258789,26.09000015258789,26.040000915527344,26.06999969482422,22.040555953979492,824700,
2014-04-07,26.020000457763672,26.1200008392334,25.90999984741211,26.010000228881836,21.989831924438477,738900,
2014-04-08,26.1200008392334,26.360000610351562,26.079999923706055,26.309999465942383,22.24346351623535,790200,
2014-04-09,26.34000015258789,26.43000030517578,26.299999237060547,26.3799991607666,22.302642822265625,1411100,
2014-04-10,26.389999389648438,26.459999084472656,26.34000015258789,26.389999389648438,22.311098098754883,984900,
2014-04-11,26.31999969482422,26.399999618530273,26.270000457763672,26.270000457763672,22.209646224975586,1679100,
2014-04-14,26.440000534057617,26.549999237060547,26.399999618530273,26.510000228881836,22.41254997253418,1438500,
2014-04-15,26.399999618530273,26.559999465942383,26.3700008392334,26.530000686645508,22.429460525512695,1059700,
2014-04-16,26.670000076293945,26.719999313354492,26.540000915527344,26.579999923706055,22.471731185913086,1378300,
2014-04-17,26.530000686645508,26.65999984741211,26.520000457763672,26.639999389648438,22.522457122802734,1295800,
2014-04-21,26.579999923706055,26.579999923706055,26.489999771118164,26.549999237060547,22.446369171142578,892300,
2014-04-22,26.530000686645508,26.559999465942383,26.399999618530273,26.540000915527344,22.43791389465332,2401800,
2014-04-23,26.530000686645508,26.56999969482422,26.489999771118164,26.520000457763672,22.421005249023438,1073200,
2014-04-24,26.649999618530273,26.709999084472656,26.610000610351562,26.68000030517578,22.5562744140625,901400,
2014-04-25,26.59000015258789,26.6200008392334,26.540000915527344,26.56999969482422,22.463279724121094,660600,
2014-04-28,26.600000381469727,26.600000381469727,26.40999984741211,26.479999542236328,22.387187957763672,609300,
2014-04-29,26.559999465942383,26.600000381469727,26.520000457763672,26.549999237060547,22.446369171142578,1083500,
2014-04-30,26.389999389648438,26.579999923706055,26.309999465942383,26.40999984741211,22.328006744384766,4399300,
2014-05-01,26.200000762939453,26.239999771118164,26.110000610351562,26.209999084472656,22.158920288085938,1641100,
2014-05-02,26.239999771118164,26.31999969482422,26.190000534057617,26.280000686645508,22.218101501464844,1171300,
2014-05-05,26.229999542236328,26.270000457763672,26.18000030517578,26.219999313354492,22.167373657226562,4158400,
2014-05-06,26.239999771118164,26.329999923706055,26.219999313354492,26.239999771118164,22.184284210205078,1001700,
2014-05-07,26.239999771118164,26.329999923706055,26.139999389648438,26.309999465942383,22.24346351623535,933600,
2014-05-08,26.200000762939453,26.239999771118164,26.139999389648438,26.229999542236328,22.17582893371582,3119000,
2014-05-09,26.239999771118164,26.260000228881836,26.059999465942383,26.100000381469727,22.065921783447266,603000,
2014-05-12,26.18000030517578,26.209999084472656,26.1299991607666,26.15999984741211,22.11664581298828,1328900,
2014-05-13,26.239999771118164,26.299999237060547,26.18000030517578,26.280000686645508,22.218101501464844,689900,
2014-05-14,26.3799991607666,26.420000076293945,26.31999969482422,26.399999618530273,22.31955337524414,1297100,
2014-05-15,26.329999923706055,26.329999923706055,26.229999542236328,26.239999771118164,22.184284210205078,1049800,
2014-05-16,26.25,26.299999237060547,26.229999542236328,26.270000457763672,22.209646224975586,847500,
2014-05-19,26.34000015258789,26.389999389648438,26.25,26.25,22.192737579345703,1157700,
2014-05-20,26.260000228881836,26.360000610351562,26.25,26.299999237060547,22.235010147094727,536300,
2014-05-21,26.299999237060547,26.40999984741211,26.270000457763672,26.350000381469727,22.277278900146484,802600,
2014-05-22,26.459999084472656,26.469999313354492,26.309999465942383,26.3700008392334,22.294189453125,1131700,
2014-05-23,26.399999618530273,26.440000534057617,26.3700008392334,26.43000030517578,22.34491539001465,554000,
2014-05-27,26.25,26.31999969482422,26.209999084472656,26.209999084472656,22.158920288085938,1093300,
2014-05-28,26.200000762939453,26.280000686645508,26.149999618530273,26.219999313354492,22.167373657226562,1164800,
2014-05-29,26.280000686645508,26.280000686645508,26.209999084472656,26.229999542236328,22.17582893371582,707000,
2014-05-30,26.100000381469727,26.149999618530273,25.989999771118164,26.030000686645508,22.006742477416992,5480800,
2014-06-02,25.979999542236328,26.020000457763672,25.959999084472656,26.0,21.98137664794922,2445900,
2014-06-03,25.959999084472656,26.0,25.920000076293945,25.979999542236328,21.96446990966797,1054700,
2014-06-04,26.0,26.0,25.8799991607666,25.90999984741211,21.90528678894043,1605300,
2014-06-05,25.8700008392334,25.969999313354492,25.799999237060547,25.940000534057617,21.930652618408203,504300,
2014-06-06,25.940000534057617,26.059999465942383,25.889999389648438,26.049999237060547,22.023649215698242,625700,
2014-06-09,26.1200008392334,26.15999984741211,26.09000015258789,26.15999984741211,22.11664581298828,1569300,
2014-06-10,26.1299991607666,26.15999984741211,25.989999771118164,26.09000015258789,22.057466506958008,764400,
2014-06-11,26.110000610351562,26.1200008392334,26.0,26.020000457763672,21.9982852935791,2716500,
2014-06-12,26.25,26.40999984741211,26.170000076293945,26.389999389648438,22.311098098754883,3854500,
2014-06-13,26.420000076293945,26.469999313354492,26.3700008392334,26.389999389648438,22.311098098754883,1044500,
2014-06-16,26.440000534057617,26.520000457763672,26.420000076293945,26.469999313354492,22.378732681274414,972000,
2014-06-17,26.459999084472656,26.559999465942383,26.450000762939453,26.5,22.404096603393555,586200,
2014-06-18,26.5,26.65999984741211,26.5,26.610000610351562,22.497095108032227,960300,
2014-06-19,26.75,26.920000076293945,26.75,26.8700008392334,22.716909408569336,888600,
2014-06-20,26.8700008392334,26.93000030517578,26.809999465942383,26.920000076293945,22.75918197631836,2099500,
2014-06-23,26.93000030517578,26.940000534057617,26.790000915527344,26.81999969482422,22.674636840820312,1300000,
2014-06-24,26.780000686645508,26.899999618530273,26.780000686645508,26.860000610351562,22.70845603942871,934700,
2014-06-25,26.770000457763672,26.899999618530273,26.760000228881836,26.899999618530273,22.742271423339844,936300,
2014-06-26,26.850000381469727,26.850000381469727,26.729999542236328,26.790000915527344,22.649272918701172,1082200,
2014-06-27,26.799999237060547,26.829999923706055,26.709999084472656,26.739999771118164,22.60700035095215,723400,
2014-06-30,26.68000030517578,26.700000762939453,26.510000228881836,26.579999923706055,22.471731185913086,15876300,
2014-07-01,26.5,26.530000686645508,26.450000762939453,26.5,22.404096603393555,2226300,
2014-07-02,26.450000762939453,26.520000457763672,26.420000076293945,26.450000762939453,22.361825942993164,5938500,
2014-07-03,26.43000030517578,26.469999313354492,26.389999389648438,26.399999618530273,22.31955337524414,824800,
2014-07-07,26.309999465942383,26.31999969482422,26.149999618530273,26.190000534057617,22.142013549804688,7393700,
2014-07-08,26.229999542236328,26.229999542236328,26.049999237060547,26.1200008392334,22.08283233642578,844200,
2014-07-09,26.040000915527344,26.049999237060547,25.899999618530273,25.940000534057617,21.930652618408203,8581400,
2014-07-10,25.969999313354492,26.020000457763672,25.920000076293945,25.979999542236328,21.96446990966797,1113300,
2014-07-11,25.90999984741211,25.90999984741211,25.729999542236328,25.75,21.770017623901367,984000,
2014-07-14,25.739999771118164,25.850000381469727,25.690000534057617,25.850000381469727,21.854562759399414,1005700,
2014-07-15,25.700000762939453,25.700000762939453,25.559999465942383,25.610000610351562,21.651657104492188,1269800,
2014-07-16,25.719999313354492,25.780000686645508,25.649999618530273,25.649999618530273,21.685476303100586,1303200,
2014-07-17,25.719999313354492,25.809999465942383,25.579999923706055,25.709999084472656,21.73619842529297,650300,
2014-07-18,25.670000076293945,25.690000534057617,25.520000457763672,25.540000915527344,21.592477798461914,1745700,
2014-07-21,25.559999465942383,25.690000534057617,25.549999237060547,25.65999984741211,21.693931579589844,1493600,
2014-07-22,25.739999771118164,25.75,25.540000915527344,25.549999237060547,21.600929260253906,1653000,
2014-07-23,25.56999969482422,25.639999389648438,25.530000686645508,25.6200008392334,21.660112380981445,581200,
2014-07-24,25.700000762939453,25.709999084472656,25.559999465942383,25.59000015258789,21.634750366210938,1146700,
2014-07-25,25.549999237060547,25.719999313354492,25.5,25.690000534057617,21.71929168701172,857200,
2014-07-28,25.649999618530273,25.709999084472656,25.56999969482422,25.639999389648438,21.677019119262695,875400,
2014-07-29,25.579999923706055,25.59000015258789,25.450000762939453,25.559999465942383,21.609386444091797,1403500,
2014-07-30,25.579999923706055,25.600000381469727,25.43000030517578,25.450000762939453,21.516387939453125,1519900,
2014-07-31,25.43000030517578,25.469999313354492,25.299999237060547,25.31999969482422,21.40648078918457,1678900,
2014-08-01,25.219999313354492,25.25,25.100000381469727,25.1200008392334,21.237394332885742,1995400,
2014-08-04,25.219999313354492,25.3700008392334,25.190000534057617,25.309999465942383,21.398025512695312,2100700,
2014-08-05,25.229999542236328,25.239999771118164,25.1200008392334,25.190000534057617,21.296573638916016,1915000,
2014-08-06,25.260000228881836,25.389999389648438,25.239999771118164,25.350000381469727,21.43184471130371,1700200,
2014-08-07,25.399999618530273,25.43000030517578,25.299999237060547,25.399999618530273,21.47411346435547,508300,
2014-08-08,25.360000610351562,25.3799991607666,25.229999542236328,25.280000686645508,21.372665405273438,631500,
2014-08-11,25.309999465942383,25.40999984741211,25.299999237060547,25.31999969482422,21.40648078918457,535500,
2014-08-12,25.25,25.280000686645508,25.1200008392334,25.15999984741211,21.271209716796875,1048800,
2014-08-13,25.170000076293945,25.190000534057617,25.030000686645508,25.139999389648438,21.254301071166992,850500,
2014-08-14,25.020000457763672,25.049999237060547,24.81999969482422,24.84000015258789,21.000669479370117,949900,
2014-08-15,24.850000381469727,25.0,24.760000228881836,24.940000534057617,21.085214614868164,1351100,
2014-08-18,24.790000915527344,24.790000915527344,24.700000762939453,24.729999542236328,20.907669067382812,2842200,
2014-08-19,24.799999237060547,24.809999465942383,24.709999084472656,24.780000686645508,20.94994354248047,792800,
2014-08-20,24.8700008392334,24.90999984741211,24.760000228881836,24.850000381469727,21.009124755859375,677200,
2014-08-21,24.809999465942383,24.93000030517578,24.790000915527344,24.90999984741211,21.059850692749023,727000,
2014-08-22,24.899999618530273,24.950000762939453,24.829999923706055,24.8700008392334,21.026033401489258,2265000,
2014-08-25,24.90999984741211,24.93000030517578,24.84000015258789,24.90999984741211,21.059850692749023,755400,
2014-08-26,24.989999771118164,25.010000228881836,24.860000610351562,24.920000076293945,21.06830596923828,1029100,
2014-08-27,24.969999313354492,25.010000228881836,24.860000610351562,24.959999084472656,21.102121353149414,757000,
2014-08-28,25.030000686645508,25.059999465942383,24.940000534057617,24.979999542236328,21.119029998779297,544200,
2014-08-29,25.049999237060547,25.06999969482422,24.979999542236328,25.030000686645508,21.161304473876953,1131800,
2014-09-02,24.850000381469727,24.8799991607666,24.639999389648438,24.670000076293945,20.856948852539062,3917900,
2014-09-03,24.790000915527344,24.850000381469727,24.68000030517578,24.770000457763672,20.94148826599121,882700,
2014-09-04,24.809999465942383,24.84000015258789,24.6200008392334,24.670000076293945,20.856948852539062,774000,
2014-09-05,24.649999618530273,24.709999084472656,24.489999771118164,24.6299991607666,20.82312774658203,712900,
2014-09-08,24.420000076293945,24.520000457763672,24.399999618530273,24.510000228881836,20.721675872802734,578900,
2014-09-09,24.389999389648438,24.420000076293945,24.280000686645508,24.309999465942383,20.552587509155273,1534300,
2014-09-10,24.239999771118164,24.239999771118164,24.06999969482422,24.139999389648438,20.408864974975586,1476600,
2014-09-11,23.969999313354492,24.049999237060547,23.860000610351562,24.020000457763672,20.30741310119629,1504200,
2014-09-12,23.969999313354492,23.979999542236328,23.829999923706055,23.829999923706055,20.146778106689453,1537700,
2014-09-15,23.760000228881836,23.90999984741211,23.75,23.860000610351562,20.17214012145996,1223700,
2014-09-16,23.93000030517578,24.149999618530273,23.899999618530273,24.079999923706055,20.358137130737305,1033800,
2014-09-17,24.09000015258789,24.09000015258789,23.959999084472656,23.979999542236328,20.273591995239258,1000300,
2014-09-18,23.920000076293945,23.959999084472656,23.739999771118164,23.75,20.079143524169922,739000,
2014-09-19,23.719999313354492,23.760000228881836,23.610000610351562,23.68000030517578,20.019962310791016,672100,
2014-09-22,23.559999465942383,23.56999969482422,23.3799991607666,23.479999542236328,19.850872039794922,1027700,
2014-09-23,23.479999542236328,23.549999237060547,23.440000534057617,23.479999542236328,19.850872039794922,886900,
2014-09-24,23.43000030517578,23.6200008392334,23.34000015258789,23.579999923706055,19.9354190826416,1301100,
2014-09-25,23.59000015258789,23.59000015258789,23.43000030517578,23.530000686645508,19.893146514892578,1280300,
2014-09-26,23.5,23.540000915527344,23.440000534057617,23.489999771118164,19.859329223632812,761500,
2014-09-29,23.469999313354492,23.670000076293945,23.469999313354492,23.6299991607666,19.977689743041992,1501000,
2014-09-30,23.56999969482422,23.59000015258789,23.15999984741211,23.219999313354492,19.631061553955078,1576500,
2014-10-01,23.209999084472656,23.3799991607666,23.09000015258789,23.139999389648438,19.563425064086914,1442600,
2014-10-02,22.93000030517578,23.06999969482422,22.809999465942383,23.049999237060547,19.48733901977539,2061900,
2014-10-03,22.920000076293945,22.920000076293945,22.760000228881836,22.829999923706055,19.30133819580078,1647300,
2014-10-06,22.899999618530273,23.149999618530273,22.84000015258789,23.1200008392334,19.546518325805664,1849000,
2014-10-07,23.020000457763672,23.09000015258789,22.989999771118164,23.030000686645508,19.470428466796875,1556000,
2014-10-08,22.920000076293945,22.959999084472656,22.770000457763672,22.940000534057617,19.394338607788086,2886300,
2014-10-09,22.860000610351562,22.899999618530273,22.6200008392334,22.670000076293945,19.16607093811035,17027500,
2014-10-10,22.6200008392334,22.690000534057617,22.450000762939453,22.59000015258789,19.098434448242188,2911600,
2014-10-13,22.510000228881836,22.700000762939453,22.469999313354492,22.59000015258789,19.098434448242188,1014900,
2014-10-14,22.510000228881836,22.510000228881836,22.209999084472656,22.25,18.810985565185547,1910000,
2014-10-15,22.18000030517578,22.25,21.920000076293945,21.969999313354492,18.574262619018555,2848500,
2014-10-16,21.850000381469727,22.459999084472656,21.809999465942383,22.190000534057617,18.7602596282959,2205400,
2014-10-17,22.270000457763672,22.31999969482422,22.170000076293945,22.270000457763672,18.82789421081543,2413000,
2014-10-20,22.139999389648438,22.18000030517578,21.989999771118164,22.110000610351562,18.692625045776367,1068900,
2014-10-21,22.229999542236328,22.309999465942383,22.15999984741211,22.290000915527344,18.844804763793945,1461600,
2014-10-22,22.3799991607666,22.399999618530273,22.040000915527344,22.040000915527344,18.633445739746094,1798900,
2014-10-23,22.170000076293945,22.329999923706055,22.149999618530273,22.299999237060547,18.85325813293457,3368700,
2014-10-24,22.25,22.25,22.09000015258789,22.15999984741211,18.734899520874023,1545100,
2014-10-27,21.93000030517578,22.149999618530273,21.889999389648438,22.100000381469727,18.684171676635742,2168100,
2014-10-28,22.200000762939453,22.299999237060547,22.1299991607666,22.280000686645508,18.836349487304688,1374700,
2014-10-29,22.489999771118164,22.639999389648438,22.450000762939453,22.540000915527344,19.056163787841797,1274700,
2014-10-30,22.3799991607666,22.479999542236328,22.31999969482422,22.350000381469727,18.895532608032227,1232200,
2014-10-31,22.110000610351562,22.329999923706055,22.059999465942383,22.31999969482422,18.87016487121582,1901000,
2014-11-03,22.25,22.3700008392334,22.079999923706055,22.1200008392334,18.701082229614258,1322700,
2014-11-04,21.8700008392334,21.889999389648438,21.739999771118164,21.799999237060547,18.4305419921875,1779900,
2014-11-05,21.6299991607666,21.959999084472656,21.6299991607666,21.860000610351562,18.481266021728516,1581200,
2014-11-06,21.770000457763672,21.90999984741211,21.700000762939453,21.8799991607666,18.498172760009766,1295600,
2014-11-07,21.920000076293945,22.040000915527344,21.920000076293945,21.979999542236328,18.582719802856445,1201300,
2014-11-10,22.059999465942383,22.1200008392334,21.739999771118164,21.770000457763672,18.40517807006836,1854900,
2014-11-11,21.719999313354492,21.950000762939453,21.68000030517578,21.8799991607666,18.498172760009766,1082800,
2014-11-12,21.8700008392334,21.989999771118164,21.790000915527344,21.809999465942383,18.438993453979492,1988600,
2014-11-13,21.700000762939453,21.729999542236328,21.329999923706055,21.40999984741211,18.100820541381836,1345200,
2014-11-14,21.40999984741211,21.65999984741211,21.399999618530273,21.639999389648438,18.29526710510254,2859700,
2014-11-17,21.469999313354492,21.600000381469727,21.43000030517578,21.549999237060547,18.219179153442383,1517700,
2014-11-18,21.479999542236328,21.520000457763672,21.3799991607666,21.440000534057617,18.126184463500977,1473000,
2014-11-19,21.540000915527344,21.540000915527344,21.31999969482422,21.329999923706055,18.033184051513672,1161900,
2014-11-20,21.440000534057617,21.549999237060547,21.40999984741211,21.510000228881836,18.185365676879883,1539300,
2014-11-21,21.700000762939453,21.790000915527344,21.59000015258789,21.739999771118164,18.37981414794922,8061500,
2014-11-24,21.6200008392334,21.719999313354492,21.540000915527344,21.549999237060547,18.219179153442383,2956800,
2014-11-25,21.670000076293945,21.719999313354492,21.43000030517578,21.450000762939453,18.13463592529297,2468300,
2014-11-26,21.40999984741211,21.530000686645508,21.399999618530273,21.399999618530273,18.092365264892578,2360400,
2014-11-28,20.739999771118164,20.770000457763672,20.3700008392334,20.420000076293945,17.26383399963379,903100,
2014-12-01,20.350000381469727,20.850000381469727,20.329999923706055,20.84000015258789,17.618919372558594,3661600,
2014-12-02,20.579999923706055,20.809999465942383,20.31999969482422,20.399999618530273,17.246925354003906,3058400,
2014-12-03,20.290000915527344,20.420000076293945,20.200000762939453,20.280000686645508,17.14547348022461,3379800,
2014-12-04,20.170000076293945,20.290000915527344,20.139999389648438,20.219999313354492,17.09474754333496,2101900,
2014-12-05,20.1299991607666,20.260000228881836,20.030000686645508,20.170000076293945,17.052478790283203,2047400,
2014-12-08,20.0,20.020000457763672,19.799999237060547,19.81999969482422,16.756574630737305,3357200,
2014-12-09,19.790000915527344,20.0,19.780000686645508,19.959999084472656,16.87493324279785,2689000,
2014-12-10,19.760000228881836,19.799999237060547,19.489999771118164,19.649999618530273,16.61284637451172,5415900,
2014-12-11,19.479999542236328,19.690000534057617,19.469999313354492,19.469999313354492,16.460668563842773,3634700,
2014-12-12,19.440000534057617,19.469999313354492,19.290000915527344,19.309999465942383,16.32539939880371,3346100,
2014-12-15,19.350000381469727,19.3799991607666,18.989999771118164,19.0,16.06331443786621,6393000,
2014-12-16,18.799999237060547,19.06999969482422,18.770000457763672,18.889999389648438,15.970317840576172,4297600,
2014-12-17,18.850000381469727,19.309999465942383,18.790000915527344,19.0,16.06331443786621,7656500,
2014-12-18,19.270000457763672,19.309999465942383,18.860000610351562,18.940000534057617,16.012588500976562,4960200,
2014-12-19,19.020000457763672,19.280000686645508,18.940000534057617,19.219999313354492,16.249309539794922,3617500,
2014-12-22,19.049999237060547,19.049999237060547,18.84000015258789,18.8700008392334,15.953409194946289,5826700,
2014-12-23,18.860000610351562,19.1299991607666,18.860000610351562,19.059999465942383,16.114038467407227,5627200,
2014-12-24,18.889999389648438,18.920000076293945,18.760000228881836,18.809999465942383,15.902682304382324,2069600,
2014-12-26,18.8700008392334,18.889999389648438,18.719999313354492,18.790000915527344,15.885774612426758,2913100,
2014-12-29,18.889999389648438,18.940000534057617,18.510000228881836,18.610000610351562,15.73359489440918,4566300,
2014-12-30,18.579999923706055,18.709999084472656,18.549999237060547,18.59000015258789,15.71668529510498,4735800,
2014-12-31,18.389999389648438,18.5,18.219999313354492,18.450000762939453,15.598325729370117,21526500,
2015-01-02,18.270000457763672,18.3799991607666,18.18000030517578,18.229999542236328,15.41232681274414,1967300,
2015-01-05,18.149999618530273,18.149999618530273,17.950000762939453,17.969999313354492,15.192511558532715,1827500,
2015-01-06,17.950000762939453,18.030000686645508,17.75,17.799999237060547,15.048789024353027,1843100,
2015-01-07,17.780000686645508,17.860000610351562,17.600000381469727,17.690000534057617,14.955792427062988,1868400,
2015-01-08,17.65999984741211,17.760000228881836,17.579999923706055,17.760000228881836,15.014971733093262,1409400,
2015-01-09,17.709999084472656,17.780000686645508,17.540000915527344,17.729999542236328,14.989607810974121,3463600,
2015-01-12,17.510000228881836,17.510000228881836,17.329999923706055,17.34000015258789,14.659887313842773,4567400,
2015-01-13,17.280000686645508,17.299999237060547,17.06999969482422,17.270000457763672,14.600708961486816,2898600,
2015-01-14,17.149999618530273,17.520000457763672,17.059999465942383,17.459999084472656,14.76133918762207,2774300,
2015-01-15,17.600000381469727,17.6299991607666,17.209999084472656,17.219999313354492,14.55843448638916,1827800,
2015-01-16,17.350000381469727,17.59000015258789,17.31999969482422,17.549999237060547,14.837428092956543,1726200,
2015-01-20,17.309999465942383,17.389999389648438,17.209999084472656,17.309999465942383,14.63452434539795,2409000,
2015-01-21,17.420000076293945,17.5,17.350000381469727,17.420000076293945,14.727523803710938,2282200,
2015-01-22,17.510000228881836,17.530000686645508,17.31999969482422,17.399999618530273,14.710614204406738,3736700,
2015-01-23,17.299999237060547,17.399999618530273,17.25,17.290000915527344,14.617618560791016,1889100,
2015-01-26,17.280000686645508,17.399999618530273,17.229999542236328,17.229999542236328,14.566889762878418,1718300,
2015-01-27,17.209999084472656,17.399999618530273,17.190000534057617,17.31999969482422,14.64297866821289,3261700,
2015-01-28,17.209999084472656,17.280000686645508,17.059999465942383,17.06999969482422,14.431619644165039,3647800,
2015-01-29,17.09000015258789,17.09000015258789,16.84000015258789,16.989999771118164,14.363984107971191,2221700,
2015-01-30,16.950000762939453,17.489999771118164,16.93000030517578,17.399999618530273,14.710614204406738,3535300,
2015-02-02,17.56999969482422,17.670000076293945,17.399999618530273,17.639999389648438,14.9135160446167,2878400,
2015-02-03,17.90999984741211,18.389999389648438,17.860000610351562,18.1299991607666,15.32778263092041,5713100,
2015-02-04,18.030000686645508,18.030000686645508,17.6200008392334,17.729999542236328,14.989607810974121,4597900,
2015-02-05,17.75,18.079999923706055,17.75,17.969999313354492,15.192511558532715,2395500,
2015-02-06,18.020000457763672,18.1200008392334,17.920000076293945,18.020000457763672,15.234785079956055,2735100,
2015-02-09,18.139999389648438,18.299999237060547,18.09000015258789,18.200000762939453,15.386964797973633,2060700,
2015-02-10,18.18000030517578,18.190000534057617,17.8799991607666,17.969999313354492,15.192511558532715,1172500,
2015-02-11,17.850000381469727,17.899999618530273,17.649999618530273,17.829999923706055,15.074151992797852,3233400,
2015-02-12,18.0,18.149999618530273,17.93000030517578,18.100000381469727,15.302420616149902,11000200,
2015-02-13,18.290000915527344,18.3700008392334,18.239999771118164,18.299999237060547,15.47150993347168,2173800,
2015-02-17,18.229999542236328,18.40999984741211,18.079999923706055,18.309999465942383,15.479962348937988,1631700,
2015-02-18,18.239999771118164,18.299999237060547,18.049999237060547,18.09000015258789,15.293968200683594,2454500,
2015-02-19,17.850000381469727,18.1200008392334,17.809999465942383,18.030000686645508,15.243243217468262,1131800,
2015-02-20,18.09000015258789,18.100000381469727,17.93000030517578,17.959999084472656,15.184059143066406,1674600,
2015-02-23,17.860000610351562,17.989999771118164,17.790000915527344,17.84000015258789,15.082606315612793,1583800,
2015-02-24,17.940000534057617,18.06999969482422,17.84000015258789,17.850000381469727,15.091059684753418,1183100,
2015-02-25,17.950000762939453,18.1299991607666,17.90999984741211,18.1200008392334,15.319331169128418,1861500,
2015-02-26,18.059999465942383,18.110000610351562,17.8799991607666,17.969999313354492,15.192511558532715,952400,
2015-02-27,18.100000381469727,18.239999771118164,18.030000686645508,18.170000076293945,15.361599922180176,964100,
2015-03-02,18.06999969482422,18.1200008392334,17.850000381469727,17.90999984741211,15.141785621643066,1449400,
2015-03-03,17.979999542236328,18.059999465942383,17.93000030517578,18.020000457763672,15.234785079956055,1588300,
2015-03-04,17.93000030517578,17.950000762939453,17.770000457763672,17.860000610351562,15.099515914916992,1476900,
2015-03-05,17.899999618530273,17.940000534057617,17.739999771118164,17.790000915527344,15.04033374786377,1244000,
2015-03-06,17.719999313354492,17.729999542236328,17.530000686645508,17.56999969482422,14.854338645935059,7454700,
2015-03-09,17.610000610351562,17.670000076293945,17.489999771118164,17.520000457763672,14.812067031860352,1280700,
2015-03-10,17.299999237060547,17.350000381469727,17.209999084472656,17.290000915527344,14.617618560791016,1580800,
2015-03-11,17.31999969482422,17.399999618530273,17.200000762939453,17.3799991607666,14.693705558776855,1390600,
2015-03-12,17.489999771118164,17.5,17.239999771118164,17.299999237060547,14.626070022583008,1146200,
2015-03-13,17.229999542236328,17.229999542236328,16.950000762939453,16.950000762939453,14.330168724060059,1924600,
2015-03-16,16.899999618530273,16.959999084472656,16.719999313354492,16.93000030517578,14.313258171081543,1888400,
2015-03-17,16.809999465942383,16.8700008392334,16.75,16.809999465942383,14.211806297302246,1370500,
2015-03-18,16.739999771118164,17.280000686645508,16.709999084472656,17.270000457763672,14.600708961486816,2163200,
2015-03-19,16.979999542236328,17.059999465942383,16.899999618530273,16.979999542236328,14.35552978515625,1165500,
2015-03-20,17.1200008392334,17.280000686645508,17.110000610351562,17.209999084472656,14.549981117248535,1457400,
2015-03-23,17.280000686645508,17.440000534057617,17.260000228881836,17.40999984741211,14.71906852722168,1469000,
2015-03-24,17.34000015258789,17.350000381469727,17.25,17.270000457763672,14.600708961486816,1512700,
2015-03-25,17.34000015258789,17.440000534057617,17.239999771118164,17.31999969482422,14.64297866821289,1540100,
2015-03-26,17.540000915527344,17.600000381469727,17.450000762939453,17.530000686645508,14.82052230834961,1678700,
2015-03-27,17.40999984741211,17.43000030517578,17.18000030517578,17.18000030517578,14.524619102478027,675400,
2015-03-30,17.219999313354492,17.329999923706055,17.149999618530273,17.270000457763672,14.600708961486816,993200,
2015-03-31,17.1299991607666,17.270000457763672,17.059999465942383,17.06999969482422,14.431619644165039,2302400,
2015-04-01,17.1299991607666,17.479999542236328,17.09000015258789,17.3799991607666,14.693705558776855,1893200,
2015-04-02,17.25,17.350000381469727,17.18000030517578,17.290000915527344,14.617618560791016,1256800,
2015-04-06,17.450000762939453,17.600000381469727,17.350000381469727,17.510000228881836,14.803611755371094,1377800,
2015-04-07,17.510000228881836,17.65999984741211,17.43000030517578,17.600000381469727,14.879701614379883,1274100,
2015-04-08,17.549999237060547,17.559999465942383,17.190000534057617,17.260000228881836,14.592253684997559,904000,
2015-04-09,17.280000686645508,17.389999389648438,17.209999084472656,17.260000228881836,14.592253684997559,1321400,
2015-04-10,17.389999389648438,17.469999313354492,17.360000610351562,17.440000534057617,14.744433403015137,804200,
2015-04-13,17.479999542236328,17.510000228881836,17.31999969482422,17.360000610351562,14.676797866821289,1210300,
2015-04-14,17.420000076293945,17.530000686645508,17.3799991607666,17.440000534057617,14.744433403015137,1302500,
2015-04-15,17.549999237060547,17.8799991607666,17.510000228881836,17.790000915527344,15.04033374786377,5697900,
2015-04-16,17.829999923706055,18.06999969482422,17.790000915527344,17.979999542236328,15.200966835021973,1718200,
2015-04-17,17.969999313354492,18.049999237060547,17.8700008392334,17.940000534057617,15.167150497436523,1226500,
2015-04-20,17.809999465942383,17.93000030517578,17.780000686645508,17.860000610351562,15.099515914916992,1002800,
2015-04-21,17.780000686645508,17.84000015258789,17.690000534057617,17.729999542236328,14.989607810974121,1305400,
2015-04-22,17.780000686645508,17.829999923706055,17.709999084472656,17.790000915527344,15.04033374786377,762800,
2015-04-23,17.860000610351562,18.09000015258789,17.850000381469727,18.010000228881836,15.226332664489746,1057800,
2015-04-24,17.989999771118164,18.020000457763672,17.920000076293945,18.0,15.217876434326172,700600,
2015-04-27,18.010000228881836,18.06999969482422,17.959999084472656,18.0,15.217876434326172,833500,
2015-04-28,18.020000457763672,18.110000610351562,17.979999542236328,18.030000686645508,15.243243217468262,815500,
2015-04-29,18.040000915527344,18.25,18.020000457763672,18.149999618530273,15.344693183898926,1774000,
2015-04-30,18.15999984741211,18.290000915527344,18.09000015258789,18.290000915527344,15.463053703308105,1166500,
2015-05-01,18.190000534057617,18.270000457763672,18.110000610351562,18.270000457763672,15.446145057678223,2015400,
2015-05-04,18.200000762939453,18.260000228881836,18.170000076293945,18.260000228881836,15.437690734863281,2095200,
2015-05-05,18.420000076293945,18.489999771118164,18.399999618530273,18.40999984741211,15.564506530761719,1615300,
2015-05-06,18.40999984741211,18.68000030517578,18.389999389648438,18.40999984741211,15.564506530761719,2812400,
2015-05-07,18.399999618530273,18.399999618530273,18.09000015258789,18.1200008392334,15.319331169128418,1007500,
2015-05-08,18.110000610351562,18.260000228881836,18.020000457763672,18.219999313354492,15.4038724899292,1711600,
2015-05-11,18.219999313354492,18.239999771118164,18.049999237060547,18.139999389648438,15.336236953735352,1494300,
2015-05-12,18.200000762939453,18.440000534057617,18.190000534057617,18.329999923706055,15.496870994567871,1241200,
2015-05-13,18.489999771118164,18.5,18.34000015258789,18.350000381469727,15.513779640197754,1246900,
2015-05-14,18.459999084472656,18.5,18.360000610351562,18.459999084472656,15.606775283813477,2321900,
2015-05-15,18.309999465942383,18.459999084472656,18.25,18.450000762939453,15.598325729370117,2034900,
2015-05-18,18.399999618530273,18.43000030517578,18.329999923706055,18.399999618530273,15.556051254272461,1773500,
2015-05-19,18.209999084472656,18.209999084472656,17.950000762939453,18.010000228881836,15.226332664489746,1463300,
2015-05-20,18.020000457763672,18.049999237060547,17.950000762939453,17.969999313354492,15.192511558532715,2551100,
2015-05-21,18.100000381469727,18.25,18.100000381469727,18.190000534057617,15.378508567810059,974800,
2015-05-22,18.040000915527344,18.06999969482422,17.959999084472656,17.989999771118164,15.209421157836914,1452200,
2015-05-26,17.780000686645508,17.809999465942383,17.579999923706055,17.639999389648438,14.9135160446167,1366900,
2015-05-27,17.489999771118164,17.559999465942383,17.3700008392334,17.399999618530273,14.710614204406738,1392400,
2015-05-28,17.3799991607666,17.5,17.299999237060547,17.489999771118164,14.786703109741211,3380400,
2015-05-29,17.479999542236328,17.75,17.459999084472656,17.709999084472656,14.972700119018555,1347700,
2015-06-01,17.68000030517578,17.760000228881836,17.600000381469727,17.670000076293945,14.938882827758789,2013000,
2015-06-02,17.780000686645508,17.899999618530273,17.719999313354492,17.8799991607666,15.116423606872559,1085500,
2015-06-03,17.799999237060547,17.860000610351562,17.6200008392334,17.649999618530273,14.92197322845459,1091000,
2015-06-04,17.549999237060547,17.559999465942383,17.420000076293945,17.489999771118164,14.786703109741211,1296700,
2015-06-05,17.31999969482422,17.579999923706055,17.280000686645508,17.56999969482422,14.854338645935059,1161400,
2015-06-08,17.549999237060547,17.610000610351562,17.520000457763672,17.579999923706055,14.862793922424316,1449000,
2015-06-09,17.84000015258789,17.920000076293945,17.809999465942383,17.860000610351562,15.099515914916992,1221800,
2015-06-10,18.049999237060547,18.079999923706055,17.899999618530273,17.93000030517578,15.158696174621582,1223400,
2015-06-11,17.8799991607666,17.8799991607666,17.729999542236328,17.770000457763672,15.02342700958252,719100,
2015-06-12,17.700000762939453,17.739999771118164,17.579999923706055,17.59000015258789,14.871248245239258,3527800,
2015-06-15,17.469999313354492,17.559999465942383,17.459999084472656,17.510000228881836,14.803611755371094,1343800,
2015-06-16,17.510000228881836,17.59000015258789,17.459999084472656,17.559999465942383,14.845885276794434,577100,
2015-06-17,17.75,17.799999237060547,17.450000762939453,17.610000610351562,14.88815689086914,693900,
2015-06-18,17.65999984741211,17.690000534057617,17.59000015258789,17.610000610351562,14.88815689086914,1668500,
2015-06-19,17.420000076293945,17.489999771118164,17.360000610351562,17.450000762939453,14.752886772155762,1648600,
2015-06-22,17.389999389648438,17.549999237060547,17.34000015258789,17.510000228881836,14.803611755371094,1015200,
2015-06-23,17.479999542236328,17.729999542236328,17.469999313354492,17.719999313354492,14.98115348815918,630500,
2015-06-24,17.65999984741211,17.760000228881836,17.56999969482422,17.600000381469727,14.879701614379883,2268100,
2015-06-25,17.559999465942383,17.649999618530273,17.520000457763672,17.6200008392334,14.896611213684082,887300,
2015-06-26,17.690000534057617,17.760000228881836,17.59000015258789,17.700000762939453,14.964245796203613,550700,
2015-06-29,17.639999389648438,17.719999313354492,17.600000381469727,17.6200008392334,14.896611213684082,2299100,
2015-06-30,17.670000076293945,18.049999237060547,17.649999618530273,18.0,15.217876434326172,1582600,
2015-07-01,17.860000610351562,17.889999389648438,17.709999084472656,17.780000686645508,15.031880378723145,3885400,
2015-07-02,17.799999237060547,17.940000534057617,17.739999771118164,17.75,15.006518363952637,1855000,
2015-07-06,17.31999969482422,17.3700008392334,17.139999389648438,17.170000076293945,14.516161918640137,2304900,
2015-07-07,17.059999465942383,17.100000381469727,16.719999313354492,17.06999969482422,14.431619644165039,4409500,
2015-07-08,17.030000686645508,17.1200008392334,16.899999618530273,16.989999771118164,14.363984107971191,4364000,
2015-07-09,17.200000762939453,17.290000915527344,17.110000610351562,17.190000534057617,14.533072471618652,2278400,
2015-07-10,17.229999542236328,17.360000610351562,17.15999984741211,17.270000457763672,14.600708961486816,1117900,
2015-07-13,17.239999771118164,17.3700008392334,17.110000610351562,17.280000686645508,14.609162330627441,2425500,
2015-07-14,17.170000076293945,17.290000915527344,17.139999389648438,17.219999313354492,14.55843448638916,867200,
2015-07-15,17.110000610351562,17.149999618530273,17.0,17.020000457763672,14.389348030090332,914500,
2015-07-16,17.06999969482422,17.200000762939453,16.93000030517578,16.940000534057617,14.321714401245117,822400,
2015-07-17,16.90999984741211,16.90999984741211,16.75,16.850000381469727,14.245624542236328,938200,
2015-07-20,16.670000076293945,16.729999542236328,16.579999923706055,16.579999923706055,14.017355918884277,2006200,
2015-07-21,16.6299991607666,16.75,16.600000381469727,16.649999618530273,14.076536178588867,1044600,
2015-07-22,16.510000228881836,16.579999923706055,16.40999984741211,16.40999984741211,13.873631477355957,2034100,
2015-07-23,16.469999313354492,16.5,16.270000457763672,16.270000457763672,13.755270004272461,6627700,
2015-07-24,16.200000762939453,16.229999542236328,16.059999465942383,16.139999389648438,13.645362854003906,1264800,
2015-07-27,15.949999809265137,16.010000228881836,15.819999694824219,15.829999923706055,13.383277893066406,2407200,
2015-07-28,15.920000076293945,16.059999465942383,15.880000114440918,15.960000038146973,13.493184089660645,2157400,
2015-07-29,15.930000305175781,16.100000381469727,15.920000076293945,16.010000228881836,13.535455703735352,1239700,
2015-07-30,16.0,16.06999969482422,15.920000076293945,15.949999809265137,13.484729766845703,997500,
2015-07-31,16.020000457763672,16.020000457763672,15.720000267028809,15.729999542236328,13.29873275756836,1807500,
2015-08-03,15.550000190734863,15.649999618530273,15.4399995803833,15.470000267028809,13.078919410705566,2939000,
2015-08-04,15.569999694824219,15.619999885559082,15.5,15.5600004196167,13.155008316040039,2741300,
2015-08-05,15.600000381469727,15.670000076293945,15.430000305175781,15.5,13.104283332824707,1415200,
2015-08-06,15.430000305175781,15.489999771118164,15.390000343322754,15.489999771118164,13.095829010009766,1767100,
2015-08-07,15.430000305175781,15.5,15.40999984741211,15.430000305175781,13.0451021194458,1940400,
2015-08-10,15.5,15.819999694824219,15.489999771118164,15.760000228881836,13.3240966796875,2061600,
2015-08-11,15.569999694824219,15.579999923706055,15.4399995803833,15.550000190734863,13.146554946899414,1092400,
2015-08-12,15.619999885559082,15.699999809265137,15.390000343322754,15.5,13.104283332824707,1831900,
2015-08-13,15.4399995803833,15.449999809265137,15.359999656677246,15.430000305175781,13.0451021194458,1304400,
2015-08-14,15.390000343322754,15.470000267028809,15.329999923706055,15.329999923706055,12.96055793762207,876100,
2015-08-17,15.369999885559082,15.399999618530273,15.270000457763672,15.270000457763672,12.909832954406738,1824400,
2015-08-18,15.170000076293945,15.239999771118164,15.109999656677246,15.1899995803833,12.842196464538574,1641300,
2015-08-19,15.210000038146973,15.25,14.970000267028809,15.020000457763672,12.69847297668457,1718400,
2015-08-20,15.15999984741211,15.180000305175781,15.020000457763672,15.0600004196167,12.732291221618652,4386200,
2015-08-21,14.960000038146973,14.970000267028809,14.770000457763672,14.8100004196167,12.520931243896484,2750700,
2015-08-24,14.40999984741211,14.640000343322754,14.350000381469727,14.4399995803833,12.208117485046387,3776900,
2015-08-25,14.680000305175781,14.710000038146973,14.470000267028809,14.5,12.258845329284668,3132700,
2015-08-26,14.460000038146973,14.489999771118164,14.329999923706055,14.40999984741211,12.182756423950195,2180700,
2015-08-27,14.600000381469727,14.960000038146973,14.550000190734863,14.930000305175781,12.622383117675781,2094800,
2015-08-28,15.0,15.430000305175781,14.989999771118164,15.319999694824219,12.952103614807129,6212800,
2015-08-31,15.149999618530273,15.789999961853027,15.0,15.6899995803833,13.26491641998291,2227600,
2015-09-01,15.489999771118164,15.529999732971191,15.140000343322754,15.170000076293945,12.825288772583008,2494200,
2015-09-02,15.359999656677246,15.369999885559082,14.979999542236328,15.300000190734863,12.935195922851562,3646300,
2015-09-03,15.329999923706055,15.579999923706055,15.300000190734863,15.399999618530273,13.01973819732666,1687800,
2015-09-04,15.3100004196167,15.359999656677246,15.1899995803833,15.210000038146973,12.859106063842773,837700,
2015-09-08,15.25,15.359999656677246,15.109999656677246,15.319999694824219,12.952103614807129,1278600,
2015-09-09,15.34000015258789,15.359999656677246,15.079999923706055,15.119999885559082,12.783016204833984,1918600,
2015-09-10,15.130000114440918,15.300000190734863,15.100000381469727,15.25,12.892922401428223,2398200,
2015-09-11,15.119999885559082,15.300000190734863,14.989999771118164,15.229999542236328,12.876014709472656,1160200,
2015-09-14,15.119999885559082,15.15999984741211,15.029999732971191,15.039999961853027,12.715381622314453,804000,
2015-09-15,15.050000190734863,15.100000381469727,15.0,15.09000015258789,12.757654190063477,649200,
2015-09-16,15.199999809265137,15.399999618530273,15.1899995803833,15.34000015258789,12.969012260437012,1767000,
2015-09-17,15.279999732971191,15.319999694824219,15.140000343322754,15.239999771118164,12.884468078613281,1326700,
2015-09-18,15.119999885559082,15.149999618530273,14.930000305175781,15.010000228881836,12.690018653869629,1213700,
2015-09-21,15.069999694824219,15.1899995803833,15.050000190734863,15.180000305175781,12.83374309539795,883600,
2015-09-22,14.970000267028809,15.109999656677246,14.920000076293945,15.09000015258789,12.757654190063477,1021400,
2015-09-23,15.1899995803833,15.289999961853027,14.960000038146973,14.970000267028809,12.656201362609863,1423700,
2015-09-24,14.920000076293945,15.09000015258789,14.920000076293945,15.0600004196167,12.732291221618652,1711300,
2015-09-25,15.109999656677246,15.199999809265137,15.050000190734863,15.149999618530273,12.808379173278809,1286700,
2015-09-28,15.0,15.050000190734863,14.899999618530273,14.9399995803833,12.630836486816406,1424200,
2015-09-29,14.970000267028809,15.09000015258789,14.949999809265137,15.039999961853027,12.715381622314453,1407500,
2015-09-30,15.069999694824219,15.1899995803833,15.050000190734863,15.149999618530273,12.808379173278809,1466300,
2015-10-01,15.319999694824219,15.369999885559082,15.020000457763672,15.050000190734863,12.723835945129395,2237900,
2015-10-02,14.920000076293945,15.170000076293945,14.90999984741211,15.149999618530273,12.808379173278809,4613600,
2015-10-05,15.3100004196167,15.359999656677246,15.279999732971191,15.350000381469727,12.977468490600586,1696100,
2015-10-06,15.430000305175781,15.680000305175781,15.430000305175781,15.649999618530273,13.231098175048828,1805700,
2015-10-07,15.789999961853027,15.819999694824219,15.550000190734863,15.619999885559082,13.205734252929688,1087700,
2015-10-08,15.569999694824219,15.729999542236328,15.539999961853027,15.6899995803833,13.26491641998291,1294100,
2015-10-09,15.800000190734863,15.859999656677246,15.6899995803833,15.760000228881836,13.3240966796875,2042900,
2015-10-12,15.789999961853027,15.800000190734863,15.460000038146973,15.510000228881836,13.112738609313965,1072800,
2015-10-13,15.390000343322754,15.550000190734863,15.369999885559082,15.40999984741211,13.028192520141602,1571300,
2015-10-14,15.4399995803833,15.479999542236328,15.34000015258789,15.449999809265137,13.06201171875,1495300,
2015-10-15,15.359999656677246,15.4399995803833,15.25,15.40999984741211,13.028192520141602,1624400,
2015-10-16,15.449999809265137,15.470000267028809,15.279999732971191,15.420000076293945,13.03664779663086,1383400,
2015-10-19,15.229999542236328,15.25,15.109999656677246,15.140000343322754,12.799925804138184,1160400,
2015-10-20,15.109999656677246,15.210000038146973,15.079999923706055,15.170000076293945,12.825288772583008,1591200,
2015-10-21,15.0600004196167,15.109999656677246,14.960000038146973,15.039999961853027,12.715381622314453,2500900,
2015-10-22,15.149999618530273,15.210000038146973,15.039999961853027,15.09000015258789,12.757654190063477,1326900,
2015-10-23,15.020000457763672,15.0600004196167,14.949999809265137,15.0,12.681563377380371,1363400,
2015-10-26,14.989999771118164,15.039999961853027,14.949999809265137,14.960000038146973,12.647747993469238,1226500,
2015-10-27,14.890000343322754,14.949999809265137,14.859999656677246,14.890000343322754,12.588566780090332,1547100,
2015-10-28,14.930000305175781,15.239999771118164,14.930000305175781,15.140000343322754,12.799925804138184,1690700,
2015-10-29,15.079999923706055,15.180000305175781,15.039999961853027,15.050000190734863,12.723835945129395,1501300,
2015-10-30,15.079999923706055,15.260000228881836,15.050000190734863,15.199999809265137,12.850650787353516,1446500,
2015-11-02,15.100000381469727,15.180000305175781,15.069999694824219,15.119999885559082,12.783016204833984,2485500,
2015-11-03,15.220000267028809,15.4399995803833,15.199999809265137,15.390000343322754,13.011283874511719,1988700,
2015-11-04,15.380000114440918,15.4399995803833,15.109999656677246,15.130000114440918,12.791470527648926,1556900,
2015-11-05,15.039999961853027,15.100000381469727,14.960000038146973,15.010000228881836,12.690018653869629,2661700,
2015-11-06,14.90999984741211,14.960000038146973,14.84000015258789,14.920000076293945,12.61392879486084,786300,
2015-11-09,14.899999618530273,14.920000076293945,14.75,14.789999961853027,12.504020690917969,2315500,
2015-11-10,14.760000228881836,14.850000381469727,14.699999809265137,14.760000228881836,12.478658676147461,1056000,
2015-11-11,14.819999694824219,14.829999923706055,14.569999694824219,14.609999656677246,12.351841926574707,1133900,
2015-11-12,14.4399995803833,14.550000190734863,14.380000114440918,14.399999618530273,12.174301147460938,1817300,
2015-11-13,14.390000343322754,14.390000343322754,14.25,14.289999961853027,12.081304550170898,1517400,
2015-11-16,14.229999542236328,14.369999885559082,14.119999885559082,14.359999656677246,12.140483856201172,1107800,
2015-11-17,14.25,14.279999732971191,14.140000343322754,14.140000343322754,11.954487800598145,1094800,
2015-11-18,14.220000267028809,14.239999771118164,14.050000190734863,14.199999809265137,12.00521469116211,1851000,
2015-11-19,14.1899995803833,14.270000457763672,14.180000305175781,14.199999809265137,12.00521469116211,2045800,
2015-11-20,14.25,14.359999656677246,14.180000305175781,14.180000305175781,11.98830509185791,2169500,
2015-11-23,14.15999984741211,14.369999885559082,14.15999984741211,14.289999961853027,12.081304550170898,3993600,
2015-11-24,14.489999771118164,14.59000015258789,14.289999961853027,14.520000457763672,12.27575397491455,1309000,
2015-11-25,14.399999618530273,14.529999732971191,14.319999694824219,14.5,12.258845329284668,1427300,
2015-11-27,14.350000381469727,14.399999618530273,14.229999542236328,14.279999732971191,12.07284927368164,1606800,
2015-11-30,14.319999694824219,14.399999618530273,14.180000305175781,14.1899995803833,11.996760368347168,2975400,
2015-12-01,14.300000190734863,14.40999984741211,14.25,14.350000381469727,12.132030487060547,2226200,
2015-12-02,14.170000076293945,14.289999961853027,14.020000457763672,14.050000190734863,11.878397941589355,2108800,
2015-12-03,14.109999656677246,14.350000381469727,14.0600004196167,14.210000038146973,12.013668060302734,2703400,
2015-12-04,14.149999618530273,14.270000457763672,14.109999656677246,14.1899995803833,11.996760368347168,2145000,
2015-12-07,14.0,14.039999961853027,13.760000228881836,13.779999732971191,11.650130271911621,2197000,
2015-12-08,13.670000076293945,13.829999923706055,13.649999618530273,13.710000038146973,11.590949058532715,3011100,
2015-12-09,13.779999732971191,13.920000076293945,13.619999885559082,13.720000267028809,11.599404335021973,2688000,
2015-12-10,13.680000305175781,13.770000457763672,13.670000076293945,13.670000076293945,11.55713176727295,2076600,
2015-12-11,13.640000343322754,13.710000038146973,13.489999771118164,13.529999732971191,11.438770294189453,4237900,
2015-12-14,13.399999618530273,13.550000190734863,13.359999656677246,13.4399995803833,11.362680435180664,2631700,
2015-12-15,13.479999542236328,13.600000381469727,13.40999984741211,13.40999984741211,11.337318420410156,2862800,
2015-12-16,13.359999656677246,13.420000076293945,13.279999732971191,13.350000381469727,11.286591529846191,3436900,
2015-12-17,13.289999961853027,13.300000190734863,13.180000305175781,13.210000038146973,11.168230056762695,8948500,
2015-12-18,13.260000228881836,13.4399995803833,13.260000228881836,13.270000457763672,11.21895694732666,2764200,
2015-12-21,13.199999809265137,13.300000190734863,13.15999984741211,13.210000038146973,11.168230056762695,4462300,
2015-12-22,13.220000267028809,13.260000228881836,13.130000114440918,13.149999618530273,11.117505073547363,3484300,
2015-12-23,13.260000228881836,13.420000076293945,13.25,13.390000343322754,11.320409774780273,5518100,
2015-12-24,13.449999809265137,13.470000267028809,13.390000343322754,13.390000343322754,11.320409774780273,1391700,
2015-12-28,13.25,13.300000190734863,13.180000305175781,13.199999809265137,11.15977668762207,2958900,
2015-12-29,13.380000114440918,13.460000038146973,13.369999885559082,13.420000076293945,11.345773696899414,5314700,
2015-12-30,13.3100004196167,13.34000015258789,13.239999771118164,13.289999961853027,11.235865592956543,3190200,
2015-12-31,13.220000267028809,13.489999771118164,13.220000267028809,13.359999656677246,11.295045852661133,2373200,
2016-01-04,13.420000076293945,13.510000228881836,13.1899995803833,13.260000228881836,11.210502624511719,2307600,
2016-01-05,13.220000267028809,13.25,13.130000114440918,13.130000114440918,11.10059642791748,1210000,
2016-01-06,12.960000038146973,13.0600004196167,12.880000114440918,12.920000076293945,10.923053741455078,2668600,
2016-01-07,12.789999961853027,12.979999542236328,12.760000228881836,12.859999656677246,10.872326850891113,10692400,
2016-01-08,12.869999885559082,12.880000114440918,12.760000228881836,12.800000190734863,10.821601867675781,2809600,
2016-01-11,12.729999542236328,12.920000076293945,12.4399995803833,12.449999809265137,10.5256986618042,2629100,
2016-01-12,12.510000228881836,12.539999961853027,12.260000228881836,12.369999885559082,10.458063125610352,2398200,
2016-01-13,12.40999984741211,12.470000267028809,12.239999771118164,12.300000190734863,10.398882865905762,2554200,
2016-01-14,12.260000228881836,12.359999656677246,12.210000038146973,12.329999923706055,10.42424488067627,1813100,
2016-01-15,12.130000114440918,12.1899995803833,12.029999732971191,12.069999694824219,10.204432487487793,1963500,
2016-01-19,12.09000015258789,12.119999885559082,11.949999809265137,11.970000267028809,10.119889259338379,3776800,
2016-01-20,11.850000381469727,11.90999984741211,11.699999809265137,11.880000114440918,10.04379940032959,2239200,
2016-01-21,11.789999961853027,12.109999656677246,11.779999732971191,12.039999961853027,10.179068565368652,2564100,
2016-01-22,12.3100004196167,12.40999984741211,12.25,12.399999618530273,10.48342514038086,1994500,
2016-01-25,12.279999732971191,12.369999885559082,12.119999885559082,12.130000114440918,10.255157470703125,1983100,
2016-01-26,12.25,12.529999732971191,12.239999771118164,12.369999885559082,10.458063125610352,2018600,
2016-01-27,12.369999885559082,12.609999656677246,12.289999961853027,12.520000457763672,10.584877967834473,1485200,
2016-01-28,12.720000267028809,12.770000457763672,12.550000190734863,12.65999984741211,10.703240394592285,1943200,
2016-01-29,12.710000038146973,12.819999694824219,12.609999656677246,12.779999732971191,10.804693222045898,2920600,
2016-02-01,12.630000114440918,12.65999984741211,12.5,12.539999961853027,10.601786613464355,1724600,
2016-02-02,12.300000190734863,12.399999618530273,12.229999542236328,12.319999694824219,10.415790557861328,5602500,
2016-02-03,12.479999542236328,12.640000343322754,12.3100004196167,12.630000114440918,10.677877426147461,3106600,
2016-02-04,12.729999542236328,12.789999961853027,12.5600004196167,12.609999656677246,10.660967826843262,2606400,
2016-02-05,12.579999923706055,12.630000114440918,12.479999542236328,12.529999732971191,10.593332290649414,1709200,
2016-02-08,12.59000015258789,12.619999885559082,12.460000038146973,12.470000267028809,10.542607307434082,1685700,
2016-02-09,12.369999885559082,12.430000305175781,12.100000381469727,12.149999618530273,10.272067070007324,2762900,
2016-02-10,12.140000343322754,12.279999732971191,12.100000381469727,12.170000076293945,10.288975715637207,3157100,
2016-02-11,12.180000305175781,12.34000015258789,12.149999618530273,12.319999694824219,10.415790557861328,1966700,
2016-02-12,12.380000114440918,12.569999694824219,12.34000015258789,12.5,10.567970275878906,3251400,
2016-02-16,12.550000190734863,12.550000190734863,12.319999694824219,12.359999656677246,10.44960880279541,3558900,
2016-02-17,12.40999984741211,12.670000076293945,12.390000343322754,12.619999885559082,10.66942310333252,1704300,
2016-02-18,12.699999809265137,12.710000038146973,12.520000457763672,12.550000190734863,10.610241889953613,2005500,
2016-02-19,12.470000267028809,12.479999542236328,12.380000114440918,12.4399995803833,10.517244338989258,835500,
2016-02-22,12.569999694824219,12.649999618530273,12.569999694824219,12.630000114440918,10.677877426147461,719000,
2016-02-23,12.579999923706055,12.579999923706055,12.399999618530273,12.460000038146973,10.53415298461914,1496800,
2016-02-24,12.369999885559082,12.670000076293945,12.359999656677246,12.619999885559082,10.66942310333252,2438900,
2016-02-25,12.569999694824219,12.699999809265137,12.449999809265137,12.609999656677246,10.660967826843262,3589400,
2016-02-26,12.779999732971191,12.8100004196167,12.550000190734863,12.59000015258789,10.644059181213379,1686500,
2016-02-29,12.65999984741211,12.760000228881836,12.619999885559082,12.75,10.779330253601074,1814000,
2016-03-01,12.739999771118164,12.800000190734863,12.649999618530273,12.760000228881836,10.7877836227417,2144600,
2016-03-02,12.729999542236328,12.869999885559082,12.699999809265137,12.829999923706055,10.846965789794922,4519700,
2016-03-03,12.789999961853027,12.920000076293945,12.760000228881836,12.899999618530273,10.906144142150879,1597000,
2016-03-04,12.960000038146973,13.15999984741211,12.9399995803833,13.149999618530273,11.117505073547363,2063900,
2016-03-07,13.199999809265137,13.430000305175781,13.170000076293945,13.390000343322754,11.320409774780273,2785500,
2016-03-08,13.390000343322754,13.390000343322754,13.210000038146973,13.210000038146973,11.168230056762695,2116400,
2016-03-09,13.300000190734863,13.430000305175781,13.270000457763672,13.40999984741211,11.337318420410156,2552700,
2016-03-10,13.329999923706055,13.430000305175781,13.289999961853027,13.390000343322754,11.320409774780273,2836700,
2016-03-11,13.5,13.529999732971191,13.399999618530273,13.4399995803833,11.362680435180664,1010900,
2016-03-14,13.34000015258789,13.350000381469727,13.229999542236328,13.319999694824219,11.261228561401367,1062700,
2016-03-15,13.25,13.25,13.130000114440918,13.210000038146973,11.168230056762695,1619200,
2016-03-16,13.239999771118164,13.449999809265137,13.239999771118164,13.4399995803833,11.362680435180664,2431000,
2016-03-17,13.520000457763672,13.619999885559082,13.479999542236328,13.59000015258789,11.489497184753418,1000400,
2016-03-18,13.630000114440918,13.680000305175781,13.529999732971191,13.579999923706055,11.481042861938477,1791100,
2016-03-21,13.569999694824219,13.640000343322754,13.510000228881836,13.619999885559082,11.514860153198242,9810500,
2016-03-22,13.609999656677246,13.729999542236328,13.59000015258789,13.720000267028809,11.599404335021973,1498800,
2016-03-23,13.529999732971191,13.5600004196167,13.40999984741211,13.430000305175781,11.354228019714355,3167100,
2016-03-24,13.239999771118164,13.40999984741211,13.229999542236328,13.350000381469727,11.286591529846191,1838700,
2016-03-28,13.350000381469727,13.399999618530273,13.300000190734863,13.390000343322754,11.320409774780273,1000300,
2016-03-29,13.260000228881836,13.369999885559082,13.210000038146973,13.359999656677246,11.295045852661133,2303600,
2016-03-30,13.449999809265137,13.510000228881836,13.300000190734863,13.3100004196167,11.252774238586426,1336100,
2016-03-31,13.300000190734863,13.40999984741211,13.270000457763672,13.289999961853027,11.235865592956543,3581700,
2016-04-01,13.069999694824219,13.130000114440918,13.020000457763672,13.0600004196167,11.04141616821289,1170800,
2016-04-04,13.0,13.079999923706055,12.859999656677246,12.880000114440918,10.889235496520996,4662300,
2016-04-05,12.859999656677246,12.869999885559082,12.779999732971191,12.850000381469727,10.863872528076172,1833000,
2016-04-06,12.859999656677246,13.039999961853027,12.819999694824219,12.989999771118164,10.982234954833984,4849500,
2016-04-07,12.960000038146973,12.989999771118164,12.859999656677246,12.949999809265137,10.948416709899902,1046200,
2016-04-08,13.180000305175781,13.300000190734863,13.140000343322754,13.260000228881836,11.210502624511719,1298800,
2016-04-11,13.289999961853027,13.390000343322754,13.289999961853027,13.359999656677246,11.295045852661133,1763800,
2016-04-12,13.489999771118164,13.699999809265137,13.460000038146973,13.649999618530273,11.54022216796875,2560000,
2016-04-13,13.680000305175781,13.770000457763672,13.649999618530273,13.720000267028809,11.599404335021973,1907900,
2016-04-14,13.710000038146973,13.720000267028809,13.59000015258789,13.609999656677246,11.506406784057617,1084600,
2016-04-15,13.489999771118164,13.609999656677246,13.40999984741211,13.5600004196167,11.464134216308594,879400,
2016-04-18,13.40999984741211,13.680000305175781,13.380000114440918,13.619999885559082,11.514860153198242,1204700,
2016-04-19,13.760000228881836,13.9399995803833,13.739999771118164,13.90999984741211,11.760037422180176,2227000,
2016-04-20,13.850000381469727,14.239999771118164,13.819999694824219,14.180000305175781,11.98830509185791,2408200,
2016-04-21,14.260000228881836,14.260000228881836,14.039999961853027,14.119999885559082,11.937578201293945,2702000,
2016-04-22,14.149999618530273,14.270000457763672,14.029999732971191,14.0600004196167,11.886853218078613,2134900,
2016-04-25,14.079999923706055,14.149999618530273,14.010000228881836,14.050000190734863,11.878397941589355,1574200,
2016-04-26,14.109999656677246,14.25,14.069999694824219,14.229999542236328,12.030576705932617,1528300,
2016-04-27,14.319999694824219,14.390000343322754,14.130000114440918,14.359999656677246,12.140483856201172,1682600,
2016-04-28,14.369999885559082,14.510000228881836,14.350000381469727,14.4399995803833,12.208117485046387,1944200,
2016-04-29,14.600000381469727,14.630000114440918,14.479999542236328,14.579999923706055,12.326480865478516,8719300,
2016-05-02,14.520000457763672,14.520000457763672,14.350000381469727,14.380000114440918,12.157394409179688,6749000,
2016-05-03,14.289999961853027,14.300000190734863,14.09000015258789,14.15999984741211,11.971395492553711,2723600,
2016-05-04,14.239999771118164,14.319999694824219,14.0600004196167,14.170000076293945,11.979849815368652,2021000,
2016-05-05,14.34000015258789,14.34000015258789,13.960000038146973,14.029999732971191,11.861488342285156,1184200,
2016-05-06,14.0,14.239999771118164,13.970000267028809,14.119999885559082,11.937578201293945,6854200,
2016-05-09,13.960000038146973,13.989999771118164,13.800000190734863,13.8100004196167,11.675494194030762,2163300,
2016-05-10,13.920000076293945,14.180000305175781,13.920000076293945,14.149999618530273,11.962942123413086,1420900,
2016-05-11,14.210000038146973,14.5,14.15999984741211,14.479999542236328,12.241935729980469,1851100,
2016-05-12,14.529999732971191,14.529999732971191,14.319999694824219,14.5,12.258845329284668,1270700,
2016-05-13,14.40999984741211,14.510000228881836,14.380000114440918,14.479999542236328,12.241935729980469,1550800,
2016-05-16,14.619999885559082,14.6899995803833,14.579999923706055,14.640000343322754,12.377205848693848,3273500,
2016-05-17,14.630000114440918,14.770000457763672,14.619999885559082,14.75,12.47020435333252,1425200,
2016-05-18,14.649999618530273,14.819999694824219,14.619999885559082,14.640000343322754,12.377205848693848,1987300,
2016-05-19,14.489999771118164,14.619999885559082,14.399999618530273,14.600000381469727,12.343388557434082,5004300,
2016-05-20,14.680000305175781,14.739999771118164,14.569999694824219,14.65999984741211,12.39411449432373,3424800,
2016-05-23,14.489999771118164,14.609999656677246,14.479999542236328,14.579999923706055,12.326480865478516,1290200,
2016-05-24,14.529999732971191,14.6899995803833,14.529999732971191,14.579999923706055,12.326480865478516,964200,
2016-05-25,14.619999885559082,14.760000228881836,14.600000381469727,14.75,12.47020435333252,1638500,
2016-05-26,14.829999923706055,14.850000381469727,14.670000076293945,14.739999771118164,12.461750984191895,1422400,
2016-05-27,14.710000038146973,14.829999923706055,14.670000076293945,14.800000190734863,12.512475967407227,1472500,
2016-05-31,14.8100004196167,14.890000343322754,14.699999809265137,14.710000038146973,12.436387062072754,10015000,
2016-06-01,14.600000381469727,14.859999656677246,14.579999923706055,14.859999656677246,12.563202857971191,3179200,
2016-06-02,14.789999961853027,14.989999771118164,14.760000228881836,14.890000343322754,12.588566780090332,6854400,
2016-06-03,15.010000228881836,15.020000457763672,14.90999984741211,14.989999771118164,12.67310905456543,2211300,
2016-06-06,15.140000343322754,15.199999809265137,15.09000015258789,15.170000076293945,12.825288772583008,2936900,
2016-06-07,15.1899995803833,15.319999694824219,15.180000305175781,15.319999694824219,12.952103614807129,1394200,
2016-06-08,15.5,15.59000015258789,15.470000267028809,15.579999923706055,13.171917915344238,2748200,
2016-06-09,15.4399995803833,15.569999694824219,15.420000076293945,15.550000190734863,13.146554946899414,3062200,
2016-06-10,15.430000305175781,15.479999542236328,15.34000015258789,15.359999656677246,12.985922813415527,2965700,
2016-06-13,15.350000381469727,15.460000038146973,15.319999694824219,15.359999656677246,12.985922813415527,1594600,
2016-06-14,15.25,15.3100004196167,15.180000305175781,15.260000228881836,12.90137767791748,1276500,
2016-06-15,15.239999771118164,15.319999694824219,15.140000343322754,15.180000305175781,12.83374309539795,1829800,
2016-06-16,15.149999618530273,15.149999618530273,14.890000343322754,14.920000076293945,12.61392879486084,1836500,
2016-06-17,15.140000343322754,15.289999961853027,15.109999656677246,15.270000457763672,12.909832954406738,2476300,
2016-06-20,15.319999694824219,15.460000038146973,15.289999961853027,15.40999984741211,13.028192520141602,1654100,
2016-06-21,15.279999732971191,15.329999923706055,15.199999809265137,15.289999961853027,12.926740646362305,1550500,
2016-06-22,15.359999656677246,15.399999618530273,15.140000343322754,15.199999809265137,12.850650787353516,2251100,
2016-06-23,15.25,15.329999923706055,15.170000076293945,15.319999694824219,12.952103614807129,1561500,
2016-06-24,14.930000305175781,15.0600004196167,14.930000305175781,15.010000228881836,12.690018653869629,1583000,
2016-06-27,15.0,15.0,14.850000381469727,14.979999542236328,12.664653778076172,2276900,
2016-06-28,15.1899995803833,15.220000267028809,15.069999694824219,15.220000267028809,12.867560386657715,1645800,
2016-06-29,15.319999694824219,15.520000457763672,15.279999732971191,15.4399995803833,13.053556442260742,1671000,
2016-06-30,15.359999656677246,15.4399995803833,15.260000228881836,15.350000381469727,12.977468490600586,2216100,
2016-07-01,15.359999656677246,15.550000190734863,15.329999923706055,15.539999961853027,13.138101577758789,3913400,
2016-07-05,15.550000190734863,15.550000190734863,15.0,15.100000381469727,12.766108512878418,4526800,
2016-07-06,14.9399995803833,15.170000076293945,14.899999618530273,15.15999984741211,12.816834449768066,2535300,
2016-07-07,15.25,15.270000457763672,14.6899995803833,14.729999542236328,12.453295707702637,3347900,
2016-07-08,14.819999694824219,14.899999618530273,14.770000457763672,14.880000114440918,12.580111503601074,1516800,
2016-07-11,14.989999771118164,15.0,14.819999694824219,14.819999694824219,12.52938461303711,1756600,
2016-07-12,15.039999961853027,15.140000343322754,14.9399995803833,15.100000381469727,12.766108512878418,1414900,
2016-07-13,15.130000114440918,15.199999809265137,14.850000381469727,14.90999984741211,12.605474472045898,2742600,
2016-07-14,15.029999732971191,15.0600004196167,14.9399995803833,14.970000267028809,12.656201362609863,1645000,
2016-07-15,14.970000267028809,15.029999732971191,14.90999984741211,14.930000305175781,12.622383117675781,1406800,
2016-07-18,14.800000190734863,14.890000343322754,14.75,14.859999656677246,12.563202857971191,1465100,
2016-07-19,14.84000015258789,14.859999656677246,14.75,14.770000457763672,12.487113952636719,854300,
2016-07-20,14.609999656677246,14.770000457763672,14.579999923706055,14.670000076293945,12.402569770812988,1813100,
2016-07-21,14.720000267028809,14.729999542236328,14.59000015258789,14.59000015258789,12.334935188293457,1309000,
2016-07-22,14.550000190734863,14.579999923706055,14.449999809265137,14.5600004196167,12.30957317352295,1728300,
2016-07-25,14.460000038146973,14.470000267028809,14.380000114440918,14.399999618530273,12.174301147460938,1248400,
2016-07-26,14.369999885559082,14.40999984741211,14.319999694824219,14.34000015258789,12.123575210571289,1451600,
2016-07-27,14.359999656677246,14.420000076293945,14.149999618530273,14.199999809265137,12.00521469116211,2628900,
2016-07-28,14.220000267028809,14.25,14.130000114440918,14.15999984741211,11.971395492553711,1235000,
2016-07-29,14.140000343322754,14.3100004196167,14.100000381469727,14.279999732971191,12.07284927368164,3017000,
2016-08-01,14.15999984741211,14.1899995803833,14.0,14.029999732971191,11.861488342285156,4540600,
2016-08-02,14.180000305175781,14.229999542236328,13.960000038146973,14.010000228881836,11.844581604003906,3700300,
2016-08-03,14.039999961853027,14.239999771118164,13.979999542236328,14.239999771118164,12.039031028747559,2559600,
2016-08-04,14.140000343322754,14.359999656677246,14.09000015258789,14.300000190734863,12.089756965637207,1414600,
2016-08-05,14.300000190734863,14.359999656677246,14.229999542236328,14.359999656677246,12.140483856201172,2201400,
2016-08-08,14.449999809265137,14.520000457763672,14.430000305175781,14.4399995803833,12.208117485046387,2999900,
2016-08-09,14.489999771118164,14.550000190734863,14.390000343322754,14.399999618530273,12.174301147460938,1660300,
2016-08-10,14.479999542236328,14.550000190734863,14.229999542236328,14.229999542236328,12.030576705932617,2213200,
2016-08-11,14.319999694824219,14.539999961853027,14.289999961853027,14.449999809265137,12.216571807861328,1959300,
2016-08-12,14.489999771118164,14.59000015258789,14.460000038146973,14.5600004196167,12.30957317352295,1653700,
2016-08-15,14.649999618530273,14.8100004196167,14.640000343322754,14.800000190734863,12.512475967407227,1281800,
2016-08-16,14.819999694824219,14.9399995803833,14.770000457763672,14.920000076293945,12.61392879486084,3543400,
2016-08-17,14.90999984741211,15.0,14.819999694824219,14.979999542236328,12.664653778076172,2806700,
2016-08-18,15.050000190734863,15.199999809265137,15.039999961853027,15.170000076293945,12.825288772583008,1961600,
2016-08-19,15.109999656677246,15.149999618530273,15.039999961853027,15.119999885559082,12.783016204833984,1215400,
2016-08-22,14.989999771118164,15.039999961853027,14.9399995803833,14.979999542236328,12.664653778076172,931700,
2016-08-23,14.890000343322754,15.09000015258789,14.869999885559082,15.039999961853027,12.715381622314453,934000,
2016-08-24,14.970000267028809,15.010000228881836,14.819999694824219,14.859999656677246,12.563202857971191,1471700,
2016-08-25,14.880000114440918,14.930000305175781,14.84000015258789,14.920000076293945,12.61392879486084,694600,
2016-08-26,14.90999984741211,15.09000015258789,14.819999694824219,14.869999885559082,12.57165813446045,808500,
2016-08-29,14.819999694824219,14.84000015258789,14.779999732971191,14.8100004196167,12.520931243896484,841700,
2016-08-30,14.789999961853027,14.819999694824219,14.640000343322754,14.670000076293945,12.402569770812988,1382300,
2016-08-31,14.550000190734863,14.600000381469727,14.350000381469727,14.390000343322754,12.165847778320312,13259500,
2016-09-01,14.300000190734863,14.329999923706055,14.180000305175781,14.229999542236328,12.030576705932617,2227000,
2016-09-02,14.380000114440918,14.4399995803833,14.350000381469727,14.390000343322754,12.165847778320312,3184400,
2016-09-06,14.369999885559082,14.510000228881836,14.329999923706055,14.489999771118164,12.250391006469727,1680200,
2016-09-07,14.59000015258789,14.630000114440918,14.5,14.619999885559082,12.360297203063965,1148500,
2016-09-08,14.710000038146973,14.930000305175781,14.640000343322754,14.880000114440918,12.580111503601074,2248200,
2016-09-09,14.760000228881836,14.779999732971191,14.630000114440918,14.649999618530273,12.385660171508789,2072800,
2016-09-12,14.520000457763672,14.720000267028809,14.489999771118164,14.649999618530273,12.385660171508789,2022200,
2016-09-13,14.569999694824219,14.630000114440918,14.4399995803833,14.460000038146973,12.225027084350586,1215500,
2016-09-14,14.390000343322754,14.510000228881836,14.34000015258789,14.350000381469727,12.132030487060547,1505100,
2016-09-15,14.390000343322754,14.489999771118164,14.329999923706055,14.420000076293945,12.191210746765137,1056200,
2016-09-16,14.329999923706055,14.460000038146973,14.329999923706055,14.4399995803833,12.208117485046387,977800,
2016-09-19,14.479999542236328,14.579999923706055,14.430000305175781,14.430000305175781,12.199664115905762,2235400,
2016-09-20,14.369999885559082,14.550000190734863,14.359999656677246,14.479999542236328,12.241935729980469,1666700,
2016-09-21,14.600000381469727,14.670000076293945,14.550000190734863,14.65999984741211,12.39411449432373,1457700,
2016-09-22,14.800000190734863,14.829999923706055,14.710000038146973,14.739999771118164,12.461750984191895,950600,
2016-09-23,14.739999771118164,14.789999961853027,14.520000457763672,14.569999694824219,12.318025588989258,1551600,
2016-09-26,14.649999618530273,14.789999961853027,14.630000114440918,14.670000076293945,12.402569770812988,1043900,
2016-09-27,14.520000457763672,14.600000381469727,14.470000267028809,14.529999732971191,12.284208297729492,1134000,
2016-09-28,14.600000381469727,14.9399995803833,14.520000457763672,14.869999885559082,12.57165813446045,2413800,
2016-09-29,14.899999618530273,15.039999961853027,14.869999885559082,14.960000038146973,12.647747993469238,1276900,
2016-09-30,15.010000228881836,15.039999961853027,14.949999809265137,15.010000228881836,12.690018653869629,1924000,
2016-10-03,15.029999732971191,15.170000076293945,14.9399995803833,15.140000343322754,12.799925804138184,4734500,
2016-10-04,15.170000076293945,15.180000305175781,15.079999923706055,15.100000381469727,12.766108512878418,1430600,
2016-10-05,15.220000267028809,15.239999771118164,15.119999885559082,15.1899995803833,12.842196464538574,4075500,
2016-10-06,15.199999809265137,15.229999542236328,15.140000343322754,15.220000267028809,12.867560386657715,1460000,
2016-10-07,15.260000228881836,15.289999961853027,15.119999885559082,15.180000305175781,12.83374309539795,1358400,
2016-10-10,15.180000305175781,15.40999984741211,15.180000305175781,15.350000381469727,12.977468490600586,1547900,
2016-10-11,15.319999694824219,15.34000015258789,15.199999809265137,15.260000228881836,12.90137767791748,2989800,
2016-10-12,15.180000305175781,15.220000267028809,15.140000343322754,15.149999618530273,12.808379173278809,3655800,
2016-10-13,15.130000114440918,15.279999732971191,15.069999694824219,15.25,12.892922401428223,1197700,
2016-10-14,15.25,15.279999732971191,15.210000038146973,15.260000228881836,12.90137767791748,1170100,
2016-10-17,15.25,15.279999732971191,15.15999984741211,15.279999732971191,12.918286323547363,2010500,
2016-10-18,15.350000381469727,15.359999656677246,15.25,15.3100004196167,12.943650245666504,786500,
2016-10-19,15.329999923706055,15.449999809265137,15.329999923706055,15.40999984741211,13.028192520141602,2279500,
2016-10-20,15.260000228881836,15.3100004196167,15.1899995803833,15.270000457763672,12.909832954406738,1212700,
2016-10-21,15.25,15.329999923706055,15.210000038146973,15.329999923706055,12.96055793762207,1034100,
2016-10-24,15.329999923706055,15.350000381469727,15.1899995803833,15.34000015258789,12.969012260437012,1957200,
2016-10-25,15.329999923706055,15.369999885559082,15.260000228881836,15.270000457763672,12.909832954406738,1372400,
2016-10-26,15.15999984741211,15.270000457763672,15.130000114440918,15.170000076293945,12.825288772583008,1892200,
2016-10-27,15.25,15.300000190734863,15.180000305175781,15.260000228881836,12.90137767791748,1052400,
2016-10-28,15.199999809265137,15.279999732971191,15.130000114440918,15.15999984741211,12.816834449768066,1447700,
2016-10-31,15.100000381469727,15.119999885559082,14.9399995803833,14.960000038146973,12.647747993469238,3300300,
2016-11-01,15.170000076293945,15.180000305175781,14.960000038146973,15.029999732971191,12.706927299499512,4391000,
2016-11-02,14.90999984741211,14.9399995803833,14.300000190734863,14.850000381469727,12.554747581481934,3264600,
2016-11-03,14.850000381469727,14.899999618530273,14.760000228881836,14.800000190734863,12.512475967407227,1884900,
2016-11-04,14.670000076293945,14.770000457763672,14.619999885559082,14.699999809265137,12.427932739257812,1725100,
2016-11-07,14.75,14.770000457763672,14.640000343322754,14.760000228881836,12.478658676147461,8293200,
2016-11-08,14.649999618530273,14.819999694824219,14.649999618530273,14.739999771118164,12.461750984191895,1254200,
2016-11-09,14.789999961853027,14.880000114440918,14.680000305175781,14.8100004196167,12.520931243896484,3111200,
2016-11-10,14.739999771118164,14.779999732971191,14.680000305175781,14.6899995803833,12.419479370117188,1535100,
2016-11-11,14.579999923706055,14.630000114440918,14.399999618530273,14.40999984741211,12.182756423950195,1701800,
2016-11-14,14.399999618530273,14.420000076293945,14.270000457763672,14.380000114440918,12.157394409179688,3068400,
2016-11-15,14.489999771118164,14.720000267028809,14.489999771118164,14.699999809265137,12.427932739257812,4373300,
2016-11-16,14.630000114440918,14.670000076293945,14.510000228881836,14.520000457763672,12.27575397491455,2185900,
2016-11-17,14.65999984741211,14.699999809265137,14.529999732971191,14.550000190734863,12.301117897033691,1104100,
2016-11-18,14.630000114440918,14.670000076293945,14.520000457763672,14.670000076293945,12.402569770812988,1603800,
2016-11-21,14.890000343322754,15.079999923706055,14.890000343322754,15.079999923706055,12.749198913574219,10376300,
2016-11-22,15.100000381469727,15.15999984741211,14.970000267028809,15.0600004196167,12.732291221618652,2566400,
2016-11-23,15.0,15.149999618530273,14.979999542236328,15.119999885559082,12.783016204833984,1863600,
2016-11-25,15.069999694824219,15.079999923706055,14.9399995803833,15.010000228881836,12.690018653869629,2590900,
2016-11-28,15.09000015258789,15.210000038146973,15.0600004196167,15.0600004196167,12.732291221618652,2835400,
2016-11-29,14.84000015258789,14.859999656677246,14.710000038146973,14.760000228881836,12.478658676147461,6781500,
2016-11-30,15.029999732971191,15.350000381469727,15.029999732971191,15.210000038146973,12.859106063842773,5383700,
2016-12-01,15.460000038146973,15.600000381469727,15.420000076293945,15.489999771118164,13.095829010009766,3661700,
2016-12-02,15.520000457763672,15.630000114440918,15.520000457763672,15.600000381469727,13.188826560974121,2360500,
2016-12-05,15.729999542236328,15.779999732971191,15.670000076293945,15.680000305175781,13.256462097167969,3254700,
2016-12-06,15.630000114440918,15.699999809265137,15.59000015258789,15.609999656677246,13.197279930114746,1398100,
2016-12-07,15.600000381469727,15.640000343322754,15.489999771118164,15.489999771118164,13.095829010009766,1842300,
2016-12-08,15.5,15.550000190734863,15.399999618530273,15.520000457763672,13.12119197845459,1693000,
2016-12-09,15.600000381469727,15.609999656677246,15.529999732971191,15.600000381469727,13.188826560974121,2500600,
2016-12-12,15.819999694824219,15.880000114440918,15.680000305175781,15.699999809265137,13.273370742797852,2873400,
2016-12-13,15.800000190734863,15.8100004196167,15.65999984741211,15.739999771118164,13.3071870803833,1381300,
2016-12-14,15.699999809265137,15.8100004196167,15.569999694824219,15.59000015258789,13.180371284484863,3129200,
2016-12-15,15.460000038146973,15.619999885559082,15.430000305175781,15.569999694824219,13.16346263885498,1580500,
2016-12-16,15.609999656677246,15.65999984741211,15.550000190734863,15.640000343322754,13.22264575958252,1148900,
2016-12-19,15.619999885559082,15.729999542236328,15.520000457763672,15.550000190734863,13.146554946899414,1565600,
2016-12-20,15.619999885559082,15.630000114440918,15.539999961853027,15.619999885559082,13.205734252929688,2103500,
2016-12-21,15.630000114440918,15.640000343322754,15.5,15.529999732971191,13.129645347595215,4886500,
2016-12-22,15.520000457763672,15.609999656677246,15.510000228881836,15.510000228881836,13.112738609313965,3033800,
2016-12-23,15.5,15.579999923706055,15.5,15.539999961853027,13.138101577758789,1265400,
2016-12-27,15.65999984741211,15.819999694824219,15.65999984741211,15.779999732971191,13.341005325317383,1303600,
2016-12-28,15.779999732971191,15.850000381469727,15.770000457763672,15.789999961853027,13.349459648132324,1603200,
2016-12-29,15.8100004196167,15.890000343322754,15.779999732971191,15.8100004196167,13.366368293762207,1198000,
2016-12-30,15.819999694824219,15.850000381469727,15.789999961853027,15.84000015258789,13.391732215881348,1623400,
2017-01-03,15.970000267028809,15.979999542236328,15.59000015258789,15.649999618530273,13.231098175048828,5935100,
2017-01-04,15.65999984741211,15.800000190734863,15.609999656677246,15.770000457763672,13.332551002502441,3281500,
2017-01-05,15.84000015258789,15.920000076293945,15.699999809265137,15.850000381469727,13.400187492370605,28475900,
2017-01-06,15.850000381469727,15.890000343322754,15.75,15.829999923706055,13.383277893066406,2781800,
2017-01-09,15.710000038146973,15.710000038146973,15.5600004196167,15.59000015258789,13.180371284484863,3365900,
2017-01-10,15.65999984741211,15.699999809265137,15.510000228881836,15.520000457763672,13.12119197845459,1915100,
2017-01-11,15.630000114440918,15.770000457763672,15.489999771118164,15.6899995803833,13.26491641998291,2711900,
2017-01-12,15.829999923706055,15.989999771118164,15.829999923706055,15.920000076293945,13.459366798400879,1752700,
2017-01-13,15.850000381469727,15.90999984741211,15.819999694824219,15.890000343322754,13.434003829956055,1241000,
2017-01-17,16.059999465942383,16.079999923706055,15.880000114440918,15.880000114440918,13.425548553466797,2168100,
2017-01-18,15.800000190734863,15.880000114440918,15.670000076293945,15.739999771118164,13.3071870803833,1570600,
2017-01-19,15.770000457763672,15.800000190734863,15.6899995803833,15.6899995803833,13.26491641998291,2495900,
2017-01-20,15.890000343322754,15.9399995803833,15.710000038146973,15.869999885559082,13.417094230651855,1780900,
2017-01-23,15.770000457763672,15.90999984741211,15.760000228881836,15.869999885559082,13.417094230651855,1390700,
2017-01-24,15.949999809265137,15.979999542236328,15.890000343322754,15.90999984741211,13.450912475585938,2219200,
2017-01-25,15.800000190734863,15.880000114440918,15.770000457763672,15.8100004196167,13.366368293762207,1724200,
2017-01-26,15.890000343322754,15.960000038146973,15.869999885559082,15.880000114440918,13.425548553466797,2201400,
2017-01-27,15.899999618530273,15.899999618530273,15.6899995803833,15.75,13.315641403198242,1835600,
2017-01-30,15.680000305175781,15.6899995803833,15.619999885559082,15.65999984741211,13.23955249786377,4275000,
2017-01-31,15.779999732971191,15.84000015258789,15.699999809265137,15.75,13.315641403198242,14620200,
2017-02-01,15.800000190734863,15.949999809265137,15.760000228881836,15.920000076293945,13.459366798400879,4732000,
2017-02-02,15.970000267028809,15.979999542236328,15.869999885559082,15.920000076293945,13.459366798400879,3617100,
2017-02-03,15.850000381469727,15.949999809265137,15.819999694824219,15.90999984741211,13.450912475585938,2433500,
2017-02-06,15.90999984741211,15.9399995803833,15.779999732971191,15.8100004196167,13.366368293762207,2332800,
2017-02-07,15.6899995803833,15.75,15.670000076293945,15.739999771118164,13.3071870803833,2026500,
2017-02-08,15.75,15.84000015258789,15.6899995803833,15.800000190734863,13.35791301727295,2314600,
2017-02-09,15.90999984741211,15.90999984741211,15.819999694824219,15.880000114440918,13.425548553466797,1669500,
2017-02-10,16.010000228881836,16.06999969482422,15.979999542236328,16.049999237060547,13.569272994995117,2768200,
2017-02-13,15.899999618530273,15.90999984741211,15.84000015258789,15.869999885559082,13.417094230651855,1122500,
2017-02-14,15.970000267028809,15.989999771118164,15.84000015258789,15.890000343322754,13.434003829956055,1679700,
2017-02-15,15.869999885559082,15.960000038146973,15.84000015258789,15.90999984741211,13.450912475585938,1350400,
2017-02-16,15.90999984741211,15.9399995803833,15.789999961853027,15.8100004196167,13.366368293762207,1300300,
2017-02-17,15.710000038146973,15.789999961853027,15.6899995803833,15.779999732971191,13.341005325317383,2265500,
2017-02-21,15.850000381469727,15.880000114440918,15.729999542236328,15.760000228881836,13.3240966796875,1838700,
2017-02-22,15.6899995803833,15.699999809265137,15.649999618530273,15.680000305175781,13.256462097167969,2480700,
2017-02-23,15.829999923706055,15.84000015258789,15.6899995803833,15.729999542236328,13.29873275756836,2209700,
2017-02-24,15.739999771118164,15.739999771118164,15.65999984741211,15.699999809265137,13.273370742797852,1371600,
2017-02-27,15.720000267028809,15.739999771118164,15.649999618530273,15.65999984741211,13.23955249786377,1914300,
2017-02-28,15.630000114440918,15.729999542236328,15.600000381469727,15.720000267028809,13.290279388427734,2321000,
2017-03-01,15.8100004196167,15.850000381469727,15.75,15.789999961853027,13.349459648132324,2324000,
2017-03-02,15.619999885559082,15.649999618530273,15.529999732971191,15.539999961853027,13.138101577758789,1381200,
2017-03-03,15.5600004196167,15.630000114440918,15.529999732971191,15.619999885559082,13.205734252929688,1805600,
2017-03-06,15.6899995803833,15.699999809265137,15.600000381469727,15.600000381469727,13.188826560974121,1297800,
2017-03-07,15.640000343322754,15.640000343322754,15.520000457763672,15.529999732971191,13.129645347595215,1468000,
2017-03-08,15.479999542236328,15.550000190734863,15.149999618530273,15.180000305175781,12.83374309539795,4012200,
2017-03-09,15.130000114440918,15.149999618530273,14.930000305175781,15.050000190734863,12.723835945129395,4657800,
2017-03-10,15.050000190734863,15.079999923706055,14.869999885559082,14.90999984741211,12.605474472045898,4163400,
2017-03-13,14.920000076293945,14.970000267028809,14.859999656677246,14.890000343322754,12.588566780090332,2701200,
2017-03-14,14.779999732971191,14.850000381469727,14.699999809265137,14.829999923706055,12.537839889526367,2946400,
2017-03-15,14.920000076293945,14.989999771118164,14.869999885559082,14.960000038146973,12.647747993469238,3442700,
2017-03-16,15.020000457763672,15.020000457763672,14.930000305175781,14.9399995803833,12.630836486816406,2088200,
2017-03-17,15.0,15.020000457763672,14.9399995803833,14.989999771118164,12.67310905456543,1161700,
2017-03-20,14.960000038146973,15.039999961853027,14.9399995803833,14.979999542236328,12.664653778076172,2166400,
2017-03-21,15.020000457763672,15.0600004196167,14.890000343322754,14.899999618530273,12.597021102905273,1882000,
2017-03-22,14.859999656677246,14.9399995803833,14.770000457763672,14.890000343322754,12.588566780090332,1921500,
2017-03-23,14.869999885559082,14.890000343322754,14.819999694824219,14.859999656677246,12.563202857971191,1511400,
2017-03-24,14.899999618530273,14.920000076293945,14.859999656677246,14.90999984741211,12.605474472045898,1372400,
2017-03-27,14.8100004196167,14.899999618530273,14.770000457763672,14.890000343322754,12.588566780090332,2124000,
2017-03-28,14.960000038146973,15.0600004196167,14.949999809265137,14.979999542236328,12.664653778076172,1713300,
2017-03-29,15.039999961853027,15.140000343322754,15.020000457763672,15.119999885559082,12.783016204833984,2553000,
2017-03-30,15.15999984741211,15.220000267028809,15.119999885559082,15.180000305175781,12.83374309539795,1325100,
2017-03-31,15.149999618530273,15.25,15.140000343322754,15.210000038146973,12.859106063842773,3000100,
2017-04-03,15.25,15.270000457763672,15.140000343322754,15.149999618530273,12.808379173278809,4604200,
2017-04-04,15.229999542236328,15.319999694824219,15.149999618530273,15.300000190734863,12.935195922851562,4604200,
2017-04-05,15.470000267028809,15.470000267028809,15.3100004196167,15.329999923706055,12.96055793762207,4604600,
2017-04-06,15.399999618530273,15.4399995803833,15.369999885559082,15.369999885559082,12.994376182556152,2856200,
2017-04-07,15.420000076293945,15.470000267028809,15.390000343322754,15.40999984741211,13.028192520141602,6227100,
2017-04-10,15.479999542236328,15.529999732971191,15.449999809265137,15.529999732971191,13.129645347595215,945800,
2017-04-11,15.520000457763672,15.59000015258789,15.4399995803833,15.5600004196167,13.155008316040039,1391600,
2017-04-12,15.5600004196167,15.640000343322754,15.520000457763672,15.5600004196167,13.155008316040039,1429300,
2017-04-13,15.630000114440918,15.649999618530273,15.5600004196167,15.609999656677246,13.197279930114746,2123000,
2017-04-17,15.609999656677246,15.630000114440918,15.520000457763672,15.520000457763672,13.12119197845459,1866000,
2017-04-18,15.4399995803833,15.489999771118164,15.350000381469727,15.460000038146973,13.070466041564941,1462800,
2017-04-19,15.470000267028809,15.479999542236328,15.130000114440918,15.1899995803833,12.842196464538574,2094500,
2017-04-20,15.220000267028809,15.239999771118164,15.109999656677246,15.130000114440918,12.791470527648926,1847400,
2017-04-21,15.149999618530273,15.149999618530273,14.949999809265137,14.979999542236328,12.664653778076172,1585100,
2017-04-24,14.970000267028809,14.970000267028809,14.890000343322754,14.930000305175781,12.622383117675781,1767600,
2017-04-25,14.890000343322754,15.010000228881836,14.859999656677246,15.0,12.681563377380371,1586400,
2017-04-26,14.9399995803833,15.050000190734863,14.899999618530273,14.920000076293945,12.61392879486084,5213800,
2017-04-27,14.800000190734863,14.84000015258789,14.710000038146973,14.84000015258789,12.546293258666992,919000,
2017-04-28,14.869999885559082,14.90999984741211,14.779999732971191,14.800000190734863,12.512475967407227,2065900,
2017-05-01,14.8100004196167,14.890000343322754,14.800000190734863,14.829999923706055,12.537839889526367,3598700,
2017-05-02,14.819999694824219,14.84000015258789,14.630000114440918,14.670000076293945,12.402569770812988,3162000,
2017-05-03,14.699999809265137,14.699999809265137,14.569999694824219,14.609999656677246,12.351841926574707,2146400,
2017-05-04,14.460000038146973,14.470000267028809,14.239999771118164,14.260000228881836,12.055940628051758,3352800,
2017-05-05,14.319999694824219,14.489999771118164,14.3100004196167,14.460000038146973,12.225027084350586,2436200,
2017-05-08,14.390000343322754,14.460000038146973,14.319999694824219,14.399999618530273,12.174301147460938,1583100,
2017-05-09,14.430000305175781,14.4399995803833,14.3100004196167,14.329999923706055,12.115120887756348,1473000,
2017-05-10,14.430000305175781,14.600000381469727,14.420000076293945,14.5600004196167,12.30957317352295,2232100,
2017-05-11,14.630000114440918,14.670000076293945,14.59000015258789,14.619999885559082,12.360297203063965,1312200,
2017-05-12,14.65999984741211,14.65999984741211,14.579999923706055,14.619999885559082,12.360297203063965,788700,
2017-05-15,14.829999923706055,14.829999923706055,14.6899995803833,14.699999809265137,12.427932739257812,893700,
2017-05-16,14.770000457763672,14.789999961853027,14.720000267028809,14.720000267028809,12.444842338562012,755700,
2017-05-17,14.8100004196167,14.880000114440918,14.75,14.819999694824219,12.52938461303711,3215000,
2017-05-18,14.720000267028809,14.850000381469727,14.680000305175781,14.779999732971191,12.495567321777344,841700,
2017-05-19,14.960000038146973,15.069999694824219,14.949999809265137,15.069999694824219,12.740744590759277,736600,
2017-05-22,15.149999618530273,15.210000038146973,15.140000343322754,15.170000076293945,12.825288772583008,1975400,
2017-05-23,15.170000076293945,15.180000305175781,15.09000015258789,15.119999885559082,12.783016204833984,1361200,
2017-05-24,15.079999923706055,15.140000343322754,15.029999732971191,15.09000015258789,12.757654190063477,1150900,
2017-05-25,15.050000190734863,15.100000381469727,14.739999771118164,14.760000228881836,12.478658676147461,1306400,
2017-05-26,14.800000190734863,14.890000343322754,14.779999732971191,14.869999885559082,12.57165813446045,1106200,
2017-05-30,14.739999771118164,14.800000190734863,14.699999809265137,14.75,12.47020435333252,2593000,
2017-05-31,14.609999656677246,14.640000343322754,14.520000457763672,14.59000015258789,12.334935188293457,2029200,
2017-06-01,14.59000015258789,14.609999656677246,14.479999542236328,14.489999771118164,12.250391006469727,2487200,
2017-06-02,14.420000076293945,14.470000267028809,14.359999656677246,14.420000076293945,12.191210746765137,1460600,
2017-06-05,14.34000015258789,14.369999885559082,14.289999961853027,14.34000015258789,12.123575210571289,1512700,
2017-06-06,14.319999694824219,14.449999809265137,14.300000190734863,14.4399995803833,12.208117485046387,1064100,
2017-06-07,14.399999618530273,14.4399995803833,14.210000038146973,14.239999771118164,12.039031028747559,1661800,
2017-06-08,14.229999542236328,14.3100004196167,14.220000267028809,14.239999771118164,12.039031028747559,1348100,
2017-06-09,14.270000457763672,14.359999656677246,14.260000228881836,14.319999694824219,12.106666564941406,1206000,
2017-06-12,14.329999923706055,14.369999885559082,14.1899995803833,14.1899995803833,11.996760368347168,2584100,
2017-06-13,14.199999809265137,14.270000457763672,14.149999618530273,14.25,12.0474853515625,890000,
2017-06-14,14.229999542236328,14.279999732971191,14.0,14.0,11.836127281188965,1195800,
2017-06-15,13.979999542236328,14.0600004196167,13.960000038146973,14.0600004196167,11.886853218078613,1042900,
2017-06-16,14.130000114440918,14.140000343322754,14.079999923706055,14.119999885559082,11.937578201293945,1476500,
2017-06-19,14.109999656677246,14.149999618530273,14.0,14.029999732971191,11.861488342285156,957700,
2017-06-20,13.899999618530273,13.920000076293945,13.819999694824219,13.890000343322754,11.743127822875977,1559400,
2017-06-21,13.930000305175781,13.979999542236328,13.6899995803833,13.739999771118164,11.616312980651855,2879400,
2017-06-22,13.789999961853027,13.859999656677246,13.75,13.760000228881836,11.633221626281738,1305700,
2017-06-23,13.770000457763672,13.84000015258789,13.75,13.819999694824219,11.68394660949707,1874600,
2017-06-26,13.8100004196167,13.869999885559082,13.720000267028809,13.850000381469727,11.709310531616211,1566600,
2017-06-27,13.880000114440918,14.0600004196167,13.880000114440918,14.010000228881836,11.844581604003906,1174900,
2017-06-28,14.029999732971191,14.109999656677246,13.979999542236328,14.100000381469727,11.920671463012695,2204700,
2017-06-29,14.180000305175781,14.270000457763672,14.149999618530273,14.15999984741211,11.971395492553711,893600,
2017-06-30,14.239999771118164,14.470000267028809,14.239999771118164,14.449999809265137,12.216571807861328,2047400,
2017-07-03,14.510000228881836,14.640000343322754,14.5,14.600000381469727,12.343388557434082,3013000,
2017-07-05,14.600000381469727,14.600000381469727,14.319999694824219,14.380000114440918,12.157394409179688,3157600,
2017-07-06,14.420000076293945,14.529999732971191,14.369999885559082,14.390000343322754,12.165847778320312,3055900,
2017-07-07,14.289999961853027,14.3100004196167,14.149999618530273,14.25,12.0474853515625,1950900,
2017-07-10,14.229999542236328,14.359999656677246,14.229999542236328,14.3100004196167,12.098212242126465,979500,
2017-07-11,14.289999961853027,14.470000267028809,14.289999961853027,14.449999809265137,12.216571807861328,759800,
2017-07-12,14.529999732971191,14.5600004196167,14.369999885559082,14.380000114440918,12.157394409179688,1252300,
2017-07-13,14.380000114440918,14.4399995803833,14.329999923706055,14.369999885559082,12.148938179016113,630000,
2017-07-14,14.449999809265137,14.529999732971191,14.430000305175781,14.529999732971191,12.284208297729492,759000,
2017-07-17,14.520000457763672,14.569999694824219,14.460000038146973,14.479999542236328,12.241935729980469,1141300,
2017-07-18,14.609999656677246,14.640000343322754,14.510000228881836,14.539999961853027,12.292662620544434,858900,
2017-07-19,14.600000381469727,14.699999809265137,14.600000381469727,14.670000076293945,12.402569770812988,825500,
2017-07-20,14.739999771118164,14.770000457763672,14.630000114440918,14.649999618530273,12.385660171508789,1132100,
2017-07-21,14.640000343322754,14.640000343322754,14.420000076293945,14.449999809265137,12.216571807861328,894800,
2017-07-24,14.470000267028809,14.489999771118164,14.4399995803833,14.479999542236328,12.241935729980469,606700,
2017-07-25,14.630000114440918,14.670000076293945,14.569999694824219,14.640000343322754,12.377205848693848,722700,
2017-07-26,14.649999618530273,14.789999961853027,14.630000114440918,14.779999732971191,12.495567321777344,2389200,
2017-07-27,14.850000381469727,14.899999618530273,14.8100004196167,14.869999885559082,12.57165813446045,1062200,
2017-07-28,14.899999618530273,14.970000267028809,14.899999618530273,14.949999809265137,12.639291763305664,834800,
2017-07-31,14.930000305175781,15.050000190734863,14.899999618530273,15.039999961853027,12.715381622314453,1109900,
2017-08-01,14.949999809265137,14.949999809265137,14.75,14.869999885559082,12.57165813446045,1041300,
2017-08-02,14.899999618530273,14.930000305175781,14.800000190734863,14.899999618530273,12.597021102905273,2126600,
2017-08-03,14.920000076293945,14.930000305175781,14.779999732971191,14.789999961853027,12.504020690917969,2187100,
2017-08-04,14.8100004196167,14.850000381469727,14.739999771118164,14.819999694824219,12.52938461303711,1113200,
2017-08-07,14.800000190734863,14.899999618530273,14.760000228881836,14.850000381469727,12.554747581481934,989400,
2017-08-08,14.819999694824219,14.930000305175781,14.819999694824219,14.859999656677246,12.563202857971191,1113800,
2017-08-09,14.920000076293945,14.970000267028809,14.880000114440918,14.960000038146973,12.647747993469238,1013700,
2017-08-10,15.029999732971191,15.029999732971191,14.729999542236328,14.729999542236328,12.453295707702637,2661400,
2017-08-11,14.710000038146973,14.829999923706055,14.6899995803833,14.779999732971191,12.495567321777344,1543200,
2017-08-14,14.760000228881836,14.819999694824219,14.630000114440918,14.649999618530273,12.385660171508789,1346600,
2017-08-15,14.539999961853027,14.59000015258789,14.5,14.579999923706055,12.326480865478516,839800,
2017-08-16,14.640000343322754,14.6899995803833,14.539999961853027,14.539999961853027,12.292662620544434,2787700,
2017-08-17,14.489999771118164,14.600000381469727,14.479999542236328,14.579999923706055,12.326480865478516,1782100,
2017-08-18,14.630000114440918,14.850000381469727,14.579999923706055,14.84000015258789,12.546293258666992,1266300,
2017-08-21,14.739999771118164,14.760000228881836,14.630000114440918,14.65999984741211,12.39411449432373,953900,
2017-08-22,14.6899995803833,14.75,14.670000076293945,14.699999809265137,12.427932739257812,1118900,
2017-08-23,14.720000267028809,14.829999923706055,14.6899995803833,14.829999923706055,12.537839889526367,1042000,
2017-08-24,14.8100004196167,14.859999656677246,14.75,14.819999694824219,12.52938461303711,766200,
2017-08-25,14.829999923706055,14.850000381469727,14.729999542236328,14.789999961853027,12.504020690917969,565000,
2017-08-28,14.84000015258789,14.859999656677246,14.729999542236328,14.800000190734863,12.512475967407227,925900,
2017-08-29,14.760000228881836,14.829999923706055,14.760000228881836,14.800000190734863,12.512475967407227,712000,
2017-08-30,14.779999732971191,14.819999694824219,14.65999984741211,14.6899995803833,12.419479370117188,831900,
2017-08-31,14.789999961853027,15.100000381469727,14.789999961853027,15.100000381469727,12.766108512878418,2587700,
2017-09-01,15.0600004196167,15.130000114440918,15.010000228881836,15.119999885559082,12.783016204833984,2722900,
2017-09-05,15.149999618530273,15.220000267028809,15.130000114440918,15.149999618530273,12.808379173278809,1211700,
2017-09-06,15.210000038146973,15.300000190734863,15.199999809265137,15.300000190734863,12.935195922851562,2212200,
2017-09-07,15.270000457763672,15.3100004196167,15.220000267028809,15.289999961853027,12.926740646362305,1205400,
2017-09-08,15.239999771118164,15.270000457763672,15.079999923706055,15.119999885559082,12.783016204833984,1041000,
2017-09-11,15.119999885559082,15.170000076293945,15.039999961853027,15.149999618530273,12.808379173278809,1104300,
2017-09-12,15.25,15.270000457763672,15.100000381469727,15.1899995803833,12.842196464538574,1451600,
2017-09-13,15.220000267028809,15.260000228881836,15.15999984741211,15.260000228881836,12.90137767791748,909200,
2017-09-14,15.380000114440918,15.470000267028809,15.260000228881836,15.270000457763672,12.909832954406738,944000,
2017-09-15,15.3100004196167,15.380000114440918,15.289999961853027,15.34000015258789,12.969012260437012,1176500,
2017-09-18,15.319999694824219,15.34000015258789,15.25,15.319999694824219,12.952103614807129,1693700,
2017-09-19,15.34000015258789,15.34000015258789,15.220000267028809,15.289999961853027,12.926740646362305,537400,
2017-09-20,15.34000015258789,15.449999809265137,15.34000015258789,15.420000076293945,13.03664779663086,1577600,
2017-09-21,15.34000015258789,15.390000343322754,15.3100004196167,15.359999656677246,12.985922813415527,1146000,
2017-09-22,15.399999618530273,15.4399995803833,15.350000381469727,15.420000076293945,13.03664779663086,667000,
2017-09-25,15.449999809265137,15.680000305175781,15.449999809265137,15.680000305175781,13.256462097167969,1120300,
2017-09-26,15.550000190734863,15.579999923706055,15.479999542236328,15.539999961853027,13.138101577758789,1114000,
2017-09-27,15.5,15.539999961853027,15.449999809265137,15.479999542236328,13.087373733520508,2008000,
2017-09-28,15.529999732971191,15.5600004196167,15.399999618530273,15.479999542236328,13.087373733520508,909000,
2017-09-29,15.4399995803833,15.460000038146973,15.369999885559082,15.399999618530273,13.01973819732666,3072300,
2017-10-02,15.25,15.289999961853027,15.180000305175781,15.270000457763672,12.909832954406738,3580000,
2017-10-03,15.270000457763672,15.319999694824219,15.25,15.279999732971191,12.918286323547363,1384500,
2017-10-04,15.289999961853027,15.350000381469727,15.260000228881836,15.300000190734863,12.935195922851562,1411000,
2017-10-05,15.40999984741211,15.529999732971191,15.399999618530273,15.470000267028809,13.078919410705566,1391000,
2017-10-06,15.270000457763672,15.289999961853027,15.180000305175781,15.229999542236328,12.876014709472656,1384400,
2017-10-09,15.229999542236328,15.289999961853027,15.210000038146973,15.239999771118164,12.884468078613281,632700,
2017-10-10,15.390000343322754,15.449999809265137,15.380000114440918,15.420000076293945,13.03664779663086,650600,
2017-10-11,15.449999809265137,15.460000038146973,15.369999885559082,15.449999809265137,13.06201171875,709300,
2017-10-12,15.369999885559082,15.4399995803833,15.329999923706055,15.430000305175781,13.0451021194458,789900,
2017-10-13,15.569999694824219,15.600000381469727,15.5,15.579999923706055,13.171917915344238,627000,
2017-10-16,15.649999618530273,15.729999542236328,15.609999656677246,15.619999885559082,13.205734252929688,905300,
2017-10-17,15.600000381469727,15.640000343322754,15.479999542236328,15.600000381469727,13.188826560974121,615100,
2017-10-18,15.569999694824219,15.630000114440918,15.520000457763672,15.59000015258789,13.180371284484863,503200,
2017-10-19,15.5,15.5600004196167,15.470000267028809,15.520000457763672,13.12119197845459,1757100,
2017-10-20,15.510000228881836,15.600000381469727,15.489999771118164,15.600000381469727,13.188826560974121,503700,
2017-10-23,15.59000015258789,15.640000343322754,15.569999694824219,15.600000381469727,13.188826560974121,1102300,
2017-10-24,15.619999885559082,15.779999732971191,15.579999923706055,15.760000228881836,13.3240966796875,687100,
2017-10-25,15.760000228881836,15.819999694824219,15.710000038146973,15.779999732971191,13.341005325317383,865300,
2017-10-26,15.739999771118164,15.850000381469727,15.699999809265137,15.850000381469727,13.400187492370605,500200,
2017-10-27,15.760000228881836,15.949999809265137,15.739999771118164,15.930000305175781,13.46782112121582,892900,
2017-10-30,15.979999542236328,16.219999313354492,15.90999984741211,15.970000267028809,13.501638412475586,1241900,
2017-10-31,15.960000038146973,16.030000686645508,15.9399995803833,16.010000228881836,13.535455703735352,2245500,
2017-11-01,16.110000610351562,16.170000076293945,15.960000038146973,16.020000457763672,13.543910026550293,5287100,
2017-11-02,15.989999771118164,16.1299991607666,15.979999542236328,16.1200008392334,13.62845516204834,5054600,
2017-11-03,16.139999389648438,16.239999771118164,16.040000915527344,16.219999313354492,13.712997436523438,4649100,
2017-11-06,16.270000457763672,16.549999237060547,16.239999771118164,16.530000686645508,13.97508430480957,7479300,
2017-11-07,16.450000762939453,16.450000762939453,16.3799991607666,16.43000030517578,13.890541076660156,5736700,
2017-11-08,16.40999984741211,16.540000915527344,16.34000015258789,16.399999618530273,13.865177154541016,1670700,
2017-11-09,16.389999389648438,16.479999542236328,16.389999389648438,16.43000030517578,13.890541076660156,1459500,
2017-11-10,16.420000076293945,16.479999542236328,16.360000610351562,16.399999618530273,13.865177154541016,1740600,
2017-11-13,16.420000076293945,16.450000762939453,16.309999465942383,16.350000381469727,13.822904586791992,1918500,
2017-11-14,16.309999465942383,16.309999465942383,16.079999923706055,16.1299991607666,13.636909484863281,2498800,
2017-11-15,16.1299991607666,16.149999618530273,16.049999237060547,16.110000610351562,13.619999885559082,1621100,
2017-11-16,16.06999969482422,16.139999389648438,16.040000915527344,16.059999465942383,13.577727317810059,1457700,
2017-11-17,16.1299991607666,16.329999923706055,16.1299991607666,16.31999969482422,13.7975435256958,6369300,
2017-11-20,16.149999618530273,16.209999084472656,16.110000610351562,16.190000534057617,13.687634468078613,1627800,
2017-11-21,16.219999313354492,16.299999237060547,16.209999084472656,16.299999237060547,13.780632019042969,1094100,
2017-11-22,16.299999237060547,16.399999618530273,16.299999237060547,16.389999389648438,13.856720924377441,1651300,
2017-11-24,16.43000030517578,16.459999084472656,16.399999618530273,16.440000534057617,13.898995399475098,576200,
2017-11-27,16.440000534057617,16.440000534057617,16.329999923706055,16.40999984741211,13.873631477355957,1248900,
2017-11-28,16.31999969482422,16.360000610351562,16.290000915527344,16.34000015258789,13.814449310302734,3163600,
2017-11-29,16.309999465942383,16.3700008392334,16.15999984741211,16.229999542236328,13.721452713012695,1814100,
2017-11-30,16.239999771118164,16.270000457763672,16.1200008392334,16.15999984741211,13.662271499633789,1926400,
2017-12-01,16.25,16.43000030517578,16.25,16.299999237060547,13.780632019042969,6363500,
2017-12-04,16.209999084472656,16.239999771118164,16.100000381469727,16.100000381469727,13.61154556274414,1210300,
2017-12-05,16.079999923706055,16.139999389648438,16.049999237060547,16.100000381469727,13.61154556274414,858700,
2017-12-06,16.049999237060547,16.049999237060547,15.819999694824219,15.829999923706055,13.383277893066406,1976500,
2017-12-07,15.869999885559082,15.890000343322754,15.800000190734863,15.880000114440918,13.425548553466797,2405000,
2017-12-08,15.979999542236328,15.989999771118164,15.899999618530273,15.960000038146973,13.493184089660645,1667400,
2017-12-11,15.989999771118164,16.040000915527344,15.949999809265137,16.0,13.52700138092041,1083500,
2017-12-12,16.020000457763672,16.06999969482422,15.819999694824219,15.859999656677246,13.408641815185547,918500,
2017-12-13,15.859999656677246,15.869999885559082,15.760000228881836,15.789999961853027,13.349459648132324,2441600,
2017-12-14,15.729999542236328,15.859999656677246,15.729999542236328,15.84000015258789,13.391732215881348,2278800,
2017-12-15,15.899999618530273,15.90999984741211,15.8100004196167,15.84000015258789,13.391732215881348,1953200,
2017-12-18,15.9399995803833,15.979999542236328,15.880000114440918,15.90999984741211,13.450912475585938,1587300,
2017-12-19,15.970000267028809,16.040000915527344,15.970000267028809,16.030000686645508,13.55236530303955,1575000,
2017-12-20,16.040000915527344,16.1200008392334,16.040000915527344,16.1200008392334,13.62845516204834,1741300,
2017-12-21,16.09000015258789,16.15999984741211,16.049999237060547,16.1299991607666,13.636909484863281,3497500,
2017-12-22,16.170000076293945,16.25,16.139999389648438,16.200000762939453,13.696088790893555,3404600,
2017-12-26,16.25,16.5,16.25,16.440000534057617,13.898995399475098,1793800,
2017-12-27,16.479999542236328,16.510000228881836,16.450000762939453,16.479999542236328,13.93281078338623,6071600,
2017-12-28,16.540000915527344,16.56999969482422,16.510000228881836,16.559999465942383,14.000445365905762,1933800,
2017-12-29,16.6200008392334,16.670000076293945,16.579999923706055,16.610000610351562,14.042720794677734,1984300,
2018-01-02,16.68000030517578,16.719999313354492,16.639999389648438,16.690000534057617,14.110352516174316,3995700,
2018-01-03,16.739999771118164,16.809999465942383,16.700000762939453,16.790000915527344,14.19489860534668,6139800,
2018-01-04,16.780000686645508,16.799999237060547,16.739999771118164,16.770000457763672,14.17798900604248,2532700,
2018-01-05,16.700000762939453,16.729999542236328,16.649999618530273,16.709999084472656,14.127262115478516,1746400,
2018-01-08,16.700000762939453,16.719999313354492,16.649999618530273,16.700000762939453,14.118807792663574,2208000,
2018-01-09,16.700000762939453,16.860000610351562,16.670000076293945,16.809999465942383,14.211806297302246,5148000,
2018-01-10,16.8700008392334,16.889999389648438,16.81999969482422,16.8700008392334,14.262532234191895,2467700,
2018-01-11,16.889999389648438,16.940000534057617,16.860000610351562,16.860000610351562,14.25407886505127,3052900,
2018-01-12,16.889999389648438,16.969999313354492,16.84000015258789,16.969999313354492,14.347075462341309,7625800,
2018-01-16,16.899999618530273,16.93000030517578,16.84000015258789,16.889999389648438,14.279439926147461,2398900,
2018-01-17,16.8799991607666,16.93000030517578,16.850000381469727,16.90999984741211,14.296350479125977,2351900,
2018-01-18,16.90999984741211,16.920000076293945,16.829999923706055,16.90999984741211,14.296350479125977,1805400,
2018-01-19,16.8799991607666,16.93000030517578,16.81999969482422,16.8799991607666,14.270986557006836,1306200,
2018-01-22,16.889999389648438,16.950000762939453,16.84000015258789,16.920000076293945,14.304803848266602,3227700,
2018-01-23,16.969999313354492,17.049999237060547,16.93000030517578,17.040000915527344,14.406257629394531,2381700,
2018-01-24,17.049999237060547,17.219999313354492,17.040000915527344,17.219999313354492,14.55843448638916,2814600,
2018-01-25,17.260000228881836,17.270000457763672,17.110000610351562,17.1200008392334,14.473893165588379,2613300,
2018-01-26,17.18000030517578,17.290000915527344,17.15999984741211,17.25,14.5837984085083,3436100,
2018-01-29,17.209999084472656,17.229999542236328,17.1299991607666,17.200000762939453,14.541525840759277,1304500,
2018-01-30,17.15999984741211,17.15999984741211,17.049999237060547,17.079999923706055,14.44007396697998,4444600,
2018-01-31,17.09000015258789,17.1299991607666,17.0,17.100000381469727,14.456982612609863,35764200,
2018-02-01,17.1200008392334,17.280000686645508,17.079999923706055,17.270000457763672,14.600708961486816,4764400,
2018-02-02,17.110000610351562,17.110000610351562,16.950000762939453,16.989999771118164,14.363984107971191,2011500,
2018-02-05,16.950000762939453,17.010000228881836,16.81999969482422,16.829999923706055,14.228713989257812,3294800,
2018-02-06,16.739999771118164,16.860000610351562,16.719999313354492,16.729999542236328,14.144170761108398,7712100,
2018-02-07,16.75,16.790000915527344,16.489999771118164,16.540000915527344,13.983538627624512,2161100,
2018-02-08,16.56999969482422,16.579999923706055,16.360000610351562,16.3700008392334,13.839812278747559,5035800,
2018-02-09,16.309999465942383,16.329999923706055,16.010000228881836,16.1299991607666,13.636909484863281,8507700,
2018-02-12,16.209999084472656,16.299999237060547,16.190000534057617,16.229999542236328,13.721452713012695,3396000,
2018-02-13,16.190000534057617,16.290000915527344,16.15999984741211,16.260000228881836,13.746816635131836,1387300,
2018-02-14,16.190000534057617,16.520000457763672,16.15999984741211,16.510000228881836,13.958174705505371,4016700,
2018-02-15,16.450000762939453,16.540000915527344,16.329999923706055,16.540000915527344,13.983538627624512,3893600,
2018-02-16,16.510000228881836,16.600000381469727,16.479999542236328,16.56999969482422,14.008899688720703,2223600,
2018-02-20,16.610000610351562,16.690000534057617,16.59000015258789,16.6200008392334,14.05117416381836,2657100,
2018-02-21,16.610000610351562,16.700000762939453,16.59000015258789,16.600000381469727,14.034263610839844,2374900,
2018-02-22,16.639999389648438,16.809999465942383,16.639999389648438,16.75,14.161078453063965,2693000,
2018-02-23,16.75,16.860000610351562,16.719999313354492,16.860000610351562,14.25407886505127,2696100,
2018-02-26,16.899999618530273,16.959999084472656,16.829999923706055,16.950000762939453,14.330168724060059,3158200,
2018-02-27,16.920000076293945,16.920000076293945,16.780000686645508,16.780000686645508,14.186442375183105,4760600,
2018-02-28,16.850000381469727,16.889999389648438,16.56999969482422,16.600000381469727,14.034263610839844,3710600,
2018-03-01,16.520000457763672,16.670000076293945,16.40999984741211,16.6299991607666,14.059626579284668,5442800,
2018-03-02,16.520000457763672,16.6299991607666,16.440000534057617,16.6299991607666,14.059626579284668,5425400,
2018-03-05,16.540000915527344,16.760000228881836,16.510000228881836,16.729999542236328,14.144170761108398,2534600,
2018-03-06,16.770000457763672,16.809999465942383,16.729999542236328,16.790000915527344,14.19489860534668,1780600,
2018-03-07,16.739999771118164,16.770000457763672,16.510000228881836,16.610000610351562,14.042720794677734,3375200,
2018-03-08,16.559999465942383,16.56999969482422,16.440000534057617,16.510000228881836,13.958174705505371,2651700,
2018-03-09,16.579999923706055,16.670000076293945,16.549999237060547,16.670000076293945,14.093445777893066,3346700,
2018-03-12,16.600000381469727,16.639999389648438,16.469999313354492,16.639999389648438,14.068081855773926,1367100,
2018-03-13,16.639999389648438,16.739999771118164,16.549999237060547,16.59000015258789,14.025810241699219,1913900,
2018-03-14,16.610000610351562,16.65999984741211,16.510000228881836,16.59000015258789,14.025810241699219,1961200,
2018-03-15,16.610000610351562,16.6200008392334,16.520000457763672,16.579999923706055,14.017355918884277,1128100,
2018-03-16,16.559999465942383,16.670000076293945,16.5,16.639999389648438,14.068081855773926,1023900,
2018-03-19,16.600000381469727,16.600000381469727,16.459999084472656,16.530000686645508,13.97508430480957,1684700,
2018-03-20,16.639999389648438,16.709999084472656,16.6200008392334,16.639999389648438,14.068081855773926,1326300,
2018-03-21,16.760000228881836,16.979999542236328,16.739999771118164,16.940000534057617,14.321714401245117,1728000,
2018-03-22,16.829999923706055,16.8700008392334,16.780000686645508,16.809999465942383,14.211806297302246,1750400,
2018-03-23,16.899999618530273,16.989999771118164,16.860000610351562,16.959999084472656,14.338619232177734,2532600,
2018-03-26,16.989999771118164,17.010000228881836,16.920000076293945,16.969999313354492,14.347075462341309,3299900,
2018-03-27,17.010000228881836,17.020000457763672,16.8799991607666,16.899999618530273,14.287895202636719,1288100,
2018-03-28,16.8799991607666,16.90999984741211,16.760000228881836,16.829999923706055,14.228713989257812,1471000,
2018-03-29,16.850000381469727,17.010000228881836,16.809999465942383,16.979999542236328,14.35552978515625,4371400,
2018-04-02,16.940000534057617,16.950000762939453,16.75,16.75,14.161078453063965,4823100,
2018-04-03,16.81999969482422,16.8700008392334,16.770000457763672,16.84000015258789,14.237168312072754,2854300,
2018-04-04,16.729999542236328,16.850000381469727,16.579999923706055,16.770000457763672,14.17798900604248,2547400,
2018-04-05,16.75,16.860000610351562,16.729999542236328,16.850000381469727,14.245624542236328,2639300,
2018-04-06,16.780000686645508,16.8799991607666,16.690000534057617,16.729999542236328,14.144170761108398,1521400,
2018-04-09,16.850000381469727,16.989999771118164,16.850000381469727,16.940000534057617,14.321714401245117,1801800,
2018-04-10,17.100000381469727,17.239999771118164,17.06999969482422,17.229999542236328,14.566889762878418,3665900,
2018-04-11,17.270000457763672,17.450000762939453,17.229999542236328,17.360000610351562,14.676797866821289,2567200,
2018-04-12,17.229999542236328,17.299999237060547,17.190000534057617,17.290000915527344,14.617618560791016,2685700,
2018-04-13,17.299999237060547,17.360000610351562,17.270000457763672,17.299999237060547,14.626070022583008,2084300,
2018-04-16,17.329999923706055,17.350000381469727,17.229999542236328,17.239999771118164,14.575343132019043,2116200,
2018-04-17,17.209999084472656,17.270000457763672,17.15999984741211,17.25,14.5837984085083,1824000,
2018-04-18,17.479999542236328,17.579999923706055,17.399999618530273,17.56999969482422,14.854338645935059,2904200,
2018-04-19,17.610000610351562,17.6200008392334,17.450000762939453,17.5,14.795158386230469,1997600,
2018-04-20,17.399999618530273,17.520000457763672,17.350000381469727,17.469999313354492,14.769793510437012,1981000,
2018-04-23,17.350000381469727,17.469999313354492,17.299999237060547,17.459999084472656,14.76133918762207,2094000,
2018-04-24,17.420000076293945,17.5,17.350000381469727,17.3700008392334,14.685251235961914,1724100,
2018-04-25,17.350000381469727,17.43000030517578,17.290000915527344,17.399999618530273,14.710614204406738,1745900,
2018-04-26,17.5,17.510000228881836,17.40999984741211,17.489999771118164,14.786703109741211,2550400,
2018-04-27,17.420000076293945,17.510000228881836,17.399999618530273,17.479999542236328,14.778249740600586,1519700,
2018-04-30,17.440000534057617,17.68000030517578,17.40999984741211,17.559999465942383,14.845885276794434,2875400,
2018-05-01,17.469999313354492,17.510000228881836,17.3799991607666,17.459999084472656,14.76133918762207,2598700,
2018-05-02,17.43000030517578,17.540000915527344,17.389999389648438,17.459999084472656,14.76133918762207,2170000,
2018-05-03,17.459999084472656,17.56999969482422,17.399999618530273,17.56999969482422,14.854338645935059,2117500,
2018-05-04,17.549999237060547,17.729999542236328,17.530000686645508,17.690000534057617,14.955792427062988,1602700,
2018-05-07,17.760000228881836,17.799999237060547,17.649999618530273,17.68000030517578,14.94733715057373,1544800,
2018-05-08,17.780000686645508,17.790000915527344,17.40999984741211,17.729999542236328,14.989607810974121,4060900,
2018-05-09,17.81999969482422,17.93000030517578,17.780000686645508,17.889999389648438,15.124878883361816,5029300,
2018-05-10,17.93000030517578,17.989999771118164,17.829999923706055,17.979999542236328,15.200966835021973,2579600,
2018-05-11,17.950000762939453,17.950000762939453,17.8700008392334,17.8700008392334,15.107970237731934,1407800,
2018-05-14,17.899999618530273,18.010000228881836,17.899999618530273,18.0,15.217876434326172,2200600,
2018-05-15,17.989999771118164,18.06999969482422,17.90999984741211,18.020000457763672,15.234785079956055,2064900,
2018-05-16,18.010000228881836,18.1200008392334,17.969999313354492,18.1200008392334,15.319331169128418,2955100,
2018-05-17,18.170000076293945,18.260000228881836,18.110000610351562,18.139999389648438,15.336236953735352,1644800,
2018-05-18,18.149999618530273,18.219999313354492,18.139999389648438,18.149999618530273,15.344693183898926,1696500,
2018-05-21,18.200000762939453,18.309999465942383,18.139999389648438,18.290000915527344,15.463053703308105,2535700,
2018-05-22,18.389999389648438,18.469999313354492,18.309999465942383,18.309999465942383,15.479962348937988,2626500,
2018-05-23,18.299999237060547,18.40999984741211,18.209999084472656,18.40999984741211,15.564506530761719,1879300,
2018-05-24,18.389999389648438,18.40999984741211,18.290000915527344,18.290000915527344,15.463053703308105,1139800,
2018-05-25,18.139999389648438,18.139999389648438,17.989999771118164,18.020000457763672,15.234785079956055,2612300,
2018-05-29,17.969999313354492,17.989999771118164,17.799999237060547,17.850000381469727,15.091059684753418,3213300,
2018-05-30,17.93000030517578,18.079999923706055,17.899999618530273,18.079999923706055,15.285511016845703,2398300,
2018-05-31,18.09000015258789,18.18000030517578,17.940000534057617,18.030000686645508,15.243243217468262,2542900,
2018-06-01,17.940000534057617,17.969999313354492,17.860000610351562,17.90999984741211,15.141785621643066,5462200,
2018-06-04,17.889999389648438,17.889999389648438,17.700000762939453,17.700000762939453,14.964245796203613,2920900,
2018-06-05,17.670000076293945,17.760000228881836,17.6200008392334,17.729999542236328,14.989607810974121,3323100,
2018-06-06,17.719999313354492,17.81999969482422,17.65999984741211,17.790000915527344,15.04033374786377,2858700,
2018-06-07,17.790000915527344,17.889999389648438,17.780000686645508,17.860000610351562,15.099515914916992,1890600,
2018-06-08,17.860000610351562,17.899999618530273,17.780000686645508,17.850000381469727,15.091059684753418,3146600,
2018-06-11,17.739999771118164,17.8799991607666,17.739999771118164,17.84000015258789,15.082606315612793,2415000,
2018-06-12,17.770000457763672,17.899999618530273,17.770000457763672,17.829999923706055,15.074151992797852,1092500,
2018-06-13,17.790000915527344,17.940000534057617,17.780000686645508,17.899999618530273,15.133334159851074,1460900,
2018-06-14,17.850000381469727,17.8700008392334,17.700000762939453,17.700000762939453,14.964245796203613,1744500,
2018-06-15,17.56999969482422,17.56999969482422,17.25,17.270000457763672,14.600708961486816,2750500,
2018-06-18,17.299999237060547,17.440000534057617,17.299999237060547,17.420000076293945,14.727523803710938,3837500,
2018-06-19,17.209999084472656,17.270000457763672,17.110000610351562,17.239999771118164,14.575343132019043,3010700,
2018-06-20,17.31999969482422,17.31999969482422,17.1299991607666,17.219999313354492,14.55843448638916,2808300,
2018-06-21,17.1200008392334,17.200000762939453,17.09000015258789,17.09000015258789,14.448529243469238,3421300,
2018-06-22,17.329999923706055,17.440000534057617,17.25,17.43000030517578,14.735977172851562,3181100,
2018-06-25,17.219999313354492,17.25,17.139999389648438,17.229999542236328,14.566889762878418,2988400,
2018-06-26,17.280000686645508,17.450000762939453,17.18000030517578,17.399999618530273,14.710614204406738,4292200,
2018-06-27,17.5,17.6299991607666,17.479999542236328,17.489999771118164,14.786703109741211,1867600,
2018-06-28,17.540000915527344,17.600000381469727,17.469999313354492,17.479999542236328,14.778249740600586,1651600,
2018-06-29,17.600000381469727,17.739999771118164,17.579999923706055,17.68000030517578,14.94733715057373,3603100,
2018-07-02,17.540000915527344,17.549999237060547,17.299999237060547,17.309999465942383,14.63452434539795,3413300,
2018-07-03,17.43000030517578,17.479999542236328,17.229999542236328,17.290000915527344,14.617618560791016,2527500,
2018-07-05,17.329999923706055,17.459999084472656,17.299999237060547,17.389999389648438,14.702160835266113,4223300,
2018-07-06,17.270000457763672,17.469999313354492,17.270000457763672,17.469999313354492,14.769793510437012,1761500,
2018-07-09,17.510000228881836,17.59000015258789,17.479999542236328,17.559999465942383,14.845885276794434,2007100,
2018-07-10,17.6200008392334,17.639999389648438,17.489999771118164,17.520000457763672,14.812067031860352,1342300,
2018-07-11,17.3700008392334,17.389999389648438,16.84000015258789,16.90999984741211,14.296350479125977,3798000,
2018-07-12,17.020000457763672,17.030000686645508,16.829999923706055,17.0,14.372440338134766,3145600,
2018-07-13,17.010000228881836,17.1299991607666,16.959999084472656,17.030000686645508,14.39780330657959,2450400,
2018-07-16,16.81999969482422,16.860000610351562,16.639999389648438,16.670000076293945,14.093445777893066,4408800,
2018-07-17,16.6299991607666,16.790000915527344,16.6299991607666,16.690000534057617,14.110352516174316,3025100,
2018-07-18,16.709999084472656,16.8799991607666,16.6200008392334,16.84000015258789,14.237168312072754,3488500,
2018-07-19,16.770000457763672,16.899999618530273,16.690000534057617,16.81999969482422,14.220260620117188,2929800,
2018-07-20,16.899999618530273,16.959999084472656,16.860000610351562,16.940000534057617,14.321714401245117,2361600,
2018-07-23,17.0,17.06999969482422,16.940000534057617,17.0,14.372440338134766,2301000,
2018-07-24,17.049999237060547,17.190000534057617,17.049999237060547,17.09000015258789,14.448529243469238,1504500,
2018-07-25,17.18000030517578,17.31999969482422,17.1299991607666,17.31999969482422,14.64297866821289,2303800,
2018-07-26,17.280000686645508,17.350000381469727,17.270000457763672,17.31999969482422,14.64297866821289,1723600,
2018-07-27,17.329999923706055,17.3700008392334,17.219999313354492,17.25,14.5837984085083,3142400,
2018-07-30,17.360000610351562,17.40999984741211,17.350000381469727,17.350000381469727,14.668344497680664,2407200,
2018-07-31,17.34000015258789,17.360000610351562,17.25,17.25,14.5837984085083,2495500,
2018-08-01,17.059999465942383,17.139999389648438,16.969999313354492,17.0,14.372440338134766,4856700,
2018-08-02,16.950000762939453,17.170000076293945,16.93000030517578,17.100000381469727,14.456982612609863,2979500,
2018-08-03,17.139999389648438,17.209999084472656,17.09000015258789,17.15999984741211,14.507708549499512,2587000,
2018-08-06,17.219999313354492,17.309999465942383,17.18000030517578,17.190000534057617,14.533072471618652,2542900,
2018-08-07,17.350000381469727,17.3799991607666,17.290000915527344,17.31999969482422,14.64297866821289,2983200,
2018-08-08,17.299999237060547,17.31999969482422,17.040000915527344,17.110000610351562,14.465436935424805,4506800,
2018-08-09,17.15999984741211,17.190000534057617,17.030000686645508,17.040000915527344,14.406257629394531,1749000,
2018-08-10,17.040000915527344,17.18000030517578,17.020000457763672,17.040000915527344,14.406257629394531,2035000,
2018-08-13,16.969999313354492,17.010000228881836,16.75,16.950000762939453,14.330168724060059,2015700,
2018-08-14,17.06999969482422,17.110000610351562,16.93000030517578,16.979999542236328,14.35552978515625,1687600,
2018-08-15,16.790000915527344,16.799999237060547,16.559999465942383,16.610000610351562,14.042720794677734,3239300,
2018-08-16,16.68000030517578,16.770000457763672,16.68000030517578,16.739999771118164,14.15262508392334,2859600,
2018-08-17,16.8700008392334,16.889999389648438,16.729999542236328,16.809999465942383,14.211806297302246,1118000,
2018-08-20,16.799999237060547,16.8700008392334,16.770000457763672,16.84000015258789,14.237168312072754,1456600,
2018-08-21,16.920000076293945,16.950000762939453,16.84000015258789,16.8700008392334,14.262532234191895,1043500,
2018-08-22,17.020000457763672,17.149999618530273,16.969999313354492,17.110000610351562,14.465436935424805,1541200,
2018-08-23,17.030000686645508,17.110000610351562,17.0,17.079999923706055,14.44007396697998,925900,
2018-08-24,17.270000457763672,17.34000015258789,17.170000076293945,17.209999084472656,14.549981117248535,986600,
2018-08-27,17.239999771118164,17.280000686645508,17.219999313354492,17.270000457763672,14.600708961486816,1163400,
2018-08-28,17.309999465942383,17.329999923706055,17.18000030517578,17.200000762939453,14.541525840759277,1116800,
2018-08-29,17.290000915527344,17.40999984741211,17.239999771118164,17.389999389648438,14.702160835266113,1418500,
2018-08-30,17.420000076293945,17.43000030517578,17.329999923706055,17.360000610351562,14.676797866821289,839900,
2018-08-31,17.43000030517578,17.469999313354492,17.360000610351562,17.3799991607666,14.693705558776855,1920100,
2018-09-04,17.399999618530273,17.43000030517578,17.25,17.280000686645508,14.609162330627441,1603700,
2018-09-05,17.290000915527344,17.31999969482422,17.190000534057617,17.209999084472656,14.549981117248535,1674800,
2018-09-06,17.229999542236328,17.270000457763672,16.979999542236328,17.110000610351562,14.465436935424805,1190300,
2018-09-07,17.040000915527344,17.15999984741211,17.020000457763672,17.149999618530273,14.49925422668457,1316100,
2018-09-10,17.239999771118164,17.290000915527344,17.15999984741211,17.209999084472656,14.549981117248535,1532200,
2018-09-11,17.200000762939453,17.3799991607666,17.18000030517578,17.3799991607666,14.693705558776855,1286600,
2018-09-12,17.420000076293945,17.540000915527344,17.40999984741211,17.5,14.795158386230469,1327200,
2018-09-13,17.450000762939453,17.469999313354492,17.25,17.309999465942383,14.63452434539795,2000600,
2018-09-14,17.239999771118164,17.34000015258789,17.149999618530273,17.200000762939453,14.541525840759277,2043100,
2018-09-17,17.290000915527344,17.329999923706055,17.170000076293945,17.18000030517578,14.524619102478027,1285100,
2018-09-18,17.350000381469727,17.420000076293945,17.270000457763672,17.34000015258789,14.659887313842773,864100,
2018-09-19,17.34000015258789,17.469999313354492,17.329999923706055,17.450000762939453,14.752886772155762,1109000,
2018-09-20,17.489999771118164,17.510000228881836,17.399999618530273,17.450000762939453,14.752886772155762,1231300,
2018-09-21,17.530000686645508,17.639999389648438,17.420000076293945,17.489999771118164,14.786703109741211,1500100,
2018-09-24,17.670000076293945,17.760000228881836,17.649999618530273,17.75,15.006518363952637,1442300,
2018-09-25,17.799999237060547,17.850000381469727,17.770000457763672,17.790000915527344,15.04033374786377,2868600,
2018-09-26,17.75,17.81999969482422,17.709999084472656,17.709999084472656,14.972700119018555,945900,
2018-09-27,17.770000457763672,17.790000915527344,17.700000762939453,17.790000915527344,15.04033374786377,1006200,
2018-09-28,17.84000015258789,18.020000457763672,17.829999923706055,17.969999313354492,15.192511558532715,2286600,
2018-10-01,17.989999771118164,18.360000610351562,17.969999313354492,18.309999465942383,15.479962348937988,4332100,
2018-10-02,18.3799991607666,18.43000030517578,18.350000381469727,18.3700008392334,15.530689239501953,2317400,
2018-10-03,18.399999618530273,18.649999618530273,18.31999969482422,18.540000915527344,15.67441463470459,1976100,
2018-10-04,18.559999465942383,18.559999465942383,18.260000228881836,18.34000015258789,15.505327224731445,2786700,
2018-10-05,18.34000015258789,18.389999389648438,18.270000457763672,18.299999237060547,15.47150993347168,1341900,
2018-10-08,18.15999984741211,18.280000686645508,18.149999618530273,18.25,15.42923641204834,1499700,
2018-10-09,18.31999969482422,18.420000076293945,18.229999542236328,18.3799991607666,15.539141654968262,2173900,
2018-10-10,18.329999923706055,18.34000015258789,18.020000457763672,18.020000457763672,15.234785079956055,1954200,
2018-10-11,17.90999984741211,17.959999084472656,17.729999542236328,17.75,15.006518363952637,1826100,
2018-10-12,17.899999618530273,17.93000030517578,17.719999313354492,17.889999389648438,15.124878883361816,2627500,
2018-10-15,17.90999984741211,17.969999313354492,17.81999969482422,17.93000030517578,15.158696174621582,2001200,
2018-10-16,17.90999984741211,18.059999465942383,17.8799991607666,18.010000228881836,15.226332664489746,2118700,
2018-10-17,17.969999313354492,17.969999313354492,17.75,17.850000381469727,15.091059684753418,1069200,
2018-10-18,17.65999984741211,17.760000228881836,17.6200008392334,17.649999618530273,14.92197322845459,1570000,
2018-10-19,17.760000228881836,17.850000381469727,17.709999084472656,17.75,15.006518363952637,1591400,
2018-10-22,17.690000534057617,17.780000686645508,17.639999389648438,17.770000457763672,15.02342700958252,2157700,
2018-10-23,17.540000915527344,17.56999969482422,17.31999969482422,17.3799991607666,14.693705558776855,1995800,
2018-10-24,17.459999084472656,17.5,17.260000228881836,17.260000228881836,14.592253684997559,1916900,
2018-10-25,17.31999969482422,17.389999389648438,17.290000915527344,17.329999923706055,14.651433944702148,2336500,
2018-10-26,17.239999771118164,17.489999771118164,17.219999313354492,17.459999084472656,14.76133918762207,1710100,
2018-10-29,17.389999389648438,17.440000534057617,17.260000228881836,17.280000686645508,14.609162330627441,2465000,
2018-10-30,17.1200008392334,17.290000915527344,17.1200008392334,17.190000534057617,14.533072471618652,1801800,
2018-10-31,17.1200008392334,17.209999084472656,16.959999084472656,16.959999084472656,14.338619232177734,3968100,
2018-11-01,17.040000915527344,17.09000015258789,16.799999237060547,16.84000015258789,14.237168312072754,5848300,
2018-11-02,16.84000015258789,16.920000076293945,16.760000228881836,16.799999237060547,14.203351974487305,3516200,
2018-11-05,16.889999389648438,16.959999084472656,16.770000457763672,16.790000915527344,14.19489860534668,2586100,
2018-11-06,16.829999923706055,16.850000381469727,16.610000610351562,16.719999313354492,14.135716438293457,1736200,
2018-11-07,16.809999465942383,16.829999923706055,16.639999389648438,16.68000030517578,14.101899147033691,1654200,
2018-11-08,16.670000076293945,16.700000762939453,16.530000686645508,16.579999923706055,14.017355918884277,1991300,
2018-11-09,16.389999389648438,16.5,16.329999923706055,16.399999618530273,13.865177154541016,2247800,
2018-11-12,16.5,16.579999923706055,16.329999923706055,16.360000610351562,13.831358909606934,3247500,
2018-11-13,16.290000915527344,16.31999969482422,15.850000381469727,15.90999984741211,13.450912475585938,3285700,
2018-11-14,16.100000381469727,16.170000076293945,16.020000457763672,16.049999237060547,13.569272994995117,3499400,
2018-11-15,16.170000076293945,16.170000076293945,15.989999771118164,16.020000457763672,13.543910026550293,1760000,
2018-11-16,16.190000534057617,16.25,16.020000457763672,16.1200008392334,13.62845516204834,1802700,
2018-11-19,16.030000686645508,16.149999618530273,15.9399995803833,16.1200008392334,13.62845516204834,1678200,
2018-11-20,15.9399995803833,15.979999542236328,15.569999694824219,15.630000114440918,13.214189529418945,2164600,
2018-11-21,15.75,15.920000076293945,15.710000038146973,15.760000228881836,13.3240966796875,3988300,
2018-11-23,15.329999923706055,15.359999656677246,15.220000267028809,15.300000190734863,12.935195922851562,1521600,
2018-11-26,15.350000381469727,15.4399995803833,15.329999923706055,15.369999885559082,12.994376182556152,2780200,
2018-11-27,15.319999694824219,15.399999618530273,15.149999618530273,15.3100004196167,12.943650245666504,2497000,
2018-11-28,15.3100004196167,15.449999809265137,15.229999542236328,15.260000228881836,12.90137767791748,1709200,
2018-11-29,15.319999694824219,15.449999809265137,15.289999961853027,15.359999656677246,12.985922813415527,1863300,
2018-11-30,15.210000038146973,15.40999984741211,15.149999618530273,15.289999961853027,12.926740646362305,2578700,
2018-12-03,15.670000076293945,15.699999809265137,15.539999961853027,15.640000343322754,13.22264575958252,4590000,
2018-12-04,15.720000267028809,15.800000190734863,15.640000343322754,15.649999618530273,13.231098175048828,2919800,
2018-12-06,15.449999809265137,15.550000190734863,15.300000190734863,15.520000457763672,13.12119197845459,2707900,
2018-12-07,15.800000190734863,15.9399995803833,15.680000305175781,15.699999809265137,13.273370742797852,2498500,
2018-12-10,15.5600004196167,15.649999618530273,15.420000076293945,15.449999809265137,13.06201171875,1736400,
2018-12-11,15.619999885559082,15.649999618530273,15.510000228881836,15.539999961853027,13.138101577758789,1623000,
2018-12-12,15.609999656677246,15.670000076293945,15.479999542236328,15.489999771118164,13.095829010009766,1910700,
2018-12-13,15.460000038146973,15.720000267028809,15.430000305175781,15.6899995803833,13.26491641998291,1654500,
2018-12-14,15.579999923706055,15.579999923706055,15.430000305175781,15.449999809265137,13.06201171875,1109700,
2018-12-17,15.510000228881836,15.529999732971191,15.260000228881836,15.270000457763672,12.909832954406738,1269400,
2018-12-18,15.270000457763672,15.279999732971191,14.899999618530273,14.949999809265137,12.639291763305664,2744300,
2018-12-19,15.020000457763672,15.1899995803833,14.949999809265137,15.010000228881836,12.690018653869629,3280800,
2018-12-20,14.979999542236328,15.039999961853027,14.850000381469727,14.869999885559082,12.57165813446045,3308000,
2018-12-21,14.760000228881836,14.84000015258789,14.680000305175781,14.739999771118164,12.461750984191895,7323500,
2018-12-24,14.510000228881836,14.5600004196167,14.390000343322754,14.390000343322754,12.323867797851562,1525700,"{""dividend_amount"": 0.189}"
2018-12-26,14.369999885559082,14.729999542236328,14.359999656677246,14.710000038146973,12.597921371459961,2943700,
2018-12-27,14.539999961853027,14.579999923706055,14.420000076293945,14.569999694824219,12.478022575378418,4315400,
2018-12-28,14.489999771118164,14.520000457763672,14.390000343322754,14.449999809265137,12.375250816345215,1603200,
2018-12-31,14.5,14.520000457763672,14.34000015258789,14.489999771118164,12.40950870513916,2988500,
