timestamp,open,high,low,close,adjusted_close,volume,corporate_action
2005-08-05,26.280000686645508,26.28333282470703,25.67333221435547,25.799999237060547,16.840892791748047,7166400,
2005-08-08,25.816667556762695,26.133333206176758,25.816667556762695,25.976667404174805,16.956212997436523,6216900,
2005-08-09,26.03333282470703,26.530000686645508,26.03333282470703,26.5,17.297815322875977,3804600,
2005-08-10,26.790000915527344,26.926666259765625,26.553333282470703,26.78333282470703,17.482757568359375,6550200,
2005-08-11,26.850000381469727,26.850000381469727,26.503332138061523,26.633333206176758,17.384849548339844,4969200,
2005-08-12,26.600000381469727,26.600000381469727,26.083332061767578,26.350000381469727,17.19990348815918,4800600,
2005-08-15,26.5,26.59666633605957,26.373332977294922,26.53333282470703,17.31957244873047,4788300,
2005-08-16,26.52666664123535,26.530000686645508,26.073333740234375,26.073333740234375,17.01930809020996,4863300,
2005-08-17,26.156667709350586,26.213333129882812,26.0,26.09000015258789,17.030195236206055,5755200,
2005-08-18,25.75,25.816667556762695,25.553333282470703,25.610000610351562,16.716873168945312,7233000,
2005-08-19,25.733333587646484,25.766666412353516,25.46666717529297,25.510000228881836,16.651599884033203,3652200,
2005-08-22,25.916667938232422,26.100000381469727,25.75,25.82666778564453,16.858299255371094,6493500,
2005-08-23,25.82666778564453,25.82666778564453,25.566667556762695,25.583332061767578,16.699462890625,8372100,
2005-08-24,25.613332748413086,25.613332748413086,25.25,25.25,16.481882095336914,6586500,
2005-08-25,25.46666717529297,25.633333206176758,25.3700008392334,25.53333282470703,16.666826248168945,5783700,
2005-08-26,25.636667251586914,25.666667938232422,25.413333892822266,25.5,16.645063400268555,6064800,
2005-08-29,25.446666717529297,25.78333282470703,25.3799991607666,25.780000686645508,16.827835083007812,6831300,
2005-08-30,25.76333236694336,25.766666412353516,25.510000228881836,25.510000228881836,16.651599884033203,7609500,
2005-08-31,25.666667938232422,26.05666732788086,25.666667938232422,26.040000915527344,16.997554779052734,5673000,
2005-09-01,26.166667938232422,26.43666648864746,26.166667938232422,26.399999618530273,17.232540130615234,3919800,
2005-09-02,26.450000762939453,26.666667938232422,26.450000762939453,26.633333206176758,17.384849548339844,3695100,
2005-09-06,26.833332061767578,27.049999237060547,26.73666763305664,26.96666717529297,17.602434158325195,5546700,
2005-09-07,27.100000381469727,27.100000381469727,26.84000015258789,27.0,17.624191284179688,5695800,
2005-09-08,26.703332901000977,27.046667098999023,26.703332901000977,26.956666946411133,17.595905303955078,3900600,
2005-09-09,27.049999237060547,27.40333366394043,27.049999237060547,27.35333251953125,17.854827880859375,4093800,
2005-09-12,27.666667938232422,27.666667938232422,27.286666870117188,27.31333351135254,17.828718185424805,3704400,
2005-09-13,27.10333251953125,27.290000915527344,26.989999771118164,27.00666618347168,17.628541946411133,3419400,
2005-09-14,27.133333206176758,27.133333206176758,26.833332061767578,26.90999984741211,17.565446853637695,4386000,
2005-09-15,27.166667938232422,27.19333267211914,27.053333282470703,27.066667556762695,17.667709350585938,3421800,
2005-09-16,27.23666763305664,27.489999771118164,27.23666763305664,27.483333587646484,17.939685821533203,2344200,
2005-09-19,27.566667556762695,27.583332061767578,27.40999984741211,27.44333267211914,17.913570404052734,2944200,
2005-09-20,27.700000762939453,27.74333381652832,27.433332443237305,27.516666412353516,17.961441040039062,5556900,
2005-09-21,27.790000915527344,27.799999237060547,27.25,27.77666664123535,18.131155014038086,7039500,
2005-09-22,28.01333236694336,28.01333236694336,27.303333282470703,27.5,17.9505672454834,13828800,
2005-09-23,27.399999618530273,27.52666664123535,27.270000457763672,27.476667404174805,17.935331344604492,3488400,
2005-09-26,27.43666648864746,27.760000228881836,27.43666648864746,27.719999313354492,18.094167709350586,5961300,
2005-09-27,27.75,27.75,27.49333381652832,27.536666870117188,17.974496841430664,5322000,
2005-09-28,27.676666259765625,27.860000610351562,27.649999618530273,27.850000381469727,18.17902374267578,2720400,
2005-09-29,28.0,28.3799991607666,27.866666793823242,28.34000015258789,18.498870849609375,5568300,
2005-09-30,28.32666778564453,28.333332061767578,28.15333366394043,28.293333053588867,18.468402862548828,5457600,
2005-10-03,28.416667938232422,28.540000915527344,28.293333053588867,28.47333335876465,18.585906982421875,11126100,
2005-10-04,28.633333206176758,28.639999389648438,28.1200008392334,28.206666946411133,18.411840438842773,5229600,
2005-10-05,28.0,28.43666648864746,27.333332061767578,27.350000381469727,17.852649688720703,9299700,
2005-10-06,27.170000076293945,27.170000076293945,26.126667022705078,26.393333435058594,17.228191375732422,16650600,
2005-10-07,26.666667938232422,27.15999984741211,26.666667938232422,27.046667098999023,17.654653549194336,11688900,
2005-10-10,27.06999969482422,27.49333381652832,26.93000030517578,26.956666946411133,17.595905303955078,6595500,
2005-10-11,27.333332061767578,27.46666717529297,27.003332138061523,27.073333740234375,17.67205238342285,7642500,
2005-10-12,26.96666717529297,27.03333282470703,26.149999618530273,26.24333381652832,17.130279541015625,18120300,
2005-10-13,25.96666717529297,26.100000381469727,25.53333282470703,26.079999923706055,17.023666381835938,10996200,
2005-10-14,26.163333892822266,26.183332443237305,25.516666412353516,25.979999542236328,16.95838165283203,8911800,
2005-10-17,26.016666412353516,26.433332443237305,26.016666412353516,26.266666412353516,17.145509719848633,10719000,
2005-10-18,26.290000915527344,26.290000915527344,25.600000381469727,25.600000381469727,16.71034049987793,7567500,
2005-10-19,25.083332061767578,26.143333435058594,25.01333236694336,26.100000381469727,17.036718368530273,15258000,
2005-10-20,26.066667556762695,26.229999542236328,24.950000762939453,25.049999237060547,16.35133171081543,8560800,
2005-10-21,25.416667938232422,25.78333282470703,25.299999237060547,25.71666717529297,16.7864933013916,5144700,
2005-10-24,25.833332061767578,26.433332443237305,25.799999237060547,26.40999984741211,17.239070892333984,11245800,
2005-10-25,26.333332061767578,26.366666793823242,25.753332138061523,25.889999389648438,16.899635314941406,8218500,
2005-10-26,26.270000457763672,26.363332748413086,25.553333282470703,25.983333587646484,16.960559844970703,6779400,
2005-10-27,26.03333282470703,26.066667556762695,25.299999237060547,25.366666793823242,16.558027267456055,8886000,
2005-10-28,25.616666793823242,26.059999465942383,25.46666717529297,26.03333282470703,16.993194580078125,12135300,
2005-10-31,26.149999618530273,26.733333587646484,26.149999618530273,26.5,17.297815322875977,15594000,
2005-11-01,26.549999237060547,26.99333381652832,26.549999237060547,26.96666717529297,17.602434158325195,12283800,
2005-11-02,27.0,27.483333587646484,26.950000762939453,27.383333206176758,17.874408721923828,8200500,
2005-11-03,27.5,27.78333282470703,27.333332061767578,27.413333892822266,17.893985748291016,11960400,
2005-11-04,27.49333381652832,27.49333381652832,26.850000381469727,27.356666564941406,17.85700225830078,7893600,
2005-11-07,27.366666793823242,27.383333206176758,27.03333282470703,27.376667022705078,17.87005615234375,4339200,
2005-11-08,26.98666763305664,27.293333053588867,26.950000762939453,27.1200008392334,17.702516555786133,5464500,
2005-11-09,27.133333206176758,27.56333351135254,27.086666107177734,27.52666664123535,17.967971801757812,6615600,
2005-11-10,27.5,27.616666793823242,27.116666793823242,27.56999969482422,17.996257781982422,10086300,
2005-11-11,27.566667556762695,27.656667709350586,27.433332443237305,27.6299991607666,18.035419464111328,3302100,
2005-11-14,27.530000686645508,27.579999923706055,27.270000457763672,27.55666732788086,17.987552642822266,3023100,
2005-11-15,27.536666870117188,27.663333892822266,27.30666732788086,27.399999618530273,17.88528823852539,6796800,
2005-11-16,27.48666763305664,27.633333206176758,27.303333282470703,27.633333206176758,18.037599563598633,5853900,
2005-11-17,27.833332061767578,28.126667022705078,27.80666732788086,28.040000915527344,18.30304718017578,10072200,
2005-11-18,28.066667556762695,28.356666564941406,27.933332443237305,28.116666793823242,18.35309600830078,9530400,
2005-11-21,28.136667251586914,28.233333587646484,27.959999084472656,28.133333206176758,18.363971710205078,7098000,
2005-11-22,27.71666717529297,28.133333206176758,27.6299991607666,28.1200008392334,18.35526466369629,4916400,
2005-11-23,28.200000762939453,28.549999237060547,28.166667938232422,28.416667938232422,18.548917770385742,5970300,
2005-11-25,28.43000030517578,28.483333587646484,28.366666793823242,28.39666748046875,18.535869598388672,1453200,
2005-11-28,28.459999084472656,28.57666778564453,28.149999618530273,28.21666717529297,18.418367385864258,6867300,
2005-11-29,28.333332061767578,28.446666717529297,27.959999084472656,27.96666717529297,18.255176544189453,9563100,
2005-11-30,28.020000457763672,28.28333282470703,28.020000457763672,28.03333282470703,18.29869842529297,7608600,
2005-12-01,28.28333282470703,28.833332061767578,28.28333282470703,28.766666412353516,18.777374267578125,7673100,
2005-12-02,28.81333351135254,28.96666717529297,28.706666946411133,28.733333587646484,18.755619049072266,7122000,
2005-12-05,28.99333381652832,29.016666412353516,28.766666412353516,28.96666717529297,18.907928466796875,4209300,
2005-12-06,29.149999618530273,29.350000381469727,29.083332061767578,29.233333587646484,19.081989288330078,6533400,
2005-12-07,29.43000030517578,29.46666717529297,28.893333435058594,28.956666946411133,18.901397705078125,7268400,
2005-12-08,28.799999237060547,29.059999465942383,28.666667938232422,28.739999771118164,18.759967803955078,6384000,
2005-12-09,28.829999923706055,29.053333282470703,28.75,29.03333282470703,18.95144271850586,2322900,
2005-12-12,29.07666778564453,29.446666717529297,29.07666778564453,29.200000762939453,19.06023406982422,4220400,
2005-12-13,29.366666793823242,29.610000610351562,29.136667251586914,29.583332061767578,19.310447692871094,9045000,
2005-12-14,29.600000381469727,29.600000381469727,29.260000228881836,29.386667251586914,19.182079315185547,6297600,
2005-12-15,29.583332061767578,29.583332061767578,29.183332443237305,29.266666412353516,19.10374641418457,6546900,
2005-12-16,29.166667938232422,29.333332061767578,29.15999984741211,29.166667938232422,19.03847312927246,4561200,
2005-12-19,29.416667938232422,29.51333236694336,29.083332061767578,29.100000381469727,18.994958877563477,8100000,
2005-12-20,29.333332061767578,29.399999618530273,29.166667938232422,29.350000381469727,19.15814781188965,4222200,
2005-12-21,29.566667556762695,29.850000381469727,29.46666717529297,29.82666778564453,19.46928596496582,9747900,
2005-12-22,29.780000686645508,29.96666717529297,29.71666717529297,29.833332061767578,19.473642349243164,5450700,
2005-12-23,29.633333206176758,29.770000457763672,29.53333282470703,29.68000030517578,19.589811325073242,2106000,"{""dividend_amount"": 0.329333}"
2005-12-27,29.53333282470703,30.0,29.350000381469727,29.350000381469727,19.371994018554688,3692400,
2005-12-28,29.5,29.5,29.299999237060547,29.43000030517578,19.424800872802734,3779100,
2005-12-29,29.643333435058594,29.643333435058594,29.416667938232422,29.433332443237305,19.426998138427734,4242300,
2005-12-30,29.433332443237305,29.52666664123535,29.083332061767578,29.416667938232422,19.41599464416504,5410500,
2006-01-03,30.059999465942383,30.583332061767578,30.0,30.516666412353516,20.14203643798828,20919600,
2006-01-04,30.666667938232422,30.886667251586914,30.666667938232422,30.793333053588867,20.324647903442383,9089400,
2006-01-05,30.639999389648438,30.950000762939453,30.639999389648438,30.950000762939453,20.42804718017578,4833600,
2006-01-06,31.350000381469727,31.656667709350586,31.116666793823242,31.59666633605957,20.85487174987793,6328800,
2006-01-09,31.833332061767578,31.969999313354492,31.483333587646484,31.906667709350586,21.059484481811523,6943800,
2006-01-10,31.593332290649414,31.666667938232422,31.260000228881836,31.523332595825195,20.806467056274414,6392700,
2006-01-11,31.600000381469727,31.89666748046875,31.333332061767578,31.893333435058594,21.050683975219727,7186200,
2006-01-12,31.96666717529297,31.96666717529297,31.40333366394043,31.450000762939453,20.758071899414062,8059500,
2006-01-13,31.53333282470703,31.649999618530273,31.383333206176758,31.483333587646484,20.780065536499023,5502300,
2006-01-17,31.15999984741211,31.333332061767578,30.836666107177734,30.933332443237305,20.41704559326172,16205700,
2006-01-18,30.416667938232422,31.229999542236328,30.413333892822266,30.916667938232422,20.406047821044922,16159200,
2006-01-19,31.333332061767578,31.959999084472656,31.333332061767578,31.916667938232422,21.06608772277832,13730700,
2006-01-20,31.959999084472656,32.116668701171875,30.96666717529297,30.96666717529297,20.439050674438477,17342400,
2006-01-23,31.34000015258789,31.866666793823242,31.266666412353516,31.866666793823242,21.03308868408203,13689900,
2006-01-24,31.803333282470703,32.369998931884766,31.803333282470703,32.366668701171875,21.36310386657715,10876500,
2006-01-25,32.68000030517578,32.779998779296875,32.25,32.383331298828125,21.37409782409668,7494300,
2006-01-26,32.573333740234375,33.150001525878906,32.563331604003906,33.150001525878906,21.880125045776367,7874700,
2006-01-27,33.33333206176758,33.79666519165039,33.206668853759766,33.529998779296875,22.130943298339844,11523600,
2006-01-30,33.233333587646484,33.483333587646484,33.233333587646484,33.37333297729492,22.02753257751465,8699400,
2006-01-31,33.43333435058594,33.630001068115234,33.16999816894531,33.59333419799805,22.172739028930664,10566900,
2006-02-01,33.633331298828125,33.66666793823242,33.38666534423828,33.57666778564453,22.161741256713867,9951600,
2006-02-02,33.349998474121094,33.38999938964844,32.51333236694336,32.71333312988281,21.5919132232666,14202900,
2006-02-03,32.16666793823242,32.71333312988281,31.899999618530273,32.266666412353516,21.297090530395508,13244400,
2006-02-06,32.793331146240234,33.03333282470703,32.59000015258789,33.03333282470703,21.80312156677246,7114500,
2006-02-07,32.66666793823242,32.79999923706055,32.0533332824707,32.16666793823242,21.231094360351562,12815700,
2006-02-08,31.84000015258789,32.46333312988281,31.84000015258789,32.266666412353516,21.297090530395508,13062600,
2006-02-09,32.5,32.779998779296875,32.31666564941406,32.349998474121094,21.35209846496582,9540600,
2006-02-10,32.70000076293945,32.70000076293945,31.963333129882812,32.29999923706055,21.319095611572266,10590300,
2006-02-13,32.03333282470703,32.106666564941406,31.5,31.503332138061523,20.793270111083984,13001100,
2006-02-14,31.809999465942383,32.33333206176758,31.399999618530273,32.29999923706055,21.319095611572266,14792700,
2006-02-15,32.233333587646484,32.66666793823242,31.836666107177734,32.133331298828125,21.209087371826172,18738600,
2006-02-16,32.46333312988281,32.973331451416016,32.33333206176758,32.96666717529297,21.75912094116211,10565400,
2006-02-17,32.970001220703125,33.060001373291016,32.83333206176758,32.92333221435547,21.73052406311035,6347700,
2006-02-21,33.25,33.25,32.633331298828125,32.633331298828125,21.539106369018555,9556800,
2006-02-22,32.9033317565918,33.06999969482422,32.65999984741211,32.810001373291016,21.65570831298828,8539200,
2006-02-23,33.02333450317383,33.06666564941406,32.720001220703125,32.79999923706055,21.64910316467285,8505900,
2006-02-24,32.883331298828125,33.04999923706055,32.79999923706055,32.86333465576172,21.690914154052734,7235700,
2006-02-27,33.189998626708984,33.27333450317383,32.90666580200195,33.163333892822266,21.8889217376709,5115000,
2006-02-28,33.05666732788086,33.05666732788086,32.233333587646484,32.29999923706055,21.319095611572266,20988300,
2006-03-01,32.630001068115234,33.606666564941406,32.43000030517578,33.19333267211914,21.908721923828125,9530100,
2006-03-02,33.086666107177734,33.25,32.93000030517578,33.220001220703125,21.926332473754883,10189200,
2006-03-03,32.823333740234375,33.06666564941406,32.63666534423828,32.66666793823242,21.561111450195312,15171600,
2006-03-06,32.93333435058594,32.93333435058594,32.06999969482422,32.16666793823242,21.231094360351562,13545300,
2006-03-07,31.613332748413086,31.649999618530273,30.883333206176758,31.03333282470703,20.483047485351562,32533800,
2006-03-08,31.030000686645508,31.270000457763672,30.5,31.21666717529297,20.604061126708984,32375100,
2006-03-09,31.399999618530273,31.683332443237305,30.799999237060547,30.899999618530273,20.39504623413086,20971200,
2006-03-10,31.483333587646484,31.663333892822266,30.996667861938477,31.549999237060547,20.824066162109375,18543600,
2006-03-13,31.64666748046875,31.96666717529297,31.489999771118164,31.516666412353516,20.80207061767578,19936800,
2006-03-14,31.440000534057617,32.5,31.440000534057617,32.5,21.45110511779785,20653200,
2006-03-15,32.4033317565918,32.87666702270508,32.356666564941406,32.87666702270508,21.6997127532959,14973900,
2006-03-16,32.86333465576172,32.893333435058594,32.56666564941406,32.58333206176758,21.506103515625,17170200,
2006-03-17,32.813331604003906,33.18000030517578,32.60333251953125,32.813331604003906,21.657909393310547,5374200,
2006-03-20,32.956668853759766,33.143333435058594,32.813331604003906,33.0,21.781116485595703,8230200,
2006-03-21,32.996665954589844,32.996665954589844,32.16666793823242,32.33333206176758,21.341094970703125,17346300,
2006-03-22,32.063331604003906,32.766666412353516,32.063331604003906,32.689998626708984,21.57649803161621,11249100,
2006-03-23,32.689998626708984,32.87666702270508,32.36333465576172,32.38666534423828,21.376298904418945,10087200,
2006-03-24,32.31666564941406,32.90999984741211,32.31666564941406,32.66666793823242,21.561111450195312,7353900,
2006-03-27,32.66666793823242,32.913333892822266,32.56666564941406,32.866668701171875,21.693115234375,7625100,
2006-03-28,32.56666564941406,32.766666412353516,32.16999816894531,32.266666412353516,21.297090530395508,15700200,
2006-03-29,32.5099983215332,32.92333221435547,32.29999923706055,32.883331298828125,21.704111099243164,11307600,
2006-03-30,32.91666793823242,33.46333312988281,32.733333587646484,33.04999923706055,21.814119338989258,16846200,
2006-03-31,33.19333267211914,33.47999954223633,32.83333206176758,33.0,21.781116485595703,18236100,
2006-04-03,33.426666259765625,34.06666564941406,33.41666793823242,33.93333435058594,22.397153854370117,17877300,
2006-04-04,34.24333190917969,34.24333190917969,33.849998474121094,34.133331298828125,22.52915382385254,12881400,
2006-04-05,34.1966667175293,34.483333587646484,34.133331298828125,34.483333587646484,22.760169982910156,12655500,
2006-04-06,34.369998931884766,34.53333282470703,33.93333435058594,34.30666732788086,22.6435604095459,21627900,
2006-04-07,34.41666793823242,34.5,33.70000076293945,33.78333282470703,22.298147201538086,12541200,
2006-04-10,33.93333435058594,34.266666412353516,33.630001068115234,33.66666793823242,22.22113800048828,10635600,
2006-04-11,34.08000183105469,34.08000183105469,33.33333206176758,33.380001068115234,22.031936645507812,17663700,
2006-04-12,33.41999816894531,33.599998474121094,33.366668701171875,33.573333740234375,22.159534454345703,7422600,
2006-04-13,33.849998474121094,33.849998474121094,33.383331298828125,33.733333587646484,22.265146255493164,9084900,
2006-04-17,33.959999084472656,34.276668548583984,33.939998626708984,34.133331298828125,22.52915382385254,12517500,
2006-04-18,34.59333419799805,35.293331146240234,34.48666763305664,35.266666412353516,23.277196884155273,22776900,
2006-04-19,35.32666778564453,35.516666412353516,34.983333587646484,35.483333587646484,23.42020606994629,11622600,
2006-04-20,35.663333892822266,35.66666793823242,35.026668548583984,35.356666564941406,23.336599349975586,12247800,
2006-04-21,35.99333190917969,35.99333190917969,35.383331298828125,35.633331298828125,23.519207000732422,7167600,
2006-04-24,35.4900016784668,35.4900016784668,34.91666793823242,35.16666793823242,23.211191177368164,9843000,
2006-04-25,35.043331146240234,35.31999969482422,34.633331298828125,34.68333435058594,22.89217758178711,12576600,
2006-04-26,35.01333236694336,35.41666793823242,34.95000076293945,35.366668701171875,23.34319305419922,10150200,
2006-04-27,34.66666793823242,35.233333587646484,34.61333465576172,34.810001373291016,22.975780487060547,12132900,
2006-04-28,34.883331298828125,35.20333480834961,34.733333587646484,35.150001525878906,23.20020294189453,8287500,
2006-05-01,35.313331604003906,35.540000915527344,35.133331298828125,35.13999938964844,23.19358253479004,7207500,
2006-05-02,35.5,35.82666778564453,35.33333206176758,35.7599983215332,23.602813720703125,8359800,
2006-05-03,35.96333312988281,35.983333587646484,35.53666687011719,35.79999923706055,23.629213333129883,9237600,
2006-05-04,35.866668701171875,36.33000183105469,35.866668701171875,36.150001525878906,23.860225677490234,8972700,
2006-05-05,36.4033317565918,36.733333587646484,36.383331298828125,36.733333587646484,24.24524688720703,9864600,
2006-05-08,36.7400016784668,37.08333206176758,36.733333587646484,37.0,24.4212589263916,9239700,
2006-05-09,36.900001525878906,37.07666778564453,36.81999969482422,37.03333282470703,24.443256378173828,4636500,
2006-05-10,37.0533332824707,37.0533332824707,36.50666809082031,36.633331298828125,24.179235458374023,11206200,
2006-05-11,36.72999954223633,36.733333587646484,35.689998626708984,35.70000076293945,23.563215255737305,17960100,
2006-05-12,35.599998474121094,35.630001068115234,34.616668701171875,34.766666412353516,22.94718360900879,22257600,
2006-05-15,34.33333206176758,34.33333206176758,32.746665954589844,33.93333435058594,22.397153854370117,24311100,
2006-05-16,33.93333435058594,34.383331298828125,33.883331298828125,34.10333251953125,22.50935935974121,15832800,
2006-05-17,33.516666412353516,34.16666793823242,32.79999923706055,32.93333435058594,21.73712158203125,30187800,
2006-05-18,33.13999938964844,33.34333419799805,32.16666793823242,32.29999923706055,21.319095611572266,28706100,
2006-05-19,32.753334045410156,32.996665954589844,31.899999618530273,32.996665954589844,21.778919219970703,27077400,
2006-05-22,31.666667938232422,31.69333267211914,30.833332061767578,31.44333267211914,20.7536678314209,36723000,
2006-05-23,32.0966682434082,32.599998474121094,31.03333282470703,31.100000381469727,20.527055740356445,23924100,
2006-05-24,31.39666748046875,31.616666793823242,30.21666717529297,30.883333206176758,20.384048461914062,40896900,
2006-05-25,31.30666732788086,32.66666793823242,31.273332595825195,32.1966667175293,21.25088882446289,27125400,
2006-05-26,32.41666793823242,32.43333435058594,31.636667251586914,32.099998474121094,21.187088012695312,21078600,
2006-05-30,31.950000762939453,31.96666717529297,30.636667251586914,30.71666717529297,20.274038314819336,21595500,
2006-05-31,31.0,31.53333282470703,30.816667556762695,31.233333587646484,20.615062713623047,21795000,
2006-06-01,31.309999465942383,31.933332443237305,31.0,31.873332977294922,21.0374813079834,21657900,
2006-06-02,32.33333206176758,32.52333450317383,31.78333282470703,32.20000076293945,21.253089904785156,21639000,
2006-06-05,31.876667022705078,32.0,30.829999923706055,30.833332061767578,20.35104751586914,21981600,
2006-06-06,31.03333282470703,31.06333351135254,29.700000762939453,30.606666564941406,20.201440811157227,32128500,
2006-06-07,30.35333251953125,30.96666717529297,29.899999618530273,29.933332443237305,19.757015228271484,25623900,
2006-06-08,29.18666648864746,29.549999237060547,28.299999237060547,29.399999618530273,19.405000686645508,53812500,
2006-06-09,29.690000534057617,29.863332748413086,28.93000030517578,29.016666412353516,19.151987075805664,17875800,
2006-06-12,29.016666412353516,29.143333435058594,27.93666648864746,27.93666648864746,18.439144134521484,23369400,
2006-06-13,27.366666793823242,27.886667251586914,27.116666793823242,27.316667556762695,18.029924392700195,39589800,
2006-06-14,27.719999313354492,28.100000381469727,27.366666793823242,28.100000381469727,18.546955108642578,36358200,
2006-06-15,28.68666648864746,29.753332138061523,28.666667938232422,29.73666763305664,19.62721061706543,41565600,
2006-06-16,29.479999542236328,29.799999237060547,29.100000381469727,29.566667556762695,19.515003204345703,28824000,
2006-06-19,29.616666793823242,29.666667938232422,28.46666717529297,28.46666717529297,18.788963317871094,20487600,
2006-06-20,28.733333587646484,29.116666793823242,28.600000381469727,28.816667556762695,19.01997947692871,19972800,
2006-06-21,28.780000686645508,29.860000610351562,28.73666763305664,29.75,19.63600730895996,21750900,
2006-06-22,29.583332061767578,29.583332061767578,29.003332138061523,29.21666717529297,19.28399085998535,10948800,
2006-06-23,29.209999084472656,29.32666778564453,28.666667938232422,29.166667938232422,19.25098991394043,12987600,
2006-06-26,29.10333251953125,29.296667098999023,28.92333221435547,29.166667938232422,19.25098991394043,6643800,
2006-06-27,29.333332061767578,29.636667251586914,28.616666793823242,28.616666793823242,18.887971878051758,17815200,
2006-06-28,29.233333587646484,29.523332595825195,29.0,29.51333236694336,19.479795455932617,16581900,
2006-06-29,29.84666633605957,31.266666412353516,29.80666732788086,31.266666412353516,20.637062072753906,36345000,
2006-06-30,31.393333435058594,31.600000381469727,30.983333587646484,31.299999237060547,20.6590633392334,16226700,
2006-07-03,31.866666793823242,32.029998779296875,31.649999618530273,31.99333381652832,21.116683959960938,9471900,
2006-07-05,31.59000015258789,31.59666633605957,30.89666748046875,31.0,20.461044311523438,14130900,
2006-07-06,31.24333381652832,31.649999618530273,31.10333251953125,31.633333206176758,20.879072189331055,13339200,
2006-07-07,31.383333206176758,31.53333282470703,30.883333206176758,31.03333282470703,20.483047485351562,14808000,
2006-07-10,31.203332901000977,31.633333206176758,31.09000015258789,31.28333282470703,20.64805793762207,14485800,
2006-07-11,31.03333282470703,31.5,30.760000228881836,31.433332443237305,20.747060775756836,19364100,
2006-07-12,31.166667938232422,31.43000030517578,30.733333587646484,30.733333587646484,20.285045623779297,13653900,
2006-07-13,30.139999389648438,30.479999542236328,29.516666412353516,29.516666412353516,19.48200225830078,29471700,
2006-07-14,29.703332901000977,29.833332061767578,29.246667861938477,29.666667938232422,19.581010818481445,26451300,
2006-07-17,29.60333251953125,29.71666717529297,29.09666633605957,29.200000762939453,19.272993087768555,14676600,
2006-07-18,29.566667556762695,29.75,29.023332595825195,29.606666564941406,19.54140281677246,28726800,
2006-07-19,29.82666778564453,31.433332443237305,29.676666259765625,31.433332443237305,20.747060775756836,45463500,
2006-07-20,31.399999618530273,31.399999618530273,30.376667022705078,30.530000686645508,20.150833129882812,26586900,
2006-07-21,30.616666793823242,30.766666412353516,29.799999237060547,29.93666648864746,19.75921630859375,17352000,
2006-07-24,30.666667938232422,31.416667938232422,30.416667938232422,31.28333282470703,20.64805793762207,29593800,
2006-07-25,31.040000915527344,31.553333282470703,30.93666648864746,31.366666793823242,20.703062057495117,24092100,
2006-07-26,31.133333206176758,31.360000610351562,30.933332443237305,31.233333587646484,20.615062713623047,21140400,
2006-07-27,31.573333740234375,32.18333435058594,31.446666717529297,31.663333892822266,20.898874282836914,26686200,
2006-07-28,31.799999237060547,32.42333221435547,31.700000762939453,32.34333419799805,21.347700119018555,19556400,
2006-07-31,31.959999084472656,32.1533317565918,31.816667556762695,32.03333282470703,21.143085479736328,12055500,
2006-08-01,31.916667938232422,31.916667938232422,31.3700008392334,31.516666412353516,20.80207061767578,12905700,
2006-08-02,31.860000610351562,32.20000076293945,31.76333236694336,31.933332443237305,21.07707977294922,11765400,
2006-08-03,31.696666717529297,32.00666809082031,31.566667556762695,31.899999618530273,21.055084228515625,20232600,
2006-08-04,32.35333251953125,32.586666107177734,31.78333282470703,31.96666717529297,21.09908676147461,13248300,
2006-08-07,31.92333221435547,32.186668395996094,31.666667938232422,31.766666412353516,20.967084884643555,10211100,
2006-08-08,31.96666717529297,32.383331298828125,31.753332138061523,31.766666412353516,20.967084884643555,21186600,
2006-08-09,32.46333312988281,32.496665954589844,31.856666564941406,31.886667251586914,21.046279907226562,16465500,
2006-08-10,31.803333282470703,32.21333312988281,31.786666870117188,32.21333312988281,21.26188850402832,16806000,
2006-08-11,32.029998779296875,32.11333465576172,31.77666664123535,31.823333740234375,21.004478454589844,10008000,
2006-08-14,32.16666793823242,32.36000061035156,31.84000015258789,31.950000762939453,21.08808708190918,13225200,
2006-08-15,32.43333435058594,32.75,32.28333282470703,32.733333587646484,21.605106353759766,15625800,
2006-08-16,32.9900016784668,33.143333435058594,32.83333206176758,33.0533332824707,21.81631851196289,16954200,
2006-08-17,32.93333435058594,33.33333206176758,32.900001525878906,33.099998474121094,21.847124099731445,14195700,
2006-08-18,33.03333282470703,33.03333282470703,32.516666412353516,32.78666687011719,21.640310287475586,15367800,
2006-08-21,32.503334045410156,32.616668701171875,32.43000030517578,32.616668701171875,21.52811050415039,8211900,
2006-08-22,32.599998474121094,32.78333282470703,32.413333892822266,32.606666564941406,21.52150535583496,13214100,
2006-08-23,32.599998474121094,32.68000030517578,31.983333587646484,32.016666412353516,21.132081985473633,16609800,
2006-08-24,32.209999084472656,32.209999084472656,31.809999465942383,31.93000030517578,21.074878692626953,19815600,
2006-08-25,31.933332443237305,32.25,31.916667938232422,32.02000045776367,21.134286880493164,15732000,
2006-08-28,32.003334045410156,32.383331298828125,31.893333435058594,32.383331298828125,21.37409782409668,12025500,
2006-08-29,32.436668395996094,32.516666412353516,32.16666793823242,32.49333190917969,21.446699142456055,13001400,
2006-08-30,32.470001220703125,32.66666793823242,32.44333267211914,32.633331298828125,21.539106369018555,9975900,
2006-08-31,32.6533317565918,32.709999084472656,32.45333480834961,32.540000915527344,21.47750473022461,6705300,
2006-09-01,32.599998474121094,32.99333190917969,32.560001373291016,32.9033317565918,21.717313766479492,10823100,
2006-09-05,33.086666107177734,33.20000076293945,33.040000915527344,33.08333206176758,21.83612060546875,11867100,
2006-09-06,32.86333465576172,32.86333465576172,32.133331298828125,32.133331298828125,21.209087371826172,15465600,
2006-09-07,32.0,32.12666702270508,31.683332443237305,31.766666412353516,20.967084884643555,22688400,
2006-09-08,31.950000762939453,32.08333206176758,31.916667938232422,32.026668548583984,21.138690948486328,10068300,
2006-09-11,31.6200008392334,31.666667938232422,31.106666564941406,31.336666107177734,20.683259963989258,28418400,
2006-09-12,31.543333053588867,31.963333129882812,31.503332138061523,31.873332977294922,21.0374813079834,17313600,
2006-09-13,31.799999237060547,32.439998626708984,31.799999237060547,32.349998474121094,21.35209846496582,17062500,
2006-09-14,32.29999923706055,32.29999923706055,32.073333740234375,32.08333206176758,21.176084518432617,13438500,
2006-09-15,32.33333206176758,32.439998626708984,32.06999969482422,32.27333450317383,21.301496505737305,17227500,
2006-09-18,32.41666793823242,32.88999938964844,32.369998931884766,32.63666534423828,21.54130744934082,17154300,
2006-09-19,32.63999938964844,32.709999084472656,31.649999618530273,32.133331298828125,21.209087371826172,35435700,
2006-09-20,32.31666564941406,32.866668701171875,32.31666564941406,32.793331146240234,21.644712448120117,39691800,
2006-09-21,32.68333435058594,32.75,31.916667938232422,31.99333381652832,21.116683959960938,40404300,
2006-09-22,31.75,31.80666732788086,31.456666946411133,31.586666107177734,20.8482723236084,25682100,
2006-09-25,31.739999771118164,31.953332901000977,31.190000534057617,31.953332901000977,21.090280532836914,29428800,
2006-09-26,31.85333251953125,32.336666107177734,31.766666412353516,32.33000183105469,21.33890151977539,23627700,
2006-09-27,32.336666107177734,32.366668701171875,32.063331604003906,32.25666809082031,21.290491104125977,30248400,
2006-09-28,32.380001068115234,32.516666412353516,32.206668853759766,32.516666412353516,21.46210479736328,17789400,
2006-09-29,32.383331298828125,32.483333587646484,32.21666717529297,32.25666809082031,21.290491104125977,14059800,
2006-10-02,32.116668701171875,32.59000015258789,32.0,32.20333480834961,21.255290985107422,14692200,
2006-10-03,32.02000045776367,32.10333251953125,31.766666412353516,31.766666412353516,20.967084884643555,26399400,
2006-10-04,31.633333206176758,32.66666793823242,31.633333206176758,32.616668701171875,21.52811050415039,32286300,
2006-10-05,32.619998931884766,33.34333419799805,32.619998931884766,33.04999923706055,21.814119338989258,23440200,
2006-10-06,32.913333892822266,33.04666519165039,32.73666763305664,32.96666717529297,21.75912094116211,22264500,
2006-10-09,32.66999816894531,33.04666519165039,32.643333435058594,32.84333419799805,21.67771339416504,14041500,
2006-10-10,32.83333206176758,33.13999938964844,32.81999969482422,33.13999938964844,21.873525619506836,10648500,
2006-10-11,32.93333435058594,33.223331451416016,32.849998474121094,32.96333312988281,21.75691795349121,14990100,
2006-10-12,33.043331146240234,33.83333206176758,33.043331146240234,33.766666412353516,22.287147521972656,29405400,
2006-10-13,33.79999923706055,34.116668701171875,33.766666412353516,33.96666717529297,22.419151306152344,20139600,
2006-10-16,34.016666412353516,34.15666580200195,33.96333312988281,34.060001373291016,22.480758666992188,12192600,
2006-10-17,33.766666412353516,33.913333892822266,33.439998626708984,33.61333465576172,22.185941696166992,22278300,
2006-10-18,34.0,35.266666412353516,33.74333190917969,33.94333267211914,22.403749465942383,13058100,
2006-10-19,33.93333435058594,34.12333297729492,33.776668548583984,34.09333419799805,22.502763748168945,17712900,
2006-10-20,34.20333480834961,34.20333480834961,33.81666564941406,33.93333435058594,22.397153854370117,8516100,
2006-10-23,33.883331298828125,34.0,33.62666702270508,33.9033317565918,22.37734603881836,10940100,
2006-10-24,33.9466667175293,34.0966682434082,33.8466682434082,34.0966682434082,22.50495719909668,13887300,
2006-10-25,34.18333435058594,34.49333190917969,34.11000061035156,34.49333190917969,22.766767501831055,13429500,
2006-10-26,34.66666793823242,34.676666259765625,34.369998931884766,34.57666778564453,22.82176971435547,14022600,
2006-10-27,34.323333740234375,34.45000076293945,33.98666763305664,34.0,22.44115447998047,16726200,
2006-10-30,33.883331298828125,33.883331298828125,33.52000045776367,33.883331298828125,22.36414909362793,13016100,
2006-10-31,34.15999984741211,34.53333282470703,33.970001220703125,34.53333282470703,22.79317283630371,15638700,
2006-11-01,34.630001068115234,34.776668548583984,34.186668395996094,34.186668395996094,22.564363479614258,21519900,
2006-11-02,34.186668395996094,34.413333892822266,34.116668701171875,34.293331146240234,22.634765625,11107500,
2006-11-03,34.47999954223633,35.33333206176758,34.34333419799805,34.400001525878906,22.705169677734375,14080500,
2006-11-06,34.67333221435547,35.25,34.67333221435547,35.21666717529297,23.244203567504883,17758200,
2006-11-07,35.25,35.393333435058594,35.040000915527344,35.06666564941406,23.145193099975586,17495400,
2006-11-08,34.836666107177734,35.28666687011719,34.766666412353516,35.15666580200195,23.20458984375,13207500,
2006-11-09,35.383331298828125,35.66666793823242,35.246665954589844,35.276668548583984,23.283796310424805,13462800,
2006-11-10,35.40999984741211,35.5,35.21666717529297,35.32666778564453,23.316795349121094,7724700,
2006-11-13,35.26333236694336,35.46333312988281,35.16666793823242,35.4466667175293,23.396005630493164,7749600,
2006-11-14,35.663333892822266,36.03666687011719,35.619998931884766,36.0,23.76121711730957,13497900,
2006-11-15,35.96666717529297,36.10333251953125,35.79999923706055,36.06666564941406,23.80522346496582,9692700,
2006-11-16,36.150001525878906,36.16666793823242,35.689998626708984,35.70333480834961,23.565418243408203,18023400,
2006-11-17,35.560001373291016,35.663333892822266,35.37666702270508,35.663333892822266,23.539012908935547,16318800,
2006-11-20,35.45000076293945,35.7400016784668,35.383331298828125,35.52333450317383,23.446605682373047,19312500,
2006-11-21,35.66666793823242,36.09000015258789,35.66666793823242,36.09000015258789,23.82062530517578,19997400,
2006-11-22,36.20000076293945,36.456668853759766,36.06999969482422,36.34333419799805,23.987834930419922,18803400,
2006-11-24,36.130001068115234,36.439998626708984,36.116668701171875,36.336666107177734,23.983427047729492,6264900,
2006-11-27,36.619998931884766,36.619998931884766,35.650001525878906,35.650001525878906,23.530202865600586,26716200,
2006-11-28,35.650001525878906,35.856666564941406,35.383331298828125,35.856666564941406,23.66661262512207,28599900,
2006-11-29,36.0966682434082,36.59000015258789,36.0966682434082,36.436668395996094,24.049436569213867,22907400,
2006-11-30,36.560001373291016,36.856666564941406,36.400001525878906,36.599998474121094,24.15723991394043,13969500,
2006-12-01,36.753334045410156,36.8466682434082,36.16666793823242,36.45000076293945,24.058246612548828,29047200,
2006-12-04,36.66666793823242,37.290000915527344,36.599998474121094,37.209999084472656,24.559865951538086,16613100,
2006-12-05,37.3466682434082,37.880001068115234,37.27333450317383,37.86000061035156,24.988887786865234,32339400,
2006-12-06,37.50666809082031,37.776668548583984,37.46666717529297,37.599998474121094,24.817276000976562,11058000,
2006-12-07,37.599998474121094,37.75,37.29666519165039,37.46666717529297,24.72927474975586,15916500,
2006-12-08,37.366668701171875,37.573333740234375,37.17333221435547,37.29999923706055,24.6192626953125,11158500,
2006-12-11,37.366668701171875,37.393333435058594,37.16999816894531,37.31666564941406,24.630258560180664,6801900,
2006-12-12,37.08333206176758,37.133331298828125,36.62666702270508,36.866668701171875,24.333251953125,17909100,
2006-12-13,36.96333312988281,37.116668701171875,36.90999984741211,37.06666564941406,24.465261459350586,9894000,
2006-12-14,37.27333450317383,37.72666549682617,37.266666412353516,37.70000076293945,24.883277893066406,11988300,
2006-12-15,37.97999954223633,37.983333587646484,37.733333587646484,37.866668701171875,24.993288040161133,11638500,
2006-12-18,37.900001525878906,38.119998931884766,37.56666564941406,37.60333251953125,24.819475173950195,12088800,
2006-12-19,37.20000076293945,37.503334045410156,36.866668701171875,37.366668701171875,24.663265228271484,31979400,
2006-12-20,37.22999954223633,37.323333740234375,37.116668701171875,37.25,24.936176300048828,12470700,"{""dividend_amount"": 0.524333}"
2006-12-21,37.25,37.33333206176758,36.99333190917969,37.18333435058594,24.891550064086914,14906700,
2006-12-22,37.33333206176758,37.366668701171875,37.01333236694336,37.31666564941406,24.98078727722168,9581100,
2006-12-26,37.29999923706055,37.71333312988281,37.27000045776367,37.663333892822266,25.212860107421875,5689800,
2006-12-27,37.93000030517578,38.20000076293945,37.77333450317383,38.20000076293945,25.57213020324707,16816200,
2006-12-28,38.21666717529297,38.266666412353516,37.973331451416016,38.12666702270508,25.523040771484375,8598900,
2006-12-29,38.150001525878906,38.2599983215332,38.02333450317383,38.05666732788086,25.476167678833008,8026500,
2007-01-03,38.66666793823242,38.8033332824707,38.08000183105469,38.380001068115234,25.692623138427734,38546100,
2007-01-04,38.08333206176758,38.09333419799805,37.61000061035156,37.849998474121094,25.337820053100586,26830200,
2007-01-05,37.46666717529297,37.54999923706055,36.7400016784668,36.74333190917969,24.596988677978516,33141600,
2007-01-08,36.959999084472656,37.14666748046875,36.753334045410156,37.0099983215332,24.775503158569336,23326500,
2007-01-09,36.733333587646484,36.78333282470703,35.983333587646484,36.18333435058594,24.22211265563965,43958400,
2007-01-10,35.8033332824707,36.253334045410156,35.540000915527344,36.099998474121094,24.16632843017578,58526400,
2007-01-11,36.313331604003906,37.04999923706055,36.189998626708984,36.55666732788086,24.47203254699707,47418300,
2007-01-12,36.823333740234375,37.29999923706055,36.633331298828125,37.29999923706055,24.969633102416992,25530900,
2007-01-16,37.45000076293945,37.483333587646484,37.1966667175293,37.43333435058594,25.058900833129883,25978500,
2007-01-17,37.33333206176758,37.49333190917969,37.130001068115234,37.276668548583984,24.95401954650879,20523900,
2007-01-18,37.599998474121094,37.633331298828125,36.883331298828125,36.883331298828125,24.69070816040039,31396500,
2007-01-19,37.016666412353516,37.54666519165039,37.016666412353516,37.54666519165039,25.134769439697266,18093900,
2007-01-22,37.599998474121094,37.84333419799805,37.383331298828125,37.503334045410156,25.105762481689453,20959200,
2007-01-23,37.5,38.356666564941406,37.45333480834961,38.356666564941406,25.677001953125,28305600,
2007-01-24,38.33000183105469,38.83333206176758,38.2400016784668,38.689998626708984,25.9001522064209,20193900,
2007-01-25,38.44333267211914,38.5,37.5,37.5,25.103527069091797,28913700,
2007-01-26,37.66666793823242,37.82666778564453,37.25,37.72999954223633,25.25749969482422,27627600,
2007-01-29,37.540000915527344,37.56666564941406,37.14666748046875,37.22999954223633,24.922779083251953,29898300,
2007-01-30,37.35333251953125,37.80666732788086,37.35333251953125,37.80666732788086,25.308815002441406,20502600,
2007-01-31,37.46333312988281,38.099998474121094,37.253334045410156,38.099998474121094,25.505189895629883,31860600,
2007-02-01,38.266666412353516,38.599998474121094,38.266666412353516,38.56666564941406,25.81757926940918,34173900,
2007-02-02,38.58333206176758,38.65999984741211,38.33333206176758,38.45000076293945,25.73948097229004,20925300,
2007-02-05,38.336666107177734,38.526668548583984,38.16666793823242,38.48666763305664,25.76402473449707,16254900,
2007-02-06,38.77000045776367,38.9466667175293,38.599998474121094,38.866668701171875,26.018404006958008,17354700,
2007-02-07,38.959999084472656,38.98666763305664,38.60333251953125,38.71666717529297,25.91799545288086,16291500,
2007-02-08,38.50666809082031,38.71666717529297,38.32666778564453,38.5099983215332,25.77964973449707,19789500,
2007-02-09,38.66666793823242,38.753334045410156,38.0,38.04999923706055,25.471712112426758,31971900,
2007-02-12,38.116668701171875,38.116668701171875,37.60333251953125,37.790000915527344,25.297657012939453,27900000,
2007-02-13,37.983333587646484,38.46666717529297,37.956668853759766,38.38999938964844,25.699317932128906,30303300,
2007-02-14,38.43333435058594,39.293331146240234,38.41666793823242,39.21666717529297,26.252710342407227,37476600,
2007-02-15,39.25,39.349998474121094,39.12333297729492,39.2400016784668,26.268339157104492,14388000,
2007-02-16,39.086666107177734,39.33000183105469,38.96333312988281,39.33000183105469,26.32857894897461,14832300,
2007-02-20,39.03333282470703,39.5,39.0099983215332,39.43333435058594,26.39775276184082,15368400,
2007-02-21,39.19333267211914,39.62666702270508,39.043331146240234,39.54999923706055,26.47585105895996,14292600,
2007-02-22,39.72666549682617,39.86000061035156,39.36333465576172,39.45000076293945,26.408916473388672,23298600,
2007-02-23,39.413333892822266,39.54999923706055,38.900001525878906,39.16666793823242,26.2192440032959,27175200,
2007-02-26,39.3466682434082,39.40999984741211,38.856666564941406,39.150001525878906,26.208087921142578,14965800,
2007-02-27,37.66666793823242,37.71333312988281,34.496665954589844,35.96666717529297,24.077072143554688,89951400,
2007-02-28,36.5,37.27333450317383,36.21666717529297,36.866668701171875,24.6795597076416,63694500,
2007-03-01,35.689998626708984,36.71666717529297,35.18000030517578,36.336666107177734,24.32476234436035,58851900,
2007-03-02,36.016666412353516,36.790000915527344,35.849998474121094,36.0,24.099384307861328,59927700,
2007-03-05,35.18333435058594,35.866668701171875,34.52000045776367,35.07666778564453,23.481290817260742,54968400,
2007-03-06,35.67333221435547,36.70333480834961,35.67333221435547,36.616668701171875,24.512203216552734,49910400,
2007-03-07,36.349998474121094,36.68000030517578,36.186668395996094,36.393333435058594,24.362699508666992,31768200,
2007-03-08,37.03333282470703,37.813331604003906,36.91666793823242,37.33333206176758,24.991958618164062,36276000,
2007-03-09,37.5966682434082,37.599998474121094,36.959999084472656,37.400001525878906,25.03658676147461,26060700,
2007-03-12,37.43333435058594,37.85333251953125,37.31999969482422,37.58333206176758,25.1593074798584,25128600,
2007-03-13,37.246665954589844,37.496665954589844,36.293331146240234,36.4900016784668,24.427400588989258,44023200,
2007-03-14,36.45000076293945,36.86000061035156,35.77333450317383,36.790000915527344,24.62822723388672,49965900,
2007-03-15,36.53333282470703,37.336666107177734,36.53333282470703,37.09000015258789,24.82906723022461,30401100,
2007-03-16,37.18000030517578,37.3466682434082,36.633331298828125,36.77333450317383,24.617080688476562,22194900,
2007-03-19,37.266666412353516,37.633331298828125,37.19333267211914,37.58000183105469,25.157089233398438,24143400,
2007-03-20,37.52000045776367,37.866668701171875,37.40666580200195,37.82666778564453,25.322206497192383,15362400,
2007-03-21,37.956668853759766,39.11000061035156,37.82666778564453,38.959999084472656,26.080888748168945,42041700,
2007-03-22,39.043331146240234,39.209999084472656,38.706668853759766,38.793331146240234,25.96930503845215,21576300,
2007-03-23,38.91999816894531,39.08000183105469,38.793331146240234,38.973331451416016,26.089818954467773,16886100,
2007-03-26,38.91999816894531,39.06666564941406,38.400001525878906,38.95000076293945,26.074195861816406,22027500,
2007-03-27,38.95000076293945,38.95000076293945,38.456668853759766,38.776668548583984,25.95816993713379,18514500,
2007-03-28,38.30666732788086,38.5,37.93000030517578,38.08333206176758,25.49402618408203,22615800,
2007-03-29,38.66666793823242,38.93000030517578,38.29999923706055,38.84000015258789,26.00056266784668,23175900,
2007-03-30,38.900001525878906,39.06666564941406,38.45000076293945,38.83333206176758,25.99609375,28557900,
2007-04-02,38.95000076293945,39.220001220703125,38.7400016784668,39.099998474121094,26.174617767333984,18873300,
2007-04-03,39.5,39.78666687011719,39.35333251953125,39.7400016784668,26.603044509887695,24303000,
2007-04-04,39.880001068115234,40.026668548583984,39.71333312988281,39.9900016784668,26.770402908325195,20481300,
2007-04-05,39.93333435058594,40.233333587646484,39.83333206176758,40.026668548583984,26.79494285583496,20437800,
2007-04-09,40.279998779296875,40.586666107177734,40.16999816894531,40.25666809082031,26.948917388916016,21373500,
2007-04-10,40.28333282470703,40.5,40.2599983215332,40.4466667175293,27.076107025146484,15370500,
2007-04-11,40.61333465576172,40.75,39.96666717529297,40.073333740234375,26.82619285583496,28048500,
2007-04-12,40.133331298828125,40.77000045776367,39.959999084472656,40.74333190917969,27.274709701538086,23445900,
2007-04-13,40.83333206176758,40.9900016784668,40.33333206176758,40.94333267211914,27.40859031677246,11782200,
2007-04-16,41.18333435058594,41.46333312988281,41.10333251953125,41.43000030517578,27.7343692779541,20166600,
2007-04-17,41.38666534423828,41.38666534423828,40.92333221435547,41.206668853759766,27.584871292114258,26238600,
2007-04-18,40.83333206176758,41.060001373291016,40.74333190917969,40.900001525878906,27.37958526611328,16978800,
2007-04-19,40.23666763305664,40.619998931884766,39.91999816894531,40.56999969482422,27.158674240112305,30470700,
2007-04-20,41.130001068115234,41.31666564941406,40.869998931884766,41.0533332824707,27.482227325439453,15983100,
2007-04-23,41.03666687011719,41.15666580200195,40.79666519165039,40.88999938964844,27.37289047241211,14394900,
2007-04-24,40.883331298828125,41.0099983215332,40.66999816894531,40.883331298828125,27.368425369262695,18733200,
2007-04-25,41.1533317565918,41.43000030517578,40.93333435058594,41.38999938964844,27.707599639892578,17789700,
2007-04-26,41.336666107177734,41.45000076293945,41.086666107177734,41.279998779296875,27.633960723876953,20426100,
2007-04-27,40.88666534423828,41.11333465576172,40.709999084472656,41.073333740234375,27.49561309814453,24456300,
2007-04-30,40.813331604003906,40.93000030517578,40.119998931884766,40.279998779296875,26.964536666870117,27583800,
2007-05-01,40.413333892822266,40.59333419799805,40.099998474121094,40.439998626708984,27.071643829345703,28771800,
2007-05-02,40.630001068115234,41.28666687011719,40.58333206176758,41.24333190917969,27.609411239624023,26205600,
2007-05-03,41.380001068115234,41.65999984741211,41.21333312988281,41.59000015258789,27.84148597717285,15720900,
2007-05-04,41.70333480834961,41.983333587646484,41.52000045776367,41.57666778564453,27.832563400268555,15575700,
2007-05-07,41.70000076293945,41.996665954589844,41.70000076293945,41.8466682434082,28.0132999420166,10084800,
2007-05-08,41.63999938964844,41.63999938964844,41.13999938964844,41.3033332824707,27.64957046508789,27634200,
2007-05-09,41.400001525878906,42.043331146240234,41.35333251953125,41.970001220703125,28.095869064331055,22212600,
2007-05-10,41.746665954589844,41.970001220703125,40.849998474121094,40.94333267211914,27.40859031677246,36275100,
2007-05-11,41.16666793823242,42.150001525878906,41.16666793823242,41.983333587646484,28.104795455932617,21416100,
2007-05-14,41.9033317565918,42.33333206176758,41.35333251953125,41.56666564941406,27.825870513916016,28344000,
2007-05-15,41.57666778564453,42.00666809082031,41.34333419799805,41.616668701171875,27.859336853027344,27392700,
2007-05-16,41.86000061035156,42.33000183105469,41.53666687011719,42.220001220703125,28.26322364807129,18247200,
2007-05-17,42.003334045410156,42.233333587646484,41.70333480834961,42.06666564941406,28.160585403442383,17952600,
2007-05-18,42.176666259765625,42.323333740234375,41.970001220703125,42.28333282470703,28.305625915527344,16459500,
2007-05-21,42.246665954589844,42.5966682434082,42.209999084472656,42.36000061035156,28.356948852539062,33299100,
2007-05-22,42.44333267211914,42.573333740234375,42.35333251953125,42.366668701171875,28.361408233642578,23904900,
2007-05-23,42.66666793823242,42.79999923706055,42.01333236694336,42.29999923706055,28.316781997680664,41565600,
2007-05-24,42.233333587646484,42.366668701171875,41.09333419799805,41.28333282470703,27.636184692382812,52781700,
2007-05-25,41.73666763305664,42.0,41.619998931884766,41.91666793823242,28.060161590576172,20317500,
2007-05-29,42.08333206176758,42.20000076293945,41.33333206176758,41.77333450317383,27.964216232299805,20445900,
2007-05-30,41.0,42.20000076293945,40.939998626708984,42.20000076293945,28.249841690063477,35050500,
2007-05-31,42.22999954223633,42.5,42.073333740234375,42.31999969482422,28.330167770385742,23850900,
2007-06-01,42.58333206176758,43.37666702270508,42.58333206176758,43.37666702270508,29.037534713745117,24035700,
2007-06-04,43.003334045410156,43.33000183105469,42.91666793823242,43.18333435058594,28.908105850219727,26454900,
2007-06-05,43.01333236694336,43.13999938964844,42.689998626708984,43.03333282470703,28.807695388793945,27272400,
2007-06-06,42.733333587646484,42.733333587646484,41.95000076293945,41.95000076293945,28.08247947692871,40848900,
2007-06-07,41.996665954589844,42.313331604003906,41.08000183105469,41.3033332824707,27.64957046508789,66178500,
2007-06-08,41.41666793823242,42.20000076293945,41.37666702270508,42.03333282470703,28.138273239135742,42430200,
2007-06-11,42.063331604003906,42.650001525878906,41.893333435058594,42.393333435058594,28.379262924194336,22266000,
2007-06-12,41.92333221435547,42.27333450317383,41.516666412353516,41.65666580200195,27.88611602783203,31146300,
2007-06-13,41.959999084472656,42.64666748046875,41.95000076293945,42.4900016784668,28.443965911865234,31558200,
2007-06-14,42.65666580200195,43.4033317565918,42.65666580200195,43.15666580200195,28.890260696411133,22374900,
2007-06-15,43.66666793823242,44.13999938964844,43.66666793823242,44.13999938964844,29.548534393310547,45032700,
2007-06-18,44.220001220703125,44.383331298828125,43.983333587646484,44.18000030517578,29.5753116607666,14039100,
2007-06-19,43.90999984741211,44.41666793823242,43.880001068115234,44.22999954223633,29.60877799987793,20064600,
2007-06-20,44.563331604003906,44.643333435058594,43.66666793823242,43.85333251953125,29.35662269592285,31779600,
2007-06-21,43.91666793823242,44.4900016784668,43.76333236694336,44.400001525878906,29.722579956054688,26637900,
2007-06-22,44.06666564941406,44.35333251953125,43.599998474121094,43.813331604003906,29.329856872558594,22471500,
2007-06-25,43.78333282470703,43.959999084472656,43.220001220703125,43.47999954223633,29.106704711914062,29348400,
2007-06-26,43.64666748046875,43.746665954589844,43.099998474121094,43.099998474121094,28.852319717407227,29622000,
2007-06-27,42.96666717529297,43.73666763305664,42.733333587646484,43.71333312988281,29.262907028198242,31400400,
2007-06-28,43.43333435058594,44.0,43.43333435058594,43.723331451416016,29.26959228515625,22270200,
2007-06-29,43.90666580200195,44.16666793823242,43.40999984741211,43.87666702270508,29.372251510620117,39395100,
2007-07-02,44.0,44.766666412353516,44.0,44.766666412353516,29.968029022216797,30585300,
2007-07-03,44.83333206176758,45.12333297729492,44.83333206176758,45.12333297729492,30.206796646118164,13577400,
2007-07-05,44.869998931884766,45.380001068115234,44.869998931884766,45.323333740234375,30.34069061279297,25942800,
2007-07-06,45.57666778564453,46.28666687011719,45.573333740234375,46.099998474121094,30.8606014251709,31670700,
2007-07-09,46.426666259765625,46.70000076293945,46.400001525878906,46.54666519165039,31.159610748291016,28652100,
2007-07-10,46.04666519165039,46.206668853759766,45.540000915527344,45.630001068115234,30.54597282409668,40039500,
2007-07-11,45.87333297729492,46.1533317565918,45.5,46.00666809082031,30.79813003540039,25900200,
2007-07-12,46.3033332824707,47.21333312988281,46.3033332824707,47.016666412353516,31.4742431640625,29064900,
2007-07-13,47.32666778564453,47.633331298828125,47.163333892822266,47.599998474121094,31.864744186401367,24262800,
2007-07-16,47.22999954223633,47.400001525878906,46.90999984741211,47.133331298828125,31.552343368530273,23917200,
2007-07-17,47.22999954223633,47.266666412353516,46.87333297729492,47.0966682434082,31.527795791625977,21789600,
2007-07-18,46.503334045410156,46.8466682434082,46.13999938964844,46.52000045776367,31.14177131652832,34859700,
2007-07-19,46.836666107177734,47.30666732788086,46.83333206176758,46.983333587646484,31.45193099975586,24539100,
2007-07-20,47.21666717529297,47.383331298828125,46.400001525878906,46.65999984741211,31.23548126220703,48010800,
2007-07-23,47.619998931884766,48.03333282470703,47.46333312988281,48.0099983215332,32.13921356201172,35516700,
2007-07-24,47.66666793823242,47.76333236694336,46.27000045776367,46.366668701171875,31.039121627807617,53650200,
2007-07-25,47.06999969482422,47.33333206176758,46.06666564941406,46.633331298828125,31.217634201049805,45873600,
2007-07-26,45.676666259765625,45.720001220703125,43.25666809082031,44.25666809082031,29.626628875732422,99222600,
2007-07-27,44.503334045410156,44.813331604003906,43.43333435058594,43.68333435058594,29.242830276489258,64008900,
2007-07-30,44.16666793823242,45.4900016784668,44.16666793823242,45.11333465576172,30.200096130371094,50423400,
2007-07-31,45.723331451416016,45.880001068115234,44.189998626708984,44.189998626708984,29.581987380981445,63243600,
2007-08-01,43.63999938964844,44.40999984741211,43.150001525878906,44.016666412353516,29.4659481048584,106336500,
2007-08-02,44.06666564941406,44.766666412353516,43.9466667175293,44.503334045410156,29.791746139526367,46615800,
2007-08-03,44.46666717529297,44.5,42.253334045410156,42.58333206176758,28.506441116333008,64852500,
2007-08-06,43.06999969482422,43.63666534423828,42.18333435058594,43.34333419799805,29.015214920043945,72395400,
2007-08-07,43.16999816894531,44.13666534423828,42.97999954223633,43.66666793823242,29.231658935546875,54839100,
2007-08-08,44.54666519165039,45.4900016784668,44.496665954589844,45.133331298828125,30.213489532470703,50678700,
2007-08-09,43.753334045410156,44.266666412353516,42.95333480834961,43.266666412353516,28.96389389038086,78721500,
2007-08-10,42.356666564941406,43.686668395996094,41.96333312988281,42.516666412353516,28.46182632446289,82478700,
2007-08-13,43.516666412353516,43.78666687011719,42.90999984741211,42.936668395996094,28.74298858642578,39933300,
2007-08-14,43.163333892822266,43.25,41.66666793823242,41.82666778564453,27.99991798400879,50445600,
2007-08-15,41.369998931884766,41.810001373291016,40.016666412353516,40.18333435058594,26.89983367919922,77352600,
2007-08-16,39.383331298828125,39.89666748046875,37.13666534423828,39.5,26.442378997802734,140054700,
2007-08-17,41.0,42.293331146240234,39.54666519165039,40.75,27.27916717529297,99855300,
2007-08-20,41.20333480834961,41.356666564941406,40.12333297729492,40.83333206176758,27.33495330810547,64116300,
2007-08-21,40.62666702270508,41.16666793823242,40.3466682434082,40.68333435058594,27.234535217285156,43294500,
2007-08-22,41.366668701171875,42.53333282470703,41.366668701171875,42.43333435058594,28.406038284301758,57893700,
2007-08-23,42.83000183105469,42.99333190917969,42.05666732788086,42.650001525878906,28.551071166992188,46373700,
2007-08-24,42.663333892822266,43.7599983215332,42.53333282470703,43.66666793823242,29.231658935546875,52962000,
2007-08-27,43.62333297729492,44.599998474121094,43.4900016784668,43.866668701171875,29.365549087524414,28239300,
2007-08-28,43.3466682434082,43.503334045410156,41.87666702270508,42.08333206176758,28.171737670898438,56966400,
2007-08-29,42.86333465576172,43.96333312988281,42.68333435058594,43.75,29.287456512451172,42499800,
2007-08-30,43.266666412353516,44.13999938964844,43.06666564941406,43.526668548583984,29.1379451751709,29959500,
2007-08-31,44.66666793823242,45.400001525878906,44.33000183105469,44.650001525878906,29.889936447143555,53820900,
2007-09-04,44.21666717529297,45.72666549682617,44.21666717529297,45.4033317565918,30.394229888916016,33802200,
2007-09-05,45.02000045776367,45.02000045776367,44.25666809082031,44.71666717529297,29.934566497802734,38522400,
2007-09-06,44.970001220703125,45.290000915527344,44.63666534423828,45.06666564941406,30.168861389160156,20809800,
2007-09-07,44.24333190917969,44.426666259765625,43.68333435058594,44.04999923706055,29.4882755279541,48953400,
2007-09-10,44.66666793823242,44.686668395996094,43.41999816894531,44.08333206176758,29.510595321655273,32317200,
2007-09-11,44.60333251953125,45.150001525878906,44.54666519165039,44.973331451416016,30.10639190673828,32632200,
2007-09-12,44.74333190917969,45.33000183105469,44.516666412353516,45.133331298828125,30.213489532470703,29448900,
2007-09-13,45.436668395996094,45.96333312988281,45.29666519165039,45.633331298828125,30.54820442199707,22941300,
2007-09-14,45.41666793823242,45.87333297729492,45.189998626708984,45.723331451416016,30.60844612121582,17142600,
2007-09-17,45.37333297729492,45.526668548583984,44.90666580200195,45.43333435058594,30.414325714111328,22866300,
2007-09-18,45.56666564941406,47.71666717529297,45.366668701171875,47.633331298828125,31.887056350708008,68338200,
2007-09-19,47.766666412353516,48.62666702270508,47.69333267211914,47.849998474121094,32.032100677490234,63006000,
2007-09-20,47.970001220703125,48.276668548583984,47.41666793823242,47.70000076293945,31.931686401367188,34842000,
2007-09-21,48.25666809082031,48.47999954223633,48.17333221435547,48.33333206176758,32.355655670166016,30381000,
2007-09-24,49.33333206176758,49.33333206176758,48.66666793823242,48.93333435058594,32.75731658935547,31511400,
2007-09-25,48.53333282470703,48.95000076293945,48.223331451416016,48.75,32.634578704833984,28052400,
2007-09-26,49.400001525878906,49.54999923706055,49.043331146240234,49.400001525878906,33.06970977783203,27536400,
2007-09-27,50.163333892822266,50.66666793823242,49.643333435058594,50.133331298828125,33.56061935424805,32771700,
2007-09-28,50.25,50.39666748046875,49.456668853759766,49.81666564941406,33.34864044189453,40628400,
2007-10-01,50.290000915527344,51.59000015258789,50.05666732788086,51.383331298828125,34.397403717041016,38391000,
2007-10-02,51.869998931884766,52.33000183105469,51.223331451416016,51.733333587646484,34.63172149658203,40943400,
2007-10-03,51.58000183105469,51.753334045410156,50.16666793823242,50.16666793823242,33.58293914794922,49248300,
2007-10-04,50.366668701171875,50.823333740234375,49.810001373291016,50.66666793823242,33.91765213012695,23239800,
2007-10-05,51.21666717529297,52.59000015258789,51.16666793823242,52.356666564941406,35.04899215698242,64093800,
2007-10-08,51.663333892822266,51.95000076293945,51.436668395996094,51.79999923706055,34.67633819580078,32786100,
2007-10-09,52.18000030517578,52.64666748046875,51.96666717529297,52.606666564941406,35.216346740722656,30145200,
2007-10-10,52.44333267211914,52.856666564941406,52.1533317565918,52.676666259765625,35.26321029663086,36825900,
2007-10-11,53.34000015258789,53.599998474121094,51.28666687011719,52.21333312988281,34.953041076660156,71038800,
2007-10-12,52.456668853759766,53.16666793823242,52.28666687011719,53.16666793823242,35.59122848510742,27468300,
2007-10-15,53.25666809082031,53.383331298828125,51.836666107177734,52.516666412353516,35.15608596801758,40017900,
2007-10-16,52.163333892822266,52.189998626708984,51.18333435058594,51.543331146240234,34.504520416259766,60320100,
2007-10-17,52.733333587646484,52.970001220703125,51.70000076293945,52.733333587646484,35.30113983154297,67459200,
2007-10-18,51.83333206176758,53.116668701171875,51.7599983215332,53.0,35.47964859008789,55143300,
2007-10-19,52.53666687011719,52.65999984741211,50.29666519165039,50.733333587646484,33.9622802734375,82591500,
2007-10-22,50.233333587646484,51.10333251953125,49.663333892822266,51.099998474121094,34.20774459838867,60902100,
2007-10-23,51.753334045410156,52.71333312988281,51.503334045410156,52.516666412353516,35.15608596801758,55527300,
2007-10-24,52.03666687011719,52.34333419799805,50.48666763305664,52.17333221435547,34.9262580871582,49925100,
2007-10-25,52.86333465576172,52.983333587646484,51.91666793823242,52.836666107177734,35.37030792236328,43169400,
2007-10-26,54.016666412353516,54.56999969482422,53.5,54.33333206176758,36.37221145629883,44119500,
2007-10-29,55.233333587646484,55.58333206176758,54.939998626708984,55.58333206176758,37.20899963378906,38281200,
2007-10-30,54.766666412353516,54.900001525878906,54.349998474121094,54.53333282470703,36.506099700927734,36921900,
2007-10-31,55.003334045410156,55.82666778564453,54.33333206176758,55.72999954223633,37.30718994140625,63320400,
2007-11-01,54.186668395996094,54.55666732788086,53.290000915527344,53.47999954223633,35.80097579956055,56598300,
2007-11-02,53.83333206176758,54.310001373291016,52.81999969482422,53.78333282470703,36.004032135009766,59190000,
2007-11-05,52.366668701171875,52.630001068115234,51.543331146240234,51.913333892822266,34.75221252441406,43943400,
2007-11-06,53.426666259765625,54.09000015258789,52.66999816894531,53.883331298828125,36.070980072021484,40065300,
2007-11-07,53.09333419799805,53.5533332824707,51.90666580200195,52.16666793823242,34.92178726196289,46819800,
2007-11-08,52.40666580200195,52.96666717529297,50.630001068115234,52.43333435058594,35.10031509399414,83404200,
2007-11-09,51.48666763305664,52.20000076293945,50.8033332824707,51.20000076293945,34.27468490600586,52806000,
2007-11-12,50.483333587646484,50.79666519165039,48.34000015258789,48.366668701171875,32.37797164916992,69956100,
2007-11-13,50.29999923706055,51.973331451416016,50.09000015258789,51.78333282470703,34.66517639160156,74957100,
2007-11-14,52.77000045776367,53.099998474121094,51.459999084472656,51.83333206176758,34.69865417480469,47813100,
2007-11-15,51.2400016784668,51.77333450317383,50.130001068115234,50.63999938964844,33.89979934692383,55260300,
2007-11-16,50.813331604003906,51.36000061035156,50.04999923706055,51.266666412353516,34.319305419921875,60026400,
2007-11-19,50.3033332824707,50.4033317565918,48.46666717529297,48.9033317565918,32.73723602294922,52244700,
2007-11-20,49.496665954589844,50.72999954223633,48.99333190917969,50.246665954589844,33.63649368286133,83208600,
2007-11-21,48.56999969482422,48.76333236694336,47.40666580200195,47.71666717529297,31.942848205566406,77409000,
2007-11-23,48.58333206176758,49.733333587646484,48.58333206176758,49.12666702270508,32.8867301940918,24243900,
2007-11-26,49.34000015258789,49.81999969482422,47.176666259765625,47.176666259765625,31.581344604492188,72462000,
2007-11-27,47.91666793823242,49.1966667175293,47.643333435058594,48.983333587646484,32.79078674316406,75099600,
2007-11-28,49.52333450317383,51.66666793823242,49.5,51.66666793823242,34.58708572387695,100931400,
2007-11-29,51.04999923706055,51.75,50.65999984741211,51.03333282470703,34.16311264038086,62430600,
2007-11-30,52.426666259765625,52.56666564941406,51.05666732788086,51.46666717529297,34.45319366455078,64310400,
2007-12-03,51.369998931884766,51.64666748046875,50.900001525878906,51.02000045776367,34.1541862487793,41652600,
2007-12-04,50.8033332824707,51.496665954589844,50.73666763305664,50.88666534423828,34.06493377685547,32139000,
2007-12-05,52.099998474121094,53.150001525878906,52.099998474121094,53.14666748046875,35.57783508300781,46454100,
2007-12-06,52.866668701171875,54.04999923706055,52.66666793823242,53.983333587646484,36.13792419433594,49785000,
2007-12-07,53.733333587646484,53.79999923706055,53.09000015258789,53.34333419799805,35.70949172973633,47259900,
2007-12-10,53.33333206176758,53.57666778564453,53.0966682434082,53.36000061035156,35.720638275146484,30087600,
2007-12-11,53.59333419799805,53.7400016784668,50.900001525878906,51.099998474121094,34.20774459838867,67515900,
2007-12-12,53.43333435058594,53.880001068115234,51.48666763305664,52.633331298828125,35.23419189453125,72613200,
2007-12-13,51.16666793823242,51.59333419799805,50.483333587646484,51.186668395996094,34.2657585144043,75751200,
2007-12-14,50.133331298828125,50.790000915527344,49.936668395996094,49.96666717529297,33.44905090332031,52611000,
2007-12-17,49.119998931884766,49.20333480834961,47.813331604003906,47.836666107177734,32.023170471191406,62022000,
2007-12-18,49.349998474121094,49.38666534423828,47.90999984741211,49.150001525878906,32.90235900878906,69887400,
2007-12-19,49.32666778564453,49.77333450317383,49.003334045410156,49.470001220703125,33.11656951904297,56490000,
2007-12-20,49.706668853759766,49.86000061035156,49.086666107177734,49.7400016784668,33.29731750488281,45520800,
2007-12-21,50.46666717529297,51.2400016784668,50.366668701171875,51.2400016784668,34.30146789550781,56436300,
2007-12-24,50.689998626708984,51.45333480834961,50.62666702270508,51.4466667175293,34.8816032409668,18304800,"{""dividend_amount"": 0.649}"
2007-12-26,51.04999923706055,51.82666778564453,50.95000076293945,51.71333312988281,35.062416076660156,23497500,
2007-12-27,51.246665954589844,51.34333419799805,50.39666748046875,50.52000045776367,34.253326416015625,30705600,
2007-12-28,51.03666687011719,51.18000030517578,50.33000183105469,50.709999084472656,34.382137298583984,37557000,
2007-12-31,50.849998474121094,50.96333312988281,50.003334045410156,50.099998474121094,33.968544006347656,26840400,
2008-01-02,50.439998626708984,50.753334045410156,48.970001220703125,49.27333450317383,33.40805435180664,68029800,
2008-01-03,49.866668701171875,50.05666732788086,49.48666763305664,49.71666717529297,33.708648681640625,47760300,
2008-01-04,49.2599983215332,49.349998474121094,47.75666809082031,48.223331451416016,32.6961555480957,83071200,
2008-01-07,48.62333297729492,48.93333435058594,47.810001373291016,48.57666778564453,32.93572998046875,54090900,
2008-01-08,49.13999938964844,49.65666580200195,48.06999969482422,48.20000076293945,32.680328369140625,88767900,
2008-01-09,48.9033317565918,49.779998779296875,48.20000076293945,49.779998779296875,33.751590728759766,85492200,
2008-01-10,48.973331451416016,50.650001525878906,48.7400016784668,50.366668701171875,34.14936065673828,84510900,
2008-01-11,49.29999923706055,49.883331298828125,48.663333892822266,48.95000076293945,33.18883514404297,78241200,
2008-01-14,49.68000030517578,49.91666793823242,49.233333587646484,49.66999816894531,33.67700958251953,70594500,
2008-01-15,48.70000076293945,48.88999938964844,47.266666412353516,47.42333221435547,32.15373992919922,90633900,
2008-01-16,46.71666717529297,46.91999816894531,44.72666549682617,45.45000076293945,30.815780639648438,141276600,
2008-01-17,46.16666793823242,46.49333190917969,43.93000030517578,44.12666702270508,29.918548583984375,133308000,
2008-01-18,45.48666763305664,45.753334045410156,44.05666732788086,45.133331298828125,30.601085662841797,119655300,
2008-01-22,42.310001373291016,45.03333282470703,41.83333206176758,44.0,29.832658767700195,153342900,
2008-01-23,42.040000915527344,44.43000030517578,40.676666259765625,44.279998779296875,30.02250099182129,173383800,
2008-01-24,44.20000076293945,45.4466667175293,44.106666564941406,45.13999938964844,30.605594635009766,93140700,
2008-01-25,45.99333190917969,46.27333450317383,44.27000045776367,44.45333480834961,30.14004135131836,65709300,
2008-01-28,44.366668701171875,45.5533332824707,42.33333206176758,45.5533332824707,30.885852813720703,61924200,
2008-01-29,45.439998626708984,45.53666687011719,44.69333267211914,45.33000183105469,30.734424591064453,42873000,
2008-01-30,44.650001525878906,46.36000061035156,44.380001068115234,44.733333587646484,30.32987403869629,90782400,
2008-01-31,43.880001068115234,45.93333435058594,43.70333480834961,45.630001068115234,30.937837600708008,91635900,
2008-02-01,45.866668701171875,46.6966667175293,45.66666793823242,46.540000915527344,31.554826736450195,66237600,
2008-02-04,46.880001068115234,47.0,46.40666580200195,46.68333435058594,31.652008056640625,47431800,
2008-02-05,45.650001525878906,45.75,43.733333587646484,44.16999816894531,29.947921752929688,81961200,
2008-02-06,44.5,45.03666687011719,43.3033332824707,43.4466667175293,29.457490921020508,94311600,
2008-02-07,43.29999923706055,44.61000061035156,42.869998931884766,44.18333435058594,29.956966400146484,81689400,
2008-02-08,43.633331298828125,44.40999984741211,43.47666549682617,44.099998474121094,29.900468826293945,64338300,
2008-02-11,43.939998626708984,44.663333892822266,43.42333221435547,44.64666748046875,30.27111053466797,62668500,
2008-02-12,45.086666107177734,46.13666534423828,44.97999954223633,45.366668701171875,30.7592830657959,95163900,
2008-02-13,45.849998474121094,46.52000045776367,45.33333206176758,46.38666534423828,31.45086097717285,80838300,
2008-02-14,46.8033332824707,46.9466667175293,45.746665954589844,45.790000915527344,31.046306610107422,77572200,
2008-02-15,45.936668395996094,46.14666748046875,45.393333435058594,46.116668701171875,31.26778793334961,40972800,
2008-02-19,47.32666778564453,47.369998931884766,46.44333267211914,46.720001220703125,31.67686653137207,60714600,
2008-02-20,45.983333587646484,47.28666687011719,45.77000045776367,47.11000061035156,31.941293716430664,67324200,
2008-02-21,47.41666793823242,47.52000045776367,46.279998779296875,46.45000076293945,31.493797302246094,47179200,
2008-02-22,46.92333221435547,47.150001525878906,45.880001068115234,47.073333740234375,31.91643714904785,58150800,
2008-02-25,46.983333587646484,48.01333236694336,46.643333435058594,47.95000076293945,32.510833740234375,62952600,
2008-02-26,47.59333419799805,48.766666412353516,47.43000030517578,48.58333206176758,32.94023513793945,62865300,
2008-02-27,48.21666717529297,49.28333282470703,48.10333251953125,48.99333190917969,33.218223571777344,59912700,
2008-02-28,48.48666763305664,48.87666702270508,48.223331451416016,48.46666717529297,32.86112594604492,52139100,
2008-02-29,47.93333435058594,47.95000076293945,46.456668853759766,46.540000915527344,31.554826736450195,69116400,
2008-03-03,46.543331146240234,47.11333465576172,46.0,46.793331146240234,31.72658348083496,85376100,
2008-03-04,46.0099983215332,46.439998626708984,44.85333251953125,45.706668853759766,30.989805221557617,95442600,
2008-03-05,46.2400016784668,46.866668701171875,45.90999984741211,46.66666793823242,31.64072036743164,63579300,
2008-03-06,46.400001525878906,46.54999923706055,45.0099983215332,45.06666564941406,30.55588150024414,57511500,
2008-03-07,44.64666748046875,45.5099983215332,44.150001525878906,44.44333267211914,30.13325309753418,70810500,
2008-03-10,44.7599983215332,44.7599983215332,43.2400016784668,43.663333892822266,29.604406356811523,70676700,
2008-03-11,45.52000045776367,46.633331298828125,44.78333282470703,46.599998474121094,31.595500946044922,100189800,
2008-03-12,46.099998474121094,46.66666793823242,45.606666564941406,45.73666763305664,31.010154724121094,59353200,
2008-03-13,44.436668395996094,45.776668548583984,44.08333206176758,45.31999969482422,30.72764015197754,85102500,
2008-03-14,45.3033332824707,45.41666793823242,43.366668701171875,43.71333312988281,29.638296127319336,94845000,
2008-03-17,42.086666107177734,43.00666809082031,41.619998931884766,42.633331298828125,28.906042098999023,104934000,
2008-03-18,43.516666412353516,44.93000030517578,43.41999816894531,44.849998474121094,30.408966064453125,82055700,
2008-03-19,44.349998474121094,44.633331298828125,42.099998474121094,42.15666580200195,28.582853317260742,98289000,
2008-03-20,42.12333297729492,42.983333587646484,41.59333419799805,42.866668701171875,29.06424331665039,83455200,
2008-03-24,43.459999084472656,44.8466682434082,43.23666763305664,44.5099983215332,30.17844581604004,63315000,
2008-03-25,44.5533332824707,45.27000045776367,44.54999923706055,45.19333267211914,30.641752243041992,49837200,
2008-03-26,44.96333312988281,45.026668548583984,44.39666748046875,44.82666778564453,30.39315414428711,46039800,
2008-03-27,45.26333236694336,45.290000915527344,44.543331146240234,44.61000061035156,30.246259689331055,45650100,
2008-03-28,45.003334045410156,45.08333206176758,44.36333465576172,44.529998779296875,30.19200897216797,42123300,
2008-03-31,44.616668701171875,44.84000015258789,44.39666748046875,44.793331146240234,30.37055206298828,51357900,
2008-04-01,45.29666519165039,46.54999923706055,45.19333267211914,46.51333236694336,31.5367431640625,59322000,
2008-04-02,46.51333236694336,46.893333435058594,46.0,46.54666519165039,31.559343338012695,48963000,
2008-04-03,46.383331298828125,47.413333892822266,46.25,47.11333465576172,31.94354820251465,49385100,
2008-04-04,46.87333297729492,47.543331146240234,46.57666778564453,46.92333221435547,31.814720153808594,48387300,
2008-04-07,47.74333190917969,48.18333435058594,47.25666809082031,47.54666519165039,32.23735427856445,48936600,
2008-04-08,47.150001525878906,47.529998779296875,46.959999084472656,47.28666687011719,32.06106948852539,37712100,
2008-04-09,47.12666702270508,47.293331146240234,46.35333251953125,46.54999923706055,31.561594009399414,38654100,
2008-04-10,46.89666748046875,47.41999816894531,46.47666549682617,47.21666717529297,32.013614654541016,38757600,
2008-04-11,46.74333190917969,46.996665954589844,46.22666549682617,46.4466667175293,31.491540908813477,45471000,
2008-04-14,46.25666809082031,46.72666549682617,46.003334045410156,46.336666107177734,31.416954040527344,43521300,
2008-04-15,46.85333251953125,46.97666549682617,46.45000076293945,46.880001068115234,31.785356521606445,34587600,
2008-04-16,47.439998626708984,48.53333282470703,47.43333435058594,48.266666412353516,32.72552490234375,52355400,
2008-04-17,47.80666732788086,48.12333297729492,47.54999923706055,47.91666793823242,32.48820877075195,35445900,
2008-04-18,48.58000183105469,48.900001525878906,48.206668853759766,48.63999938964844,32.97865295410156,43182300,
2008-04-21,48.40999984741211,48.956668853759766,47.33333206176758,48.88666534423828,33.145896911621094,39228000,
2008-04-22,48.723331451416016,48.8033332824707,48.073333740234375,48.43333435058594,32.838531494140625,45971400,
2008-04-23,48.939998626708984,49.15999984741211,48.53333282470703,49.130001068115234,33.31087875366211,38048400,
2008-04-24,48.970001220703125,49.150001525878906,48.106666564941406,48.5,32.88373565673828,38298300,
2008-04-25,48.900001525878906,48.94333267211914,48.150001525878906,48.856666564941406,33.12556457519531,36429900,
2008-04-28,49.016666412353516,49.14666748046875,48.68000030517578,48.76333236694336,33.06227493286133,28076100,
2008-04-29,48.633331298828125,48.633331298828125,47.85333251953125,47.900001525878906,32.476924896240234,43114200,
2008-04-30,48.20000076293945,49.040000915527344,48.060001373291016,48.88666534423828,33.145896911621094,56735100,
2008-05-01,48.866668701171875,49.50666809082031,48.58000183105469,49.40666580200195,33.49845504760742,36340500,
2008-05-02,50.026668548583984,50.09000015258789,49.5,49.880001068115234,33.81938934326172,36100200,
2008-05-05,49.83333206176758,50.060001373291016,49.573333740234375,49.84333419799805,33.79452133178711,22732500,
2008-05-06,49.663333892822266,50.516666412353516,49.43333435058594,50.400001525878906,34.17196273803711,36007500,
2008-05-07,49.99333190917969,50.116668701171875,48.8033332824707,48.900001525878906,33.154937744140625,52249200,
2008-05-08,49.143333435058594,49.5966682434082,49.040000915527344,49.4033317565918,33.4962043762207,34318500,
2008-05-09,48.956668853759766,49.163333892822266,48.706668853759766,49.0,33.22273254394531,33387000,
2008-05-12,49.073333740234375,49.650001525878906,48.71333312988281,49.630001068115234,33.64988327026367,31889100,
2008-05-13,49.75,49.970001220703125,49.41666793823242,49.866668701171875,33.81035232543945,24984000,
2008-05-14,50.25,50.4900016784668,49.88999938964844,49.98666763305664,33.89171600341797,27882000,
2008-05-15,50.279998779296875,51.08000183105469,50.130001068115234,51.04999923706055,34.6126708984375,41979600,
2008-05-16,51.31666564941406,51.733333587646484,51.130001068115234,51.70000076293945,35.05337905883789,30127200,
2008-05-19,51.720001220703125,52.48666763305664,51.5966682434082,51.709999084472656,35.060150146484375,45427200,
2008-05-20,50.97999954223633,51.0,50.52333450317383,50.813331604003906,34.45219802856445,44971500,
2008-05-21,51.029998779296875,51.38999938964844,50.119998931884766,50.29666519165039,34.101898193359375,47546700,
2008-05-22,50.563331604003906,50.643333435058594,50.11333465576172,50.44333267211914,34.20134353637695,26301300,
2008-05-23,50.00666809082031,50.116668701171875,49.349998474121094,49.563331604003906,33.60468292236328,31783500,
2008-05-27,49.40666580200195,49.61333465576172,48.97999954223633,49.483333587646484,33.550437927246094,35205600,
2008-05-28,49.63666534423828,50.150001525878906,49.18333435058594,50.150001525878906,34.00246047973633,31076400,
2008-05-29,50.1966667175293,50.83333206176758,49.97666549682617,50.2599983215332,34.077030181884766,36030300,
2008-05-30,50.55666732788086,50.84000015258789,50.366668701171875,50.43333435058594,34.19456100463867,29933400,
2008-06-02,50.393333435058594,50.393333435058594,49.52000045776367,49.83333206176758,33.78775405883789,39888600,
2008-06-03,49.849998474121094,49.926666259765625,48.73666763305664,48.93333435058594,33.17754364013672,44795100,
2008-06-04,48.663333892822266,49.106666564941406,48.41666793823242,48.50666809082031,32.88825607299805,46607100,
2008-06-05,48.926666259765625,50.04999923706055,48.78333282470703,50.04999923706055,33.934654235839844,36879600,
2008-06-06,49.349998474121094,49.45000076293945,48.23666763305664,48.23666763305664,32.70518112182617,48717600,
2008-06-09,48.4033317565918,48.60333251953125,47.53333282470703,48.11333465576172,32.621559143066406,49329300,
2008-06-10,47.393333435058594,47.41666793823242,46.90666580200195,47.003334045410156,31.868961334228516,67029600,
2008-06-11,47.16666793823242,47.290000915527344,46.266666412353516,46.29999923706055,31.39209747314453,72144300,
2008-06-12,46.650001525878906,47.253334045410156,46.356666564941406,46.56999969482422,31.575159072875977,59169900,
2008-06-13,46.599998474121094,47.22999954223633,46.349998474121094,47.073333740234375,31.91643714904785,42621000,
2008-06-16,47.03333282470703,47.40666580200195,46.91666793823242,47.233333587646484,32.02490234375,34441200,
2008-06-17,47.72999954223633,47.86000061035156,47.400001525878906,47.43333435058594,32.1605110168457,38012100,
2008-06-18,47.356666564941406,47.563331604003906,46.733333587646484,47.20333480834961,32.004573822021484,48612300,
2008-06-19,46.983333587646484,47.426666259765625,46.813331604003906,47.276668548583984,32.054290771484375,52999500,
2008-06-20,46.51333236694336,46.62333297729492,45.643333435058594,45.733333587646484,31.007883071899414,94397400,
2008-06-23,45.91666793823242,46.06999969482422,45.66999816894531,45.866668701171875,31.098297119140625,50194200,
2008-06-24,45.619998931884766,46.18333435058594,45.24333190917969,45.663333892822266,30.96042823791504,55306800,
2008-06-25,45.45333480834961,46.43000030517578,45.45333480834961,46.04999923706055,31.580371856689453,64861200,"{""dividend_amount"": 0.517333}"
2008-06-26,45.29999923706055,45.42333221435547,44.43333435058594,44.470001220703125,30.49683952331543,69863700,
2008-06-27,44.676666259765625,45.12333297729492,44.43333435058594,44.900001525878906,30.791719436645508,54488400,
2008-06-30,45.21666717529297,45.393333435058594,44.96333312988281,45.2400016784668,31.024892807006836,52705800,
2008-07-01,44.21666717529297,44.61000061035156,43.606666564941406,44.43333435058594,30.471694946289062,88602600,
2008-07-02,44.63666534423828,44.77333450317383,43.060001373291016,43.16666793823242,29.60304069519043,77359500,
2008-07-03,43.60333251953125,43.60333251953125,42.63999938964844,43.043331146240234,29.51844024658203,51487800,
2008-07-07,43.400001525878906,43.85333251953125,42.5,42.88999938964844,29.413299560546875,84791100,
2008-07-08,42.81999969482422,43.45000076293945,42.26333236694336,43.41666793823242,29.774477005004883,91546200,
2008-07-09,43.599998474121094,43.95333480834961,42.426666259765625,42.540000915527344,29.173280715942383,89474400,
2008-07-10,43.063331604003906,43.52333450317383,42.5966682434082,43.310001373291016,29.701326370239258,82659300,
2008-07-11,42.973331451416016,43.650001525878906,42.58333206176758,43.02000045776367,29.50245475769043,74596200,
2008-07-14,43.619998931884766,43.8466682434082,41.733333587646484,42.96666717529297,29.465885162353516,48638400,
2008-07-15,42.30666732788086,43.01333236694336,41.52333450317383,42.25,28.97439956665039,108376500,
2008-07-16,42.246665954589844,43.58333206176758,42.02333450317383,43.470001220703125,29.81105613708496,72721800,
2008-07-17,43.709999084472656,44.073333740234375,43.356666564941406,43.67333221435547,29.95049285888672,88662300,
2008-07-18,43.310001373291016,43.676666259765625,43.143333435058594,43.29666519165039,29.69218635559082,50926800,
2008-07-21,43.563331604003906,43.96666717529297,43.49333190917969,43.83333206176758,30.060226440429688,42357300,
2008-07-22,43.293331146240234,43.866668701171875,43.01333236694336,43.86000061035156,30.07851219177246,47977800,
2008-07-23,44.08000183105469,44.35333251953125,43.77000045776367,43.92333221435547,30.121931076049805,142368000,
2008-07-24,43.65999984741211,44.0,41.58000183105469,42.29999923706055,29.008682250976562,33791200,"{""split"": {""numerator"": 3.0, ""denominator"": 1.0, ""split_ratio"": ""3:1""}}"
2008-07-25,42.650001525878906,42.75,42.2400016784668,42.59000015258789,29.207561492919922,26549400,
2008-07-28,42.63999938964844,42.7400016784668,41.75,41.869998931884766,28.71380043029785,22918200,
2008-07-29,41.9900016784668,44.189998626708984,41.7599983215332,44.189998626708984,30.304811477661133,28970800,
2008-07-30,43.470001220703125,44.400001525878906,42.02000045776367,43.72999954223633,29.98935317993164,38187600,
2008-07-31,42.84000015258789,43.689998626708984,42.650001525878906,42.75,29.317283630371094,65916000,
2008-08-01,43.20000076293945,43.20000076293945,42.15999984741211,42.459999084472656,29.11841583251953,36367800,
2008-08-04,41.95000076293945,42.08000183105469,40.959999084472656,41.15999984741211,28.226884841918945,55599400,
2008-08-05,41.20000076293945,41.790000915527344,41.0099983215332,41.689998626708984,28.590351104736328,42552600,
2008-08-06,41.599998474121094,42.52000045776367,41.54999923706055,42.52000045776367,29.159563064575195,34367700,
2008-08-07,41.720001220703125,41.79999923706055,40.939998626708984,41.060001373291016,28.158308029174805,38381200,
2008-08-08,40.56999969482422,41.290000915527344,40.40999984741211,41.15999984741211,28.226884841918945,51194100,
2008-08-11,40.90999984741211,41.13999938964844,40.58000183105469,40.72999954223633,27.932008743286133,43444700,
2008-08-12,40.41999816894531,40.709999084472656,39.9900016784668,40.38999938964844,27.698829650878906,39537600,
2008-08-13,40.040000915527344,40.52000045776367,39.63999938964844,40.380001068115234,27.691978454589844,52150600,
2008-08-14,40.36000061035156,41.06999969482422,40.349998474121094,40.90999984741211,28.055435180664062,34218600,
2008-08-15,40.7400016784668,40.95000076293945,40.20000076293945,40.27000045776367,27.616546630859375,37679300,
2008-08-18,40.45000076293945,40.5,39.2599983215332,39.59000015258789,27.150217056274414,34649700,
2008-08-19,39.130001068115234,39.38999938964844,38.72999954223633,39.2599983215332,26.92390251159668,58501700,
2008-08-20,39.790000915527344,40.290000915527344,39.65999984741211,40.2599983215332,27.609676361083984,39617100,
2008-08-21,39.7400016784668,40.439998626708984,39.66999816894531,40.20000076293945,27.568538665771484,26882500,
2008-08-22,40.439998626708984,40.459999084472656,39.66999816894531,40.16999816894531,27.547962188720703,19299700,
2008-08-25,40.040000915527344,40.099998474121094,39.310001373291016,39.34000015258789,26.978769302368164,30942400,
2008-08-26,39.459999084472656,39.65999984741211,39.20000076293945,39.40999984741211,27.026775360107422,25493200,
2008-08-27,39.7400016784668,40.349998474121094,39.630001068115234,40.25,27.60282325744629,31425700,
2008-08-28,40.33000183105469,40.61000061035156,40.22999954223633,40.529998779296875,27.79485511779785,29213700,
2008-08-29,40.45000076293945,40.47999954223633,39.849998474121094,40.04999923706055,27.465675354003906,26262300,
2008-09-02,39.369998931884766,39.709999084472656,38.7599983215332,38.84000015258789,26.635875701904297,43801700,
2008-09-03,38.7599983215332,38.7599983215332,37.90999984741211,38.20000076293945,26.196971893310547,58412400,
2008-09-04,37.77000045776367,37.90999984741211,36.400001525878906,36.439998626708984,24.989990234375,70453100,
2008-09-05,36.40999984741211,37.029998779296875,35.95000076293945,36.959999084472656,25.34659767150879,58892600,
2008-09-08,38.58000183105469,38.75,36.869998931884766,37.41999816894531,25.662050247192383,64826300,
2008-09-09,36.70000076293945,36.880001068115234,34.75,35.31999969482422,24.221904754638672,71020700,
2008-09-10,35.93000030517578,36.209999084472656,35.22999954223633,35.88999938964844,24.612802505493164,74811000,
2008-09-11,34.66999816894531,35.45000076293945,34.349998474121094,35.36000061035156,24.249340057373047,103649900,
2008-09-12,35.25,36.9900016784668,35.040000915527344,36.540000915527344,25.05857276916504,83241400,
2008-09-15,34.349998474121094,35.2599983215332,33.54999923706055,33.66999816894531,23.090362548828125,108168400,
2008-09-16,32.189998626708984,34.25,31.950000762939453,33.959999084472656,23.28923988342285,115788300,
2008-09-17,32.880001068115234,33.2400016784668,31.3799991607666,31.549999237060547,21.63650131225586,153448700,
2008-09-18,32.70000076293945,34.79999923706055,31.209999084472656,34.209999084472656,23.4606876373291,155272500,
2008-09-19,38.77000045776367,39.75,36.04999923706055,38.470001220703125,26.382129669189453,157949600,
2008-09-22,37.75,37.75,35.880001068115234,35.959999084472656,24.660812377929688,112364700,
2008-09-23,35.630001068115234,36.310001373291016,34.380001068115234,34.84000015258789,23.89273452758789,75596800,
2008-09-24,35.45000076293945,35.7400016784668,34.779998779296875,35.2400016784668,24.16703987121582,64728700,
2008-09-25,35.720001220703125,37.5,35.5,37.04999923706055,25.408315658569336,98210700,
2008-09-26,35.099998474121094,36.06999969482422,34.0,35.790000915527344,24.544231414794922,56618700,
2008-09-29,34.130001068115234,34.33000183105469,30.8799991607666,31.610000610351562,21.677644729614258,126723300,
2008-09-30,33.22999954223633,34.529998779296875,32.75,34.16999816894531,23.433256149291992,77582900,
2008-10-01,33.810001373291016,34.58000183105469,33.099998474121094,34.58000183105469,23.71442222595215,69638300,
2008-10-02,33.27000045776367,33.279998779296875,31.459999084472656,31.549999237060547,21.63650131225586,81034600,
2008-10-03,31.93000030517578,33.08000183105469,30.649999618530273,30.719999313354492,21.067298889160156,83974700,
2008-10-06,28.479999542236328,28.8799991607666,26.520000457763672,28.40999984741211,19.483142852783203,155814800,
2008-10-07,28.8700008392334,29.110000610351562,26.200000762939453,26.200000762939453,17.967552185058594,115117100,
2008-10-08,25.600000381469727,27.3799991607666,25.149999618530273,26.200000762939453,17.967552185058594,133618100,
2008-10-09,26.889999389648438,27.299999237060547,24.15999984741211,24.270000457763672,16.643991470336914,129263500,
2008-10-10,23.170000076293945,25.989999771118164,22.239999771118164,24.549999237060547,16.836008071899414,181837700,
2008-10-13,26.75,30.3700008392334,26.18000030517578,30.139999389648438,20.66954231262207,177204100,
2008-10-14,30.100000381469727,31.25,27.809999465942383,28.639999389648438,19.6408748626709,154341500,
2008-10-15,26.850000381469727,26.950000762939453,23.90999984741211,24.010000228881836,16.465686798095703,153732000,
2008-10-16,24.600000381469727,25.190000534057617,22.549999237060547,25.190000534057617,17.27490997314453,182101100,
2008-10-17,23.899999618530273,25.899999618530273,23.579999923706055,24.399999618530273,16.733137130737305,121812700,
2008-10-20,25.15999984741211,26.209999084472656,24.790000915527344,26.110000610351562,17.905832290649414,84463900,
2008-10-21,25.0,25.350000381469727,24.030000686645508,24.030000686645508,16.479406356811523,86398800,
2008-10-22,22.950000762939453,23.110000610351562,21.139999389648438,21.5,14.744366645812988,157052000,
2008-10-23,21.399999618530273,22.530000686645508,20.65999984741211,22.100000381469727,15.155839920043945,153277100,
2008-10-24,19.3799991607666,20.809999465942383,19.190000534057617,19.81999969482422,13.592245101928711,170199600,
2008-10-27,19.309999465942383,20.440000534057617,19.15999984741211,19.299999237060547,13.235640525817871,142877900,
2008-10-28,20.639999389648438,24.239999771118164,20.100000381469727,23.34000015258789,16.006206512451172,219283400,
2008-10-29,22.219999313354492,24.010000228881836,21.770000457763672,22.600000381469727,15.498732566833496,159872300,
2008-10-30,24.5,25.75,24.3700008392334,25.649999618530273,17.59037208557129,186225900,
2008-10-31,25.020000457763672,25.950000762939453,24.75,25.43000030517578,17.439498901367188,162086800,
2008-11-03,25.639999389648438,25.760000228881836,25.09000015258789,25.200000762939453,17.28177833557129,90109900,
2008-11-04,26.420000076293945,27.6299991607666,26.149999618530273,27.5,18.85907554626465,138685300,
2008-11-05,26.149999618530273,26.3799991607666,23.799999237060547,24.0,16.458833694458008,153152800,
2008-11-06,23.940000534057617,24.18000030517578,22.329999923706055,22.790000915527344,15.629032135009766,158025800,
2008-11-07,23.850000381469727,24.68000030517578,23.40999984741211,24.639999389648438,16.897729873657227,152078400,
2008-11-10,25.709999084472656,25.709999084472656,24.18000030517578,24.8700008392334,17.055461883544922,96111900,
2008-11-11,24.030000686645508,24.280000686645508,22.90999984741211,23.31999969482422,15.992493629455566,128587900,
2008-11-12,22.81999969482422,22.84000015258789,21.34000015258789,21.59000015258789,14.806085586547852,182266000,
2008-11-13,21.959999084472656,24.729999542236328,20.889999389648438,24.579999923706055,16.856582641601562,241229100,
2008-11-14,23.200000762939453,23.65999984741211,22.149999618530273,22.219999313354492,15.238127708435059,180106800,
2008-11-17,22.040000915527344,22.790000915527344,21.690000534057617,21.850000381469727,14.984393119812012,118832400,
2008-11-18,21.56999969482422,21.969999313354492,20.68000030517578,21.530000686645508,14.76494026184082,111377600,
2008-11-19,21.1299991607666,21.360000610351562,19.610000610351562,19.670000076293945,13.489384651184082,155995700,
2008-11-20,19.489999771118164,20.06999969482422,18.219999313354492,18.260000228881836,12.52242660522461,244592200,
2008-11-21,20.040000915527344,20.989999771118164,18.979999542236328,20.889999389648438,14.326035499572754,248682100,
2008-11-24,20.799999237060547,22.649999618530273,20.780000686645508,22.15999984741211,15.196988105773926,188103000,
2008-11-25,22.549999237060547,22.600000381469727,21.239999771118164,21.739999771118164,14.908954620361328,133691700,
2008-11-26,21.610000610351562,23.440000534057617,21.56999969482422,23.399999618530273,16.047361373901367,120738500,
2008-11-28,22.84000015258789,23.079999923706055,22.729999542236328,22.950000762939453,15.73875617980957,36642700,
2008-12-01,22.149999618530273,22.200000762939453,20.690000534057617,20.739999771118164,14.223169326782227,138664600,
2008-12-02,21.639999389648438,22.1299991607666,21.139999389648438,22.049999237060547,15.12154769897461,112480900,
2008-12-03,21.260000228881836,22.3700008392334,21.149999618530273,22.229999542236328,15.24498462677002,93150400,
2008-12-04,21.6200008392334,22.200000762939453,21.020000457763672,21.280000686645508,14.59349536895752,117519200,
2008-12-05,21.1299991607666,22.549999237060547,20.8799991607666,22.540000915527344,15.457586288452148,96640400,
2008-12-08,23.420000076293945,24.209999084472656,23.3799991607666,23.979999542236328,16.445110321044922,122277400,
2008-12-09,23.670000076293945,24.290000915527344,23.280000686645508,23.649999618530273,16.218799591064453,103924100,
2008-12-10,24.3700008392334,25.1200008392334,24.329999923706055,25.059999465942383,17.185762405395508,100967300,
2008-12-11,24.850000381469727,25.579999923706055,24.329999923706055,24.420000076293945,16.74686050415039,112643600,
2008-12-12,23.8700008392334,24.969999313354492,23.700000762939453,24.760000228881836,16.980022430419922,98443000,
2008-12-15,24.8700008392334,24.90999984741211,24.1200008392334,24.43000030517578,16.753719329833984,67469800,
2008-12-16,24.809999465942383,26.459999084472656,24.700000762939453,26.3799991607666,18.09099578857422,146597700,
2008-12-17,25.709999084472656,26.329999923706055,25.6200008392334,25.920000076293945,17.775531768798828,97104500,
2008-12-18,26.079999923706055,26.170000076293945,25.219999313354492,25.350000381469727,17.384634017944336,92867800,
2008-12-19,25.690000534057617,26.0,25.190000534057617,25.440000534057617,17.446359634399414,56422900,
2008-12-22,25.25,25.31999969482422,24.18000030517578,24.489999771118164,16.79486083984375,73538500,
2008-12-23,24.18000030517578,24.329999923706055,23.799999237060547,23.950000762939453,16.655773162841797,70285300,"{""dividend_amount"": 0.34}"
2008-12-24,24.149999618530273,24.299999237060547,23.670000076293945,24.1200008392334,16.77400016784668,29365000,
2008-12-26,24.149999618530273,24.219999313354492,23.729999542236328,24.040000915527344,16.71836280822754,24728700,
2008-12-29,24.34000015258789,24.399999618530273,23.790000915527344,24.0,16.690549850463867,36240900,
2008-12-30,24.209999084472656,24.709999084472656,24.15999984741211,24.639999389648438,17.13562774658203,50083900,
2008-12-31,24.450000762939453,25.06999969482422,24.329999923706055,24.969999313354492,17.365121841430664,44815800,
2009-01-02,25.200000762939453,26.3700008392334,25.1299991607666,26.15999984741211,18.19269371032715,69494900,
2009-01-05,26.0,26.760000228881836,25.940000534057617,26.5,18.429147720336914,64779500,
2009-01-06,26.889999389648438,27.280000686645508,26.700000762939453,27.100000381469727,18.84640884399414,67960000,
2009-01-07,26.34000015258789,26.360000610351562,25.440000534057617,25.540000915527344,17.76152229309082,83175000,
2009-01-08,25.09000015258789,25.489999771118164,24.899999618530273,25.43000030517578,17.685026168823242,56783900,
2009-01-09,25.239999771118164,25.34000015258789,24.6299991607666,24.8799991607666,17.302536010742188,103377500,
2009-01-12,24.600000381469727,24.6200008392334,23.65999984741211,23.829999923706055,16.572324752807617,65283500,
2009-01-13,23.690000534057617,24.229999542236328,23.56999969482422,23.899999618530273,16.621000289916992,55003100,
2009-01-14,23.3700008392334,23.3799991607666,22.530000686645508,22.739999771118164,15.814295768737793,103322800,
2009-01-15,22.760000228881836,23.280000686645508,21.920000076293945,23.0,15.995108604431152,109003500,
2009-01-16,23.65999984741211,23.68000030517578,22.530000686645508,23.25,16.168964385986328,79520400,
2009-01-20,22.530000686645508,22.600000381469727,21.489999771118164,21.520000457763672,14.965855598449707,126067100,
2009-01-21,22.09000015258789,22.799999237060547,21.540000915527344,22.690000534057617,15.779522895812988,103794300,
2009-01-22,21.940000534057617,22.360000610351562,21.459999084472656,21.940000534057617,15.257938385009766,83312100,
2009-01-23,21.1299991607666,22.43000030517578,21.09000015258789,22.219999313354492,15.452668190002441,77371100,
2009-01-26,22.450000762939453,23.079999923706055,22.209999084472656,22.479999542236328,15.633471488952637,67314400,
2009-01-27,22.75,23.059999465942383,22.549999237060547,22.8799991607666,15.911656379699707,72898600,
2009-01-28,23.600000381469727,24.18000030517578,23.479999542236328,24.040000915527344,16.71836280822754,93809800,
2009-01-29,23.270000457763672,23.360000610351562,22.809999465942383,22.81999969482422,15.869924545288086,59937600,
2009-01-30,23.079999923706055,23.31999969482422,22.469999313354492,22.649999618530273,15.751700401306152,99451200,
2009-02-02,22.200000762939453,22.6200008392334,22.100000381469727,22.420000076293945,15.591750144958496,47753900,
2009-02-03,22.649999618530273,23.15999984741211,22.389999389648438,23.09000015258789,16.057695388793945,53163700,
2009-02-04,23.31999969482422,23.790000915527344,23.059999465942383,23.260000228881836,16.17591667175293,65511300,
2009-02-05,23.110000610351562,24.020000457763672,22.889999389648438,23.75,16.516681671142578,95946700,
2009-02-06,24.110000610351562,25.040000915527344,24.020000457763672,24.940000534057617,17.344261169433594,79125400,
2009-02-09,24.899999618530273,25.110000610351562,24.600000381469727,24.809999465942383,17.25385284423828,53789200,
2009-02-10,24.6200008392334,24.850000381469727,23.309999465942383,23.309999465942383,16.210691452026367,92940400,
2009-02-11,23.899999618530273,24.170000076293945,23.43000030517578,24.010000228881836,16.69750213623047,66598400,
2009-02-12,23.270000457763672,23.90999984741211,23.059999465942383,23.860000610351562,16.593183517456055,69735000,
2009-02-13,23.959999084472656,24.139999389648438,23.65999984741211,23.979999542236328,16.676637649536133,58072700,
2009-02-17,22.59000015258789,22.709999084472656,22.079999923706055,22.450000762939453,15.612614631652832,115591100,
2009-02-18,22.469999313354492,22.700000762939453,21.8799991607666,22.290000915527344,15.501350402832031,83947600,
2009-02-19,22.760000228881836,22.780000686645508,22.030000686645508,22.079999923706055,15.355302810668945,59593900,
2009-02-20,21.399999618530273,21.950000762939453,21.200000762939453,21.520000457763672,14.965855598449707,102871400,
2009-02-23,22.1299991607666,22.18000030517578,20.950000762939453,20.989999771118164,14.597270965576172,103469300,
2009-02-24,21.190000534057617,22.200000762939453,21.049999237060547,22.139999389648438,15.39703369140625,99563300,
2009-02-25,21.979999542236328,22.219999313354492,21.399999618530273,21.760000228881836,15.132766723632812,81182000,
2009-02-26,22.040000915527344,22.299999237060547,21.540000915527344,21.56999969482422,15.000630378723145,56997700,
2009-02-27,21.010000228881836,21.950000762939453,21.0,21.229999542236328,14.764182090759277,74829200,
2009-03-02,20.6200008392334,20.760000228881836,19.860000610351562,19.940000534057617,13.867064476013184,97424500,
2009-03-03,20.450000762939453,20.610000610351562,19.889999389648438,20.219999313354492,14.061781883239746,85418100,
2009-03-04,21.25,21.950000762939453,21.059999465942383,21.639999389648438,15.04930591583252,102892700,
2009-03-05,20.889999389648438,21.209999084472656,20.6299991607666,20.75,14.43036937713623,101629700,
2009-03-06,21.18000030517578,21.459999084472656,20.549999237060547,21.100000381469727,14.673775672912598,76598000,
2009-03-09,20.81999969482422,21.31999969482422,20.6299991607666,20.690000534057617,14.388640403747559,67052500,
2009-03-10,21.579999923706055,22.389999389648438,21.510000228881836,22.3700008392334,15.55698013305664,92651000,
2009-03-11,22.540000915527344,22.700000762939453,22.030000686645508,22.3700008392334,15.55698013305664,73894400,
2009-03-12,22.280000686645508,23.280000686645508,22.190000534057617,23.229999542236328,16.155059814453125,77706800,
2009-03-13,23.40999984741211,23.489999771118164,22.8700008392334,23.360000610351562,16.24546241760254,67993700,
2009-03-16,23.729999542236328,24.0,23.350000381469727,23.3799991607666,16.259368896484375,58545900,
2009-03-17,23.31999969482422,23.889999389648438,23.149999618530273,23.889999389648438,16.61404800415039,61603300,
2009-03-18,23.639999389648438,24.510000228881836,23.280000686645508,24.389999389648438,16.961769104003906,80664200,
2009-03-19,24.670000076293945,24.739999771118164,24.1200008392334,24.229999542236328,16.850494384765625,95853100,
2009-03-20,24.15999984741211,24.360000610351562,23.81999969482422,23.899999618530273,16.621000289916992,68480300,
2009-03-23,24.959999084472656,26.149999618530273,24.90999984741211,26.110000610351562,18.15792465209961,135850200,
2009-03-24,25.43000030517578,25.799999237060547,25.219999313354492,25.299999237060547,17.594619750976562,101954700,
2009-03-25,25.530000686645508,26.1299991607666,25.170000076293945,25.68000030517578,17.858882904052734,111157000,
2009-03-26,26.260000228881836,26.479999542236328,25.979999542236328,26.3799991607666,18.34569549560547,76714100,
2009-03-27,25.809999465942383,25.84000015258789,25.43000030517578,25.600000381469727,17.803251266479492,98452500,
2009-03-30,24.530000686645508,24.540000915527344,24.06999969482422,24.280000686645508,16.885271072387695,78970500,
2009-03-31,24.969999313354492,25.200000762939453,24.670000076293945,24.809999465942383,17.25385284423828,83243900,
2009-04-01,24.799999237060547,25.709999084472656,24.719999313354492,25.6299991607666,17.824111938476562,62557700,
2009-04-02,26.59000015258789,27.40999984741211,26.559999465942383,27.020000457763672,18.790769577026367,106959400,
2009-04-03,26.84000015258789,27.420000076293945,26.739999771118164,27.350000381469727,19.020267486572266,75869500,
2009-04-06,27.059999465942383,27.110000610351562,26.559999465942383,27.010000228881836,18.78382110595703,71265800,
2009-04-07,26.540000915527344,26.719999313354492,26.34000015258789,26.389999389648438,18.352642059326172,45654200,
2009-04-08,26.600000381469727,27.0,26.40999984741211,26.780000686645508,18.62386703491211,48555500,
2009-04-09,27.68000030517578,27.969999313354492,27.6299991607666,27.950000762939453,19.437538146972656,90146100,
2009-04-13,27.8799991607666,28.260000228881836,27.639999389648438,28.1200008392334,19.55575942993164,52643700,
2009-04-14,27.950000762939453,28.219999313354492,27.610000610351562,27.670000076293945,19.242809295654297,59824500,
2009-04-15,27.75,28.079999923706055,27.579999923706055,28.06999969482422,19.52098846435547,54941500,
2009-04-16,28.219999313354492,28.5,27.8700008392334,28.309999465942383,19.68789291381836,81078700,
2009-04-17,28.260000228881836,28.34000015258789,27.969999313354492,28.110000610351562,19.548799514770508,53672500,
2009-04-20,27.389999389648438,27.399999618530273,26.709999084472656,26.739999771118164,18.596052169799805,81304500,
2009-04-21,26.670000076293945,27.3799991607666,26.489999771118164,27.309999465942383,18.992450714111328,78959000,
2009-04-22,26.899999618530273,27.600000381469727,26.850000381469727,27.079999923706055,18.832500457763672,49027000,
2009-04-23,27.459999084472656,27.559999465942383,27.100000381469727,27.5,19.12458038330078,60314600,
2009-04-24,27.93000030517578,28.170000076293945,27.760000228881836,28.020000457763672,19.48621368408203,55511400,
2009-04-27,27.200000762939453,27.5,26.90999984741211,27.079999923706055,18.832500457763672,63328900,
2009-04-28,26.520000457763672,27.239999771118164,26.5,26.989999771118164,18.769912719726562,47904400,
2009-04-29,27.739999771118164,28.65999984741211,27.649999618530273,28.40999984741211,19.75743293762207,74377700,
2009-04-30,28.950000762939453,29.030000686645508,28.43000030517578,28.670000076293945,19.93825340270996,98171200,
2009-05-01,28.709999084472656,29.309999465942383,28.579999923706055,29.09000015258789,20.230337142944336,57110400,
2009-05-04,29.950000762939453,32.04999923706055,29.850000381469727,31.100000381469727,21.628175735473633,98247800,
2009-05-05,30.860000610351562,30.889999389648438,30.469999313354492,30.81999969482422,21.433443069458008,68791600,
2009-05-06,31.270000457763672,31.600000381469727,30.889999389648438,31.350000381469727,21.802030563354492,73761000,
2009-05-07,31.790000915527344,31.809999465942383,30.329999923706055,30.56999969482422,21.259584426879883,75753800,
2009-05-08,31.280000686645508,31.690000534057617,30.93000030517578,31.59000015258789,21.96893310546875,75762100,
2009-05-11,31.0,31.15999984741211,30.649999618530273,30.850000381469727,21.454309463500977,58826800,
2009-05-12,31.350000381469727,31.420000076293945,30.670000076293945,31.06999969482422,21.607303619384766,49679000,
2009-05-13,30.360000610351562,30.440000534057617,29.829999923706055,29.93000030517578,20.81450653076172,67084800,
2009-05-14,29.809999465942383,30.549999237060547,29.780000686645508,30.360000610351562,21.113542556762695,44896300,
2009-05-15,30.3799991607666,30.6299991607666,29.850000381469727,30.079999923706055,20.918819427490234,53304900,
2009-05-18,31.09000015258789,31.860000610351562,31.0,31.75,22.08020782470703,74264200,
2009-05-19,31.8700008392334,32.45000076293945,31.739999771118164,32.11000061035156,22.330564498901367,73775000,
2009-05-20,32.4900016784668,32.90999984741211,32.09000015258789,32.209999084472656,22.400102615356445,77054600,
2009-05-21,31.610000610351562,31.790000915527344,31.229999542236328,31.610000610351562,21.982845306396484,63183300,
2009-05-22,31.690000534057617,32.08000183105469,31.579999923706055,31.75,22.08020782470703,44241600,
2009-05-26,31.25,32.20000076293945,30.969999313354492,32.130001068115234,22.344478607177734,67058200,
2009-05-27,32.4900016784668,32.630001068115234,31.739999771118164,31.760000228881836,22.087154388427734,98036100,
2009-05-28,32.290000915527344,32.83000183105469,32.02000045776367,32.7400016784668,22.768692016601562,69977300,
2009-05-29,33.27000045776367,33.40999984741211,32.880001068115234,33.2400016784668,23.116413116455078,70410400,
2009-06-01,34.2599983215332,34.88999938964844,34.099998474121094,34.63999938964844,24.090023040771484,75198300,
2009-06-02,34.22999954223633,34.459999084472656,33.959999084472656,34.13999938964844,23.742305755615234,100627600,
2009-06-03,33.630001068115234,33.75,32.4900016784668,32.93000030517578,22.90082550048828,108756900,
2009-06-04,33.18000030517578,33.650001525878906,30.780000686645508,33.540000915527344,23.325044631958008,71566500,
2009-06-05,34.15999984741211,34.16999816894531,33.130001068115234,33.61000061035156,23.373722076416016,71692700,
2009-06-08,32.880001068115234,33.369998931884766,32.599998474121094,33.09000015258789,23.012094497680664,64025700,
2009-06-09,33.29999923706055,33.349998474121094,32.689998626708984,33.150001525878906,23.05381965637207,62174500,
2009-06-10,33.90999984741211,33.95000076293945,33.099998474121094,33.56999969482422,23.345901489257812,60045900,
2009-06-11,33.72999954223633,34.599998474121094,33.689998626708984,34.290000915527344,23.846616744995117,68831300,
2009-06-12,33.81999969482422,33.869998931884766,33.400001525878906,33.7400016784668,23.464126586914062,55824300,
2009-06-15,33.08000183105469,33.099998474121094,32.18000030517578,32.529998779296875,22.622636795043945,75789300,
2009-06-16,32.70000076293945,32.880001068115234,31.920000076293945,32.040000915527344,22.28188133239746,71535900,
2009-06-17,31.790000915527344,32.0099983215332,31.329999923706055,31.68000030517578,22.031526565551758,94091200,
2009-06-18,31.549999237060547,31.8799991607666,31.350000381469727,31.59000015258789,21.96893310546875,62572000,
2009-06-19,32.02000045776367,32.06999969482422,31.670000076293945,31.75,22.08020782470703,60687200,
2009-06-22,31.309999465942383,31.389999389648438,30.579999923706055,30.600000381469727,21.280445098876953,80985000,
2009-06-23,30.559999465942383,30.649999618530273,30.1200008392334,30.549999237060547,21.418563842773438,87108200,"{""dividend_amount"": 0.247}"
2009-06-24,31.360000610351562,31.690000534057617,31.0,31.219999313354492,21.888307571411133,80955800,
2009-06-25,31.020000457763672,32.150001525878906,31.010000228881836,32.150001525878906,22.540325164794922,83273600,
2009-06-26,32.15999984741211,32.47999954223633,32.060001373291016,32.31999969482422,22.659509658813477,64981100,
2009-06-29,32.61000061035156,32.65999984741211,32.22999954223633,32.560001373291016,22.82777214050293,52781900,
2009-06-30,32.529998779296875,32.66999816894531,32.0,32.22999954223633,22.59640884399414,92032200,
2009-07-01,32.91999816894531,33.20000076293945,32.7400016784668,32.81999969482422,23.01006317138672,83474500,
2009-07-02,32.2599983215332,32.279998779296875,31.8700008392334,31.920000076293945,22.379070281982422,59912900,
2009-07-06,31.469999313354492,31.899999618530273,31.219999313354492,31.850000381469727,22.329998016357422,52119200,
2009-07-07,31.799999237060547,31.8700008392334,31.079999923706055,31.100000381469727,21.80417251586914,68778800,
2009-07-08,31.219999313354492,31.309999465942383,30.25,30.739999771118164,21.551774978637695,92051000,
2009-07-09,31.389999389648438,31.549999237060547,31.059999465942383,31.290000915527344,21.937379837036133,64758500,
2009-07-10,30.8700008392334,31.059999465942383,30.579999923706055,30.920000076293945,21.677968978881836,74323300,
2009-07-13,30.729999542236328,31.299999237060547,30.299999237060547,31.139999389648438,21.832216262817383,70112100,
2009-07-14,31.520000457763672,31.639999389648438,31.170000076293945,31.479999542236328,22.070585250854492,41729700,
2009-07-15,32.41999816894531,33.209999084472656,32.369998931884766,33.16999816894531,23.255443572998047,91648100,
2009-07-16,32.97999954223633,33.459999084472656,32.720001220703125,33.22999954223633,23.297508239746094,63985200,
2009-07-17,33.33000183105469,33.650001525878906,33.13999938964844,33.56999969482422,23.535877227783203,56901900,
2009-07-20,34.38999938964844,34.77000045776367,34.290000915527344,34.77000045776367,24.377197265625,68482100,
2009-07-21,34.95000076293945,34.970001220703125,34.130001068115234,34.66999816894531,24.307086944580078,68861800,
2009-07-22,34.18000030517578,34.88999938964844,34.15999984741211,34.59000015258789,24.251005172729492,69406200,
2009-07-23,34.84000015258789,35.779998779296875,34.77000045776367,35.56999969482422,24.938079833984375,79876800,
2009-07-24,35.20000076293945,35.43000030517578,34.93000030517578,35.400001525878906,24.818889617919922,49263200,
2009-07-27,35.54999923706055,35.75,35.189998626708984,35.709999084472656,25.036231994628906,42808800,
2009-07-28,35.400001525878906,35.650001525878906,35.040000915527344,35.54999923706055,24.924055099487305,53859400,
2009-07-29,35.11000061035156,35.130001068115234,34.529998779296875,34.75,24.363170623779297,53099700,
2009-07-30,35.72999954223633,36.02000045776367,35.56999969482422,35.61000061035156,24.966123580932617,90259400,
2009-07-31,35.84000015258789,36.04999923706055,35.52000045776367,35.779998779296875,25.085317611694336,119531600,
2009-08-03,36.7400016784668,37.189998626708984,36.56999969482422,37.119998931884766,26.024776458740234,78103100,
2009-08-04,36.54999923706055,36.9900016784668,36.47999954223633,36.779998779296875,25.786409378051758,53355600,
2009-08-05,36.47999954223633,36.619998931884766,35.91999816894531,36.470001220703125,25.569067001342773,47802100,
2009-08-06,36.65999984741211,36.709999084472656,35.790000915527344,36.16999816894531,25.358739852905273,53346600,
2009-08-07,36.5099983215332,36.75,36.189998626708984,36.529998779296875,25.61113739013672,57768600,
2009-08-10,36.220001220703125,36.33000183105469,35.810001373291016,36.119998931884766,25.32369041442871,61356900,
2009-08-11,35.81999969482422,35.84000015258789,35.220001220703125,35.439998626708984,24.84693717956543,70127000,
2009-08-12,35.310001373291016,36.0,35.290000915527344,35.7599983215332,25.0712890625,64542700,
2009-08-13,36.36000061035156,36.38999938964844,35.810001373291016,36.380001068115234,25.505964279174805,67566500,
2009-08-14,36.33000183105469,36.369998931884766,35.54999923706055,35.720001220703125,25.04324722290039,52588400,
2009-08-17,34.470001220703125,34.540000915527344,34.130001068115234,34.31999969482422,24.061708450317383,105003100,
2009-08-18,34.77000045776367,35.09000015258789,34.66999816894531,35.06999969482422,24.587528228759766,67450600,
2009-08-19,34.380001068115234,35.25,34.279998779296875,35.15999984741211,24.650623321533203,67893600,
2009-08-20,35.2599983215332,35.84000015258789,35.18000030517578,35.77000045776367,25.07829475402832,71352300,
2009-08-21,36.11000061035156,36.43000030517578,35.970001220703125,36.310001373291016,25.456892013549805,81207200,
2009-08-24,36.709999084472656,36.90999984741211,36.33000183105469,36.470001220703125,25.569067001342773,58467000,
2009-08-25,36.72999954223633,37.0,36.369998931884766,36.38999938964844,25.51297950744629,61418900,
2009-08-26,36.209999084472656,36.380001068115234,35.9900016784668,36.279998779296875,25.43585777282715,57206000,
2009-08-27,36.04999923706055,36.279998779296875,35.529998779296875,36.209999084472656,25.38678550720215,59720400,
2009-08-28,36.41999816894531,36.47999954223633,35.81999969482422,36.02000045776367,25.25358009338379,51683600,
2009-08-31,35.40999984741211,35.439998626708984,35.189998626708984,35.310001373291016,24.755802154541016,72348200,
2009-09-01,35.400001525878906,35.869998931884766,34.61000061035156,34.63999938964844,24.28605842590332,95728700,
2009-09-02,34.689998626708984,35.15999984741211,34.63999938964844,35.0099983215332,24.545455932617188,68401900,
2009-09-03,35.52000045776367,35.7400016784668,35.189998626708984,35.709999084472656,25.036231994628906,53720900,
2009-09-04,35.970001220703125,36.439998626708984,35.66999816894531,36.400001525878906,25.51999855041504,58976200,
2009-09-08,37.029998779296875,37.209999084472656,36.970001220703125,37.150001525878906,26.04582405090332,59862900,
2009-09-09,37.29999923706055,37.59000015258789,37.11000061035156,37.349998474121094,26.186033248901367,67098400,
2009-09-10,37.369998931884766,37.869998931884766,35.529998779296875,37.84000015258789,26.529571533203125,58466700,
2009-09-11,37.97999954223633,38.16999816894531,37.61000061035156,37.86000061035156,26.543594360351562,45286800,
2009-09-14,37.310001373291016,37.79999923706055,37.2599983215332,37.720001220703125,26.44544219970703,36747500,
2009-09-15,37.779998779296875,38.20000076293945,37.650001525878906,38.16999816894531,26.76093292236328,61595600,
2009-09-16,38.72999954223633,42.0,38.529998779296875,39.130001068115234,27.433992385864258,80170500,
2009-09-17,39.029998779296875,39.349998474121094,38.7400016784668,38.91999816894531,27.286760330200195,76626800,
2009-09-18,39.11000061035156,39.150001525878906,38.84000015258789,39.029998779296875,27.36388397216797,66818800,
2009-09-21,38.5099983215332,38.77000045776367,38.150001525878906,38.689998626708984,27.125505447387695,78144500,
2009-09-22,39.209999084472656,39.36000061035156,38.95000076293945,39.279998779296875,27.539154052734375,46286700,
2009-09-23,39.209999084472656,39.5099983215332,38.689998626708984,38.689998626708984,27.125505447387695,72549000,
2009-09-24,38.83000183105469,38.900001525878906,37.70000076293945,37.93000030517578,26.592674255371094,93478600,
2009-09-25,37.93000030517578,38.279998779296875,37.849998474121094,38.09000015258789,26.704851150512695,61306900,
2009-09-28,38.189998626708984,38.83000183105469,38.119998931884766,38.58000183105469,27.048381805419922,52268400,
2009-09-29,38.779998779296875,38.900001525878906,38.40999984741211,38.66999816894531,27.111488342285156,42189900,
2009-09-30,38.970001220703125,39.31999969482422,38.400001525878906,38.90999984741211,27.279748916625977,147148900,
2009-10-01,38.810001373291016,38.869998931884766,37.790000915527344,37.849998474121094,26.53658676147461,107061100,
2009-10-02,37.380001068115234,37.97999954223633,37.29999923706055,37.86000061035156,26.543594360351562,73683200,
2009-10-05,38.209999084472656,38.849998474121094,38.0099983215332,38.7400016784668,27.16056251525879,73828900,
2009-10-06,39.13999938964844,39.779998779296875,39.060001373291016,39.380001068115234,27.609264373779297,80646200,
2009-10-07,39.2599983215332,39.40999984741211,38.97999954223633,39.34000015258789,27.58121681213379,51404500,
2009-10-08,39.68000030517578,39.959999084472656,39.40999984741211,39.81999969482422,27.917747497558594,62070300,
2009-10-09,39.79999923706055,39.959999084472656,39.68000030517578,39.849998474121094,27.938779830932617,54136800,
2009-10-12,40.119998931884766,40.380001068115234,39.9900016784668,40.18000030517578,28.17014503479004,38014600,
2009-10-13,40.099998474121094,40.33000183105469,39.75,40.25,28.219219207763672,58368400,
2009-10-14,41.08000183105469,41.54999923706055,40.95000076293945,41.54999923706055,29.130651473999023,96043000,
2009-10-15,41.11000061035156,41.41999816894531,41.02000045776367,41.31999969482422,28.969392776489258,72494700,
2009-10-16,40.689998626708984,40.91999816894531,40.349998474121094,40.75,28.56976890563965,72392900,
2009-10-19,41.09000015258789,41.599998474121094,40.90999984741211,41.529998779296875,29.116622924804688,60428800,
2009-10-20,41.310001373291016,41.31999969482422,40.56999969482422,40.97999954223633,28.731029510498047,84292300,
2009-10-21,40.790000915527344,41.54999923706055,40.7400016784668,40.7599983215332,28.5767765045166,74510100,
2009-10-22,40.70000076293945,41.2400016784668,40.29999923706055,41.099998474121094,28.81514549255371,71024900,
2009-10-23,41.36000061035156,41.43000030517578,40.54999923706055,40.7599983215332,28.5767765045166,73930400,
2009-10-26,41.099998474121094,41.43000030517578,40.15999984741211,40.25,28.219219207763672,79280900,
2009-10-27,40.2599983215332,40.31999969482422,39.54999923706055,39.54999923706055,27.728456497192383,95899600,
2009-10-28,39.13999938964844,39.13999938964844,37.650001525878906,37.7400016784668,26.459463119506836,169924100,
2009-10-29,38.400001525878906,39.52000045776367,38.400001525878906,39.40999984741211,27.630298614501953,99431400,
2009-10-30,39.06999969482422,39.099998474121094,37.31999969482422,37.56999969482422,26.34027862548828,222474200,
2009-11-02,38.130001068115234,38.689998626708984,37.47999954223633,38.130001068115234,26.73289680480957,137964200,
2009-11-03,37.439998626708984,38.31999969482422,37.400001525878906,38.189998626708984,26.77495574951172,71908600,
2009-11-04,39.040000915527344,39.400001525878906,38.630001068115234,38.900001525878906,27.27274513244629,95721700,
2009-11-05,39.18000030517578,39.709999084472656,38.9900016784668,39.70000076293945,27.833620071411133,75480000,
2009-11-06,39.310001373291016,39.869998931884766,39.209999084472656,39.650001525878906,27.798564910888672,58868500,
2009-11-09,40.369998931884766,41.15999984741211,40.36000061035156,41.11000061035156,28.822166442871094,106762900,
2009-11-10,40.66999816894531,41.130001068115234,40.61000061035156,40.91999816894531,28.688955307006836,62713800,
2009-11-11,41.4900016784668,41.630001068115234,40.97999954223633,41.27000045776367,28.934335708618164,69184200,
2009-11-12,40.970001220703125,41.18000030517578,40.279998779296875,40.349998474121094,28.289329528808594,75713600,
2009-11-13,40.61000061035156,41.16999816894531,40.43000030517578,41.040000915527344,28.773088455200195,70021000,
2009-11-16,41.630001068115234,42.2400016784668,41.61000061035156,42.06999969482422,29.495220184326172,101093400,
2009-11-17,41.650001525878906,41.91999816894531,41.369998931884766,41.91999816894531,29.39005470275879,49649500,
2009-11-18,41.900001525878906,41.970001220703125,41.459999084472656,41.59000015258789,29.158681869506836,46360800,
2009-11-19,41.13999938964844,41.13999938964844,40.45000076293945,40.81999969482422,28.618846893310547,119413400,
2009-11-20,40.599998474121094,40.81999969482422,40.38999938964844,40.650001525878906,28.499662399291992,66353700,
2009-11-23,41.54999923706055,41.86000061035156,41.31999969482422,41.5,29.095596313476562,62386100,
2009-11-24,41.20000076293945,41.310001373291016,40.790000915527344,41.27000045776367,28.934335708618164,71683700,
2009-11-25,41.47999954223633,41.790000915527344,41.2400016784668,41.75,29.270872116088867,56185100,
2009-11-27,39.77000045776367,40.650001525878906,39.290000915527344,40.130001068115234,28.135086059570312,105903600,
2009-11-30,40.459999084472656,40.619998931884766,40.06999969482422,40.52000045776367,28.408517837524414,102168700,
2009-12-01,41.34000015258789,41.83000183105469,41.29999923706055,41.68000030517578,29.221792221069336,88987900,
2009-12-02,41.720001220703125,42.15999984741211,41.68000030517578,41.849998474121094,29.340970993041992,64268600,
2009-12-03,42.09000015258789,42.310001373291016,41.38999938964844,41.459999084472656,29.067550659179688,65363400,
2009-12-04,42.27000045776367,42.52000045776367,41.29999923706055,41.84000015258789,29.333961486816406,108670600,
2009-12-07,41.56999969482422,41.90999984741211,41.45000076293945,41.47999954223633,29.081565856933594,78376400,
2009-12-08,41.06999969482422,41.09000015258789,40.599998474121094,40.709999084472656,28.541728973388672,76088400,
2009-12-09,40.77000045776367,41.0,40.5099983215332,40.959999084472656,28.71700096130371,62353800,
2009-12-10,41.16999816894531,41.349998474121094,40.91999816894531,41.20000076293945,28.8852596282959,43126100,
2009-12-11,41.400001525878906,41.439998626708984,41.09000015258789,41.349998474121094,28.99043083190918,41518600,
2009-12-14,41.54999923706055,41.70000076293945,41.380001068115234,41.630001068115234,29.18674659729004,54210800,
2009-12-15,41.18000030517578,41.56999969482422,41.150001525878906,41.20000076293945,28.8852596282959,47034600,
2009-12-16,41.5099983215332,41.84000015258789,41.29999923706055,41.439998626708984,29.053525924682617,45982000,
2009-12-17,40.70000076293945,40.77000045776367,40.2400016784668,40.25,28.219219207763672,77310300,
2009-12-18,40.38999938964844,40.5,40.0,40.36000061035156,28.296342849731445,61829500,
2009-12-21,40.47999954223633,40.72999954223633,40.27000045776367,40.310001373291016,28.26128578186035,54922800,
2009-12-22,40.150001525878906,40.38999938964844,40.09000015258789,40.38999938964844,28.54610824584961,61633400,"{""dividend_amount"": 0.323}"
2009-12-23,40.66999816894531,40.959999084472656,40.400001525878906,40.790000915527344,28.82881736755371,48971700,
2009-12-24,41.130001068115234,41.22999954223633,41.0,41.20000076293945,29.118581771850586,19694800,
2009-12-28,41.470001220703125,41.5099983215332,41.150001525878906,41.34000015258789,29.217540740966797,27343900,
2009-12-29,41.41999816894531,41.439998626708984,41.119998931884766,41.18000030517578,29.112903594970703,31570300,"{""dividend_amount"": 0.012}"
2009-12-30,41.22999954223633,41.369998931884766,41.130001068115234,41.36000061035156,29.24015998840332,30589200,
2009-12-31,41.630001068115234,41.7599983215332,41.38999938964844,41.5,29.339134216308594,36499500,
2010-01-04,42.18000030517578,42.7400016784668,42.15999984741211,42.709999084472656,30.194562911987305,70761600,
2010-01-05,42.90999984741211,43.16999816894531,42.7599983215332,43.02000045776367,30.41372299194336,50196300,
2010-01-06,43.08000183105469,43.290000915527344,43.0099983215332,43.11000061035156,30.47736358642578,50670000,
2010-01-07,42.849998474121094,42.97999954223633,42.619998931884766,42.86000061035156,30.30060577392578,41803700,
2010-01-08,42.880001068115234,43.220001220703125,42.7400016784668,43.20000076293945,30.540979385375977,41118100,
2010-01-11,43.45000076293945,43.470001220703125,42.900001525878906,43.11000061035156,30.47736358642578,42546400,
2010-01-12,42.61000061035156,42.70000076293945,42.20000076293945,42.41999816894531,29.989543914794922,65902300,
2010-01-13,42.59000015258789,42.70000076293945,42.150001525878906,42.54999923706055,30.081453323364258,48040100,
2010-01-14,42.52000045776367,42.619998931884766,42.369998931884766,42.439998626708984,30.003679275512695,52893800,
2010-01-15,42.31999969482422,42.380001068115234,41.83000183105469,41.95000076293945,29.65726661682129,76681800,
2010-01-19,42.08000183105469,42.79999923706055,42.06999969482422,42.79999923706055,30.258188247680664,57597300,
2010-01-20,42.11000061035156,42.11000061035156,41.43000030517578,41.77000045776367,29.530014038085938,78934700,
2010-01-21,41.54999923706055,41.68000030517578,40.47999954223633,40.5099983215332,28.639230728149414,116104300,
2010-01-22,40.220001220703125,40.349998474121094,39.529998779296875,39.61000061035156,28.00296401977539,108173800,
2010-01-25,40.130001068115234,40.31999969482422,39.66999816894531,39.900001525878906,28.20799446105957,86170400,
2010-01-26,39.130001068115234,39.599998474121094,35.810001373291016,39.06999969482422,27.621206283569336,89832400,
2010-01-27,38.790000915527344,39.119998931884766,38.380001068115234,38.970001220703125,27.550508499145508,91623300,
2010-01-28,39.31999969482422,39.47999954223633,38.36000061035156,38.70000076293945,27.359634399414062,98086600,
2010-01-29,39.150001525878906,39.2599983215332,38.08000183105469,38.279998779296875,27.06269073486328,151695100,
2010-02-01,38.63999938964844,39.349998474121094,38.61000061035156,39.310001373291016,27.790876388549805,81928100,
2010-02-02,39.38999938964844,39.709999084472656,39.02000045776367,39.630001068115234,28.01710319519043,86791200,
2010-02-03,39.63999938964844,39.81999969482422,39.27000045776367,39.400001525878906,27.854511260986328,64323800,
2010-02-04,38.75,38.79999923706055,37.599998474121094,37.619998931884766,26.596101760864258,131791500,
2010-02-05,37.290000915527344,37.400001525878906,36.18000030517578,37.20000076293945,26.299169540405273,165899900,
2010-02-08,37.18000030517578,37.47999954223633,36.81999969482422,36.83000183105469,26.037601470947266,78752400,
2010-02-09,37.72999954223633,38.369998931884766,37.43000030517578,38.029998779296875,26.885948181152344,133342000,
2010-02-10,38.040000915527344,38.290000915527344,37.5099983215332,37.93000030517578,26.815261840820312,84646000,
2010-02-11,38.189998626708984,38.970001220703125,37.869998931884766,38.93000030517578,27.522228240966797,90206600,
2010-02-12,38.13999938964844,38.58000183105469,37.869998931884766,38.439998626708984,27.175809860229492,63053000,
2010-02-16,39.02000045776367,39.459999084472656,38.75,39.43000030517578,27.875709533691406,73196700,
2010-02-17,39.72999954223633,39.7599983215332,39.33000183105469,39.56999969482422,27.97468376159668,63631100,
2010-02-18,39.2599983215332,39.86000061035156,39.20000076293945,39.720001220703125,28.080732345581055,61597600,
2010-02-19,39.27000045776367,39.630001068115234,39.15999984741211,39.380001068115234,27.840368270874023,77264800,
2010-02-22,39.619998931884766,39.63999938964844,39.29999923706055,39.43000030517578,27.875709533691406,56446600,
2010-02-23,39.209999084472656,39.43000030517578,38.4900016784668,38.52000045776367,27.232376098632812,103220800,
2010-02-24,38.779998779296875,39.06999969482422,38.54999923706055,38.88999938964844,27.49394989013672,73043700,
2010-02-25,37.970001220703125,38.63999938964844,37.7599983215332,38.56999969482422,27.26772117614746,73641500,
2010-02-26,38.61000061035156,39.040000915527344,38.369998931884766,38.959999084472656,27.543432235717773,65727300,
2010-03-01,39.43000030517578,39.72999954223633,39.33000183105469,39.619998931884766,28.01003074645996,73146100,
2010-03-02,40.02000045776367,40.29999923706055,39.849998474121094,40.06999969482422,28.328168869018555,66353000,
2010-03-03,40.279998779296875,40.619998931884766,39.970001220703125,40.119998931884766,28.3635196685791,68779900,
2010-03-04,40.150001525878906,40.20000076293945,39.65999984741211,39.90999984741211,28.215051651000977,61065500,
2010-03-05,40.459999084472656,40.95000076293945,40.310001373291016,40.95000076293945,28.950305938720703,78177700,
2010-03-08,41.040000915527344,41.189998626708984,40.91999816894531,40.97999954223633,28.971515655517578,56724000,
2010-03-09,40.79999923706055,41.400001525878906,40.790000915527344,41.209999084472656,29.134113311767578,66759800,
2010-03-10,41.29999923706055,41.66999816894531,41.209999084472656,41.5,29.339134216308594,73994500,
2010-03-11,41.2599983215332,41.54999923706055,41.040000915527344,41.5099983215332,29.346214294433594,42415700,
2010-03-12,41.70000076293945,41.709999084472656,41.25,41.369998931884766,29.24722671508789,48949200,
2010-03-15,41.130001068115234,41.2400016784668,40.810001373291016,41.06999969482422,29.035144805908203,43560300,
2010-03-16,41.209999084472656,41.619998931884766,41.04999923706055,41.599998474121094,29.409833908081055,58417000,
2010-03-17,42.0099983215332,42.25,41.869998931884766,42.04999923706055,29.727975845336914,72017100,
2010-03-18,41.970001220703125,42.029998779296875,41.529998779296875,41.72999954223633,29.50172996520996,73867900,
2010-03-19,41.189998626708984,41.869998931884766,41.130001068115234,41.189998626708984,29.119970321655273,65993900,
2010-03-22,40.77000045776367,41.380001068115234,40.66999816894531,41.34000015258789,29.22602081298828,57583400,
2010-03-23,41.38999938964844,41.65999984741211,41.20000076293945,41.630001068115234,29.431032180786133,50528500,
2010-03-24,41.189998626708984,41.36000061035156,41.0099983215332,41.0099983215332,28.992717742919922,65081100,
2010-03-25,41.349998474121094,41.5,40.81999969482422,40.900001525878906,28.914953231811523,72397600,
2010-03-26,41.2400016784668,41.38999938964844,40.75,41.099998474121094,29.056346893310547,69798700,
2010-03-29,41.529998779296875,41.86000061035156,41.439998626708984,41.84000015258789,29.57950210571289,57961300,
2010-03-30,41.939998626708984,42.119998931884766,41.720001220703125,42.0,29.692623138427734,50327500,
2010-03-31,41.86000061035156,42.22999954223633,41.84000015258789,42.119998931884766,29.777442932128906,52858500,
2010-04-01,42.7400016784668,43.220001220703125,42.7400016784668,43.220001220703125,30.555110931396484,96281100,
2010-04-05,43.439998626708984,43.75,43.34000015258789,43.61000061035156,30.830827713012695,63633700,
2010-04-06,43.439998626708984,43.84000015258789,43.40999984741211,43.7400016784668,30.922752380371094,42926300,
2010-04-07,43.560001373291016,43.66999816894531,43.130001068115234,43.36000061035156,30.65408706665039,55642000,
2010-04-08,43.06999969482422,43.560001373291016,42.86000061035156,43.5099983215332,30.7601318359375,52083200,
2010-04-09,43.599998474121094,46.65999984741211,43.529998779296875,43.779998779296875,30.951013565063477,46651000,
2010-04-12,43.45000076293945,43.66999816894531,43.43000030517578,43.43000030517578,30.70357322692871,43558300,
2010-04-13,43.310001373291016,43.38999938964844,42.90999984741211,43.34000015258789,30.639951705932617,47072900,
2010-04-14,43.790000915527344,44.02000045776367,43.59000015258789,43.97999954223633,31.092405319213867,42957800,
2010-04-15,43.70000076293945,43.97999954223633,43.650001525878906,43.7400016784668,30.922752380371094,43463300,
2010-04-16,43.25,43.31999969482422,42.27000045776367,42.459999084472656,30.017826080322266,142486200,
2010-04-19,41.959999084472656,42.380001068115234,41.650001525878906,42.290000915527344,29.89763641357422,89434600,
2010-04-20,42.66999816894531,42.86000061035156,42.45000076293945,42.790000915527344,30.251121520996094,63883700,
2010-04-21,42.709999084472656,42.77000045776367,42.2599983215332,42.650001525878906,30.152151107788086,64141600,
2010-04-22,42.27000045776367,42.869998931884766,41.9900016784668,42.83000183105469,30.279399871826172,72788900,
2010-04-23,42.689998626708984,43.11000061035156,42.4900016784668,43.060001373291016,30.442007064819336,64724100,
2010-04-26,43.33000183105469,43.400001525878906,42.9900016784668,43.060001373291016,30.442007064819336,46317300,
2010-04-27,42.58000183105469,42.68000030517578,41.43000030517578,41.52000045776367,29.353281021118164,132888400,
2010-04-28,42.0099983215332,42.060001373291016,41.290000915527344,41.869998931884766,29.6007080078125,68981700,
2010-04-29,42.2599983215332,42.61000061035156,42.15999984741211,42.560001373291016,30.08852195739746,69912900,
2010-04-30,42.540000915527344,42.689998626708984,42.0099983215332,42.04999923706055,29.727975845336914,77528000,
2010-05-03,42.189998626708984,42.41999816894531,41.900001525878906,42.279998779296875,29.890567779541016,47649800,
2010-05-04,41.380001068115234,41.40999984741211,40.22999954223633,40.34000015258789,28.519052505493164,159998800,
2010-05-05,39.58000183105469,40.2599983215332,39.22999954223633,39.61000061035156,28.00296401977539,131994700,
2010-05-06,39.310001373291016,39.7599983215332,36.58000183105469,37.9900016784668,26.85768699645996,225063100,
2010-05-07,38.36000061035156,38.84000015258789,37.25,38.189998626708984,26.99907112121582,191265100,
2010-05-10,40.630001068115234,41.029998779296875,40.38999938964844,40.939998626708984,28.943233489990234,187916400,
2010-05-11,40.0,40.79999923706055,39.900001525878906,40.20000076293945,28.42007827758789,119869600,
2010-05-12,40.540000915527344,40.77000045776367,40.400001525878906,40.70000076293945,28.773563385009766,73936600,
2010-05-13,40.70000076293945,40.93000030517578,40.290000915527344,40.31999969482422,28.50490951538086,71622500,
2010-05-14,40.029998779296875,40.060001373291016,39.099998474121094,39.4900016784668,27.91813087463379,113085000,
2010-05-17,39.400001525878906,39.66999816894531,38.400001525878906,39.25,27.74846649169922,101708500,
2010-05-18,39.63999938964844,39.790000915527344,38.29999923706055,38.43000030517578,27.168750762939453,113529000,
2010-05-19,37.900001525878906,38.29999923706055,37.36000061035156,38.060001373291016,26.907167434692383,129633400,
2010-05-20,36.61000061035156,37.060001373291016,36.0,36.16999816894531,25.570995330810547,174383500,
2010-05-21,35.709999084472656,37.380001068115234,35.66999816894531,37.34000015258789,26.398147583007812,169452900,
2010-05-24,37.369998931884766,37.630001068115234,36.900001525878906,36.95000076293945,26.122438430786133,90936400,
2010-05-25,35.470001220703125,36.61000061035156,35.209999084472656,36.54999923706055,25.839651107788086,144257100,
2010-05-26,36.93000030517578,37.52000045776367,36.439998626708984,36.529998779296875,25.82550811767578,128281900,
2010-05-27,37.959999084472656,38.810001373291016,37.68000030517578,38.7400016784668,27.38790512084961,147181800,
2010-05-28,38.52000045776367,38.59000015258789,37.91999816894531,38.099998474121094,26.935440063476562,113223700,
2010-06-01,37.709999084472656,38.43000030517578,37.380001068115234,37.400001525878906,26.440567016601562,91068700,
2010-06-02,37.83000183105469,38.7400016784668,37.630001068115234,38.709999084472656,27.366697311401367,103740800,
2010-06-03,38.959999084472656,39.0099983215332,38.08000183105469,38.56999969482422,27.26772117614746,70470800,
2010-06-04,37.7400016784668,38.119998931884766,37.09000015258789,37.20000076293945,26.299169540405273,108937200,
2010-06-07,37.34000015258789,37.5,36.59000015258789,36.619998931884766,25.88913345336914,82131900,
2010-06-08,37.029998779296875,37.5099983215332,36.58000183105469,37.459999084472656,26.482986450195312,108438000,
2010-06-09,37.619998931884766,38.119998931884766,37.060001373291016,37.2599983215332,26.341596603393555,87947600,
2010-06-10,38.040000915527344,38.61000061035156,37.97999954223633,38.560001373291016,27.260652542114258,92855100,
2010-06-11,38.0,38.790000915527344,37.9900016784668,38.7599983215332,27.402036666870117,66496500,
2010-06-14,39.2400016784668,39.5,38.66999816894531,38.77000045776367,27.40911865234375,83991300,
2010-06-15,39.20000076293945,39.9900016784668,39.04999923706055,39.939998626708984,28.236265182495117,96494500,
2010-06-16,39.5099983215332,40.119998931884766,39.45000076293945,39.939998626708984,28.236265182495117,63906600,
2010-06-17,40.04999923706055,40.060001373291016,39.40999984741211,39.7400016784668,28.094865798950195,68660100,
2010-06-18,39.90999984741211,40.130001068115234,39.689998626708984,39.91999816894531,28.222126007080078,64639800,
2010-06-21,40.959999084472656,41.130001068115234,40.29999923706055,40.61000061035156,28.709930419921875,96721100,
2010-06-22,40.529998779296875,40.72999954223633,39.72999954223633,39.83000183105469,28.15850067138672,100336600,
2010-06-23,39.849998474121094,39.880001068115234,39.25,39.66999816894531,28.231088638305664,93969400,"{""dividend_amount"": 0.262}"
2010-06-24,39.4900016784668,39.4900016784668,38.81999969482422,38.970001220703125,27.732934951782227,82636000,
2010-06-25,39.08000183105469,39.529998779296875,38.77000045776367,39.43000030517578,28.06028938293457,60657800,
2010-06-28,39.400001525878906,39.5,39.029998779296875,39.15999984741211,27.868144989013672,36242500,
2010-06-29,38.099998474121094,38.13999938964844,37.400001525878906,37.56999969482422,26.736621856689453,120391400,
2010-06-30,37.7599983215332,38.099998474121094,37.220001220703125,37.31999969482422,26.558713912963867,84176700,
2010-07-01,37.5,37.63999938964844,36.7599983215332,37.59000015258789,26.750856399536133,113344200,
2010-07-02,37.70000076293945,37.959999084472656,37.43000030517578,37.75,26.864721298217773,63854500,
2010-07-06,38.720001220703125,39.040000915527344,38.060001373291016,38.45000076293945,27.36287498474121,76509800,
2010-07-07,38.400001525878906,39.310001373291016,38.36000061035156,39.29999923706055,27.9677734375,68037800,
2010-07-08,39.369998931884766,39.529998779296875,38.97999954223633,39.4900016784668,28.102991104125977,60958700,
2010-07-09,39.52000045776367,40.0099983215332,39.459999084472656,39.970001220703125,28.44458770751953,43777100,
2010-07-12,39.810001373291016,40.040000915527344,39.470001220703125,39.650001525878906,28.216854095458984,53211600,
2010-07-13,39.9900016784668,40.2400016784668,39.88999938964844,40.11000061035156,28.54421043395996,52194800,
2010-07-14,39.849998474121094,40.13999938964844,39.709999084472656,40.029998779296875,28.487274169921875,46615600,
2010-07-15,39.849998474121094,39.93000030517578,39.349998474121094,39.84000015258789,28.352066040039062,66745400,
2010-07-16,39.5099983215332,39.5099983215332,38.58000183105469,38.650001525878906,27.505203247070312,99497500,
2010-07-19,39.02000045776367,39.25,38.75,39.15999984741211,27.868144989013672,46717800,
2010-07-20,38.900001525878906,40.13999938964844,38.880001068115234,40.08000183105469,28.52286720275879,92255200,
2010-07-21,40.25,40.279998779296875,39.47999954223633,39.66999816894531,28.231088638305664,66007400,
2010-07-22,40.36000061035156,40.939998626708984,40.31999969482422,40.869998931884766,29.085058212280273,74052900,
2010-07-23,40.7599983215332,41.189998626708984,40.4900016784668,41.150001525878906,29.284320831298828,65675400,
2010-07-26,41.06999969482422,41.470001220703125,40.90999984741211,41.43000030517578,29.48358917236328,64865500,
2010-07-27,41.65999984741211,41.709999084472656,41.150001525878906,41.36000061035156,29.433774948120117,63763700,
2010-07-28,41.11000061035156,41.380001068115234,40.97999954223633,41.130001068115234,29.270092010498047,43131400,
2010-07-29,41.560001373291016,41.650001525878906,40.88999938964844,41.20000076293945,29.31991195678711,49588200,
2010-07-30,40.88999938964844,41.529998779296875,40.7599983215332,41.400001525878906,29.462244033813477,54277200,
2010-08-02,42.18000030517578,42.59000015258789,42.06999969482422,42.470001220703125,30.223695755004883,69623700,
2010-08-03,42.13999938964844,42.43000030517578,41.93000030517578,42.27000045776367,30.081371307373047,60207900,
2010-08-04,42.279998779296875,42.43000030517578,42.0,42.33000183105469,30.12407684326172,55875600,
2010-08-05,42.02000045776367,42.20000076293945,41.869998931884766,42.13999938964844,29.98886489868164,43650600,
2010-08-06,41.86000061035156,42.189998626708984,41.599998474121094,42.08000183105469,29.946149826049805,65731600,
2010-08-09,42.36000061035156,42.38999938964844,42.15999984741211,42.29999923706055,30.10271644592285,27051000,
2010-08-10,41.560001373291016,41.9900016784668,41.41999816894531,41.720001220703125,29.689966201782227,68735400,
2010-08-11,40.849998474121094,40.849998474121094,40.31999969482422,40.38999938964844,28.74347686767578,92778600,
2010-08-12,40.0099983215332,40.58000183105469,39.970001220703125,40.459999084472656,28.79328727722168,43919400,
2010-08-13,40.630001068115234,40.81999969482422,40.5099983215332,40.68000030517578,28.949857711791992,28672700,
2010-08-16,40.65999984741211,41.099998474121094,40.560001373291016,41.060001373291016,29.220287322998047,34651900,
2010-08-17,41.470001220703125,41.720001220703125,41.310001373291016,41.4900016784668,29.526287078857422,39414300,
2010-08-18,41.400001525878906,41.66999816894531,41.20000076293945,41.459999084472656,29.50493812561035,38009500,
2010-08-19,41.470001220703125,41.59000015258789,40.880001068115234,41.13999938964844,29.277204513549805,56729300,
2010-08-20,40.9900016784668,41.04999923706055,40.689998626708984,41.02000045776367,29.191808700561523,54134900,
2010-08-23,41.119998931884766,41.2599983215332,40.630001068115234,40.650001525878906,28.92851448059082,44767900,
2010-08-24,40.16999816894531,40.33000183105469,39.810001373291016,40.130001068115234,28.558443069458008,80709600,
2010-08-25,39.720001220703125,40.029998779296875,39.310001373291016,39.869998931884766,28.37340545654297,89890000,
2010-08-26,40.08000183105469,40.25,39.560001373291016,39.619998931884766,28.195499420166016,59948200,
2010-08-27,40.0,40.5,39.56999969482422,40.4900016784668,28.81464385986328,77005500,
2010-08-30,40.2400016784668,40.41999816894531,39.810001373291016,39.81999969482422,28.33783721923828,48054700,
2010-08-31,39.849998474121094,40.220001220703125,39.72999954223633,40.060001373291016,28.508634567260742,72404500,
2010-09-01,40.790000915527344,41.4900016784668,40.7599983215332,41.470001220703125,29.51205062866211,83435900,
2010-09-02,41.38999938964844,41.619998931884766,41.25,41.540000915527344,29.56187629699707,47351900,
2010-09-03,42.040000915527344,42.16999816894531,41.810001373291016,42.029998779296875,29.910566329956055,48712700,
2010-09-07,41.77000045776367,41.79999923706055,41.400001525878906,41.41999816894531,29.476463317871094,45210000,
2010-09-08,41.72999954223633,42.040000915527344,41.65999984741211,41.869998931884766,29.796709060668945,40612600,
2010-09-09,42.310001373291016,42.34000015258789,41.900001525878906,42.11000061035156,29.967510223388672,34925400,
2010-09-10,42.119998931884766,42.34000015258789,42.06999969482422,42.2599983215332,30.074251174926758,33236500,
2010-09-13,43.06999969482422,43.31999969482422,43.029998779296875,43.27000045776367,30.793025970458984,63308900,
2010-09-14,43.150001525878906,43.529998779296875,42.97999954223633,43.25,30.77879524230957,65151200,
2010-09-15,43.09000015258789,43.34000015258789,42.970001220703125,43.310001373291016,30.821483612060547,41107300,
2010-09-16,42.970001220703125,43.16999816894531,42.93000030517578,43.09000015258789,30.66492462158203,36078100,
2010-09-17,43.290000915527344,43.310001373291016,42.959999084472656,43.02000045776367,30.615108489990234,40115200,
2010-09-20,43.33000183105469,43.75,43.189998626708984,43.70000076293945,31.099021911621094,53864500,
2010-09-21,43.720001220703125,43.81999969482422,43.310001373291016,43.56999969482422,31.006511688232422,54263300,
2010-09-22,43.650001525878906,43.90999984741211,43.470001220703125,43.599998474121094,31.027870178222656,45586800,
2010-09-23,43.33000183105469,43.77000045776367,43.209999084472656,43.31999969482422,30.82859992980957,62060200,
2010-09-24,43.849998474121094,44.150001525878906,43.849998474121094,44.119998931884766,31.397930145263672,57929100,
2010-09-27,44.09000015258789,44.220001220703125,43.970001220703125,44.040000915527344,31.340986251831055,40319500,
2010-09-28,44.099998474121094,44.439998626708984,43.7400016784668,44.36000061035156,31.56871223449707,50012300,
2010-09-29,44.38999938964844,44.709999084472656,44.31999969482422,44.5099983215332,31.67545509338379,58310500,
2010-09-30,44.83000183105469,44.9900016784668,44.45000076293945,44.77000045776367,31.860490798950195,60498400,
2010-10-01,45.25,45.5,45.099998474121094,45.43000030517578,32.330177307128906,69689800,
2010-10-04,45.400001525878906,45.5099983215332,45.08000183105469,45.290000915527344,32.23054885864258,49852800,
2010-10-05,45.630001068115234,46.20000076293945,45.56999969482422,46.11000061035156,32.81410598754883,76615300,
2010-10-06,46.099998474121094,46.22999954223633,46.0,46.09000015258789,32.799869537353516,50339900,
2010-10-07,46.189998626708984,46.20000076293945,45.45000076293945,45.68000030517578,32.508094787597656,49224000,
2010-10-08,45.650001525878906,46.29999923706055,45.54999923706055,46.22999954223633,32.899497985839844,54002700,
2010-10-11,46.150001525878906,46.290000915527344,46.029998779296875,46.20000076293945,32.87814712524414,32413800,
2010-10-12,45.790000915527344,46.11000061035156,45.529998779296875,46.0099983215332,32.74293518066406,63619500,
2010-10-13,46.540000915527344,47.0099983215332,46.529998779296875,46.86000061035156,33.347835540771484,69189600,
2010-10-14,46.81999969482422,46.9900016784668,46.540000915527344,46.779998779296875,33.29091262817383,50754200,
2010-10-15,47.02000045776367,47.029998779296875,46.380001068115234,46.720001220703125,33.24821853637695,83974500,
2010-10-18,46.36000061035156,46.79999923706055,46.290000915527344,46.7400016784668,33.26244354248047,51898000,
2010-10-19,45.68000030517578,45.83000183105469,45.08000183105469,45.2599983215332,32.209197998046875,90101300,
2010-10-20,45.63999938964844,46.279998779296875,45.599998474121094,45.97999954223633,32.72158432006836,62292200,
2010-10-21,46.2400016784668,46.5,45.4900016784668,45.97999954223633,32.72158432006836,85422400,
2010-10-22,46.16999816894531,46.209999084472656,45.880001068115234,46.029998779296875,32.75717544555664,42843800,
2010-10-25,46.59000015258789,46.88999938964844,46.5,46.529998779296875,33.11300277709961,53950800,
2010-10-26,46.22999954223633,46.560001373291016,46.09000015258789,46.4900016784668,33.08453369140625,36715600,
2010-10-27,45.83000183105469,45.83000183105469,45.27000045776367,45.70000076293945,32.52231979370117,70436800,
2010-10-28,46.119998931884766,46.15999984741211,45.75,45.9900016784668,32.728702545166016,45927000,
2010-10-29,45.90999984741211,46.130001068115234,45.83000183105469,46.119998931884766,32.82122039794922,38056300,
2010-11-01,46.59000015258789,46.869998931884766,46.380001068115234,46.630001068115234,33.18416213989258,47366500,
2010-11-02,47.04999923706055,47.25,46.95000076293945,47.209999084472656,33.5969123840332,48355900,
2010-11-03,47.31999969482422,47.529998779296875,46.7400016784668,47.5,33.80329895019531,94125200,
2010-11-04,48.220001220703125,48.58000183105469,48.16999816894531,48.58000183105469,34.571868896484375,83567900,
2010-11-05,48.33000183105469,48.599998474121094,48.290000915527344,48.4900016784668,34.50782775878906,53781000,
2010-11-08,48.11000061035156,48.33000183105469,47.9900016784668,48.290000915527344,34.3654899597168,37106100,
2010-11-09,48.529998779296875,48.619998931884766,47.52000045776367,47.68000030517578,33.931396484375,55351100,
2010-11-10,47.939998626708984,48.11000061035156,47.369998931884766,48.029998779296875,34.18046569824219,66304400,
2010-11-11,47.560001373291016,47.599998474121094,47.29999923706055,47.560001373291016,33.84599304199219,48410200,
2010-11-12,46.88999938964844,47.130001068115234,46.220001220703125,46.40999984741211,33.02759552001953,88808000,
2010-11-15,46.63999938964844,46.880001068115234,46.36000061035156,46.38999938964844,33.01336669921875,48585300,
2010-11-16,45.90999984741211,45.959999084472656,45.02000045776367,45.16999816894531,32.1451530456543,136332900,
2010-11-17,45.31999969482422,45.63999938964844,45.22999954223633,45.400001525878906,32.3088264465332,80352800,
2010-11-18,46.27000045776367,46.56999969482422,46.2400016784668,46.47999954223633,33.07741165161133,77989900,
2010-11-19,46.2599983215332,46.54999923706055,45.97999954223633,46.5099983215332,33.09876251220703,48175100,
2010-11-22,46.27000045776367,46.58000183105469,45.83000183105469,46.369998931884766,32.9991340637207,46793100,
2010-11-23,45.150001525878906,45.2400016784668,44.79999923706055,44.900001525878906,31.953004837036133,86768900,
2010-11-24,45.630001068115234,45.959999084472656,45.56999969482422,45.939998626708984,32.69312286376953,63287600,
2010-11-26,45.02000045776367,45.25,44.79999923706055,44.79999923706055,31.88184928894043,60387100,
2010-11-29,44.959999084472656,45.22999954223633,44.5099983215332,45.150001525878906,32.13091278076172,80428200,
2010-11-30,44.619998931884766,45.150001525878906,44.529998779296875,44.779998779296875,31.867618560791016,78842700,
2010-12-01,45.900001525878906,46.15999984741211,45.75,46.060001373291016,32.77852249145508,81889600,
2010-12-02,46.209999084472656,46.97999954223633,46.189998626708984,46.970001220703125,33.42612075805664,72593100,
2010-12-03,46.56999969482422,47.209999084472656,46.56999969482422,47.13999938964844,33.54710388183594,44688700,
2010-12-06,46.869998931884766,47.130001068115234,46.83000183105469,47.060001373291016,33.49016571044922,44988700,
2010-12-07,47.59000015258789,47.61000061035156,46.83000183105469,46.84000015258789,33.33359909057617,64406800,
2010-12-08,46.75,46.869998931884766,46.279998779296875,46.540000915527344,33.12010955810547,48924100,
2010-12-09,46.720001220703125,46.7599983215332,46.25,46.380001068115234,33.006248474121094,63131000,
2010-12-10,46.40999984741211,46.59000015258789,46.2400016784668,46.59000015258789,33.155696868896484,44844200,
2010-12-13,46.869998931884766,47.119998931884766,46.7400016784668,46.88999938964844,33.369178771972656,49177500,
2010-12-14,46.93000030517578,47.13999938964844,46.810001373291016,46.959999084472656,33.41900634765625,53611300,
2010-12-15,46.689998626708984,46.7599983215332,46.150001525878906,46.20000076293945,32.87814712524414,69038700,
2010-12-16,46.2400016784668,46.38999938964844,46.02000045776367,46.33000183105469,32.970664978027344,55441400,
2010-12-17,46.209999084472656,46.41999816894531,46.130001068115234,46.400001525878906,33.020484924316406,43610700,
2010-12-20,46.36000061035156,46.40999984741211,46.08000183105469,46.189998626708984,32.871036529541016,48887300,
2010-12-21,46.33000183105469,46.65999984741211,46.31999969482422,46.5,33.35085678100586,59666300,"{""dividend_amount"": 0.359}"
2010-12-22,46.47999954223633,46.709999084472656,46.439998626708984,46.65999984741211,33.465614318847656,24942400,
2010-12-23,46.5,46.630001068115234,46.439998626708984,46.61000061035156,33.42974853515625,27545100,
2010-12-27,46.439998626708984,46.54999923706055,46.33000183105469,46.459999084472656,33.32217025756836,29293100,
2010-12-28,46.54999923706055,46.58000183105469,46.400001525878906,46.5,33.35085678100586,30330000,
2010-12-29,46.81999969482422,47.099998474121094,46.810001373291016,47.06999969482422,33.777835845947266,30891500,"{""dividend_amount"": 0.025}"
2010-12-30,47.33000183105469,47.38999938964844,47.16999816894531,47.310001373291016,33.9500617980957,28376000,
2010-12-31,47.43000030517578,47.68000030517578,47.310001373291016,47.63999938964844,34.1868782043457,34328200,
2011-01-03,48.029998779296875,48.310001373291016,48.029998779296875,48.099998474121094,34.516971588134766,40116200,
2011-01-04,48.2599983215332,48.31999969482422,47.75,48.31999969482422,34.67484664916992,45176300,
2011-01-05,47.900001525878906,48.29999923706055,47.880001068115234,48.20000076293945,34.588741302490234,47527100,
2011-01-06,48.0099983215332,48.040000915527344,47.58000183105469,47.689998626708984,34.222755432128906,43977400,
2011-01-07,47.5099983215332,47.619998931884766,46.93000030517578,47.25,33.90700912475586,57124900,
2011-01-10,46.79999923706055,46.849998474121094,46.5099983215332,46.7599983215332,33.55537414550781,62556500,
2011-01-11,47.27000045776367,47.38999938964844,47.06999969482422,47.2599983215332,33.91417694091797,53337100,
2011-01-12,47.900001525878906,48.209999084472656,47.84000015258789,48.209999084472656,34.59590148925781,67254100,
2011-01-13,48.099998474121094,48.11000061035156,47.66999816894531,47.790000915527344,34.29452133178711,53294600,
2011-01-14,47.630001068115234,47.939998626708984,47.61000061035156,47.93000030517578,34.39497375488281,38685900,
2011-01-18,47.849998474121094,47.959999084472656,47.75,47.86000061035156,34.34473419189453,30565800,
2011-01-19,48.0,48.0099983215332,47.31999969482422,47.4900016784668,34.079227447509766,64940400,
2011-01-20,47.130001068115234,47.13999938964844,46.529998779296875,46.970001220703125,33.70607376098633,75797500,
2011-01-21,47.0,47.06999969482422,46.439998626708984,46.47999954223633,33.35444259643555,87318900,
2011-01-24,46.47999954223633,46.849998474121094,46.40999984741211,46.84000015258789,33.612789154052734,61839300,
2011-01-25,46.599998474121094,46.70000076293945,46.22999954223633,46.560001373291016,33.41185760498047,63557800,
2011-01-26,47.0,47.150001525878906,46.81999969482422,46.970001220703125,33.70607376098633,66604500,
2011-01-27,47.08000183105469,47.150001525878906,46.75,46.810001373291016,33.59125900268555,80518400,
2011-01-28,46.61000061035156,46.619998931884766,45.25,45.33000183105469,32.52919006347656,185092200,
2011-01-31,45.720001220703125,45.97999954223633,45.56999969482422,45.810001373291016,32.87364196777344,97695000,
2011-02-01,46.209999084472656,46.97999954223633,46.15999984741211,46.91999816894531,33.67019271850586,105876000,
2011-02-02,46.7599983215332,47.13999938964844,46.52000045776367,46.56999969482422,33.41902160644531,68880600,
2011-02-03,46.650001525878906,46.7599983215332,46.2599983215332,46.5099983215332,33.3759765625,56934900,
2011-02-04,46.58000183105469,46.65999984741211,46.130001068115234,46.5,33.36879348754883,76698100,
2011-02-07,46.400001525878906,46.7599983215332,46.349998474121094,46.560001373291016,33.41185760498047,60078400,
2011-02-08,46.41999816894531,46.61000061035156,46.20000076293945,46.58000183105469,33.42620849609375,74244600,
2011-02-09,45.939998626708984,46.040000915527344,45.310001373291016,45.5099983215332,32.658355712890625,105680200,
2011-02-10,44.849998474121094,45.29999923706055,44.70000076293945,45.08000183105469,32.34980010986328,114356000,
2011-02-11,44.790000915527344,45.689998626708984,44.779998779296875,45.630001068115234,32.74448013305664,126541100,
2011-02-14,45.70000076293945,45.720001220703125,45.380001068115234,45.400001525878906,32.57942581176758,79051200,
2011-02-15,45.43000030517578,45.650001525878906,45.310001373291016,45.4900016784668,32.644012451171875,57068800,
2011-02-16,45.59000015258789,45.939998626708984,45.52000045776367,45.869998931884766,32.91670227050781,64667700,
2011-02-17,45.72999954223633,46.08000183105469,45.68000030517578,46.029998779296875,33.031517028808594,55294900,
2011-02-18,46.18000030517578,46.43000030517578,46.029998779296875,46.310001373291016,33.23244857788086,50410700,
2011-02-22,45.33000183105469,45.66999816894531,44.689998626708984,44.83000183105469,32.17040252685547,107176000,
2011-02-23,44.959999084472656,45.18000030517578,44.36000061035156,44.869998931884766,32.199092864990234,91843500,
2011-02-24,44.849998474121094,45.060001373291016,44.560001373291016,44.97999954223633,32.27803421020508,71568500,
2011-02-25,45.38999938964844,45.599998474121094,45.18000030517578,45.52000045776367,32.665531158447266,62718900,
2011-02-28,45.70000076293945,45.939998626708984,45.52000045776367,45.790000915527344,32.85929489135742,54078600,
2011-03-01,46.09000015258789,46.13999938964844,45.22999954223633,45.31999969482422,32.52201843261719,69711700,
2011-03-02,45.439998626708984,46.02000045776367,45.439998626708984,45.939998626708984,32.96693801879883,60123300,
2011-03-03,46.5099983215332,46.93000030517578,46.43000030517578,46.849998474121094,33.61996841430664,61309300,
2011-03-04,46.90999984741211,47.150001525878906,46.470001220703125,46.900001525878906,33.65583801269531,66742500,
2011-03-07,46.959999084472656,47.0099983215332,46.060001373291016,46.2400016784668,33.18221664428711,47781500,
2011-03-08,46.650001525878906,47.130001068115234,46.29999923706055,46.86000061035156,33.62713623046875,63985100,
2011-03-09,46.88999938964844,47.08000183105469,46.650001525878906,46.95000076293945,33.691715240478516,47005200,
2011-03-10,46.04999923706055,46.119998931884766,45.5099983215332,45.560001373291016,32.694252014160156,91093100,
2011-03-11,45.279998779296875,46.18000030517578,45.27000045776367,46.029998779296875,33.031517028808594,75103800,
2011-03-14,45.849998474121094,46.31999969482422,45.709999084472656,46.29999923706055,33.22527313232422,59912300,
2011-03-15,44.5,45.77000045776367,44.5,45.529998779296875,32.67271041870117,103041800,
2011-03-16,45.52000045776367,46.18000030517578,44.25,44.599998474121094,32.00533676147461,106325500,
2011-03-17,45.2599983215332,45.380001068115234,44.88999938964844,45.150001525878906,32.40003967285156,68572300,
2011-03-18,45.63999938964844,45.689998626708984,45.209999084472656,45.22999954223633,32.45743179321289,81209800,
2011-03-21,46.08000183105469,46.25,45.9900016784668,46.099998474121094,33.081756591796875,49424900,
2011-03-22,46.220001220703125,46.279998779296875,46.029998779296875,46.2400016784668,33.18221664428711,38871500,
2011-03-23,46.34000015258789,46.95000076293945,46.189998626708984,46.849998474121094,33.61996841430664,53485200,
2011-03-24,47.08000183105469,47.45000076293945,46.869998931884766,47.38999938964844,34.00746536254883,53767500,
2011-03-25,47.400001525878906,47.63999938964844,47.22999954223633,47.34000015258789,33.971588134765625,44773600,
2011-03-28,47.290000915527344,47.40999984741211,47.06999969482422,47.099998474121094,33.79936599731445,36577100,
2011-03-29,47.310001373291016,47.650001525878906,47.130001068115234,47.63999938964844,34.1868782043457,56950300,
2011-03-30,48.06999969482422,48.400001525878906,48.0099983215332,48.25,34.624610900878906,70036900,
2011-03-31,48.540000915527344,48.75,48.470001220703125,48.66999816894531,34.92599868774414,73140800,
2011-04-01,49.2400016784668,49.560001373291016,49.0,49.45000076293945,35.485740661621094,82168900,
2011-04-04,49.68000030517578,49.88999938964844,49.5099983215332,49.869998931884766,35.787139892578125,45858900,
2011-04-05,49.650001525878906,50.029998779296875,49.540000915527344,49.77000045776367,35.71538162231445,69539700,
2011-04-06,50.209999084472656,50.29999923706055,49.939998626708984,50.040000915527344,35.90913772583008,69303000,
2011-04-07,50.06999969482422,50.29999923706055,49.70000076293945,49.9900016784668,35.87324523925781,48786300,
2011-04-08,50.27000045776367,50.279998779296875,49.79999923706055,50.040000915527344,35.90913772583008,54649200,
2011-04-11,49.90999984741211,49.97999954223633,49.349998474121094,49.45000076293945,35.485740661621094,52980300,
2011-04-12,49.060001373291016,49.13999938964844,48.45000076293945,48.52000045776367,34.818363189697266,72883500,
2011-04-13,49.36000061035156,49.45000076293945,48.66999816894531,48.91999816894531,35.105411529541016,53492200,
2011-04-14,48.81999969482422,49.15999984741211,48.630001068115234,49.06999969482422,35.21304702758789,57128000,
2011-04-15,49.060001373291016,49.150001525878906,48.7599983215332,49.130001068115234,35.256103515625,54453100,
2011-04-18,48.150001525878906,48.189998626708984,47.560001373291016,47.900001525878906,34.373451232910156,93596400,
2011-04-19,48.29999923706055,48.61000061035156,48.25,48.59000015258789,34.868595123291016,50803200,
2011-04-20,49.65999984741211,49.7599983215332,49.439998626708984,49.7400016784668,35.693851470947266,49837100,
2011-04-21,50.040000915527344,50.189998626708984,49.790000915527344,50.18000030517578,36.00959396362305,30217500,
2011-04-25,50.11000061035156,50.150001525878906,49.630001068115234,49.77000045776367,35.71538162231445,33470800,
2011-04-26,49.91999816894531,50.22999954223633,49.65999984741211,50.20000076293945,36.02394485473633,39700000,
2011-04-27,50.130001068115234,50.16999816894531,49.369998931884766,50.11000061035156,35.95936584472656,60926500,
2011-04-28,49.65999984741211,49.77000045776367,49.38999938964844,49.70000076293945,35.66514205932617,45836600,
2011-04-29,49.7400016784668,50.13999938964844,49.65999984741211,50.0,35.88041687011719,38277100,
2011-05-02,50.2400016784668,50.43000030517578,49.84000015258789,50.0099983215332,35.887596130371094,50952000,
2011-05-03,49.31999969482422,49.349998474121094,48.58000183105469,48.900001525878906,35.091064453125,83696700,
2011-05-04,48.70000076293945,48.7400016784668,47.869998931884766,48.09000015258789,34.50979995727539,82919100,
2011-05-05,47.70000076293945,48.09000015258789,47.27000045776367,47.630001068115234,34.17969512939453,79810600,
2011-05-06,48.369998931884766,48.86000061035156,47.880001068115234,48.25,34.624610900878906,92669900,
2011-05-09,48.2400016784668,48.459999084472656,47.93000030517578,48.34000015258789,34.68920135498047,48367900,
2011-05-10,48.470001220703125,48.90999984741211,48.43000030517578,48.90999984741211,35.09823226928711,54996900,
2011-05-11,48.560001373291016,48.58000183105469,47.529998779296875,47.83000183105469,34.32322311401367,82957400,
2011-05-12,47.439998626708984,48.060001373291016,47.150001525878906,47.970001220703125,34.42369079589844,71004700,
2011-05-13,47.7400016784668,47.84000015258789,46.619998931884766,46.91999816894531,33.67019271850586,83193600,
2011-05-16,46.7599983215332,47.41999816894531,46.68000030517578,46.849998474121094,33.61996841430664,72402600,
2011-05-17,46.58000183105469,47.029998779296875,46.400001525878906,47.0,33.72760009765625,60103700,
2011-05-18,47.310001373291016,47.84000015258789,47.119998931884766,47.7599983215332,34.27298355102539,49432300,
2011-05-19,47.650001525878906,47.709999084472656,47.18000030517578,47.45000076293945,34.05051803588867,37836800,
2011-05-20,47.34000015258789,47.380001068115234,46.81999969482422,47.06999969482422,33.777835845947266,60130900,
2011-05-23,45.93000030517578,46.20000076293945,45.77000045776367,46.09000015258789,33.074581146240234,59786200,
2011-05-24,46.5099983215332,46.689998626708984,46.36000061035156,46.54999923706055,33.40467071533203,46599000,
2011-05-25,46.27000045776367,46.810001373291016,46.2599983215332,46.650001525878906,33.476444244384766,43400000,
2011-05-26,46.83000183105469,47.279998779296875,46.75,47.25,33.90700912475586,47128400,
2011-05-27,47.56999969482422,47.869998931884766,47.52000045776367,47.75,34.265811920166016,38849400,
2011-05-31,48.56999969482422,48.599998474121094,48.150001525878906,48.529998779296875,34.825538635253906,58762300,
2011-06-01,48.43000030517578,48.560001373291016,47.59000015258789,47.65999984741211,34.201229095458984,55372400,
2011-06-02,47.9900016784668,48.20000076293945,47.61000061035156,48.11000061035156,34.52415466308594,38988300,
2011-06-03,47.54999923706055,48.119998931884766,47.529998779296875,47.869998931884766,34.3519172668457,42955600,
2011-06-06,47.81999969482422,47.81999969482422,47.040000915527344,47.099998474121094,33.79936599731445,51477600,
2011-06-07,47.709999084472656,47.86000061035156,47.45000076293945,47.470001220703125,34.064876556396484,58042500,
2011-06-08,47.29999923706055,47.43000030517578,46.9900016784668,47.130001068115234,33.820892333984375,63855900,
2011-06-09,47.11000061035156,47.63999938964844,46.970001220703125,47.5,34.08641052246094,40819000,
2011-06-10,46.970001220703125,46.970001220703125,46.380001068115234,46.470001220703125,33.347267150878906,61946000,
2011-06-13,46.689998626708984,46.810001373291016,46.25,46.38999938964844,33.289859771728516,37673300,
2011-06-14,47.02000045776367,47.27000045776367,46.970001220703125,47.09000015258789,33.792179107666016,46392600,
2011-06-15,46.47999954223633,46.720001220703125,45.970001220703125,46.08000183105469,33.06740188598633,66901900,
2011-06-16,45.790000915527344,46.13999938964844,45.369998931884766,45.72999954223633,32.81623840332031,66078600,
2011-06-17,46.06999969482422,46.09000015258789,45.689998626708984,45.790000915527344,32.85929489135742,61268200,
2011-06-20,45.56999969482422,45.790000915527344,45.470001220703125,45.720001220703125,32.809051513671875,40025300,
2011-06-21,46.130001068115234,46.619998931884766,46.029998779296875,46.560001373291016,33.41185760498047,48523000,
2011-06-22,45.7599983215332,46.08000183105469,45.59000015258789,45.63999938964844,33.07918167114258,40580400,"{""dividend_amount"": 0.461}"
2011-06-23,45.029998779296875,45.599998474121094,44.77000045776367,45.58000183105469,33.03568649291992,63556800,
2011-06-24,45.880001068115234,45.900001525878906,45.40999984741211,45.5,32.97770690917969,44225900,
2011-06-27,45.47999954223633,46.130001068115234,45.40999984741211,46.029998779296875,33.361854553222656,53450600,
2011-06-28,46.06999969482422,46.66999816894531,45.939998626708984,46.65999984741211,33.818458557128906,45598200,
2011-06-29,46.779998779296875,47.189998626708984,46.5,47.09000015258789,34.13011932373047,55289100,
2011-06-30,47.34000015258789,47.619998931884766,47.20000076293945,47.599998474121094,34.499759674072266,46188400,
2011-07-01,47.58000183105469,48.290000915527344,46.75,48.15999984741211,34.905635833740234,44635400,
2011-07-05,48.279998779296875,48.31999969482422,47.97999954223633,48.13999938964844,34.891143798828125,51374800,
2011-07-06,47.93000030517578,48.02000045776367,47.61000061035156,47.81999969482422,34.659210205078125,56118500,
2011-07-07,48.369998931884766,48.630001068115234,48.279998779296875,48.47999954223633,35.137569427490234,49542300,
2011-07-08,47.93000030517578,48.0099983215332,47.45000076293945,47.93000030517578,34.73894119262695,50271000,
2011-07-11,47.099998474121094,47.18000030517578,46.52000045776367,46.59000015258789,33.76771926879883,58197700,
2011-07-12,46.25,46.599998474121094,46.08000183105469,46.119998931884766,33.42707061767578,46966300,
2011-07-13,46.540000915527344,47.27000045776367,46.43000030517578,46.869998931884766,33.970664978027344,59429900,
2011-07-14,47.119998931884766,47.16999816894531,46.27000045776367,46.369998931884766,33.6082649230957,53279700,
2011-07-15,46.81999969482422,46.84000015258789,46.36000061035156,46.65999984741211,33.818458557128906,35171100,
2011-07-18,46.22999954223633,46.33000183105469,45.79999923706055,46.119998931884766,33.42707061767578,46489100,
2011-07-19,46.5,46.84000015258789,46.36000061035156,46.790000915527344,33.91267776489258,37413900,
2011-07-20,47.029998779296875,47.099998474121094,46.810001373291016,46.93000030517578,34.0141487121582,29604100,
2011-07-21,47.16999816894531,47.77000045776367,47.029998779296875,47.68000030517578,34.55774688720703,45701000,
2011-07-22,47.689998626708984,47.779998779296875,47.41999816894531,47.650001525878906,34.53599166870117,31952700,
2011-07-25,47.34000015258789,47.7400016784668,47.2400016784668,47.54999923706055,34.46351623535156,32505900,
2011-07-26,47.84000015258789,47.97999954223633,47.54999923706055,47.709999084472656,34.5794792175293,29118300,
2011-07-27,47.540000915527344,47.540000915527344,46.75,46.869998931884766,33.970664978027344,54477400,
2011-07-28,47.09000015258789,47.27000045776367,46.7400016784668,46.90999984741211,33.99966049194336,44734300,
2011-07-29,46.54999923706055,47.25,46.41999816894531,47.11000061035156,34.14461898803711,48432100,
2011-08-01,47.66999816894531,47.689998626708984,46.630001068115234,47.06999969482422,34.11561965942383,48466100,
2011-08-02,46.68000030517578,46.7599983215332,45.59000015258789,45.619998931884766,33.0646858215332,73705600,
2011-08-03,45.599998474121094,45.630001068115234,44.65999984741211,45.459999084472656,32.948707580566406,73967200,
2011-08-04,44.2400016784668,44.36000061035156,42.790000915527344,42.86000061035156,31.064281463623047,139352000,
2011-08-05,43.150001525878906,43.2599983215332,41.31999969482422,42.58000183105469,30.861337661743164,154381700,
2011-08-08,40.72999954223633,41.2400016784668,38.709999084472656,39.029998779296875,28.28835105895996,175336300,
2011-08-09,40.0,41.34000015258789,38.810001373291016,41.31999969482422,29.948110580444336,191406700,
2011-08-10,40.060001373291016,40.540000915527344,39.119998931884766,39.130001068115234,28.360836029052734,122586600,
2011-08-11,40.04999923706055,41.79999923706055,39.7599983215332,41.290000915527344,29.92637062072754,121153900,
2011-08-12,41.31999969482422,41.560001373291016,40.83000183105469,41.27000045776367,29.9118709564209,64752000,
2011-08-15,41.90999984741211,42.33000183105469,41.900001525878906,42.22999954223633,30.607662200927734,65966400,
2011-08-16,41.779998779296875,42.16999816894531,41.34000015258789,41.869998931884766,30.346738815307617,61578100,
2011-08-17,42.150001525878906,42.47999954223633,41.7599983215332,42.16999816894531,30.564172744750977,45131600,
2011-08-18,40.630001068115234,40.689998626708984,39.63999938964844,40.18000030517578,29.12185287475586,106805200,
2011-08-19,39.619998931884766,40.7400016784668,39.61000061035156,39.68000030517578,28.75946044921875,72408800,
2011-08-22,40.34000015258789,40.5099983215332,39.5099983215332,39.63999938964844,28.730472564697266,51908100,
2011-08-23,40.15999984741211,41.06999969482422,39.7400016784668,41.029998779296875,29.737918853759766,73244900,
2011-08-24,40.38999938964844,40.869998931884766,39.97999954223633,40.630001068115234,29.44800567626953,48121000,
2011-08-25,40.619998931884766,40.779998779296875,39.619998931884766,39.84000015258789,28.87541961669922,57125600,
2011-08-26,39.880001068115234,40.540000915527344,39.22999954223633,40.52000045776367,29.368289947509766,74396200,
2011-08-29,41.279998779296875,41.84000015258789,41.25,41.83000183105469,30.317747116088867,46759900,
2011-08-30,41.59000015258789,42.150001525878906,41.369998931884766,41.88999938964844,30.361228942871094,51881500,
2011-08-31,42.650001525878906,42.93000030517578,42.40999984741211,42.75,30.98455238342285,74774800,
2011-09-01,42.869998931884766,43.27000045776367,42.5,42.52000045776367,30.817848205566406,76392600,
2011-09-02,41.86000061035156,42.06999969482422,41.349998474121094,41.560001373291016,30.1220645904541,69255200,
2011-09-06,40.189998626708984,41.15999984741211,40.16999816894531,41.130001068115234,29.810405731201172,66073000,
2011-09-07,41.83000183105469,42.380001068115234,41.599998474121094,42.349998474121094,30.694639205932617,49845600,
2011-09-08,41.619998931884766,42.11000061035156,41.29999923706055,41.40999984741211,30.013334274291992,59110100,
2011-09-09,40.77000045776367,41.83000183105469,39.849998474121094,40.0099983215332,28.998632431030273,76809100,
2011-09-12,39.27000045776367,39.970001220703125,38.97999954223633,39.93000030517578,28.940654754638672,69385300,
2011-09-13,39.72999954223633,40.040000915527344,39.400001525878906,39.9900016784668,28.984148025512695,68090600,
2011-09-14,39.709999084472656,40.220001220703125,38.88999938964844,39.880001068115234,28.9044246673584,82237200,
2011-09-15,40.38999938964844,40.470001220703125,39.79999923706055,40.459999084472656,29.324779510498047,62836900,
2011-09-16,40.650001525878906,40.81999969482422,40.150001525878906,40.529998779296875,29.375532150268555,46199300,
2011-09-19,39.099998474121094,39.529998779296875,38.91999816894531,39.33000183105469,28.505781173706055,67923900,
2011-09-20,39.47999954223633,39.7599983215332,39.02000045776367,39.040000915527344,28.295602798461914,53481200,
2011-09-21,38.810001373291016,39.04999923706055,37.560001373291016,37.59000015258789,27.244661331176758,105520500,
2011-09-22,35.810001373291016,36.099998474121094,34.709999084472656,34.95000076293945,25.331222534179688,159906700,
2011-09-23,35.38999938964844,35.93000030517578,35.130001068115234,35.880001068115234,26.005281448364258,102748900,
2011-09-26,35.56999969482422,36.470001220703125,35.09000015258789,36.41999816894531,26.39666175842285,94311200,
2011-09-27,37.61000061035156,38.2400016784668,37.38999938964844,37.58000183105469,27.237422943115234,112508800,
2011-09-28,37.400001525878906,37.65999984741211,36.40999984741211,36.45000076293945,26.418399810791016,80061600,
2011-09-29,37.41999816894531,37.540000915527344,36.38999938964844,36.95000076293945,26.78079605102539,74702700,
2011-09-30,36.0099983215332,36.36000061035156,35.029998779296875,35.099998474121094,25.439945220947266,102866200,
2011-10-03,35.06999969482422,35.59000015258789,34.290000915527344,34.36000061035156,24.90360450744629,107059200,
2011-10-04,33.93000030517578,34.939998626708984,33.41999816894531,34.88999938964844,25.287736892700195,111600000,
2011-10-05,34.7599983215332,35.75,34.4900016784668,35.70000076293945,25.874818801879883,81013800,
2011-10-06,35.779998779296875,36.90999984741211,35.619998931884766,36.880001068115234,26.73006248474121,140578300,
2011-10-07,37.099998474121094,37.2400016784668,36.20000076293945,36.439998626708984,26.411151885986328,76503200,
2011-10-10,37.459999084472656,38.130001068115234,37.43000030517578,38.06999969482422,27.592552185058594,69649800,
2011-10-11,37.58000183105469,38.279998779296875,37.5,38.09000015258789,27.607053756713867,72086900,
2011-10-12,38.88999938964844,39.720001220703125,38.869998931884766,39.15999984741211,28.382568359375,101798900,
2011-10-13,38.84000015258789,39.0099983215332,38.290000915527344,38.810001373291016,28.12889862060547,57089300,
2011-10-14,39.400001525878906,39.61000061035156,39.15999984741211,39.59000015258789,28.69422721862793,72966500,
2011-10-17,39.16999816894531,39.2599983215332,38.209999084472656,38.25,27.72301483154297,63743000,
2011-10-18,38.31999969482422,39.459999084472656,37.72999954223633,39.27000045776367,28.462297439575195,85366100,
2011-10-19,39.02000045776367,39.209999084472656,38.470001220703125,38.52000045776367,27.9187068939209,52363200,
2011-10-20,38.209999084472656,38.220001220703125,37.130001068115234,37.779998779296875,27.382369995117188,83654600,
2011-10-21,38.38999938964844,38.900001525878906,38.369998931884766,38.86000061035156,28.16513442993164,69672700,
2011-10-24,39.34000015258789,40.5,39.29999923706055,40.380001068115234,29.266813278198242,87934300,
2011-10-25,39.900001525878906,40.02000045776367,39.43000030517578,39.58000183105469,28.686981201171875,76772100,
2011-10-26,40.38999938964844,40.5099983215332,39.52000045776367,40.310001373291016,29.216073989868164,62940200,
2011-10-27,42.09000015258789,43.220001220703125,41.72999954223633,42.7599983215332,30.991792678833008,156301800,
2011-10-28,42.02000045776367,42.65999984741211,41.939998626708984,42.400001525878906,30.73086929321289,59840500,
2011-10-31,41.599998474121094,41.68000030517578,40.7599983215332,40.810001373291016,29.578466415405273,69667800,
2011-11-01,39.290000915527344,40.310001373291016,39.13999938964844,39.81999969482422,28.860929489135742,91614700,
2011-11-02,40.939998626708984,41.13999938964844,40.41999816894531,41.040000915527344,29.74517250061035,64629600,
2011-11-03,41.290000915527344,41.630001068115234,40.66999816894531,41.459999084472656,30.049577713012695,58912200,
2011-11-04,41.11000061035156,41.2599983215332,40.54999923706055,41.189998626708984,29.853891372680664,50083800,
2011-11-07,41.130001068115234,41.630001068115234,40.970001220703125,41.540000915527344,30.10755729675293,44450000,
2011-11-08,41.61000061035156,42.08000183105469,41.099998474121094,42.029998779296875,30.46269989013672,70276800,
2011-11-09,40.400001525878906,40.560001373291016,39.47999954223633,39.56999969482422,28.679738998413086,111322800,
2011-11-10,40.189998626708984,40.29999923706055,39.54999923706055,39.83000183105469,28.868179321289062,48436000,
2011-11-11,40.369998931884766,40.900001525878906,40.369998931884766,40.790000915527344,29.56397247314453,48885300,
2011-11-14,40.5,40.599998474121094,40.0,40.22999954223633,29.158096313476562,47272600,
2011-11-15,40.18000030517578,40.70000076293945,39.86000061035156,40.47999954223633,29.339284896850586,45852500,
2011-11-16,39.75,40.16999816894531,39.38999938964844,39.38999938964844,28.549272537231445,64823000,
2011-11-17,39.599998474121094,39.70000076293945,38.18000030517578,38.38999938964844,27.824487686157227,102951000,
2011-11-18,38.95000076293945,38.959999084472656,38.31999969482422,38.540000915527344,27.933208465576172,51240500,
2011-11-21,37.5099983215332,37.65999984741211,36.880001068115234,37.29999923706055,27.034465789794922,59896200,
2011-11-22,37.45000076293945,37.65999984741211,36.9900016784668,37.43000030517578,27.12870216369629,46355600,
2011-11-23,36.790000915527344,36.81999969482422,36.220001220703125,36.220001220703125,26.25170135498047,65700800,
2011-11-25,36.22999954223633,36.72999954223633,36.099998474121094,36.099998474121094,26.164737701416016,30076300,
2011-11-28,37.720001220703125,37.86000061035156,37.459999084472656,37.83000183105469,27.418609619140625,79397700,
2011-11-29,37.720001220703125,38.220001220703125,37.619998931884766,37.65999984741211,27.29539680480957,52655900,
2011-11-30,39.5,40.06999969482422,39.290000915527344,40.0099983215332,28.998632431030273,92375400,
2011-12-01,40.029998779296875,40.349998474121094,39.810001373291016,39.88999938964844,28.911670684814453,46229200,
2011-12-02,40.38999938964844,40.43000030517578,39.75,39.77000045776367,28.824697494506836,47176100,
2011-12-05,40.5,40.59000015258789,40.119998931884766,40.41999816894531,29.295801162719727,59551400,
2011-12-06,39.86000061035156,40.16999816894531,39.59000015258789,39.869998931884766,28.897165298461914,43432800,
2011-12-07,39.77000045776367,40.15999984741211,39.5099983215332,40.029998779296875,29.013139724731445,73276600,
2011-12-08,39.43000030517578,39.560001373291016,38.47999954223633,38.59000015258789,27.969446182250977,86315100,
2011-12-09,38.709999084472656,39.47999954223633,38.70000076293945,39.369998931884766,28.53478240966797,51866700,
2011-12-12,38.2400016784668,38.290000915527344,37.65999984741211,37.88999938964844,27.462093353271484,82239000,
2011-12-13,38.2400016784668,38.45000076293945,37.41999816894531,37.540000915527344,27.208419799804688,59290300,
2011-12-14,37.400001525878906,37.599998474121094,36.97999954223633,37.0,26.817033767700195,66643900,
2011-12-15,37.7400016784668,37.75,37.119998931884766,37.2400016784668,26.990989685058594,82103600,
2011-12-16,37.619998931884766,37.84000015258789,37.369998931884766,37.52000045776367,27.19392967224121,64381200,
2011-12-19,37.22999954223633,37.279998779296875,36.47999954223633,36.54999923706055,26.49088478088379,56108700,
2011-12-20,37.15999984741211,37.79999923706055,37.130001068115234,37.720001220703125,27.600915908813477,71387400,"{""dividend_amount"": 0.347}"
2011-12-21,37.630001068115234,37.849998474121094,37.20000076293945,37.84000015258789,27.6887264251709,47572400,
2011-12-22,37.88999938964844,38.369998931884766,37.880001068115234,38.34000015258789,28.054597854614258,58644600,
2011-12-23,38.31999969482422,38.5,38.15999984741211,38.4900016784668,28.16436195373535,21521600,
2011-12-27,38.18000030517578,38.29999923706055,38.040000915527344,38.119998931884766,27.893613815307617,26198500,
2011-12-28,37.93000030517578,37.97999954223633,37.43000030517578,37.47999954223633,27.42530059814453,39326100,
2011-12-29,37.66999816894531,37.959999084472656,37.630001068115234,37.90999984741211,27.739948272705078,32240500,
2011-12-30,37.880001068115234,38.13999938964844,37.86000061035156,37.939998626708984,27.76190757751465,33432400,
2012-01-03,38.97999954223633,39.27000045776367,38.88999938964844,39.099998474121094,28.610702514648438,72557500,
2012-01-04,38.7400016784668,38.970001220703125,38.599998474121094,38.880001068115234,28.449735641479492,46225600,
2012-01-05,38.63999938964844,38.83000183105469,38.33000183105469,38.709999084472656,28.325326919555664,54383000,
2012-01-06,38.66999816894531,38.66999816894531,38.20000076293945,38.220001220703125,27.966793060302734,50333100,
2012-01-09,38.58000183105469,38.70000076293945,38.369998931884766,38.619998931884766,28.259477615356445,45814800,
2012-01-10,39.5,39.68000030517578,39.36000061035156,39.459999084472656,28.874128341674805,59620000,
2012-01-11,39.22999954223633,39.5099983215332,39.119998931884766,39.4900016784668,28.896093368530273,47747100,
2012-01-12,39.689998626708984,39.75,39.380001068115234,39.650001525878906,29.01317024230957,43328400,
2012-01-13,39.36000061035156,39.380001068115234,38.939998626708984,39.290000915527344,28.74973487854004,57195200,
2012-01-17,40.13999938964844,40.25,39.880001068115234,40.040000915527344,29.298540115356445,70477600,
2012-01-18,40.25,41.06999969482422,40.150001525878906,41.04999923706055,30.03758430480957,72674100,
2012-01-19,41.2599983215332,41.47999954223633,41.13999938964844,41.40999984741211,30.30101203918457,68477400,
2012-01-20,41.310001373291016,41.4900016784668,41.119998931884766,41.380001068115234,30.279064178466797,43400800,
2012-01-23,41.58000183105469,41.97999954223633,41.5099983215332,41.779998779296875,30.571752548217773,62223900,
2012-01-24,41.400001525878906,41.84000015258789,41.22999954223633,41.84000015258789,30.61566162109375,39864800,
2012-01-25,41.52000045776367,42.41999816894531,41.38999938964844,42.310001373291016,30.95957374572754,64939200,
2012-01-26,42.61000061035156,42.7599983215332,41.97999954223633,42.13999938964844,30.835174560546875,68097200,
2012-01-27,42.15999984741211,42.5099983215332,42.13999938964844,42.36000061035156,30.996150970458984,51983800,
2012-01-30,41.5099983215332,41.88999938964844,41.349998474121094,41.75,30.5497989654541,43104400,
2012-01-31,42.27000045776367,42.54999923706055,41.83000183105469,42.11000061035156,30.81322479248047,69525300,
2012-02-01,42.75,43.25,42.66999816894531,43.040000915527344,31.49373435974121,82799300,
2012-02-02,43.25,43.54999923706055,43.13999938964844,43.15999984741211,31.58153533935547,71522900,
2012-02-03,43.72999954223633,43.939998626708984,43.47999954223633,43.880001068115234,32.10838317871094,72000800,
2012-02-06,43.290000915527344,43.5099983215332,43.20000076293945,43.5099983215332,31.8376407623291,40208500,
2012-02-07,43.310001373291016,43.68000030517578,43.040000915527344,43.599998474121094,31.903507232666016,47240100,
2012-02-08,43.869998931884766,44.099998474121094,43.709999084472656,43.90999984741211,32.13033676147461,53168200,
2012-02-09,43.970001220703125,44.0,43.61000061035156,43.88999938964844,32.11570358276367,44004500,
2012-02-10,42.939998626708984,43.0,42.7400016784668,42.91999816894531,31.405914306640625,62254000,
2012-02-13,43.630001068115234,43.66999816894531,43.290000915527344,43.619998931884766,31.918140411376953,47447900,
2012-02-14,43.31999969482422,43.45000076293945,42.97999954223633,43.2599983215332,31.654720306396484,42652500,
2012-02-15,43.779998779296875,43.790000915527344,43.279998779296875,43.380001068115234,31.742525100708008,51791500,
2012-02-16,43.209999084472656,43.880001068115234,43.08000183105469,43.849998474121094,32.08643341064453,52445100,
2012-02-17,44.0099983215332,44.099998474121094,43.779998779296875,43.93000030517578,32.14497756958008,50694200,
2012-02-21,44.04999923706055,44.08000183105469,43.68000030517578,43.75,32.013267517089844,46318500,
2012-02-22,43.810001373291016,43.900001525878906,43.65999984741211,43.83000183105469,32.07180404663086,40179600,
2012-02-23,43.7400016784668,43.849998474121094,43.4900016784668,43.75,32.013267517089844,36443800,
2012-02-24,43.959999084472656,44.2599983215332,43.93000030517578,44.189998626708984,32.33522415161133,37876800,
2012-02-27,43.56999969482422,43.90999984741211,43.380001068115234,43.75,32.013267517089844,42999300,
2012-02-28,44.029998779296875,44.369998931884766,43.91999816894531,44.36000061035156,32.45961380004883,40977700,
2012-02-29,44.63999938964844,44.90999984741211,44.209999084472656,44.33000183105469,32.43766403198242,72109200,
2012-03-01,44.47999954223633,44.869998931884766,44.41999816894531,44.75,32.7449951171875,51045600,
2012-03-02,44.599998474121094,44.75,44.41999816894531,44.63999938964844,32.66449737548828,32352400,
2012-03-05,44.22999954223633,44.2400016784668,43.68000030517578,43.869998931884766,32.10105895996094,50657400,
2012-03-06,42.75,42.79999923706055,42.220001220703125,42.400001525878906,31.02541160583496,103961400,
2012-03-07,42.75,42.95000076293945,42.54999923706055,42.90999984741211,31.39861297607422,45233800,
2012-03-08,43.56999969482422,43.88999938964844,43.400001525878906,43.810001373291016,32.057159423828125,40673600,
2012-03-09,43.810001373291016,44.040000915527344,43.689998626708984,43.790000915527344,32.04253005981445,36487700,
2012-03-12,43.4900016784668,43.54999923706055,43.150001525878906,43.310001373291016,31.691308975219727,31488700,
2012-03-13,43.7400016784668,44.529998779296875,43.619998931884766,44.4900016784668,32.55474090576172,61336000,
2012-03-14,44.2599983215332,44.369998931884766,43.68000030517578,43.790000915527344,32.04253005981445,59777900,
2012-03-15,44.029998779296875,44.18000030517578,43.7599983215332,44.13999938964844,32.298641204833984,35060300,
2012-03-16,44.06999969482422,44.25,43.93000030517578,44.09000015258789,32.262054443359375,36520100,
2012-03-19,43.709999084472656,44.099998474121094,43.650001525878906,43.91999816894531,32.137657165527344,30002500,
2012-03-20,43.15999984741211,43.27000045776367,42.900001525878906,43.15999984741211,31.58153533935547,53828200,
2012-03-21,43.18000030517578,43.34000015258789,42.939998626708984,43.2400016784668,31.640079498291016,49696000,
2012-03-22,42.810001373291016,42.84000015258789,42.380001068115234,42.58000183105469,31.157135009765625,73056000,
2012-03-23,42.630001068115234,42.95000076293945,42.41999816894531,42.900001525878906,31.391298294067383,31693200,
2012-03-26,43.18000030517578,43.66999816894531,43.099998474121094,43.650001525878906,31.94009017944336,67482700,
2012-03-27,43.650001525878906,43.70000076293945,43.380001068115234,43.41999816894531,31.771780014038086,35627500,
2012-03-28,43.209999084472656,43.29999923706055,42.5099983215332,42.689998626708984,31.23762321472168,55592200,
2012-03-29,42.220001220703125,42.68000030517578,41.90999984741211,42.63999938964844,31.201034545898438,53897700,
2012-03-30,43.04999923706055,43.060001373291016,42.630001068115234,42.95000076293945,31.42788314819336,48514500,
2012-04-02,42.900001525878906,43.72999954223633,42.790000915527344,43.540000915527344,31.859607696533203,62056300,
2012-04-03,43.61000061035156,43.75,43.0,43.290000915527344,31.676673889160156,58379300,
2012-04-04,42.560001373291016,42.630001068115234,42.2400016784668,42.5099983215332,31.105913162231445,49766700,
2012-04-05,42.52000045776367,43.849998474121094,42.5,42.7400016784668,31.27421760559082,45579600,
2012-04-09,42.09000015258789,42.310001373291016,41.970001220703125,42.11000061035156,30.81322479248047,42343200,
2012-04-10,41.970001220703125,42.09000015258789,41.16999816894531,41.290000915527344,30.21320343017578,81350300,
2012-04-11,41.880001068115234,42.0,41.63999938964844,41.7400016784668,30.542482376098633,45581000,
2012-04-12,41.95000076293945,42.81999969482422,41.939998626708984,42.810001373291016,31.3254337310791,64008500,
2012-04-13,42.58000183105469,42.70000076293945,42.040000915527344,42.15999984741211,30.84980583190918,64221100,
2012-04-16,42.459999084472656,42.5099983215332,41.7599983215332,41.95000076293945,30.696138381958008,62839600,
2012-04-17,42.16999816894531,42.529998779296875,41.97999954223633,42.43000030517578,31.047380447387695,51806300,
2012-04-18,42.060001373291016,42.349998474121094,41.9900016784668,42.22999954223633,30.901031494140625,40456400,
2012-04-19,42.150001525878906,42.47999954223633,41.81999969482422,42.040000915527344,30.76200294494629,42080500,
2012-04-20,42.310001373291016,42.54999923706055,42.2599983215332,42.33000183105469,30.974197387695312,43456900,
2012-04-23,41.56999969482422,41.61000061035156,41.06999969482422,41.52000045776367,30.38149070739746,63093800,
2012-04-24,41.630001068115234,41.880001068115234,41.529998779296875,41.61000061035156,30.447357177734375,50567200,
2012-04-25,41.95000076293945,42.0099983215332,41.72999954223633,41.9900016784668,30.725425720214844,45739900,
2012-04-26,41.84000015258789,42.310001373291016,41.790000915527344,42.25,30.915664672851562,35715200,
2012-04-27,42.279998779296875,42.400001525878906,42.04999923706055,42.310001373291016,30.95957374572754,40038100,
2012-04-30,42.310001373291016,42.31999969482422,42.06999969482422,42.220001220703125,30.893718719482422,39795800,
2012-05-01,42.25,42.880001068115234,42.13999938964844,42.5,31.098596572875977,37657900,
2012-05-02,42.369998931884766,42.4900016784668,42.150001525878906,42.41999816894531,31.040056228637695,35379800,
2012-05-03,42.439998626708984,42.470001220703125,41.90999984741211,42.099998474121094,30.805906295776367,45671000,
2012-05-04,41.869998931884766,41.939998626708984,41.290000915527344,41.36000061035156,30.264421463012695,58478500,
2012-05-07,41.290000915527344,41.56999969482422,41.2400016784668,41.5099983215332,30.37418556213379,44100000,
2012-05-08,41.130001068115234,41.13999938964844,40.41999816894531,40.849998474121094,29.891231536865234,66820200,
2012-05-09,40.11000061035156,40.599998474121094,39.869998931884766,40.31999969482422,29.5034236907959,86829800,
2012-05-10,40.7400016784668,40.7400016784668,40.41999816894531,40.4900016784668,29.62782096862793,48337700,
2012-05-11,40.0099983215332,40.52000045776367,39.93000030517578,39.970001220703125,29.2473201751709,56290000,
2012-05-14,39.27000045776367,39.34000015258789,39.04999923706055,39.060001373291016,28.581432342529297,63048400,
2012-05-15,39.09000015258789,39.22999954223633,38.56999969482422,38.720001220703125,28.33265495300293,61529000,
2012-05-16,38.5099983215332,38.75,38.119998931884766,38.16999816894531,27.930204391479492,82693600,
2012-05-17,38.150001525878906,38.22999954223633,37.61000061035156,37.650001525878906,27.549701690673828,74320200,
2012-05-18,37.7599983215332,37.86000061035156,37.16999816894531,37.290000915527344,27.286272048950195,75155600,
2012-05-21,37.5,38.2400016784668,37.459999084472656,38.18000030517578,27.93752670288086,62509500,
2012-05-22,38.13999938964844,38.40999984741211,37.540000915527344,37.779998779296875,27.644824981689453,52847900,
2012-05-23,37.380001068115234,37.54999923706055,36.689998626708984,37.52000045776367,27.454580307006836,72030300,
2012-05-24,37.630001068115234,37.63999938964844,36.970001220703125,37.33000183105469,27.31554412841797,57707700,
2012-05-25,37.18000030517578,37.369998931884766,37.04999923706055,37.150001525878906,27.1838321685791,47685000,
2012-05-29,38.150001525878906,38.36000061035156,37.869998931884766,38.20000076293945,27.9521541595459,71172100,
2012-05-30,37.470001220703125,37.650001525878906,37.29999923706055,37.540000915527344,27.469207763671875,80092500,
2012-05-31,37.61000061035156,37.88999938964844,37.220001220703125,37.70000076293945,27.58628273010254,66528900,
2012-06-01,36.93000030517578,37.119998931884766,36.63999938964844,36.689998626708984,26.84723472595215,79955400,
2012-06-04,36.75,36.9900016784668,36.56999969482422,36.849998474121094,26.964311599731445,57106800,
2012-06-05,36.86000061035156,37.04999923706055,36.650001525878906,36.95000076293945,27.037485122680664,58858400,
2012-06-06,37.36000061035156,38.08000183105469,37.349998474121094,38.029998779296875,27.8277587890625,55300800,
2012-06-07,38.84000015258789,38.91999816894531,38.130001068115234,38.2599983215332,27.99605941772461,49633200,
2012-06-08,37.689998626708984,37.9900016784668,37.54999923706055,37.93000030517578,27.75458335876465,39729500,
2012-06-11,38.27000045776367,38.310001373291016,37.349998474121094,37.380001068115234,27.352130889892578,51800800,
2012-06-12,37.90999984741211,38.189998626708984,37.720001220703125,38.15999984741211,27.922882080078125,54033500,
2012-06-13,38.099998474121094,38.459999084472656,37.93000030517578,38.02000045776367,27.820444107055664,43926900,
2012-06-14,37.970001220703125,38.41999816894531,37.77000045776367,38.290000915527344,28.018014907836914,46464200,
2012-06-15,38.470001220703125,39.0,38.380001068115234,38.9900016784668,28.530214309692383,63027500,
2012-06-18,38.7400016784668,39.16999816894531,38.63999938964844,39.06999969482422,28.58875846862793,37552500,
2012-06-19,39.400001525878906,39.95000076293945,39.34000015258789,39.70000076293945,29.049758911132812,50142100,
2012-06-20,39.70000076293945,39.81999969482422,39.18000030517578,39.56999969482422,28.954627990722656,58814400,
2012-06-21,38.83000183105469,38.880001068115234,37.619998931884766,37.66999816894531,27.894241333007812,58815500,"{""dividend_amount"": 0.468}"
2012-06-22,37.970001220703125,37.9900016784668,37.58000183105469,37.790000915527344,27.983102798461914,33162400,
2012-06-25,37.22999954223633,37.2400016784668,36.880001068115234,37.09000015258789,27.464767456054688,44292700,
2012-06-26,37.34000015258789,37.560001373291016,37.060001373291016,37.40999984741211,27.70171546936035,35913100,
2012-06-27,37.63999938964844,37.779998779296875,37.52000045776367,37.650001525878906,27.879438400268555,28255200,
2012-06-28,37.310001373291016,37.5099983215332,37.04999923706055,37.470001220703125,27.746145248413086,34183500,
2012-06-29,38.650001525878906,39.189998626708984,38.59000015258789,39.130001068115234,28.97536277770996,78076300,
2012-07-02,39.060001373291016,39.189998626708984,38.790000915527344,39.130001068115234,28.97536277770996,38509900,
2012-07-03,39.5,39.91999816894531,39.380001068115234,39.90999984741211,29.552942276000977,36099700,
2012-07-05,39.560001373291016,39.7400016784668,39.27000045776367,39.4900016784668,29.2419376373291,33512700,
2012-07-06,38.900001525878906,38.9900016784668,38.61000061035156,38.77000045776367,28.70878791809082,49424200,
2012-07-09,38.599998474121094,38.70000076293945,38.38999938964844,38.630001068115234,28.605113983154297,34530600,
2012-07-10,38.9900016784668,39.02000045776367,38.060001373291016,38.20000076293945,28.28670310974121,48650000,
2012-07-11,38.349998474121094,38.58000183105469,38.130001068115234,38.400001525878906,28.434804916381836,37130100,
2012-07-12,37.66999816894531,37.9900016784668,37.45000076293945,37.7599983215332,27.960893630981445,45106800,
2012-07-13,38.08000183105469,38.529998779296875,38.04999923706055,38.4900016784668,28.501453399658203,37182200,
2012-07-16,38.27000045776367,38.4900016784668,38.08000183105469,38.400001525878906,28.434804916381836,26278800,
2012-07-17,38.63999938964844,38.95000076293945,38.209999084472656,38.90999984741211,28.81243896484375,40019400,
2012-07-18,38.349998474121094,38.90999984741211,38.33000183105469,38.810001373291016,28.738405227661133,47417000,
2012-07-19,39.0099983215332,39.2400016784668,38.869998931884766,39.16999816894531,29.004980087280273,44699700,
2012-07-20,38.689998626708984,38.790000915527344,38.45000076293945,38.59000015258789,28.575498580932617,43769200,
2012-07-23,37.4900016784668,37.77000045776367,37.150001525878906,37.58000183105469,27.827608108520508,55593300,
2012-07-24,37.7599983215332,37.77000045776367,37.18000030517578,37.41999816894531,27.709123611450195,46775500,
2012-07-25,37.689998626708984,37.84000015258789,37.369998931884766,37.599998474121094,27.8424072265625,34494400,
2012-07-26,38.189998626708984,38.5099983215332,38.029998779296875,38.45000076293945,28.47182846069336,50710800,
2012-07-27,38.880001068115234,39.599998474121094,38.7599983215332,39.529998779296875,29.271554946899414,50860600,
2012-07-30,39.2599983215332,39.5099983215332,39.209999084472656,39.29999923706055,29.101238250732422,41406700,
2012-07-31,39.4900016784668,39.650001525878906,39.119998931884766,39.119998931884766,28.967954635620117,58788800,
2012-08-01,39.540000915527344,40.45000076293945,39.13999938964844,39.189998626708984,29.019784927368164,49853100,
2012-08-02,38.75,39.099998474121094,38.439998626708984,38.72999954223633,28.679168701171875,50858700,
2012-08-03,39.529998779296875,40.02000045776367,39.47999954223633,39.93000030517578,29.56773567199707,60512600,
2012-08-06,39.97999954223633,40.36000061035156,39.97999954223633,40.18000030517578,29.75286865234375,37181300,
2012-08-07,40.2400016784668,40.58000183105469,40.22999954223633,40.290000915527344,29.834333419799805,43260000,
2012-08-08,40.150001525878906,40.540000915527344,40.11000061035156,40.369998931884766,29.893566131591797,36569300,
2012-08-09,40.5099983215332,40.779998779296875,40.470001220703125,40.540000915527344,30.019458770751953,34528300,
2012-08-10,40.380001068115234,40.779998779296875,40.2599983215332,40.72999954223633,30.160140991210938,32246700,
2012-08-13,40.470001220703125,40.59000015258789,40.13999938964844,40.369998931884766,29.893566131591797,40396800,
2012-08-14,40.599998474121094,40.65999984741211,40.290000915527344,40.36000061035156,29.886167526245117,26731300,
2012-08-15,40.25,40.400001525878906,40.16999816894531,40.29999923706055,29.84173583984375,18836100,
2012-08-16,40.40999984741211,40.7400016784668,40.209999084472656,40.66999816894531,30.115711212158203,37695800,
2012-08-17,40.4900016784668,40.52000045776367,40.2400016784668,40.470001220703125,29.96761703491211,46358100,
2012-08-20,40.209999084472656,40.470001220703125,40.11000061035156,40.45000076293945,29.952802658081055,28711200,
2012-08-21,40.66999816894531,40.84000015258789,40.27000045776367,40.38999938964844,29.908370971679688,27937400,
2012-08-22,40.150001525878906,40.5,40.0099983215332,40.40999984741211,29.923192977905273,36551000,
2012-08-23,40.310001373291016,40.369998931884766,39.91999816894531,40.040000915527344,29.649202346801758,39512000,
2012-08-24,39.869998931884766,40.209999084472656,39.70000076293945,40.04999923706055,29.6566104888916,34421500,
2012-08-27,39.849998474121094,39.88999938964844,39.61000061035156,39.63999938964844,29.35301399230957,23179600,
2012-08-28,39.59000015258789,39.7400016784668,39.5,39.560001373291016,29.29376220703125,24377800,
2012-08-29,39.599998474121094,39.619998931884766,39.2400016784668,39.369998931884766,29.153078079223633,31372600,
2012-08-30,39.119998931884766,39.119998931884766,38.849998474121094,38.90999984741211,28.81243896484375,36609900,
2012-08-31,39.20000076293945,39.459999084472656,38.95000076293945,39.279998779296875,29.08643341064453,41552000,
2012-09-04,39.29999923706055,39.29999923706055,38.93000030517578,39.060001373291016,28.923521041870117,32627400,
2012-09-05,38.900001525878906,38.970001220703125,38.68000030517578,38.86000061035156,28.775432586669922,33041200,
2012-09-06,39.09000015258789,39.849998474121094,39.08000183105469,39.720001220703125,29.412242889404297,47868700,
2012-09-07,40.2599983215332,40.65999984741211,40.209999084472656,40.63999938964844,30.093502044677734,59898600,
2012-09-10,40.40999984741211,40.540000915527344,40.09000015258789,40.119998931884766,29.70844841003418,37361500,
2012-09-11,40.349998474121094,40.720001220703125,40.310001373291016,40.599998474121094,30.063886642456055,32692200,
2012-09-12,40.84000015258789,40.93000030517578,40.619998931884766,40.779998779296875,30.197166442871094,44014400,
2012-09-13,40.61000061035156,42.0099983215332,40.52000045776367,41.880001068115234,31.011703491210938,95670600,
2012-09-14,42.310001373291016,42.84000015258789,42.20000076293945,42.369998931884766,31.374544143676758,85091000,
2012-09-17,42.15999984741211,42.2400016784668,41.810001373291016,41.90999984741211,31.03392219543457,47652400,
2012-09-18,41.900001525878906,42.060001373291016,41.720001220703125,41.93000030517578,31.04872703552246,37259800,
2012-09-19,41.939998626708984,42.0,41.77000045776367,41.93000030517578,31.04872703552246,39322800,
2012-09-20,41.45000076293945,41.709999084472656,41.209999084472656,41.68000030517578,30.86361312866211,46217400,
2012-09-21,42.029998779296875,42.04999923706055,41.72999954223633,41.779998779296875,30.937660217285156,49929300,
2012-09-24,41.61000061035156,41.79999923706055,41.4900016784668,41.7400016784668,30.908042907714844,29068900,
2012-09-25,41.810001373291016,41.869998931884766,41.11000061035156,41.119998931884766,30.448932647705078,49642600,
2012-09-26,40.9900016784668,41.060001373291016,40.65999984741211,40.93000030517578,30.308237075805664,44745200,
2012-09-27,41.43000030517578,41.720001220703125,41.2400016784668,41.58000183105469,30.7895565032959,40566600,
2012-09-28,41.47999954223633,41.52000045776367,41.20000076293945,41.33000183105469,30.604429244995117,55360900,
2012-10-01,41.689998626708984,42.099998474121094,41.630001068115234,41.7400016784668,30.908042907714844,40299700,
2012-10-02,41.970001220703125,42.02000045776367,41.59000015258789,41.79999923706055,30.952476501464844,36829800,
2012-10-03,41.810001373291016,41.83000183105469,41.45000076293945,41.52000045776367,30.745128631591797,41571300,
2012-10-04,41.65999984741211,41.97999954223633,41.54999923706055,41.95000076293945,31.063539505004883,44450900,
2012-10-05,42.15999984741211,42.33000183105469,41.79999923706055,41.95000076293945,31.063539505004883,53557500,
2012-10-08,41.43000030517578,41.63999938964844,41.369998931884766,41.58000183105469,30.7895565032959,33006200,
2012-10-09,41.529998779296875,41.560001373291016,41.099998474121094,41.27000045776367,30.560001373291016,44369700,
2012-10-10,41.33000183105469,41.34000015258789,40.91999816894531,41.02000045776367,30.37489128112793,51701800,
2012-10-11,41.470001220703125,41.619998931884766,41.380001068115234,41.400001525878906,30.656274795532227,41911800,
2012-10-12,41.349998474121094,41.56999969482422,41.18000030517578,41.27000045776367,30.560001373291016,35969600,
2012-10-15,41.380001068115234,41.619998931884766,41.209999084472656,41.5099983215332,30.737716674804688,35889600,
2012-10-16,41.779998779296875,42.060001373291016,41.77000045776367,41.939998626708984,31.056127548217773,54306500,
2012-10-17,42.060001373291016,42.36000061035156,41.91999816894531,42.27000045776367,31.300495147705078,58925200,
2012-10-18,42.060001373291016,42.349998474121094,41.959999084472656,42.150001525878906,31.211645126342773,48731300,
2012-10-19,41.88999938964844,41.900001525878906,41.380001068115234,41.5,30.73031997680664,49582400,
2012-10-22,41.86000061035156,42.04999923706055,41.630001068115234,41.900001525878906,31.026508331298828,42518400,
2012-10-23,41.2400016784668,41.2400016784668,40.81999969482422,41.040000915527344,30.389690399169922,58436700,
2012-10-24,41.40999984741211,41.47999954223633,41.08000183105469,41.08000183105469,30.4193172454834,35063000,
2012-10-25,41.66999816894531,41.7400016784668,41.099998474121094,41.529998779296875,30.752534866333008,41000200,
2012-10-26,41.27000045776367,41.380001068115234,41.060001373291016,41.209999084472656,30.515583038330078,36208200,
2012-10-31,41.33000183105469,41.41999816894531,41.02000045776367,41.150001525878906,30.471158981323242,58457500,
2012-11-01,41.540000915527344,41.88999938964844,41.470001220703125,41.81999969482422,30.967281341552734,63484700,
2012-11-02,42.04999923706055,42.04999923706055,41.47999954223633,41.599998474121094,30.80436897277832,53942400,
2012-11-05,41.54999923706055,41.84000015258789,41.470001220703125,41.79999923706055,30.952476501464844,33477200,
2012-11-06,41.90999984741211,42.2599983215332,41.88999938964844,42.130001068115234,31.19683265686035,48097800,
2012-11-07,41.790000915527344,41.810001373291016,41.18000030517578,41.439998626708984,30.68588638305664,65258900,
2012-11-08,41.40999984741211,41.66999816894531,40.869998931884766,40.91999816894531,30.30083465576172,73473600,
2012-11-09,40.970001220703125,41.33000183105469,40.90999984741211,41.0,30.360078811645508,60594400,
2012-11-12,41.16999816894531,41.310001373291016,41.06999969482422,41.150001525878906,30.471158981323242,43640500,
2012-11-13,40.65999984741211,40.97999954223633,40.52000045776367,40.779998779296875,30.197166442871094,56929600,
2012-11-14,40.84000015258789,40.880001068115234,40.060001373291016,40.150001525878906,29.73065948486328,65058700,
2012-11-15,40.22999954223633,40.40999984741211,40.060001373291016,40.290000915527344,29.834333419799805,56282800,
2012-11-16,40.25,40.439998626708984,39.91999816894531,40.40999984741211,29.923192977905273,55419900,
2012-11-19,40.77000045776367,41.13999938964844,40.77000045776367,41.119998931884766,30.448932647705078,60801400,
2012-11-20,40.790000915527344,41.040000915527344,40.68000030517578,41.040000915527344,30.389690399169922,49350300,
2012-11-21,40.880001068115234,41.040000915527344,40.779998779296875,40.959999084472656,30.330459594726562,49863200,
2012-11-23,41.45000076293945,41.68000030517578,41.41999816894531,41.630001068115234,30.826574325561523,38725400,
2012-11-26,41.459999084472656,41.63999938964844,41.380001068115234,41.630001068115234,30.826574325561523,38361700,
2012-11-27,41.59000015258789,41.650001525878906,41.27000045776367,41.279998779296875,30.56740951538086,39719300,
2012-11-28,41.029998779296875,41.54999923706055,40.900001525878906,41.5099983215332,30.737716674804688,45433200,
2012-11-29,41.7400016784668,41.95000076293945,41.58000183105469,41.810001373291016,30.959861755371094,60142000,
2012-11-30,41.900001525878906,41.91999816894531,41.68000030517578,41.790000915527344,30.945064544677734,60627600,
2012-12-03,42.04999923706055,42.04999923706055,41.77000045776367,41.77000045776367,30.930248260498047,47979700,
2012-12-04,41.939998626708984,42.119998931884766,41.86000061035156,41.88999938964844,31.019113540649414,48560100,
2012-12-05,42.31999969482422,42.58000183105469,42.20000076293945,42.34000015258789,31.352323532104492,60792500,
2012-12-06,42.400001525878906,42.689998626708984,42.369998931884766,42.65999984741211,31.58928680419922,45175200,
2012-12-07,42.7400016784668,42.81999969482422,42.58000183105469,42.790000915527344,31.68555450439453,33920200,
2012-12-10,42.779998779296875,43.11000061035156,42.75,43.029998779296875,31.863277435302734,52020900,
2012-12-11,43.06999969482422,43.31999969482422,43.029998779296875,43.25,32.02616882324219,55722500,
2012-12-12,43.38999938964844,43.650001525878906,43.209999084472656,43.380001068115234,32.12242889404297,57451400,
2012-12-13,43.349998474121094,43.470001220703125,43.060001373291016,43.189998626708984,31.98174476623535,55617900,
2012-12-14,43.27000045776367,43.459999084472656,43.220001220703125,43.380001068115234,32.12242889404297,39422900,
2012-12-17,43.279998779296875,43.5099983215332,43.22999954223633,43.4900016784668,32.20389938354492,55647600,
2012-12-18,43.189998626708984,43.56999969482422,43.0,43.529998779296875,32.42887878417969,61649000,"{""dividend_amount"": 0.262}"
2012-12-19,43.58000183105469,43.72999954223633,43.47999954223633,43.5099983215332,32.413970947265625,50249100,
2012-12-20,43.52000045776367,43.779998779296875,43.38999938964844,43.77000045776367,32.607662200927734,57106100,
2012-12-21,43.029998779296875,43.29999923706055,42.970001220703125,43.27000045776367,32.23518371582031,66038300,
2012-12-24,43.209999084472656,43.25,43.09000015258789,43.18000030517578,32.16813278198242,18908100,
2012-12-26,43.4900016784668,43.58000183105469,43.290000915527344,43.310001373291016,32.26498794555664,25381900,
2012-12-27,43.540000915527344,43.650001525878906,43.20000076293945,43.540000915527344,32.446815490722656,41600600,"{""dividend_amount"": 0.014}"
2012-12-28,43.52000045776367,43.849998474121094,43.4900016784668,43.70000076293945,32.56605529785156,42093300,
2012-12-31,43.75,44.41999816894531,43.66999816894531,44.349998474121094,33.05043029785156,49353800,
2013-01-02,44.90999984741211,45.33000183105469,44.779998779296875,45.220001220703125,33.69877243041992,101185100,
2013-01-03,44.900001525878906,45.279998779296875,44.84000015258789,44.900001525878906,33.46031188964844,66217800,
2013-01-04,44.689998626708984,45.0099983215332,44.599998474121094,44.9900016784668,33.527381896972656,51087000,
2013-01-07,44.63999938964844,44.689998626708984,44.5099983215332,44.650001525878906,33.274009704589844,50598800,
2013-01-08,44.400001525878906,44.45000076293945,44.09000015258789,44.25,32.97591781616211,48456800,
2013-01-09,44.38999938964844,44.54999923706055,44.36000061035156,44.439998626708984,33.11750793457031,38511200,
2013-01-10,44.709999084472656,44.91999816894531,44.529998779296875,44.83000183105469,33.40815353393555,44170700,
2013-01-11,44.47999954223633,44.5099983215332,43.95000076293945,44.470001220703125,33.139862060546875,54701600,
2013-01-14,44.650001525878906,44.720001220703125,44.439998626708984,44.65999984741211,33.28145980834961,63801400,
2013-01-15,44.36000061035156,44.4900016784668,44.099998474121094,44.470001220703125,33.139862060546875,55408900,
2013-01-16,44.130001068115234,44.45000076293945,44.11000061035156,44.43000030517578,33.11005401611328,32090000,
2013-01-17,44.630001068115234,44.849998474121094,44.59000015258789,44.68000030517578,33.296363830566406,39873100,
2013-01-18,44.689998626708984,44.79999923706055,44.540000915527344,44.779998779296875,33.370880126953125,51709600,
2013-01-22,44.630001068115234,44.709999084472656,44.529998779296875,44.709999084472656,33.318721771240234,46493900,
2013-01-23,44.5,44.540000915527344,44.33000183105469,44.470001220703125,33.139862060546875,32607900,
2013-01-24,44.41999816894531,44.58000183105469,44.20000076293945,44.310001373291016,33.020633697509766,38920500,
2013-01-25,44.220001220703125,44.29999923706055,43.91999816894531,44.15999984741211,32.90885543823242,52779500,
2013-01-28,44.040000915527344,44.040000915527344,43.709999084472656,43.849998474121094,32.67782974243164,56862100,
2013-01-29,44.099998474121094,44.45000076293945,43.869998931884766,44.34000015258789,33.042999267578125,46274900,
2013-01-30,44.150001525878906,44.279998779296875,44.11000061035156,44.130001068115234,32.886497497558594,47812800,
2013-01-31,44.18000030517578,44.27000045776367,44.04999923706055,44.220001220703125,32.95356750488281,51081600,
2013-02-01,44.470001220703125,44.63999938964844,44.310001373291016,44.5099983215332,33.169673919677734,50348500,
2013-02-04,44.16999816894531,44.209999084472656,43.790000915527344,43.91999816894531,32.72999954223633,48193600,
2013-02-05,44.099998474121094,44.189998626708984,43.93000030517578,43.970001220703125,32.76725769042969,41440100,
2013-02-06,43.7599983215332,43.91999816894531,43.619998931884766,43.91999816894531,32.72999954223633,52411700,
2013-02-07,43.849998474121094,43.86000061035156,43.31999969482422,43.529998779296875,32.439361572265625,47884300,
2013-02-08,43.65999984741211,43.91999816894531,43.650001525878906,43.849998474121094,32.67782974243164,36378000,
2013-02-11,43.77000045776367,43.880001068115234,43.630001068115234,43.83000183105469,32.66292953491211,25661600,
2013-02-12,43.83000183105469,44.130001068115234,43.68000030517578,43.95000076293945,32.752357482910156,40661300,
2013-02-13,44.20000076293945,44.279998779296875,44.06999969482422,44.16999816894531,32.91630172729492,32068400,
2013-02-14,44.0,44.209999084472656,43.939998626708984,44.150001525878906,32.90140151977539,28975200,
2013-02-15,44.189998626708984,44.209999084472656,43.959999084472656,43.9900016784668,32.782169342041016,42285100,
2013-02-19,44.029998779296875,44.220001220703125,44.029998779296875,44.08000183105469,32.8492317199707,55626600,
2013-02-20,44.279998779296875,44.279998779296875,43.650001525878906,43.689998626708984,32.558597564697266,47496700,
2013-02-21,43.34000015258789,43.36000061035156,42.880001068115234,43.09000015258789,32.11146545410156,78468500,
2013-02-22,43.380001068115234,43.380001068115234,43.099998474121094,43.279998779296875,32.2530517578125,73001800,
2013-02-25,43.630001068115234,43.66999816894531,42.59000015258789,42.70000076293945,31.820829391479492,81527900,
2013-02-26,42.939998626708984,43.06999969482422,42.65999984741211,42.939998626708984,31.999683380126953,69633700,
2013-02-27,42.95000076293945,43.459999084472656,42.91999816894531,43.40999984741211,32.34993362426758,45986600,
2013-02-28,43.38999938964844,43.47999954223633,43.16999816894531,43.209999084472656,32.200897216796875,43961100,
2013-03-01,43.06999969482422,43.349998474121094,42.900001525878906,43.310001373291016,32.275421142578125,52273200,
2013-03-04,42.83000183105469,42.959999084472656,42.66999816894531,42.900001525878906,31.969871520996094,43730400,
2013-03-05,43.34000015258789,43.63999938964844,43.310001373291016,43.41999816894531,32.357391357421875,49300100,
2013-03-06,43.630001068115234,43.709999084472656,43.4900016784668,43.630001068115234,32.513885498046875,42439500,
2013-03-07,43.63999938964844,43.79999923706055,43.58000183105469,43.75,32.603309631347656,44079200,
2013-03-08,44.029998779296875,44.22999954223633,43.83000183105469,44.130001068115234,32.886497497558594,61841100,
2013-03-11,43.93000030517578,43.939998626708984,43.7599983215332,43.88999938964844,32.7076416015625,44046200,
2013-03-12,43.66999816894531,43.72999954223633,43.290000915527344,43.38999938964844,32.33502960205078,50934700,
2013-03-13,43.310001373291016,43.31999969482422,42.95000076293945,42.97999954223633,32.02949523925781,80500000,
2013-03-14,43.130001068115234,43.279998779296875,43.099998474121094,43.15999984741211,32.163639068603516,40119600,
2013-03-15,42.91999816894531,42.970001220703125,42.72999954223633,42.77000045776367,31.87299346923828,61240400,
2013-03-18,42.279998779296875,42.52000045776367,42.2400016784668,42.290000915527344,31.515300750732422,69344000,
2013-03-19,42.31999969482422,42.34000015258789,41.720001220703125,41.9900016784668,31.291728973388672,81729400,
2013-03-20,42.310001373291016,42.40999984741211,42.20000076293945,42.22999954223633,31.4705810546875,53647100,
2013-03-21,42.02000045776367,42.09000015258789,41.75,41.79999923706055,31.150131225585938,50647800,
2013-03-22,41.900001525878906,42.0099983215332,41.79999923706055,41.959999084472656,31.269367218017578,41763400,
2013-03-25,42.2400016784668,42.29999923706055,41.75,41.91999816894531,31.23955535888672,46751300,
2013-03-26,42.290000915527344,42.540000915527344,42.279998779296875,42.52000045776367,31.68669319152832,55547100,
2013-03-27,42.25,42.689998626708984,42.130001068115234,42.68000030517578,31.80593490600586,42991800,
2013-03-28,42.560001373291016,42.779998779296875,42.470001220703125,42.77000045776367,31.87299346923828,43219200,
2013-04-01,42.720001220703125,42.7400016784668,42.22999954223633,42.310001373291016,31.53019905090332,48386600,
2013-04-02,42.540000915527344,42.540000915527344,42.27000045776367,42.33000183105469,31.54510498046875,39392900,
2013-04-03,42.27000045776367,42.34000015258789,41.7400016784668,41.83000183105469,31.1724910736084,66774600,
2013-04-04,41.790000915527344,41.880001068115234,41.470001220703125,41.709999084472656,31.083070755004883,72963600,
2013-04-05,40.9900016784668,41.7599983215332,40.91999816894531,41.61000061035156,31.008543014526367,93360600,
2013-04-08,41.45000076293945,41.7400016784668,41.34000015258789,41.68000030517578,31.060701370239258,46406900,
2013-04-09,41.7400016784668,42.36000061035156,41.630001068115234,42.09000015258789,31.366254806518555,77324700,
2013-04-10,42.38999938964844,42.790000915527344,42.349998474121094,42.4900016784668,31.664331436157227,49605200,
2013-04-11,42.560001373291016,42.63999938964844,42.38999938964844,42.529998779296875,31.69413948059082,46004700,
2013-04-12,42.06999969482422,42.11000061035156,41.54999923706055,41.880001068115234,31.20975112915039,109321200,
2013-04-15,41.5099983215332,41.52000045776367,40.81999969482422,40.86000061035156,30.44963264465332,69582100,
2013-04-16,41.689998626708984,41.79999923706055,41.369998931884766,41.70000076293945,31.075611114501953,51188300,
2013-04-17,41.349998474121094,41.349998474121094,40.7599983215332,41.040000915527344,30.58376121520996,87858500,
2013-04-18,41.290000915527344,41.31999969482422,40.869998931884766,41.040000915527344,30.58376121520996,47811900,
2013-04-19,41.61000061035156,41.72999954223633,41.470001220703125,41.63999938964844,31.03090476989746,50232400,
2013-04-22,41.779998779296875,41.84000015258789,41.47999954223633,41.84000015258789,31.179946899414062,33583200,
2013-04-23,41.7599983215332,42.130001068115234,41.689998626708984,42.040000915527344,31.328989028930664,64692700,
2013-04-24,42.119998931884766,42.45000076293945,42.11000061035156,42.290000915527344,31.515300750732422,51542700,
2013-04-25,42.52000045776367,42.83000183105469,42.439998626708984,42.66999816894531,31.798471450805664,41501800,
2013-04-26,42.45000076293945,42.5099983215332,42.099998474121094,42.2400016784668,31.478036880493164,51739700,
2013-04-29,42.619998931884766,42.83000183105469,42.439998626708984,42.68000030517578,31.80593490600586,43874800,
2013-04-30,42.83000183105469,43.40999984741211,42.650001525878906,43.290000915527344,32.26050567626953,80948900,
2013-05-01,43.220001220703125,43.2400016784668,42.68000030517578,42.81999969482422,31.91025161743164,64532800,
2013-05-02,43.0,43.18000030517578,42.88999938964844,43.15999984741211,32.163639068603516,46989800,
2013-05-03,43.40999984741211,43.77000045776367,43.36000061035156,43.52000045776367,32.431922912597656,57682900,
2013-05-06,43.52000045776367,43.61000061035156,43.38999938964844,43.58000183105469,32.47662353515625,31402200,
2013-05-07,43.75,43.970001220703125,43.630001068115234,43.88999938964844,32.7076416015625,38932900,
2013-05-08,44.06999969482422,44.27000045776367,44.040000915527344,44.22999954223633,32.96102523803711,47973100,
2013-05-09,44.150001525878906,44.189998626708984,43.689998626708984,43.90999984741211,32.72254943847656,40290500,
2013-05-10,43.619998931884766,43.68000030517578,43.369998931884766,43.56999969482422,32.46916580200195,44867100,
2013-05-13,43.310001373291016,43.34000015258789,43.130001068115234,43.16999816894531,32.171077728271484,51315300,
2013-05-14,43.34000015258789,43.560001373291016,43.279998779296875,43.369998931884766,32.32011413574219,39457200,
2013-05-15,43.27000045776367,43.45000076293945,43.15999984741211,43.380001068115234,32.32758331298828,54677500,
2013-05-16,43.380001068115234,43.540000915527344,43.220001220703125,43.22999954223633,32.215789794921875,34833500,
2013-05-17,43.33000183105469,43.47999954223633,43.25,43.41999816894531,32.357391357421875,37786100,
2013-05-20,43.40999984741211,43.58000183105469,43.290000915527344,43.529998779296875,32.439361572265625,33022100,
2013-05-21,43.45000076293945,43.650001525878906,43.15999984741211,43.439998626708984,32.37228775024414,39757800,
2013-05-22,43.560001373291016,43.959999084472656,42.79999923706055,42.959999084472656,32.014591217041016,95248900,
2013-05-23,42.279998779296875,42.68000030517578,42.060001373291016,42.63999938964844,31.77611541748047,84326400,
2013-05-24,42.27000045776367,42.29999923706055,42.029998779296875,42.27000045776367,31.500391006469727,70236100,
2013-05-28,42.779998779296875,42.869998931884766,42.459999084472656,42.5,31.671783447265625,51418200,
2013-05-29,42.220001220703125,42.290000915527344,41.93000030517578,41.959999084472656,31.269367218017578,71460900,
2013-05-30,41.900001525878906,42.2400016784668,41.869998931884766,41.959999084472656,31.269367218017578,57619400,
2013-05-31,41.619998931884766,41.68000030517578,41.13999938964844,41.20000076293945,30.703001022338867,109498200,
2013-06-03,41.400001525878906,41.95000076293945,41.11000061035156,41.810001373291016,31.157588958740234,103868200,
2013-06-04,41.790000915527344,41.83000183105469,41.18000030517578,41.29999923706055,30.77752685546875,61790500,
2013-06-05,41.209999084472656,41.279998779296875,40.529998779296875,40.560001373291016,30.226058959960938,88096500,
2013-06-06,40.5,40.939998626708984,40.38999938964844,40.900001525878906,30.47944450378418,79388500,
2013-06-07,40.66999816894531,40.970001220703125,40.43000030517578,40.689998626708984,30.322933197021484,83416900,
2013-06-10,40.33000183105469,40.33000183105469,39.9900016784668,40.13999938964844,29.913074493408203,94653100,
2013-06-11,39.31999969482422,39.66999816894531,39.189998626708984,39.380001068115234,29.346708297729492,91969100,
2013-06-12,39.70000076293945,39.720001220703125,39.02000045776367,39.11000061035156,29.145498275756836,110462700,
2013-06-13,39.09000015258789,39.95000076293945,39.029998779296875,39.939998626708984,29.76403045654297,109955800,
2013-06-14,39.810001373291016,39.900001525878906,39.20000076293945,39.310001373291016,29.294540405273438,101834900,
2013-06-17,39.75,39.93000030517578,39.43000030517578,39.66999816894531,29.56281852722168,59802800,
2013-06-18,39.56999969482422,39.869998931884766,39.470001220703125,39.84000015258789,29.68950653076172,57237000,
2013-06-19,39.540000915527344,39.720001220703125,38.540000915527344,38.61000061035156,28.772884368896484,106460000,
2013-06-20,37.689998626708984,37.689998626708984,36.43000030517578,36.880001068115234,27.48366355895996,151378100,
2013-06-21,37.400001525878906,37.63999938964844,36.779998779296875,37.40999984741211,27.87862777709961,122377400,
2013-06-24,36.4900016784668,37.040000915527344,36.15999984741211,36.650001525878906,27.312259674072266,105810400,
2013-06-25,37.279998779296875,37.470001220703125,36.880001068115234,37.43000030517578,27.89352035522461,81147700,
2013-06-26,37.720001220703125,38.16999816894531,37.709999084472656,38.02000045776367,28.333208084106445,79737000,
2013-06-27,37.97999954223633,38.34000015258789,37.970001220703125,38.279998779296875,28.901729583740234,95787800,"{""dividend_amount"": 0.493}"
2013-06-28,37.9900016784668,38.599998474121094,37.93000030517578,38.5,29.06783676147461,92251600,
2013-07-01,38.68000030517578,38.880001068115234,38.470001220703125,38.619998931884766,29.158430099487305,64188900,
2013-07-02,38.52000045776367,38.779998779296875,37.689998626708984,37.93000030517578,28.637468338012695,91594600,
2013-07-03,37.400001525878906,37.90999984741211,37.36000061035156,37.58000183105469,28.37322998046875,51565400,
2013-07-05,37.63999938964844,37.689998626708984,36.97999954223633,37.34000015258789,28.1920223236084,94284700,
2013-07-08,37.34000015258789,37.68000030517578,37.279998779296875,37.38999938964844,28.229772567749023,63868900,
2013-07-09,37.79999923706055,37.93000030517578,37.52000045776367,37.880001068115234,28.599733352661133,68925700,
2013-07-10,37.70000076293945,37.95000076293945,37.47999954223633,37.52000045776367,28.327926635742188,72780900,
2013-07-11,38.90999984741211,39.38999938964844,38.709999084472656,39.36000061035156,29.71714210510254,99047500,
2013-07-12,38.91999816894531,39.0099983215332,38.75,38.939998626708984,29.40003204345703,48446100,
2013-07-15,39.150001525878906,39.54999923706055,39.130001068115234,39.34000015258789,29.702045440673828,78940600,
2013-07-16,39.439998626708984,39.540000915527344,39.150001525878906,39.5,29.822839736938477,59925000,
2013-07-17,39.83000183105469,39.900001525878906,39.689998626708984,39.86000061035156,30.094648361206055,64775200,
2013-07-18,39.61000061035156,39.72999954223633,39.33000183105469,39.38999938964844,29.73978042602539,63396800,
2013-07-19,39.33000183105469,39.34000015258789,39.130001068115234,39.279998779296875,29.65673065185547,56381200,
2013-07-22,39.380001068115234,39.7400016784668,39.22999954223633,39.66999816894531,29.95119857788086,60947300,
2013-07-23,40.04999923706055,40.2400016784668,39.93000030517578,40.099998474121094,30.27584457397461,69873900,
2013-07-24,40.099998474121094,40.11000061035156,39.45000076293945,39.689998626708984,29.966291427612305,73854100,
2013-07-25,39.560001373291016,39.959999084472656,39.540000915527344,39.91999816894531,30.13994598388672,45387700,
2013-07-26,39.70000076293945,39.880001068115234,39.400001525878906,39.83000183105469,30.071990966796875,37847700,
2013-07-29,39.5099983215332,39.560001373291016,39.310001373291016,39.33000183105469,29.694486618041992,50232900,
2013-07-30,39.5099983215332,39.540000915527344,39.15999984741211,39.2400016784668,29.626543045043945,38655400,
2013-07-31,38.93000030517578,39.47999954223633,38.7599983215332,39.0099983215332,29.452882766723633,81129000,
2013-08-01,39.43000030517578,39.86000061035156,39.349998474121094,39.720001220703125,29.988943099975586,81917200,
2013-08-02,39.61000061035156,39.939998626708984,39.58000183105469,39.709999084472656,29.981388092041016,46528200,
2013-08-05,39.58000183105469,39.59000015258789,39.29999923706055,39.459999084472656,29.792644500732422,41164800,
2013-08-06,39.29999923706055,39.29999923706055,38.869998931884766,38.959999084472656,29.41513442993164,51415100,
2013-08-07,38.59000015258789,38.7599983215332,38.5099983215332,38.540000915527344,29.098024368286133,54242300,
2013-08-08,38.970001220703125,39.45000076293945,38.720001220703125,39.279998779296875,29.65673065185547,75526500,
2013-08-09,39.290000915527344,39.59000015258789,39.279998779296875,39.36000061035156,29.71714210510254,56199400,
2013-08-12,39.52000045776367,39.880001068115234,39.52000045776367,39.72999954223633,29.996490478515625,61381800,
2013-08-13,39.97999954223633,40.09000015258789,39.77000045776367,39.970001220703125,30.177688598632812,61264100,
2013-08-14,40.130001068115234,40.20000076293945,40.040000915527344,40.099998474121094,30.27584457397461,48288100,
2013-08-15,39.59000015258789,39.720001220703125,39.220001220703125,39.63999938964844,29.928544998168945,59751700,
2013-08-16,39.66999816894531,39.7400016784668,39.25,39.29999923706055,29.67183494567871,72806300,
2013-08-19,38.9900016784668,39.029998779296875,38.540000915527344,38.560001373291016,29.113130569458008,53829000,
2013-08-20,38.369998931884766,38.72999954223633,38.349998474121094,38.4900016784668,29.060279846191406,53697600,
2013-08-21,38.029998779296875,38.08000183105469,37.5099983215332,37.59000015258789,28.380769729614258,108745800,
2013-08-22,38.0099983215332,38.279998779296875,37.97999954223633,38.20000076293945,28.841331481933594,57470900,
2013-08-23,38.5,38.720001220703125,38.27000045776367,38.650001525878906,29.18108558654785,57345100,
2013-08-26,38.70000076293945,38.72999954223633,38.15999984741211,38.22999954223633,28.86397933959961,42254600,
2013-08-27,37.599998474121094,37.66999816894531,37.27000045776367,37.349998474121094,28.19957160949707,89367100,
2013-08-28,37.290000915527344,37.790000915527344,37.16999816894531,37.43000030517578,28.259963989257812,69409900,
2013-08-29,37.869998931884766,38.15999984741211,37.63999938964844,37.72999954223633,28.486474990844727,63988700,
2013-08-30,38.16999816894531,38.189998626708984,37.7400016784668,38.02000045776367,28.70543098449707,104219900,
2013-09-03,38.56999969482422,38.709999084472656,38.16999816894531,38.2599983215332,28.886629104614258,62694800,
2013-09-04,38.47999954223633,38.95000076293945,38.400001525878906,38.939998626708984,29.40003204345703,60083400,
2013-09-05,38.970001220703125,39.5,38.91999816894531,39.400001525878906,29.747346878051758,59046600,
2013-09-06,39.95000076293945,40.13999938964844,39.5099983215332,39.97999954223633,30.18524932861328,75420400,
2013-09-09,40.380001068115234,41.11000061035156,40.349998474121094,41.029998779296875,30.977994918823242,116120500,
2013-09-10,41.27000045776367,41.43000030517578,41.150001525878906,41.34000015258789,31.21206283569336,80651200,
2013-09-11,41.18000030517578,41.5,41.099998474121094,41.369998931884766,31.23470687866211,73495900,
2013-09-12,41.220001220703125,41.2599983215332,40.880001068115234,40.88999938964844,30.87230682373047,58460500,
2013-09-13,40.959999084472656,41.209999084472656,40.869998931884766,41.15999984741211,31.076160430908203,44927100,
2013-09-16,41.869998931884766,41.900001525878906,41.52000045776367,41.619998931884766,31.423452377319336,68924400,
2013-09-17,41.630001068115234,41.70000076293945,41.45000076293945,41.529998779296875,31.355514526367188,46999400,
2013-09-18,41.40999984741211,43.31999969482422,41.22999954223633,43.27000045776367,32.66923522949219,113370100,
2013-09-19,43.130001068115234,43.16999816894531,42.779998779296875,43.040000915527344,32.49557876586914,100087700,
2013-09-20,42.84000015258789,42.84000015258789,42.0099983215332,42.08000183105469,31.770769119262695,77275200,
2013-09-23,42.13999938964844,42.380001068115234,42.06999969482422,42.22999954223633,31.884017944335938,61143000,
2013-09-24,42.06999969482422,42.16999816894531,41.790000915527344,41.869998931884766,31.61221694946289,43438700,
2013-09-25,41.869998931884766,41.900001525878906,41.5,41.54999923706055,31.3706111907959,56353100,
2013-09-26,41.790000915527344,41.939998626708984,41.4900016784668,41.720001220703125,31.498958587646484,54419200,
2013-09-27,41.38999938964844,41.470001220703125,41.11000061035156,41.22999954223633,31.129009246826172,69028500,
2013-09-30,40.59000015258789,40.91999816894531,40.4900016784668,40.7599983215332,30.774147033691406,93884500,
2013-10-01,41.040000915527344,41.59000015258789,41.0099983215332,41.56999969482422,31.385717391967773,62524700,
2013-10-02,41.369998931884766,41.75,41.22999954223633,41.72999954223633,31.506507873535156,46985900,
2013-10-03,41.93000030517578,42.02000045776367,41.27000045776367,41.56999969482422,31.385717391967773,51161500,
2013-10-04,41.66999816894531,42.150001525878906,41.599998474121094,42.11000061035156,31.793415069580078,36780900,
2013-10-07,41.560001373291016,41.93000030517578,41.52000045776367,41.75,31.52161407470703,51699900,
2013-10-08,41.900001525878906,41.959999084472656,41.310001373291016,41.349998474121094,31.219608306884766,66218200,
2013-10-09,41.63999938964844,41.84000015258789,41.310001373291016,41.65999984741211,31.453655242919922,67258400,
2013-10-10,42.18000030517578,42.720001220703125,42.150001525878906,42.63999938964844,32.193572998046875,99094900,
2013-10-11,42.459999084472656,42.880001068115234,42.38999938964844,42.83000183105469,32.33701705932617,42764200,
2013-10-14,42.470001220703125,43.18000030517578,42.400001525878906,43.08000183105469,32.52577209472656,43319800,
2013-10-15,42.88999938964844,43.029998779296875,42.54999923706055,42.65999984741211,32.20867919921875,54388300,
2013-10-16,42.869998931884766,43.16999816894531,42.79999923706055,43.0,32.46537399291992,64749400,
2013-10-17,42.959999084472656,43.310001373291016,42.88999938964844,43.27000045776367,32.66923522949219,58641300,
2013-10-18,43.459999084472656,43.5099983215332,43.2599983215332,43.310001373291016,32.69942855834961,55660500,
2013-10-21,43.34000015258789,43.40999984741211,43.150001525878906,43.2400016784668,32.64657211303711,44243400,
2013-10-22,43.54999923706055,43.90999984741211,43.4900016784668,43.65999984741211,32.96366882324219,74992500,
2013-10-23,42.93000030517578,42.97999954223633,42.619998931884766,42.63999938964844,32.193572998046875,69411000,
2013-10-24,42.880001068115234,42.880001068115234,42.4900016784668,42.54999923706055,32.1256217956543,57466500,
2013-10-25,42.58000183105469,42.83000183105469,42.470001220703125,42.75,32.27661895751953,45414700,
2013-10-28,42.810001373291016,43.06999969482422,42.77000045776367,43.0,32.46537399291992,44569400,
2013-10-29,43.150001525878906,43.220001220703125,43.09000015258789,43.13999938964844,32.57107162475586,32543300,
2013-10-30,43.310001373291016,43.310001373291016,42.709999084472656,42.900001525878906,32.38986587524414,55442300,
2013-10-31,43.0,43.0099983215332,42.439998626708984,42.459999084472656,32.05767059326172,68089000,
2013-11-01,42.619998931884766,42.709999084472656,42.209999084472656,42.47999954223633,32.07276916503906,83621600,
2013-11-04,42.560001373291016,42.7599983215332,42.54999923706055,42.7400016784668,32.26906204223633,35360700,
2013-11-05,42.189998626708984,42.25,41.849998474121094,41.880001068115234,31.619768142700195,73296100,
2013-11-06,42.189998626708984,42.2400016784668,41.97999954223633,42.0099983215332,31.71790885925293,61350100,
2013-11-07,42.09000015258789,42.11000061035156,41.15999984741211,41.25,31.144105911254883,94546100,
2013-11-08,41.0099983215332,41.18000030517578,40.75,41.15999984741211,31.076160430908203,79167700,
2013-11-11,41.119998931884766,41.189998626708984,40.849998474121094,40.95000076293945,30.917604446411133,58492300,
2013-11-12,40.959999084472656,41.0099983215332,40.439998626708984,40.72999954223633,30.75149917602539,81455800,
2013-11-13,40.34000015258789,40.88999938964844,40.31999969482422,40.79999923706055,30.804351806640625,69898800,
2013-11-14,40.83000183105469,41.470001220703125,40.720001220703125,41.459999084472656,31.302658081054688,87793800,
2013-11-15,41.93000030517578,42.43000030517578,41.880001068115234,42.25,31.899110794067383,94070900,
2013-11-18,42.79999923706055,43.09000015258789,42.619998931884766,42.630001068115234,32.18601608276367,80437300,
2013-11-19,42.75,42.810001373291016,42.31999969482422,42.369998931884766,31.989709854125977,59573100,
2013-11-20,42.40999984741211,42.470001220703125,41.720001220703125,41.790000915527344,31.55181884765625,62635400,
2013-11-21,41.65999984741211,41.81999969482422,41.529998779296875,41.75,31.52161407470703,51401400,
2013-11-22,41.779998779296875,42.099998474121094,41.70000076293945,42.04999923706055,31.74810791015625,49745300,
2013-11-25,42.029998779296875,42.040000915527344,41.470001220703125,41.5099983215332,31.34040641784668,59685800,
2013-11-26,41.5,41.779998779296875,41.380001068115234,41.650001525878906,31.446117401123047,37990900,
2013-11-27,41.81999969482422,42.0099983215332,41.650001525878906,41.91999816894531,31.64995574951172,45419400,
2013-11-29,42.2400016784668,42.459999084472656,42.15999984741211,42.349998474121094,31.97461700439453,41826600,
2013-12-02,42.189998626708984,42.2599983215332,41.380001068115234,41.459999084472656,31.302658081054688,67975400,
2013-12-03,41.310001373291016,41.619998931884766,41.029998779296875,41.31999969482422,31.196950912475586,108126900,
2013-12-04,41.060001373291016,41.380001068115234,40.84000015258789,41.27000045776367,31.159204483032227,62378500,
2013-12-05,41.150001525878906,41.40999984741211,41.0099983215332,41.029998779296875,30.977994918823242,56729300,
2013-12-06,41.72999954223633,42.09000015258789,41.61000061035156,41.939998626708984,31.665063858032227,75512400,
2013-12-09,42.060001373291016,42.2400016784668,41.959999084472656,42.0,31.71036148071289,56365100,
2013-12-10,41.790000915527344,42.060001373291016,41.779998779296875,42.02000045776367,31.725465774536133,44343900,
2013-12-11,41.709999084472656,41.709999084472656,41.040000915527344,41.09000015258789,31.023305892944336,74628400,
2013-12-12,40.91999816894531,41.0,40.66999816894531,40.849998474121094,30.84210205078125,62076500,
2013-12-13,40.97999954223633,41.04999923706055,40.779998779296875,40.95000076293945,30.917604446411133,62277400,
2013-12-16,41.20000076293945,41.5099983215332,41.15999984741211,41.220001220703125,31.1214542388916,59551600,
2013-12-17,41.16999816894531,41.16999816894531,40.83000183105469,40.86000061035156,30.849655151367188,53390900,
2013-12-18,40.77000045776367,41.68000030517578,40.13999938964844,41.29999923706055,31.46368980407715,107981900,"{""dividend_amount"": 0.366}"
2013-12-19,40.58000183105469,40.70000076293945,40.220001220703125,40.540000915527344,30.88469886779785,70838100,
2013-12-20,40.540000915527344,40.75,40.439998626708984,40.47999954223633,30.838977813720703,86690800,
2013-12-23,40.810001373291016,40.970001220703125,40.70000076293945,40.779998779296875,31.067537307739258,56621800,
2013-12-24,40.970001220703125,41.08000183105469,40.939998626708984,41.02000045776367,31.250381469726562,18409100,
2013-12-26,40.849998474121094,40.90999984741211,40.650001525878906,40.66999816894531,30.983739852905273,24739900,
2013-12-27,41.09000015258789,41.310001373291016,41.029998779296875,41.29999923706055,31.46368980407715,35691100,
2013-12-30,41.36000061035156,41.540000915527344,41.310001373291016,41.47999954223633,31.6008243560791,39861800,
2013-12-31,41.58000183105469,41.849998474121094,41.5,41.79999923706055,31.844606399536133,38839400,
2014-01-02,41.0,41.0099983215332,40.150001525878906,40.189998626708984,30.618051528930664,138488400,
2014-01-03,40.38999938964844,40.400001525878906,39.939998626708984,40.119998931884766,30.564722061157227,83579700,
2014-01-06,39.959999084472656,39.959999084472656,39.72999954223633,39.7400016784668,30.275230407714844,55735100,
2014-01-07,39.95000076293945,40.09000015258789,39.790000915527344,39.90999984741211,30.404739379882812,57341500,
2014-01-08,39.970001220703125,40.0099983215332,39.65999984741211,39.779998779296875,30.305707931518555,63182600,
2014-01-09,39.650001525878906,39.720001220703125,39.2599983215332,39.56999969482422,30.145723342895508,74405200,
2014-01-10,39.79999923706055,40.41999816894531,39.790000915527344,40.27000045776367,30.67900276184082,110244200,
2014-01-13,40.349998474121094,40.400001525878906,39.68000030517578,39.790000915527344,30.31332015991211,62209500,
2014-01-14,40.0099983215332,40.34000015258789,39.83000183105469,40.220001220703125,30.640907287597656,75830700,
2014-01-15,40.189998626708984,40.310001373291016,40.119998931884766,40.209999084472656,30.6332950592041,47361900,
2014-01-16,40.15999984741211,40.2599983215332,39.900001525878906,39.9900016784668,30.46569061279297,56673900,
2014-01-17,39.970001220703125,39.97999954223633,39.7400016784668,39.790000915527344,30.31332015991211,61288200,
2014-01-21,40.0,40.04999923706055,39.560001373291016,39.72999954223633,30.267606735229492,46683100,
2014-01-22,40.060001373291016,40.27000045776367,39.880001068115234,40.2599983215332,30.671375274658203,56188400,
2014-01-23,39.77000045776367,39.77000045776367,38.9900016784668,39.27000045776367,29.91716766357422,109930400,
2014-01-24,38.75,38.779998779296875,38.20000076293945,38.2400016784668,29.132482528686523,127153900,
2014-01-27,38.290000915527344,38.369998931884766,37.77000045776367,38.09000015258789,29.018205642700195,118532300,
2014-01-28,38.34000015258789,38.5,38.20000076293945,38.33000183105469,29.201047897338867,86568700,
2014-01-29,37.83000183105469,38.20000076293945,37.59000015258789,37.779998779296875,28.78204345703125,142219100,
2014-01-30,38.31999969482422,38.40999984741211,37.9900016784668,38.130001068115234,29.04867935180664,84660600,
2014-01-31,37.68000030517578,38.27000045776367,37.58000183105469,38.189998626708984,29.094392776489258,102329500,
2014-02-03,37.86000061035156,37.91999816894531,37.04999923706055,37.11000061035156,28.271610260009766,123117200,
2014-02-04,37.720001220703125,38.09000015258789,37.619998931884766,37.86000061035156,28.84298324584961,138955500,
2014-02-05,37.70000076293945,37.959999084472656,37.45000076293945,37.720001220703125,28.736330032348633,86064900,
2014-02-06,37.9900016784668,38.56999969482422,37.9900016784668,38.5099983215332,29.338167190551758,99403100,
2014-02-07,38.810001373291016,38.91999816894531,38.52000045776367,38.72999954223633,29.505775451660156,80356700,
2014-02-10,38.560001373291016,38.59000015258789,38.130001068115234,38.29999923706055,29.178186416625977,68839500,
2014-02-11,38.5099983215332,39.220001220703125,38.5,39.130001068115234,29.81051254272461,93164800,
2014-02-12,39.38999938964844,39.58000183105469,39.02000045776367,39.13999938964844,29.818138122558594,68705700,
2014-02-13,38.56999969482422,39.209999084472656,38.56999969482422,39.18000030517578,29.848600387573242,50414900,
2014-02-14,39.45000076293945,39.869998931884766,39.380001068115234,39.65999984741211,30.214292526245117,69806400,
2014-02-18,39.63999938964844,39.720001220703125,39.27000045776367,39.290000915527344,29.932405471801758,69542600,
2014-02-19,39.13999938964844,39.459999084472656,38.93000030517578,39.02000045776367,29.726715087890625,101924800,
2014-02-20,38.97999954223633,39.25,38.7400016784668,39.15999984741211,29.83336639404297,71686300,
2014-02-21,39.369998931884766,39.59000015258789,39.279998779296875,39.43000030517578,30.039064407348633,66907700,
2014-02-24,39.38999938964844,39.779998779296875,39.34000015258789,39.43000030517578,30.039064407348633,58971200,
2014-02-25,39.349998474121094,39.439998626708984,38.869998931884766,38.97999954223633,29.696231842041016,77028600,
2014-02-26,39.20000076293945,39.279998779296875,38.849998474121094,39.0099983215332,29.719087600708008,59122600,
2014-02-27,39.36000061035156,39.81999969482422,39.279998779296875,39.75,30.28285789489746,67962200,
2014-02-28,39.779998779296875,39.84000015258789,39.220001220703125,39.47999954223633,30.0771484375,88240700,
2014-03-03,38.720001220703125,38.939998626708984,38.4900016784668,38.779998779296875,29.54387092590332,98832200,
2014-03-04,39.529998779296875,39.59000015258789,39.27000045776367,39.439998626708984,30.046680450439453,63103000,
2014-03-05,39.31999969482422,39.529998779296875,39.25,39.470001220703125,30.069534301757812,42856900,
2014-03-06,39.83000183105469,40.220001220703125,39.81999969482422,40.029998779296875,30.49616241455078,86027600,
2014-03-07,39.849998474121094,39.869998931884766,39.279998779296875,39.52000045776367,30.107633590698242,66565600,
2014-03-10,39.2599983215332,39.27000045776367,38.91999816894531,39.25,29.901939392089844,57747100,
2014-03-11,39.310001373291016,39.43000030517578,38.709999084472656,38.810001373291016,29.566722869873047,72692600,
2014-03-12,38.58000183105469,38.93000030517578,38.459999084472656,38.88999938964844,29.62767219543457,56882800,
2014-03-13,38.97999954223633,39.0,38.029998779296875,38.189998626708984,29.094392776489258,79967400,
2014-03-14,38.25,38.619998931884766,38.25,38.400001525878906,29.254369735717773,64589800,
2014-03-17,38.7400016784668,38.959999084472656,38.7400016784668,38.869998931884766,29.61244010925293,57492000,
2014-03-18,38.959999084472656,39.43000030517578,38.93000030517578,39.40999984741211,30.023820877075195,68135000,
2014-03-19,39.130001068115234,39.310001373291016,38.400001525878906,38.56999969482422,29.38388442993164,95953000,
2014-03-20,38.310001373291016,38.81999969482422,38.16999816894531,38.7400016784668,29.51339340209961,60572300,
2014-03-21,39.0,39.45000076293945,38.93000030517578,38.97999954223633,29.696231842041016,86969000,
2014-03-24,39.33000183105469,39.45000076293945,39.09000015258789,39.36000061035156,29.985733032226562,54328100,
2014-03-25,39.7599983215332,39.959999084472656,39.63999938964844,39.810001373291016,30.328563690185547,93531000,
2014-03-26,40.15999984741211,40.290000915527344,39.880001068115234,39.900001525878906,30.39712905883789,91289900,
2014-03-27,40.04999923706055,40.47999954223633,40.029998779296875,40.41999816894531,30.793275833129883,73438700,
2014-03-28,40.779998779296875,41.02000045776367,40.689998626708984,40.7400016784668,31.037063598632812,67464400,
2014-03-31,40.9900016784668,41.25,40.970001220703125,41.0099983215332,31.242759704589844,75256100,
2014-04-01,41.400001525878906,41.4900016784668,41.2400016784668,41.4900016784668,31.608436584472656,65717300,
2014-04-02,41.33000183105469,41.61000061035156,41.27000045776367,41.56999969482422,31.66939353942871,44076300,
2014-04-03,41.380001068115234,41.439998626708984,41.0,41.40999984741211,31.547502517700195,84659200,
2014-04-04,41.849998474121094,42.130001068115234,41.2400016784668,41.29999923706055,31.46368980407715,127800700,
2014-04-07,41.34000015258789,41.59000015258789,41.2400016784668,41.47999954223633,31.6008243560791,60586200,
2014-04-08,42.060001373291016,42.2599983215332,41.81999969482422,41.959999084472656,31.966493606567383,107043300,
2014-04-09,42.0099983215332,42.470001220703125,41.72999954223633,42.279998779296875,32.21028518676758,71617000,
2014-04-10,42.27000045776367,42.41999816894531,41.779998779296875,41.83000183105469,31.867462158203125,74792500,
2014-04-11,41.540000915527344,41.88999938964844,41.529998779296875,41.83000183105469,31.867462158203125,76310100,
2014-04-14,41.959999084472656,41.970001220703125,41.529998779296875,41.7400016784668,31.79888916015625,44883400,
2014-04-15,41.47999954223633,41.5099983215332,40.599998474121094,41.11000061035156,31.31893539428711,155302100,
2014-04-16,41.310001373291016,41.66999816894531,41.209999084472656,41.630001068115234,31.71509552001953,64113100,
2014-04-17,41.66999816894531,42.150001525878906,41.54999923706055,42.0099983215332,32.00458908081055,69955200,
2014-04-21,41.95000076293945,41.959999084472656,41.63999938964844,41.75,31.806520462036133,29288500,
2014-04-22,41.79999923706055,41.86000061035156,41.619998931884766,41.63999938964844,31.722715377807617,43060000,
2014-04-23,41.439998626708984,41.459999084472656,41.099998474121094,41.34000015258789,31.494163513183594,58299300,
2014-04-24,41.369998931884766,41.38999938964844,41.02000045776367,41.380001068115234,31.52463150024414,39310800,
2014-04-25,40.84000015258789,40.849998474121094,40.540000915527344,40.81999969482422,31.098003387451172,72613500,
2014-04-28,40.869998931884766,41.15999984741211,40.66999816894531,41.02000045776367,31.250381469726562,64020600,
2014-04-29,41.279998779296875,41.56999969482422,41.2599983215332,41.40999984741211,31.547502517700195,71181600,
2014-04-30,41.09000015258789,41.33000183105469,41.040000915527344,41.33000183105469,31.48654556274414,49063100,
2014-05-01,41.279998779296875,41.47999954223633,41.08000183105469,41.380001068115234,31.52463150024414,31161300,
2014-05-02,41.29999923706055,41.72999954223633,41.27000045776367,41.61000061035156,31.699857711791992,63037500,
2014-05-05,41.31999969482422,41.41999816894531,41.20000076293945,41.380001068115234,31.52463150024414,26894600,
2014-05-06,41.41999816894531,41.810001373291016,41.400001525878906,41.56999969482422,31.66939353942871,41163100,
2014-05-07,41.45000076293945,41.79999923706055,41.380001068115234,41.790000915527344,31.836990356445312,43226500,
2014-05-08,41.90999984741211,42.040000915527344,41.689998626708984,41.689998626708984,31.76081085205078,49820300,
2014-05-09,41.72999954223633,41.83000183105469,41.560001373291016,41.619998931884766,31.707468032836914,43953000,
2014-05-12,42.22999954223633,42.349998474121094,42.06999969482422,42.31999969482422,32.240753173828125,63396500,
2014-05-13,42.38999938964844,42.65999984741211,42.33000183105469,42.47999954223633,32.36265563964844,53342400,
2014-05-14,42.720001220703125,42.91999816894531,42.65999984741211,42.779998779296875,32.59120178222656,57544700,
2014-05-15,42.720001220703125,42.72999954223633,42.22999954223633,42.380001068115234,32.286468505859375,56308800,
2014-05-16,42.7400016784668,43.0,42.619998931884766,42.939998626708984,32.713096618652344,70419600,
2014-05-19,42.880001068115234,43.0,42.84000015258789,42.939998626708984,32.713096618652344,32471500,
2014-05-20,42.779998779296875,42.880001068115234,42.47999954223633,42.59000015258789,32.446449279785156,63707800,
2014-05-21,42.81999969482422,42.939998626708984,42.790000915527344,42.91999816894531,32.69786071777344,50661300,
2014-05-22,43.130001068115234,43.220001220703125,43.040000915527344,43.220001220703125,32.92641067504883,51415000,
2014-05-23,43.15999984741211,43.290000915527344,43.119998931884766,43.13999938964844,32.86545944213867,55456100,
2014-05-27,42.959999084472656,43.029998779296875,42.630001068115234,42.77000045776367,32.583580017089844,40155800,
2014-05-28,42.9900016784668,43.11000061035156,42.84000015258789,43.02000045776367,32.7740364074707,45095400,
2014-05-29,43.130001068115234,43.209999084472656,43.02000045776367,43.13999938964844,32.86545944213867,28979600,
2014-05-30,42.869998931884766,42.91999816894531,42.459999084472656,42.54999923706055,32.415985107421875,72201700,
2014-06-02,42.72999954223633,42.81999969482422,42.650001525878906,42.68000030517578,32.5150260925293,33550800,
2014-06-03,42.72999954223633,43.040000915527344,42.720001220703125,42.91999816894531,32.69786071777344,38021700,
2014-06-04,42.630001068115234,42.7599983215332,42.560001373291016,42.68000030517578,32.5150260925293,25656100,
2014-06-05,43.06999969482422,43.20000076293945,42.900001525878906,43.130001068115234,32.85784149169922,41040500,
2014-06-06,43.47999954223633,43.65999984741211,43.40999984741211,43.560001373291016,33.1854362487793,45429100,
2014-06-09,43.5099983215332,43.779998779296875,43.5099983215332,43.720001220703125,33.30732345581055,38995600,
2014-06-10,43.77000045776367,43.97999954223633,43.709999084472656,43.95000076293945,33.482547760009766,31573300,
2014-06-11,43.689998626708984,43.880001068115234,43.68000030517578,43.79999923706055,33.36827087402344,44721500,
2014-06-12,43.869998931884766,43.90999984741211,43.45000076293945,43.59000015258789,33.20828628540039,40265500,
2014-06-13,43.439998626708984,43.650001525878906,43.349998474121094,43.61000061035156,33.223514556884766,27554000,
2014-06-16,43.47999954223633,43.52000045776367,43.279998779296875,43.40999984741211,33.0711555480957,32040700,
2014-06-17,43.36000061035156,43.439998626708984,43.2400016784668,43.41999816894531,33.07877731323242,35013500,
2014-06-18,43.31999969482422,43.93000030517578,43.189998626708984,43.900001525878906,33.4444580078125,62131500,
2014-06-19,43.7599983215332,43.84000015258789,43.52000045776367,43.650001525878906,33.253997802734375,48497900,
2014-06-20,43.5,43.59000015258789,43.400001525878906,43.560001373291016,33.1854362487793,36744000,
2014-06-23,43.529998779296875,43.54999923706055,43.31999969482422,43.470001220703125,33.11687088012695,27608300,
2014-06-24,43.59000015258789,43.88999938964844,43.36000061035156,43.45000076293945,33.10163497924805,49441000,
2014-06-25,43.130001068115234,43.2400016784668,43.0,43.20000076293945,33.171512603759766,35940200,"{""dividend_amount"": 0.341}"
2014-06-26,43.31999969482422,43.31999969482422,43.099998474121094,43.25,33.20989227294922,21873800,
2014-06-27,43.25,43.380001068115234,43.119998931884766,43.349998474121094,33.286678314208984,21988900,
2014-06-30,43.369998931884766,43.41999816894531,43.20000076293945,43.22999954223633,33.19453430175781,34343200,
2014-07-01,43.54999923706055,43.68000030517578,43.529998779296875,43.63999938964844,33.50937271118164,42222400,
2014-07-02,43.81999969482422,43.91999816894531,43.790000915527344,43.900001525878906,33.70901870727539,35955800,
2014-07-03,43.79999923706055,44.189998626708984,43.77000045776367,44.15999984741211,33.90864562988281,26627100,
2014-07-07,44.06999969482422,44.15999984741211,43.97999954223633,44.130001068115234,33.8856086730957,26962800,
2014-07-08,44.099998474121094,44.130001068115234,43.84000015258789,43.93000030517578,33.73203659057617,29106700,
2014-07-09,43.95000076293945,44.22999954223633,43.900001525878906,44.18000030517578,33.924015045166016,29892600,
2014-07-10,43.540000915527344,43.959999084472656,43.43000030517578,43.939998626708984,33.739715576171875,43704000,
2014-07-11,43.7599983215332,43.970001220703125,43.72999954223633,43.88999938964844,33.701316833496094,32082600,
2014-07-14,44.150001525878906,44.2400016784668,44.06999969482422,44.22999954223633,33.962398529052734,23136700,
2014-07-15,44.27000045776367,44.31999969482422,43.9900016784668,44.20000076293945,33.93935775756836,38034000,
2014-07-16,44.41999816894531,44.470001220703125,44.25,44.310001373291016,34.02383041381836,26424000,
2014-07-17,44.0,44.08000183105469,43.400001525878906,43.47999954223633,33.38649368286133,66994900,
2014-07-18,44.099998474121094,44.2599983215332,43.939998626708984,44.15999984741211,33.90864562988281,51870700,
2014-07-21,43.939998626708984,44.400001525878906,43.91999816894531,44.310001373291016,34.02383041381836,56034400,
2014-07-22,44.79999923706055,44.83000183105469,44.70000076293945,44.720001220703125,34.33864212036133,43480300,
2014-07-23,44.81999969482422,44.81999969482422,44.65999984741211,44.7599983215332,34.36936569213867,29647900,
2014-07-24,44.81999969482422,45.0,44.77000045776367,44.959999084472656,34.5229377746582,31503700,
2014-07-25,44.75,44.83000183105469,44.63999938964844,44.779998779296875,34.38471984863281,34409200,
2014-07-28,44.84000015258789,45.11000061035156,44.7599983215332,45.09000015258789,34.62275695800781,38243200,
2014-07-29,45.130001068115234,45.130001068115234,44.790000915527344,44.81999969482422,34.41543197631836,35722000,
2014-07-30,45.0099983215332,45.04999923706055,44.38999938964844,44.599998474121094,34.24650573730469,54177600,
2014-07-31,44.060001373291016,44.150001525878906,43.65999984741211,43.81999969482422,33.64757537841797,88181200,
2014-08-01,43.95000076293945,44.18000030517578,43.650001525878906,44.060001373291016,33.83185958862305,108800800,
2014-08-04,44.2599983215332,44.56999969482422,44.08000183105469,44.470001220703125,34.14667510986328,43918900,
2014-08-05,44.02000045776367,44.13999938964844,43.650001525878906,43.790000915527344,33.62454605102539,67276000,
2014-08-06,43.54999923706055,43.72999954223633,43.439998626708984,43.4900016784668,33.394187927246094,63560700,
2014-08-07,43.59000015258789,43.619998931884766,43.13999938964844,43.31999969482422,33.26365280151367,77763500,
2014-08-08,43.5099983215332,43.779998779296875,43.33000183105469,43.709999084472656,33.5631103515625,53612400,
2014-08-11,43.91999816894531,44.310001373291016,43.88999938964844,44.27000045776367,33.99311065673828,49923100,
2014-08-12,44.09000015258789,44.33000183105469,44.040000915527344,44.31999969482422,34.0315055847168,36823500,
2014-08-13,44.66999816894531,44.779998779296875,44.439998626708984,44.560001373291016,34.21580505371094,49491900,
2014-08-14,44.59000015258789,44.709999084472656,44.529998779296875,44.630001068115234,34.26954650878906,33152100,
2014-08-15,44.72999954223633,44.83000183105469,44.279998779296875,44.5099983215332,34.17739486694336,66006100,
2014-08-18,44.7400016784668,44.939998626708984,44.63999938964844,44.939998626708984,34.507572174072266,38360500,
2014-08-19,44.97999954223633,45.16999816894531,44.959999084472656,45.150001525878906,34.6688232421875,33591600,
2014-08-20,44.939998626708984,45.13999938964844,44.86000061035156,45.060001373291016,34.5997200012207,30889600,
2014-08-21,44.959999084472656,45.040000915527344,44.810001373291016,44.869998931884766,34.45383071899414,35476300,
2014-08-22,44.91999816894531,44.9900016784668,44.58000183105469,44.75,34.36168670654297,45995800,
2014-08-25,44.869998931884766,45.099998474121094,44.810001373291016,45.08000183105469,34.615089416503906,31989900,
2014-08-26,45.16999816894531,45.380001068115234,45.150001525878906,45.349998474121094,34.822391510009766,45918400,
2014-08-27,45.439998626708984,45.58000183105469,45.34000015258789,45.58000183105469,34.999000549316406,34239100,
2014-08-28,44.9900016784668,45.18000030517578,44.939998626708984,45.130001068115234,34.65346908569336,38157700,
2014-08-29,45.16999816894531,45.2400016784668,45.0,45.060001373291016,34.5997200012207,39791500,
2014-09-02,45.04999923706055,45.060001373291016,44.880001068115234,44.9900016784668,34.54597473144531,48129000,
2014-09-03,45.75,45.790000915527344,45.5,45.58000183105469,34.999000549316406,51700200,
2014-09-04,45.72999954223633,45.83000183105469,45.34000015258789,45.459999084472656,34.906864166259766,41676700,
2014-09-05,45.540000915527344,45.849998474121094,45.41999816894531,45.849998474121094,35.206329345703125,53035700,
2014-09-08,45.68000030517578,45.720001220703125,45.220001220703125,45.310001373291016,34.79168701171875,50222700,
2014-09-09,45.040000915527344,45.13999938964844,44.560001373291016,44.75,34.36168670654297,85940600,
2014-09-10,44.33000183105469,44.63999938964844,44.22999954223633,44.560001373291016,34.21580505371094,57439600,
2014-09-11,44.25,44.33000183105469,44.189998626708984,44.2599983215332,33.985435485839844,70622500,
2014-09-12,43.9900016784668,44.0,43.63999938964844,43.790000915527344,33.62454605102539,85785600,
2014-09-15,43.65999984741211,43.709999084472656,43.439998626708984,43.56999969482422,33.45560836791992,68507800,
2014-09-16,43.529998779296875,44.439998626708984,43.5,44.13999938964844,33.89329528808594,97318600,
2014-09-17,44.20000076293945,44.27000045776367,43.720001220703125,43.72999954223633,33.57847213745117,76121700,
2014-09-18,43.869998931884766,43.95000076293945,43.72999954223633,43.790000915527344,33.62454605102539,50513900,
2014-09-19,43.91999816894531,43.970001220703125,43.349998474121094,43.459999084472656,33.37113952636719,88033100,
2014-09-22,43.08000183105469,43.130001068115234,42.61000061035156,42.79999923706055,32.86435317993164,83094000,
2014-09-23,42.70000076293945,42.900001525878906,42.5,42.560001373291016,32.68008041381836,82990700,
2014-09-24,42.869998931884766,43.2599983215332,42.65999984741211,43.16999816894531,33.148460388183594,55218900,
2014-09-25,42.5099983215332,42.529998779296875,42.119998931884766,42.22999954223633,32.42668533325195,68810700,
2014-09-26,42.27000045776367,42.56999969482422,42.209999084472656,42.41999816894531,32.572574615478516,54551800,
2014-09-29,41.369998931884766,41.77000045776367,41.36000061035156,41.560001373291016,31.912216186523438,74208400,
2014-09-30,41.45000076293945,41.63999938964844,41.36000061035156,41.560001373291016,31.912216186523438,87704500,
2014-10-01,41.34000015258789,41.380001068115234,40.70000076293945,40.709999084472656,31.25953483581543,109933300,
2014-10-02,40.86000061035156,41.220001220703125,40.369998931884766,40.93000030517578,31.42845916748047,92880600,
2014-10-03,41.08000183105469,41.38999938964844,40.88999938964844,41.279998779296875,31.69721031188965,61010900,
2014-10-06,42.119998931884766,42.15999984741211,41.810001373291016,41.81999969482422,32.11185836791992,84259600,
2014-10-07,41.7599983215332,41.869998931884766,41.45000076293945,41.45000076293945,31.827749252319336,41767500,
2014-10-08,41.529998779296875,42.150001525878906,41.060001373291016,42.06999969482422,32.30381774902344,90901600,
2014-10-09,41.900001525878906,41.95000076293945,41.27000045776367,41.40999984741211,31.79703712463379,82942800,
2014-10-10,40.959999084472656,41.099998474121094,40.470001220703125,40.5099983215332,31.10595703125,104177200,
2014-10-13,41.20000076293945,41.5,40.900001525878906,40.91999816894531,31.420780181884766,89761000,
2014-10-14,41.060001373291016,41.41999816894531,40.84000015258789,41.15999984741211,31.605070114135742,71636700,
2014-10-15,40.599998474121094,40.810001373291016,39.779998779296875,40.63999938964844,31.20577621459961,122284500,
2014-10-16,39.70000076293945,40.720001220703125,39.68000030517578,40.27000045776367,30.921682357788086,101076200,
2014-10-17,40.709999084472656,41.0,40.47999954223633,40.720001220703125,31.26721954345703,73616400,
2014-10-20,40.68000030517578,40.88999938964844,40.59000015258789,40.84000015258789,31.359352111816406,50853900,
2014-10-21,40.7599983215332,41.16999816894531,40.72999954223633,41.0099983215332,31.489904403686523,49877200,
2014-10-22,40.959999084472656,41.040000915527344,40.599998474121094,40.7400016784668,31.28257942199707,50711600,
2014-10-23,40.84000015258789,40.970001220703125,40.68000030517578,40.72999954223633,31.27488899230957,43661600,
2014-10-24,40.77000045776367,41.220001220703125,40.7400016784668,41.02000045776367,31.49757194519043,43721100,
2014-10-27,40.369998931884766,40.7599983215332,40.279998779296875,40.70000076293945,31.251859664916992,44793200,
2014-10-28,41.189998626708984,41.63999938964844,41.18000030517578,41.52000045776367,31.881500244140625,73890500,
2014-10-29,41.90999984741211,42.02000045776367,41.31999969482422,41.58000183105469,31.927570343017578,75308700,
2014-10-30,41.65999984741211,42.13999938964844,41.65999984741211,41.970001220703125,32.22704315185547,54208200,
2014-10-31,42.15999984741211,42.33000183105469,42.0,42.150001525878906,32.36525344848633,108786100,
2014-11-03,42.0099983215332,42.040000915527344,41.70000076293945,41.79999923706055,32.09649658203125,59606600,
2014-11-04,41.849998474121094,41.880001068115234,41.54999923706055,41.84000015258789,32.1272087097168,41428100,
2014-11-05,41.5,41.54999923706055,41.22999954223633,41.470001220703125,31.843107223510742,48726600,
2014-11-06,41.349998474121094,41.40999984741211,40.939998626708984,40.959999084472656,31.451499938964844,52054400,
2014-11-07,41.08000183105469,41.279998779296875,41.0099983215332,41.220001220703125,31.651132583618164,42327500,
2014-11-10,41.65999984741211,41.689998626708984,41.29999923706055,41.33000183105469,31.735607147216797,45891600,
2014-11-11,41.20000076293945,41.36000061035156,41.13999938964844,41.290000915527344,31.70488929748535,28395000,
2014-11-12,41.310001373291016,41.5,41.16999816894531,41.209999084472656,31.643470764160156,25122300,
2014-11-13,41.38999938964844,41.40999984741211,40.9900016784668,41.099998474121094,31.558992385864258,30709800,
2014-11-14,41.029998779296875,41.459999084472656,41.0,41.439998626708984,31.8200740814209,47386400,
2014-11-17,41.09000015258789,41.09000015258789,40.91999816894531,41.0,31.482208251953125,38237800,
2014-11-18,41.060001373291016,41.25,41.04999923706055,41.220001220703125,31.651132583618164,23114500,
2014-11-19,41.09000015258789,41.36000061035156,40.90999984741211,41.20000076293945,31.635786056518555,49215300,
2014-11-20,41.16999816894531,41.31999969482422,41.099998474121094,41.130001068115234,31.582040786743164,28926200,
2014-11-21,42.189998626708984,42.459999084472656,41.97999954223633,42.439998626708984,32.58793258666992,111455200,
2014-11-24,42.209999084472656,42.22999954223633,42.04999923706055,42.09000015258789,32.31918716430664,38061300,
2014-11-25,42.15999984741211,42.20000076293945,41.790000915527344,41.81999969482422,32.11185836791992,43794300,
2014-11-26,42.189998626708984,42.380001068115234,42.150001525878906,42.349998474121094,32.518821716308594,30953300,
2014-11-28,41.869998931884766,41.880001068115234,41.47999954223633,41.5,31.866140365600586,49144700,
2014-12-01,41.04999923706055,41.060001373291016,40.7400016784668,40.790000915527344,31.32097053527832,75105900,
2014-12-02,40.90999984741211,40.95000076293945,40.7400016784668,40.779998779296875,31.31328773498535,47273300,
2014-12-03,40.880001068115234,41.060001373291016,40.84000015258789,40.88999938964844,31.397756576538086,37508300,
2014-12-04,41.08000183105469,41.099998474121094,40.869998931884766,40.959999084472656,31.451499938964844,31459900,
2014-12-05,40.7599983215332,41.0,40.66999816894531,40.880001068115234,31.390064239501953,32496300,
2014-12-08,40.61000061035156,40.619998931884766,40.220001220703125,40.279998779296875,30.929346084594727,43437900,
2014-12-09,39.79999923706055,39.93000030517578,39.66999816894531,39.900001525878906,30.637577056884766,54564100,
2014-12-10,39.790000915527344,39.79999923706055,39.27000045776367,39.310001373291016,30.184537887573242,55591700,
2014-12-11,39.13999938964844,39.349998474121094,38.91999816894531,38.97999954223633,29.93113899230957,65853700,
2014-12-12,38.900001525878906,38.90999984741211,38.33000183105469,38.34000015258789,29.439712524414062,79274600,
2014-12-15,38.41999816894531,38.45000076293945,37.59000015258789,37.790000915527344,29.017391204833984,93921700,
2014-12-16,37.369998931884766,38.31999969482422,37.22999954223633,37.72999954223633,28.971311569213867,117074100,
2014-12-17,37.349998474121094,38.54999923706055,37.310001373291016,38.04999923706055,29.63727378845215,119530800,"{""dividend_amount"": 0.535}"
2014-12-18,38.630001068115234,38.869998931884766,38.310001373291016,38.56999969482422,30.04231071472168,70091400,
2014-12-19,38.63999938964844,39.02000045776367,38.630001068115234,38.84000015258789,30.25261688232422,61239600,
2014-12-22,39.310001373291016,39.45000076293945,39.22999954223633,39.380001068115234,30.673221588134766,47398500,
2014-12-23,39.060001373291016,39.09000015258789,38.79999923706055,39.02000045776367,30.392820358276367,52339300,
2014-12-24,39.09000015258789,39.15999984741211,38.91999816894531,39.11000061035156,30.46292495727539,21433900,
2014-12-26,39.470001220703125,39.630001068115234,39.38999938964844,39.41999816894531,30.70437240600586,28723000,
2014-12-29,39.43000030517578,39.5099983215332,39.18000030517578,39.18000030517578,30.517438888549805,38964300,
2014-12-30,39.130001068115234,39.34000015258789,39.119998931884766,39.2599983215332,30.579742431640625,32332700,
2014-12-31,39.470001220703125,39.4900016784668,39.209999084472656,39.290000915527344,30.603118896484375,34940700,
2015-01-02,39.189998626708984,39.209999084472656,38.66999816894531,38.77000045776367,30.19809341430664,65010000,
2015-01-05,38.52000045776367,38.52000045776367,38.02000045776367,38.08000183105469,29.6606388092041,83166600,
2015-01-06,38.09000015258789,38.2599983215332,37.720001220703125,37.91999816894531,29.536014556884766,52066100,
2015-01-07,38.56999969482422,38.77000045776367,38.439998626708984,38.7400016784668,30.174724578857422,64948700,
2015-01-08,39.310001373291016,39.58000183105469,39.2599983215332,39.400001525878906,30.688796997070312,55081600,
2015-01-09,39.52000045776367,39.540000915527344,39.150001525878906,39.27000045776367,30.587541580200195,38550100,
2015-01-12,39.150001525878906,39.20000076293945,38.900001525878906,38.95000076293945,30.338294982910156,55381800,
2015-01-13,39.45000076293945,39.650001525878906,38.970001220703125,39.290000915527344,30.603118896484375,55565600,
2015-01-14,38.86000061035156,39.15999984741211,38.7599983215332,39.06999969482422,30.4317569732666,83761000,
2015-01-15,39.59000015258789,39.72999954223633,39.099998474121094,39.15999984741211,30.501861572265625,57441600,
2015-01-16,39.130001068115234,39.540000915527344,39.06999969482422,39.4900016784668,30.758899688720703,72675200,
2015-01-20,39.40999984741211,39.459999084472656,39.220001220703125,39.43000030517578,30.712167739868164,57716900,
2015-01-21,39.7599983215332,40.34000015258789,39.7400016784668,40.29999923706055,31.389816284179688,74714900,
2015-01-22,40.5099983215332,41.11000061035156,40.31999969482422,41.06999969482422,31.98956298828125,95318400,
2015-01-23,40.81999969482422,40.959999084472656,40.7400016784668,40.7599983215332,31.748111724853516,52368100,
2015-01-26,40.630001068115234,40.90999984741211,40.56999969482422,40.779998779296875,31.76368522644043,47266100,
2015-01-27,40.29999923706055,40.65999984741211,40.290000915527344,40.560001373291016,31.59233283996582,42525200,
2015-01-28,40.459999084472656,40.5,40.0099983215332,40.119998931884766,31.24960708618164,56698000,
2015-01-29,40.06999969482422,40.150001525878906,39.720001220703125,40.119998931884766,31.24960708618164,53124400,
2015-01-30,39.29999923706055,39.54999923706055,39.02000045776367,39.02000045776367,30.392820358276367,103745400,
2015-02-02,39.529998779296875,39.869998931884766,39.439998626708984,39.720001220703125,30.938053131103516,50443600,
2015-02-03,40.15999984741211,40.52000045776367,40.11000061035156,40.470001220703125,31.522214889526367,48552700,
2015-02-04,40.41999816894531,40.63999938964844,40.209999084472656,40.27000045776367,31.366445541381836,34900700,
2015-02-05,40.150001525878906,40.540000915527344,40.13999938964844,40.5099983215332,31.55337905883789,32092400,
2015-02-06,39.90999984741211,40.119998931884766,39.709999084472656,39.81999969482422,31.015926361083984,64292000,
2015-02-09,39.689998626708984,39.88999938964844,39.68000030517578,39.7599983215332,30.969209671020508,35632500,
2015-02-10,39.630001068115234,39.720001220703125,39.5,39.65999984741211,30.89130973815918,46949400,
2015-02-11,39.34000015258789,39.4900016784668,39.099998474121094,39.369998931884766,30.665422439575195,44240300,
2015-02-12,39.79999923706055,40.27000045776367,39.77000045776367,40.209999084472656,31.319705963134766,55855400,
2015-02-13,40.43000030517578,40.689998626708984,40.43000030517578,40.66999816894531,31.67800521850586,44640000,
2015-02-17,40.54999923706055,40.599998474121094,40.2400016784668,40.58000183105469,31.60791015625,30152800,
2015-02-18,40.380001068115234,40.63999938964844,40.27000045776367,40.56999969482422,31.600114822387695,36036700,
2015-02-19,40.2400016784668,40.61000061035156,40.20000076293945,40.400001525878906,31.467708587646484,38785800,
2015-02-20,40.25,40.72999954223633,40.15999984741211,40.66999816894531,31.67800521850586,32542700,
2015-02-23,40.41999816894531,40.459999084472656,40.16999816894531,40.2599983215332,31.3586483001709,34091700,
2015-02-24,40.47999954223633,40.959999084472656,40.2599983215332,40.84000015258789,31.8104248046875,64630500,
2015-02-25,40.720001220703125,40.869998931884766,40.66999816894531,40.7599983215332,31.748111724853516,28592500,
2015-02-26,40.810001373291016,40.869998931884766,40.70000076293945,40.77000045776367,31.75589370727539,25889800,
2015-02-27,40.689998626708984,41.0,40.689998626708984,40.7400016784668,31.732532501220703,43207600,
2015-03-02,40.63999938964844,40.709999084472656,40.529998779296875,40.68000030517578,31.685794830322266,36669900,
2015-03-03,40.439998626708984,40.4900016784668,40.349998474121094,40.369998931884766,31.4443302154541,40406100,
2015-03-04,40.04999923706055,40.06999969482422,39.7599983215332,39.93000030517578,31.101612091064453,51564400,
2015-03-05,40.0,40.06999969482422,39.7400016784668,39.869998931884766,31.054885864257812,33714000,
2015-03-06,39.540000915527344,39.619998931884766,39.16999816894531,39.2599983215332,30.579742431640625,72516900,
2015-03-09,39.2400016784668,39.27000045776367,39.11000061035156,39.11000061035156,30.46292495727539,34915600,
2015-03-10,38.52000045776367,38.54999923706055,38.220001220703125,38.2400016784668,29.7852783203125,84229600,
2015-03-11,38.470001220703125,38.599998474121094,38.36000061035156,38.529998779296875,30.011152267456055,47978700,
2015-03-12,39.040000915527344,39.08000183105469,38.709999084472656,38.77000045776367,30.19809341430664,46829700,
2015-03-13,38.470001220703125,38.470001220703125,38.06999969482422,38.29999923706055,29.832000732421875,69885200,
2015-03-16,38.68000030517578,38.79999923706055,38.599998474121094,38.7599983215332,30.1903018951416,50569900,
2015-03-17,38.79999923706055,39.22999954223633,38.7599983215332,39.209999084472656,30.540803909301758,53697700,
2015-03-18,39.119998931884766,40.29999923706055,39.040000915527344,40.16999816894531,31.28855323791504,101688200,
2015-03-19,39.79999923706055,39.810001373291016,39.369998931884766,39.4900016784668,30.758899688720703,64499900,
2015-03-20,39.869998931884766,40.16999816894531,39.84000015258789,40.08000183105469,31.218460083007812,67345300,
2015-03-23,40.15999984741211,40.27000045776367,40.0,40.20000076293945,31.31192398071289,35502700,
2015-03-24,40.25,40.380001068115234,40.20000076293945,40.36000061035156,31.43654441833496,45280300,
2015-03-25,40.349998474121094,40.38999938964844,39.689998626708984,39.720001220703125,30.938053131103516,49779900,
2015-03-26,39.529998779296875,39.56999969482422,39.189998626708984,39.349998474121094,30.649852752685547,76980100,
2015-03-27,39.36000061035156,39.5,39.279998779296875,39.459999084472656,30.73553466796875,42212000,
2015-03-30,39.91999816894531,40.29999923706055,39.900001525878906,40.220001220703125,31.327495574951172,51535700,
2015-03-31,39.970001220703125,40.189998626708984,39.849998474121094,40.130001068115234,31.25740623474121,47508800,
2015-04-01,40.45000076293945,40.68000030517578,40.36000061035156,40.630001068115234,31.646848678588867,56392700,
2015-04-02,40.97999954223633,41.34000015258789,40.900001525878906,41.2400016784668,32.12198257446289,62389200,
2015-04-06,41.630001068115234,42.0,41.59000015258789,41.77000045776367,32.5348014831543,54678400,
2015-04-07,41.68000030517578,41.79999923706055,41.54999923706055,41.560001373291016,32.37123107910156,33279500,
2015-04-08,42.52000045776367,42.59000015258789,42.20000076293945,42.43000030517578,33.04887771606445,65023100,
2015-04-09,42.68000030517578,42.869998931884766,42.529998779296875,42.849998474121094,33.376014709472656,52128800,
2015-04-10,42.65999984741211,42.88999938964844,42.630001068115234,42.880001068115234,33.39937973022461,49899000,
2015-04-13,42.959999084472656,43.11000061035156,42.61000061035156,42.630001068115234,33.20465087890625,55031100,
2015-04-14,42.72999954223633,42.90999984741211,42.540000915527344,42.81999969482422,33.352638244628906,42601100,
2015-04-15,42.810001373291016,43.13999938964844,42.72999954223633,43.119998931884766,33.58632278442383,40254700,
2015-04-16,43.2400016784668,43.709999084472656,43.16999816894531,43.459999084472656,33.85114669799805,55057700,
2015-04-17,42.54999923706055,42.77000045776367,42.45000076293945,42.70000076293945,33.259178161621094,76688000,
2015-04-20,42.650001525878906,42.790000915527344,42.619998931884766,42.65999984741211,33.228031158447266,28811300,
2015-04-21,43.02000045776367,43.11000061035156,42.88999938964844,42.90999984741211,33.42274856567383,33309100,
2015-04-22,43.20000076293945,43.40999984741211,43.09000015258789,43.369998931884766,33.781044006347656,29271900,
2015-04-23,43.2599983215332,43.790000915527344,43.2400016784668,43.689998626708984,34.0302848815918,32056500,
2015-04-24,43.869998931884766,43.900001525878906,43.779998779296875,43.849998474121094,34.1549186706543,44030100,
2015-04-27,44.02000045776367,44.119998931884766,43.93000030517578,44.02000045776367,34.28733444213867,41819300,
2015-04-28,44.040000915527344,44.189998626708984,43.900001525878906,44.09000015258789,34.34185028076172,32442100,
2015-04-29,43.650001525878906,43.77000045776367,43.41999816894531,43.540000915527344,33.91346740722656,45752900,
2015-04-30,43.189998626708984,43.20000076293945,42.869998931884766,42.880001068115234,33.39937973022461,98330200,
2015-05-01,43.09000015258789,43.2599983215332,42.869998931884766,43.13999938964844,33.60189437866211,44928900,
2015-05-04,43.15999984741211,43.459999084472656,43.13999938964844,43.38999938964844,33.7966194152832,31314300,
2015-05-05,43.189998626708984,43.25,42.90999984741211,42.91999816894531,33.43053436279297,38738700,
2015-05-06,42.97999954223633,43.02000045776367,42.310001373291016,42.38999938964844,33.01771545410156,52439700,
2015-05-07,42.13999938964844,42.34000015258789,42.060001373291016,42.33000183105469,32.970985412597656,44347000,
2015-05-08,42.81999969482422,43.06999969482422,42.689998626708984,42.869998931884766,33.391597747802734,56822800,
2015-05-11,42.81999969482422,42.88999938964844,42.41999816894531,42.459999084472656,33.07225036621094,34705400,
2015-05-12,42.130001068115234,42.43000030517578,42.099998474121094,42.31999969482422,32.963199615478516,38432500,
2015-05-13,42.709999084472656,42.790000915527344,42.369998931884766,42.400001525878906,33.0255012512207,41156700,
2015-05-14,42.689998626708984,42.88999938964844,42.630001068115234,42.81999969482422,33.352638244628906,37071400,
2015-05-15,42.790000915527344,43.15999984741211,42.689998626708984,43.150001525878906,33.60969161987305,40940700,
2015-05-18,42.90999984741211,42.93000030517578,42.689998626708984,42.709999084472656,33.2669677734375,35675300,
2015-05-19,42.810001373291016,42.84000015258789,42.70000076293945,42.779998779296875,33.32148742675781,32065300,
2015-05-20,42.689998626708984,42.869998931884766,42.540000915527344,42.75,33.298133850097656,37659200,
2015-05-21,42.439998626708984,42.630001068115234,42.380001068115234,42.599998474121094,33.181278228759766,27575700,
2015-05-22,42.81999969482422,42.869998931884766,42.650001525878906,42.7400016784668,33.29033660888672,37907000,
2015-05-26,42.470001220703125,42.47999954223633,41.93000030517578,42.060001373291016,32.76068115234375,51008600,
2015-05-27,41.72999954223633,42.099998474121094,41.65999984741211,42.06999969482422,32.76846694946289,35464700,
2015-05-28,41.43000030517578,41.56999969482422,41.279998779296875,41.52000045776367,32.3400764465332,42689100,
2015-05-29,41.45000076293945,41.4900016784668,41.06999969482422,41.119998931884766,32.028507232666016,59462200,
2015-06-01,41.13999938964844,41.15999984741211,40.869998931884766,40.959999084472656,31.90389060974121,52509700,
2015-06-02,40.91999816894531,41.29999923706055,40.86000061035156,41.119998931884766,32.028507232666016,42331700,
2015-06-03,40.939998626708984,41.060001373291016,40.810001373291016,40.90999984741211,31.864940643310547,39291400,
2015-06-04,40.54999923706055,40.68000030517578,40.27000045776367,40.290000915527344,31.382020950317383,46637300,
2015-06-05,39.97999954223633,40.310001373291016,39.90999984741211,40.11000061035156,31.241823196411133,51982800,
2015-06-08,40.16999816894531,40.220001220703125,40.060001373291016,40.099998474121094,31.234025955200195,34008200,
2015-06-09,39.939998626708984,39.970001220703125,39.810001373291016,39.86000061035156,31.047090530395508,33384100,
2015-06-10,40.2400016784668,40.4900016784668,40.220001220703125,40.439998626708984,31.498855590820312,64828100,
2015-06-11,40.34000015258789,40.349998474121094,40.130001068115234,40.2400016784668,31.343082427978516,33808000,
2015-06-12,40.25,40.290000915527344,40.119998931884766,40.2400016784668,31.343082427978516,40975900,
2015-06-15,39.7599983215332,39.84000015258789,39.66999816894531,39.790000915527344,30.99257469177246,34097000,
2015-06-16,39.650001525878906,39.86000061035156,39.56999969482422,39.79999923706055,31.0003604888916,33605900,
2015-06-17,39.810001373291016,40.27000045776367,39.58000183105469,40.040000915527344,31.187288284301758,70505900,
2015-06-18,40.349998474121094,40.560001373291016,40.279998779296875,40.40999984741211,31.475492477416992,60019000,
2015-06-19,40.220001220703125,40.36000061035156,40.060001373291016,40.060001373291016,31.202877044677734,55891700,
2015-06-22,40.75,40.77000045776367,40.59000015258789,40.63999938964844,31.654638290405273,45009800,
2015-06-23,40.79999923706055,41.060001373291016,40.790000915527344,41.040000915527344,31.96619987487793,40579100,
2015-06-24,41.0,41.06999969482422,40.75,40.75,31.740318298339844,56107100,
2015-06-25,40.5,40.52000045776367,40.279998779296875,40.310001373291016,31.631237030029297,33663800,"{""dividend_amount"": 0.301}"
2015-06-26,39.95000076293945,40.150001525878906,39.88999938964844,39.93000030517578,31.333065032958984,34721500,
2015-06-29,39.290000915527344,39.439998626708984,39.029998779296875,39.040000915527344,30.63467025756836,59610800,
2015-06-30,39.7400016784668,39.7599983215332,39.47999954223633,39.619998931884766,31.089794158935547,61266600,
2015-07-01,39.84000015258789,39.86000061035156,39.5,39.59000015258789,31.066267013549805,38622300,
2015-07-02,39.83000183105469,40.02000045776367,39.75,39.779998779296875,31.21535873413086,34085800,
2015-07-06,38.720001220703125,38.939998626708984,38.52000045776367,38.66999816894531,30.344331741333008,66892500,
2015-07-07,37.939998626708984,38.15999984741211,37.40999984741211,38.09000015258789,29.88920783996582,100698500,
2015-07-08,37.08000183105469,37.25,36.720001220703125,36.779998779296875,28.86125946044922,93899000,
2015-07-09,37.900001525878906,38.029998779296875,37.47999954223633,37.4900016784668,29.418384552001953,72889000,
2015-07-10,38.43000030517578,38.56999969482422,38.189998626708984,38.439998626708984,30.163854598999023,64726600,
2015-07-13,38.689998626708984,38.790000915527344,38.599998474121094,38.70000076293945,30.367868423461914,43846200,
2015-07-14,38.52000045776367,38.79999923706055,38.47999954223633,38.77000045776367,30.42281150817871,30252200,
2015-07-15,38.529998779296875,38.560001373291016,38.290000915527344,38.33000183105469,30.077537536621094,44039400,
2015-07-16,38.7599983215332,38.869998931884766,38.650001525878906,38.810001373291016,30.454198837280273,36217600,
2015-07-17,38.869998931884766,38.880001068115234,38.689998626708984,38.7599983215332,30.414958953857422,35714800,
2015-07-20,38.38999938964844,38.59000015258789,38.220001220703125,38.5099983215332,30.218780517578125,31707000,
2015-07-21,38.68000030517578,38.709999084472656,38.4900016784668,38.52000045776367,30.226634979248047,27625400,
2015-07-22,38.20000076293945,38.209999084472656,37.93000030517578,37.970001220703125,29.79505157470703,39326800,
2015-07-23,37.95000076293945,37.97999954223633,37.56999969482422,37.599998474121094,29.504709243774414,42787700,
2015-07-24,37.290000915527344,37.29999923706055,36.869998931884766,37.060001373291016,29.080976486206055,55194200,
2015-07-27,36.439998626708984,36.58000183105469,36.27000045776367,36.36000061035156,28.53168296813965,73051800,
2015-07-28,36.63999938964844,36.7599983215332,36.400001525878906,36.72999954223633,28.822011947631836,49701300,
2015-07-29,36.81999969482422,37.25,36.709999084472656,37.09000015258789,29.104509353637695,61119900,
2015-07-30,36.68000030517578,36.790000915527344,36.4900016784668,36.720001220703125,28.814172744750977,44051400,
2015-07-31,37.06999969482422,37.2599983215332,36.970001220703125,37.119998931884766,29.1280574798584,85020500,
2015-08-03,36.66999816894531,36.70000076293945,36.36000061035156,36.5,28.641536712646484,45674700,
2015-08-04,36.810001373291016,36.93000030517578,36.52000045776367,36.630001068115234,28.743545532226562,38618400,
2015-08-05,36.97999954223633,37.0099983215332,36.56999969482422,36.63999938964844,28.751401901245117,30785300,
2015-08-06,36.45000076293945,36.470001220703125,36.220001220703125,36.31999969482422,28.500295639038086,42182300,
2015-08-07,36.31999969482422,36.459999084472656,36.220001220703125,36.29999923706055,28.484600067138672,37027200,
2015-08-10,36.52000045776367,36.9900016784668,36.47999954223633,36.90999984741211,28.96327018737793,43071900,
2015-08-11,36.040000915527344,36.150001525878906,35.779998779296875,36.099998474121094,28.32765769958496,58642500,
2015-08-12,35.45000076293945,35.54999923706055,35.25,35.540000915527344,27.88823127746582,64540000,
2015-08-13,35.54999923706055,35.709999084472656,35.41999816894531,35.47999954223633,27.841142654418945,58165600,
2015-08-14,35.56999969482422,35.68000030517578,35.4900016784668,35.529998779296875,27.880373001098633,35715200,
2015-08-17,35.02000045776367,35.18000030517578,34.95000076293945,35.13999938964844,27.574344635009766,42609500,
2015-08-18,34.75,34.849998474121094,34.63999938964844,34.7599983215332,27.27615737915039,42639500,
2015-08-19,34.5,34.68000030517578,34.04999923706055,34.33000183105469,26.938739776611328,112308600,
2015-08-20,33.869998931884766,33.970001220703125,33.70000076293945,33.790000915527344,26.514999389648438,116628600,
2015-08-21,33.290000915527344,33.45000076293945,32.709999084472656,32.75,25.698915481567383,129140200,
2015-08-24,30.530000686645508,32.220001220703125,30.0,31.31999969482422,24.576793670654297,218802300,
2015-08-25,33.2599983215332,33.279998779296875,31.719999313354492,31.719999313354492,24.89067268371582,135001800,
2015-08-26,32.5099983215332,32.900001525878906,31.90999984741211,32.77000045776367,25.714611053466797,134618500,
2015-08-27,33.40999984741211,34.279998779296875,33.400001525878906,34.220001220703125,26.8524227142334,144856300,
2015-08-28,33.70000076293945,34.0099983215332,33.59000015258789,33.779998779296875,26.507156372070312,68659200,
2015-08-31,33.529998779296875,33.900001525878906,33.2400016784668,33.84000015258789,26.554229736328125,98538600,
2015-09-01,32.810001373291016,33.02000045776367,32.36000061035156,32.529998779296875,25.52627944946289,83635900,
2015-09-02,33.040000915527344,33.04999923706055,32.630001068115234,33.0,25.895090103149414,55551000,
2015-09-03,33.060001373291016,33.56999969482422,33.0099983215332,33.130001068115234,25.997102737426758,67468200,
2015-09-04,32.5099983215332,32.61000061035156,31.950000762939453,32.13999938964844,25.22024917602539,81962800,
2015-09-08,33.02000045776367,33.209999084472656,32.86000061035156,33.15999984741211,26.020641326904297,53584300,
2015-09-09,33.779998779296875,33.84000015258789,32.9900016784668,32.9900016784668,25.887243270874023,56389200,
2015-09-10,33.08000183105469,33.529998779296875,33.0,33.33000183105469,26.154037475585938,49745400,
2015-09-11,33.2400016784668,33.5,33.16999816894531,33.459999084472656,26.25605010986328,42195900,
2015-09-14,33.349998474121094,33.45000076293945,33.150001525878906,33.40999984741211,26.216814041137695,39313800,
2015-09-15,33.400001525878906,33.81999969482422,33.36000061035156,33.72999954223633,26.46792221069336,51913600,
2015-09-16,34.279998779296875,34.689998626708984,34.22999954223633,34.54999923706055,27.11137580871582,85209600,
2015-09-17,34.279998779296875,35.349998474121094,34.2599983215332,34.470001220703125,27.048595428466797,105902400,
2015-09-18,34.130001068115234,34.380001068115234,33.689998626708984,33.83000183105469,26.546390533447266,90964900,
2015-09-21,33.84000015258789,33.90999984741211,33.63999938964844,33.77000045776367,26.49931526184082,45318300,
2015-09-22,33.040000915527344,33.16999816894531,32.880001068115234,33.13999938964844,26.00494956970215,58874100,
2015-09-23,32.9900016784668,33.029998779296875,32.599998474121094,32.61000061035156,25.58905792236328,44721000,
2015-09-24,32.099998474121094,32.630001068115234,31.940000534057617,32.470001220703125,25.479204177856445,79880800,
2015-09-25,32.939998626708984,32.939998626708984,32.349998474121094,32.400001525878906,25.42426872253418,59861600,
2015-09-28,32.13999938964844,32.150001525878906,31.610000610351562,31.709999084472656,24.88282585144043,58659500,
2015-09-29,31.81999969482422,32.02000045776367,31.639999389648438,31.860000610351562,25.000534057617188,52829500,
2015-09-30,32.689998626708984,32.849998474121094,32.47999954223633,32.779998779296875,25.722450256347656,80422200,
2015-10-01,33.04999923706055,33.119998931884766,32.709999084472656,32.959999084472656,25.863698959350586,48402600,
2015-10-02,32.810001373291016,33.849998474121094,32.689998626708984,33.84000015258789,26.554229736328125,83904700,
2015-10-05,34.22999954223633,34.59000015258789,34.16999816894531,34.56999969482422,27.1270694732666,77869000,
2015-10-06,34.45000076293945,34.59000015258789,34.31999969482422,34.5099983215332,27.079984664916992,47313400,
2015-10-07,35.36000061035156,35.650001525878906,35.15999984741211,35.43000030517578,27.801910400390625,97905900,
2015-10-08,35.220001220703125,35.86000061035156,35.18000030517578,35.810001373291016,28.100093841552734,64163600,
2015-10-09,36.16999816894531,36.2599983215332,35.77000045776367,35.939998626708984,28.202098846435547,61563400,
2015-10-12,36.0,36.02000045776367,35.630001068115234,35.66999816894531,27.990234375,44030200,
2015-10-13,35.25,35.54999923706055,35.060001373291016,35.09000015258789,27.53511619567871,72241600,
2015-10-14,35.34000015258789,35.529998779296875,35.2400016784668,35.36000061035156,27.746980667114258,57724900,
2015-10-15,35.939998626708984,36.2400016784668,35.72999954223633,36.220001220703125,28.42181968688965,60410800,
2015-10-16,36.09000015258789,36.2599983215332,35.900001525878906,36.25,28.445363998413086,65003800,
2015-10-19,35.869998931884766,35.900001525878906,35.70000076293945,35.880001068115234,28.15502166748047,52354600,
2015-10-20,35.790000915527344,35.93000030517578,35.709999084472656,35.869998931884766,28.147180557250977,44212500,
2015-10-21,35.63999938964844,35.66999816894531,35.33000183105469,35.349998474121094,27.7391357421875,55037000,
2015-10-22,35.720001220703125,36.15999984741211,35.720001220703125,36.08000183105469,28.311969757080078,56963300,
2015-10-23,36.349998474121094,36.41999816894531,36.150001525878906,36.290000915527344,28.476749420166016,53727000,
2015-10-26,36.11000061035156,36.130001068115234,35.91999816894531,35.959999084472656,28.217796325683594,41789200,
2015-10-27,35.58000183105469,35.709999084472656,35.470001220703125,35.54999923706055,27.89607048034668,56392800,
2015-10-28,35.630001068115234,35.79999923706055,34.939998626708984,35.13999938964844,27.574344635009766,125416000,
2015-10-29,34.79999923706055,34.970001220703125,34.7400016784668,34.810001373291016,27.315401077270508,63886000,
2015-10-30,35.06999969482422,35.08000183105469,34.849998474121094,34.869998931884766,27.362478256225586,72076000,
2015-11-02,35.16999816894531,35.560001373291016,35.150001525878906,35.560001373291016,27.903919219970703,51896500,
2015-11-03,35.459999084472656,36.16999816894531,35.45000076293945,36.029998779296875,28.272727966308594,68335400,
2015-11-04,36.25,36.27000045776367,35.630001068115234,35.7400016784668,28.045164108276367,69243600,
2015-11-05,35.709999084472656,35.91999816894531,35.56999969482422,35.79999923706055,28.092247009277344,43303000,
2015-11-06,35.0099983215332,35.349998474121094,34.81999969482422,35.29999923706055,27.699893951416016,65547200,
2015-11-09,34.790000915527344,34.90999984741211,34.34000015258789,34.41999816894531,27.00936508178711,76448600,
2015-11-10,34.27000045776367,34.36000061035156,34.119998931884766,34.27000045776367,26.891658782958984,53876200,
2015-11-11,34.540000915527344,34.54999923706055,34.279998779296875,34.34000015258789,26.946584701538086,34433100,
2015-11-12,34.189998626708984,34.41999816894531,33.97999954223633,34.0099983215332,26.687641143798828,53097900,
2015-11-13,33.779998779296875,33.810001373291016,33.439998626708984,33.540000915527344,26.318828582763672,72046800,
2015-11-16,33.63999938964844,34.20000076293945,33.58000183105469,34.189998626708984,26.82887840270996,61895300,
2015-11-17,34.2400016784668,34.29999923706055,34.029998779296875,34.09000015258789,26.750415802001953,58447500,
2015-11-18,34.04999923706055,34.5,34.02000045776367,34.459999084472656,27.040748596191406,48166100,
2015-11-19,34.68000030517578,34.86000061035156,34.619998931884766,34.77000045776367,27.28400993347168,68973900,
2015-11-20,35.11000061035156,35.29999923706055,35.0099983215332,35.119998931884766,27.558652877807617,73122400,
2015-11-23,34.970001220703125,35.040000915527344,34.7599983215332,34.790000915527344,27.299707412719727,55352100,
2015-11-24,34.560001373291016,35.029998779296875,34.529998779296875,34.970001220703125,27.440950393676758,62017500,
2015-11-25,34.75,34.779998779296875,34.56999969482422,34.70000076293945,27.229082107543945,37938300,
2015-11-27,34.2400016784668,34.25,33.900001525878906,33.939998626708984,26.632707595825195,54817200,
2015-11-30,33.849998474121094,34.029998779296875,33.77000045776367,33.9900016784668,26.671945571899414,91134900,
2015-12-01,34.15999984741211,34.29999923706055,34.09000015258789,34.25,26.875965118408203,56692100,
2015-12-02,34.04999923706055,34.099998474121094,33.70000076293945,33.84000015258789,26.554229736328125,59091000,
2015-12-03,33.970001220703125,33.9900016784668,33.52000045776367,33.650001525878906,26.40514373779297,52692500,
2015-12-04,33.369998931884766,33.939998626708984,33.369998931884766,33.880001068115234,26.58562660217285,79516400,
2015-12-07,33.560001373291016,33.58000183105469,33.22999954223633,33.31999969482422,26.146194458007812,47613100,
2015-12-08,32.63999938964844,32.97999954223633,32.560001373291016,32.95000076293945,25.855852127075195,71352200,
2015-12-09,32.849998474121094,33.189998626708984,32.599998474121094,32.68000030517578,25.643983840942383,66422800,
2015-12-10,32.59000015258789,32.720001220703125,32.38999938964844,32.459999084472656,25.471355438232422,59281000,
2015-12-11,31.790000915527344,31.829999923706055,31.5,31.549999237060547,24.75727653503418,89806000,
2015-12-14,31.8799991607666,32.08000183105469,31.59000015258789,32.060001373291016,25.157472610473633,83798000,
2015-12-15,32.459999084472656,32.68000030517578,32.45000076293945,32.54999923706055,25.541973114013672,78124300,
2015-12-16,32.79999923706055,33.36000061035156,32.65999984741211,33.189998626708984,26.044179916381836,105082200,
2015-12-17,33.209999084472656,33.2400016784668,32.7599983215332,32.7599983215332,25.70676040649414,93646700,
2015-12-18,32.77000045776367,32.86000061035156,32.58000183105469,32.650001525878906,25.620445251464844,96868900,
2015-12-21,32.459999084472656,32.4900016784668,32.16999816894531,32.400001525878906,25.820470809936523,64002400,"{""dividend_amount"": 0.501}"
2015-12-22,32.40999984741211,32.66999816894531,32.369998931884766,32.65999984741211,26.027673721313477,49664600,
2015-12-23,32.90999984741211,33.150001525878906,32.900001525878906,33.119998931884766,26.39426612854004,47464000,
2015-12-24,32.93000030517578,33.060001373291016,32.90999984741211,33.0,26.298629760742188,21532700,
2015-12-28,32.7400016784668,32.790000915527344,32.630001068115234,32.77000045776367,26.115337371826172,38299200,
2015-12-29,32.86000061035156,32.93000030517578,32.7599983215332,32.79999923706055,26.139244079589844,43931500,
2015-12-30,32.47999954223633,32.529998779296875,32.27000045776367,32.290000915527344,25.732812881469727,51320000,
2015-12-31,32.290000915527344,32.41999816894531,32.18000030517578,32.189998626708984,25.653112411499023,44184700,
2016-01-04,31.350000381469727,31.3799991607666,31.049999237060547,31.309999465942383,24.95182228088379,83489100,
2016-01-05,31.450000762939453,31.5,31.299999237060547,31.3799991607666,25.007600784301758,57773900,
2016-01-06,30.790000915527344,30.989999771118164,30.65999984741211,30.780000686645508,24.529449462890625,65835100,
2016-01-07,29.989999771118164,30.40999984741211,29.809999465942383,29.829999923706055,23.772369384765625,88974700,
2016-01-08,30.030000686645508,30.139999389648438,29.5,29.510000228881836,23.517351150512695,73528000,
2016-01-11,29.790000915527344,29.809999465942383,29.229999542236328,29.5,23.509380340576172,56225500,
2016-01-12,29.709999084472656,29.850000381469727,29.350000381469727,29.559999465942383,23.557199478149414,61357500,
2016-01-13,29.899999618530273,30.0,29.18000030517578,29.25,23.310150146484375,71788700,
2016-01-14,29.280000686645508,29.739999771118164,29.059999465942383,29.6299991607666,23.61298179626465,65521200,
2016-01-15,28.469999313354492,28.649999618530273,28.079999923706055,28.459999084472656,22.68057632446289,117573900,
2016-01-19,29.200000762939453,29.239999771118164,28.65999984741211,28.8799991607666,23.015289306640625,79535100,
2016-01-20,28.170000076293945,28.459999084472656,27.610000610351562,28.25,22.513221740722656,103223500,
2016-01-21,28.239999771118164,28.729999542236328,28.030000686645508,28.360000610351562,22.600887298583984,81845900,
2016-01-22,29.260000228881836,29.34000015258789,29.059999465942383,29.329999923706055,23.373899459838867,75886600,
2016-01-25,29.1299991607666,29.25,28.809999465942383,28.829999923706055,22.975439071655273,59623300,
2016-01-26,28.989999771118164,29.299999237060547,28.940000534057617,29.25,23.310150146484375,60020100,
2016-01-27,29.239999771118164,29.559999465942383,28.950000762939453,29.149999618530273,23.23045539855957,74020200,
2016-01-28,29.719999313354492,29.790000915527344,29.360000610351562,29.610000610351562,23.597043991088867,84739900,
2016-01-29,30.079999923706055,30.600000381469727,30.049999237060547,30.56999969482422,24.36209487915039,81973800,
2016-02-01,30.059999465942383,30.3700008392334,29.979999542236328,30.280000686645508,24.130983352661133,43254600,
2016-02-02,29.780000686645508,29.81999969482422,29.219999313354492,29.299999237060547,23.349992752075195,75516000,
2016-02-03,29.610000610351562,30.149999618530273,29.1200008392334,30.1299991607666,24.01144790649414,117143200,
2016-02-04,30.360000610351562,30.739999771118164,30.170000076293945,30.360000610351562,24.194746017456055,99923300,
2016-02-05,30.239999771118164,30.34000015258789,29.889999389648438,30.010000228881836,23.915813446044922,70370700,
2016-02-08,29.549999237060547,29.739999771118164,29.25,29.600000381469727,23.589073181152344,72716800,
2016-02-09,29.040000915527344,29.530000686645508,28.889999389648438,29.190000534057617,23.2623348236084,67275700,
2016-02-10,29.520000457763672,29.850000381469727,29.299999237060547,29.309999465942383,23.35797119140625,67192400,
2016-02-11,28.719999313354492,29.020000457763672,28.600000381469727,28.81999969482422,22.96746826171875,86795500,
2016-02-12,29.06999969482422,29.329999923706055,28.93000030517578,29.31999969482422,23.365930557250977,68436000,
2016-02-16,29.8700008392334,30.010000228881836,29.739999771118164,29.969999313354492,23.883939743041992,54396200,
2016-02-17,30.239999771118164,30.6299991607666,30.209999084472656,30.559999465942383,24.3541259765625,69297600,
2016-02-18,30.670000076293945,30.670000076293945,30.309999465942383,30.3799991607666,24.210674285888672,59141200,
2016-02-19,30.190000534057617,30.389999389648438,30.079999923706055,30.239999771118164,24.099109649658203,59069000,
2016-02-22,30.75,30.989999771118164,30.700000762939453,30.989999771118164,24.69680404663086,42673400,
2016-02-23,30.639999389648438,30.690000534057617,30.290000915527344,30.329999923706055,24.170833587646484,54666100,
2016-02-24,29.84000015258789,30.3700008392334,29.670000076293945,30.260000228881836,24.115049362182617,59334200,
2016-02-25,30.219999313354492,30.399999618530273,30.0,30.360000610351562,24.194746017456055,45895100,
2016-02-26,30.559999465942383,30.579999923706055,30.030000686645508,30.059999465942383,23.95566177368164,54635600,
2016-02-29,30.360000610351562,30.610000610351562,30.290000915527344,30.31999969482422,24.16286277770996,65543100,
2016-03-01,30.899999618530273,31.420000076293945,30.889999389648438,31.399999618530273,25.02354621887207,69324500,
2016-03-02,31.440000534057617,31.84000015258789,31.3700008392334,31.81999969482422,25.35825538635254,66977500,
2016-03-03,31.850000381469727,32.189998626708984,31.809999465942383,32.18000030517578,25.6451473236084,69856900,
2016-03-04,32.4900016784668,32.959999084472656,32.40999984741211,32.81999969482422,26.155183792114258,102487700,
2016-03-07,32.5,32.93000030517578,32.470001220703125,32.77000045776367,26.115337371826172,67816600,
2016-03-08,32.369998931884766,32.41999816894531,32.09000015258789,32.209999084472656,25.669055938720703,50510100,
2016-03-09,32.41999816894531,32.59000015258789,32.310001373291016,32.40999984741211,25.828439712524414,54890300,
2016-03-10,32.599998474121094,32.65999984741211,31.989999771118164,32.459999084472656,25.868289947509766,69716400,
2016-03-11,32.95000076293945,33.209999084472656,32.90999984741211,33.13999938964844,26.410202026367188,74998500,
2016-03-14,33.029998779296875,33.150001525878906,32.849998474121094,32.939998626708984,26.250816345214844,43838500,
2016-03-15,32.439998626708984,32.47999954223633,32.290000915527344,32.470001220703125,25.876262664794922,66967800,
2016-03-16,32.209999084472656,33.209999084472656,32.20000076293945,33.119998931884766,26.39426612854004,98218500,
2016-03-17,33.56999969482422,33.93000030517578,33.400001525878906,33.849998474121094,26.976016998291016,114746800,
2016-03-18,34.02000045776367,34.189998626708984,33.9900016784668,34.029998779296875,27.119464874267578,102194600,
2016-03-21,33.9900016784668,34.18000030517578,33.939998626708984,34.099998474121094,27.175251007080078,59921400,
2016-03-22,33.79999923706055,34.15999984741211,33.790000915527344,34.02000045776367,27.11149787902832,41960900,
2016-03-23,33.7400016784668,33.7400016784668,33.400001525878906,33.439998626708984,26.64927864074707,58628500,
2016-03-24,33.08000183105469,33.369998931884766,33.0,33.36000061035156,26.585525512695312,61479100,
2016-03-28,33.380001068115234,33.47999954223633,33.31999969482422,33.470001220703125,26.673187255859375,40595500,
2016-03-29,33.470001220703125,33.939998626708984,33.20000076293945,33.93000030517578,27.039777755737305,81638800,
2016-03-30,34.439998626708984,34.58000183105469,34.27000045776367,34.279998779296875,27.31869125366211,53128600,
2016-03-31,34.400001525878906,34.5099983215332,34.150001525878906,34.25,27.294790267944336,109595100,
2016-04-01,33.52000045776367,34.209999084472656,33.41999816894531,34.150001525878906,27.215099334716797,76178800,
2016-04-04,34.130001068115234,34.13999938964844,33.709999084472656,33.7400016784668,26.888357162475586,46429000,
2016-04-05,33.209999084472656,33.31999969482422,33.02000045776367,33.08000183105469,26.362382888793945,61660900,
2016-04-06,32.9900016784668,33.4900016784668,32.900001525878906,33.47999954223633,26.6811580657959,56608700,
2016-04-07,33.040000915527344,33.11000061035156,32.72999954223633,32.810001373291016,26.147214889526367,75406000,
2016-04-08,33.529998779296875,33.56999969482422,33.25,33.380001068115234,26.60146141052246,44785200,
2016-04-11,33.93000030517578,34.04999923706055,33.7599983215332,33.810001373291016,26.94414710998535,63972000,
2016-04-12,33.810001373291016,34.439998626708984,33.779998779296875,34.33000183105469,27.358543395996094,70261600,
2016-04-13,34.880001068115234,34.959999084472656,34.72999954223633,34.939998626708984,27.844667434692383,95376400,
2016-04-14,34.880001068115234,34.90999984741211,34.720001220703125,34.77000045776367,27.709196090698242,49781400,
2016-04-15,34.72999954223633,34.790000915527344,34.56999969482422,34.56999969482422,27.5498104095459,61733700,
2016-04-18,34.45000076293945,34.900001525878906,34.380001068115234,34.72999954223633,27.67731285095215,51810600,
2016-04-19,35.06999969482422,35.34000015258789,35.029998779296875,35.2599983215332,28.099687576293945,70368800,
2016-04-20,34.97999954223633,35.279998779296875,34.849998474121094,35.099998474121094,27.97217559814453,51670100,
2016-04-21,35.0099983215332,35.0099983215332,34.68000030517578,34.75,27.693252563476562,59286600,
2016-04-22,34.61000061035156,34.849998474121094,34.5099983215332,34.540000915527344,27.52589988708496,43727100,
2016-04-25,34.52000045776367,34.52000045776367,34.27000045776367,34.31999969482422,27.35057258605957,40116100,
2016-04-26,34.58000183105469,34.70000076293945,34.47999954223633,34.689998626708984,27.645435333251953,46394300,
2016-04-27,34.54999923706055,34.959999084472656,34.45000076293945,34.900001525878906,27.812793731689453,56192100,
2016-04-28,34.54999923706055,34.849998474121094,34.459999084472656,34.540000915527344,27.52589988708496,51718900,
2016-04-29,34.540000915527344,34.58000183105469,34.11000061035156,34.38999938964844,27.4063663482666,86482700,
2016-05-02,34.38999938964844,34.400001525878906,34.13999938964844,34.29999923706055,27.334630966186523,36887000,
2016-05-03,33.650001525878906,33.709999084472656,33.31999969482422,33.33000183105469,26.561614990234375,94755400,
2016-05-04,33.119998931884766,33.18000030517578,32.77000045776367,32.790000915527344,26.131277084350586,105838400,
2016-05-05,33.11000061035156,33.150001525878906,32.68000030517578,32.779998779296875,26.123300552368164,83029500,
2016-05-06,32.66999816894531,32.970001220703125,32.650001525878906,32.83000183105469,26.16315460205078,81640000,
2016-05-09,32.7599983215332,32.77000045776367,32.31999969482422,32.40999984741211,25.828439712524414,84074300,
2016-05-10,32.77000045776367,33.04999923706055,32.7599983215332,33.029998779296875,26.32253646850586,69384400,
2016-05-11,33.0,33.18000030517578,32.869998931884766,32.95000076293945,26.25878143310547,58600300,
2016-05-12,33.13999938964844,33.20000076293945,32.7400016784668,32.86000061035156,26.187063217163086,63469800,
2016-05-13,32.58000183105469,32.720001220703125,32.209999084472656,32.27000045776367,25.716876983642578,62246800,
2016-05-16,32.59000015258789,32.77000045776367,32.58000183105469,32.65999984741211,26.027673721313477,51206600,
2016-05-17,32.59000015258789,32.7400016784668,32.41999816894531,32.5099983215332,25.90813636779785,63616400,
2016-05-18,32.290000915527344,32.630001068115234,32.0099983215332,32.189998626708984,25.653112411499023,91541300,
2016-05-19,31.920000076293945,32.0,31.700000762939453,31.889999389648438,25.414037704467773,74455000,
2016-05-20,32.189998626708984,32.29999923706055,32.150001525878906,32.209999084472656,25.669055938720703,54928300,
2016-05-23,32.13999938964844,32.349998474121094,32.119998931884766,32.150001525878906,25.621244430541992,52648200,
2016-05-24,32.31999969482422,32.54999923706055,32.290000915527344,32.47999954223633,25.884231567382812,58219200,
2016-05-25,32.790000915527344,33.02000045776367,32.77000045776367,32.869998931884766,26.19503402709961,53340200,
2016-05-26,33.130001068115234,33.189998626708984,32.90999984741211,33.09000015258789,26.37035369873047,48215100,
2016-05-27,33.209999084472656,33.279998779296875,32.9900016784668,33.08000183105469,26.362382888793945,43342900,
2016-05-31,33.15999984741211,33.29999923706055,33.029998779296875,33.119998931884766,26.39426612854004,94760100,
2016-06-01,32.9900016784668,33.16999816894531,32.90999984741211,33.099998474121094,26.37832260131836,52115100,
2016-06-02,33.06999969482422,33.40999984741211,33.02000045776367,33.369998931884766,26.59349250793457,48252500,
2016-06-03,33.779998779296875,33.900001525878906,33.52000045776367,33.880001068115234,26.999929428100586,89424800,
2016-06-06,34.0099983215332,34.29999923706055,33.97999954223633,34.2400016784668,27.286823272705078,110069500,
2016-06-07,34.459999084472656,34.59000015258789,34.43000030517578,34.54999923706055,27.533872604370117,59934000,
2016-06-08,34.779998779296875,34.86000061035156,34.65999984741211,34.79999923706055,27.733102798461914,75850100,
2016-06-09,34.33000183105469,34.47999954223633,34.279998779296875,34.400001525878906,27.414335250854492,54934300,
2016-06-10,33.70000076293945,33.849998474121094,33.45000076293945,33.529998779296875,26.721006393432617,77417500,
2016-06-13,33.09000015258789,33.369998931884766,33.02000045776367,33.060001373291016,26.346446990966797,56865500,
2016-06-14,32.959999084472656,33.119998931884766,32.68000030517578,32.95000076293945,26.25878143310547,71023800,
2016-06-15,33.290000915527344,33.59000015258789,33.18000030517578,33.29999923706055,26.53770637512207,64707000,
2016-06-16,32.70000076293945,33.209999084472656,32.4900016784668,33.18000030517578,26.442079544067383,73981900,
2016-06-17,33.2400016784668,33.290000915527344,33.02000045776367,33.27000045776367,26.513805389404297,56740400,
2016-06-20,33.900001525878906,34.08000183105469,33.83000183105469,33.86000061035156,26.98398780822754,78204200,
2016-06-21,34.02000045776367,34.220001220703125,33.83000183105469,34.119998931884766,27.191194534301758,75173100,
2016-06-22,34.08000183105469,34.15999984741211,33.880001068115234,33.939998626708984,27.260263442993164,67273500,"{""dividend_amount"": 0.266}"
2016-06-23,34.400001525878906,34.7599983215332,34.25,34.7599983215332,27.91887664794922,70159900,
2016-06-24,32.7599983215332,33.459999084472656,32.56999969482422,32.650001525878906,26.224151611328125,158566000,
2016-06-27,32.5,32.5099983215332,31.889999389648438,32.22999954223633,25.886808395385742,101826000,
2016-06-28,33.0,33.20000076293945,32.880001068115234,33.18000030517578,26.649839401245117,68332900,
2016-06-29,33.81999969482422,34.02000045776367,33.7599983215332,34.02000045776367,27.324520111083984,82587300,
2016-06-30,34.16999816894531,34.45000076293945,34.0099983215332,34.36000061035156,27.597606658935547,92761700,
2016-07-01,34.619998931884766,34.75,34.540000915527344,34.689998626708984,27.862655639648438,66514800,
2016-07-05,34.209999084472656,34.2400016784668,33.900001525878906,33.95000076293945,27.268291473388672,63420200,
2016-07-06,33.4900016784668,33.86000061035156,33.33000183105469,33.86000061035156,27.196008682250977,61084500,
2016-07-07,34.02000045776367,34.119998931884766,33.66999816894531,33.77000045776367,27.123727798461914,49586800,
2016-07-08,34.150001525878906,34.5099983215332,34.11000061035156,34.5,27.710050582885742,74907900,
2016-07-11,34.790000915527344,34.95000076293945,34.77000045776367,34.83000183105469,27.975101470947266,70202000,
2016-07-12,35.290000915527344,35.43000030517578,35.189998626708984,35.31999969482422,28.36865997314453,89275200,
2016-07-13,35.33000183105469,35.349998474121094,35.029998779296875,35.2599983215332,28.320470809936523,62034300,
2016-07-14,35.650001525878906,35.869998931884766,35.56999969482422,35.77000045776367,28.7300968170166,99969200,
2016-07-15,35.7400016784668,35.77000045776367,35.54999923706055,35.689998626708984,28.665849685668945,82124300,
2016-07-18,35.58000183105469,36.02000045776367,35.58000183105469,36.0099983215332,28.922863006591797,75861700,
2016-07-19,35.689998626708984,35.7599983215332,35.52000045776367,35.63999938964844,28.625688552856445,54832700,
2016-07-20,35.720001220703125,35.900001525878906,35.619998931884766,35.81999969482422,28.770265579223633,48091500,
2016-07-21,35.7400016784668,35.88999938964844,35.61000061035156,35.709999084472656,28.681907653808594,56354300,
2016-07-22,35.83000183105469,35.97999954223633,35.720001220703125,35.970001220703125,28.890737533569336,45498600,
2016-07-25,35.84000015258789,35.849998474121094,35.58000183105469,35.61000061035156,28.601591110229492,44174100,
2016-07-26,35.810001373291016,35.959999084472656,35.7599983215332,35.88999938964844,28.826494216918945,63593800,
2016-07-27,35.95000076293945,36.119998931884766,35.650001525878906,36.0099983215332,28.922863006591797,67888600,
2016-07-28,35.95000076293945,36.02000045776367,35.790000915527344,36.02000045776367,28.93090057373047,45590000,
2016-07-29,36.029998779296875,36.25,35.869998931884766,36.209999084472656,29.083499908447266,85265700,
2016-08-01,36.29999923706055,36.36000061035156,36.09000015258789,36.13999938964844,29.02728271484375,57794000,
2016-08-02,36.08000183105469,36.16999816894531,35.619998931884766,35.880001068115234,28.818450927734375,81854600,
2016-08-03,35.630001068115234,36.02000045776367,35.54999923706055,36.0,28.91483497619629,42844900,
2016-08-04,36.099998474121094,36.349998474121094,36.02000045776367,36.20000076293945,29.075469970703125,70532500,
2016-08-05,36.459999084472656,36.65999984741211,36.36000061035156,36.619998931884766,29.412809371948242,55760000,
2016-08-08,36.86000061035156,36.959999084472656,36.81999969482422,36.880001068115234,29.621639251708984,43636800,
2016-08-09,37.02000045776367,37.279998779296875,37.0099983215332,37.130001068115234,29.82244110107422,65823600,
2016-08-10,37.31999969482422,37.34000015258789,37.029998779296875,37.13999938964844,29.830474853515625,59111700,
2016-08-11,37.290000915527344,37.63999938964844,37.2400016784668,37.619998931884766,30.216007232666016,82544300,
2016-08-12,37.5,37.599998474121094,37.33000183105469,37.47999954223633,30.10355567932129,54790400,
2016-08-15,37.7599983215332,37.97999954223633,37.75,37.869998931884766,30.416793823242188,55160100,
2016-08-16,37.790000915527344,37.790000915527344,37.56999969482422,37.70000076293945,30.280256271362305,62084000,
2016-08-17,37.40999984741211,37.560001373291016,37.099998474121094,37.459999084472656,30.08749008178711,106432500,
2016-08-18,37.70000076293945,37.83000183105469,37.599998474121094,37.810001373291016,30.368614196777344,63045700,
2016-08-19,37.400001525878906,37.630001068115234,37.2400016784668,37.599998474121094,30.19993782043457,63995700,
2016-08-22,37.25,37.25,36.9900016784668,37.099998474121094,29.7983455657959,62902100,
2016-08-23,37.41999816894531,37.5,36.91999816894531,36.95000076293945,29.677865982055664,72475000,
2016-08-24,36.88999938964844,37.099998474121094,36.81999969482422,37.04999923706055,29.758174896240234,75080700,
2016-08-25,36.90999984741211,37.099998474121094,36.90999984741211,37.08000183105469,29.782278060913086,56434300,
2016-08-26,37.15999984741211,37.54999923706055,36.470001220703125,36.7599983215332,29.525259017944336,178796200,
2016-08-29,36.7599983215332,37.09000015258789,36.7400016784668,37.040000915527344,29.750154495239258,49578800,
2016-08-30,37.09000015258789,37.220001220703125,36.880001068115234,36.939998626708984,29.669832229614258,48196900,
2016-08-31,36.75,36.790000915527344,36.41999816894531,36.529998779296875,29.34052085876465,98943200,
2016-09-01,36.56999969482422,36.810001373291016,36.47999954223633,36.810001373291016,29.5654239654541,67120400,
2016-09-02,37.310001373291016,37.43000030517578,37.150001525878906,37.40999984741211,30.047332763671875,88393000,
2016-09-06,37.90999984741211,38.2400016784668,37.83000183105469,38.209999084472656,30.68988609313965,108573800,
2016-09-07,38.220001220703125,38.2400016784668,38.0099983215332,38.09000015258789,30.593502044677734,58618800,
2016-09-08,38.099998474121094,38.209999084472656,37.900001525878906,37.9900016784668,30.51318359375,73367300,
2016-09-09,37.400001525878906,37.40999984741211,36.689998626708984,36.709999084472656,29.48509407043457,124082600,
2016-09-12,36.209999084472656,37.099998474121094,36.13999938964844,36.959999084472656,29.68589210510254,119811600,
2016-09-13,36.40999984741211,36.54999923706055,35.849998474121094,36.029998779296875,28.938928604125977,160782500,
2016-09-14,36.150001525878906,36.540000915527344,36.119998931884766,36.13999938964844,29.02728271484375,90163100,
2016-09-15,36.400001525878906,36.849998474121094,36.2400016784668,36.7599983215332,29.525259017944336,87331100,
2016-09-16,36.459999084472656,36.560001373291016,36.16999816894531,36.5099983215332,29.32445526123047,92612000,
2016-09-19,36.970001220703125,37.099998474121094,36.7400016784668,36.79999923706055,29.557388305664062,55874700,
2016-09-20,37.09000015258789,37.09000015258789,36.810001373291016,36.81999969482422,29.573444366455078,48531200,
2016-09-21,37.18000030517578,37.900001525878906,37.06999969482422,37.849998474121094,30.40073585510254,123874800,
2016-09-22,38.18000030517578,38.31999969482422,37.97999954223633,38.119998931884766,30.617597579956055,73865400,
2016-09-23,37.810001373291016,37.90999984741211,37.61000061035156,37.630001068115234,30.22403907775879,56201900,
2016-09-26,37.290000915527344,37.380001068115234,37.08000183105469,37.08000183105469,29.782278060913086,47253900,
2016-09-27,37.349998474121094,37.61000061035156,37.189998626708984,37.61000061035156,30.207971572875977,60877300,
2016-09-28,37.66999816894531,37.97999954223633,37.33000183105469,37.95000076293945,30.481056213378906,82411300,
2016-09-29,37.75,37.849998474121094,37.18000030517578,37.290000915527344,29.95094108581543,74659100,
2016-09-30,37.459999084472656,37.59000015258789,37.279998779296875,37.45000076293945,30.079456329345703,85539100,
2016-10-03,37.529998779296875,37.779998779296875,37.380001068115234,37.709999084472656,30.288288116455078,77690300,
2016-10-04,37.72999954223633,37.81999969482422,37.16999816894531,37.290000915527344,29.95094108581543,95339800,
2016-10-05,37.66999816894531,37.880001068115234,37.54999923706055,37.83000183105469,30.384674072265625,61950100,
2016-10-06,37.630001068115234,37.88999938964844,37.540000915527344,37.86000061035156,30.408769607543945,45429700,
2016-10-07,37.90999984741211,37.959999084472656,37.400001525878906,37.689998626708984,30.272220611572266,77792800,
2016-10-10,37.939998626708984,38.189998626708984,37.880001068115234,38.099998474121094,30.601531982421875,56113700,
2016-10-11,37.439998626708984,37.459999084472656,37.029998779296875,37.220001220703125,29.89472198486328,79646900,
2016-10-12,37.099998474121094,37.279998779296875,36.97999954223633,37.150001525878906,29.83850860595703,48482900,
2016-10-13,36.58000183105469,36.959999084472656,36.380001068115234,36.81999969482422,29.573444366455078,67497300,
2016-10-14,37.130001068115234,37.209999084472656,36.810001373291016,36.880001068115234,29.621639251708984,54235800,
2016-10-17,36.83000183105469,36.97999954223633,36.79999923706055,36.84000015258789,29.589513778686523,37742300,
2016-10-18,37.470001220703125,37.560001373291016,37.34000015258789,37.4900016784668,30.111581802368164,50174900,
2016-10-19,37.66999816894531,37.79999923706055,37.529998779296875,37.720001220703125,30.296321868896484,49171200,
2016-10-20,37.59000015258789,37.77000045776367,37.470001220703125,37.61000061035156,30.207971572875977,55283900,
2016-10-21,37.38999938964844,37.630001068115234,37.34000015258789,37.599998474121094,30.19993782043457,33058500,
2016-10-24,37.900001525878906,37.93000030517578,37.65999984741211,37.7599983215332,30.328447341918945,28142200,
2016-10-25,37.72999954223633,37.869998931884766,37.66999816894531,37.79999923706055,30.360578536987305,32233900,
2016-10-26,37.380001068115234,37.58000183105469,37.279998779296875,37.400001525878906,30.039306640625,50715500,
2016-10-27,37.43000030517578,37.43000030517578,37.04999923706055,37.08000183105469,29.782278060913086,47287000,
2016-10-28,37.119998931884766,37.279998779296875,36.75,36.93000030517578,29.66179847717285,69558100,
2016-10-31,37.099998474121094,37.27000045776367,37.04999923706055,37.13999938964844,29.830474853515625,60365100,
2016-11-01,37.279998779296875,37.290000915527344,36.54999923706055,36.84000015258789,29.589513778686523,90113200,
2016-11-02,36.70000076293945,36.79999923706055,36.22999954223633,36.400001525878906,29.23611068725586,82319300,
2016-11-03,36.439998626708984,36.54999923706055,36.16999816894531,36.29999923706055,29.155792236328125,67403000,
2016-11-04,36.0099983215332,36.18000030517578,35.880001068115234,35.93000030517578,28.858617782592773,78558900,
2016-11-07,36.810001373291016,37.27000045776367,36.75,37.22999954223633,29.90276336669922,85341300,
2016-11-08,37.22999954223633,37.66999816894531,36.970001220703125,37.470001220703125,30.09552001953125,83963300,
2016-11-09,36.34000015258789,36.689998626708984,36.09000015258789,36.25,29.11563491821289,193443900,
2016-11-10,35.91999816894531,36.04999923706055,35.040000915527344,35.220001220703125,28.288354873657227,206490900,
2016-11-11,34.54999923706055,34.84000015258789,34.119998931884766,34.54999923706055,27.750211715698242,182114700,
2016-11-14,34.31999969482422,34.5,34.029998779296875,34.29999923706055,27.549406051635742,107881600,
2016-11-15,34.56999969482422,35.04999923706055,34.54999923706055,34.9900016784668,28.103618621826172,89937000,
2016-11-16,34.58000183105469,34.790000915527344,34.52000045776367,34.70000076293945,27.87068748474121,65387900,
2016-11-17,34.81999969482422,35.02000045776367,34.689998626708984,34.75,27.91084861755371,80829200,
2016-11-18,34.81999969482422,34.88999938964844,34.56999969482422,34.59000015258789,27.782339096069336,51490500,
2016-11-21,34.900001525878906,35.029998779296875,34.83000183105469,34.93000030517578,28.055419921875,45251800,
2016-11-22,35.439998626708984,35.47999954223633,35.20000076293945,35.459999084472656,28.481117248535156,61503100,
2016-11-23,34.959999084472656,35.130001068115234,34.880001068115234,35.08000183105469,28.1758975982666,43495600,
2016-11-25,35.279998779296875,35.310001373291016,35.20000076293945,35.25,28.312442779541016,28572700,
2016-11-28,35.38999938964844,35.529998779296875,35.349998474121094,35.38999938964844,28.424894332885742,50953000,
2016-11-29,35.279998779296875,35.54999923706055,35.2400016784668,35.439998626708984,28.465051651000977,36457700,
2016-11-30,35.599998474121094,35.650001525878906,35.47999954223633,35.5,28.513242721557617,86930300,
2016-12-01,35.400001525878906,35.47999954223633,35.06999969482422,35.08000183105469,28.1758975982666,80947500,
2016-12-02,35.08000183105469,35.290000915527344,35.060001373291016,35.119998931884766,28.208026885986328,58727500,
2016-12-05,35.290000915527344,35.439998626708984,35.27000045776367,35.40999984741211,28.440954208374023,53275100,
2016-12-06,35.52000045776367,35.61000061035156,35.43000030517578,35.599998474121094,28.59355926513672,48356900,
2016-12-07,35.81999969482422,36.2400016784668,35.7599983215332,36.20000076293945,29.075469970703125,61773300,
2016-12-08,36.099998474121094,36.40999984741211,36.08000183105469,36.36000061035156,29.20398712158203,60291800,
2016-12-09,36.13999938964844,36.279998779296875,36.06999969482422,36.16999816894531,29.051376342773438,60173400,
2016-12-12,35.970001220703125,36.099998474121094,35.83000183105469,35.93000030517578,28.858617782592773,40766300,
2016-12-13,36.13999938964844,36.40999984741211,36.130001068115234,36.33000183105469,29.179887771606445,48943200,
2016-12-14,36.040000915527344,36.16999816894531,35.2400016784668,35.25,28.312442779541016,95190000,
2016-12-15,35.27000045776367,35.45000076293945,35.16999816894531,35.310001373291016,28.360637664794922,68897000,
2016-12-16,35.22999954223633,35.34000015258789,35.04999923706055,35.150001525878906,28.23212242126465,75471100,
2016-12-19,35.16999816894531,35.18000030517578,34.90999984741211,34.90999984741211,28.03936004638672,45241700,
2016-12-20,35.0099983215332,35.099998474121094,34.939998626708984,35.029998779296875,28.135744094848633,39157800,
2016-12-21,34.689998626708984,34.70000076293945,34.459999084472656,34.4900016784668,28.018762588500977,52040600,"{""dividend_amount"": 0.396}"
2016-12-22,34.119998931884766,34.13999938964844,33.939998626708984,34.08000183105469,27.68568229675293,48802800,
2016-12-23,34.11000061035156,34.279998779296875,34.08000183105469,34.279998779296875,27.84815788269043,32062900,
2016-12-27,34.36000061035156,34.470001220703125,34.349998474121094,34.43000030517578,27.970016479492188,25959900,
2016-12-28,34.720001220703125,34.7599983215332,34.599998474121094,34.689998626708984,28.18123435974121,33745600,
2016-12-29,35.040000915527344,35.29999923706055,35.02000045776367,35.2599983215332,28.644285202026367,48465500,
2016-12-30,35.25,35.27000045776367,34.90999984741211,35.0099983215332,28.441194534301758,60515600,
2017-01-03,35.38999938964844,35.650001525878906,35.29999923706055,35.43000030517578,28.78239631652832,64483700,
2017-01-04,35.630001068115234,35.77000045776367,35.61000061035156,35.70000076293945,29.001733779907227,83072600,
2017-01-05,35.959999084472656,36.150001525878906,35.939998626708984,36.09000015258789,29.318546295166016,60303200,
2017-01-06,35.970001220703125,36.0,35.84000015258789,35.939998626708984,29.196701049804688,33132200,
2017-01-09,35.91999816894531,36.0,35.869998931884766,35.90999984741211,29.172334671020508,33950800,
2017-01-10,36.130001068115234,36.31999969482422,36.099998474121094,36.119998931884766,29.342926025390625,46621700,
2017-01-11,36.189998626708984,36.58000183105469,36.04999923706055,36.54999923706055,29.692243576049805,92509300,
2017-01-12,36.70000076293945,36.709999084472656,36.52000045776367,36.709999084472656,29.822229385375977,38318100,
2017-01-13,36.56999969482422,36.709999084472656,36.529998779296875,36.68000030517578,29.797866821289062,35242000,
2017-01-17,36.599998474121094,36.720001220703125,36.54999923706055,36.65999984741211,29.781606674194336,38367000,
2017-01-18,36.68000030517578,36.689998626708984,36.38999938964844,36.459999084472656,29.61913299560547,37054200,
2017-01-19,36.470001220703125,36.47999954223633,36.20000076293945,36.349998474121094,29.52977752685547,52877000,
2017-01-20,36.38999938964844,36.470001220703125,36.220001220703125,36.41999816894531,29.586639404296875,59295600,
2017-01-23,36.66999816894531,36.970001220703125,36.650001525878906,36.959999084472656,30.025327682495117,51401800,
2017-01-24,37.119998931884766,37.33000183105469,37.099998474121094,37.189998626708984,30.2121639251709,45519900,
2017-01-25,37.45000076293945,37.619998931884766,37.36000061035156,37.599998474121094,30.54523277282715,42660800,
2017-01-26,37.59000015258789,37.599998474121094,37.40999984741211,37.439998626708984,30.415264129638672,43300100,
2017-01-27,37.439998626708984,37.52000045776367,37.31999969482422,37.470001220703125,30.439640045166016,30457500,
2017-01-30,37.20000076293945,37.279998779296875,37.11000061035156,37.27000045776367,30.27716064453125,34712000,
2017-01-31,37.310001373291016,37.40999984741211,37.20000076293945,37.34000015258789,30.334030151367188,67258600,
2017-02-01,37.4900016784668,37.560001373291016,37.2599983215332,37.36000061035156,30.350282669067383,54321500,
2017-02-02,37.47999954223633,37.560001373291016,37.41999816894531,37.52000045776367,30.480257034301758,26814000,
2017-02-03,37.68000030517578,37.81999969482422,37.599998474121094,37.75,30.667095184326172,34305200,
2017-02-06,37.709999084472656,37.75,37.630001068115234,37.65999984741211,30.5939884185791,30250100,
2017-02-07,37.58000183105469,37.619998931884766,37.43000030517578,37.470001220703125,30.439640045166016,31693700,
2017-02-08,37.4900016784668,37.7400016784668,37.47999954223633,37.70000076293945,30.626474380493164,37862900,
2017-02-09,37.70000076293945,37.939998626708984,37.70000076293945,37.869998931884766,30.76458168029785,38286700,
2017-02-10,37.959999084472656,38.220001220703125,37.939998626708984,38.220001220703125,31.048919677734375,38798700,
2017-02-13,38.220001220703125,38.380001068115234,38.209999084472656,38.34000015258789,31.14639663696289,34007000,
2017-02-14,38.34000015258789,38.380001068115234,38.029998779296875,38.380001068115234,31.17890167236328,55327300,
2017-02-15,38.38999938964844,38.709999084472656,38.349998474121094,38.689998626708984,31.43073081970215,49527300,
2017-02-16,38.72999954223633,38.72999954223633,38.52000045776367,38.54999923706055,31.316991806030273,42986800,
2017-02-17,38.25,38.400001525878906,38.220001220703125,38.38999938964844,31.187021255493164,54880700,
2017-02-21,38.630001068115234,38.81999969482422,38.59000015258789,38.810001373291016,31.52821159362793,42603700,
2017-02-22,38.75,38.93000030517578,38.72999954223633,38.93000030517578,31.625694274902344,39083500,
2017-02-23,39.130001068115234,39.150001525878906,38.880001068115234,38.939998626708984,31.633821487426758,46763100,
2017-02-24,38.470001220703125,38.560001373291016,38.41999816894531,38.47999954223633,31.26012420654297,44575100,
2017-02-27,38.369998931884766,38.47999954223633,38.27000045776367,38.36000061035156,31.162647247314453,53625500,
2017-02-28,38.31999969482422,38.33000183105469,37.97999954223633,37.9900016784668,30.862071990966797,71508900,
2017-03-01,38.29999923706055,38.599998474121094,38.279998779296875,38.58000183105469,31.341371536254883,93966300,
2017-03-02,38.20000076293945,38.27000045776367,37.88999938964844,37.900001525878906,30.788951873779297,63518000,
2017-03-03,38.08000183105469,38.22999954223633,37.959999084472656,38.189998626708984,31.024547576904297,54969900,
2017-03-06,38.25,38.2599983215332,38.09000015258789,38.209999084472656,31.040788650512695,30455800,
2017-03-07,38.33000183105469,38.349998474121094,38.18000030517578,38.25,31.073284149169922,43470400,
2017-03-08,38.15999984741211,38.220001220703125,37.86000061035156,37.88999938964844,30.78083038330078,60587000,
2017-03-09,37.70000076293945,37.7599983215332,37.38999938964844,37.59000015258789,30.537120819091797,64159100,
2017-03-10,37.88999938964844,38.0099983215332,37.79999923706055,38.0099983215332,30.878307342529297,45184900,
2017-03-13,38.40999984741211,38.56999969482422,38.369998931884766,38.540000915527344,31.308879852294922,42405900,
2017-03-14,38.41999816894531,38.470001220703125,38.290000915527344,38.31999969482422,31.130151748657227,56600300,
2017-03-15,38.52000045776367,39.38999938964844,38.40999984741211,39.31999969482422,31.942527770996094,124080900,
2017-03-16,39.599998474121094,39.650001525878906,39.439998626708984,39.560001373291016,32.13749694824219,137911800,
2017-03-17,39.599998474121094,39.619998931884766,39.459999084472656,39.4900016784668,32.080623626708984,68267900,
2017-03-20,39.7400016784668,40.060001373291016,39.68000030517578,39.95000076293945,32.45432662963867,70310000,
2017-03-21,40.150001525878906,40.22999954223633,39.47999954223633,39.5099983215332,32.09687042236328,71712900,
2017-03-22,39.47999954223633,39.790000915527344,39.380001068115234,39.70000076293945,32.251224517822266,70134100,
2017-03-23,39.560001373291016,39.849998474121094,39.54999923706055,39.709999084472656,32.25933837890625,53877500,
2017-03-24,39.68000030517578,39.880001068115234,39.66999816894531,39.810001373291016,32.3405876159668,68871400,
2017-03-27,39.54999923706055,39.77000045776367,39.43000030517578,39.70000076293945,32.251224517822266,52896700,
2017-03-28,39.66999816894531,39.93000030517578,39.66999816894531,39.810001373291016,32.3405876159668,51799000,
2017-03-29,39.720001220703125,39.90999984741211,39.63999938964844,39.880001068115234,32.397457122802734,36857000,
2017-03-30,39.720001220703125,39.84000015258789,39.63999938964844,39.66999816894531,32.22685241699219,33282500,
2017-03-31,39.41999816894531,39.47999954223633,39.310001373291016,39.38999938964844,31.9993896484375,94971500,
2017-04-03,39.5099983215332,39.650001525878906,39.369998931884766,39.61000061035156,32.1781005859375,60048300,
2017-04-04,39.529998779296875,39.689998626708984,39.459999084472656,39.630001068115234,32.194358825683594,44136500,
2017-04-05,39.79999923706055,39.900001525878906,39.4900016784668,39.5099983215332,32.09687042236328,44099200,
2017-04-06,39.470001220703125,39.540000915527344,39.31999969482422,39.439998626708984,32.040008544921875,35544800,
2017-04-07,39.36000061035156,39.54999923706055,39.33000183105469,39.369998931884766,31.983135223388672,40355800,
2017-04-10,39.220001220703125,39.2599983215332,39.09000015258789,39.209999084472656,31.853160858154297,33853800,
2017-04-11,39.20000076293945,39.25,38.88999938964844,39.119998931884766,31.78005027770996,46002800,
2017-04-12,39.290000915527344,39.31999969482422,39.06999969482422,39.310001373291016,31.93440818786621,55149100,
2017-04-13,39.400001525878906,39.5,39.130001068115234,39.13999938964844,31.796293258666992,48182500,
2017-04-17,39.31999969482422,39.54999923706055,39.2599983215332,39.54999923706055,32.12937545776367,29862300,
2017-04-18,39.099998474121094,39.2400016784668,38.959999084472656,39.04999923706055,31.723188400268555,50889200,
2017-04-19,39.150001525878906,39.15999984741211,38.709999084472656,38.810001373291016,31.52821159362793,58751100,
2017-04-20,39.22999954223633,39.29999923706055,39.11000061035156,39.290000915527344,31.91815757751465,46722900,
2017-04-21,39.29999923706055,39.349998474121094,39.220001220703125,39.290000915527344,31.91815757751465,32949500,
2017-04-24,39.869998931884766,39.93000030517578,39.75,39.849998474121094,32.373077392578125,63549800,
2017-04-25,40.13999938964844,40.310001373291016,40.099998474121094,40.20000076293945,32.65741729736328,50957400,
2017-04-26,40.130001068115234,40.25,40.0,40.04999923706055,32.535560607910156,56452000,
2017-04-27,40.130001068115234,40.13999938964844,39.880001068115234,40.0,32.49494552612305,42298100,
2017-04-28,40.040000915527344,40.130001068115234,39.93000030517578,40.060001373291016,32.54367446899414,56635400,
2017-05-01,40.2400016784668,40.400001525878906,40.150001525878906,40.290000915527344,32.73053741455078,41171000,
2017-05-02,40.459999084472656,40.630001068115234,40.40999984741211,40.58000183105469,32.96611785888672,55325500,
2017-05-03,40.40999984741211,40.45000076293945,40.20000076293945,40.310001373291016,32.74678039550781,58336100,
2017-05-04,40.09000015258789,40.11000061035156,39.83000183105469,39.86000061035156,32.38119888305664,81078300,
2017-05-05,39.79999923706055,40.189998626708984,39.790000915527344,40.189998626708984,32.64928436279297,52581000,
2017-05-08,40.29999923706055,40.400001525878906,40.150001525878906,40.18000030517578,32.641170501708984,35951500,
2017-05-09,40.4900016784668,40.810001373291016,40.459999084472656,40.689998626708984,33.055477142333984,70127300,
2017-05-10,40.810001373291016,40.959999084472656,40.7599983215332,40.959999084472656,33.274818420410156,47629100,
2017-05-11,41.0099983215332,41.119998931884766,40.810001373291016,41.04999923706055,33.34792709350586,37366100,
2017-05-12,41.11000061035156,41.2599983215332,41.099998474121094,41.220001220703125,33.48603439331055,65418200,
2017-05-15,41.43000030517578,41.65999984741211,41.400001525878906,41.63999938964844,33.827232360839844,52561000,
2017-05-16,41.61000061035156,41.70000076293945,41.529998779296875,41.68000030517578,33.85972595214844,41936300,
2017-05-17,41.31999969482422,41.369998931884766,40.95000076293945,40.970001220703125,33.28293991088867,63287300,
2017-05-18,39.97999954223633,40.650001525878906,39.81999969482422,40.290000915527344,32.73053741455078,121234700,
2017-05-19,40.880001068115234,41.22999954223633,40.869998931884766,41.150001525878906,33.42916488647461,63742000,
2017-05-22,41.189998626708984,41.31999969482422,41.150001525878906,41.189998626708984,33.46166229248047,46357500,
2017-05-23,41.220001220703125,41.279998779296875,41.119998931884766,41.22999954223633,33.49415969848633,39495600,
2017-05-24,41.2400016784668,41.459999084472656,41.20000076293945,41.38999938964844,33.62413787841797,48549600,
2017-05-25,41.61000061035156,41.72999954223633,41.5099983215332,41.59000015258789,33.78661346435547,39606900,
2017-05-26,41.66999816894531,41.7599983215332,41.630001068115234,41.7400016784668,33.908470153808594,31372700,
2017-05-30,41.5099983215332,41.58000183105469,41.439998626708984,41.52000045776367,33.729740142822266,35122800,
2017-05-31,41.52000045776367,41.52000045776367,41.130001068115234,41.20000076293945,33.46978759765625,80159500,
2017-06-01,41.310001373291016,41.560001373291016,41.209999084472656,41.54999923706055,33.75411605834961,46802100,
2017-06-02,41.70000076293945,41.790000915527344,41.599998474121094,41.7599983215332,33.92470932006836,43699200,
2017-06-05,41.75,41.849998474121094,41.66999816894531,41.709999084472656,33.88409423828125,39245500,
2017-06-06,41.65999984741211,41.81999969482422,41.63999938964844,41.72999954223633,33.90034103393555,34184900,
2017-06-07,41.599998474121094,41.7599983215332,41.45000076293945,41.68000030517578,33.85972595214844,34745400,
2017-06-08,41.959999084472656,41.97999954223633,41.77000045776367,41.93000030517578,34.06281661987305,48941400,
2017-06-09,41.959999084472656,42.040000915527344,41.380001068115234,41.61000061035156,33.802852630615234,73660800,
2017-06-12,41.369998931884766,41.40999984741211,41.189998626708984,41.38999938964844,33.62413787841797,52374200,
2017-06-13,41.61000061035156,41.63999938964844,41.45000076293945,41.59000015258789,33.78661346435547,38327800,
2017-06-14,41.900001525878906,41.91999816894531,41.439998626708984,41.58000183105469,33.77849197387695,70500400,
2017-06-15,41.08000183105469,41.16999816894531,40.900001525878906,41.150001525878906,33.42916488647461,87660700,
2017-06-16,41.2400016784668,41.290000915527344,41.040000915527344,41.220001220703125,33.48603439331055,53875900,
2017-06-19,41.470001220703125,41.70000076293945,41.439998626708984,41.630001068115234,33.81911087036133,68181200,
2017-06-20,41.31999969482422,41.33000183105469,40.95000076293945,40.97999954223633,33.4453125,71372000,"{""dividend_amount"": 0.192}"
2017-06-21,41.16999816894531,41.27000045776367,41.0,41.06999969482422,33.51877212524414,54840400,
2017-06-22,41.290000915527344,41.45000076293945,41.189998626708984,41.279998779296875,33.690155029296875,50400700,
2017-06-23,41.349998474121094,41.58000183105469,41.31999969482422,41.5,33.86970901489258,46141200,
2017-06-26,41.88999938964844,42.0099983215332,41.7599983215332,41.900001525878906,34.196163177490234,44381000,
2017-06-27,41.900001525878906,41.900001525878906,41.400001525878906,41.40999984741211,33.79625701904297,54898400,
2017-06-28,41.529998779296875,41.77000045776367,41.43000030517578,41.72999954223633,34.057411193847656,33600800,
2017-06-29,41.529998779296875,41.540000915527344,40.91999816894531,41.20000076293945,33.6248664855957,66218700,
2017-06-30,41.45000076293945,41.56999969482422,41.36000061035156,41.38999938964844,33.779930114746094,76054300,
2017-07-03,41.619998931884766,41.7599983215332,41.540000915527344,41.630001068115234,33.97580337524414,38427000,
2017-07-05,41.38999938964844,41.56999969482422,41.189998626708984,41.54999923706055,33.91051483154297,49491000,
2017-07-06,41.25,41.33000183105469,40.9900016784668,41.04999923706055,33.502437591552734,48464800,
2017-07-07,41.15999984741211,41.22999954223633,40.95000076293945,41.130001068115234,33.5677375793457,69254100,
2017-07-10,41.27000045776367,41.54999923706055,41.25,41.52000045776367,33.88603591918945,38230800,
2017-07-11,41.7400016784668,41.90999984741211,41.619998931884766,41.86000061035156,34.163509368896484,41916900,
2017-07-12,42.45000076293945,42.7599983215332,42.41999816894531,42.66999816894531,34.8245964050293,80106600,
2017-07-13,42.7400016784668,42.900001525878906,42.70000076293945,42.880001068115234,34.995975494384766,38698800,
2017-07-14,43.16999816894531,43.45000076293945,43.150001525878906,43.41999816894531,35.436683654785156,51171300,
2017-07-17,43.25,43.279998779296875,43.130001068115234,43.220001220703125,35.273468017578125,44288000,
2017-07-18,43.13999938964844,43.38999938964844,43.08000183105469,43.349998474121094,35.37956619262695,49195500,
2017-07-19,43.349998474121094,43.79999923706055,43.349998474121094,43.709999084472656,35.67337417602539,37949700,
2017-07-20,43.75,43.7599983215332,43.560001373291016,43.65999984741211,35.632564544677734,35990000,
2017-07-21,43.66999816894531,43.68000030517578,43.5099983215332,43.630001068115234,35.60808181762695,34217900,
2017-07-24,43.81999969482422,43.81999969482422,43.630001068115234,43.7599983215332,35.71417999267578,37613800,
2017-07-25,43.810001373291016,43.869998931884766,43.63999938964844,43.650001525878906,35.6244010925293,37103900,
2017-07-26,43.720001220703125,44.060001373291016,43.65999984741211,44.0099983215332,35.918209075927734,49001700,
2017-07-27,44.150001525878906,44.15999984741211,43.459999084472656,43.77000045776367,35.722347259521484,61916500,
2017-07-28,43.61000061035156,43.7599983215332,43.5,43.75,35.706016540527344,46072600,
2017-07-31,43.84000015258789,43.84000015258789,43.68000030517578,43.79999923706055,35.746826171875,60833500,
2017-08-01,44.0,44.029998779296875,43.880001068115234,43.93000030517578,35.8529167175293,37138400,
2017-08-02,44.0099983215332,44.04999923706055,43.7400016784668,43.970001220703125,35.88557052612305,29234800,
2017-08-03,43.7599983215332,43.790000915527344,43.56999969482422,43.790000915527344,35.738670349121094,45351400,
2017-08-04,43.88999938964844,43.97999954223633,43.689998626708984,43.95000076293945,35.86924743652344,48442700,
2017-08-07,44.11000061035156,44.279998779296875,44.08000183105469,44.25,36.11408615112305,23791100,
2017-08-08,44.369998931884766,44.58000183105469,44.20000076293945,44.2599983215332,36.12224197387695,33793700,
2017-08-09,43.75,43.88999938964844,43.630001068115234,43.86000061035156,35.79579544067383,29007400,
2017-08-10,43.4900016784668,43.5,42.79999923706055,42.81999969482422,34.94701385498047,104326500,
2017-08-11,42.869998931884766,43.099998474121094,42.720001220703125,42.91999816894531,35.02861785888672,52964600,
2017-08-14,43.38999938964844,43.56999969482422,43.310001373291016,43.36000061035156,35.387718200683594,37340400,
2017-08-15,43.33000183105469,43.439998626708984,43.2400016784668,43.40999984741211,35.42852783203125,29467800,
2017-08-16,43.77000045776367,43.88999938964844,43.709999084472656,43.86000061035156,35.79579544067383,43356300,
2017-08-17,43.7599983215332,43.83000183105469,43.2400016784668,43.29999923706055,35.3387565612793,65838600,
2017-08-18,43.470001220703125,43.849998474121094,43.290000915527344,43.66999816894531,35.64072799682617,67014400,
2017-08-21,43.77000045776367,43.91999816894531,43.66999816894531,43.83000183105469,35.771305084228516,27756400,
2017-08-22,44.13999938964844,44.380001068115234,44.099998474121094,44.31999969482422,36.17120361328125,30935800,
2017-08-23,44.2400016784668,44.56999969482422,44.209999084472656,44.529998779296875,36.34259796142578,48383900,
2017-08-24,44.72999954223633,44.77000045776367,44.529998779296875,44.66999816894531,36.45685958862305,52141700,
2017-08-25,44.91999816894531,45.06999969482422,44.84000015258789,44.93000030517578,36.6690559387207,55530900,
2017-08-28,44.90999984741211,44.90999984741211,44.68000030517578,44.77000045776367,36.538482666015625,37424900,
2017-08-29,44.77000045776367,44.77000045776367,44.2599983215332,44.689998626708984,36.47318649291992,45507800,
2017-08-30,44.630001068115234,44.790000915527344,44.599998474121094,44.7599983215332,36.53031921386719,46687600,
2017-08-31,44.77000045776367,44.93000030517578,44.720001220703125,44.83000183105469,36.58744812011719,62118300,
2017-09-01,45.0099983215332,45.18000030517578,44.95000076293945,45.15999984741211,36.85676574707031,55195500,
2017-09-05,44.810001373291016,44.900001525878906,44.34000015258789,44.56999969482422,36.375244140625,49130500,
2017-09-06,44.7400016784668,44.90999984741211,44.66999816894531,44.86000061035156,36.61193084716797,44733800,
2017-09-07,45.08000183105469,45.189998626708984,45.02000045776367,45.189998626708984,36.88125228881836,39114300,
2017-09-08,45.119998931884766,45.130001068115234,44.810001373291016,44.88999938964844,36.636409759521484,41973600,
2017-09-11,45.2599983215332,45.52000045776367,45.25,45.4900016784668,37.1260986328125,45287800,
2017-09-12,45.4900016784668,45.529998779296875,45.369998931884766,45.439998626708984,37.08528518676758,49495000,
2017-09-13,45.2599983215332,45.33000183105469,45.099998474121094,45.20000076293945,36.88941955566406,54758700,
2017-09-14,45.09000015258789,45.34000015258789,45.04999923706055,45.31999969482422,36.98735427856445,36057900,
2017-09-15,45.400001525878906,45.650001525878906,45.310001373291016,45.59000015258789,37.20771026611328,47816300,
2017-09-18,45.880001068115234,45.959999084472656,45.689998626708984,45.75,37.338294982910156,37633400,
2017-09-19,45.779998779296875,45.86000061035156,45.63999938964844,45.849998474121094,37.41990661621094,63741000,
2017-09-20,45.869998931884766,45.939998626708984,45.209999084472656,45.63999938964844,37.24851989746094,78810000,
2017-09-21,45.63999938964844,45.790000915527344,45.540000915527344,45.63999938964844,37.24851989746094,32668200,
2017-09-22,45.38999938964844,45.470001220703125,45.310001373291016,45.380001068115234,37.036319732666016,39264300,
2017-09-25,45.0,45.0,44.439998626708984,44.61000061035156,36.40789031982422,85660600,
2017-09-26,44.70000076293945,44.7599983215332,44.41999816894531,44.4900016784668,36.309959411621094,62892900,
2017-09-27,44.36000061035156,44.45000076293945,44.09000015258789,44.33000183105469,36.17938995361328,80084700,
2017-09-28,44.099998474121094,44.36000061035156,44.09000015258789,44.29999923706055,36.15488815307617,54957600,
2017-09-29,44.63999938964844,44.91999816894531,44.54999923706055,44.810001373291016,36.57112503051758,70546800,
2017-10-02,44.810001373291016,45.029998779296875,44.790000915527344,44.81999969482422,36.579288482666016,68124300,
2017-10-03,45.18000030517578,45.540000915527344,45.130001068115234,45.529998779296875,37.15874481201172,54087400,
2017-10-04,45.5099983215332,45.630001068115234,45.459999084472656,45.52000045776367,37.15058135986328,45574100,
2017-10-05,45.709999084472656,45.9900016784668,45.70000076293945,45.86000061035156,37.42806625366211,38759200,
2017-10-06,45.439998626708984,45.65999984741211,45.310001373291016,45.630001068115234,37.2403564453125,44870200,
2017-10-09,45.5099983215332,45.599998474121094,45.43000030517578,45.599998474121094,37.21586227416992,25022400,
2017-10-10,45.95000076293945,46.08000183105469,45.88999938964844,46.04999923706055,37.58313751220703,45691800,
2017-10-11,46.040000915527344,46.279998779296875,46.029998779296875,46.2599983215332,37.75452423095703,48802900,
2017-10-12,46.279998779296875,46.369998931884766,46.20000076293945,46.2400016784668,37.738197326660156,35546600,
2017-10-13,46.65999984741211,46.75,46.599998474121094,46.65999984741211,38.08097457885742,61902200,
2017-10-16,46.779998779296875,46.81999969482422,46.619998931884766,46.630001068115234,38.056495666503906,34089400,
2017-10-17,46.5099983215332,46.529998779296875,46.29999923706055,46.38999938964844,37.86062240600586,38828200,
2017-10-18,46.54999923706055,46.650001525878906,46.40999984741211,46.5,37.95039749145508,36187200,
2017-10-19,46.02000045776367,46.119998931884766,45.88999938964844,46.09000015258789,37.615779876708984,51487000,
2017-10-20,46.31999969482422,46.349998474121094,46.18000030517578,46.2599983215332,37.75452423095703,46370200,
2017-10-23,46.18000030517578,46.189998626708984,45.880001068115234,45.88999938964844,37.45255661010742,47564000,
2017-10-24,45.97999954223633,46.13999938964844,45.880001068115234,45.88999938964844,37.45255661010742,40213400,
2017-10-25,46.06999969482422,46.130001068115234,45.43000030517578,45.790000915527344,37.37095260620117,57309600,
2017-10-26,45.81999969482422,45.90999984741211,45.470001220703125,45.47999954223633,37.1179313659668,55320500,
2017-10-27,45.720001220703125,46.189998626708984,45.58000183105469,46.13999938964844,37.656578063964844,55225600,
2017-10-30,45.9900016784668,46.11000061035156,45.790000915527344,45.849998474121094,37.41990661621094,35732500,
2017-10-31,46.130001068115234,46.279998779296875,46.060001373291016,46.279998779296875,37.770843505859375,63902300,
2017-11-01,46.70000076293945,46.849998474121094,46.4900016784668,46.52000045776367,37.96671676635742,51926300,
2017-11-02,46.59000015258789,46.630001068115234,46.36000061035156,46.58000183105469,38.015682220458984,38024500,
2017-11-03,46.540000915527344,46.560001373291016,46.09000015258789,46.34000015258789,37.81980895996094,42909900,
2017-11-06,46.560001373291016,46.869998931884766,46.540000915527344,46.86000061035156,38.24420928955078,30828500,
2017-11-07,46.810001373291016,46.869998931884766,46.4900016784668,46.560001373291016,37.99936294555664,46904400,
2017-11-08,46.70000076293945,46.810001373291016,46.619998931884766,46.779998779296875,38.17891311645508,35006300,
2017-11-09,46.459999084472656,46.59000015258789,46.13999938964844,46.4900016784668,37.942237854003906,39894900,
2017-11-10,46.43000030517578,46.459999084472656,46.189998626708984,46.290000915527344,37.77900695800781,32484400,
2017-11-13,46.130001068115234,46.290000915527344,46.02000045776367,46.189998626708984,37.697391510009766,52239700,
2017-11-14,46.11000061035156,46.15999984741211,45.81999969482422,45.880001068115234,37.444393157958984,56682300,
2017-11-15,45.650001525878906,45.77000045776367,45.45000076293945,45.63999938964844,37.24851989746094,49000900,
2017-11-16,46.310001373291016,46.72999954223633,46.29999923706055,46.59000015258789,38.02383804321289,46316400,
2017-11-17,46.72999954223633,47.02000045776367,46.70000076293945,46.81999969482422,38.21155548095703,46258900,
2017-11-20,46.77000045776367,47.099998474121094,46.75,47.060001373291016,38.407440185546875,45493800,
2017-11-21,47.630001068115234,47.880001068115234,47.61000061035156,47.689998626708984,38.921592712402344,63587700,
2017-11-22,47.84000015258789,47.93000030517578,47.650001525878906,47.810001373291016,39.01953887939453,60764000,
2017-11-24,47.65999984741211,47.7400016784668,47.61000061035156,47.709999084472656,38.937923431396484,25838000,
2017-11-27,47.310001373291016,47.33000183105469,46.9900016784668,47.0099983215332,38.36663055419922,47853200,
2017-11-28,47.38999938964844,47.52000045776367,47.18000030517578,47.36000061035156,38.65227508544922,54357600,
2017-11-29,47.16999816894531,47.16999816894531,46.5,46.61000061035156,38.0401725769043,66269800,
2017-11-30,46.470001220703125,46.47999954223633,46.06999969482422,46.099998474121094,37.623939514160156,118059300,
2017-12-01,45.97999954223633,46.06999969482422,45.619998931884766,45.84000015258789,37.411746978759766,88358900,
2017-12-04,46.349998474121094,46.43000030517578,45.88999938964844,45.93000030517578,37.485198974609375,67381600,
2017-12-05,45.959999084472656,46.209999084472656,45.86000061035156,45.900001525878906,37.460716247558594,32126400,
2017-12-06,45.119998931884766,45.380001068115234,45.060001373291016,45.279998779296875,36.9547119140625,81862800,
2017-12-07,45.400001525878906,45.529998779296875,45.04999923706055,45.40999984741211,37.06080627441406,70820800,
2017-12-08,45.91999816894531,46.0,45.7400016784668,45.939998626708984,37.49335861206055,42794900,
2017-12-11,46.189998626708984,46.2599983215332,46.099998474121094,46.16999816894531,37.681068420410156,46795900,
2017-12-12,45.7400016784668,45.959999084472656,45.65999984741211,45.86000061035156,37.42806625366211,47157800,
2017-12-13,46.150001525878906,46.560001373291016,46.13999938964844,46.40999984741211,37.87694549560547,75946200,
2017-12-14,46.2599983215332,46.380001068115234,46.06999969482422,46.06999969482422,37.599456787109375,50968200,
2017-12-15,46.15999984741211,46.2599983215332,45.93000030517578,46.16999816894531,37.681068420410156,67881200,
2017-12-18,46.56999969482422,46.849998474121094,46.529998779296875,46.689998626708984,38.10546112060547,61186100,
2017-12-19,46.06999969482422,46.06999969482422,45.68000030517578,45.75,37.90413284301758,51306800,"{""dividend_amount"": 0.697}"
2017-12-20,45.959999084472656,46.02000045776367,45.79999923706055,45.810001373291016,37.9538459777832,42832800,
2017-12-21,46.0,46.27000045776367,45.970001220703125,46.11000061035156,38.202392578125,40602200,
2017-12-22,46.290000915527344,46.5099983215332,46.22999954223633,46.5,38.525516510009766,40032700,
2017-12-26,46.41999816894531,46.470001220703125,46.2599983215332,46.459999084472656,38.49237060546875,29614100,
2017-12-27,46.52000045776367,46.63999938964844,46.45000076293945,46.58000183105469,38.591793060302734,35373200,
2017-12-28,47.0099983215332,47.04999923706055,46.790000915527344,46.900001525878906,38.85691452026367,34284300,
2017-12-29,47.279998779296875,47.31999969482422,47.060001373291016,47.119998931884766,39.039180755615234,46485100,
2018-01-02,47.779998779296875,48.06999969482422,47.72999954223633,48.0099983215332,39.77655029296875,68969400,
2018-01-03,48.290000915527344,48.540000915527344,48.279998779296875,48.470001220703125,40.15767288208008,56228700,
2018-01-04,48.59000015258789,48.779998779296875,48.56999969482422,48.709999084472656,40.356510162353516,52154900,
2018-01-05,48.81999969482422,49.13999938964844,48.77000045776367,49.130001068115234,40.70448303222656,50026900,
2018-01-08,49.060001373291016,49.220001220703125,49.02000045776367,49.130001068115234,40.70448303222656,36998200,
2018-01-09,49.119998931884766,49.130001068115234,48.83000183105469,49.04999923706055,40.63820266723633,42131600,
2018-01-10,48.68000030517578,48.84000015258789,48.529998779296875,48.7400016784668,40.381370544433594,72183900,
2018-01-11,48.66999816894531,49.04999923706055,48.65999984741211,49.040000915527344,40.62991714477539,38720900,
2018-01-12,49.13999938964844,49.540000915527344,49.0099983215332,49.5099983215332,41.01931381225586,69358300,
2018-01-16,49.70000076293945,49.849998474121094,49.22999954223633,49.31999969482422,40.86189651489258,80418000,
2018-01-17,49.70000076293945,50.09000015258789,49.630001068115234,49.970001220703125,41.400428771972656,65863500,
2018-01-18,49.959999084472656,50.099998474121094,49.88999938964844,50.029998779296875,41.45014190673828,33947000,
2018-01-19,50.279998779296875,50.439998626708984,50.130001068115234,50.439998626708984,41.78982162475586,60503700,
2018-01-22,50.40999984741211,50.7400016784668,50.29999923706055,50.72999954223633,42.03009033203125,49191200,
2018-01-23,50.72999954223633,50.9900016784668,50.650001525878906,50.970001220703125,42.228939056396484,61277300,
2018-01-24,51.29999923706055,51.52000045776367,51.040000915527344,51.400001525878906,42.58519744873047,63963100,
2018-01-25,51.45000076293945,51.83000183105469,51.209999084472656,51.369998931884766,42.56033706665039,61533700,
2018-01-26,51.72999954223633,52.08000183105469,51.61000061035156,52.08000183105469,43.14857864379883,80566200,
2018-01-29,51.45000076293945,51.5099983215332,51.220001220703125,51.290000915527344,42.494056701660156,58884200,
2018-01-30,50.7400016784668,50.79999923706055,50.380001068115234,50.59000015258789,41.91410446166992,87601400,
2018-01-31,51.279998779296875,51.34000015258789,50.63999938964844,51.029998779296875,42.27863311767578,96654200,
2018-02-01,50.56999969482422,50.849998474121094,50.29999923706055,50.34000015258789,41.70697784423828,72143800,
2018-02-02,49.81999969482422,49.849998474121094,49.0099983215332,49.04999923706055,40.63820266723633,116832800,
2018-02-05,48.97999954223633,49.47999954223633,47.33000183105469,47.33000183105469,39.21316909790039,151202100,
2018-02-06,47.31999969482422,49.279998779296875,47.18000030517578,48.869998931884766,40.48906707763672,183650300,
2018-02-07,48.0,48.52000045776367,47.29999923706055,47.33000183105469,39.21316909790039,156301200,
2018-02-08,47.630001068115234,47.66999816894531,45.630001068115234,45.689998626708984,37.85441970825195,163250200,
2018-02-09,46.310001373291016,46.779998779296875,45.040000915527344,46.41999816894531,38.459232330322266,153419800,
2018-02-12,47.08000183105469,47.4900016784668,46.65999984741211,47.150001525878906,39.06403732299805,104447700,
2018-02-13,47.220001220703125,47.650001525878906,47.16999816894531,47.5099983215332,39.3623046875,55739700,
2018-02-14,47.40999984741211,48.81999969482422,47.38999938964844,48.70000076293945,40.34822082519531,96491500,
2018-02-15,49.560001373291016,49.86000061035156,48.9900016784668,49.70000076293945,41.176727294921875,95168100,
2018-02-16,49.34000015258789,49.9900016784668,49.33000183105469,49.540000915527344,41.044166564941406,70876400,
2018-02-20,48.65999984741211,49.029998779296875,48.59000015258789,48.86000061035156,40.48078155517578,78660300,
2018-02-21,49.29999923706055,49.86000061035156,48.779998779296875,48.81999969482422,40.447654724121094,66591900,
2018-02-22,48.970001220703125,49.349998474121094,48.810001373291016,48.849998474121094,40.472503662109375,62436300,
2018-02-23,49.45000076293945,49.7400016784668,49.2400016784668,49.720001220703125,41.19329833984375,43623300,
2018-02-26,49.849998474121094,50.18000030517578,49.56999969482422,50.18000030517578,41.57442092895508,51742600,
2018-02-27,49.529998779296875,49.59000015258789,48.720001220703125,48.720001220703125,40.36479949951172,94671000,
2018-02-28,48.83000183105469,48.88999938964844,48.02000045776367,48.02000045776367,39.78483200073242,102169900,
2018-03-01,48.369998931884766,48.75,47.5,47.93000030517578,39.71027374267578,112694400,
2018-03-02,47.349998474121094,48.22999954223633,47.11000061035156,48.130001068115234,39.875972747802734,72756200,
2018-03-05,47.61000061035156,48.290000915527344,47.54999923706055,48.20000076293945,39.9339714050293,55905400,
2018-03-06,49.0099983215332,49.029998779296875,48.52000045776367,48.650001525878906,40.30680465698242,57199200,
2018-03-07,48.34000015258789,48.72999954223633,48.119998931884766,48.70000076293945,40.34822082519531,46554800,
2018-03-08,48.790000915527344,48.84000015258789,48.47999954223633,48.709999084472656,40.356510162353516,46733900,
2018-03-09,49.11000061035156,49.77000045776367,49.06999969482422,49.75,41.2181510925293,58818700,
2018-03-12,49.810001373291016,49.970001220703125,49.61000061035156,49.869998931884766,41.31757736206055,52944500,
2018-03-13,50.099998474121094,50.18000030517578,49.2400016784668,49.41999816894531,40.94475173950195,60376000,
2018-03-14,49.790000915527344,49.86000061035156,49.22999954223633,49.5,41.01102828979492,51067200,
2018-03-15,49.65999984741211,49.72999954223633,49.13999938964844,49.31999969482422,40.86189651489258,65778900,
2018-03-16,49.13999938964844,49.349998474121094,49.119998931884766,49.209999084472656,40.77076721191406,66155800,
2018-03-19,48.88999938964844,49.0,48.38999938964844,48.68000030517578,40.331661224365234,65394200,
2018-03-20,49.09000015258789,49.34000015258789,48.97999954223633,49.220001220703125,40.779052734375,60101700,
2018-03-21,49.15999984741211,49.70000076293945,49.0099983215332,49.5099983215332,41.01931381225586,78575100,
2018-03-22,48.369998931884766,48.61000061035156,47.779998779296875,47.86000061035156,39.65228271484375,87622700,
2018-03-23,47.939998626708984,48.02000045776367,46.869998931884766,46.88999938964844,38.848628997802734,82908800,
2018-03-26,48.099998474121094,48.470001220703125,47.54999923706055,48.40999984741211,40.10795974731445,73320800,
2018-03-27,48.45000076293945,48.52000045776367,47.41999816894531,47.529998779296875,39.37887191772461,84232100,
2018-03-28,47.380001068115234,47.54999923706055,46.970001220703125,47.290000915527344,39.18003845214844,78140800,
2018-03-29,47.630001068115234,48.45000076293945,47.56999969482422,48.279998779296875,40.000244140625,82685500,
2018-04-02,47.95000076293945,48.16999816894531,46.959999084472656,47.40999984741211,39.279449462890625,72405700,
2018-04-03,47.84000015258789,47.939998626708984,47.459999084472656,47.880001068115234,39.66884994506836,52874500,
2018-04-04,46.59000015258789,47.93000030517578,46.540000915527344,47.900001525878906,39.6854248046875,68352400,
2018-04-05,48.09000015258789,48.2599983215332,47.83000183105469,48.02000045776367,39.78483200073242,48247700,
2018-04-06,47.540000915527344,47.869998931884766,46.79999923706055,47.08000183105469,39.00605392456055,76156700,
2018-04-09,47.41999816894531,47.65999984741211,47.119998931884766,47.130001068115234,39.04747009277344,55352700,
2018-04-10,47.81999969482422,48.119998931884766,47.61000061035156,48.04999923706055,39.80970001220703,87142000,
2018-04-11,47.75,48.18000030517578,47.7400016784668,48.06999969482422,39.826271057128906,51569200,
2018-04-12,47.970001220703125,48.189998626708984,47.88999938964844,48.04999923706055,39.80970001220703,52968500,
2018-04-13,48.0099983215332,48.060001373291016,47.439998626708984,47.56999969482422,39.412017822265625,56518000,
2018-04-16,47.5,47.66999816894531,47.349998474121094,47.630001068115234,39.46173095703125,43005800,
2018-04-17,47.41999816894531,47.869998931884766,47.400001525878906,47.72999954223633,39.54457473754883,58168100,
2018-04-18,47.90999984741211,48.310001373291016,47.84000015258789,48.13999938964844,39.8842658996582,80289500,
2018-04-19,48.2599983215332,48.290000915527344,47.70000076293945,47.86000061035156,39.65228271484375,67581100,
2018-04-20,47.59000015258789,47.619998931884766,47.04999923706055,47.2599983215332,39.155174255371094,80997700,
2018-04-23,47.16999816894531,47.29999923706055,46.779998779296875,46.880001068115234,38.84034729003906,74337500,
2018-04-24,47.2599983215332,47.36000061035156,46.43000030517578,46.65999984741211,38.65807342529297,72196800,
2018-04-25,46.310001373291016,46.40999984741211,46.0099983215332,46.29999923706055,38.359806060791016,69106800,
2018-04-26,46.56999969482422,47.0,46.540000915527344,46.970001220703125,38.914913177490234,45047800,
2018-04-27,47.2400016784668,47.34000015258789,46.970001220703125,47.2599983215332,39.155174255371094,33545000,
2018-04-30,47.43000030517578,47.4900016784668,46.90999984741211,46.91999816894531,38.87348175048828,49179000,
2018-05-01,46.63999938964844,46.7599983215332,46.099998474121094,46.689998626708984,38.68293380737305,75839300,
2018-05-02,46.7400016784668,46.84000015258789,46.279998779296875,46.31999969482422,38.376380920410156,66837900,
2018-05-03,46.290000915527344,46.349998474121094,45.599998474121094,46.220001220703125,38.29353713989258,83449200,
2018-05-04,45.77000045776367,46.59000015258789,45.72999954223633,46.43000030517578,38.4675178527832,60099100,
2018-05-07,46.04999923706055,46.349998474121094,46.02000045776367,46.15999984741211,38.24381637573242,58886100,
2018-05-08,46.27000045776367,46.439998626708984,45.97999954223633,46.41999816894531,38.459232330322266,58783600,
2018-05-09,46.560001373291016,46.61000061035156,46.27000045776367,46.5099983215332,38.5338020324707,46129500,
2018-05-10,47.06999969482422,47.650001525878906,46.9900016784668,47.47999954223633,39.33744812011719,115804000,
2018-05-11,47.68000030517578,47.72999954223633,47.279998779296875,47.400001525878906,39.27116394042969,68838600,
2018-05-14,47.65999984741211,47.779998779296875,47.38999938964844,47.459999084472656,39.32088088989258,34353300,
2018-05-15,46.58000183105469,46.70000076293945,46.279998779296875,46.47999954223633,38.508941650390625,78379300,
2018-05-16,46.91999816894531,47.27000045776367,46.91999816894531,47.18000030517578,39.08890151977539,60004200,
2018-05-17,46.66999816894531,46.79999923706055,46.310001373291016,46.459999084472656,38.49237060546875,73014000,
2018-05-18,46.04999923706055,46.189998626708984,45.939998626708984,46.06999969482422,38.169254302978516,59258700,
2018-05-21,46.45000076293945,46.540000915527344,46.15999984741211,46.349998474121094,38.40123748779297,59330200,
2018-05-22,46.54999923706055,46.75,46.45000076293945,46.5099983215332,38.5338020324707,32584700,
2018-05-23,45.959999084472656,46.529998779296875,45.95000076293945,46.4900016784668,38.517234802246094,70687800,
2018-05-24,46.2400016784668,46.33000183105469,45.72999954223633,46.2400016784668,38.31010055541992,79762900,
2018-05-25,46.22999954223633,46.5,46.189998626708984,46.43000030517578,38.4675178527832,39374500,
2018-05-29,45.7400016784668,45.880001068115234,45.119998931884766,45.349998474121094,37.572731018066406,112089900,
2018-05-30,45.36000061035156,45.7599983215332,45.15999984741211,45.709999084472656,37.87099075317383,72813800,
2018-05-31,45.650001525878906,45.91999816894531,45.459999084472656,45.689998626708984,37.85441970825195,92066200,
2018-06-01,46.060001373291016,46.349998474121094,46.0,46.33000183105469,38.384666442871094,66762200,
2018-06-04,46.720001220703125,46.90999984741211,46.70000076293945,46.79999923706055,38.7740592956543,36302900,
2018-06-05,46.65999984741211,46.7400016784668,46.41999816894531,46.439998626708984,38.475799560546875,40092200,
2018-06-06,46.84000015258789,47.150001525878906,46.7400016784668,47.13999938964844,39.05575942993164,46801500,
2018-06-07,46.970001220703125,47.02000045776367,46.130001068115234,46.41999816894531,38.459232330322266,89752500,
2018-06-08,46.16999816894531,46.529998779296875,45.9900016784668,46.33000183105469,38.384666442871094,73944700,
2018-06-11,46.380001068115234,46.5,46.2599983215332,46.33000183105469,38.384666442871094,38323500,
2018-06-12,46.310001373291016,46.369998931884766,46.029998779296875,46.209999084472656,38.28524398803711,57189800,
2018-06-13,46.290000915527344,46.36000061035156,45.619998931884766,45.900001525878906,38.028404235839844,100698800,
2018-06-14,45.900001525878906,45.9900016784668,45.540000915527344,45.59000015258789,37.77157974243164,76094800,
2018-06-15,45.16999816894531,45.290000915527344,44.91999816894531,45.22999954223633,37.47330856323242,86066000,
2018-06-18,44.59000015258789,44.7400016784668,44.34000015258789,44.68000030517578,37.01762771606445,83532600,
2018-06-19,43.56999969482422,43.9900016784668,43.40999984741211,43.900001525878906,36.609012603759766,122657600,"{""dividend_amount"": 0.29}"
2018-06-20,44.29999923706055,44.36000061035156,44.040000915527344,44.09000015258789,36.767459869384766,69822800,
2018-06-21,43.81999969482422,43.84000015258789,43.40999984741211,43.470001220703125,36.25043869018555,86214100,
2018-06-22,44.099998474121094,44.119998931884766,43.77000045776367,43.91999816894531,36.62568664550781,48711000,
2018-06-25,43.5099983215332,43.560001373291016,42.900001525878906,43.33000183105469,36.1336784362793,110854500,
2018-06-26,43.349998474121094,43.43000030517578,43.04999923706055,43.15999984741211,35.991912841796875,69228700,
2018-06-27,43.099998474121094,43.11000061035156,42.20000076293945,42.33000183105469,35.29975891113281,95340400,
2018-06-28,42.290000915527344,42.709999084472656,42.150001525878906,42.689998626708984,35.5999755859375,105345300,
2018-06-29,43.2400016784668,43.45000076293945,43.20000076293945,43.33000183105469,36.1336784362793,108877000,
2018-07-02,42.619998931884766,42.970001220703125,42.529998779296875,42.900001525878906,35.77509307861328,78848700,
2018-07-03,43.18000030517578,43.220001220703125,42.869998931884766,42.93000030517578,35.80011749267578,28637200,
2018-07-05,43.04999923706055,43.09000015258789,42.650001525878906,42.81999969482422,35.70838165283203,67394400,
2018-07-06,42.95000076293945,43.58000183105469,42.91999816894531,43.40999984741211,36.20038986206055,69933900,
2018-07-09,44.0099983215332,44.20000076293945,43.790000915527344,44.189998626708984,36.8508415222168,80552700,
2018-07-10,44.04999923706055,44.11000061035156,43.7400016784668,44.09000015258789,36.767459869384766,63808300,
2018-07-11,43.369998931884766,43.58000183105469,43.060001373291016,43.22999954223633,36.05028533935547,58679200,
2018-07-12,43.7599983215332,43.91999816894531,43.599998474121094,43.81999969482422,36.542301177978516,53833300,
2018-07-13,43.77000045776367,43.95000076293945,43.619998931884766,43.849998474121094,36.56731414794922,40515300,
2018-07-16,43.63999938964844,43.70000076293945,43.45000076293945,43.61000061035156,36.36717987060547,31717300,
2018-07-17,43.439998626708984,44.0099983215332,43.38999938964844,43.93000030517578,36.63402557373047,46911500,
2018-07-18,43.689998626708984,43.91999816894531,43.560001373291016,43.880001068115234,36.59233856201172,41182100,
2018-07-19,43.20000076293945,43.529998779296875,43.060001373291016,43.34000015258789,36.14201736450195,72549300,
2018-07-20,43.77000045776367,44.040000915527344,43.7400016784668,43.959999084472656,36.65904998779297,75114300,
2018-07-23,43.7599983215332,43.779998779296875,43.529998779296875,43.66999816894531,36.417205810546875,57679100,
2018-07-24,44.38999938964844,44.56999969482422,44.18000030517578,44.310001373291016,36.95092010498047,66639400,
2018-07-25,44.599998474121094,45.060001373291016,44.47999954223633,45.029998779296875,37.55133819580078,77820500,
2018-07-26,44.650001525878906,44.779998779296875,44.5,44.529998779296875,37.13438415527344,68705800,
2018-07-27,44.86000061035156,44.95000076293945,44.45000076293945,44.689998626708984,37.26780319213867,63743400,
2018-07-30,44.790000915527344,44.86000061035156,44.4900016784668,44.619998931884766,37.20942687988281,41541400,
2018-07-31,44.619998931884766,44.93000030517578,44.5099983215332,44.86000061035156,37.409568786621094,88217500,
2018-08-01,44.470001220703125,44.689998626708984,44.34000015258789,44.459999084472656,37.07600784301758,61755000,
2018-08-02,43.54999923706055,43.939998626708984,43.459999084472656,43.869998931884766,36.5839958190918,68678600,
2018-08-03,44.02000045776367,44.2599983215332,43.970001220703125,44.209999084472656,36.867530822753906,41043800,
2018-08-06,43.88999938964844,44.02000045776367,43.77000045776367,43.869998931884766,36.5839958190918,33153800,
2018-08-07,44.380001068115234,44.54999923706055,44.29999923706055,44.31999969482422,36.959259033203125,38719500,
2018-08-08,44.22999954223633,44.31999969482422,44.09000015258789,44.2599983215332,36.90922164916992,30610200,
2018-08-09,44.31999969482422,44.41999816894531,44.099998474121094,44.130001068115234,36.80081558227539,35013900,
2018-08-10,43.13999938964844,43.33000183105469,43.04999923706055,43.189998626708984,36.01693344116211,86629900,
2018-08-13,42.790000915527344,42.88999938964844,42.369998931884766,42.47999954223633,35.424842834472656,75183500,
2018-08-14,42.63999938964844,42.86000061035156,42.560001373291016,42.7400016784668,35.641658782958984,56724600,
2018-08-15,41.540000915527344,41.709999084472656,41.130001068115234,41.5099983215332,34.61594772338867,138633600,
2018-08-16,41.91999816894531,42.11000061035156,41.75,41.77000045776367,34.832767486572266,78123900,
2018-08-17,41.619998931884766,42.310001373291016,41.52000045776367,42.209999084472656,35.19968795776367,76030400,
2018-08-20,42.310001373291016,42.439998626708984,42.16999816894531,42.400001525878906,35.3581428527832,50762900,
2018-08-21,42.83000183105469,43.11000061035156,42.79999923706055,42.939998626708984,35.80845260620117,70462300,
2018-08-22,42.97999954223633,43.349998474121094,42.97999954223633,43.279998779296875,36.09197998046875,45602900,
2018-08-23,43.130001068115234,43.2599983215332,42.529998779296875,42.58000183105469,35.508235931396484,68878400,
2018-08-24,43.220001220703125,43.400001525878906,43.08000183105469,43.369998931884766,36.16703414916992,69304200,
2018-08-27,43.77000045776367,44.15999984741211,43.7599983215332,43.9900016784668,36.684059143066406,96574800,
2018-08-28,44.11000061035156,44.18000030517578,43.7400016784668,43.83000183105469,36.55063247680664,50093400,
2018-08-29,43.72999954223633,44.119998931884766,43.63999938964844,44.099998474121094,36.77579116821289,58165600,
2018-08-30,43.41999816894531,43.41999816894531,42.79999923706055,42.95000076293945,35.81679153442383,120206400,
2018-08-31,42.88999938964844,43.310001373291016,42.84000015258789,43.16999816894531,36.00025177001953,88660500,
2018-09-04,42.4900016784668,42.4900016784668,42.22999954223633,42.33000183105469,35.29975891113281,76724700,
2018-09-05,41.84000015258789,41.90999984741211,41.59000015258789,41.720001220703125,34.79106521606445,77835800,
2018-09-06,41.79999923706055,41.90999984741211,41.47999954223633,41.7599983215332,34.824432373046875,73104400,
2018-09-07,41.630001068115234,41.939998626708984,41.38999938964844,41.54999923706055,34.6493034362793,61590700,
2018-09-10,41.540000915527344,41.540000915527344,41.09000015258789,41.13999938964844,34.30739212036133,61116600,
2018-09-11,40.7400016784668,41.2400016784668,40.630001068115234,41.22999954223633,34.38245391845703,74608700,
2018-09-12,41.040000915527344,41.689998626708984,40.88999938964844,41.439998626708984,34.55757141113281,116612700,
2018-09-13,42.060001373291016,42.279998779296875,41.810001373291016,42.0,35.024566650390625,96306500,
2018-09-14,42.22999954223633,42.279998779296875,41.7599983215332,41.959999084472656,34.991207122802734,65202700,
2018-09-17,41.650001525878906,41.810001373291016,41.52000045776367,41.58000183105469,34.67432403564453,74603900,
2018-09-18,41.779998779296875,42.04999923706055,41.77000045776367,41.97999954223633,35.00788879394531,52000700,
2018-09-19,42.33000183105469,42.61000061035156,42.31999969482422,42.560001373291016,35.4915657043457,55892400,
2018-09-20,42.93000030517578,43.060001373291016,42.689998626708984,43.029998779296875,35.88350296020508,93427400,
2018-09-21,43.09000015258789,43.29999923706055,43.029998779296875,43.22999954223633,36.05028533935547,102750700,
2018-09-24,42.72999954223633,42.790000915527344,42.59000015258789,42.7400016784668,35.641658782958984,54411700,
2018-09-25,42.810001373291016,43.0099983215332,42.7599983215332,42.90999984741211,35.78342819213867,49467000,
2018-09-26,42.97999954223633,43.5099983215332,42.939998626708984,43.0,35.85848617553711,84080400,
2018-09-27,43.130001068115234,43.349998474121094,43.09000015258789,43.209999084472656,36.03361129760742,45547200,
2018-09-28,42.88999938964844,43.150001525878906,42.779998779296875,42.91999816894531,35.79177474975586,64732800,
2018-10-01,43.130001068115234,43.15999984741211,42.83000183105469,42.93000030517578,35.80011749267578,31030500,
2018-10-02,42.369998931884766,42.599998474121094,42.2599983215332,42.38999938964844,35.349796295166016,57719700,
2018-10-03,42.689998626708984,42.720001220703125,41.91999816894531,42.040000915527344,35.05792236328125,76571200,
2018-10-04,41.61000061035156,41.619998931884766,40.810001373291016,40.9900016784668,34.18231201171875,132360900,
2018-10-05,41.0099983215332,41.08000183105469,40.459999084472656,40.84000015258789,34.05722427368164,80578500,
2018-10-08,40.560001373291016,40.9900016784668,40.47999954223633,40.900001525878906,34.10725021362305,59744400,
2018-10-09,40.56999969482422,40.959999084472656,40.43000030517578,40.75,33.98217010498047,60976800,
2018-10-10,40.540000915527344,40.54999923706055,39.529998779296875,39.540000915527344,32.97312545776367,99036700,
2018-10-11,39.31999969482422,39.7400016784668,38.77000045776367,39.13999938964844,32.639556884765625,168923800,
2018-10-12,40.2599983215332,40.36000061035156,39.7400016784668,40.290000915527344,33.59856414794922,116892100,
2018-10-15,39.939998626708984,40.13999938964844,39.779998779296875,39.86000061035156,33.2399787902832,52651000,
2018-10-16,40.36000061035156,40.900001525878906,40.290000915527344,40.86000061035156,34.07389831542969,65949500,
2018-10-17,40.54999923706055,40.58000183105469,40.15999984741211,40.36000061035156,33.65694046020508,69718700,
2018-10-18,39.93000030517578,39.959999084472656,39.15999984741211,39.29999923706055,32.772987365722656,107005100,
2018-10-19,39.90999984741211,40.15999984741211,39.58000183105469,39.66999816894531,33.08153533935547,81176200,
2018-10-22,40.34000015258789,40.41999816894531,39.91999816894531,40.099998474121094,33.440120697021484,67724900,
2018-10-23,39.150001525878906,39.88999938964844,38.93000030517578,39.65999984741211,33.07320022583008,89864600,
2018-10-24,39.459999084472656,39.5099983215332,38.36000061035156,38.380001068115234,32.00577926635742,87632500,
2018-10-25,38.81999969482422,39.38999938964844,38.709999084472656,39.119998931884766,32.62288284301758,80961600,
2018-10-26,38.310001373291016,38.970001220703125,38.13999938964844,38.66999816894531,32.247615814208984,139198800,
2018-10-29,39.0099983215332,39.06999969482422,37.58000183105469,38.0,31.68889808654785,102322800,
2018-10-30,38.22999954223633,38.75,38.150001525878906,38.7400016784668,32.305992126464844,99881500,
2018-10-31,39.15999984741211,39.38999938964844,39.0,39.15999984741211,32.6562385559082,92768300,
2018-11-01,39.779998779296875,40.59000015258789,39.560001373291016,40.560001373291016,33.82373046875,120482200,
2018-11-02,41.25,41.400001525878906,40.40999984741211,40.81999969482422,34.04054641723633,111324700,
2018-11-05,40.810001373291016,41.02000045776367,40.709999084472656,40.93000030517578,34.132266998291016,58319600,
2018-11-06,40.72999954223633,40.93000030517578,40.63999938964844,40.86000061035156,34.07389831542969,40847800,
2018-11-07,41.40999984741211,41.70000076293945,41.150001525878906,41.630001068115234,34.71602249145508,81011500,
2018-11-08,41.09000015258789,41.22999954223633,40.41999816894531,40.54999923706055,33.81537628173828,90610900,
2018-11-09,39.93000030517578,39.97999954223633,39.4900016784668,39.79999923706055,33.18994140625,82943700,
2018-11-12,39.66999816894531,39.7400016784668,39.13999938964844,39.2400016784668,32.722957611083984,68569700,
2018-11-13,39.619998931884766,40.08000183105469,39.439998626708984,39.689998626708984,33.09822082519531,106305600,
2018-11-14,40.060001373291016,40.189998626708984,39.56999969482422,39.93000030517578,33.29835891723633,96621100,
2018-11-15,40.13999938964844,41.04999923706055,40.060001373291016,40.81999969482422,34.04054641723633,146475800,
2018-11-16,40.4900016784668,41.11000061035156,40.369998931884766,40.900001525878906,34.10725021362305,135075800,
2018-11-19,40.619998931884766,40.68000030517578,40.2400016784668,40.349998474121094,33.648597717285156,77777300,
2018-11-20,39.720001220703125,39.90999984741211,39.34000015258789,39.47999954223633,32.923091888427734,98272800,
2018-11-21,40.209999084472656,40.47999954223633,40.130001068115234,40.209999084472656,33.53185272216797,68104600,
2018-11-23,39.7400016784668,39.95000076293945,39.709999084472656,39.7400016784668,33.139915466308594,32048200,
2018-11-26,40.29999923706055,40.41999816894531,40.08000183105469,40.22999954223633,33.548526763916016,76320100,
2018-11-27,40.09000015258789,40.5099983215332,40.029998779296875,40.5099983215332,33.782020568847656,81069100,
2018-11-28,40.790000915527344,41.5099983215332,40.470001220703125,41.47999954223633,34.59092712402344,121010900,
2018-11-29,41.189998626708984,41.400001525878906,40.91999816894531,41.119998931884766,34.29071807861328,104239600,
2018-11-30,40.959999084472656,41.16999816894531,40.79999923706055,41.08000183105469,34.25736999511719,92961200,
2018-12-03,42.130001068115234,42.150001525878906,41.70000076293945,41.90999984741211,34.94951629638672,125024100,
2018-12-04,41.95000076293945,42.02000045776367,40.91999816894531,41.02000045776367,34.20732498168945,134758200,
2018-12-06,39.93000030517578,40.68000030517578,39.68000030517578,40.63999938964844,33.890438079833984,165155100,
2018-12-07,40.58000183105469,40.849998474121094,39.779998779296875,39.880001068115234,33.25666046142578,134304600,
2018-12-10,39.61000061035156,39.68000030517578,38.970001220703125,39.459999084472656,32.906410217285156,104465300,
2018-12-11,40.02000045776367,40.029998779296875,39.47999954223633,39.7599983215332,33.156585693359375,104014700,
2018-12-12,40.5,40.779998779296875,40.380001068115234,40.40999984741211,33.69864273071289,89712200,
2018-12-13,40.560001373291016,40.68000030517578,40.349998474121094,40.400001525878906,33.690303802490234,72445400,
2018-12-14,39.88999938964844,40.18000030517578,39.79999923706055,39.83000183105469,33.2149658203125,94915600,
2018-12-17,39.88999938964844,40.040000915527344,39.33000183105469,39.459999084472656,32.906410217285156,109276200,
2018-12-18,39.16999816894531,39.380001068115234,39.029998779296875,39.13999938964844,33.12987518310547,102509800,"{""dividend_amount"": 0.584}"
2018-12-19,39.33000183105469,39.72999954223633,38.16999816894531,38.4900016784668,32.57969284057617,204046200,
2018-12-20,38.880001068115234,39.130001068115234,38.459999084472656,38.790000915527344,32.833621978759766,183908800,
2018-12-21,38.900001525878906,39.11000061035156,38.31999969482422,38.52000045776367,32.605079650878906,143673400,
2018-12-24,38.439998626708984,38.720001220703125,38.15999984741211,38.15999984741211,32.30036544799805,50709500,
2018-12-26,38.40999984741211,38.959999084472656,38.040000915527344,38.91999816894531,32.94364929199219,96347200,
2018-12-27,38.400001525878906,38.90999984741211,38.2400016784668,38.869998931884766,32.901336669921875,81792700,
2018-12-28,39.189998626708984,39.459999084472656,39.0,39.2400016784668,33.214508056640625,72869100,
2018-12-31,39.5,39.540000915527344,38.93000030517578,39.060001373291016,33.062156677246094,72972200,
