timestamp,open,high,low,close,adjusted_close,volume,corporate_action
2005-08-05,54.90999984741211,54.90999984741211,54.41999816894531,54.63999938964844,29.364290237426758,1971000,
2005-08-08,55.099998474121094,55.11000061035156,54.70000076293945,54.77000045776367,29.43416404724121,2064000,
2005-08-09,55.16999816894531,55.540000915527344,55.099998474121094,55.470001220703125,29.81035041809082,2101000,
2005-08-10,56.029998779296875,56.279998779296875,55.70000076293945,55.849998474121094,30.01457405090332,1998200,
2005-08-11,56.31999969482422,56.779998779296875,56.31999969482422,56.75,30.49824333190918,1175700,
2005-08-12,56.400001525878906,56.599998474121094,56.20000076293945,56.400001525878906,30.310150146484375,1606600,
2005-08-15,56.29999923706055,56.61000061035156,56.25,56.5,30.3638973236084,1636600,
2005-08-16,56.29999923706055,56.29999923706055,55.810001373291016,55.88999938964844,30.036060333251953,2163600,
2005-08-17,55.72999954223633,55.9900016784668,55.70000076293945,55.75,29.96083641052246,2994700,
2005-08-18,55.31999969482422,55.31999969482422,55.04999923706055,55.150001525878906,29.63838005065918,1395300,
2005-08-19,55.439998626708984,55.599998474121094,55.36000061035156,55.41999816894531,29.78348731994629,920400,
2005-08-22,55.95000076293945,56.20000076293945,55.810001373291016,56.029998779296875,30.111310958862305,1383500,
2005-08-23,55.54999923706055,55.849998474121094,55.5,55.790000915527344,29.98232650756836,1682000,
2005-08-24,55.599998474121094,55.7400016784668,55.20000076293945,55.20000076293945,29.665260314941406,1171500,
2005-08-25,55.470001220703125,55.619998931884766,55.369998931884766,55.40999984741211,29.77811622619629,1069700,
2005-08-26,55.59000015258789,55.68000030517578,55.15999984741211,55.22999954223633,29.68137550354004,2065900,
2005-08-29,55.0,55.25,54.90999984741211,55.20000076293945,29.665260314941406,1701500,
2005-08-30,54.97999954223633,55.040000915527344,54.709999084472656,55.040000915527344,29.579265594482422,1669300,
2005-08-31,55.27000045776367,56.04999923706055,55.20000076293945,56.029998779296875,30.111310958862305,2073600,
2005-09-01,56.470001220703125,56.880001068115234,56.41999816894531,56.70000076293945,30.47137451171875,2482600,
2005-09-02,56.880001068115234,57.040000915527344,56.79999923706055,56.900001525878906,30.578868865966797,2426400,
2005-09-06,57.400001525878906,57.68000030517578,57.310001373291016,57.599998474121094,30.955049514770508,1571100,
2005-09-07,57.290000915527344,57.5,57.189998626708984,57.439998626708984,30.86907196044922,2873600,
2005-09-08,57.16999816894531,57.220001220703125,56.91999816894531,57.0,30.632600784301758,1847100,
2005-09-09,57.470001220703125,57.83000183105469,57.400001525878906,57.75,31.035648345947266,1313600,
2005-09-12,57.36000061035156,57.470001220703125,57.27000045776367,57.29999923706055,30.793819427490234,1162200,
2005-09-13,57.08000183105469,57.150001525878906,56.81999969482422,56.90999984741211,30.584224700927734,2819700,
2005-09-14,57.08000183105469,57.25,56.91999816894531,56.95000076293945,30.60572624206543,1404200,
2005-09-15,57.150001525878906,57.150001525878906,56.90999984741211,56.9900016784668,30.627225875854492,2431700,
2005-09-16,57.380001068115234,57.650001525878906,57.209999084472656,57.630001068115234,30.971179962158203,1952800,
2005-09-19,57.34000015258789,57.34000015258789,57.060001373291016,57.25,30.76695442199707,3151000,
2005-09-20,57.5,57.650001525878906,56.900001525878906,57.040000915527344,30.654088973999023,1926100,
2005-09-21,57.439998626708984,57.47999954223633,57.0099983215332,57.099998474121094,30.68634605407715,2342400,
2005-09-22,57.04999923706055,57.119998931884766,56.77000045776367,57.040000915527344,30.654088973999023,2868600,
2005-09-23,56.83000183105469,56.970001220703125,56.650001525878906,56.79999923706055,30.525114059448242,2273500,
2005-09-26,57.31999969482422,57.56999969482422,57.189998626708984,57.41999816894531,30.858308792114258,3019800,
2005-09-27,57.150001525878906,57.400001525878906,56.93000030517578,57.20000076293945,30.740087509155273,1901900,
2005-09-28,57.70000076293945,57.88999938964844,57.560001373291016,57.790000915527344,31.05716323852539,3054500,
2005-09-29,57.970001220703125,58.56999969482422,57.880001068115234,58.47999954223633,31.4279727935791,2540400,
2005-09-30,57.970001220703125,58.220001220703125,57.869998931884766,58.099998474121094,31.223752975463867,2702900,
2005-10-03,57.91999816894531,58.0,57.72999954223633,57.900001525878906,31.11627197265625,1985900,
2005-10-04,57.9900016784668,58.209999084472656,57.5099983215332,57.52000045776367,30.912038803100586,2071900,
2005-10-05,57.599998474121094,57.650001525878906,56.9900016784668,57.02000045776367,30.643342971801758,2813000,
2005-10-06,57.0,57.18000030517578,56.33000183105469,56.75,30.49824333190918,3380300,
2005-10-07,57.0,57.08000183105469,56.79999923706055,56.95000076293945,30.60572624206543,1555800,
2005-10-10,56.9900016784668,57.04999923706055,56.5099983215332,56.66999816894531,30.455238342285156,1096400,
2005-10-11,57.060001373291016,57.130001068115234,56.65999984741211,56.7400016784668,30.492874145507812,1497800,
2005-10-12,56.849998474121094,56.93000030517578,56.22999954223633,56.36000061035156,30.288654327392578,3101400,
2005-10-13,55.93000030517578,56.33000183105469,55.619998931884766,56.2400016784668,30.224166870117188,2196500,
2005-10-14,56.310001373291016,56.84000015258789,56.15999984741211,56.77000045776367,30.508996963500977,1748600,
2005-10-17,56.2400016784668,56.33000183105469,56.0099983215332,56.20000076293945,30.202667236328125,2955500,
2005-10-18,55.7599983215332,55.849998474121094,55.470001220703125,55.54999923706055,29.85334587097168,3051300,
2005-10-19,54.95000076293945,56.0,54.88999938964844,56.0,30.095191955566406,2472800,
2005-10-20,55.439998626708984,55.459999084472656,54.54999923706055,54.720001220703125,29.407285690307617,2368500,
2005-10-21,55.15999984741211,55.33000183105469,54.779998779296875,54.959999084472656,29.536264419555664,1385300,
2005-10-24,55.220001220703125,55.83000183105469,55.150001525878906,55.81999969482422,29.998443603515625,2223400,
2005-10-25,55.880001068115234,56.13999938964844,55.59000015258789,55.880001068115234,30.03069305419922,2192200,
2005-10-26,55.95000076293945,56.25,55.70000076293945,55.779998779296875,29.976947784423828,3255800,
2005-10-27,56.25,56.29999923706055,55.599998474121094,55.66999816894531,29.917829513549805,1573000,
2005-10-28,55.79999923706055,56.20000076293945,55.56999969482422,56.150001525878906,30.175804138183594,3726800,
2005-10-31,56.349998474121094,56.619998931884766,56.20000076293945,56.25,30.22954559326172,4862900,
2005-11-01,56.689998626708984,56.84000015258789,56.5,56.72999954223633,30.487491607666016,2795300,
2005-11-02,56.650001525878906,57.5099983215332,56.63999938964844,57.5099983215332,30.906675338745117,3075900,
2005-11-03,57.58000183105469,57.70000076293945,57.279998779296875,57.47999954223633,30.890560150146484,2471300,
2005-11-04,57.41999816894531,57.459999084472656,56.709999084472656,56.95000076293945,30.60572624206543,1951400,
2005-11-07,57.04999923706055,57.34000015258789,56.900001525878906,57.279998779296875,30.783077239990234,1630300,
2005-11-08,57.040000915527344,57.25,56.91999816894531,57.13999938964844,30.707839965820312,3971600,
2005-11-09,56.869998931884766,57.20000076293945,56.720001220703125,57.099998474121094,30.68634605407715,3981500,
2005-11-10,57.0,57.130001068115234,56.599998474121094,57.029998779296875,30.648723602294922,2539600,
2005-11-11,56.9900016784668,57.36000061035156,56.9900016784668,57.33000183105469,30.809951782226562,1850000,
2005-11-14,57.22999954223633,57.22999954223633,56.77000045776367,56.9900016784668,30.627225875854492,2313900,
2005-11-15,56.65999984741211,56.900001525878906,56.040000915527344,56.68000030517578,30.460634231567383,2382200,
2005-11-16,56.47999954223633,56.59000015258789,56.33000183105469,56.58000183105469,30.40688705444336,1761000,
2005-11-17,57.0,57.54999923706055,57.0,57.54999923706055,30.92817497253418,2169700,
2005-11-18,57.790000915527344,57.95000076293945,57.369998931884766,57.95000076293945,31.14313316345215,5674400,
2005-11-21,57.9900016784668,58.09000015258789,57.68000030517578,58.029998779296875,31.186126708984375,2170100,
2005-11-22,57.529998779296875,58.2599983215332,57.43000030517578,58.220001220703125,31.28824806213379,2834400,
2005-11-23,58.20000076293945,58.54999923706055,58.13999938964844,58.5,31.438711166381836,3026800,
2005-11-25,58.13999938964844,58.25,57.849998474121094,57.939998626708984,31.13776397705078,2582900,
2005-11-28,58.119998931884766,58.2400016784668,57.849998474121094,58.09000015258789,31.2183780670166,3798500,
2005-11-29,58.16999816894531,58.209999084472656,57.900001525878906,58.0,31.170005798339844,2672700,
2005-11-30,57.880001068115234,57.93000030517578,57.439998626708984,57.54999923706055,30.92817497253418,4958500,
2005-12-01,58.16999816894531,58.650001525878906,58.099998474121094,58.630001068115234,31.508567810058594,2846500,
2005-12-02,58.66999816894531,58.86000061035156,58.45000076293945,58.849998474121094,31.626813888549805,2407900,
2005-12-05,59.209999084472656,59.209999084472656,58.70000076293945,59.11000061035156,31.766542434692383,1974800,
2005-12-06,59.209999084472656,59.59000015258789,59.0099983215332,59.290000915527344,31.86327362060547,2462800,
2005-12-07,59.209999084472656,59.22999954223633,58.689998626708984,58.900001525878906,31.653684616088867,2433700,
2005-12-08,58.88999938964844,59.279998779296875,58.65999984741211,58.88999938964844,31.648311614990234,6019200,
2005-12-09,59.25,59.540000915527344,59.20000076293945,59.47999954223633,31.96538543701172,2044400,
2005-12-12,60.13999938964844,60.25,60.0,60.22999954223633,32.36845397949219,2521200,
2005-12-13,60.15999984741211,60.599998474121094,60.0099983215332,60.52000045776367,32.524295806884766,2861000,
2005-12-14,60.400001525878906,60.619998931884766,60.29999923706055,60.4900016784668,32.5081787109375,1811000,
2005-12-15,60.279998779296875,60.279998779296875,59.77000045776367,59.93000030517578,32.20722198486328,5016800,
2005-12-16,60.400001525878906,60.599998474121094,60.29999923706055,60.400001525878906,32.45981216430664,2155700,
2005-12-19,60.66999816894531,60.66999816894531,60.20000076293945,60.290000915527344,32.40068054199219,2335400,
2005-12-20,60.41999816894531,60.45000076293945,60.13999938964844,60.29999923706055,32.406070709228516,3313900,
2005-12-21,60.58000183105469,60.650001525878906,60.279998779296875,60.59000015258789,32.56190872192383,4912400,
2005-12-22,60.689998626708984,60.95000076293945,59.59000015258789,60.939998626708984,32.750003814697266,2659000,
2005-12-23,59.58000183105469,59.79999923706055,59.5099983215332,59.79999923706055,32.73359680175781,2142700,"{""dividend_amount"": 1.11}"
2005-12-27,59.900001525878906,59.900001525878906,59.119998931884766,59.25,32.43252182006836,3543800,
2005-12-28,59.84000015258789,60.0,59.52000045776367,59.68000030517578,32.66790008544922,3248600,
2005-12-29,59.79999923706055,59.9900016784668,59.619998931884766,59.70000076293945,32.67884826660156,6123300,
2005-12-30,59.349998474121094,59.470001220703125,59.04999923706055,59.43000030517578,32.53105545043945,4236600,
2006-01-03,60.5,61.470001220703125,60.279998779296875,61.41999816894531,33.620365142822266,7778500,
2006-01-04,61.650001525878906,61.970001220703125,61.540000915527344,61.93000030517578,33.8995246887207,5231500,
2006-01-05,61.619998931884766,61.72999954223633,61.47999954223633,61.619998931884766,33.72982406616211,4953800,
2006-01-06,62.15999984741211,62.5,61.9900016784668,62.45000076293945,34.18416213989258,5326600,
2006-01-09,62.369998931884766,62.47999954223633,62.189998626708984,62.47999954223633,34.200584411621094,3057200,
2006-01-10,61.4900016784668,61.91999816894531,61.4900016784668,61.91999816894531,33.89404296875,3608400,
2006-01-11,61.88999938964844,62.47999954223633,61.88999938964844,62.45000076293945,34.18416213989258,4077000,
2006-01-12,62.099998474121094,62.25,61.81999969482422,61.939998626708984,33.90499496459961,3438400,
2006-01-13,61.790000915527344,62.86000061035156,61.75,62.18000030517578,34.03636169433594,2582100,
2006-01-17,61.189998626708984,61.40999984741211,61.06999969482422,61.400001525878906,33.609397888183594,3501700,
2006-01-18,60.66999816894531,60.86000061035156,60.27000045776367,60.56999969482422,33.15507888793945,3444800,
2006-01-19,60.93000030517578,61.34000015258789,60.86000061035156,61.2599983215332,33.53276443481445,5194300,
2006-01-20,61.400001525878906,61.45000076293945,60.209999084472656,60.33000183105469,33.02370071411133,5101100,
2006-01-23,60.970001220703125,61.2599983215332,60.86000061035156,61.16999816894531,33.4835090637207,5957000,
2006-01-24,61.220001220703125,61.779998779296875,61.15999984741211,61.47999954223633,33.65319061279297,3037100,
2006-01-25,61.70000076293945,61.849998474121094,61.400001525878906,61.689998626708984,33.76814651489258,3563000,
2006-01-26,62.220001220703125,62.59000015258789,62.119998931884766,62.41999816894531,34.167728424072266,3474100,
2006-01-27,62.88999938964844,63.08000183105469,62.45000076293945,62.75,34.348358154296875,3571300,
2006-01-30,62.720001220703125,62.849998474121094,62.619998931884766,62.79999923706055,34.37574768066406,3050100,
2006-01-31,62.86000061035156,63.220001220703125,62.70000076293945,62.86000061035156,34.40857696533203,3681800,
2006-02-01,62.880001068115234,63.209999084472656,62.83000183105469,63.04999923706055,34.51258087158203,4100900,
2006-02-02,62.77000045776367,62.9900016784668,62.25,62.34000015258789,34.12394332885742,4136500,
2006-02-03,61.93000030517578,62.45000076293945,61.81999969482422,62.18000030517578,34.03636169433594,7103400,
2006-02-06,62.36000061035156,62.36000061035156,61.88999938964844,62.09000015258789,33.98710250854492,2528900,
2006-02-07,62.02000045776367,62.130001068115234,61.43000030517578,61.630001068115234,33.73529815673828,3779000,
2006-02-08,61.5,61.9900016784668,61.279998779296875,61.849998474121094,33.85573196411133,4463400,
2006-02-09,62.119998931884766,62.4900016784668,61.880001068115234,61.970001220703125,33.921409606933594,3885000,
2006-02-10,62.18000030517578,62.20000076293945,61.4900016784668,61.83000183105469,33.84477233886719,2125000,
2006-02-13,61.29999923706055,61.599998474121094,61.25,61.400001525878906,33.609397888183594,3482600,
2006-02-14,61.29999923706055,62.9900016784668,61.27000045776367,62.08000183105469,33.981624603271484,3066500,
2006-02-15,61.709999084472656,62.0,61.27000045776367,61.52000045776367,33.67509841918945,6430600,
2006-02-16,61.58000183105469,62.150001525878906,61.470001220703125,62.11000061035156,33.998043060302734,2418100,
2006-02-17,61.650001525878906,62.130001068115234,61.54999923706055,61.93000030517578,33.8995246887207,6936300,
2006-02-21,62.150001525878906,62.290000915527344,61.849998474121094,61.939998626708984,33.90499496459961,2872600,
2006-02-22,62.099998474121094,62.5,61.93000030517578,62.40999984741211,34.162261962890625,6620200,
2006-02-23,62.72999954223633,62.83000183105469,62.40999984741211,62.56999969482422,34.249839782714844,3203900,
2006-02-24,62.70000076293945,62.869998931884766,62.59000015258789,62.779998779296875,34.36478805541992,3580600,
2006-02-27,62.91999816894531,63.150001525878906,62.83000183105469,63.0,34.48521423339844,2755700,
2006-02-28,62.779998779296875,62.84000015258789,62.400001525878906,62.41999816894531,34.167728424072266,11384100,
2006-03-01,62.869998931884766,63.150001525878906,62.68000030517578,63.060001373291016,34.518070220947266,4076900,
2006-03-02,62.650001525878906,62.95000076293945,62.40999984741211,62.939998626708984,34.45237731933594,2822200,
2006-03-03,62.47999954223633,62.970001220703125,62.380001068115234,62.68000030517578,34.31005859375,5237600,
2006-03-06,62.90999984741211,62.90999984741211,62.310001373291016,62.439998626708984,34.178688049316406,2946500,
2006-03-07,61.75,62.400001525878906,61.5099983215332,61.68000030517578,33.762672424316406,3858200,
2006-03-08,61.5099983215332,61.97999954223633,61.36000061035156,61.88999938964844,33.877620697021484,2873700,
2006-03-09,62.18000030517578,62.31999969482422,61.810001373291016,61.81999969482422,33.83930969238281,4765700,
2006-03-10,62.119998931884766,62.810001373291016,61.90999984741211,62.7599983215332,34.35385513305664,3744300,
2006-03-13,63.119998931884766,63.29999923706055,63.0,63.279998779296875,34.63848114013672,2515800,
2006-03-14,63.25,64.05000305175781,63.150001525878906,63.95000076293945,35.00522994995117,3769000,
2006-03-15,64.05999755859375,64.20999908447266,63.72999954223633,64.18000030517578,35.13113784790039,5171500,
2006-03-16,64.0999984741211,64.55999755859375,64.0199966430664,64.38999938964844,35.24608612060547,3464200,
2006-03-17,64.5999984741211,64.69999694824219,64.30999755859375,64.69999694824219,35.415771484375,2797000,
2006-03-20,65.01000213623047,65.04000091552734,64.63999938964844,64.83000183105469,35.48692321777344,2259000,
2006-03-21,64.52999877929688,64.6500015258789,64.05000305175781,64.16000366210938,35.12018966674805,4341300,
2006-03-22,64.4800033569336,64.9000015258789,64.37000274658203,64.76000213623047,35.44861602783203,3161400,
2006-03-23,64.4000015258789,64.44000244140625,63.77000045776367,63.97999954223633,35.02164840698242,5467700,
2006-03-24,64.06999969482422,64.5199966430664,63.939998626708984,64.48999786376953,35.300819396972656,3362600,
2006-03-27,64.36000061035156,64.47000122070312,64.0999984741211,64.37999725341797,35.240604400634766,4893200,
2006-03-28,64.33999633789062,64.5199966430664,63.650001525878906,63.7599983215332,34.90122985839844,3977600,
2006-03-29,64.05000305175781,64.68000030517578,63.970001220703125,64.5999984741211,35.36103820800781,2738000,
2006-03-30,64.87000274658203,65.5199966430664,64.86000061035156,65.37999725341797,35.787986755371094,5073200,
2006-03-31,65.05000305175781,65.11000061035156,64.81999969482422,64.91999816894531,35.53620529174805,5380100,
2006-04-03,65.18000030517578,65.86000061035156,65.12000274658203,65.62999725341797,35.924827575683594,6945100,
2006-04-04,65.80000305175781,66.16999816894531,65.73999786376953,66.1500015258789,36.209476470947266,3560600,
2006-04-05,66.16999816894531,66.58000183105469,66.05000305175781,66.37000274658203,36.329917907714844,3615600,
2006-04-06,66.44999694824219,66.69999694824219,66.1500015258789,66.43000030517578,36.362754821777344,2806400,
2006-04-07,66.41999816894531,66.86000061035156,65.51000213623047,65.66999816894531,35.94672775268555,4531900,
2006-04-10,65.8499984741211,65.94999694824219,65.62999725341797,65.79000091552734,36.012420654296875,3222100,
2006-04-11,65.8499984741211,65.9000015258789,65.1500015258789,65.3499984741211,35.77157211303711,5924600,
2006-04-12,65.16000366210938,65.31999969482422,64.87000274658203,65.02999877929688,35.596405029296875,6929500,
2006-04-13,64.97000122070312,65.27999877929688,64.87999725341797,65.19999694824219,35.689456939697266,3974900,
2006-04-17,65.56999969482422,65.7699966430664,65.31999969482422,65.5,35.853675842285156,2309400,
2006-04-18,66.06999969482422,66.8499984741211,65.6500015258789,66.83999633789062,36.58717346191406,4494100,
2006-04-19,66.62000274658203,67.33000183105469,66.48999786376953,67.30000305175781,36.83897399902344,3753900,
2006-04-20,66.9800033569336,67.19999694824219,66.80999755859375,67.0,36.67475891113281,6370500,
2006-04-21,67.44999694824219,67.6500015258789,67.11000061035156,67.44999694824219,36.921077728271484,2464500,
2006-04-24,67.37999725341797,67.63999938964844,67.13999938964844,67.5199966430664,36.959388732910156,1778000,
2006-04-25,67.69999694824219,67.8499984741211,67.2300033569336,67.4800033569336,36.93750762939453,4088800,
2006-04-26,67.75,67.97000122070312,67.6500015258789,67.9000015258789,37.167388916015625,4610400,
2006-04-27,67.13999938964844,68.30000305175781,67.13999938964844,68.0199966430664,37.23308181762695,3101300,
2006-04-28,67.8499984741211,68.27999877929688,67.22000122070312,68.02999877929688,37.238563537597656,3910500,
2006-05-01,68.69999694824219,68.77999877929688,67.91000366210938,68.0,37.222145080566406,3377000,
2006-05-02,68.81999969482422,69.04000091552734,68.69000244140625,69.04000091552734,37.79143142700195,6046400,
2006-05-03,68.77999877929688,68.81999969482422,65.75,68.62999725341797,37.56698226928711,4595600,
2006-05-04,68.62999725341797,69.23999786376953,68.55000305175781,69.16000366210938,37.85710525512695,2996100,
2006-05-05,69.6500015258789,70.23999786376953,69.19999694824219,70.22000122070312,38.43733596801758,3404600,
2006-05-08,70.4000015258789,70.4000015258789,70.0199966430664,70.16000366210938,38.404502868652344,3313400,
2006-05-09,70.31999969482422,70.63999938964844,70.2300033569336,70.58000183105469,38.63439178466797,3747200,
2006-05-10,70.3499984741211,70.6500015258789,70.13999938964844,70.36000061035156,38.51396560668945,4080100,
2006-05-11,70.33000183105469,70.4000015258789,69.45999908447266,69.6500015258789,38.12533187866211,6549900,
2006-05-12,69.41999816894531,69.61000061035156,68.61000061035156,68.75,37.63268280029297,5935200,
2006-05-15,67.87000274658203,68.38999938964844,67.62999725341797,68.16000366210938,37.30973434448242,5947000,
2006-05-16,68.27999877929688,68.37000274658203,67.68000030517578,68.05999755859375,37.254974365234375,2687500,
2006-05-17,67.61000061035156,67.75,65.62000274658203,65.88999938964844,36.06716537475586,4996900,
2006-05-18,66.23999786376953,66.72000122070312,65.52999877929688,65.69000244140625,35.957679748535156,5215300,
2006-05-19,65.6500015258789,66.08999633789062,65.23999786376953,66.0199966430664,36.13831329345703,3712900,
2006-05-22,64.3499984741211,64.91000366210938,63.93000030517578,64.56999969482422,35.34461212158203,5725300,
2006-05-23,65.12000274658203,65.79000091552734,64.58999633789062,64.58999633789062,35.35555648803711,5083400,
2006-05-24,64.66000366210938,64.7699966430664,63.75,64.55000305175781,35.33366775512695,4414000,
2006-05-25,64.97000122070312,65.41999816894531,64.70999908447266,65.41999816894531,35.80988311767578,5204000,
2006-05-26,65.94999694824219,66.0199966430664,65.3499984741211,65.94999694824219,36.10000228881836,5687200,
2006-05-30,65.5,65.70999908447266,64.80000305175781,64.94999694824219,35.552616119384766,2933100,
2006-05-31,65.33000183105469,65.55000305175781,64.97000122070312,65.43000030517578,35.81535339355469,5671700,
2006-06-01,64.75,65.8499984741211,64.47000122070312,65.8499984741211,36.04526138305664,4111200,
2006-06-02,66.63999938964844,66.77999877929688,66.05000305175781,66.48999786376953,36.39558792114258,4277800,
2006-06-05,66.25,66.26000213623047,64.93000030517578,65.05000305175781,35.607364654541016,3549700,
2006-06-06,64.55000305175781,64.61000061035156,63.70000076293945,64.26000213623047,35.174930572509766,4594400,
2006-06-07,63.95000076293945,64.4000015258789,63.380001068115234,63.380001068115234,34.69322204589844,3892300,
2006-06-08,62.04999923706055,62.150001525878906,61.09000015258789,61.97999954223633,33.926883697509766,12178100,
2006-06-09,62.540000915527344,62.720001220703125,61.84000015258789,61.90999984741211,33.888572692871094,4961800,
2006-06-12,62.29999923706055,62.470001220703125,61.310001373291016,61.380001068115234,33.59845733642578,3024300,
2006-06-13,60.29999923706055,60.75,59.400001525878906,59.459999084472656,32.54747772216797,6131600,
2006-06-14,60.40999984741211,60.72999954223633,59.849998474121094,60.31999969482422,33.01823043823242,5532100,
2006-06-15,61.5099983215332,62.59000015258789,61.349998474121094,62.400001525878906,34.156795501708984,6355700,
2006-06-16,62.13999938964844,62.2400016784668,61.7400016784668,61.900001525878906,33.88309097290039,4610800,
2006-06-19,62.189998626708984,62.400001525878906,61.45000076293945,61.59000015258789,33.713417053222656,4358900,
2006-06-20,61.849998474121094,62.29999923706055,61.599998474121094,61.959999084472656,33.91593551635742,3953400,
2006-06-21,62.0,63.06999969482422,61.959999084472656,62.7599983215332,34.35385513305664,3138600,
2006-06-22,62.63999938964844,63.650001525878906,62.16999816894531,62.43000030517578,34.17320251464844,4670300,
2006-06-23,62.06999969482422,62.619998931884766,61.97999954223633,62.25,34.074684143066406,2508200,
2006-06-26,62.47999954223633,62.77000045776367,62.22999954223633,62.7400016784668,34.342899322509766,2044000,
2006-06-27,62.68000030517578,62.70000076293945,61.54999923706055,61.58000183105469,33.70793533325195,4121700,
2006-06-28,62.099998474121094,62.349998474121094,61.810001373291016,62.279998779296875,34.09109115600586,4952700,
2006-06-29,62.810001373291016,64.66999816894531,62.810001373291016,64.58000183105469,35.3500862121582,7741100,
2006-06-30,65.27999877929688,65.41000366210938,64.93000030517578,65.38999938964844,35.79346466064453,5907200,
2006-07-03,65.5,65.9000015258789,65.36000061035156,65.7300033569336,35.97957992553711,9164600,
2006-07-05,64.9000015258789,64.94999694824219,64.19999694824219,64.4800033569336,35.29534912109375,6388500,
2006-07-06,64.88999938964844,65.29000091552734,64.86000061035156,65.16000366210938,35.667572021484375,4385500,
2006-07-07,65.44000244140625,65.58999633789062,64.8499984741211,64.86000061035156,35.503360748291016,3124800,
2006-07-10,65.4000015258789,65.58999633789062,65.19000244140625,65.4000015258789,35.7989501953125,3957500,
2006-07-11,65.1500015258789,65.6500015258789,64.69999694824219,65.58000183105469,35.89748001098633,4199400,
2006-07-12,64.7699966430664,64.87999725341797,64.1500015258789,64.3499984741211,35.224185943603516,3154800,
2006-07-13,63.75,63.900001525878906,63.099998474121094,63.220001220703125,34.60563659667969,4183900,
2006-07-14,62.880001068115234,63.0,61.5,62.68000030517578,34.31005859375,3555800,
2006-07-17,61.630001068115234,62.0,61.560001373291016,61.79999923706055,33.82836151123047,2899700,
2006-07-18,61.79999923706055,61.88999938964844,60.93000030517578,61.70000076293945,33.773616790771484,3659800,
2006-07-19,63.4900016784668,63.4900016784668,61.38999938964844,63.220001220703125,34.60563659667969,5192700,
2006-07-20,63.459999084472656,63.68000030517578,62.79999923706055,62.880001068115234,34.41953659057617,2644500,
2006-07-21,63.27000045776367,63.349998474121094,62.79999923706055,62.880001068115234,34.41953659057617,3641900,
2006-07-24,63.18000030517578,64.05999755859375,63.130001068115234,64.0199966430664,35.04355239868164,3025500,
2006-07-25,64.05999755859375,64.31999969482422,63.619998931884766,64.0,35.03260040283203,4507400,
2006-07-26,63.91999816894531,64.61000061035156,63.7400016784668,64.44999694824219,35.278926849365234,3045900,
2006-07-27,65.41000366210938,65.52999877929688,64.58000183105469,64.8499984741211,35.49788284301758,4190200,
2006-07-28,65.44999694824219,66.1500015258789,65.41000366210938,66.1500015258789,36.209476470947266,3029200,
2006-07-31,65.94000244140625,66.0,65.75,65.91999816894531,36.08358383178711,3475500,
2006-08-01,65.5,65.6500015258789,64.9800033569336,65.45999908447266,35.8317756652832,3778900,
2006-08-02,65.81999969482422,66.3499984741211,65.81999969482422,66.18000030517578,36.225894927978516,3247200,
2006-08-03,65.4800033569336,66.25,65.4000015258789,66.06999969482422,36.165687561035156,3939100,
2006-08-04,66.54000091552734,66.80000305175781,65.87999725341797,66.12000274658203,36.19306564331055,4047200,
2006-08-07,65.63999938964844,65.87999725341797,65.5,65.70999908447266,35.9686279296875,2061800,
2006-08-08,65.69999694824219,66.20999908447266,65.31999969482422,65.4800033569336,35.84273910522461,2627000,
2006-08-09,66.37000274658203,66.66999816894531,65.77999877929688,65.80000305175781,36.01789474487305,3065500,
2006-08-10,65.7300033569336,65.97000122070312,65.47000122070312,65.94999694824219,36.10000228881836,3848800,
2006-08-11,65.43000030517578,65.6500015258789,65.22000122070312,65.37999725341797,35.787986755371094,1996200,
2006-08-14,65.88999938964844,66.1500015258789,65.58999633789062,65.5999984741211,35.90841293334961,2221000,
2006-08-15,66.80000305175781,67.1500015258789,66.68000030517578,67.0199966430664,36.685699462890625,2887400,
2006-08-16,67.55000305175781,67.69999694824219,67.37000274658203,67.62999725341797,37.01960754394531,2618500,
2006-08-17,67.55000305175781,67.80000305175781,67.25,67.37999725341797,36.882755279541016,2464400,
2006-08-18,67.55000305175781,67.68000030517578,67.16999816894531,67.66000366210938,37.03602981567383,2019400,
2006-08-21,67.52999877929688,67.80000305175781,67.44000244140625,67.44999694824219,36.921077728271484,3163500,
2006-08-22,67.19999694824219,67.4800033569336,67.0,67.26000213623047,36.81707763671875,2552400,
2006-08-23,67.44999694824219,67.5999984741211,66.9000015258789,67.0199966430664,36.685699462890625,2570600,
2006-08-24,67.3499984741211,67.38999938964844,66.66000366210938,66.83000183105469,36.581703186035156,2849700,
2006-08-25,66.81999969482422,66.97000122070312,66.62999725341797,66.77999877929688,36.554325103759766,3690800,
2006-08-28,66.83000183105469,67.30000305175781,66.76000213623047,67.05999755859375,36.70759582519531,3573200,
2006-08-29,67.45999908447266,67.68000030517578,66.9800033569336,67.5999984741211,37.00318908691406,3565000,
2006-08-30,67.87999725341797,67.87999725341797,67.4800033569336,67.5999984741211,37.00318908691406,5866400,
2006-08-31,67.95999908447266,67.95999908447266,67.5,67.5999984741211,37.00318908691406,5035800,
2006-09-01,67.81999969482422,68.22000122070312,67.75,68.0999984741211,37.27687454223633,2611300,
2006-09-05,68.37999725341797,68.5199966430664,68.12000274658203,68.45999908447266,37.47394943237305,3383200,
2006-09-06,67.68000030517578,67.69000244140625,67.2300033569336,67.30999755859375,36.84444808959961,3474200,
2006-09-07,66.5999984741211,66.93000030517578,66.36000061035156,66.5,36.40107345581055,3539200,
2006-09-08,66.4800033569336,66.66000366210938,66.36000061035156,66.5199966430664,36.41200637817383,2230400,
2006-09-11,66.13999938964844,66.4000015258789,65.77999877929688,66.12000274658203,36.19306564331055,3626400,
2006-09-12,66.37999725341797,66.97000122070312,66.25,66.87999725341797,36.60906982421875,3787600,
2006-09-13,66.5999984741211,66.94999694824219,66.4800033569336,66.75,36.53791046142578,2231000,
2006-09-14,66.87999725341797,66.95999908447266,66.72000122070312,66.83999633789062,36.58717346191406,2314600,
2006-09-15,67.02999877929688,67.05000305175781,66.5199966430664,66.69999694824219,36.510528564453125,3204300,
2006-09-18,66.5999984741211,67.0999984741211,66.54000091552734,66.9800033569336,36.6638069152832,3239400,
2006-09-19,66.9000015258789,66.94999694824219,66.0,66.36000061035156,36.32442855834961,2981300,
2006-09-20,66.9000015258789,67.23999786376953,66.8499984741211,67.01000213623047,36.68022537231445,2951400,
2006-09-21,67.47000122070312,67.51000213623047,67.02999877929688,67.16999816894531,36.7678108215332,3259600,
2006-09-22,67.30999755859375,67.30999755859375,66.70999908447266,66.83999633789062,36.58717346191406,2685200,
2006-09-25,67.0,67.23999786376953,66.25,67.12000274658203,36.740447998046875,6174600,
2006-09-26,66.80000305175781,67.30000305175781,66.80000305175781,67.27999877929688,36.82802963256836,4046900,
2006-09-27,67.5,67.79000091552734,67.4800033569336,67.70999908447266,37.063392639160156,3299600,
2006-09-28,67.87000274658203,68.0,67.62000274658203,67.9000015258789,37.167388916015625,3508000,
2006-09-29,67.8499984741211,67.9000015258789,67.66000366210938,67.75,37.085289001464844,6423000,
2006-10-02,68.05000305175781,68.37000274658203,67.9000015258789,67.94000244140625,37.18929672241211,4369800,
2006-10-03,67.7699966430664,68.22000122070312,67.61000061035156,68.0,37.222145080566406,4013800,
2006-10-04,67.83000183105469,68.72000122070312,67.7699966430664,68.6500015258789,37.57794189453125,5653600,
2006-10-05,68.66999816894531,68.79000091552734,68.12000274658203,68.7300033569336,37.62173843383789,6165000,
2006-10-06,68.2699966430664,68.41000366210938,67.91999816894531,68.12000274658203,37.2878303527832,4727600,
2006-10-09,67.95999908447266,68.22000122070312,67.86000061035156,68.16999816894531,37.315189361572266,1671700,
2006-10-10,68.33000183105469,68.37999725341797,68.01000213623047,68.25,37.35899353027344,2482800,
2006-10-11,68.12999725341797,68.5999984741211,67.95999908447266,68.19999694824219,37.33161926269531,2174200,
2006-10-12,68.43000030517578,69.0199966430664,68.43000030517578,68.93000030517578,37.731204986572266,3457900,
2006-10-13,68.87999725341797,69.0999984741211,68.68000030517578,69.05000305175781,37.7968864440918,2296200,
2006-10-16,69.22000122070312,69.3499984741211,69.08000183105469,69.30999755859375,37.9392204284668,3775800,
2006-10-17,68.98999786376953,69.0,68.55000305175781,68.87999725341797,37.70384216308594,2322400,
2006-10-18,69.19000244140625,69.30999755859375,68.80000305175781,69.05000305175781,37.7968864440918,3554300,
2006-10-19,69.27999877929688,69.69000244140625,69.20999908447266,69.56999969482422,38.08153533935547,4728700,
2006-10-20,69.79000091552734,69.83999633789062,69.38999938964844,69.79000091552734,38.201961517333984,3792600,
2006-10-23,69.33999633789062,69.93000030517578,69.25,69.8499984741211,38.23480224609375,2221500,
2006-10-24,69.63999938964844,69.94999694824219,69.55999755859375,69.86000061035156,38.24028015136719,3483600,
2006-10-25,69.94999694824219,70.44999694824219,69.87999725341797,70.3499984741211,38.50849533081055,3332400,
2006-10-26,70.72000122070312,70.97000122070312,70.41000366210938,70.88999938964844,38.8040885925293,5856600,
2006-10-27,70.69999694824219,70.76000213623047,70.30000305175781,70.4000015258789,38.535858154296875,5966100,
2006-10-30,70.18000030517578,70.41000366210938,70.04000091552734,70.25,38.453758239746094,2264000,
2006-10-31,70.18000030517578,70.4800033569336,70.08000183105469,70.29000091552734,38.47564697265625,2783000,
2006-11-01,70.91999816894531,70.98999786376953,70.05999755859375,70.16999816894531,38.40996170043945,5579400,
2006-11-02,70.19000244140625,70.47000122070312,70.12000274658203,70.43000030517578,38.55228042602539,3685800,
2006-11-03,70.44999694824219,70.5,70.06999969482422,70.16000366210938,38.404502868652344,3242300,
2006-11-06,70.63999938964844,71.22000122070312,70.51000213623047,71.19999694824219,38.97377395629883,5598700,
2006-11-07,71.4000015258789,71.7699966430664,71.19000244140625,71.27999877929688,39.017555236816406,6005500,
2006-11-08,70.9000015258789,71.4000015258789,70.8499984741211,71.30000305175781,39.02850341796875,3607400,
2006-11-09,71.01000213623047,71.30000305175781,70.83000183105469,70.94000244140625,38.83143615722656,3768800,
2006-11-10,71.25,71.30000305175781,71.05000305175781,71.22000122070312,38.984718322753906,4116400,
2006-11-13,70.87999725341797,71.0199966430664,70.70999908447266,70.7699966430664,38.7384033203125,4064600,
2006-11-14,71.44000244140625,71.58999633789062,70.87999725341797,71.55000305175781,39.16535186767578,6901700,
2006-11-15,71.0999984741211,71.63999938964844,71.0,71.52999877929688,39.154396057128906,2810700,
2006-11-16,71.41999816894531,71.44999694824219,71.18000030517578,71.37999725341797,39.072296142578125,3451900,
2006-11-17,70.62000274658203,71.16999816894531,70.44999694824219,71.16999816894531,38.95734786987305,3346400,
2006-11-20,70.54000091552734,70.73999786376953,70.44000244140625,70.62999725341797,38.661766052246094,3933700,
2006-11-21,70.79000091552734,71.04000091552734,70.68000030517578,70.9800033569336,38.85334777832031,3291700,
2006-11-22,71.55999755859375,71.69999694824219,71.38999938964844,71.66999816894531,39.231048583984375,4944600,
2006-11-24,71.43000030517578,71.66999816894531,71.29000091552734,71.29000091552734,39.02304458618164,3341800,
2006-11-27,71.44999694824219,71.5,70.62999725341797,70.69999694824219,38.70008087158203,4632000,
2006-11-28,70.80000305175781,71.36000061035156,70.77999877929688,71.33000183105469,39.0449333190918,5369000,
2006-11-29,71.94999694824219,72.16999816894531,71.73999786376953,72.13999938964844,39.488311767578125,4843500,
2006-11-30,72.5,72.66000366210938,72.19000244140625,72.44999694824219,39.65800857543945,7728700,
2006-12-01,72.54000091552734,72.56999969482422,71.83000183105469,72.36000061035156,39.608734130859375,4977800,
2006-12-04,72.30000305175781,72.94999694824219,72.19999694824219,72.83000183105469,39.86602020263672,4143500,
2006-12-05,72.94000244140625,73.30000305175781,72.80999755859375,73.23999786376953,40.090431213378906,13172300,
2006-12-06,72.94999694824219,73.2300033569336,72.8499984741211,73.08000183105469,40.002864837646484,4641000,
2006-12-07,73.66000366210938,73.72000122070312,73.25,73.33000183105469,40.13970947265625,3735000,
2006-12-08,73.44999694824219,73.62000274658203,72.98999786376953,73.1500015258789,40.04115676879883,5172700,
2006-12-11,73.06999969482422,73.62999725341797,73.02999877929688,73.44999694824219,40.205379486083984,2909400,
2006-12-12,73.55999755859375,73.80000305175781,73.2300033569336,73.75,40.36960983276367,4246600,
2006-12-13,73.87999725341797,74.02999877929688,73.7300033569336,74.02999877929688,40.522865295410156,3111900,
2006-12-14,74.12999725341797,74.37000274658203,74.05000305175781,74.33000183105469,40.68709182739258,6839800,
2006-12-15,74.52999877929688,74.52999877929688,73.87999725341797,74.02999877929688,40.522865295410156,6932400,
2006-12-18,74.30000305175781,74.30000305175781,73.80000305175781,73.91999816894531,40.462650299072266,3569600,
2006-12-19,73.7699966430664,74.33000183105469,73.69000244140625,74.25,40.643287658691406,6391600,
2006-12-20,74.52999877929688,74.66000366210938,74.05000305175781,74.12000274658203,40.57215118408203,4919700,
2006-12-21,72.5999984741211,72.8499984741211,72.41999816894531,72.55000305175781,40.551448822021484,6433600,"{""dividend_amount"": 1.533}"
2006-12-22,72.80999755859375,72.80999755859375,72.08000183105469,72.37999725341797,40.4564323425293,5377900,
2006-12-26,72.44999694824219,72.62000274658203,72.19999694824219,72.3499984741211,40.43967056274414,3353800,
2006-12-27,72.86000061035156,73.25,72.83999633789062,73.25,40.942718505859375,3522400,
2006-12-28,73.41000366210938,73.44000244140625,73.05000305175781,73.30000305175781,40.970664978027344,4539600,
2006-12-29,73.18000030517578,73.44999694824219,73.0999984741211,73.22000122070312,40.925941467285156,5536000,
2007-01-03,73.95999908447266,74.06999969482422,73.27999877929688,73.51000213623047,41.088043212890625,12081400,
2007-01-04,73.30999755859375,73.47000122070312,73.0199966430664,73.30000305175781,40.970664978027344,8674000,
2007-01-05,72.79000091552734,72.79000091552734,72.0999984741211,72.19999694824219,40.3558235168457,8961600,
2007-01-08,72.47000122070312,72.47000122070312,72.11000061035156,72.30000305175781,40.4117317199707,6584100,
2007-01-09,72.6500015258789,72.66999816894531,72.02999877929688,72.37000274658203,40.450843811035156,8505700,
2007-01-10,71.69999694824219,71.91999816894531,71.5,71.81999969482422,40.1434211730957,5273600,
2007-01-11,71.81999969482422,72.5199966430664,71.76000213623047,72.27999877929688,40.40053176879883,4562000,
2007-01-12,72.61000061035156,73.16000366210938,72.58000183105469,73.0999984741211,40.858882904052734,6611900,
2007-01-16,73.29000091552734,73.37999725341797,72.87000274658203,73.01000213623047,40.808563232421875,6899500,
2007-01-17,72.91999816894531,73.31999969482422,72.81999969482422,73.05000305175781,40.830936431884766,3764900,
2007-01-18,73.4000015258789,73.48999786376953,72.80000305175781,72.80000305175781,40.69118881225586,7926000,
2007-01-19,73.12000274658203,73.77999877929688,73.08999633789062,73.69000244140625,41.18864822387695,7582600,
2007-01-22,73.91999816894531,74.0,73.19999694824219,73.31999969482422,40.981842041015625,6171500,
2007-01-23,73.6500015258789,74.12999725341797,73.5999984741211,73.97000122070312,41.34515380859375,5401500,
2007-01-24,74.0999984741211,74.51000213623047,74.05999755859375,74.44999694824219,41.613441467285156,7744400,
2007-01-25,74.12000274658203,74.16999816894531,73.0999984741211,73.23999786376953,40.9371223449707,5003800,
2007-01-26,73.4000015258789,73.4800033569336,72.97000122070312,73.37999725341797,41.01536560058594,5965500,
2007-01-29,73.4000015258789,73.66000366210938,73.26000213623047,73.45999908447266,41.06010055541992,5772600,
2007-01-30,73.7300033569336,73.9800033569336,73.61000061035156,73.95999908447266,41.33955383300781,4124800,
2007-01-31,73.44999694824219,74.33000183105469,73.27999877929688,74.23999786376953,41.4960823059082,5358500,
2007-02-01,74.73999786376953,74.93000030517578,74.55999755859375,74.86000061035156,41.842613220214844,7254100,
2007-02-02,74.75,74.80999755859375,74.5,74.70999908447266,41.75878143310547,7174500,
2007-02-05,74.29000091552734,74.56999969482422,74.20999908447266,74.47000122070312,41.624637603759766,3339100,
2007-02-06,74.98999786376953,75.11000061035156,74.66999816894531,75.05000305175781,41.94880676269531,4497700,
2007-02-07,75.18000030517578,75.44999694824219,75.02999877929688,75.26000213623047,42.066192626953125,5121800,
2007-02-08,74.58999633789062,75.0,74.45999908447266,74.95999908447266,41.89851760864258,3842600,
2007-02-09,75.06999969482422,75.1500015258789,74.43000030517578,74.63999938964844,41.719642639160156,4636400,
2007-02-12,74.52999877929688,74.56999969482422,74.22000122070312,74.3499984741211,41.557559967041016,5846900,
2007-02-13,74.83000183105469,75.33999633789062,74.7699966430664,75.30000305175781,42.08854675292969,4569100,
2007-02-14,75.66000366210938,76.4000015258789,75.62999725341797,76.31999969482422,42.65867614746094,5539000,
2007-02-15,76.38999938964844,76.5199966430664,76.16999816894531,76.41000366210938,42.708980560302734,4191200,
2007-02-16,76.31999969482422,76.94000244140625,75.5,76.37999725341797,42.69220733642578,4899400,
2007-02-20,76.31999969482422,77.0,76.0,76.48999786376953,42.753692626953125,7949700,
2007-02-21,75.83999633789062,76.37999725341797,75.69999694824219,76.0999984741211,42.535709381103516,6819200,
2007-02-22,76.27999877929688,76.45999908447266,76.16999816894531,76.44000244140625,42.72576141357422,4327600,
2007-02-23,76.55000305175781,76.79000091552734,76.4800033569336,76.68000030517578,42.85990524291992,3728100,
2007-02-26,77.16000366210938,77.18000030517578,76.70999908447266,76.72000122070312,42.88225555419922,5972100,
2007-02-27,75.66000366210938,75.76000213623047,73.01000213623047,73.62999725341797,41.155120849609375,12980000,
2007-02-28,74.0,74.66000366210938,73.87999725341797,74.1500015258789,41.44575500488281,8136300,
2007-03-01,72.9800033569336,73.66000366210938,72.0,73.38999938964844,41.02097702026367,11055900,
2007-03-02,72.9000015258789,73.18000030517578,72.33999633789062,72.4000015258789,40.46762466430664,6951000,
2007-03-05,71.45999908447266,72.23999786376953,70.9000015258789,70.9000015258789,39.629188537597656,8286300,
2007-03-06,72.44000244140625,73.25,72.25,73.0999984741211,40.858882904052734,8908400,
2007-03-07,73.06999969482422,73.58999633789062,72.94000244140625,73.12000274658203,40.870059967041016,6005700,
2007-03-08,73.7699966430664,74.19999694824219,73.75,73.9800033569336,41.35075378417969,5305700,
2007-03-09,74.18000030517578,74.30000305175781,73.77999877929688,74.0999984741211,41.417808532714844,8451700,
2007-03-12,74.13999938964844,74.63999938964844,73.9800033569336,74.58000183105469,41.68612289428711,5143100,
2007-03-13,73.97000122070312,74.18000030517578,72.69000244140625,72.80000305175781,40.69118881225586,5769600,
2007-03-14,72.33000183105469,72.91000366210938,71.43000030517578,72.83000183105469,40.70796585083008,9299900,
2007-03-15,72.69999694824219,73.30999755859375,72.66000366210938,73.16000366210938,40.89242172241211,4313700,
2007-03-16,73.43000030517578,73.83999633789062,73.05999755859375,73.25,40.942718505859375,4659400,
2007-03-19,74.0199966430664,74.37999725341797,73.87999725341797,74.37999725341797,41.57432174682617,6262200,
2007-03-20,74.23999786376953,75.08000183105469,74.19999694824219,75.01000213623047,41.92646789550781,4477900,
2007-03-21,75.25,76.72000122070312,75.01000213623047,76.61000061035156,42.82076644897461,6514700,
2007-03-22,76.58000183105469,76.68000030517578,76.1500015258789,76.31999969482422,42.65867614746094,4099400,
2007-03-23,76.5,76.69999694824219,76.37000274658203,76.5,42.75928497314453,5361600,
2007-03-26,76.47000122070312,76.63999938964844,75.80999755859375,76.52999877929688,42.77604293823242,4736400,
2007-03-27,76.52999877929688,76.52999877929688,75.94999694824219,76.19000244140625,42.58602523803711,4700700,
2007-03-28,75.70999908447266,75.87999725341797,75.30000305175781,75.5199966430664,42.211517333984375,7258800,
2007-03-29,76.2699966430664,76.37999725341797,75.75,76.18000030517578,42.58042526245117,6979600,
2007-03-30,76.16000366210938,76.48999786376953,76.08000183105469,76.30000305175781,42.647483825683594,8504700,
2007-04-02,76.30000305175781,76.62999725341797,76.05000305175781,76.5,42.75928497314453,7702400,
2007-04-03,76.81999969482422,77.61000061035156,76.7699966430664,77.13999938964844,43.117000579833984,5387500,
2007-04-04,77.25,77.5,77.05999755859375,77.45999908447266,43.29587173461914,7809700,
2007-04-05,77.5,77.87999725341797,77.43000030517578,77.73999786376953,43.45237350463867,3051600,
2007-04-09,77.75,77.8499984741211,77.52999877929688,77.68000030517578,43.41883087158203,4103200,
2007-04-10,78.05000305175781,78.41000366210938,77.97000122070312,78.26000213623047,43.74302673339844,5112200,
2007-04-11,78.4000015258789,78.44999694824219,77.68000030517578,77.87999725341797,43.530635833740234,7729600,
2007-04-12,77.68000030517578,78.48999786376953,77.52999877929688,78.4000015258789,43.821285247802734,6007200,
2007-04-13,78.54000091552734,78.69000244140625,78.23999786376953,78.66000366210938,43.966609954833984,3711700,
2007-04-16,79.25,79.66999816894531,79.22000122070312,79.48999786376953,44.43053436279297,12054000,
2007-04-17,79.48999786376953,79.62000274658203,79.1500015258789,79.5,44.43610763549805,24911200,
2007-04-18,79.30000305175781,79.7300033569336,79.19000244140625,79.47000122070312,44.419349670410156,5797900,
2007-04-19,78.66000366210938,79.37999725341797,78.62000274658203,79.16999816894531,44.25165557861328,6385900,
2007-04-20,79.81999969482422,80.08000183105469,79.63999938964844,80.08000183105469,44.760311126708984,6654100,
2007-04-23,79.5999984741211,79.68000030517578,79.23999786376953,79.30000305175781,44.3243293762207,6250100,
2007-04-24,79.19000244140625,79.3499984741211,78.87999725341797,79.25,44.2963752746582,8034800,
2007-04-25,79.6500015258789,80.02999877929688,79.30999755859375,79.98999786376953,44.71000289916992,6584200,
2007-04-26,79.94999694824219,79.94999694824219,79.25,79.62000274658203,44.50319290161133,9558700,
2007-04-27,79.30000305175781,79.58999633789062,79.11000061035156,79.44999694824219,44.40816116333008,3837700,
2007-04-30,79.41999816894531,79.80000305175781,78.98999786376953,79.16000366210938,44.24608612060547,6285400,
2007-05-01,79.3499984741211,79.4000015258789,78.63999938964844,79.08000183105469,44.20137023925781,5349800,
2007-05-02,79.30000305175781,79.75,79.19999694824219,79.68000030517578,44.5367317199707,6366000,
2007-05-03,79.70999908447266,79.79000091552734,79.41000366210938,79.79000091552734,44.59821701049805,5510700,
2007-05-04,80.19999694824219,80.55999755859375,80.19999694824219,80.54000091552734,45.01742935180664,6404800,
2007-05-07,80.68000030517578,80.80000305175781,80.5999984741211,80.66000366210938,45.08449172973633,4647500,
2007-05-08,80.05000305175781,80.05999755859375,79.55999755859375,80.0,44.715599060058594,8882800,
2007-05-09,80.08000183105469,80.48999786376953,79.94000244140625,80.44000244140625,44.96152877807617,7718100,
2007-05-10,79.70999908447266,79.98999786376953,78.66000366210938,78.8499984741211,44.07279968261719,7110200,
2007-05-11,79.33999633789062,80.23999786376953,79.33999633789062,80.18000030517578,44.81620788574219,5222000,
2007-05-14,80.69000244140625,80.69000244140625,79.52999877929688,79.87999725341797,44.64851760864258,5662900,
2007-05-15,79.72000122070312,80.55000305175781,79.62999725341797,80.0199966430664,44.72677230834961,6407900,
2007-05-16,80.12000274658203,80.19999694824219,79.58999633789062,80.13999938964844,44.7938346862793,5397900,
2007-05-17,79.66999816894531,79.91999816894531,79.45999908447266,79.7300033569336,44.56467056274414,3868000,
2007-05-18,80.13999938964844,80.5,79.9800033569336,80.33999633789062,44.9056396484375,3817800,
2007-05-21,80.1500015258789,80.27999877929688,79.94999694824219,79.97000122070312,44.698829650878906,7652800,
2007-05-22,80.38999938964844,80.44000244140625,80.04000091552734,80.04000091552734,44.737945556640625,3605500,
2007-05-23,80.83999633789062,80.9800033569336,80.33000183105469,80.44999694824219,44.96711349487305,11083800,
2007-05-24,80.4800033569336,80.63999938964844,79.44999694824219,79.68000030517578,44.5367317199707,6064400,
2007-05-25,79.94999694824219,80.19000244140625,79.79000091552734,80.19000244140625,44.82179641723633,6213100,
2007-05-29,80.5199966430664,80.66999816894531,79.94000244140625,80.29000091552734,44.877681732177734,5330900,
2007-05-30,79.5999984741211,80.62999725341797,79.55999755859375,80.62999725341797,45.067726135253906,5249800,
2007-05-31,80.9000015258789,81.13999938964844,80.80000305175781,81.02999877929688,45.29130935668945,9318400,
2007-06-01,81.36000061035156,81.5999984741211,81.30999755859375,81.55999755859375,45.587547302246094,3408400,
2007-06-04,81.52999877929688,81.79000091552734,81.52999877929688,81.77999877929688,45.71051025390625,4870000,
2007-06-05,81.66999816894531,81.7300033569336,81.01000213623047,81.36000061035156,45.475746154785156,4022000,
2007-06-06,81.05000305175781,81.0999984741211,80.08000183105469,80.19000244140625,44.82179641723633,5453700,
2007-06-07,78.83000183105469,80.19000244140625,78.68000030517578,78.81999969482422,44.05602264404297,10025900,
2007-06-08,79.04000091552734,79.7699966430664,78.75,79.68000030517578,44.5367317199707,5170600,
2007-06-11,79.4800033569336,80.13999938964844,79.33999633789062,79.94999694824219,44.68764877319336,3701900,
2007-06-12,79.08000183105469,79.61000061035156,78.4800033569336,78.52999877929688,43.8939323425293,6530400,
2007-06-13,78.80000305175781,79.63999938964844,78.70999908447266,79.55000305175781,44.46406555175781,8119500,
2007-06-14,79.68000030517578,80.25,79.61000061035156,80.13999938964844,44.7938346862793,7109200,
2007-06-15,81.02999877929688,81.30999755859375,80.79000091552734,80.79000091552734,45.15717315673828,4672300,
2007-06-18,81.41000366210938,81.4800033569336,80.9800033569336,81.23999786376953,45.408687591552734,4333800,
2007-06-19,81.12000274658203,81.41999816894531,80.9800033569336,81.31999969482422,45.453399658203125,3381500,
2007-06-20,81.66999816894531,81.73999786376953,80.31999969482422,80.36000061035156,44.91682052612305,5157500,
2007-06-21,80.5,81.44999694824219,80.26000213623047,81.08999633789062,45.32484817504883,4977900,
2007-06-22,80.80000305175781,80.83999633789062,79.80000305175781,79.97000122070312,44.698829650878906,7624600,
2007-06-25,80.05999755859375,80.69999694824219,79.68000030517578,79.94999694824219,44.68764877319336,6233400,
2007-06-26,80.41999816894531,80.5,79.55000305175781,79.55000305175781,44.46406555175781,8359900,
2007-06-27,79.2699966430664,80.1500015258789,79.22000122070312,80.12000274658203,44.782657623291016,6194900,
2007-06-28,80.27999877929688,80.70999908447266,80.0999984741211,80.18000030517578,44.81620788574219,7796800,
2007-06-29,80.7699966430664,81.16000366210938,80.33999633789062,80.7699966430664,45.14598083496094,10251500,
2007-07-02,81.44999694824219,81.9800033569336,81.19000244140625,81.94000244140625,45.79995346069336,6357400,
2007-07-03,82.18000030517578,82.61000061035156,82.06999969482422,82.33000183105469,46.01793670654297,2146300,
2007-07-05,82.19999694824219,82.30000305175781,81.63999938964844,81.91999816894531,45.78876495361328,6216300,
2007-07-06,82.12000274658203,82.55999755859375,81.95999908447266,82.51000213623047,46.1185417175293,3310600,
2007-07-09,82.77999877929688,82.91999816894531,82.61000061035156,82.70999908447266,46.23032760620117,6013200,
2007-07-10,82.25,82.4800033569336,81.61000061035156,81.69999694824219,45.665802001953125,5760000,
2007-07-11,82.0,82.5199966430664,81.87000274658203,82.47000122070312,46.096195220947266,5451600,
2007-07-12,82.62000274658203,83.80000305175781,82.62000274658203,83.62000274658203,46.738975524902344,5022800,
2007-07-13,83.11000061035156,83.66000366210938,83.08999633789062,83.55999755859375,46.70542526245117,5231000,
2007-07-16,83.55999755859375,83.69999694824219,83.27999877929688,83.37000274658203,46.599239349365234,3503000,
2007-07-17,83.2699966430664,83.4800033569336,83.08999633789062,83.08999633789062,46.442726135253906,4005300,
2007-07-18,82.80000305175781,83.08999633789062,82.22000122070312,82.80000305175781,46.2806396484375,10019900,
2007-07-19,83.4800033569336,83.69000244140625,83.19000244140625,83.2699966430664,46.54335021972656,5586300,
2007-07-20,83.19999694824219,83.2699966430664,82.18000030517578,82.41000366210938,46.062652587890625,5625600,
2007-07-23,82.98999786376953,83.2699966430664,82.80000305175781,82.91000366210938,46.34210968017578,5016700,
2007-07-24,82.68000030517578,82.68000030517578,81.2699966430664,81.66000366210938,45.643436431884766,9805600,
2007-07-25,81.95999908447266,82.01000213623047,80.83999633789062,81.44000244140625,45.520477294921875,8867500,
2007-07-26,81.05000305175781,81.05000305175781,78.04000091552734,78.7300033569336,44.005741119384766,13657300,
2007-07-27,78.6500015258789,79.0,77.52999877929688,77.63999938964844,43.396484375,9895400,
2007-07-30,78.7699966430664,79.30999755859375,78.37000274658203,79.0199966430664,44.16783142089844,9021100,
2007-07-31,79.7699966430664,80.16000366210938,78.80000305175781,78.91999816894531,44.11193084716797,11469500,
2007-08-01,78.6500015258789,79.63999938964844,77.7699966430664,79.05000305175781,44.184593200683594,11344300,
2007-08-02,79.0,79.37000274658203,78.55000305175781,79.29000091552734,44.31874084472656,9015000,
2007-08-03,78.68000030517578,79.01000213623047,77.52999877929688,77.86000061035156,43.519447326660156,7883200,
2007-08-06,78.29000091552734,78.94999694824219,77.80000305175781,78.70999908447266,43.99454879760742,7220900,
2007-08-07,78.1500015258789,79.41999816894531,78.08000183105469,78.9800033569336,44.14546585083008,8305700,
2007-08-08,79.75,80.68000030517578,79.66999816894531,80.26000213623047,44.86091613769531,8609500,
2007-08-09,78.26000213623047,78.94999694824219,77.80999755859375,77.97000122070312,43.5809326171875,8844100,
2007-08-10,76.30000305175781,77.33999633789062,76.0,76.62999725341797,42.831947326660156,11124300,
2007-08-13,77.55999755859375,77.7699966430664,76.77999877929688,76.77999877929688,42.9157829284668,5942900,
2007-08-14,77.38999938964844,77.41999816894531,75.7699966430664,76.04000091552734,42.5021858215332,8083000,
2007-08-15,75.08000183105469,76.5199966430664,74.08000183105469,74.26000213623047,41.50724792480469,11236300,
2007-08-16,71.0,74.0,67.5,73.94000244140625,41.328392028808594,22832500,
2007-08-17,74.94999694824219,75.37999725341797,73.80999755859375,74.62000274658203,41.708473205566406,11580600,
2007-08-20,75.1500015258789,75.22000122070312,74.1500015258789,74.86000061035156,41.842613220214844,7638200,
2007-08-21,74.75,75.25,74.5999984741211,74.80999755859375,41.814674377441406,6882500,
2007-08-22,76.05999755859375,76.66999816894531,75.95999908447266,76.58000183105469,42.80400466918945,8277500,
2007-08-23,77.41999816894531,77.44000244140625,76.47000122070312,76.91999816894531,42.994049072265625,4939500,
2007-08-24,77.0999984741211,78.30000305175781,77.0199966430664,78.26000213623047,43.74302673339844,4861900,
2007-08-27,77.95999908447266,77.9800033569336,77.43000030517578,77.43000030517578,43.27910232543945,7691500,
2007-08-28,77.12000274658203,77.16000366210938,75.54000091552734,75.87000274658203,42.407135009765625,8262100,
2007-08-29,76.69000244140625,77.75,76.43000030517578,77.61000061035156,43.37971115112305,5959300,
2007-08-30,76.80000305175781,77.69999694824219,76.4000015258789,77.06999969482422,43.077877044677734,6076800,
2007-08-31,78.70999908447266,78.97000122070312,78.18000030517578,78.41999816894531,43.83245849609375,7313400,
2007-09-04,78.22000122070312,79.4800033569336,78.0999984741211,79.13999938964844,44.23488998413086,5454400,
2007-09-05,78.13999938964844,78.22000122070312,77.6500015258789,77.98999786376953,43.59210968017578,7351400,
2007-09-06,78.05000305175781,78.69000244140625,77.25,78.27999877929688,43.75419998168945,4950000,
2007-09-07,77.4800033569336,77.72000122070312,77.02999877929688,77.33000183105469,43.22321319580078,7796000,
2007-09-10,77.55000305175781,77.58999633789062,76.4000015258789,77.01000213623047,43.044342041015625,4196600,
2007-09-11,77.62999725341797,78.36000061035156,77.54000091552734,78.33999633789062,43.78773880004883,7243200,
2007-09-12,77.95999908447266,78.68000030517578,77.87999725341797,78.41999816894531,43.83245849609375,4960400,
2007-09-13,78.72000122070312,79.06999969482422,78.45999908447266,78.75,44.01690673828125,7211100,
2007-09-14,77.88999938964844,78.52999877929688,77.7699966430664,78.29000091552734,43.75979232788086,5239800,
2007-09-17,77.55000305175781,77.83000183105469,76.91999816894531,77.19000244140625,43.144954681396484,5785200,
2007-09-18,77.79000091552734,79.80999755859375,77.51000213623047,79.69999694824219,44.54790115356445,10021300,
2007-09-19,80.5,80.91999816894531,80.18000030517578,80.41999816894531,44.950355529785156,6846200,
2007-09-20,80.55999755859375,80.87000274658203,80.01000213623047,80.3499984741211,44.911224365234375,7612300,
2007-09-21,80.86000061035156,81.19999694824219,80.69999694824219,80.69999694824219,45.10685729980469,5809500,
2007-09-24,81.25,81.91000366210938,80.75,80.87999725341797,45.207462310791016,5901800,
2007-09-25,80.4000015258789,81.05000305175781,80.4000015258789,80.9800033569336,45.263362884521484,4832900,
2007-09-26,81.44999694824219,81.62000274658203,81.04000091552734,81.37999725341797,45.486934661865234,5547100,
2007-09-27,82.41999816894531,82.5199966430664,80.45999908447266,82.45999908447266,46.0905876159668,6117100,
2007-09-28,82.56999969482422,82.93000030517578,82.16999816894531,82.58999633789062,46.16326141357422,15156000,
2007-10-01,82.73999786376953,83.94999694824219,82.6500015258789,83.6500015258789,46.75574493408203,8508100,
2007-10-02,83.5999984741211,83.66999816894531,83.08000183105469,83.44000244140625,46.63835906982422,5801400,
2007-10-03,83.41999816894531,83.44999694824219,82.93000030517578,83.05999755859375,46.425960540771484,6839700,
2007-10-04,83.33999633789062,83.58999633789062,83.0199966430664,83.3499984741211,46.588050842285156,3061400,
2007-10-05,83.6500015258789,84.44000244140625,83.6500015258789,84.19999694824219,47.063167572021484,5486700,
2007-10-08,82.62000274658203,85.19999694824219,82.56999969482422,83.41999816894531,46.627193450927734,3801400,
2007-10-09,83.56999969482422,84.38999938964844,83.56999969482422,84.3499984741211,47.147003173828125,4796200,
2007-10-10,83.69999694824219,84.33000183105469,83.20999908447266,84.19000244140625,47.057579040527344,5991100,
2007-10-11,85.5999984741211,85.5999984741211,84.26000213623047,84.58000183105469,47.27556228637695,7069500,
2007-10-12,84.52999877929688,85.08999633789062,84.43000030517578,84.94999694824219,47.48236083984375,4354600,
2007-10-15,84.87000274658203,84.91000366210938,83.8499984741211,84.26000213623047,47.0966911315918,5428100,
2007-10-16,83.25,83.37000274658203,82.9000015258789,82.95999908447266,46.37007141113281,7389800,
2007-10-17,83.94999694824219,84.08999633789062,83.16999816894531,83.83999633789062,46.861934661865234,6810300,
2007-10-18,83.6500015258789,84.13999938964844,83.5999984741211,84.04000091552734,46.97371292114258,3925000,
2007-10-19,83.5999984741211,83.5999984741211,82.13999938964844,82.19000244140625,45.939693450927734,9232400,
2007-10-22,81.31999969482422,82.0999984741211,81.30999755859375,82.08999633789062,45.88377380371094,6704000,
2007-10-23,83.12999725341797,83.41000366210938,82.5999984741211,83.25,46.532161712646484,7097000,
2007-10-24,82.87999725341797,83.12000274658203,81.83999633789062,83.06999969482422,46.431556701660156,9818100,
2007-10-25,83.29000091552734,83.44999694824219,82.76000213623047,83.44999694824219,46.64395523071289,8531500,
2007-10-26,84.43000030517578,85.0199966430664,84.25,84.95999908447266,47.48796081542969,5992900,
2007-10-29,85.26000213623047,85.69999694824219,85.16999816894531,85.58000183105469,47.834503173828125,5745100,
2007-10-30,85.0,85.33999633789062,84.8499984741211,84.9000015258789,47.454429626464844,8347700,
2007-10-31,85.36000061035156,86.5,85.2300033569336,86.0999984741211,48.12514877319336,8751300,
2007-11-01,84.76000213623047,84.9000015258789,84.0,84.29000091552734,47.113468170166016,9412700,
2007-11-02,84.27999877929688,84.76000213623047,83.7300033569336,84.76000213623047,47.37617111206055,9559700,
2007-11-05,83.4800033569336,83.77999877929688,83.02999877929688,83.41000366210938,46.6215934753418,6812300,
2007-11-06,84.02999877929688,84.68000030517578,83.94999694824219,84.66999816894531,47.325870513916016,6590000,
2007-11-07,84.0,84.43000030517578,82.94000244140625,83.19999694824219,46.504207611083984,7956300,
2007-11-08,83.01000213623047,83.77999877929688,82.54000091552734,83.3499984741211,46.588050842285156,9869300,
2007-11-09,82.76000213623047,82.76000213623047,81.5,81.7300033569336,45.68256759643555,8293000,
2007-11-12,80.80000305175781,81.55000305175781,80.30000305175781,80.38999938964844,44.93357467651367,7366400,
2007-11-13,81.5,82.75,81.5,82.55000305175781,46.140899658203125,6678000,
2007-11-14,83.73999786376953,83.73999786376953,82.12000274658203,82.41999816894531,46.0682487487793,9712300,
2007-11-15,81.55000305175781,81.87999725341797,80.54000091552734,81.05999755859375,45.308082580566406,10754300,
2007-11-16,81.56999969482422,81.58000183105469,80.63999938964844,81.31999969482422,45.453399658203125,13421500,
2007-11-19,81.0,81.0,78.0,79.16999816894531,44.25165557861328,12391600,
2007-11-20,80.2699966430664,81.20999908447266,80.02999877929688,80.94000244140625,45.240997314453125,11649200,
2007-11-21,79.37999725341797,79.9800033569336,78.76000213623047,79.11000061035156,44.2181396484375,11096600,
2007-11-23,80.30000305175781,81.12000274658203,80.30000305175781,81.0999984741211,45.33041763305664,3629400,
2007-11-26,81.22000122070312,81.48999786376953,79.66999816894531,79.83000183105469,44.62056350708008,9880400,
2007-11-27,80.9800033569336,81.12999725341797,80.11000061035156,80.91000366210938,45.2242317199707,10679800,
2007-11-28,81.4000015258789,83.62999725341797,81.05000305175781,83.20999908447266,46.50981140136719,12647900,
2007-11-29,82.0999984741211,83.0,82.0999984741211,82.52999877929688,46.12971878051758,8476000,
2007-11-30,83.88999938964844,83.91000366210938,82.45999908447266,82.9800033569336,46.381256103515625,14157700,
2007-12-03,83.11000061035156,83.11000061035156,82.52999877929688,82.66999816894531,46.207969665527344,11526100,
2007-12-04,82.05000305175781,82.31999969482422,81.9000015258789,82.1500015258789,45.917335510253906,8961000,
2007-12-05,82.76000213623047,83.41999816894531,82.76000213623047,83.0999984741211,46.44831466674805,8764100,
2007-12-06,82.8499984741211,83.95999908447266,82.72000122070312,83.88999938964844,46.88987731933594,8492400,
2007-12-07,83.76000213623047,83.80000305175781,83.43000030517578,83.55999755859375,46.70542526245117,9451900,
2007-12-10,84.02999877929688,84.5199966430664,83.91000366210938,84.41999816894531,47.18612289428711,14407800,
2007-12-11,84.29000091552734,84.54000091552734,82.0999984741211,82.22000122070312,45.956451416015625,15626400,
2007-12-12,84.5,84.66999816894531,83.08999633789062,83.87000274658203,46.87871170043945,12330400,
2007-12-13,82.23999786376953,82.44999694824219,81.38999938964844,82.16000366210938,45.92291259765625,26822200,
2007-12-14,80.56999969482422,80.95999908447266,79.94000244140625,79.94000244140625,44.68206024169922,18638800,
2007-12-17,79.0999984741211,79.27999877929688,78.20999908447266,78.23999786376953,43.73184585571289,21841800,
2007-12-18,79.58999633789062,79.61000061035156,78.12000274658203,79.22000122070312,44.279624938964844,18508900,
2007-12-19,78.93000030517578,79.13999938964844,78.13999938964844,78.56999969482422,43.91627883911133,13308700,
2007-12-20,78.95999908447266,79.12999725341797,78.48999786376953,79.12999725341797,44.229312896728516,13827600,
2007-12-21,79.83000183105469,80.26000213623047,79.62000274658203,80.26000213623047,44.86091613769531,26845200,
2007-12-24,79.30000305175781,79.30000305175781,78.0,78.58000183105469,45.044349670410156,5156500,"{""dividend_amount"": 2.0}"
2007-12-26,78.83999633789062,79.12999725341797,78.5199966430664,78.80000305175781,45.170467376708984,7051800,
2007-12-27,78.87999725341797,78.94000244140625,78.26000213623047,78.31999969482422,44.895320892333984,9729400,
2007-12-28,79.2300033569336,79.2699966430664,78.8499984741211,78.98999786376953,45.27936935424805,6358300,
2007-12-31,79.2300033569336,79.23999786376953,78.13999938964844,78.5,44.998504638671875,14091500,
2008-01-02,79.02999877929688,79.22000122070312,78.0199966430664,78.22000122070312,44.83798599243164,13770500,
2008-01-03,78.33999633789062,78.6500015258789,78.19999694824219,78.3499984741211,44.912513732910156,13924700,
2008-01-04,78.0199966430664,78.0199966430664,76.5,76.56999969482422,43.89215850830078,11883900,
2008-01-07,77.05000305175781,77.11000061035156,76.29000091552734,76.6500015258789,43.938026428222656,18197300,
2008-01-08,77.43000030517578,77.77999877929688,76.08999633789062,76.22000122070312,43.6915397644043,15632600,
2008-01-09,76.22000122070312,76.86000061035156,75.75,76.7699966430664,44.00680160522461,14863600,
2008-01-10,75.87000274658203,77.0199966430664,75.72000122070312,76.69000244140625,43.96094512939453,14018200,
2008-01-11,75.81999969482422,75.91000366210938,74.91999816894531,75.16000366210938,43.08390808105469,10759900,
2008-01-14,76.5999984741211,76.62999725341797,76.0199966430664,76.36000061035156,43.771785736083984,10031000,
2008-01-15,75.19000244140625,75.26000213623047,73.73999786376953,73.87999725341797,42.35017776489258,12630400,
2008-01-16,73.3499984741211,73.94999694824219,72.13999938964844,72.38999938964844,41.49607849121094,16323300,
2008-01-17,73.16999816894531,73.4000015258789,71.01000213623047,71.30000305175781,40.87124252319336,22476600,
2008-01-18,72.5999984741211,72.97000122070312,71.1500015258789,71.70999908447266,41.10626220703125,21939600,
2008-01-22,66.5,69.94000244140625,66.12999725341797,69.70999908447266,39.95980453491211,24637000,
2008-01-23,66.25,69.37000274658203,65.62999725341797,69.30000305175781,39.72478485107422,33608600,
2008-01-24,70.44999694824219,71.7300033569336,69.95999908447266,71.7300033569336,41.117740631103516,14649000,
2008-01-25,72.7300033569336,72.77999877929688,70.20999908447266,70.69000244140625,40.52157211303711,15052900,
2008-01-28,70.54000091552734,71.52999877929688,69.80000305175781,71.4800033569336,40.97442626953125,17770100,
2008-01-29,71.80999755859375,71.9800033569336,71.1500015258789,71.91000366210938,41.22091293334961,12914400,
2008-01-30,71.33999633789062,73.06999969482422,70.87999725341797,71.58000183105469,41.03173828125,15417100,
2008-01-31,70.25,72.76000213623047,70.20999908447266,72.33999633789062,41.46739959716797,18976200,
2008-02-01,72.95999908447266,73.55000305175781,72.55000305175781,73.55000305175781,42.1610107421875,13916700,
2008-02-04,73.41000366210938,73.43000030517578,72.72000122070312,72.80000305175781,41.73108673095703,11102300,
2008-02-05,70.9800033569336,71.06999969482422,69.4000015258789,69.45999908447266,39.81650161743164,15487400,
2008-02-06,70.20999908447266,70.54000091552734,69.31999969482422,69.4000015258789,39.782108306884766,15260200,
2008-02-07,68.69999694824219,69.52999877929688,68.30999755859375,69.05000305175781,39.58146286010742,14439600,
2008-02-08,68.3499984741211,69.0199966430664,67.9000015258789,68.33999633789062,39.174476623535156,12543800,
2008-02-11,68.6500015258789,68.81999969482422,67.81999969482422,68.69999694824219,39.38084411621094,11886900,
2008-02-12,69.76000213623047,70.70999908447266,69.62000274658203,70.18000030517578,40.22923278808594,14224000,
2008-02-13,70.44000244140625,70.87000274658203,69.83000183105469,70.66000366210938,40.5043830871582,10028700,
2008-02-14,71.27999877929688,71.33999633789062,70.2699966430664,70.33999633789062,40.32093811035156,9046200,
2008-02-15,70.30000305175781,70.61000061035156,69.94999694824219,70.5999984741211,40.46998977661133,9362200,
2008-02-19,72.19000244140625,72.2300033569336,71.08000183105469,71.29000091552734,40.86552047729492,10562000,
2008-02-20,69.88999938964844,71.22000122070312,69.83000183105469,70.91999816894531,40.65340805053711,20118300,
2008-02-21,71.69000244140625,71.83999633789062,70.73999786376953,70.79000091552734,40.57889175415039,11478900,
2008-02-22,71.66999816894531,71.69000244140625,70.36000061035156,71.69000244140625,41.09480667114258,12524600,
2008-02-25,71.91999816894531,72.86000061035156,71.52999877929688,72.83000183105469,41.748287200927734,12643600,
2008-02-26,72.88999938964844,74.23999786376953,72.63999938964844,73.91000366210938,42.367366790771484,11409300,
2008-02-27,73.4000015258789,74.52999877929688,73.37000274658203,74.1500015258789,42.504947662353516,12680700,
2008-02-28,73.55999755859375,73.87000274658203,73.20999908447266,73.44000244140625,42.097965240478516,9345600,
2008-02-29,72.54000091552734,72.5999984741211,71.45999908447266,71.5999984741211,41.0432243347168,16244300,
2008-03-03,71.5199966430664,72.19000244140625,71.08999633789062,71.80999755859375,41.16358947753906,11907200,
2008-03-04,70.52999877929688,70.9800033569336,69.94000244140625,70.72000122070312,40.53877639770508,14389700,
2008-03-05,71.31999969482422,72.05999755859375,70.95999908447266,71.56999969482422,41.026004791259766,11441200,
2008-03-06,71.5999984741211,71.7300033569336,70.52999877929688,70.55000305175781,40.441322326660156,11643200,
2008-03-07,69.94999694824219,70.73999786376953,69.44999694824219,69.72000122070312,39.965545654296875,10738500,
2008-03-10,70.19999694824219,72.5,68.97000122070312,69.37000274658203,39.76490783691406,25154900,
2008-03-11,71.08000183105469,71.55999755859375,70.05000305175781,71.55999755859375,41.020286560058594,14641800,
2008-03-12,71.80999755859375,72.0,71.25,71.55999755859375,41.020286560058594,15803200,
2008-03-13,70.44000244140625,71.94999694824219,70.13999938964844,71.68000030517578,41.08907699584961,11435300,
2008-03-14,71.63999938964844,71.79000091552734,69.43000030517578,69.94999694824219,40.097389221191406,13901300,
2008-03-17,68.16000366210938,69.47000122070312,67.87999725341797,68.88999938964844,39.48976516723633,17473700,
2008-03-18,70.05000305175781,71.0,69.80000305175781,71.0,40.699275970458984,18299700,
2008-03-19,70.33999633789062,70.6500015258789,68.30999755859375,68.43000030517578,39.22608184814453,13885800,
2008-03-20,68.0,69.58000183105469,67.79000091552734,69.45999908447266,39.81650161743164,14106800,
2008-03-24,69.7699966430664,71.08000183105469,69.7699966430664,70.7300033569336,40.54450225830078,13955800,
2008-03-25,71.30000305175781,71.91999816894531,70.87999725341797,71.76000213623047,41.134918212890625,18299600,
2008-03-26,71.79000091552734,72.06999969482422,71.38999938964844,71.76000213623047,41.134918212890625,12468500,
2008-03-27,72.86000061035156,72.86000061035156,71.68000030517578,71.69999694824219,41.10054016113281,10316600,
2008-03-28,72.12000274658203,72.29000091552734,71.55999755859375,71.63999938964844,41.06614303588867,11224600,
2008-03-31,71.69000244140625,72.38999938964844,71.62000274658203,71.9000015258789,41.215187072753906,15065500,
2008-04-01,72.9000015258789,74.23999786376953,72.73999786376953,74.16999816894531,42.51641845703125,18534500,
2008-04-02,74.1500015258789,74.58999633789062,73.77999877929688,74.33000183105469,42.60813522338867,10982700,
2008-04-03,73.8499984741211,74.80999755859375,73.80999755859375,74.55000305175781,42.7342414855957,7069400,
2008-04-04,74.77999877929688,75.13999938964844,74.26000213623047,74.80000305175781,42.877540588378906,9901600,
2008-04-07,75.5,75.62000274658203,75.0999984741211,75.26000213623047,43.14122772216797,7494700,
2008-04-08,74.23999786376953,74.6500015258789,74.13999938964844,74.47000122070312,42.68837356567383,7534000,
2008-04-09,74.44999694824219,74.48999786376953,73.73999786376953,73.86000061035156,42.338714599609375,11748900,
2008-04-10,73.68000030517578,74.04000091552734,73.23999786376953,73.62999725341797,42.20686721801758,12757700,
2008-04-11,73.19999694824219,73.44999694824219,72.63999938964844,72.63999938964844,41.639381408691406,7246900,
2008-04-14,72.87000274658203,73.11000061035156,72.58000183105469,72.80000305175781,41.73108673095703,7161800,
2008-04-15,73.26000213623047,73.33999633789062,72.73999786376953,73.30999755859375,42.023441314697266,10849500,
2008-04-16,74.4800033569336,75.62000274658203,74.41000366210938,75.62000274658203,43.347599029541016,10529100,
2008-04-17,74.4000015258789,74.88999938964844,74.30000305175781,74.77999877929688,42.866092681884766,17629000,
2008-04-18,75.26000213623047,75.66999816894531,75.01000213623047,75.30999755859375,43.16989517211914,19354900,
2008-04-21,75.47000122070312,75.93000030517578,75.29000091552734,75.9000015258789,43.50809860229492,6355100,
2008-04-22,75.3499984741211,75.44999694824219,74.81999969482422,75.11000061035156,43.05524444580078,7264100,
2008-04-23,75.0999984741211,75.63999938964844,74.69000244140625,75.5,43.278812408447266,10522800,
2008-04-24,74.73999786376953,75.43000030517578,74.23999786376953,75.01000213623047,42.99793243408203,8145200,
2008-04-25,75.79000091552734,75.9800033569336,75.33999633789062,75.62999725341797,43.35331344604492,17696000,
2008-04-28,76.25,76.37000274658203,76.01000213623047,76.06999969482422,43.605552673339844,7686400,
2008-04-29,75.56999969482422,75.66000366210938,75.29000091552734,75.4000015258789,43.22148895263672,7570100,
2008-04-30,75.62999725341797,76.4000015258789,75.62000274658203,75.80999755859375,43.45650100708008,9458000,
2008-05-01,75.4000015258789,76.33999633789062,75.33999633789062,76.2699966430664,43.720184326171875,11560300,
2008-05-02,76.80000305175781,76.9000015258789,76.08999633789062,76.4800033569336,43.840572357177734,15374600,
2008-05-05,76.69999694824219,76.77999877929688,76.41999816894531,76.61000061035156,43.91508865356445,7669900,
2008-05-06,76.3499984741211,77.2699966430664,76.2699966430664,77.18000030517578,44.2418212890625,8318300,
2008-05-07,76.69000244140625,76.87000274658203,75.7300033569336,75.83000183105469,43.467979431152344,9339200,
2008-05-08,76.43000030517578,76.7699966430664,76.2300033569336,76.48999786376953,43.84628677368164,6971300,
2008-05-09,75.7300033569336,76.1500015258789,75.62999725341797,75.87999725341797,43.49663162231445,5649300,
2008-05-12,76.1500015258789,76.7699966430664,76.02999877929688,76.63999938964844,43.932289123535156,6293200,
2008-05-13,76.41000366210938,76.47000122070312,76.05000305175781,76.37999725341797,43.78324508666992,8349900,
2008-05-14,76.56999969482422,76.97000122070312,76.37999725341797,76.37999725341797,43.78324508666992,7236300,
2008-05-15,76.97000122070312,77.73999786376953,76.83000183105469,77.68000030517578,44.5284309387207,6406700,
2008-05-16,78.0,78.52999877929688,77.80000305175781,78.5199966430664,45.00996780395508,8314200,
2008-05-19,78.55999755859375,78.7699966430664,78.08000183105469,78.19999694824219,44.826515197753906,7394100,
2008-05-20,77.95999908447266,78.01000213623047,77.37000274658203,77.4800033569336,44.413818359375,11190900,
2008-05-21,77.56999969482422,77.69000244140625,76.52999877929688,76.5999984741211,43.90936279296875,13505300,
2008-05-22,77.45999908447266,77.7300033569336,77.25,77.48999786376953,44.419517517089844,9171800,
2008-05-23,77.33000183105469,77.33999633789062,76.5,76.61000061035156,43.91508865356445,7094000,
2008-05-27,76.13999938964844,76.47000122070312,75.91000366210938,76.45999908447266,43.82910919189453,7625800,
2008-05-28,76.37000274658203,76.48999786376953,75.8499984741211,76.44999694824219,43.823368072509766,7705900,
2008-05-29,75.87000274658203,76.55999755859375,75.80000305175781,76.27999877929688,43.725921630859375,9804200,
2008-05-30,76.5999984741211,76.9000015258789,76.54000091552734,76.70999908447266,43.9724235534668,8651600,
2008-06-02,76.08000183105469,76.1500015258789,75.6500015258789,75.91000366210938,43.51383972167969,9327700,
2008-06-03,76.08000183105469,76.29000091552734,75.30999755859375,75.75,43.42211151123047,9969600,
2008-06-04,75.27999877929688,75.80000305175781,75.12999725341797,75.30999755859375,43.16989517211914,8132200,
2008-06-05,75.5,76.55999755859375,75.30000305175781,76.55999755859375,43.88642883300781,8738200,
2008-06-06,75.58999633789062,75.63999938964844,74.3499984741211,74.36000061035156,42.62533187866211,9983700,
2008-06-09,75.0,75.01000213623047,73.88999938964844,74.26000213623047,42.5680046081543,8157900,
2008-06-10,72.97000122070312,73.4800033569336,72.81999969482422,73.0,41.84572219848633,8925100,
2008-06-11,72.9000015258789,72.98999786376953,71.97000122070312,72.06999969482422,41.31263732910156,13177900,
2008-06-12,71.8499984741211,72.25,71.54000091552734,71.81999969482422,41.169315338134766,11209500,
2008-06-13,71.69999694824219,72.4800033569336,71.58000183105469,72.4800033569336,41.54765701293945,10236300,
2008-06-16,72.4000015258789,72.94000244140625,72.29000091552734,72.8499984741211,41.75975036621094,9815600,
2008-06-17,73.66000366210938,73.66000366210938,72.9000015258789,73.06999969482422,41.885860443115234,7013000,
2008-06-18,72.33000183105469,72.62000274658203,72.06999969482422,72.47000122070312,41.54190444946289,14861100,
2008-06-19,72.08999633789062,72.5,71.8499984741211,72.33000183105469,41.461669921875,25370000,
2008-06-20,71.30000305175781,71.36000061035156,70.5999984741211,70.75,40.55596160888672,14909700,
2008-06-23,70.80999755859375,70.91000366210938,70.43000030517578,70.73999786376953,40.55023193359375,12852800,
2008-06-24,70.30999755859375,70.86000061035156,70.0,70.41999816894531,40.36679458618164,18685000,
2008-06-25,69.6500015258789,70.4800033569336,69.6500015258789,69.8499984741211,40.7978515625,21446000,"{""dividend_amount"": 1.308}"
2008-06-26,69.19999694824219,69.30000305175781,68.08000183105469,68.08000183105469,39.764041900634766,18484600,
2008-06-27,68.70999908447266,68.80999755859375,68.05999755859375,68.26000213623047,39.86916732788086,28977200,
2008-06-30,68.70999908447266,69.05999755859375,68.6500015258789,68.66999816894531,40.108638763427734,16126000,
2008-07-01,67.55000305175781,67.97000122070312,66.88999938964844,67.93000030517578,39.67643737792969,19350900,
2008-07-02,68.3499984741211,68.37000274658203,66.66999816894531,66.8499984741211,39.04561996459961,16759900,
2008-07-03,67.5,67.56999969482422,66.62999725341797,67.27999877929688,39.296775817871094,14420600,
2008-07-07,67.04000091552734,67.43000030517578,66.2699966430664,66.69999694824219,38.95800018310547,13827600,
2008-07-08,66.41000366210938,67.08999633789062,65.93000030517578,67.05000305175781,39.162445068359375,13982800,
2008-07-09,67.37999725341797,67.5,66.18000030517578,66.18000030517578,38.65428161621094,12121800,
2008-07-10,66.38999938964844,66.80999755859375,66.05999755859375,66.75,38.98720932006836,14732600,
2008-07-11,65.69000244140625,66.11000061035156,64.9800033569336,65.69999694824219,38.373924255371094,15132800,
2008-07-14,66.4000015258789,66.4000015258789,65.38999938964844,65.55999755859375,38.292152404785156,9231800,
2008-07-15,64.63999938964844,65.19999694824219,64.06999969482422,64.51000213623047,37.67887496948242,21612800,
2008-07-16,64.25,65.80000305175781,64.08000183105469,65.69999694824219,38.373924255371094,16201500,
2008-07-17,66.62000274658203,66.87000274658203,66.16999816894531,66.69999694824219,38.95800018310547,13884100,
2008-07-18,66.7699966430664,67.16000366210938,66.45999908447266,67.12999725341797,39.20915985107422,14274700,
2008-07-21,67.7300033569336,67.75,67.19000244140625,67.5199966430664,39.43694305419922,9320000,
2008-07-22,66.66999816894531,67.77999877929688,66.61000061035156,67.75,39.571285247802734,10336400,
2008-07-23,67.97000122070312,68.38999938964844,67.81999969482422,68.0,39.717308044433594,10399000,
2008-07-24,67.94999694824219,67.94999694824219,66.68000030517578,66.76000213623047,38.99304962158203,9628200,
2008-07-25,66.87000274658203,67.22000122070312,66.55000305175781,66.9000015258789,39.07481384277344,7867600,
2008-07-28,66.97000122070312,66.97000122070312,65.72000122070312,65.77999877929688,38.4206428527832,11142000,
2008-07-29,65.69000244140625,66.45999908447266,65.66999816894531,66.43000030517578,38.80030822753906,10323600,
2008-07-30,66.75,67.08999633789062,66.45999908447266,67.05000305175781,39.162445068359375,14376900,
2008-07-31,66.69999694824219,67.0,66.23999786376953,66.38999938964844,38.77694320678711,11372800,
2008-08-01,66.1500015258789,66.19000244140625,65.29000091552734,65.4000015258789,38.198707580566406,11859500,
2008-08-04,65.3499984741211,65.37999725341797,64.7300033569336,64.77999877929688,37.83657455444336,8556700,
2008-08-05,65.6500015258789,66.43000030517578,65.4800033569336,66.41999816894531,38.794471740722656,14263900,
2008-08-06,65.95999908447266,66.55000305175781,65.73999786376953,66.44000244140625,38.80614471435547,11507700,
2008-08-07,65.91000366210938,65.91999816894531,65.0,65.11000061035156,38.02933883666992,8099900,
2008-08-08,64.23999786376953,65.55000305175781,64.06999969482422,65.37999725341797,38.18701934814453,10579200,
2008-08-11,65.43000030517578,65.7300033569336,65.1500015258789,65.31999969482422,38.15198516845703,10024200,
2008-08-12,65.31999969482422,65.33999633789062,64.62000274658203,64.8499984741211,37.877464294433594,9630900,
2008-08-13,63.9900016784668,64.23999786376953,63.31999969482422,63.83000183105469,37.281700134277344,12559300,
2008-08-14,63.36000061035156,63.97999954223633,63.25,63.58000183105469,37.135684967041016,10306700,
2008-08-15,63.189998626708984,63.45000076293945,62.939998626708984,63.15999984741211,36.8903694152832,8640600,
2008-08-18,63.779998779296875,63.79999923706055,62.599998474121094,62.84000015258789,36.70345687866211,11535300,
2008-08-19,62.099998474121094,62.220001220703125,61.7599983215332,62.130001068115234,36.28876876831055,11853200,
2008-08-20,62.29999923706055,62.5,61.900001525878906,62.5,36.5048713684082,15433500,
2008-08-21,62.34000015258789,62.900001525878906,62.2400016784668,62.75,36.6508903503418,8964200,
2008-08-22,62.83000183105469,63.189998626708984,62.70000076293945,63.040000915527344,36.820281982421875,6582300,
2008-08-25,62.91999816894531,62.9900016784668,61.90999984741211,62.04999923706055,36.24204635620117,10955100,
2008-08-26,62.119998931884766,62.650001525878906,61.93000030517578,62.36000061035156,36.4231071472168,7745000,
2008-08-27,62.689998626708984,63.0099983215332,62.5,62.95000076293945,36.767723083496094,9295000,
2008-08-28,63.720001220703125,63.83000183105469,63.5099983215332,63.7599983215332,37.24081039428711,11277400,
2008-08-29,63.88999938964844,64.1500015258789,63.5099983215332,63.56999969482422,37.129852294921875,11080000,
2008-09-02,63.41999816894531,63.540000915527344,62.540000915527344,62.59000015258789,36.55744934082031,14645400,
2008-09-03,62.349998474121094,62.61000061035156,61.97999954223633,62.33000183105469,36.40559005737305,10635700,
2008-09-04,61.61000061035156,61.68000030517578,59.619998931884766,59.65999984741211,34.84610366821289,16723100,
2008-09-05,59.349998474121094,59.68000030517578,58.66999816894531,59.439998626708984,34.71760177612305,17543700,
2008-09-08,61.33000183105469,61.38999938964844,59.959999084472656,60.77000045776367,35.49441909790039,19143200,
2008-09-09,60.33000183105469,60.540000915527344,58.77000045776367,58.79999923706055,34.34379577636719,12860600,
2008-09-10,59.68000030517578,59.83000183105469,59.060001373291016,59.369998931884766,34.67671585083008,15264600,
2008-09-11,58.0,59.290000915527344,57.72999954223633,59.2400016784668,34.60077667236328,16722400,
2008-09-12,59.36000061035156,60.5,59.06999969482422,60.400001525878906,35.278316497802734,16526900,
2008-09-15,57.75,58.869998931884766,57.25,57.83000183105469,33.77722930908203,31607800,
2008-09-16,56.15999984741211,57.709999084472656,55.75,57.400001525878906,33.52608108520508,26092500,
2008-09-17,56.31999969482422,56.75,54.849998474121094,55.209999084472656,32.2469482421875,31227800,
2008-09-18,56.630001068115234,58.15999984741211,55.2599983215332,57.720001220703125,33.712989807128906,30062000,
2008-09-19,60.689998626708984,63.7400016784668,59.470001220703125,61.810001373291016,36.10185623168945,38923300,
2008-09-22,61.36000061035156,61.61000061035156,59.70000076293945,59.70000076293945,34.869449615478516,27789800,
2008-09-23,59.70000076293945,60.15999984741211,58.439998626708984,58.86000061035156,34.37884521484375,14862000,
2008-09-24,59.68000030517578,59.7599983215332,58.75,59.029998779296875,34.47813034057617,12657200,
2008-09-25,59.790000915527344,60.540000915527344,59.689998626708984,60.38999938964844,35.2724723815918,16568100,
2008-09-26,59.099998474121094,59.81999969482422,58.88999938964844,59.75,34.89866638183594,22570500,
2008-09-29,56.84000015258789,56.849998474121094,52.36000061035156,53.08000183105469,31.002859115600586,35675800,
2008-09-30,55.2400016784668,56.29999923706055,54.84000015258789,56.29999923706055,32.883602142333984,29246900,
2008-10-01,55.54999923706055,56.41999816894531,54.90999984741211,55.880001068115234,32.63828659057617,27952600,
2008-10-02,54.810001373291016,54.95000076293945,53.29999923706055,53.439998626708984,31.2131290435791,23232500,
2008-10-03,53.54999923706055,55.470001220703125,53.09000015258789,53.22999954223633,31.090471267700195,34402700,
2008-10-06,51.18000030517578,51.25,48.150001525878906,50.220001220703125,29.3324031829834,53409500,
2008-10-07,51.29999923706055,51.4900016784668,47.869998931884766,47.869998931884766,27.959821701049805,37326000,
2008-10-08,47.150001525878906,48.84000015258789,46.29999923706055,46.79999923706055,27.33485221862793,42426500,
2008-10-09,48.13999938964844,48.310001373291016,43.630001068115234,44.0,25.699430465698242,35533300,
2008-10-10,41.310001373291016,43.7599983215332,40.02000045776367,42.36000061035156,24.741544723510742,59719300,
2008-10-13,45.650001525878906,49.52000045776367,45.31999969482422,49.09000015258789,28.67238998413086,57779900,
2008-10-14,50.40999984741211,50.88999938964844,47.060001373291016,48.08000183105469,28.082473754882812,41811500,
2008-10-15,46.849998474121094,47.0,42.90999984741211,42.95000076293945,25.086153030395508,35975400,
2008-10-16,44.2599983215332,45.540000915527344,41.97999954223633,45.47999954223633,26.563873291015625,44651300,
2008-10-17,43.40999984741211,46.5,43.209999084472656,44.5099983215332,25.99730682373047,31032400,
2008-10-20,45.65999984741211,47.349998474121094,45.36000061035156,47.349998474121094,27.656099319458008,29347500,
2008-10-21,45.66999816894531,46.34000015258789,44.540000915527344,44.68000030517578,26.09661293029785,34623800,
2008-10-22,43.209999084472656,43.34000015258789,40.459999084472656,41.41999816894531,24.1925106048584,31546700,
2008-10-23,41.619998931884766,42.77000045776367,40.22999954223633,42.33000183105469,24.724027633666992,33626600,
2008-10-24,38.47999954223633,40.779998779296875,38.189998626708984,39.59000015258789,23.123653411865234,32920600,
2008-10-27,38.099998474121094,39.459999084472656,37.5,37.5099983215332,21.908769607543945,31682200,
2008-10-28,39.790000915527344,43.04999923706055,38.33000183105469,42.68000030517578,24.92845344543457,41688400,
2008-10-29,42.189998626708984,44.20000076293945,41.810001373291016,42.779998779296875,24.98686408996582,34384700,
2008-10-30,44.91999816894531,45.04999923706055,43.18000030517578,44.279998779296875,25.86297607421875,33312100,
2008-10-31,43.290000915527344,45.279998779296875,43.02000045776367,44.56999969482422,26.032360076904297,40976800,
2008-11-03,44.380001068115234,45.040000915527344,44.2599983215332,44.75,26.137493133544922,20436100,
2008-11-04,46.20000076293945,47.900001525878906,46.08000183105469,47.81999969482422,27.930614471435547,29640600,
2008-11-05,46.939998626708984,47.75,45.119998931884766,45.220001220703125,26.412015914916992,29660700,
2008-11-06,44.77000045776367,45.060001373291016,41.91999816894531,42.29999923706055,24.706497192382812,35121300,
2008-11-07,43.84000015258789,44.810001373291016,43.599998474121094,44.689998626708984,26.10244369506836,28171200,
2008-11-10,45.45000076293945,45.4900016784668,43.310001373291016,44.02000045776367,25.71111297607422,25590000,
2008-11-11,43.029998779296875,43.31999969482422,41.81999969482422,42.56999969482422,24.86420249938965,34095000,
2008-11-12,41.61000061035156,41.810001373291016,40.25,40.279998779296875,23.526662826538086,35248700,
2008-11-13,40.79999923706055,43.709999084472656,39.310001373291016,43.709999084472656,25.530052185058594,51118000,
2008-11-14,41.68000030517578,42.7400016784668,40.77000045776367,41.20000076293945,24.064014434814453,48148100,
2008-11-17,40.7599983215332,41.650001525878906,40.040000915527344,40.45000076293945,23.62595558166504,30054400,
2008-11-18,40.0,41.029998779296875,39.5,40.52000045776367,23.66684341430664,44628000,
2008-11-19,40.099998474121094,40.5,37.7400016784668,37.810001373291016,22.0839900970459,45216100,
2008-11-20,37.68000030517578,38.47999954223633,35.529998779296875,35.72999954223633,20.869108200073242,54184200,
2008-11-21,37.709999084472656,38.33000183105469,35.84000015258789,38.27000045776367,22.352664947509766,49797000,
2008-11-24,39.09000015258789,41.5099983215332,38.75,40.560001373291016,23.690204620361328,41988500,
2008-11-25,41.83000183105469,41.97999954223633,40.150001525878906,41.29999923706055,24.122425079345703,46002000,
2008-11-26,40.189998626708984,41.900001525878906,40.11000061035156,41.75,24.38526725769043,34099900,
2008-11-28,41.290000915527344,41.90999984741211,41.09000015258789,41.72999954223633,24.37358283996582,17627900,
2008-12-01,40.310001373291016,40.400001525878906,38.18000030517578,38.31999969482422,22.381872177124023,50272000,
2008-12-02,39.7400016784668,40.59000015258789,39.2400016784668,40.400001525878906,23.59675407409668,44399000,
2008-12-03,39.18000030517578,40.939998626708984,39.040000915527344,40.939998626708984,23.912155151367188,41980400,
2008-12-04,39.630001068115234,40.52000045776367,38.81999969482422,39.68000030517578,23.176206588745117,41836300,
2008-12-05,38.95000076293945,40.349998474121094,38.09000015258789,40.18000030517578,23.46826171875,41059200,
2008-12-08,41.349998474121094,42.400001525878906,41.119998931884766,42.09000015258789,24.583843231201172,45982000,
2008-12-09,41.810001373291016,42.630001068115234,41.439998626708984,41.70000076293945,24.356054306030273,38538000,
2008-12-10,42.459999084472656,43.0,42.04999923706055,42.79999923706055,24.998537063598633,39997900,
2008-12-11,42.939998626708984,43.63999938964844,42.29999923706055,42.61000061035156,24.887563705444336,36787800,
2008-12-12,41.81999969482422,43.29999923706055,41.720001220703125,43.029998779296875,25.132875442504883,42675200,
2008-12-15,43.220001220703125,43.31999969482422,42.470001220703125,43.13999938964844,25.19713592529297,44527700,
2008-12-16,43.04999923706055,45.790000915527344,43.04999923706055,45.619998931884766,26.64564323425293,47026500,
2008-12-17,44.59000015258789,45.779998779296875,44.5099983215332,45.38999938964844,26.511301040649414,45054900,
2008-12-18,45.279998779296875,45.29999923706055,43.439998626708984,44.0,25.699430465698242,42315200,
2008-12-19,43.63999938964844,44.119998931884766,43.02000045776367,43.36000061035156,25.325626373291016,38356000,
2008-12-22,43.619998931884766,43.70000076293945,42.45000076293945,43.060001373291016,25.150405883789062,36928300,
2008-12-23,42.880001068115234,42.97999954223633,41.970001220703125,42.20000076293945,24.961713790893555,32553600,"{""dividend_amount"": 0.541}"
2008-12-24,42.65999984741211,42.83000183105469,42.310001373291016,42.7599983215332,25.292953491210938,16114600,
2008-12-26,42.880001068115234,43.2400016784668,42.599998474121094,42.959999084472656,25.411264419555664,13297600,
2008-12-29,43.59000015258789,43.65999984741211,42.689998626708984,42.970001220703125,25.41718101501465,29150100,
2008-12-30,43.45000076293945,44.33000183105469,43.310001373291016,44.2599983215332,26.180213928222656,28477600,
2008-12-31,44.119998931884766,45.150001525878906,43.88999938964844,44.86000061035156,26.53512954711914,26881200,
2009-01-02,44.59000015258789,45.619998931884766,44.45000076293945,45.439998626708984,26.87820053100586,21928500,
2009-01-05,44.689998626708984,45.060001373291016,44.40999984741211,44.709999084472656,26.44640350341797,27947600,
2009-01-06,44.900001525878906,45.5,44.529998779296875,45.189998626708984,26.730323791503906,23282100,
2009-01-07,44.849998474121094,44.9900016784668,44.130001068115234,44.40999984741211,26.268945693969727,23930600,
2009-01-08,44.470001220703125,45.099998474121094,44.13999938964844,45.06999969482422,26.659343719482422,19883800,
2009-01-09,44.54999923706055,44.599998474121094,43.470001220703125,43.5099983215332,25.736581802368164,31728900,
2009-01-12,43.279998779296875,43.31999969482422,42.2599983215332,42.459999084472656,25.11550521850586,28816400,
2009-01-13,41.619998931884766,42.029998779296875,41.27000045776367,41.68000030517578,24.654129028320312,29424100,
2009-01-14,40.56999969482422,40.59000015258789,39.709999084472656,39.970001220703125,23.642642974853516,37212600,
2009-01-15,40.2400016784668,40.709999084472656,39.209999084472656,40.33000183105469,23.8555850982666,42030800,
2009-01-16,41.25,41.310001373291016,39.709999084472656,40.56999969482422,23.997549057006836,39032500,
2009-01-20,39.13999938964844,39.20000076293945,37.56999969482422,37.599998474121094,22.24076271057129,58657300,
2009-01-21,38.400001525878906,39.47999954223633,37.900001525878906,39.439998626708984,23.329137802124023,48048200,
2009-01-22,38.13999938964844,38.810001373291016,37.68000030517578,38.52000045776367,22.784957885742188,40891400,
2009-01-23,37.11000061035156,38.529998779296875,37.0,38.25,22.62525177001953,37917500,
2009-01-26,38.619998931884766,39.52000045776367,38.470001220703125,39.0,23.068880081176758,38347800,
2009-01-27,39.40999984741211,39.93000030517578,39.150001525878906,39.7599983215332,23.5184268951416,35276200,
2009-01-28,40.75,41.2400016784668,40.5,40.93000030517578,24.21048927307129,37581800,
2009-01-29,39.900001525878906,39.939998626708984,38.959999084472656,39.06999969482422,23.11028480529785,26066100,
2009-01-30,39.4900016784668,39.58000183105469,38.5099983215332,38.70000076293945,22.89142608642578,33244900,
2009-02-02,37.970001220703125,38.599998474121094,37.880001068115234,38.31999969482422,22.666650772094727,29679400,
2009-02-03,38.810001373291016,39.77000045776367,38.47999954223633,39.41999816894531,23.317312240600586,28446900,
2009-02-04,39.54999923706055,40.20000076293945,39.02000045776367,39.220001220703125,23.19900894165039,29274800,
2009-02-05,38.9900016784668,40.11000061035156,38.68000030517578,39.779998779296875,23.530258178710938,31645600,
2009-02-06,39.939998626708984,40.88999938964844,39.849998474121094,40.70000076293945,24.074440002441406,28635900,
2009-02-09,40.68000030517578,40.959999084472656,40.40999984741211,40.689998626708984,24.06852912902832,27143500,
2009-02-10,40.25,40.5099983215332,38.47999954223633,38.66999816894531,22.873682022094727,35169400,
2009-02-11,39.279998779296875,39.439998626708984,38.5099983215332,39.09000015258789,23.12211799621582,24101600,
2009-02-12,38.2599983215332,39.0,37.869998931884766,38.970001220703125,23.051137924194336,40755800,
2009-02-13,38.790000915527344,39.08000183105469,38.47999954223633,38.54999923706055,22.802705764770508,21184200,
2009-02-17,36.93000030517578,37.04999923706055,36.369998931884766,36.5,21.59010124206543,32955300,
2009-02-18,36.779998779296875,36.790000915527344,36.029998779296875,36.470001220703125,21.572362899780273,35001300,
2009-02-19,37.290000915527344,37.439998626708984,36.25,36.41999816894531,21.542781829833984,25953000,
2009-02-20,35.29999923706055,36.33000183105469,35.25,35.88999938964844,21.229284286499023,52151800,
2009-02-23,36.18000030517578,36.20000076293945,34.52000045776367,34.52000045776367,20.418922424316406,38218200,
2009-02-24,34.86000061035156,36.099998474121094,34.58000183105469,35.959999084472656,21.27069091796875,36854600,
2009-02-25,35.43000030517578,35.61000061035156,34.5099983215332,34.970001220703125,20.68509292602539,39168800,
2009-02-26,35.58000183105469,35.79999923706055,34.61000061035156,34.68000030517578,20.513559341430664,27205700,
2009-02-27,34.33000183105469,35.36000061035156,34.33000183105469,34.68000030517578,20.513559341430664,38490900,
2009-03-02,33.63999938964844,33.79999923706055,32.61000061035156,32.689998626708984,19.33645248413086,42422600,
2009-03-03,33.20000076293945,33.209999084472656,32.189998626708984,32.560001373291016,19.259557723999023,38727800,
2009-03-04,33.36000061035156,34.45000076293945,33.220001220703125,34.0099983215332,20.117238998413086,52339900,
2009-03-05,33.060001373291016,33.459999084472656,32.29999923706055,32.63999938964844,19.30687713623047,36082700,
2009-03-06,33.08000183105469,33.45000076293945,31.8700008392334,32.58000183105469,19.271387100219727,42251800,
2009-03-09,31.600000381469727,32.36000061035156,31.559999465942383,31.700000762939453,18.750858306884766,36485300,
2009-03-10,32.97999954223633,34.02000045776367,32.91999816894531,33.83000183105469,20.01077651977539,50262200,
2009-03-11,34.25,34.529998779296875,33.630001068115234,34.02000045776367,20.12316131591797,34253300,
2009-03-12,33.65999984741211,34.880001068115234,33.34000015258789,34.790000915527344,20.5786190032959,32384600,
2009-03-13,34.959999084472656,35.13999938964844,34.41999816894531,35.02000045776367,20.71466827392578,31335400,
2009-03-16,35.61000061035156,36.22999954223633,35.310001373291016,35.400001525878906,20.93944549560547,29486900,
2009-03-17,35.279998779296875,36.400001525878906,35.099998474121094,36.33000183105469,21.48954200744629,33219600,
2009-03-18,35.90999984741211,37.54999923706055,35.54999923706055,37.369998931884766,22.10470962524414,40962300,
2009-03-19,38.25,38.290000915527344,37.290000915527344,37.349998474121094,22.092884063720703,36731100,
2009-03-20,37.400001525878906,37.560001373291016,36.65999984741211,36.83000183105469,21.785301208496094,35560500,
2009-03-23,38.119998931884766,39.5099983215332,37.91999816894531,39.47999954223633,23.35280418395996,42113200,
2009-03-24,38.459999084472656,39.029998779296875,38.18000030517578,38.2400016784668,22.619335174560547,30868900,
2009-03-25,38.560001373291016,39.459999084472656,38.02000045776367,38.83000183105469,22.968320846557617,30873600,
2009-03-26,39.130001068115234,39.560001373291016,38.7599983215332,39.349998474121094,23.275909423828125,30230400,
2009-03-27,38.33000183105469,38.47999954223633,37.970001220703125,38.09000015258789,22.53059959411621,34326000,
2009-03-30,36.959999084472656,37.0,36.310001373291016,36.63999938964844,21.67292022705078,25835700,
2009-03-31,37.349998474121094,38.09000015258789,37.11000061035156,37.59000015258789,22.234848022460938,32838300,
2009-04-01,37.36000061035156,38.7400016784668,37.279998779296875,38.56999969482422,22.814529418945312,25661700,
2009-04-02,39.900001525878906,40.959999084472656,39.86000061035156,40.310001373291016,23.843751907348633,57242400,
2009-04-03,40.13999938964844,40.540000915527344,39.79999923706055,40.540000915527344,23.979799270629883,41385200,
2009-04-06,39.68000030517578,39.869998931884766,39.20000076293945,39.70000076293945,23.48293113708496,27320400,
2009-04-07,39.09000015258789,39.349998474121094,38.7400016784668,38.869998931884766,22.991979598999023,19333900,
2009-04-08,39.20000076293945,39.61000061035156,38.810001373291016,39.2599983215332,23.222675323486328,22120900,
2009-04-09,40.150001525878906,40.36000061035156,39.83000183105469,40.310001373291016,23.843751907348633,23172500,
2009-04-13,40.119998931884766,40.9900016784668,40.060001373291016,40.709999084472656,24.08035659790039,21135700,
2009-04-14,40.349998474121094,40.900001525878906,40.209999084472656,40.31999969482422,23.849668502807617,41502500,
2009-04-15,40.15999984741211,40.95000076293945,40.06999969482422,40.849998474121094,24.163166046142578,25623000,
2009-04-16,41.02000045776367,41.400001525878906,40.650001525878906,41.11000061035156,24.316959381103516,25014400,
2009-04-17,41.189998626708984,41.220001220703125,40.7599983215332,40.970001220703125,24.234149932861328,61325800,
2009-04-20,40.02000045776367,40.06999969482422,39.279998779296875,39.290000915527344,23.240421295166016,26049700,
2009-04-21,38.939998626708984,40.22999954223633,38.900001525878906,40.189998626708984,23.772769927978516,25499800,
2009-04-22,39.560001373291016,40.58000183105469,39.41999816894531,39.869998931884766,23.58348846435547,25022000,
2009-04-23,40.41999816894531,40.869998931884766,40.06999969482422,40.869998931884766,24.175003051757812,30545300,
2009-04-24,41.4900016784668,41.790000915527344,41.22999954223633,41.5,24.54764747619629,25969200,
2009-04-27,40.88999938964844,41.540000915527344,40.709999084472656,41.0099983215332,24.2578125,26745300,
2009-04-28,40.220001220703125,41.029998779296875,40.16999816894531,40.619998931884766,24.027122497558594,18634000,
2009-04-29,41.310001373291016,42.119998931884766,41.2400016784668,41.65999984741211,24.64229965209961,20784800,
2009-04-30,42.2599983215332,42.61000061035156,41.61000061035156,41.91999816894531,24.79608917236328,26982200,
2009-05-01,42.150001525878906,42.5,41.86000061035156,42.40999984741211,25.085927963256836,17786700,
2009-05-04,42.88999938964844,44.189998626708984,42.869998931884766,44.16999816894531,26.126981735229492,23451200,
2009-05-05,44.029998779296875,44.119998931884766,43.4900016784668,43.72999954223633,25.86672019958496,22298600,
2009-05-06,44.59000015258789,44.900001525878906,43.970001220703125,44.790000915527344,26.49371910095215,21040600,
2009-05-07,45.16999816894531,45.220001220703125,43.7400016784668,44.040000915527344,26.050086975097656,23946300,
2009-05-08,45.02000045776367,46.02000045776367,44.7599983215332,45.95000076293945,27.17987060546875,22988400,
2009-05-11,44.84000015258789,45.11000061035156,44.619998931884766,44.779998779296875,26.4877986907959,17460900,
2009-05-12,45.380001068115234,45.4900016784668,44.66999816894531,45.2599983215332,26.771726608276367,26285000,
2009-05-13,44.220001220703125,44.279998779296875,43.59000015258789,43.720001220703125,25.860803604125977,23257600,
2009-05-14,43.689998626708984,44.459999084472656,43.58000183105469,44.150001525878906,26.115158081054688,27380600,
2009-05-15,44.25,44.56999969482422,43.56999969482422,43.75,25.878549575805664,20457900,
2009-05-18,44.68000030517578,45.5,44.529998779296875,45.41999816894531,26.866374969482422,18600700,
2009-05-19,45.619998931884766,46.11000061035156,45.4900016784668,45.83000183105469,27.108890533447266,19522000,
2009-05-20,46.2599983215332,46.849998474121094,46.029998779296875,46.130001068115234,27.286340713500977,18872900,
2009-05-21,45.54999923706055,45.93000030517578,45.29999923706055,45.779998779296875,27.079309463500977,20081100,
2009-05-22,46.209999084472656,46.34000015258789,45.849998474121094,46.040000915527344,27.23310661315918,14279100,
2009-05-26,45.38999938964844,47.08000183105469,45.36000061035156,46.959999084472656,27.777297973632812,16247300,
2009-05-27,46.959999084472656,47.02000045776367,45.959999084472656,46.04999923706055,27.23902130126953,16274500,
2009-05-28,46.400001525878906,46.720001220703125,45.77000045776367,46.52000045776367,27.517024993896484,15523500,
2009-05-29,47.18000030517578,47.45000076293945,46.810001373291016,47.45000076293945,28.06713104248047,24526200,
2009-06-01,48.36000061035156,49.0,48.27000045776367,48.619998931884766,28.759204864501953,22592800,
2009-06-02,48.470001220703125,49.119998931884766,48.380001068115234,49.040000915527344,29.007638931274414,22182800,
2009-06-03,48.060001373291016,48.13999938964844,47.15999984741211,47.58000183105469,28.144046783447266,20937800,
2009-06-04,47.720001220703125,48.0,47.439998626708984,47.880001068115234,28.321487426757812,17158800,
2009-06-05,48.0,48.040000915527344,47.099998474121094,47.290000915527344,27.972497940063477,19216500,
2009-06-08,46.77000045776367,47.4900016784668,46.43000030517578,47.189998626708984,27.913345336914062,13937000,
2009-06-09,47.470001220703125,47.939998626708984,47.209999084472656,47.77000045776367,28.256423950195312,15957400,
2009-06-10,48.4900016784668,48.52000045776367,47.279998779296875,47.86000061035156,28.309654235839844,18468000,
2009-06-11,48.2599983215332,49.18000030517578,48.25,48.68000030517578,28.794692993164062,20225500,
2009-06-12,48.15999984741211,48.5099983215332,47.91999816894531,48.43000030517578,28.646812438964844,21098000,
2009-06-15,47.38999938964844,47.45000076293945,46.31999969482422,46.689998626708984,27.61758041381836,31484000,
2009-06-16,47.02000045776367,47.04999923706055,46.099998474121094,46.150001525878906,27.298179626464844,23389000,
2009-06-17,46.18000030517578,46.650001525878906,45.689998626708984,46.279998779296875,27.37507438659668,23802600,
2009-06-18,46.15999984741211,46.7400016784668,45.970001220703125,46.20000076293945,27.3277587890625,22429300,
2009-06-19,46.93000030517578,47.130001068115234,46.66999816894531,46.93000030517578,27.759550094604492,19576300,
2009-06-22,46.11000061035156,46.150001525878906,45.2599983215332,45.41999816894531,26.866374969482422,21491900,
2009-06-23,44.939998626708984,45.25,44.529998779296875,45.060001373291016,27.21976089477539,26980500,"{""dividend_amount"": 0.945}"
2009-06-24,45.58000183105469,45.9900016784668,44.93000030517578,45.099998474121094,27.243927001953125,25708600,
2009-06-25,44.84000015258789,46.060001373291016,44.720001220703125,46.04999923706055,27.81780242919922,23606800,
2009-06-26,45.91999816894531,46.18000030517578,45.66999816894531,45.959999084472656,27.763427734375,20799800,
2009-06-29,46.15999984741211,46.58000183105469,45.91999816894531,46.349998474121094,27.9990177154541,21139400,
2009-06-30,46.349998474121094,46.45000076293945,45.47999954223633,45.810001373291016,27.672822952270508,31292000,
2009-07-01,46.4900016784668,46.97999954223633,46.41999816894531,46.56999969482422,28.131912231445312,20169200,
2009-07-02,45.630001068115234,45.68000030517578,45.060001373291016,45.22999954223633,27.322452545166016,20744600,
2009-07-06,44.65999984741211,45.290000915527344,44.58000183105469,45.290000915527344,27.358692169189453,17299200,
2009-07-07,45.02000045776367,45.06999969482422,44.11000061035156,44.189998626708984,26.6942081451416,20032700,
2009-07-08,44.290000915527344,44.41999816894531,43.4900016784668,44.0099983215332,26.58547019958496,24263500,
2009-07-09,44.52000045776367,44.70000076293945,44.20000076293945,44.54999923706055,26.911678314208984,22637100,
2009-07-10,43.880001068115234,45.150001525878906,43.290000915527344,44.029998779296875,26.597549438476562,16245600,
2009-07-13,44.130001068115234,44.93000030517578,43.81999969482422,44.79999923706055,27.06270408630371,19678700,
2009-07-14,45.060001373291016,45.189998626708984,44.630001068115234,45.040000915527344,27.207672119140625,15241000,
2009-07-15,46.0099983215332,46.689998626708984,45.939998626708984,46.58000183105469,28.13796043395996,21318700,
2009-07-16,46.58000183105469,47.119998931884766,46.400001525878906,46.9900016784668,28.385631561279297,15476600,
2009-07-17,46.689998626708984,46.959999084472656,46.5099983215332,46.81999969482422,28.282928466796875,16180900,
2009-07-20,47.58000183105469,47.83000183105469,47.279998779296875,47.72999954223633,28.832651138305664,15950700,
2009-07-21,48.310001373291016,48.31999969482422,47.5,48.029998779296875,29.01387596130371,19663900,
2009-07-22,47.650001525878906,48.369998931884766,47.630001068115234,48.150001525878906,29.086362838745117,16927500,
2009-07-23,48.06999969482422,49.220001220703125,48.029998779296875,48.959999084472656,29.575653076171875,19940000,
2009-07-24,48.869998931884766,49.290000915527344,48.619998931884766,49.2599983215332,29.75688934326172,15432700,
2009-07-27,49.06999969482422,49.369998931884766,48.7599983215332,49.310001373291016,29.78708839416504,14807400,
2009-07-28,48.939998626708984,49.20000076293945,48.52000045776367,49.099998474121094,29.660232543945312,18335000,
2009-07-29,48.959999084472656,49.11000061035156,48.45000076293945,48.70000076293945,29.418607711791992,20032100,
2009-07-30,49.59000015258789,50.099998474121094,49.43000030517578,49.650001525878906,29.992481231689453,19165900,
2009-07-31,49.91999816894531,50.529998779296875,49.70000076293945,50.40999984741211,30.451576232910156,20636100,
2009-08-03,51.220001220703125,51.709999084472656,51.04999923706055,51.58000183105469,31.158342361450195,22184800,
2009-08-04,51.09000015258789,51.58000183105469,50.380001068115234,51.5,31.110015869140625,18395300,
2009-08-05,51.380001068115234,51.400001525878906,50.599998474121094,51.290000915527344,30.983165740966797,18679100,
2009-08-06,51.41999816894531,51.5,50.59000015258789,50.970001220703125,30.789859771728516,16284900,
2009-08-07,51.15999984741211,51.29999923706055,50.810001373291016,50.91999816894531,30.759658813476562,19822400,
2009-08-10,50.70000076293945,50.86000061035156,50.349998474121094,50.61000061035156,30.5723876953125,14593800,
2009-08-11,50.38999938964844,50.439998626708984,50.029998779296875,50.31999969482422,30.397205352783203,13047300,
2009-08-12,50.29999923706055,51.290000915527344,50.27000045776367,50.88999938964844,30.741527557373047,18246400,
2009-08-13,51.599998474121094,51.79999923706055,51.16999816894531,51.66999816894531,31.212709426879883,17806800,
2009-08-14,51.790000915527344,51.790000915527344,50.84000015258789,51.22999954223633,30.946924209594727,17855000,
2009-08-17,49.70000076293945,49.7599983215332,49.40999984741211,49.58000183105469,29.950183868408203,23357700,
2009-08-18,49.90999984741211,50.630001068115234,49.689998626708984,50.439998626708984,30.469694137573242,17125200,
2009-08-19,49.83000183105469,51.060001373291016,49.79999923706055,50.869998931884766,30.729450225830078,18921900,
2009-08-20,50.849998474121094,51.5,50.7599983215332,51.22999954223633,30.946924209594727,14815500,
2009-08-21,51.9900016784668,52.529998779296875,51.95000076293945,52.349998474121094,31.623483657836914,20819300,
2009-08-24,52.56999969482422,52.849998474121094,52.209999084472656,52.34000015258789,31.617450714111328,19589500,
2009-08-25,52.88999938964844,53.2400016784668,52.709999084472656,52.86000061035156,31.931568145751953,20682000,
2009-08-26,52.43000030517578,52.66999816894531,52.16999816894531,52.63999938964844,31.798664093017578,16828400,
2009-08-27,52.59000015258789,53.2599983215332,52.029998779296875,53.040000915527344,32.04030227661133,18976000,
2009-08-28,53.52000045776367,53.630001068115234,52.84000015258789,53.06999969482422,32.05842971801758,17008900,
2009-08-31,52.439998626708984,52.7599983215332,52.290000915527344,52.68000030517578,31.822837829589844,18793900,
2009-09-01,52.13999938964844,52.88999938964844,51.22999954223633,51.369998931884766,31.031484603881836,33136100,
2009-09-02,51.09000015258789,51.619998931884766,51.040000915527344,51.310001373291016,30.995243072509766,20632100,
2009-09-03,51.83000183105469,51.849998474121094,51.25,51.709999084472656,31.23687744140625,14848800,
2009-09-04,51.790000915527344,52.61000061035156,51.540000915527344,52.5,31.714096069335938,13312100,
2009-09-08,53.650001525878906,53.70000076293945,53.279998779296875,53.540000915527344,32.34234619140625,17093100,
2009-09-09,53.869998931884766,54.40999984741211,50.06999969482422,54.20000076293945,32.74102783203125,21243900,
2009-09-10,54.099998474121094,54.779998779296875,53.75,54.68000030517578,33.03098678588867,17004400,
2009-09-11,54.869998931884766,55.02000045776367,54.40999984741211,54.61000061035156,32.98870849609375,16105400,
2009-09-14,54.0,54.75,53.970001220703125,54.720001220703125,33.05515670776367,18704400,
2009-09-15,54.45000076293945,54.900001525878906,54.08000183105469,54.72999954223633,33.061195373535156,24528200,
2009-09-16,55.36000061035156,55.83000183105469,55.119998931884766,55.810001373291016,33.71360397338867,22163300,
2009-09-17,55.400001525878906,55.88999938964844,55.209999084472656,55.45000076293945,33.496124267578125,20940900,
2009-09-18,55.849998474121094,55.880001068115234,55.349998474121094,55.599998474121094,33.58673095703125,15180700,
2009-09-21,54.650001525878906,55.13999938964844,54.4900016784668,55.0099983215332,33.2303352355957,17452700,
2009-09-22,55.869998931884766,55.91999816894531,55.540000915527344,55.77000045776367,33.68943786621094,13731800,
2009-09-23,55.9900016784668,56.310001373291016,55.18000030517578,55.290000915527344,33.399478912353516,22848100,
2009-09-24,55.650001525878906,55.779998779296875,54.16999816894531,54.47999954223633,32.9101676940918,27611900,
2009-09-25,54.36000061035156,54.84000015258789,54.119998931884766,54.25,32.77123260498047,22919400,
2009-09-28,54.439998626708984,55.369998931884766,54.369998931884766,54.9900016784668,33.21824645996094,15643900,
2009-09-29,54.84000015258789,55.04999923706055,54.41999816894531,54.65999984741211,33.01890182495117,16359800,
2009-09-30,55.11000061035156,55.189998626708984,54.25,54.68000030517578,33.03098678588867,25290400,
2009-10-01,54.34000015258789,54.380001068115234,53.189998626708984,53.25,32.167152404785156,22406000,
2009-10-02,52.45000076293945,53.11000061035156,52.41999816894531,52.65999984741211,31.81075096130371,27674800,
2009-10-05,52.689998626708984,53.619998931884766,52.599998474121094,53.41999816894531,32.26985168457031,15838800,
2009-10-06,54.040000915527344,54.72999954223633,54.0,54.31999969482422,32.81352233886719,18768200,
2009-10-07,54.290000915527344,54.529998779296875,54.099998474121094,54.52000045776367,32.93433380126953,20064200,
2009-10-08,55.220001220703125,55.650001525878906,54.900001525878906,55.310001373291016,33.411556243896484,14926100,
2009-10-09,55.11000061035156,55.25,54.880001068115234,55.16999816894531,33.326988220214844,9190200,
2009-10-12,55.72999954223633,55.900001525878906,55.38999938964844,55.5,33.52634048461914,9631800,
2009-10-13,55.470001220703125,55.540000915527344,55.0,55.380001068115234,33.45384216308594,11697400,
2009-10-14,56.459999084472656,56.77000045776367,56.209999084472656,56.709999084472656,34.25725555419922,16624600,
2009-10-15,56.43000030517578,56.970001220703125,56.369998931884766,56.970001220703125,34.41432571411133,16062400,
2009-10-16,56.02000045776367,56.34000015258789,55.75,56.11000061035156,33.89482498168945,19457400,
2009-10-19,56.650001525878906,57.189998626708984,56.400001525878906,57.0099983215332,34.43849563598633,16127900,
2009-10-20,57.18000030517578,57.189998626708984,56.29999923706055,56.709999084472656,34.25725555419922,14700400,
2009-10-21,56.59000015258789,57.459999084472656,56.459999084472656,56.52000045776367,34.14249038696289,19720200,
2009-10-22,56.47999954223633,57.22999954223633,56.029998779296875,57.06999969482422,34.474735260009766,15890400,
2009-10-23,56.91999816894531,56.93000030517578,55.900001525878906,56.16999816894531,33.93105697631836,19383000,
2009-10-26,56.369998931884766,56.790000915527344,55.099998474121094,55.31999969482422,33.4175910949707,21031300,
2009-10-27,55.43000030517578,55.630001068115234,54.79999923706055,54.880001068115234,33.15180587768555,23313000,
2009-10-28,54.349998474121094,54.61000061035156,53.40999984741211,53.560001373291016,32.35441207885742,25441000,
2009-10-29,54.560001373291016,55.33000183105469,54.119998931884766,55.13999938964844,33.308860778808594,21274300,
2009-10-30,54.779998779296875,54.959999084472656,53.209999084472656,53.29999923706055,32.197357177734375,31478700,
2009-11-02,53.77000045776367,54.560001373291016,53.209999084472656,53.81999969482422,32.51148223876953,25878000,
2009-11-03,52.849998474121094,53.720001220703125,52.779998779296875,53.61000061035156,32.384613037109375,19567300,
2009-11-04,54.310001373291016,54.66999816894531,53.97999954223633,54.150001525878906,32.71083450317383,24340600,
2009-11-05,54.68000030517578,55.13999938964844,54.5099983215332,54.849998474121094,33.13368606567383,13490700,
2009-11-06,54.470001220703125,55.09000015258789,54.349998474121094,55.0099983215332,33.2303352355957,12750300,
2009-11-09,56.0,56.560001373291016,55.90999984741211,56.54999923706055,34.16061782836914,17554500,
2009-11-10,55.970001220703125,56.38999938964844,55.880001068115234,56.25,33.97939682006836,19583800,
2009-11-11,56.63999938964844,56.90999984741211,56.150001525878906,56.41999816894531,34.08208084106445,14746200,
2009-11-12,56.20000076293945,56.4900016784668,55.4900016784668,55.599998474121094,33.58673095703125,18177000,
2009-11-13,55.93000030517578,56.560001373291016,55.619998931884766,56.380001068115234,34.057918548583984,20592200,
2009-11-16,56.869998931884766,57.61000061035156,56.84000015258789,57.279998779296875,34.601593017578125,18105000,
2009-11-17,56.689998626708984,56.95000076293945,56.349998474121094,56.900001525878906,34.37205123901367,15367600,
2009-11-18,56.939998626708984,56.97999954223633,56.400001525878906,56.720001220703125,34.263309478759766,12114400,
2009-11-19,55.90999984741211,55.90999984741211,55.209999084472656,55.650001525878906,33.616947174072266,21816500,
2009-11-20,54.970001220703125,55.38999938964844,54.93000030517578,55.34000015258789,33.42967987060547,15379300,
2009-11-23,56.459999084472656,56.77000045776367,56.16999816894531,56.33000183105469,34.02772521972656,17112800,
2009-11-24,56.20000076293945,56.33000183105469,55.68000030517578,56.099998474121094,33.88876724243164,23601500,
2009-11-25,56.56999969482422,56.88999938964844,56.29999923706055,56.849998474121094,34.34183120727539,15283000,
2009-11-27,54.52000045776367,55.619998931884766,54.439998626708984,55.209999084472656,33.35114669799805,14507600,
2009-11-30,55.2400016784668,55.75,54.900001525878906,55.38999938964844,33.45988082885742,20857000,
2009-12-01,56.470001220703125,57.09000015258789,56.369998931884766,56.90999984741211,34.37808609008789,17952200,
2009-12-02,56.880001068115234,57.310001373291016,56.7599983215332,57.0,34.43246078491211,13034600,
2009-12-03,57.33000183105469,57.630001068115234,56.709999084472656,56.869998931884766,34.35390853881836,15714100,
2009-12-04,57.36000061035156,57.65999984741211,56.29999923706055,56.66999816894531,34.23310089111328,17862600,
2009-12-07,56.310001373291016,56.83000183105469,56.2599983215332,56.36000061035156,34.045833587646484,13057600,
2009-12-08,55.790000915527344,55.79999923706055,55.22999954223633,55.380001068115234,33.45384216308594,16547700,
2009-12-09,55.25,55.5,54.720001220703125,55.310001373291016,33.411556243896484,16435300,
2009-12-10,55.599998474121094,55.779998779296875,54.77000045776367,55.47999954223633,33.51424789428711,12430600,
2009-12-11,55.650001525878906,55.7400016784668,55.33000183105469,55.459999084472656,33.502166748046875,22797300,
2009-12-14,55.86000061035156,56.02000045776367,55.63999938964844,56.0,33.828372955322266,23188500,
2009-12-15,55.290000915527344,55.709999084472656,55.2400016784668,55.380001068115234,33.45384216308594,16211400,
2009-12-16,55.90999984741211,56.310001373291016,55.849998474121094,56.029998779296875,33.84650421142578,17313400,
2009-12-17,55.02000045776367,55.130001068115234,54.56999969482422,54.709999084472656,33.04910659790039,20345600,
2009-12-18,54.939998626708984,55.060001373291016,54.22999954223633,54.84000015258789,33.12764358520508,18769700,
2009-12-21,54.95000076293945,55.279998779296875,54.88999938964844,55.0,33.22429275512695,15019700,
2009-12-22,54.77000045776367,54.97999954223633,54.58000183105469,54.849998474121094,33.435211181640625,15589200,"{""dividend_amount"": 0.496}"
2009-12-23,55.150001525878906,55.349998474121094,54.90999984741211,55.349998474121094,33.739990234375,10683500,
2009-12-24,55.560001373291016,55.650001525878906,55.45000076293945,55.56999969482422,33.87411117553711,4979300,
2009-12-28,55.849998474121094,55.849998474121094,55.630001068115234,55.810001373291016,34.02040481567383,11762300,
2009-12-29,56.189998626708984,56.20000076293945,55.689998626708984,55.900001525878906,34.07525634765625,10648300,
2009-12-30,55.38999938964844,55.66999816894531,55.2599983215332,55.66999816894531,33.93505859375,12566200,
2009-12-31,55.91999816894531,55.95000076293945,55.220001220703125,55.279998779296875,33.697322845458984,13893400,
2010-01-04,56.41999816894531,56.939998626708984,56.40999984741211,56.72999954223633,34.58120346069336,18556900,
2010-01-05,56.869998931884766,57.099998474121094,56.5099983215332,56.779998779296875,34.61168670654297,14352800,
2010-01-06,56.68000030517578,57.09000015258789,56.66999816894531,57.02000045776367,34.757991790771484,11888100,
2010-01-07,56.63999938964844,56.84000015258789,56.369998931884766,56.79999923706055,34.623870849609375,10906600,
2010-01-08,56.900001525878906,57.310001373291016,56.7400016784668,57.25,34.898189544677734,12826500,
2010-01-11,57.83000183105469,57.86000061035156,57.470001220703125,57.720001220703125,35.1846923828125,12387500,
2010-01-12,57.11000061035156,57.380001068115234,56.599998474121094,57.040000915527344,34.770179748535156,19029700,
2010-01-13,57.279998779296875,57.70000076293945,56.939998626708984,57.52000045776367,35.06276321411133,15446600,
2010-01-14,57.5,58.0,57.5,57.959999084472656,35.330989837646484,13362600,
2010-01-15,57.5099983215332,57.61000061035156,56.779998779296875,57.04999923706055,34.776268005371094,19281700,
2010-01-19,56.880001068115234,57.68000030517578,56.84000015258789,57.61000061035156,35.11763000488281,17507700,
2010-01-20,56.369998931884766,56.400001525878906,55.619998931884766,56.13999938964844,34.2215576171875,24510100,
2010-01-21,56.040000915527344,56.18000030517578,54.58000183105469,54.939998626708984,33.49006652832031,22979100,
2010-01-22,54.70000076293945,55.04999923706055,53.790000915527344,53.869998931884766,32.837825775146484,27432500,
2010-01-25,54.86000061035156,54.97999954223633,54.38999938964844,54.529998779296875,33.240135192871094,20242700,
2010-01-26,54.04999923706055,54.68000030517578,53.90999984741211,54.220001220703125,33.05117416381836,22135300,
2010-01-27,53.880001068115234,54.209999084472656,53.380001068115234,54.15999984741211,33.014591217041016,27156000,
2010-01-28,54.189998626708984,54.20000076293945,52.849998474121094,53.25,32.45988464355469,26142600,
2010-01-29,53.31999969482422,53.630001068115234,52.33000183105469,52.47999954223633,31.990516662597656,28917200,
2010-02-01,53.20000076293945,53.52000045776367,52.47999954223633,53.439998626708984,32.57570266723633,23123800,
2010-02-02,53.81999969482422,54.459999084472656,53.650001525878906,54.33000183105469,33.11822509765625,19720200,
2010-02-03,53.97999954223633,54.20000076293945,53.47999954223633,53.7599983215332,32.77077102661133,20225900,
2010-02-04,52.7400016784668,52.79999923706055,51.540000915527344,51.56999969482422,31.43580436706543,32202200,
2010-02-05,51.290000915527344,51.47999954223633,49.939998626708984,51.47999954223633,31.38094139099121,43046100,
2010-02-08,50.970001220703125,51.45000076293945,50.45000076293945,50.459999084472656,30.759166717529297,19238000,
2010-02-09,51.59000015258789,52.52000045776367,51.09000015258789,52.04999923706055,31.72840118408203,30811800,
2010-02-10,51.77000045776367,51.95000076293945,51.209999084472656,51.720001220703125,31.5272274017334,23502500,
2010-02-11,51.540000915527344,52.290000915527344,51.150001525878906,52.20000076293945,31.819839477539062,19397300,
2010-02-12,51.29999923706055,51.849998474121094,51.04999923706055,51.75,31.5455265045166,18994900,
2010-02-16,51.9900016784668,53.0099983215332,51.810001373291016,52.900001525878906,32.24654006958008,19592800,
2010-02-17,53.13999938964844,53.27000045776367,52.75,52.970001220703125,32.28921127319336,19682000,
2010-02-18,52.810001373291016,53.349998474121094,52.810001373291016,53.27000045776367,32.47208023071289,13747600,
2010-02-19,52.529998779296875,53.06999969482422,52.380001068115234,52.939998626708984,32.27090835571289,16069000,
2010-02-22,53.22999954223633,53.310001373291016,52.90999984741211,53.040000915527344,32.331871032714844,14422100,
2010-02-23,52.79999923706055,53.040000915527344,52.119998931884766,52.290000915527344,31.874696731567383,18038800,
2010-02-24,52.369998931884766,52.93000030517578,52.22999954223633,52.619998931884766,32.07584762573242,15789800,
2010-02-25,51.58000183105469,52.310001373291016,51.470001220703125,52.29999923706055,31.88078498840332,18544400,
2010-02-26,52.189998626708984,52.849998474121094,51.90999984741211,52.619998931884766,32.07584762573242,19714200,
2010-03-01,52.7400016784668,53.130001068115234,52.599998474121094,53.029998779296875,32.32577896118164,14774400,
2010-03-02,53.38999938964844,53.790000915527344,53.16999816894531,53.43000030517578,32.569610595703125,14135700,
2010-03-03,53.90999984741211,54.40999984741211,53.83000183105469,54.06999969482422,32.95973205566406,15292400,
2010-03-04,54.130001068115234,54.22999954223633,53.619998931884766,53.93000030517578,32.87439727783203,12645600,
2010-03-05,54.310001373291016,55.060001373291016,54.209999084472656,54.97999954223633,33.514461517333984,18656300,
2010-03-08,55.060001373291016,55.209999084472656,54.810001373291016,54.97999954223633,33.514461517333984,11336100,
2010-03-09,54.470001220703125,55.11000061035156,54.45000076293945,54.849998474121094,33.435211181640625,15356500,
2010-03-10,54.849998474121094,55.34000015258789,54.779998779296875,55.08000183105469,33.575408935546875,13641100,
2010-03-11,55.04999923706055,55.349998474121094,54.810001373291016,55.290000915527344,33.70341491699219,13015300,
2010-03-12,55.72999954223633,55.75,55.369998931884766,55.65999984741211,33.92897033691406,11743300,
2010-03-15,55.20000076293945,55.34000015258789,54.849998474121094,55.27000045776367,33.69123077392578,10182300,
2010-03-16,55.459999084472656,56.029998779296875,55.31999969482422,55.970001220703125,34.11793518066406,15718300,
2010-03-17,56.18000030517578,56.5099983215332,56.11000061035156,56.27000045776367,34.30080032348633,17400500,
2010-03-18,56.08000183105469,56.189998626708984,55.58000183105469,55.939998626708984,34.09965133666992,15899600,
2010-03-19,55.369998931884766,55.90999984741211,55.11000061035156,55.369998931884766,33.75218963623047,17819700,
2010-03-22,54.63999938964844,55.599998474121094,54.599998474121094,55.529998779296875,33.84971618652344,17473800,
2010-03-23,55.560001373291016,56.0099983215332,55.349998474121094,55.91999816894531,34.08745574951172,15533000,
2010-03-24,55.0,55.209999084472656,54.7599983215332,55.0,33.52665328979492,18234000,
2010-03-25,55.45000076293945,55.65999984741211,54.900001525878906,54.970001220703125,33.50836181640625,18633000,
2010-03-26,55.33000183105469,55.720001220703125,55.15999984741211,55.5099983215332,33.83751678466797,23466200,
2010-03-29,55.779998779296875,56.040000915527344,55.68000030517578,55.97999954223633,34.1240234375,13605700,
2010-03-30,56.15999984741211,56.310001373291016,55.720001220703125,55.97999954223633,34.1240234375,16768000,
2010-03-31,55.77000045776367,56.18000030517578,55.63999938964844,55.97999954223633,34.1240234375,22702600,
2010-04-01,56.54999923706055,56.9900016784668,56.52000045776367,56.970001220703125,34.72751235961914,20493900,
2010-04-05,56.939998626708984,57.20000076293945,56.75,57.029998779296875,34.76408386230469,14434000,
2010-04-06,56.439998626708984,56.95000076293945,56.380001068115234,56.869998931884766,34.666542053222656,15025700,
2010-04-07,56.560001373291016,56.68000030517578,56.2599983215332,56.470001220703125,34.42272186279297,19574500,
2010-04-08,55.86000061035156,56.459999084472656,55.7400016784668,56.40999984741211,34.38614273071289,13853000,
2010-04-09,56.58000183105469,57.220001220703125,56.560001373291016,57.150001525878906,34.83722686767578,17131200,
2010-04-12,57.34000015258789,57.5,57.209999084472656,57.33000183105469,34.94695281982422,11992200,
2010-04-13,57.38999938964844,57.439998626708984,56.849998474121094,57.279998779296875,34.91647720336914,9094000,
2010-04-14,57.689998626708984,58.08000183105469,57.52000045776367,58.040000915527344,35.37975311279297,20763800,
2010-04-15,57.689998626708984,58.09000015258789,57.63999938964844,58.0,35.35536193847656,13534200,
2010-04-16,57.47999954223633,57.709999084472656,56.43000030517578,56.720001220703125,34.57511901855469,30341100,
2010-04-19,56.08000183105469,56.61000061035156,55.88999938964844,56.56999969482422,34.483673095703125,19657000,
2010-04-20,57.0,57.08000183105469,56.779998779296875,56.91999816894531,34.697025299072266,14039800,
2010-04-21,56.689998626708984,56.790000915527344,56.2599983215332,56.54999923706055,34.47148895263672,15597400,
2010-04-22,55.68000030517578,56.13999938964844,55.31999969482422,56.040000915527344,34.16061019897461,22128200,
2010-04-23,55.810001373291016,56.4900016784668,55.630001068115234,56.459999084472656,34.416629791259766,18250100,
2010-04-26,56.619998931884766,56.75,56.400001525878906,56.52000045776367,34.45319747924805,19670500,
2010-04-27,55.70000076293945,56.08000183105469,54.119998931884766,54.25,33.069454193115234,39699100,
2010-04-28,54.689998626708984,54.790000915527344,53.68000030517578,54.2599983215332,33.0755615234375,32895300,
2010-04-29,54.849998474121094,55.22999954223633,54.709999084472656,55.099998474121094,33.58759689331055,21405900,
2010-04-30,55.119998931884766,55.18000030517578,54.27000045776367,54.40999984741211,33.166988372802734,24817100,
2010-05-03,54.5099983215332,54.9900016784668,54.40999984741211,54.79999923706055,33.40473937988281,22046300,
2010-05-04,53.38999938964844,53.41999816894531,52.40999984741211,52.630001068115234,32.08195495605469,42932500,
2010-05-05,51.45000076293945,52.2400016784668,51.34000015258789,51.619998931884766,31.466278076171875,40791300,
2010-05-06,51.279998779296875,51.599998474121094,47.2599983215332,49.31999969482422,30.064260482788086,64526400,
2010-05-07,49.810001373291016,50.310001373291016,48.29999923706055,49.209999084472656,29.997201919555664,66179200,
2010-05-10,52.45000076293945,52.849998474121094,51.95000076293945,52.400001525878906,31.94174575805664,63301700,
2010-05-11,51.209999084472656,52.36000061035156,51.15999984741211,51.54999923706055,31.423612594604492,42343600,
2010-05-12,51.9900016784668,52.439998626708984,51.900001525878906,52.130001068115234,31.777158737182617,27785600,
2010-05-13,51.7599983215332,52.119998931884766,51.31999969482422,51.45000076293945,31.362648010253906,29675400,
2010-05-14,50.81999969482422,50.91999816894531,49.54999923706055,49.9900016784668,30.472671508789062,40366200,
2010-05-17,50.16999816894531,50.400001525878906,48.900001525878906,50.060001373291016,30.51534652709961,33131000,
2010-05-18,50.540000915527344,50.630001068115234,48.72999954223633,48.97999954223633,29.857004165649414,39152500,
2010-05-19,48.880001068115234,49.34000015258789,48.349998474121094,49.16999816894531,29.97281837463379,41441600,
2010-05-20,47.709999084472656,48.27000045776367,46.970001220703125,47.459999084472656,28.930442810058594,50013100,
2010-05-21,47.02000045776367,48.68000030517578,46.90999984741211,48.619998931884766,29.637561798095703,52184600,
2010-05-24,47.939998626708984,48.31999969482422,47.470001220703125,47.5,28.954822540283203,26489400,
2010-05-25,46.09000015258789,47.38999938964844,45.849998474121094,47.31999969482422,28.845104217529297,53441800,
2010-05-26,47.369998931884766,47.779998779296875,46.5099983215332,46.619998931884766,28.418399810791016,42125600,
2010-05-27,48.29999923706055,49.29999923706055,48.0099983215332,49.27000045776367,30.033782958984375,33506900,
2010-05-28,49.029998779296875,49.150001525878906,48.11000061035156,48.31999969482422,29.45467758178711,39482100,
2010-06-01,47.88999938964844,49.02000045776367,47.79999923706055,47.84000015258789,29.162078857421875,34753600,
2010-06-02,48.060001373291016,49.150001525878906,47.790000915527344,49.119998931884766,29.942344665527344,25336300,
2010-06-03,49.369998931884766,49.459999084472656,48.52000045776367,48.970001220703125,29.850893020629883,27019600,
2010-06-04,47.7599983215332,48.02000045776367,46.650001525878906,46.880001068115234,28.576894760131836,36685200,
2010-06-07,47.06999969482422,47.29999923706055,46.279998779296875,46.290000915527344,28.217247009277344,24384100,
2010-06-08,46.54999923706055,47.09000015258789,46.130001068115234,47.029998779296875,28.66832160949707,33911600,
2010-06-09,47.34000015258789,47.83000183105469,46.630001068115234,46.86000061035156,28.564699172973633,30395500,
2010-06-10,48.2400016784668,48.880001068115234,48.08000183105469,48.84000015258789,29.77165985107422,30506000,
2010-06-11,48.290000915527344,48.93000030517578,48.20000076293945,48.90999984741211,29.8143253326416,22459100,
2010-06-14,49.630001068115234,49.93000030517578,49.130001068115234,49.220001220703125,30.003307342529297,29477200,
2010-06-15,50.0,50.810001373291016,49.81999969482422,50.779998779296875,30.95423126220703,28365100,
2010-06-16,50.150001525878906,50.7400016784668,50.040000915527344,50.540000915527344,30.80794334411621,21785900,
2010-06-17,50.779998779296875,50.79999923706055,50.20000076293945,50.70000076293945,30.905467987060547,23402900,
2010-06-18,50.630001068115234,50.849998474121094,50.45000076293945,50.61000061035156,30.850618362426758,20182700,
2010-06-21,51.38999938964844,51.4900016784668,50.400001525878906,50.599998474121094,30.844514846801758,26081200,
2010-06-22,50.720001220703125,50.93000030517578,49.869998931884766,49.959999084472656,30.45438003540039,29123900,
2010-06-23,49.459999084472656,49.779998779296875,48.83000183105469,49.43000030517578,30.65843963623047,31159100,"{""dividend_amount"": 0.859}"
2010-06-24,49.099998474121094,49.16999816894531,48.43000030517578,48.56999969482422,30.125038146972656,24218700,
2010-06-25,48.540000915527344,48.9900016784668,48.16999816894531,48.849998474121094,30.29869842529297,31883900,
2010-06-28,48.75,49.11000061035156,48.380001068115234,48.4900016784668,30.07541847229004,23915000,
2010-06-29,47.599998474121094,47.599998474121094,46.66999816894531,46.83000183105469,29.045827865600586,39759300,
2010-06-30,46.900001525878906,47.380001068115234,46.47999954223633,46.5099983215332,28.847333908081055,40112000,
2010-07-01,47.099998474121094,47.2599983215332,46.45000076293945,47.189998626708984,29.26910400390625,43453600,
2010-07-02,47.470001220703125,47.65999984741211,46.77000045776367,47.09000015258789,29.207088470458984,24580500,
2010-07-06,48.43000030517578,48.790000915527344,47.709999084472656,48.029998779296875,29.79010772705078,26225800,
2010-07-07,48.31999969482422,49.59000015258789,48.27000045776367,49.529998779296875,30.720462799072266,31096500,
2010-07-08,49.70000076293945,50.02000045776367,49.33000183105469,50.0099983215332,31.01817512512207,30704400,
2010-07-09,49.560001373291016,50.08000183105469,49.47999954223633,50.060001373291016,31.049196243286133,19807000,
2010-07-12,49.650001525878906,49.9900016784668,49.5099983215332,49.869998931884766,30.931346893310547,19512900,
2010-07-13,50.5099983215332,50.90999984741211,50.40999984741211,50.790000915527344,31.501962661743164,21027200,
2010-07-14,50.56999969482422,51.02000045776367,50.43000030517578,50.970001220703125,31.61360740661621,17036100,
2010-07-15,51.08000183105469,51.310001373291016,50.41999816894531,51.220001220703125,31.768665313720703,21741000,
2010-07-16,50.61000061035156,50.619998931884766,49.5099983215332,49.58000183105469,30.75147819519043,29092500,
2010-07-19,49.9900016784668,50.15999984741211,49.47999954223633,49.900001525878906,30.949954986572266,15344100,
2010-07-20,49.13999938964844,50.310001373291016,49.119998931884766,50.2400016784668,31.16083335876465,17648600,
2010-07-21,50.220001220703125,50.25,49.16999816894531,49.33000183105469,30.596416473388672,18248500,
2010-07-22,50.52000045776367,51.16999816894531,50.52000045776367,50.9900016784668,31.626012802124023,25412400,
2010-07-23,50.90999984741211,51.599998474121094,50.7400016784668,51.59000015258789,31.9981689453125,26349100,
2010-07-26,51.310001373291016,51.970001220703125,51.189998626708984,51.95000076293945,32.22144317626953,29416900,
2010-07-27,52.25,52.29999923706055,51.709999084472656,52.099998474121094,32.31447982788086,31043800,
2010-07-28,51.959999084472656,52.119998931884766,51.66999816894531,51.83000183105469,32.14702606201172,18472800,
2010-07-29,52.58000183105469,52.810001373291016,51.61000061035156,52.06999969482422,32.29587936401367,20313700,
2010-07-30,51.459999084472656,52.25,51.400001525878906,51.90999984741211,32.19664001464844,25265700,
2010-08-02,53.09000015258789,53.75,52.959999084472656,53.65999984741211,33.28205108642578,20257000,
2010-08-03,53.41999816894531,53.7599983215332,53.15999984741211,53.58000183105469,33.23243713378906,18383000,
2010-08-04,53.5099983215332,53.77000045776367,53.220001220703125,53.630001068115234,33.26344680786133,15891400,
2010-08-05,53.43000030517578,53.59000015258789,53.150001525878906,53.59000015258789,33.2386360168457,13158500,
2010-08-06,53.27000045776367,53.79999923706055,53.09000015258789,53.75,33.3378791809082,18078700,
2010-08-09,53.88999938964844,53.95000076293945,53.68000030517578,53.810001373291016,33.37509536743164,13579600,
2010-08-10,52.880001068115234,53.630001068115234,52.58000183105469,53.380001068115234,33.10839080810547,20251800,
2010-08-11,51.70000076293945,51.709999084472656,50.869998931884766,50.95000076293945,31.60120391845703,40518300,
2010-08-12,50.5099983215332,51.04999923706055,50.5,50.88999938964844,31.56398582458496,22039000,
2010-08-13,50.869998931884766,51.16999816894531,50.689998626708984,50.709999084472656,31.45233917236328,18869200,
2010-08-16,50.720001220703125,51.310001373291016,50.58000183105469,51.119998931884766,31.70665168762207,16634800,
2010-08-17,51.689998626708984,51.97999954223633,51.400001525878906,51.689998626708984,32.060184478759766,13630600,
2010-08-18,51.83000183105469,52.02000045776367,51.459999084472656,51.66999816894531,32.04777145385742,14140600,
2010-08-19,51.70000076293945,51.84000015258789,50.599998474121094,50.84000015258789,31.53297233581543,20836400,
2010-08-20,50.29999923706055,50.41999816894531,50.0,50.310001373291016,31.204259872436523,16366900,
2010-08-23,50.560001373291016,50.88999938964844,50.20000076293945,50.209999084472656,31.142230987548828,13331200,
2010-08-24,49.529998779296875,49.86000061035156,49.15999984741211,49.52000045776367,30.71426773071289,21659600,
2010-08-25,49.08000183105469,49.66999816894531,48.81999969482422,49.56999969482422,30.745281219482422,18816000,
2010-08-26,49.849998474121094,50.13999938964844,49.400001525878906,49.54999923706055,30.732877731323242,16038800,
2010-08-27,50.130001068115234,50.58000183105469,49.47999954223633,50.52000045776367,31.334508895874023,16814200,
2010-08-30,50.189998626708984,50.400001525878906,49.779998779296875,49.790000915527344,30.881729125976562,17372300,
2010-08-31,49.7400016784668,50.27000045776367,49.540000915527344,49.939998626708984,30.974763870239258,24164600,
2010-09-01,51.15999984741211,51.900001525878906,51.060001373291016,51.720001220703125,32.07878494262695,25500500,
2010-09-02,51.70000076293945,52.0099983215332,51.540000915527344,52.0099983215332,32.25865936279297,14665200,
2010-09-03,52.43000030517578,52.650001525878906,52.150001525878906,52.4900016784668,32.55637741088867,16061700,
2010-09-07,52.099998474121094,52.13999938964844,51.72999954223633,51.7599983215332,32.10360336303711,17975300,
2010-09-08,52.11000061035156,52.540000915527344,52.08000183105469,52.15999984741211,32.3516960144043,13422600,
2010-09-09,53.0,53.0,52.400001525878906,52.650001525878906,32.65560531616211,14184700,
2010-09-10,52.66999816894531,52.86000061035156,52.599998474121094,52.810001373291016,32.75485610961914,10187700,
2010-09-13,53.540000915527344,53.810001373291016,53.459999084472656,53.77000045776367,33.35028076171875,23197400,
2010-09-14,53.58000183105469,54.34000015258789,53.41999816894531,54.130001068115234,33.57356262207031,20933000,
2010-09-15,53.779998779296875,54.209999084472656,53.540000915527344,54.150001525878906,33.585968017578125,19914900,
2010-09-16,53.7599983215332,54.029998779296875,53.61000061035156,53.88999938964844,33.424713134765625,18005000,
2010-09-17,53.880001068115234,53.97999954223633,53.33000183105469,53.630001068115234,33.26344680786133,18965300,
2010-09-20,53.90999984741211,54.65999984741211,53.77000045776367,54.560001373291016,33.84027099609375,17245100,
2010-09-21,54.56999969482422,54.97999954223633,54.04999923706055,54.54999923706055,33.83407974243164,24148000,
2010-09-22,54.720001220703125,55.0099983215332,54.31999969482422,54.470001220703125,33.784446716308594,21603200,
2010-09-23,53.86000061035156,54.40999984741211,53.7599983215332,53.880001068115234,33.41851043701172,20424200,
2010-09-24,54.93000030517578,55.47999954223633,54.88999938964844,55.380001068115234,34.34886169433594,21041700,
2010-09-27,55.36000061035156,55.40999984741211,55.04999923706055,55.099998474121094,34.175201416015625,13161000,
2010-09-28,55.220001220703125,55.54999923706055,54.63999938964844,55.41999816894531,34.37367248535156,30726600,
2010-09-29,55.43000030517578,55.619998931884766,55.150001525878906,55.33000183105469,34.317848205566406,18717500,
2010-09-30,55.61000061035156,55.810001373291016,54.630001068115234,54.91999816894531,34.06354904174805,30372500,
2010-10-01,55.47999954223633,55.59000015258789,55.02000045776367,55.470001220703125,34.40468978881836,15814900,
2010-10-04,54.9900016784668,55.209999084472656,54.459999084472656,54.66999816894531,33.90850067138672,14760400,
2010-10-05,55.650001525878906,56.380001068115234,55.540000915527344,56.220001220703125,34.869873046875,25199800,
2010-10-06,56.470001220703125,56.709999084472656,56.349998474121094,56.689998626708984,35.1613883972168,24251900,
2010-10-07,57.11000061035156,57.119998931884766,56.20000076293945,56.5,35.04353332519531,22281600,
2010-10-08,56.619998931884766,56.970001220703125,56.43000030517578,56.869998931884766,35.27302551269531,16558500,
2010-10-11,56.970001220703125,57.029998779296875,56.599998474121094,56.79999923706055,35.22959518432617,9960700,
2010-10-12,56.36000061035156,56.83000183105469,55.95000076293945,56.68000030517578,35.155181884765625,13383900,
2010-10-13,57.209999084472656,57.619998931884766,57.08000183105469,57.31999969482422,35.552127838134766,15517400,
2010-10-14,57.72999954223633,57.93000030517578,57.380001068115234,57.720001220703125,35.800235748291016,16135400,
2010-10-15,57.88999938964844,57.93000030517578,57.119998931884766,57.529998779296875,35.68238067626953,20830900,
2010-10-18,57.41999816894531,57.90999984741211,57.25,57.65999984741211,35.76300048828125,12315200,
2010-10-19,56.650001525878906,57.0099983215332,56.11000061035156,56.38999938964844,34.975311279296875,20471000,
2010-10-20,56.72999954223633,57.66999816894531,56.689998626708984,57.45000076293945,35.63277053833008,15578900,
2010-10-21,57.5,57.869998931884766,56.810001373291016,57.13999938964844,35.44049072265625,14836300,
2010-10-22,57.40999984741211,57.5,57.119998931884766,57.290000915527344,35.53352355957031,12456000,
2010-10-25,57.88999938964844,58.099998474121094,57.47999954223633,57.5099983215332,35.669979095458984,13979000,
2010-10-26,56.88999938964844,57.20000076293945,56.75,57.13999938964844,35.44049072265625,14724600,
2010-10-27,56.630001068115234,56.77000045776367,56.06999969482422,56.59000015258789,35.09934997558594,15964500,
2010-10-28,57.18000030517578,57.20000076293945,56.720001220703125,57.029998779296875,35.37226486206055,15896800,
2010-10-29,56.939998626708984,57.13999938964844,56.77000045776367,57.0099983215332,35.359867095947266,13268100,
2010-11-01,57.099998474121094,57.29999923706055,56.5,56.79999923706055,35.22959518432617,14155000,
2010-11-02,57.68000030517578,57.849998474121094,57.529998779296875,57.7400016784668,35.8126335144043,13020600,
2010-11-03,57.81999969482422,58.13999938964844,57.16999816894531,58.13999938964844,36.06073760986328,24589500,
2010-11-04,59.189998626708984,59.5099983215332,59.119998931884766,59.459999084472656,36.87944412231445,19768900,
2010-11-05,59.150001525878906,59.43000030517578,58.900001525878906,59.20000076293945,36.71818161010742,14176200,
2010-11-08,58.7400016784668,58.959999084472656,58.4900016784668,58.84000015258789,36.49489212036133,11752500,
2010-11-09,59.20000076293945,59.349998474121094,58.04999923706055,58.25,36.128963470458984,17333500,
2010-11-10,58.45000076293945,58.56999969482422,57.650001525878906,58.41999816894531,36.23439407348633,19340700,
2010-11-11,57.84000015258789,58.0099983215332,57.59000015258789,57.91999816894531,35.92427444458008,21357400,
2010-11-12,57.75,58.060001373291016,57.130001068115234,57.439998626708984,35.626564025878906,19040600,
2010-11-15,57.83000183105469,57.93000030517578,57.38999938964844,57.400001525878906,35.601749420166016,15067500,
2010-11-16,56.900001525878906,57.0,55.79999923706055,56.04999923706055,34.76443099975586,40455500,
2010-11-17,56.349998474121094,56.66999816894531,56.220001220703125,56.36000061035156,34.956703186035156,22315000,
2010-11-18,57.54999923706055,57.83000183105469,57.5,57.77000045776367,35.83124542236328,19343000,
2010-11-19,57.310001373291016,57.79999923706055,57.029998779296875,57.77000045776367,35.83124542236328,14201100,
2010-11-22,57.099998474121094,57.400001525878906,56.4900016784668,57.150001525878906,35.44668960571289,28197600,
2010-11-23,55.869998931884766,56.06999969482422,55.290000915527344,55.43000030517578,34.3798828125,22439100,
2010-11-24,55.959999084472656,56.33000183105469,55.939998626708984,56.310001373291016,34.925689697265625,18834800,
2010-11-26,55.369998931884766,55.68000030517578,55.27000045776367,55.369998931884766,34.34266662597656,8691400,
2010-11-29,54.77000045776367,55.0099983215332,54.22999954223633,54.880001068115234,34.03874588012695,25857100,
2010-11-30,53.880001068115234,54.540000915527344,53.849998474121094,54.2599983215332,33.65420150756836,26227300,
2010-12-01,55.33000183105469,55.84000015258789,55.220001220703125,55.79999923706055,34.60936737060547,21834400,
2010-12-02,55.689998626708984,56.900001525878906,55.63999938964844,56.86000061035156,35.266822814941406,22405800,
2010-12-03,56.900001525878906,57.459999084472656,56.849998474121094,57.40999984741211,35.607948303222656,17799200,
2010-12-06,56.900001525878906,57.2599983215332,56.810001373291016,57.150001525878906,35.44668960571289,15412000,
2010-12-07,57.90999984741211,57.97999954223633,57.119998931884766,57.18000030517578,35.46529769897461,24787900,
2010-12-08,57.2400016784668,57.560001373291016,56.900001525878906,57.349998474121094,35.570735931396484,13426500,
2010-12-09,57.52000045776367,57.58000183105469,57.09000015258789,57.5,35.663780212402344,14969800,
2010-12-10,57.459999084472656,57.689998626708984,57.220001220703125,57.630001068115234,35.7443962097168,13417000,
2010-12-13,58.09000015258789,58.560001373291016,57.9900016784668,58.25,36.128963470458984,15149500,
2010-12-14,58.36000061035156,58.709999084472656,58.220001220703125,58.34000015258789,36.184776306152344,16046600,
2010-12-15,57.95000076293945,58.189998626708984,57.41999816894531,57.56999969482422,35.707183837890625,19335800,
2010-12-16,57.599998474121094,57.97999954223633,57.40999984741211,57.88999938964844,35.90566635131836,15424700,
2010-12-17,57.560001373291016,57.61000061035156,57.2599983215332,57.56999969482422,35.707183837890625,16830000,
2010-12-20,57.849998474121094,57.86000061035156,57.45000076293945,57.70000076293945,35.78782272338867,12685600,
2010-12-21,57.650001525878906,57.720001220703125,57.52000045776367,57.63999938964844,36.087074279785156,18172500,"{""dividend_amount"": 0.538}"
2010-12-22,57.650001525878906,57.7599983215332,57.54999923706055,57.75,36.15596389770508,9188800,
2010-12-23,57.56999969482422,57.7599983215332,57.54999923706055,57.720001220703125,36.13718032836914,10404000,
2010-12-27,57.380001068115234,57.619998931884766,57.279998779296875,57.599998474121094,36.062042236328125,6348600,
2010-12-28,57.90999984741211,57.91999816894531,57.52000045776367,57.650001525878906,36.093353271484375,9601200,
2010-12-29,58.0099983215332,58.290000915527344,57.939998626708984,58.150001525878906,36.40638732910156,9244900,
2010-12-30,58.029998779296875,58.08000183105469,57.650001525878906,57.869998931884766,36.23108673095703,10546300,
2010-12-31,57.869998931884766,58.619998931884766,57.849998474121094,58.220001220703125,36.45021438598633,28390800,
2011-01-03,58.61000061035156,58.869998931884766,58.560001373291016,58.70000076293945,36.750732421875,16245400,
2011-01-04,58.95000076293945,58.97999954223633,58.22999954223633,58.52000045776367,36.63802719116211,14583100,
2011-01-05,57.65999984741211,58.27000045776367,57.650001525878906,58.27000045776367,36.481510162353516,13008800,
2011-01-06,58.310001373291016,58.349998474121094,57.470001220703125,57.599998474121094,36.062042236328125,23622100,
2011-01-07,57.689998626708984,57.83000183105469,57.06999969482422,57.369998931884766,35.91804885864258,16347400,
2011-01-10,56.970001220703125,57.34000015258789,56.720001220703125,57.27000045776367,35.85544204711914,12666500,
2011-01-11,57.619998931884766,57.7599983215332,57.36000061035156,57.65999984741211,36.099609375,15014100,
2011-01-12,58.349998474121094,58.93000030517578,58.25,58.93000030517578,36.89472961425781,20472100,
2011-01-13,59.34000015258789,59.5099983215332,59.0,59.09000015258789,36.99489974975586,16441100,
2011-01-14,58.91999816894531,59.5099983215332,58.880001068115234,59.45000076293945,37.22028350830078,21884200,
2011-01-18,59.709999084472656,59.95000076293945,59.630001068115234,59.84000015258789,37.464454650878906,11977100,
2011-01-19,60.029998779296875,60.06999969482422,59.2599983215332,59.43000030517578,37.207767486572266,19678600,
2011-01-20,58.900001525878906,59.150001525878906,58.439998626708984,58.91999816894531,36.888465881347656,17207900,
2011-01-21,59.41999816894531,59.540000915527344,59.08000183105469,59.2400016784668,37.08880615234375,13671500,
2011-01-24,59.13999938964844,59.869998931884766,59.13999938964844,59.869998931884766,37.48323440551758,13494000,
2011-01-25,59.38999938964844,59.7599983215332,59.20000076293945,59.75,37.408103942871094,13323300,
2011-01-26,60.029998779296875,60.2400016784668,59.849998474121094,60.130001068115234,37.64601516723633,20444700,
2011-01-27,60.189998626708984,60.40999984741211,59.939998626708984,60.27000045776367,37.733673095703125,11889000,
2011-01-28,59.90999984741211,60.08000183105469,58.810001373291016,58.93000030517578,36.89472961425781,18244200,
2011-01-31,59.40999984741211,59.689998626708984,59.27000045776367,59.439998626708984,37.214027404785156,20763600,
2011-02-01,60.20000076293945,60.970001220703125,60.119998931884766,60.849998474121094,38.0967903137207,25762500,
2011-02-02,60.720001220703125,60.970001220703125,60.619998931884766,60.79999923706055,38.06549835205078,17063200,
2011-02-03,60.5099983215332,60.84000015258789,60.06999969482422,60.810001373291016,38.07175064086914,11593300,
2011-02-04,60.61000061035156,60.810001373291016,60.22999954223633,60.790000915527344,38.059226989746094,12648400,
2011-02-07,60.65999984741211,61.060001373291016,60.630001068115234,60.97999954223633,38.17818832397461,13215000,
2011-02-08,61.040000915527344,61.400001525878906,60.83000183105469,61.380001068115234,38.428619384765625,14437700,
2011-02-09,61.029998779296875,61.31999969482422,60.869998931884766,61.20000076293945,38.31591796875,17360700,
2011-02-10,60.36000061035156,60.81999969482422,60.18000030517578,60.79999923706055,38.06549835205078,13190600,
2011-02-11,60.2599983215332,60.93000030517578,60.25,60.83000183105469,38.08427047729492,12115100,
2011-02-14,60.70000076293945,61.029998779296875,60.63999938964844,60.95000076293945,38.15940856933594,9851200,
2011-02-15,60.88999938964844,60.95000076293945,60.630001068115234,60.77000045776367,38.04671096801758,14695100,
2011-02-16,61.0,61.560001373291016,60.939998626708984,61.5,38.50374984741211,14665300,
2011-02-17,61.36000061035156,61.86000061035156,61.33000183105469,61.709999084472656,38.635231018066406,15745900,
2011-02-18,61.70000076293945,61.97999954223633,61.56999969482422,61.91999816894531,38.766700744628906,10151400,
2011-02-22,60.630001068115234,61.09000015258789,60.09000015258789,60.150001525878906,37.658538818359375,24077500,
2011-02-23,60.41999816894531,60.630001068115234,59.869998931884766,60.22999954223633,37.708621978759766,18757300,
2011-02-24,60.349998474121094,60.52000045776367,59.79999923706055,60.279998779296875,37.73992156982422,17689600,
2011-02-25,60.689998626708984,61.040000915527344,60.650001525878906,61.0,38.190704345703125,15585300,
2011-02-28,61.619998931884766,61.79999923706055,61.2599983215332,61.54999923706055,38.535037994384766,19750700,
2011-03-01,61.7599983215332,61.79999923706055,60.650001525878906,60.689998626708984,37.996620178222656,20476500,
2011-03-02,60.810001373291016,61.29999923706055,60.7400016784668,61.0099983215332,38.19696044921875,17851200,
2011-03-03,61.529998779296875,61.810001373291016,61.27000045776367,61.790000915527344,38.685298919677734,16087800,
2011-03-04,61.56999969482422,61.689998626708984,60.81999969482422,61.22999954223633,38.334693908691406,18174100,
2011-03-07,61.4900016784668,61.630001068115234,60.47999954223633,60.63999938964844,37.965309143066406,16467500,
2011-03-08,60.540000915527344,61.029998779296875,60.209999084472656,60.83000183105469,38.08427047729492,13435000,
2011-03-09,60.84000015258789,60.9900016784668,60.58000183105469,60.849998474121094,38.0967903137207,13058500,
2011-03-10,59.7400016784668,59.75,59.25,59.34000015258789,37.15141677856445,24970100,
2011-03-11,58.84000015258789,59.4900016784668,58.84000015258789,59.34000015258789,37.15141677856445,17713200,
2011-03-14,57.869998931884766,58.33000183105469,57.63999938964844,58.279998779296875,36.48777389526367,31231300,
2011-03-15,55.20000076293945,57.380001068115234,55.04999923706055,57.060001373291016,35.72396469116211,43537200,
2011-03-16,56.66999816894531,56.86000061035156,54.099998474121094,55.290000915527344,34.61581039428711,40797800,
2011-03-17,57.220001220703125,57.45000076293945,56.77000045776367,57.130001068115234,35.76778030395508,30662400,
2011-03-18,57.9900016784668,58.099998474121094,57.650001525878906,57.91999816894531,36.262386322021484,44500400,
2011-03-21,58.970001220703125,59.439998626708984,58.83000183105469,59.349998474121094,37.157684326171875,24131500,
2011-03-22,59.310001373291016,59.36000061035156,58.88999938964844,59.18000030517578,37.051239013671875,16722000,
2011-03-23,58.81999969482422,59.40999984741211,58.59000015258789,59.25,37.09506607055664,17400800,
2011-03-24,59.5099983215332,60.040000915527344,59.34000015258789,60.040000915527344,37.58967590332031,14473700,
2011-03-25,59.58000183105469,59.86000061035156,59.36000061035156,59.380001068115234,37.17646026611328,12687500,
2011-03-28,59.54999923706055,59.7400016784668,59.310001373291016,59.349998474121094,37.157684326171875,11879900,
2011-03-29,59.20000076293945,59.66999816894531,58.97999954223633,59.65999984741211,37.35176086425781,14375800,
2011-03-30,60.09000015258789,60.439998626708984,59.959999084472656,60.369998931884766,37.7962760925293,13689000,
2011-03-31,60.0,60.290000915527344,59.84000015258789,60.08000183105469,37.61471939086914,21688400,
2011-04-01,60.189998626708984,60.72999954223633,59.91999816894531,60.650001525878906,37.971580505371094,15132800,
2011-04-04,60.81999969482422,60.86000061035156,60.4900016784668,60.72999954223633,38.021663665771484,19410800,
2011-04-05,60.209999084472656,60.77000045776367,60.15999984741211,60.58000183105469,37.9277458190918,14536800,
2011-04-06,60.83000183105469,61.15999984741211,60.79999923706055,61.08000183105469,38.24079895019531,14204000,
2011-04-07,60.93000030517578,61.130001068115234,60.43000030517578,60.779998779296875,38.0529670715332,16050000,
2011-04-08,61.5,61.59000015258789,61.11000061035156,61.279998779296875,38.36600875854492,12447100,
2011-04-11,61.439998626708984,61.61000061035156,61.029998779296875,61.15999984741211,38.290870666503906,10165800,
2011-04-12,60.880001068115234,60.95000076293945,60.40999984741211,60.59000015258789,37.934017181396484,14527800,
2011-04-13,61.25,61.290000915527344,60.61000061035156,60.77000045776367,38.04671096801758,14659800,
2011-04-14,60.58000183105469,61.13999938964844,60.40999984741211,61.040000915527344,38.21574401855469,15109800,
2011-04-15,60.84000015258789,61.060001373291016,60.599998474121094,60.95000076293945,38.15940856933594,14660500,
2011-04-18,59.61000061035156,59.81999969482422,59.029998779296875,59.70000076293945,37.376808166503906,20667200,
2011-04-19,60.02000045776367,60.22999954223633,59.83000183105469,60.13999938964844,37.65227508544922,11675700,
2011-04-20,61.540000915527344,61.72999954223633,61.43000030517578,61.66999816894531,38.61017990112305,16665900,
2011-04-21,62.119998931884766,62.16999816894531,61.86000061035156,62.06999969482422,38.86061096191406,12811800,
2011-04-25,62.13999938964844,62.189998626708984,61.83000183105469,62.06999969482422,38.86061096191406,11593100,
2011-04-26,62.22999954223633,62.65999984741211,62.11000061035156,62.54999923706055,39.16112518310547,11400000,
2011-04-27,62.7599983215332,63.38999938964844,62.349998474121094,63.33000183105469,39.64946746826172,16032300,
2011-04-28,63.290000915527344,63.790000915527344,63.279998779296875,63.7599983215332,39.918678283691406,19808900,
2011-04-29,63.790000915527344,64.06999969482422,63.459999084472656,63.459999084472656,39.73085403442383,17700000,
2011-05-02,64.12999725341797,64.3499984741211,63.779998779296875,63.869998931884766,39.987552642822266,18704300,
2011-05-03,63.650001525878906,63.83000183105469,63.060001373291016,63.349998474121094,39.6619758605957,14222300,
2011-05-04,63.43000030517578,63.439998626708984,62.59000015258789,62.810001373291016,39.323909759521484,18561500,
2011-05-05,62.11000061035156,62.279998779296875,61.31999969482422,61.56999969482422,38.54756546020508,25543500,
2011-05-06,62.43000030517578,62.650001525878906,61.2599983215332,61.599998474121094,38.56634521484375,24517800,
2011-05-09,61.619998931884766,62.09000015258789,61.36000061035156,62.040000915527344,38.84181594848633,17228200,
2011-05-10,62.25,62.65999984741211,62.119998931884766,62.630001068115234,39.211219787597656,15708200,
2011-05-11,62.29999923706055,62.369998931884766,61.130001068115234,61.369998931884766,38.422359466552734,33177300,
2011-05-12,61.18000030517578,61.86000061035156,60.79999923706055,61.56999969482422,38.54756546020508,22162200,
2011-05-13,61.45000076293945,61.4900016784668,60.279998779296875,60.61000061035156,37.94654083251953,20874000,
2011-05-16,60.45000076293945,61.15999984741211,60.310001373291016,60.5,37.877662658691406,19340700,
2011-05-17,60.18000030517578,60.65999984741211,59.900001525878906,60.630001068115234,37.95905685424805,18296900,
2011-05-18,60.560001373291016,61.18000030517578,60.41999816894531,61.0,38.190704345703125,12848200,
2011-05-19,61.18000030517578,61.41999816894531,60.810001373291016,61.349998474121094,38.40983200073242,10888100,
2011-05-20,60.93000030517578,61.0,60.25,60.47999954223633,37.865142822265625,18552000,
2011-05-23,59.08000183105469,59.33000183105469,58.81999969482422,59.08000183105469,36.9886360168457,20519400,
2011-05-24,59.56999969482422,59.77000045776367,59.2400016784668,59.41999816894531,37.20150375366211,17309500,
2011-05-25,59.2400016784668,59.959999084472656,59.20000076293945,59.79999923706055,37.439414978027344,15848600,
2011-05-26,60.060001373291016,60.5099983215332,59.709999084472656,60.36000061035156,37.790008544921875,18511100,
2011-05-27,60.68000030517578,60.9900016784668,60.59000015258789,60.79999923706055,38.06549835205078,17160100,
2011-05-31,61.810001373291016,62.060001373291016,61.45000076293945,62.060001373291016,38.85435104370117,33441600,
2011-06-01,61.720001220703125,61.790000915527344,60.52000045776367,60.59000015258789,37.934017181396484,25264400,
2011-06-02,60.880001068115234,61.02000045776367,60.2400016784668,60.900001525878906,38.12811279296875,19489600,
2011-06-03,60.279998779296875,61.279998779296875,60.2599983215332,60.93000030517578,38.146881103515625,21376300,
2011-06-06,60.779998779296875,60.83000183105469,60.099998474121094,60.13999938964844,37.65227508544922,16339800,
2011-06-07,60.900001525878906,61.13999938964844,60.65999984741211,60.689998626708984,37.996620178222656,23850300,
2011-06-08,60.2400016784668,60.439998626708984,59.81999969482422,59.90999984741211,37.508277893066406,18499300,
2011-06-09,60.11000061035156,60.68000030517578,59.970001220703125,60.529998779296875,37.89645004272461,14991000,
2011-06-10,60.0,60.02000045776367,58.95000076293945,59.130001068115234,37.01994323730469,23965600,
2011-06-13,59.349998474121094,59.58000183105469,58.88999938964844,59.220001220703125,37.076297760009766,26144800,
2011-06-14,60.06999969482422,60.439998626708984,60.02000045776367,60.27000045776367,37.733673095703125,16389900,
2011-06-15,59.08000183105469,59.310001373291016,58.150001525878906,58.290000915527344,36.4940299987793,26678400,
2011-06-16,58.02000045776367,58.40999984741211,57.59000015258789,58.09000015258789,36.36882019042969,21331500,
2011-06-17,58.880001068115234,58.959999084472656,58.5099983215332,58.65999984741211,36.72569274902344,22489900,
2011-06-20,58.2400016784668,58.75,58.2400016784668,58.59000015258789,36.68185806274414,16304000,
2011-06-21,59.15999984741211,59.88999938964844,59.09000015258789,59.86000061035156,37.47698211669922,17407400,
2011-06-22,58.41999816894531,58.77000045776367,58.119998931884766,58.150001525878906,37.11381912231445,20975200,"{""dividend_amount"": 1.141}"
2011-06-23,57.060001373291016,57.68000030517578,56.70000076293945,57.650001525878906,36.79470443725586,22617400,
2011-06-24,57.68000030517578,57.70000076293945,57.0099983215332,57.099998474121094,36.44366455078125,18681900,
2011-06-27,57.060001373291016,57.720001220703125,56.939998626708984,57.56999969482422,36.74363327026367,16916400,
2011-06-28,57.81999969482422,58.310001373291016,57.75,58.2599983215332,37.184024810791016,20936100,
2011-06-29,58.900001525878906,59.33000183105469,58.560001373291016,59.279998779296875,37.835025787353516,28707600,
2011-06-30,59.56999969482422,60.33000183105469,59.47999954223633,60.13999938964844,38.383914947509766,30800700,
2011-07-01,60.04999923706055,60.86000061035156,59.880001068115234,60.79999923706055,38.80516815185547,17093200,
2011-07-05,60.540000915527344,60.720001220703125,60.279998779296875,60.439998626708984,38.57539367675781,17598300,
2011-07-06,59.93000030517578,60.150001525878906,59.63999938964844,60.060001373291016,38.33286666870117,12980200,
2011-07-07,60.40999984741211,60.709999084472656,60.31999969482422,60.58000183105469,38.66474151611328,15687200,
2011-07-08,59.91999816894531,60.150001525878906,59.5,59.83000183105469,38.18606948852539,17211100,
2011-07-11,58.5099983215332,58.65999984741211,57.90999984741211,58.02000045776367,37.03084945678711,25138000,
2011-07-12,57.66999816894531,58.290000915527344,57.560001373291016,57.630001068115234,36.78192901611328,17446900,
2011-07-13,58.279998779296875,59.08000183105469,58.150001525878906,58.4900016784668,37.3308219909668,22333600,
2011-07-14,58.79999923706055,58.91999816894531,57.849998474121094,57.97999954223633,37.00531768798828,24454000,
2011-07-15,58.27000045776367,58.4900016784668,57.88999938964844,58.18000030517578,37.132965087890625,20163000,
2011-07-18,57.439998626708984,57.61000061035156,56.849998474121094,57.31999969482422,36.584083557128906,23639200,
2011-07-19,57.810001373291016,58.31999969482422,57.810001373291016,58.18000030517578,37.132965087890625,20782400,
2011-07-20,58.70000076293945,58.95000076293945,58.38999938964844,58.869998931884766,37.57334518432617,15577400,
2011-07-21,59.470001220703125,60.220001220703125,59.369998931884766,60.119998931884766,38.37115478515625,26791900,
2011-07-22,60.15999984741211,60.25,59.72999954223633,60.18000030517578,38.409454345703125,11854600,
2011-07-25,59.79999923706055,60.06999969482422,59.66999816894531,59.79999923706055,38.16691970825195,15580200,
2011-07-26,60.119998931884766,60.369998931884766,59.849998474121094,60.15999984741211,38.39668655395508,14454200,
2011-07-27,59.77000045776367,59.790000915527344,58.59000015258789,58.70000076293945,37.4648551940918,29604200,
2011-07-28,58.61000061035156,59.15999984741211,58.5,58.560001373291016,37.37550354003906,17540500,
2011-07-29,58.459999084472656,59.2400016784668,58.220001220703125,58.709999084472656,37.471229553222656,28563800,
2011-08-01,59.369998931884766,59.400001525878906,57.5,57.970001220703125,36.99893569946289,26159000,
2011-08-02,57.310001373291016,57.810001373291016,56.43000030517578,56.439998626708984,36.02242660522461,25546200,
2011-08-03,56.79999923706055,56.88999938964844,55.790000915527344,56.77000045776367,36.23304748535156,36176300,
2011-08-04,54.88999938964844,55.0099983215332,52.7400016784668,52.810001373291016,33.705604553222656,39911200,
2011-08-05,54.0099983215332,54.209999084472656,51.779998779296875,53.7400016784668,34.299163818359375,61793400,
2011-08-08,51.720001220703125,52.40999984741211,49.630001068115234,49.72999954223633,31.739805221557617,53894700,
2011-08-09,51.68000030517578,53.08000183105469,50.189998626708984,53.08000183105469,33.87792205810547,55660900,
2011-08-10,51.630001068115234,51.68000030517578,49.84000015258789,49.90999984741211,31.854698181152344,43347500,
2011-08-11,50.15999984741211,52.68000030517578,50.08000183105469,52.29999923706055,33.380096435546875,35724500,
2011-08-12,52.849998474121094,53.310001373291016,52.20000076293945,52.900001525878906,33.7630500793457,26243500,
2011-08-15,53.540000915527344,54.13999938964844,53.529998779296875,54.130001068115234,34.5480842590332,20913700,
2011-08-16,53.189998626708984,53.959999084472656,52.790000915527344,53.34000015258789,34.04386901855469,23238300,
2011-08-17,53.849998474121094,54.29999923706055,53.33000183105469,53.650001525878906,34.24173355102539,20680200,
2011-08-18,51.70000076293945,51.81999969482422,50.59000015258789,51.040000915527344,32.57590866088867,32657800,
2011-08-19,50.439998626708984,51.689998626708984,50.099998474121094,50.16999816894531,32.020633697509766,29395100,
2011-08-22,51.720001220703125,51.7599983215332,50.45000076293945,50.4900016784668,32.224876403808594,23408300,
2011-08-23,51.09000015258789,52.18000030517578,50.7599983215332,52.130001068115234,33.27159881591797,24830200,
2011-08-24,51.709999084472656,52.45000076293945,51.41999816894531,52.150001525878906,33.28435516357422,18042600,
2011-08-25,52.02000045776367,52.22999954223633,50.72999954223633,50.88999938964844,32.48017883300781,18597700,
2011-08-26,50.720001220703125,51.86000061035156,50.15999984741211,51.689998626708984,32.99077224731445,26600900,
2011-08-29,52.439998626708984,52.95000076293945,52.41999816894531,52.91999816894531,33.77580642700195,18267000,
2011-08-30,52.33000183105469,52.849998474121094,51.93000030517578,52.61000061035156,33.57795715332031,16811400,
2011-08-31,53.45000076293945,53.900001525878906,53.220001220703125,53.56999969482422,34.190673828125,29114100,
2011-09-01,53.310001373291016,53.79999923706055,52.90999984741211,52.90999984741211,33.76942443847656,21110800,
2011-09-02,51.95000076293945,52.27000045776367,51.619998931884766,51.72999954223633,33.016300201416016,23310400,
2011-09-06,49.29999923706055,50.060001373291016,49.150001525878906,50.029998779296875,31.93128776550293,27238100,
2011-09-07,50.72999954223633,51.529998779296875,50.56999969482422,51.52000045776367,32.882266998291016,18331400,
2011-09-08,50.790000915527344,51.38999938964844,50.369998931884766,50.5,32.231258392333984,17412400,
2011-09-09,49.529998779296875,49.72999954223633,48.540000915527344,48.75,31.11433982849121,23270800,
2011-09-12,47.7599983215332,48.560001373291016,47.40999984741211,48.540000915527344,30.98030662536621,31133200,
2011-09-13,48.540000915527344,49.22999954223633,48.369998931884766,49.060001373291016,31.31218910217285,27622400,
2011-09-14,49.22999954223633,50.18000030517578,48.40999984741211,49.79999923706055,31.784486770629883,26017000,
2011-09-15,50.56999969482422,50.91999816894531,50.209999084472656,50.880001068115234,32.47379684448242,36415500,
2011-09-16,50.970001220703125,51.130001068115234,50.36000061035156,50.900001525878906,32.486549377441406,19035400,
2011-09-19,49.209999084472656,49.83000183105469,48.900001525878906,49.5,31.593013763427734,22184900,
2011-09-20,49.709999084472656,50.2400016784668,49.310001373291016,49.70000076293945,31.720666885375977,27969100,
2011-09-21,49.650001525878906,49.84000015258789,48.20000076293945,48.220001220703125,30.77606773376465,74730700,
2011-09-22,46.709999084472656,47.0,46.08000183105469,46.65999984741211,29.78041648864746,49431400,
2011-09-23,46.29999923706055,47.279998779296875,46.22999954223633,47.189998626708984,30.118675231933594,39581500,
2011-09-26,47.5,48.20000076293945,46.79999923706055,48.15999984741211,30.73777198791504,24237700,
2011-09-27,49.529998779296875,50.15999984741211,49.060001373291016,49.349998474121094,31.49727439880371,35316000,
2011-09-28,49.630001068115234,49.900001525878906,48.45000076293945,48.5099983215332,30.96115493774414,32537000,
2011-09-29,49.810001373291016,49.9900016784668,48.75,49.459999084472656,31.56749153137207,29540100,
2011-09-30,48.25,48.65999984741211,47.75,47.779998779296875,30.495241165161133,29785700,
2011-10-03,47.310001373291016,47.97999954223633,46.5,46.52000045776367,29.69105339050293,31113700,
2011-10-04,46.02000045776367,47.310001373291016,45.45000076293945,47.29999923706055,30.188879013061523,37700000,
2011-10-05,47.2400016784668,48.08000183105469,46.880001068115234,48.029998779296875,30.654802322387695,33843200,
2011-10-06,48.0,49.349998474121094,47.86000061035156,49.31999969482422,31.478132247924805,30835600,
2011-10-07,49.56999969482422,49.83000183105469,48.86000061035156,48.97999954223633,31.26113510131836,32306700,
2011-10-10,50.150001525878906,50.88999938964844,50.150001525878906,50.849998474121094,32.454654693603516,22300800,
2011-10-11,50.16999816894531,50.81999969482422,50.09000015258789,50.7599983215332,32.3972053527832,22967800,
2011-10-12,51.45000076293945,52.0,51.369998931884766,51.5,32.86949920654297,40438500,
2011-10-13,51.18000030517578,51.56999969482422,50.7400016784668,51.52000045776367,32.882266998291016,16967200,
2011-10-14,52.0099983215332,52.209999084472656,51.630001068115234,52.119998931884766,33.26521301269531,16226500,
2011-10-17,51.720001220703125,51.7400016784668,50.790000915527344,50.91999816894531,32.49931716918945,15645500,
2011-10-18,50.81999969482422,52.02000045776367,50.22999954223633,51.650001525878906,32.965240478515625,27807500,
2011-10-19,51.36000061035156,51.540000915527344,50.63999938964844,50.720001220703125,32.371673583984375,18229900,
2011-10-20,50.869998931884766,50.939998626708984,50.060001373291016,50.849998474121094,32.454654693603516,23120200,
2011-10-21,51.65999984741211,52.11000061035156,51.58000183105469,52.08000183105469,33.239681243896484,21149500,
2011-10-24,52.060001373291016,52.95000076293945,52.04999923706055,52.86000061035156,33.73750686645508,16040000,
2011-10-25,52.5099983215332,52.58000183105469,51.7599983215332,51.95000076293945,33.15671157836914,25668900,
2011-10-26,52.84000015258789,52.95000076293945,51.61000061035156,52.65999984741211,33.60986328125,19159800,
2011-10-27,55.060001373291016,55.869998931884766,54.58000183105469,55.56999969482422,35.4671516418457,27559600,
2011-10-28,54.869998931884766,55.2599983215332,54.72999954223633,55.25,35.262916564941406,41372400,
2011-10-31,53.63999938964844,53.68000030517578,52.369998931884766,52.380001068115234,33.43115234375,29378700,
2011-11-01,50.27000045776367,51.310001373291016,50.150001525878906,50.7400016784668,32.384429931640625,34733100,
2011-11-02,51.15999984741211,51.560001373291016,50.86000061035156,51.16999816894531,32.658878326416016,24423500,
2011-11-03,51.9900016784668,52.650001525878906,51.220001220703125,52.459999084472656,33.48222351074219,23891000,
2011-11-04,51.849998474121094,52.040000915527344,51.209999084472656,51.79999923706055,33.060970306396484,23089500,
2011-11-07,51.7400016784668,52.11000061035156,51.349998474121094,52.02000045776367,33.201385498046875,21383700,
2011-11-08,52.29999923706055,52.79999923706055,51.81999969482422,52.650001525878906,33.60347366333008,22483600,
2011-11-09,50.689998626708984,50.84000015258789,49.83000183105469,49.95000076293945,31.880233764648438,28669400,
2011-11-10,50.95000076293945,50.9900016784668,50.040000915527344,50.540000915527344,32.25679397583008,25065000,
2011-11-11,51.33000183105469,51.959999084472656,51.29999923706055,51.79999923706055,33.060970306396484,19095800,
2011-11-14,51.189998626708984,51.33000183105469,50.63999938964844,50.880001068115234,32.47379684448242,16886200,
2011-11-15,50.720001220703125,51.060001373291016,50.34000015258789,50.7400016784668,32.384429931640625,23477400,
2011-11-16,50.20000076293945,50.66999816894531,49.75,49.77000045776367,31.765348434448242,26147100,
2011-11-17,50.0099983215332,50.220001220703125,49.029998779296875,49.22999954223633,31.420692443847656,28385300,
2011-11-18,49.810001373291016,49.84000015258789,49.29999923706055,49.400001525878906,31.529193878173828,16813600,
2011-11-21,48.38999938964844,48.45000076293945,47.790000915527344,48.150001525878906,30.731395721435547,25465000,
2011-11-22,48.099998474121094,48.310001373291016,47.720001220703125,48.0099983215332,30.642038345336914,29937500,
2011-11-23,47.40999984741211,47.470001220703125,46.63999938964844,46.689998626708984,29.799551010131836,27206700,
2011-11-25,46.599998474121094,47.11000061035156,46.45000076293945,46.45000076293945,29.646381378173828,10871200,
2011-11-28,48.470001220703125,48.619998931884766,48.119998931884766,48.43000030517578,30.910097122192383,21753000,
2011-11-29,48.65999984741211,49.0,48.470001220703125,48.75,31.11433982849121,23035900,
2011-11-30,50.689998626708984,51.29999923706055,50.58000183105469,51.2400016784668,32.70356369018555,43525100,
2011-12-01,50.97999954223633,51.36000061035156,50.630001068115234,50.79999923706055,32.42273712158203,19770900,
2011-12-02,51.459999084472656,51.47999954223633,50.77000045776367,50.790000915527344,32.416358947753906,17848000,
2011-12-05,51.7599983215332,51.810001373291016,51.060001373291016,51.369998931884766,32.78653335571289,18107200,
2011-12-06,51.08000183105469,51.470001220703125,50.95000076293945,51.130001068115234,32.633358001708984,21382100,
2011-12-07,50.790000915527344,51.70000076293945,50.56999969482422,51.4900016784668,32.86311721801758,29174100,
2011-12-08,50.779998779296875,50.86000061035156,49.7400016784668,49.79999923706055,31.784486770629883,26351100,
2011-12-09,50.2599983215332,51.06999969482422,50.2400016784668,51.040000915527344,32.57590866088867,20706100,
2011-12-12,49.95000076293945,49.959999084472656,49.2599983215332,49.54999923706055,31.62493324279785,23868300,
2011-12-13,49.779998779296875,50.13999938964844,48.650001525878906,48.880001068115234,31.197307586669922,33861500,
2011-12-14,48.599998474121094,48.779998779296875,48.13999938964844,48.29999923706055,30.82712745666504,28164100,
2011-12-15,48.880001068115234,48.95000076293945,48.369998931884766,48.540000915527344,30.98030662536621,25474900,
2011-12-16,48.70000076293945,48.849998474121094,48.119998931884766,48.34000015258789,30.85265350341797,28537100,
2011-12-19,48.58000183105469,48.66999816894531,47.83000183105469,47.88999938964844,30.565439224243164,21443400,
2011-12-20,48.41999816894531,49.040000915527344,48.400001525878906,48.9900016784668,31.643484115600586,34746000,"{""dividend_amount"": 0.569}"
2011-12-21,48.66999816894531,48.790000915527344,48.290000915527344,48.72999954223633,31.475547790527344,27654000,
2011-12-22,48.7400016784668,49.189998626708984,48.689998626708984,49.16999816894531,31.759737014770508,25753700,
2011-12-23,49.25,49.5099983215332,49.13999938964844,49.5099983215332,31.97935676574707,14901700,
2011-12-27,49.34000015258789,49.400001525878906,49.20000076293945,49.290000915527344,31.83725929260254,14440000,
2011-12-28,49.150001525878906,49.16999816894531,48.38999938964844,48.400001525878906,31.26239585876465,20384600,
2011-12-29,48.54999923706055,49.349998474121094,48.5,49.290000915527344,31.83725929260254,25565500,
2011-12-30,49.27000045776367,49.599998474121094,49.22999954223633,49.529998779296875,31.992284774780273,32979100,
2012-01-03,50.540000915527344,51.02000045776367,50.5099983215332,50.880001068115234,32.86427688598633,33352000,
2012-01-04,50.56999969482422,50.66999816894531,50.20000076293945,50.58000183105469,32.67049789428711,14692800,
2012-01-05,49.75,49.900001525878906,49.459999084472656,49.83000183105469,32.18605422973633,16354900,
2012-01-06,49.650001525878906,49.68000030517578,49.06999969482422,49.150001525878906,31.746835708618164,28504800,
2012-01-09,49.45000076293945,49.45000076293945,48.9900016784668,49.34000015258789,31.869548797607422,12756100,
2012-01-10,50.18000030517578,50.220001220703125,49.970001220703125,50.09000015258789,32.35398864746094,13409900,
2012-01-11,49.689998626708984,49.970001220703125,49.4900016784668,49.93000030517578,32.250648498535156,13372300,
2012-01-12,50.13999938964844,50.25,49.77000045776367,50.13999938964844,32.386287689208984,13774400,
2012-01-13,49.56999969482422,49.63999938964844,49.04999923706055,49.599998474121094,32.03749084472656,17154100,
2012-01-17,50.25,50.5,50.130001068115234,50.189998626708984,32.41858673095703,19915900,
2012-01-18,50.4900016784668,51.06999969482422,50.43000030517578,51.029998779296875,32.96115493774414,15999300,
2012-01-19,51.38999938964844,52.189998626708984,51.18000030517578,51.65999984741211,33.36807632446289,17256900,
2012-01-20,51.59000015258789,51.93000030517578,51.540000915527344,51.93000030517578,33.542484283447266,23922600,
2012-01-23,52.02000045776367,52.349998474121094,51.939998626708984,52.130001068115234,33.67166519165039,18529000,
2012-01-24,51.58000183105469,51.93000030517578,51.400001525878906,51.84000015258789,33.484344482421875,18320600,
2012-01-25,51.599998474121094,52.5099983215332,51.380001068115234,52.380001068115234,33.833152770996094,24497400,
2012-01-26,52.880001068115234,52.97999954223633,52.290000915527344,52.400001525878906,33.8460578918457,20276800,
2012-01-27,52.2400016784668,52.619998931884766,52.2400016784668,52.4900016784668,33.90419006347656,22868700,
2012-01-30,51.650001525878906,51.97999954223633,51.560001373291016,51.869998931884766,33.503726959228516,21139400,
2012-01-31,52.41999816894531,52.41999816894531,51.83000183105469,52.13999938964844,33.678123474121094,26358300,
2012-02-01,52.84000015258789,53.2400016784668,52.790000915527344,52.959999084472656,34.2077751159668,28274600,
2012-02-02,53.08000183105469,53.290000915527344,52.91999816894531,53.06999969482422,34.27882766723633,19337400,
2012-02-03,53.41999816894531,53.93000030517578,53.349998474121094,53.900001525878906,34.81494140625,15187000,
2012-02-06,53.369998931884766,53.70000076293945,53.31999969482422,53.63999938964844,34.64699172973633,15349200,
2012-02-07,53.68000030517578,54.0099983215332,53.41999816894531,53.970001220703125,34.860145568847656,26462700,
2012-02-08,54.099998474121094,54.290000915527344,53.83000183105469,54.15999984741211,34.982872009277344,13873200,
2012-02-09,54.369998931884766,54.43000030517578,54.02000045776367,54.29999923706055,35.07330322265625,16265900,
2012-02-10,53.29999923706055,53.43000030517578,53.11000061035156,53.27000045776367,34.40801239013672,19405700,
2012-02-13,53.93000030517578,54.0,53.66999816894531,53.880001068115234,34.80202102661133,16406900,
2012-02-14,53.630001068115234,53.72999954223633,53.11000061035156,53.47999954223633,34.54365158081055,17037300,
2012-02-15,53.93000030517578,53.95000076293945,53.459999084472656,53.540000915527344,34.58240509033203,25177100,
2012-02-16,53.400001525878906,54.310001373291016,53.349998474121094,54.279998779296875,35.06039047241211,17583900,
2012-02-17,54.59000015258789,54.599998474121094,54.220001220703125,54.52000045776367,35.21540069580078,14472400,
2012-02-21,54.709999084472656,54.90999984741211,54.45000076293945,54.529998779296875,35.22186279296875,17594800,
2012-02-22,54.43000030517578,54.59000015258789,54.25,54.369998931884766,35.1185188293457,15857800,
2012-02-23,54.43000030517578,54.86000061035156,54.189998626708984,54.81999969482422,35.409175872802734,12721100,
2012-02-24,55.04999923706055,55.310001373291016,55.040000915527344,55.150001525878906,35.622337341308594,25346500,
2012-02-27,54.40999984741211,55.0099983215332,54.290000915527344,54.869998931884766,35.44148254394531,20054200,
2012-02-28,55.029998779296875,55.400001525878906,54.880001068115234,55.380001068115234,35.77088928222656,16619300,
2012-02-29,55.4900016784668,55.63999938964844,54.630001068115234,54.65999984741211,35.30583953857422,33950800,
2012-03-01,54.959999084472656,55.349998474121094,54.91999816894531,55.279998779296875,35.7063102722168,20340800,
2012-03-02,54.88999938964844,54.93000030517578,54.599998474121094,54.77000045776367,35.376888275146484,14435600,
2012-03-05,54.65999984741211,54.66999816894531,54.310001373291016,54.47999954223633,35.1895637512207,10047900,
2012-03-06,53.20000076293945,53.25,52.59000015258789,52.7400016784668,34.065673828125,21589300,
2012-03-07,53.119998931884766,53.45000076293945,52.79999923706055,53.38999938964844,34.48551559448242,18013000,
2012-03-08,54.2400016784668,54.77000045776367,54.09000015258789,54.540000915527344,35.22833251953125,21590500,
2012-03-09,54.279998779296875,54.529998779296875,54.15999984741211,54.36000061035156,35.112056732177734,23096900,
2012-03-12,54.15999984741211,54.290000915527344,53.88999938964844,54.220001220703125,35.021644592285156,13724200,
2012-03-13,54.43000030517578,55.11000061035156,54.36000061035156,55.099998474121094,35.59003448486328,24475900,
2012-03-14,54.9900016784668,55.06999969482422,54.45000076293945,54.61000061035156,35.27354049682617,18872700,
2012-03-15,54.79999923706055,55.20000076293945,54.650001525878906,55.130001068115234,35.60941696166992,13721000,
2012-03-16,55.540000915527344,55.720001220703125,55.459999084472656,55.5099983215332,35.854854583740234,15837000,
2012-03-19,55.34000015258789,55.90999984741211,55.310001373291016,55.79999923706055,36.042179107666016,17182000,
2012-03-20,55.02000045776367,55.220001220703125,54.790000915527344,55.13999938964844,35.615867614746094,14092600,
2012-03-21,54.93000030517578,54.959999084472656,54.54999923706055,54.779998779296875,35.38334274291992,16614400,
2012-03-22,54.20000076293945,54.5,54.130001068115234,54.400001525878906,35.13789749145508,17106600,
2012-03-23,54.349998474121094,54.790000915527344,54.060001373291016,54.779998779296875,35.38334274291992,14777400,
2012-03-26,55.189998626708984,55.5099983215332,55.18000030517578,55.47999954223633,35.83548355102539,19961800,
2012-03-27,55.560001373291016,55.560001373291016,55.11000061035156,55.130001068115234,35.60941696166992,14826100,
2012-03-28,55.150001525878906,55.189998626708984,54.470001220703125,54.75,35.36397171020508,20448500,
2012-03-29,54.209999084472656,54.459999084472656,53.970001220703125,54.400001525878906,35.13789749145508,25848400,
2012-03-30,54.84000015258789,54.939998626708984,54.5,54.88999938964844,35.45439910888672,22341500,
2012-04-02,54.63999938964844,55.68000030517578,54.529998779296875,55.529998779296875,35.86778259277344,25434800,
2012-04-03,55.209999084472656,55.2400016784668,54.25,54.560001373291016,35.241241455078125,20840000,
2012-04-04,53.4900016784668,53.599998474121094,53.04999923706055,53.34000015258789,34.453216552734375,20326700,
2012-04-05,52.869998931884766,53.33000183105469,52.86000061035156,53.02000045776367,34.24653244018555,13507000,
2012-04-09,52.459999084472656,52.959999084472656,52.439998626708984,52.790000915527344,34.09797286987305,12950500,
2012-04-10,52.61000061035156,52.7599983215332,51.650001525878906,51.65999984741211,33.36807632446289,25615800,
2012-04-11,52.650001525878906,52.7400016784668,52.31999969482422,52.380001068115234,33.833152770996094,22972100,
2012-04-12,52.630001068115234,53.40999984741211,52.599998474121094,53.34000015258789,34.453216552734375,21024400,
2012-04-13,52.869998931884766,52.869998931884766,52.25,52.31999969482422,33.794376373291016,27100500,
2012-04-16,52.72999954223633,52.91999816894531,52.290000915527344,52.70000076293945,34.039833068847656,20447400,
2012-04-17,53.189998626708984,53.66999816894531,52.9900016784668,53.540000915527344,34.58240509033203,12959800,
2012-04-18,53.16999816894531,53.5099983215332,53.08000183105469,53.2599983215332,34.40154266357422,19804600,
2012-04-19,53.22999954223633,53.529998779296875,52.66999816894531,52.939998626708984,34.194854736328125,27862900,
2012-04-20,53.31999969482422,53.630001068115234,53.290000915527344,53.45000076293945,34.52427673339844,15499300,
2012-04-23,52.40999984741211,52.5,52.040000915527344,52.380001068115234,33.833152770996094,23904000,
2012-04-24,52.61000061035156,53.04999923706055,52.58000183105469,52.79999923706055,34.10443115234375,14529100,
2012-04-25,53.41999816894531,53.58000183105469,53.18000030517578,53.52000045776367,34.569488525390625,21423800,
2012-04-26,53.29999923706055,53.93000030517578,53.2400016784668,53.84000015258789,34.776187896728516,13428200,
2012-04-27,54.0,54.15999984741211,53.72999954223633,54.060001373291016,34.91828536987305,16016300,
2012-04-30,53.81999969482422,53.849998474121094,53.529998779296875,53.75,34.718048095703125,16865300,
2012-05-01,53.630001068115234,54.220001220703125,53.58000183105469,53.970001220703125,34.860145568847656,15437300,
2012-05-02,53.310001373291016,53.630001068115234,53.099998474121094,53.54999923706055,34.588871002197266,15890700,
2012-05-03,53.439998626708984,53.529998779296875,52.97999954223633,53.08000183105469,34.285282135009766,14260300,
2012-05-04,52.79999923706055,52.880001068115234,52.220001220703125,52.27000045776367,33.76209259033203,20026500,
2012-05-07,52.27000045776367,52.70000076293945,52.22999954223633,52.650001525878906,34.00754165649414,21882700,
2012-05-08,52.029998779296875,52.08000183105469,51.290000915527344,51.84000015258789,33.484344482421875,21062600,
2012-05-09,50.84000015258789,51.52000045776367,50.61000061035156,51.2400016784668,33.0968017578125,31090500,
2012-05-10,51.75,51.81999969482422,51.400001525878906,51.47999954223633,33.25181198120117,15309000,
2012-05-11,50.880001068115234,51.61000061035156,50.880001068115234,51.15999984741211,33.04512023925781,14493200,
2012-05-14,50.36000061035156,50.58000183105469,50.18000030517578,50.18000030517578,32.41212463378906,22125400,
2012-05-15,49.900001525878906,50.150001525878906,49.4900016784668,49.54999923706055,32.00519561767578,18011800,
2012-05-16,49.560001373291016,49.81999969482422,49.02000045776367,49.060001373291016,31.688701629638672,23983300,
2012-05-17,49.0,49.060001373291016,48.45000076293945,48.459999084472656,31.3011417388916,26475900,
2012-05-18,48.68000030517578,48.689998626708984,47.68000030517578,48.11000061035156,31.075077056884766,21407900,
2012-05-21,48.5,49.20000076293945,48.380001068115234,49.16999816894531,31.759737014770508,22460000,
2012-05-22,49.20000076293945,49.58000183105469,48.779998779296875,48.9900016784668,31.643484115600586,17114800,
2012-05-23,48.41999816894531,48.59000015258789,47.75,48.59000015258789,31.38511848449707,42276400,
2012-05-24,48.529998779296875,48.65999984741211,47.9900016784668,48.27000045776367,31.178421020507812,27309500,
2012-05-25,48.029998779296875,48.349998474121094,48.02000045776367,48.099998474121094,31.068613052368164,13397100,
2012-05-29,48.689998626708984,48.939998626708984,48.310001373291016,48.709999084472656,31.462621688842773,22042200,
2012-05-30,47.970001220703125,47.97999954223633,47.5099983215332,47.560001373291016,30.71981430053711,19349900,
2012-05-31,47.77000045776367,47.91999816894531,47.220001220703125,47.7599983215332,30.849000930786133,41638100,
2012-06-01,46.93000030517578,47.13999938964844,46.529998779296875,46.54999923706055,30.067445755004883,34294700,
2012-06-04,46.9900016784668,47.13999938964844,46.599998474121094,46.939998626708984,30.31935691833496,19574500,
2012-06-05,46.90999984741211,47.31999969482422,46.869998931884766,47.279998779296875,30.538957595825195,20139100,
2012-06-06,47.65999984741211,48.619998931884766,47.61000061035156,48.599998474121094,31.391572952270508,19868200,
2012-06-07,49.27000045776367,49.290000915527344,48.560001373291016,48.66999816894531,31.43679428100586,18578800,
2012-06-08,47.939998626708984,48.560001373291016,47.79999923706055,48.5099983215332,31.333444595336914,14439600,
2012-06-11,49.02000045776367,49.040000915527344,47.9900016784668,48.040000915527344,31.02986717224121,19296200,
2012-06-12,48.5,48.86000061035156,48.09000015258789,48.84000015258789,31.54659652709961,16053900,
2012-06-13,48.470001220703125,48.91999816894531,48.31999969482422,48.45000076293945,31.294679641723633,16202800,
2012-06-14,48.41999816894531,48.9900016784668,48.29999923706055,48.810001373291016,31.5272216796875,14670400,
2012-06-15,49.099998474121094,49.560001373291016,48.9900016784668,49.5,31.972900390625,20066100,
2012-06-18,49.2400016784668,49.5,49.11000061035156,49.36000061035156,31.882476806640625,19122200,
2012-06-19,49.869998931884766,50.5099983215332,49.810001373291016,50.18000030517578,32.41212463378906,23104500,
2012-06-20,50.41999816894531,50.83000183105469,50.04999923706055,50.470001220703125,32.599449157714844,27983500,
2012-06-21,49.22999954223633,49.33000183105469,47.9900016784668,48.029998779296875,31.74614143371582,25741600,"{""dividend_amount"": 1.149}"
2012-06-22,48.5099983215332,48.56999969482422,48.130001068115234,48.439998626708984,32.017127990722656,16488100,
2012-06-25,47.630001068115234,47.650001525878906,47.25,47.36000061035156,31.303295135498047,32410900,
2012-06-26,47.619998931884766,47.79999923706055,47.2599983215332,47.66999816894531,31.50818634033203,26606100,
2012-06-27,47.84000015258789,48.209999084472656,47.720001220703125,48.119998931884766,31.805620193481445,19727600,
2012-06-28,47.779998779296875,48.2599983215332,47.56999969482422,48.220001220703125,31.871719360351562,22778500,
2012-06-29,49.72999954223633,49.9900016784668,49.630001068115234,49.959999084472656,33.02179718017578,31235200,
2012-07-02,50.099998474121094,50.34000015258789,49.86000061035156,50.290000915527344,33.23991394042969,30092900,
2012-07-03,50.33000183105469,50.790000915527344,50.279998779296875,50.75,33.54396438598633,12175100,
2012-07-05,49.95000076293945,50.06999969482422,49.66999816894531,49.90999984741211,32.9887580871582,14389900,
2012-07-06,49.470001220703125,49.560001373291016,49.13999938964844,49.439998626708984,32.6781005859375,15075800,
2012-07-09,49.16999816894531,49.349998474121094,48.970001220703125,49.33000183105469,32.60539627075195,16313700,
2012-07-10,49.54999923706055,49.63999938964844,48.880001068115234,49.0,32.38726806640625,20026100,
2012-07-11,49.22999954223633,49.36000061035156,48.86000061035156,49.150001525878906,32.48642349243164,19418100,
2012-07-12,48.5099983215332,48.810001373291016,48.22999954223633,48.65999984741211,32.162540435791016,21406500,
2012-07-13,48.689998626708984,49.439998626708984,48.66999816894531,49.349998474121094,32.61860275268555,12613300,
2012-07-16,49.209999084472656,49.4900016784668,48.959999084472656,49.34000015258789,32.611995697021484,12207500,
2012-07-17,49.47999954223633,49.61000061035156,48.86000061035156,49.47999954223633,32.70453643798828,17158600,
2012-07-18,49.31999969482422,49.91999816894531,49.290000915527344,49.869998931884766,32.962310791015625,13588000,
2012-07-19,50.119998931884766,50.41999816894531,50.0,50.33000183105469,33.26636505126953,14039600,
2012-07-20,49.400001525878906,49.439998626708984,49.029998779296875,49.150001525878906,32.48642349243164,24165100,
2012-07-23,47.84000015258789,48.25,47.65999984741211,48.13999938964844,31.81883430480957,16082900,
2012-07-24,48.08000183105469,48.119998931884766,47.290000915527344,47.619998931884766,31.47513771057129,18959800,
2012-07-25,48.040000915527344,48.11000061035156,47.630001068115234,47.869998931884766,31.640380859375,10156700,
2012-07-26,49.18000030517578,49.720001220703125,49.060001373291016,49.33000183105469,32.60539627075195,18177000,
2012-07-27,49.79999923706055,50.58000183105469,49.689998626708984,50.369998931884766,33.29279708862305,24134200,
2012-07-30,50.09000015258789,50.47999954223633,50.08000183105469,50.310001373291016,33.25313186645508,24850000,
2012-07-31,50.27000045776367,50.400001525878906,49.97999954223633,50.0,33.04823684692383,38450700,
2012-08-01,50.349998474121094,50.45000076293945,49.9900016784668,50.0099983215332,33.05484390258789,17751600,
2012-08-02,49.470001220703125,49.900001525878906,48.939998626708984,49.310001373291016,32.59217071533203,23218900,
2012-08-03,50.38999938964844,51.130001068115234,50.349998474121094,50.9900016784668,33.70259094238281,26429600,
2012-08-06,51.209999084472656,51.52000045776367,51.130001068115234,51.349998474121094,33.94054412841797,15028700,
2012-08-07,51.779998779296875,52.04999923706055,51.72999954223633,51.779998779296875,34.224754333496094,17651200,
2012-08-08,51.4900016784668,51.86000061035156,51.470001220703125,51.75,34.204925537109375,13491300,
2012-08-09,51.630001068115234,51.95000076293945,51.56999969482422,51.779998779296875,34.224754333496094,12183000,
2012-08-10,51.369998931884766,51.869998931884766,51.25,51.869998931884766,34.28424072265625,15265100,
2012-08-13,51.72999954223633,51.880001068115234,51.45000076293945,51.619998931884766,34.11899948120117,15320400,
2012-08-14,51.77000045776367,51.849998474121094,51.619998931884766,51.7400016784668,34.198307037353516,10610200,
2012-08-15,51.56999969482422,51.72999954223633,51.52000045776367,51.59000015258789,34.09917449951172,14045700,
2012-08-16,51.86000061035156,52.310001373291016,51.70000076293945,52.22999954223633,34.522193908691406,13498000,
2012-08-17,52.31999969482422,52.369998931884766,52.08000183105469,52.29999923706055,34.56845474243164,17243500,
2012-08-20,52.15999984741211,52.290000915527344,51.939998626708984,52.2400016784668,34.528804779052734,10066600,
2012-08-21,52.650001525878906,52.91999816894531,52.380001068115234,52.540000915527344,34.727088928222656,19489800,
2012-08-22,52.09000015258789,52.59000015258789,52.040000915527344,52.47999954223633,34.68742752075195,12494200,
2012-08-23,52.27000045776367,52.43000030517578,52.06999969482422,52.18000030517578,34.489131927490234,16203200,
2012-08-24,51.810001373291016,52.369998931884766,51.709999084472656,52.099998474121094,34.43626022338867,15841400,
2012-08-27,52.2400016784668,52.38999938964844,52.060001373291016,52.130001068115234,34.456092834472656,12419900,
2012-08-28,51.91999816894531,52.16999816894531,51.83000183105469,52.08000183105469,34.423038482666016,14528900,
2012-08-29,52.029998779296875,52.11000061035156,51.84000015258789,51.91999816894531,34.317283630371094,11418300,
2012-08-30,51.630001068115234,51.65999984741211,51.150001525878906,51.150001525878906,33.8083381652832,24315600,
2012-08-31,51.779998779296875,51.939998626708984,51.33000183105469,51.599998474121094,34.105777740478516,26992000,
2012-09-04,51.470001220703125,51.529998779296875,51.130001068115234,51.34000015258789,33.933929443359375,23863200,
2012-09-05,51.34000015258789,51.43000030517578,51.119998931884766,51.20000076293945,33.84139633178711,17360500,
2012-09-06,51.619998931884766,52.61000061035156,51.61000061035156,52.470001220703125,34.68082046508789,23697600,
2012-09-07,53.04999923706055,53.400001525878906,53.0099983215332,53.2599983215332,35.20297622680664,17210600,
2012-09-10,53.04999923706055,53.20000076293945,52.7599983215332,52.84000015258789,34.925376892089844,12831800,
2012-09-11,53.060001373291016,53.59000015258789,53.060001373291016,53.439998626708984,35.321956634521484,15417500,
2012-09-12,53.88999938964844,53.91999816894531,53.599998474121094,53.790000915527344,35.55329132080078,14731600,
2012-09-13,53.72999954223633,54.86000061035156,53.56999969482422,54.61000061035156,36.09528732299805,21654700,
2012-09-14,55.18000030517578,55.58000183105469,55.06999969482422,55.150001525878906,36.45220947265625,36185500,
2012-09-17,55.09000015258789,55.20000076293945,54.720001220703125,54.86000061035156,36.260520935058594,14851900,
2012-09-18,54.560001373291016,54.7599983215332,54.45000076293945,54.630001068115234,36.10850524902344,16695300,
2012-09-19,54.720001220703125,54.970001220703125,54.54999923706055,54.86000061035156,36.260520935058594,17193300,
2012-09-20,54.16999816894531,54.540000915527344,54.02000045776367,54.5099983215332,36.02919006347656,21727600,
2012-09-21,54.86000061035156,54.900001525878906,54.52000045776367,54.540000915527344,36.04902648925781,21583300,
2012-09-24,54.11000061035156,54.47999954223633,54.060001373291016,54.349998474121094,35.92343521118164,16172500,
2012-09-25,54.4900016784668,54.7400016784668,53.970001220703125,53.970001220703125,35.672264099121094,22290200,
2012-09-26,53.540000915527344,53.61000061035156,53.220001220703125,53.43000030517578,35.31534957885742,22161700,
2012-09-27,53.790000915527344,54.2599983215332,53.619998931884766,54.06999969482422,35.73835754394531,20720800,
2012-09-28,53.5,53.54999923706055,52.90999984741211,53.0,35.0311279296875,43265100,
2012-10-01,53.56999969482422,53.97999954223633,53.36000061035156,53.43000030517578,35.31534957885742,18016800,
2012-10-02,53.95000076293945,53.9900016784668,53.459999084472656,53.63999938964844,35.45414352416992,14274000,
2012-10-03,53.599998474121094,53.63999938964844,53.29999923706055,53.41999816894531,35.30873107910156,17416800,
2012-10-04,53.810001373291016,54.130001068115234,53.70000076293945,54.06999969482422,35.73835754394531,15963600,
2012-10-05,54.5099983215332,54.650001525878906,54.040000915527344,54.13999938964844,35.78462600708008,13420500,
2012-10-08,53.810001373291016,53.900001525878906,53.709999084472656,53.81999969482422,35.57312774658203,6656000,
2012-10-09,53.47999954223633,53.58000183105469,53.040000915527344,53.040000915527344,35.05756759643555,15400300,
2012-10-10,53.04999923706055,53.13999938964844,52.720001220703125,52.88999938964844,34.95842742919922,13899400,
2012-10-11,53.41999816894531,53.650001525878906,53.150001525878906,53.22999954223633,35.18313980102539,13497700,
2012-10-12,53.369998931884766,53.56999969482422,53.09000015258789,53.16999816894531,35.143489837646484,9295500,
2012-10-15,53.529998779296875,53.75,53.2599983215332,53.689998626708984,35.487205505371094,21186600,
2012-10-16,54.22999954223633,54.619998931884766,54.220001220703125,54.58000183105469,36.07544708251953,19155600,
2012-10-17,54.849998474121094,55.150001525878906,54.720001220703125,55.09000015258789,36.41254806518555,15644700,
2012-10-18,54.900001525878906,55.22999954223633,54.720001220703125,54.880001068115234,36.273738861083984,18096200,
2012-10-19,54.72999954223633,54.7400016784668,54.060001373291016,54.13999938964844,35.78462600708008,19565700,
2012-10-22,54.5099983215332,54.599998474121094,54.150001525878906,54.52000045776367,36.035797119140625,14263400,
2012-10-23,53.41999816894531,53.470001220703125,53.040000915527344,53.349998474121094,35.262474060058594,18033600,
2012-10-24,53.68000030517578,53.7599983215332,53.369998931884766,53.380001068115234,35.28229904174805,11683400,
2012-10-25,54.0,54.08000183105469,53.5,53.70000076293945,35.493812561035156,15728800,
2012-10-26,53.54999923706055,53.72999954223633,53.369998931884766,53.619998931884766,35.4409294128418,11745100,
2012-10-31,53.91999816894531,53.97999954223633,53.439998626708984,53.58000183105469,35.414485931396484,21750700,
2012-11-01,53.849998474121094,54.220001220703125,53.779998779296875,54.209999084472656,35.830902099609375,18856700,
2012-11-02,54.16999816894531,54.16999816894531,53.61000061035156,53.689998626708984,35.487205505371094,16524400,
2012-11-05,53.560001373291016,53.65999984741211,53.38999938964844,53.560001373291016,35.401268005371094,9714000,
2012-11-06,53.77000045776367,54.150001525878906,53.75,54.06999969482422,35.73835754394531,11045300,
2012-11-07,53.5,53.52000045776367,52.970001220703125,53.2599983215332,35.20297622680664,20992600,
2012-11-08,53.060001373291016,53.310001373291016,52.7599983215332,52.779998779296875,34.885711669921875,19833000,
2012-11-09,52.5099983215332,53.029998779296875,52.5,52.79999923706055,34.89894485473633,20872100,
2012-11-12,52.810001373291016,52.91999816894531,52.630001068115234,52.7599983215332,34.872493743896484,11864800,
2012-11-13,52.2599983215332,52.900001525878906,52.209999084472656,52.5,34.700653076171875,14507400,
2012-11-14,52.689998626708984,52.7400016784668,51.86000061035156,51.95000076293945,34.337120056152344,20602900,
2012-11-15,52.189998626708984,52.36000061035156,51.91999816894531,52.119998931884766,34.44947814941406,15479300,
2012-11-16,52.130001068115234,52.209999084472656,51.630001068115234,52.09000015258789,34.42966079711914,18052300,
2012-11-19,52.790000915527344,53.220001220703125,52.779998779296875,53.220001220703125,35.17654800415039,15934900,
2012-11-20,53.0,53.310001373291016,52.900001525878906,53.29999923706055,35.22941207885742,13642300,
2012-11-21,53.349998474121094,53.45000076293945,53.27000045776367,53.38999938964844,35.288902282714844,10368200,
2012-11-23,54.20000076293945,54.540000915527344,54.16999816894531,54.540000915527344,36.04902648925781,8397700,
2012-11-26,54.2400016784668,54.41999816894531,54.11000061035156,54.40999984741211,35.96309280395508,13682100,
2012-11-27,54.290000915527344,54.439998626708984,54.119998931884766,54.13999938964844,35.78462600708008,13987200,
2012-11-28,53.83000183105469,54.59000015258789,53.720001220703125,54.529998779296875,36.04240798950195,23549600,
2012-11-29,54.959999084472656,55.130001068115234,54.709999084472656,55.0,36.353065490722656,19765500,
2012-11-30,55.029998779296875,55.25,54.970001220703125,55.06999969482422,36.39932632446289,23565800,
2012-12-03,55.34000015258789,55.369998931884766,55.060001373291016,55.13999938964844,36.445587158203125,22076600,
2012-12-04,55.31999969482422,55.400001525878906,55.189998626708984,55.279998779296875,36.53813934326172,18736900,
2012-12-05,55.29999923706055,55.599998474121094,55.11000061035156,55.36000061035156,36.590999603271484,22117800,
2012-12-06,55.45000076293945,55.5099983215332,55.18000030517578,55.470001220703125,36.663719177246094,12963300,
2012-12-07,55.349998474121094,55.5099983215332,53.400001525878906,55.4900016784668,36.67693328857422,11949100,
2012-12-10,55.33000183105469,55.58000183105469,55.31999969482422,55.54999923706055,36.716590881347656,17617400,
2012-12-11,55.720001220703125,55.95000076293945,55.720001220703125,55.869998931884766,36.92808151245117,15684400,
2012-12-12,56.040000915527344,56.369998931884766,55.959999084472656,56.04999923706055,37.04707336425781,18266500,
2012-12-13,55.95000076293945,56.099998474121094,55.75,55.880001068115234,36.9347038269043,13693600,
2012-12-14,55.939998626708984,56.2599983215332,55.900001525878906,56.08000183105469,37.06690979003906,18514600,
2012-12-17,56.040000915527344,56.369998931884766,56.0,56.310001373291016,37.21891784667969,22550700,
2012-12-18,55.95000076293945,56.349998474121094,55.869998931884766,56.279998779296875,37.60647964477539,24270800,"{""dividend_amount"": 0.61}"
2012-12-19,56.720001220703125,56.77000045776367,56.459999084472656,56.47999954223633,37.74012756347656,19356300,
2012-12-20,56.68000030517578,56.880001068115234,56.540000915527344,56.86000061035156,37.994041442871094,18545600,
2012-12-21,56.08000183105469,56.52000045776367,56.060001373291016,56.5099983215332,37.760169982910156,22418300,
2012-12-24,56.439998626708984,56.47999954223633,56.25,56.36000061035156,37.65993881225586,7699100,
2012-12-26,56.52000045776367,56.56999969482422,56.119998931884766,56.349998474121094,37.65325164794922,11718000,
2012-12-27,56.65999984741211,56.68000030517578,56.15999984741211,56.61000061035156,37.82699966430664,14207500,
2012-12-28,56.13999938964844,56.29999923706055,55.970001220703125,56.0099983215332,37.426063537597656,18734500,
2012-12-31,56.2400016784668,56.869998931884766,56.06999969482422,56.86000061035156,37.994041442871094,22820800,
2013-01-02,57.66999816894531,57.779998779296875,57.38999938964844,57.7400016784668,38.58205795288086,26056300,
2013-01-03,57.33000183105469,57.540000915527344,57.09000015258789,57.18000030517578,38.20787048339844,23239700,
2013-01-04,57.06999969482422,57.540000915527344,57.0099983215332,57.470001220703125,38.40164566040039,15522200,
2013-01-07,57.02000045776367,57.279998779296875,56.939998626708984,57.220001220703125,38.23460006713867,14102600,
2013-01-08,57.02000045776367,57.08000183105469,56.689998626708984,56.900001525878906,38.02077865600586,15592300,
2013-01-09,57.09000015258789,57.27000045776367,57.029998779296875,57.189998626708984,38.214542388916016,12779400,
2013-01-10,57.79999923706055,58.0099983215332,57.59000015258789,57.91999816894531,38.70233154296875,17718600,
2013-01-11,58.0099983215332,58.11000061035156,57.84000015258789,58.040000915527344,38.782508850097656,12624700,
2013-01-14,58.04999923706055,58.150001525878906,57.869998931884766,58.11000061035156,38.829288482666016,9980400,
2013-01-15,57.75,58.04999923706055,57.689998626708984,58.02000045776367,38.769161224365234,12534000,
2013-01-16,57.619998931884766,57.810001373291016,57.52000045776367,57.7400016784668,38.58205795288086,12907000,
2013-01-17,58.13999938964844,58.31999969482422,58.0,58.209999084472656,38.896114349365234,14936200,
2013-01-18,58.13999938964844,58.220001220703125,57.88999938964844,58.150001525878906,38.85602569580078,18844000,
2013-01-22,58.029998779296875,58.18000030517578,57.83000183105469,58.18000030517578,38.87607192993164,12090100,
2013-01-23,58.040000915527344,58.15999984741211,57.880001068115234,58.119998931884766,38.835975646972656,10139900,
2013-01-24,58.220001220703125,58.540000915527344,58.189998626708984,58.400001525878906,39.02307891845703,13640100,
2013-01-25,58.95000076293945,59.029998779296875,58.70000076293945,59.029998779296875,39.44403839111328,16643500,
2013-01-28,58.810001373291016,58.849998474121094,58.540000915527344,58.7400016784668,39.250267028808594,14802900,
2013-01-29,58.869998931884766,59.20000076293945,58.849998474121094,59.13999938964844,39.51754379272461,13403300,
2013-01-30,59.16999816894531,59.43000030517578,59.130001068115234,59.20000076293945,39.55763626098633,18943400,
2013-01-31,59.11000061035156,59.279998779296875,58.939998626708984,58.97999954223633,39.41062927246094,22252200,
2013-02-01,59.36000061035156,59.59000015258789,59.209999084472656,59.45000076293945,39.72468948364258,19989200,
2013-02-04,58.790000915527344,58.88999938964844,58.2599983215332,58.380001068115234,39.009700775146484,18125200,
2013-02-05,58.540000915527344,58.810001373291016,58.4900016784668,58.650001525878906,39.19012451171875,15418900,
2013-02-06,58.279998779296875,58.66999816894531,58.2400016784668,58.63999938964844,39.18343734741211,26336000,
2013-02-07,58.59000015258789,58.63999938964844,57.86000061035156,58.15999984741211,38.86270523071289,21947700,
2013-02-08,58.36000061035156,58.59000015258789,58.36000061035156,58.529998779296875,39.10993576049805,18326200,
2013-02-11,58.529998779296875,58.540000915527344,58.25,58.470001220703125,39.06985092163086,12677200,
2013-02-12,58.5,58.880001068115234,58.45000076293945,58.7599983215332,39.26362609863281,11534200,
2013-02-13,59.040000915527344,59.16999816894531,58.84000015258789,58.900001525878906,39.357173919677734,8955200,
2013-02-14,58.380001068115234,58.619998931884766,58.36000061035156,58.58000183105469,39.143348693847656,10409900,
2013-02-15,58.65999984741211,58.709999084472656,58.2599983215332,58.43000030517578,39.043113708496094,12095000,
2013-02-19,58.93000030517578,59.15999984741211,58.91999816894531,59.119998931884766,39.50418472290039,20173800,
2013-02-20,59.25,59.290000915527344,58.529998779296875,58.540000915527344,39.11662292480469,17523500,
2013-02-21,57.84000015258789,57.869998931884766,57.400001525878906,57.65999984741211,38.52859115600586,34195200,
2013-02-22,58.119998931884766,58.5099983215332,57.95000076293945,58.4900016784668,39.08320617675781,23364000,
2013-02-25,58.83000183105469,58.93000030517578,57.02000045776367,57.09000015258789,38.147727966308594,40205000,
2013-02-26,57.68000030517578,57.84000015258789,57.189998626708984,57.54999923706055,38.45510482788086,25416500,
2013-02-27,57.470001220703125,58.349998474121094,57.400001525878906,58.279998779296875,38.94289016723633,16819600,
2013-02-28,58.2599983215332,58.560001373291016,58.150001525878906,58.220001220703125,38.902793884277344,17815100,
2013-03-01,57.79999923706055,58.20000076293945,57.58000183105469,58.099998474121094,38.822601318359375,18241800,
2013-03-04,57.95000076293945,58.36000061035156,57.849998474121094,58.349998474121094,38.98966598510742,14580300,
2013-03-05,58.81999969482422,59.040000915527344,58.79999923706055,58.93000030517578,39.377220153808594,16168000,
2013-03-06,59.18000030517578,59.220001220703125,58.81999969482422,59.08000183105469,39.477447509765625,17189600,
2013-03-07,59.220001220703125,59.34000015258789,59.18000030517578,59.25,39.59104919433594,11797900,
2013-03-08,59.290000915527344,59.41999816894531,59.040000915527344,59.380001068115234,39.67790603637695,23305900,
2013-03-11,59.290000915527344,59.560001373291016,59.220001220703125,59.560001373291016,39.798194885253906,10873200,
2013-03-12,59.529998779296875,59.599998474121094,59.150001525878906,59.2599983215332,39.59773254394531,16015600,
2013-03-13,59.130001068115234,59.33000183105469,58.869998931884766,59.16999816894531,39.53759765625,20517900,
2013-03-14,59.43000030517578,59.810001373291016,59.400001525878906,59.75,39.92513656616211,12158300,
2013-03-15,59.91999816894531,59.9900016784668,59.709999084472656,59.869998931884766,40.005332946777344,18191100,
2013-03-18,59.119998931884766,59.650001525878906,59.09000015258789,59.209999084472656,39.56431198120117,25132800,
2013-03-19,59.36000061035156,59.439998626708984,58.630001068115234,59.029998779296875,39.44403839111328,25745200,
2013-03-20,59.439998626708984,59.540000915527344,59.290000915527344,59.38999938964844,39.684593200683594,16134800,
2013-03-21,58.900001525878906,59.22999954223633,58.81999969482422,58.849998474121094,39.32376480102539,18106800,
2013-03-22,59.18000030517578,59.45000076293945,59.08000183105469,59.36000061035156,39.66454315185547,18090400,
2013-03-25,59.38999938964844,59.470001220703125,58.470001220703125,58.619998931884766,39.17007827758789,31933000,
2013-03-26,58.83000183105469,59.0,58.65999984741211,58.9900016784668,39.417320251464844,15040700,
2013-03-27,58.310001373291016,58.720001220703125,58.20000076293945,58.70000076293945,39.22353744506836,14990300,
2013-03-28,58.81999969482422,59.040000915527344,58.7400016784668,58.97999954223633,39.41062927246094,28690100,
2013-04-01,58.56999969482422,58.619998931884766,58.09000015258789,58.189998626708984,38.882747650146484,24852900,
2013-04-02,58.84000015258789,59.099998474121094,58.72999954223633,58.810001373291016,39.29703903198242,19636600,
2013-04-03,59.060001373291016,59.13999938964844,58.470001220703125,58.52000045776367,39.10325241088867,16961000,
2013-04-04,58.720001220703125,59.099998474121094,58.59000015258789,59.040000915527344,39.45072937011719,14924900,
2013-04-05,58.220001220703125,58.779998779296875,58.15999984741211,58.77000045776367,39.27031326293945,18160400,
2013-04-08,58.7400016784668,59.0,58.63999938964844,59.0,39.42400360107422,17117700,
2013-04-09,58.97999954223633,59.40999984741211,58.75,59.209999084472656,39.56431198120117,17406300,
2013-04-10,59.75,60.220001220703125,59.7400016784668,60.09000015258789,40.15234375,18195500,
2013-04-11,60.470001220703125,60.84000015258789,60.380001068115234,60.560001373291016,40.46639633178711,19865300,
2013-04-12,60.279998779296875,60.43000030517578,60.029998779296875,60.40999984741211,40.36616134643555,16777400,
2013-04-15,59.869998931884766,59.900001525878906,59.189998626708984,59.220001220703125,39.57099914550781,22699900,
2013-04-16,59.900001525878906,60.060001373291016,59.599998474121094,60.060001373291016,40.13228988647461,14675700,
2013-04-17,59.34000015258789,59.369998931884766,58.52000045776367,58.810001373291016,39.29703903198242,30730800,
2013-04-18,58.91999816894531,58.95000076293945,58.439998626708984,58.630001068115234,39.176761627197266,19211400,
2013-04-19,59.0099983215332,59.119998931884766,58.84000015258789,59.099998474121094,39.490814208984375,24725900,
2013-04-22,59.099998474121094,59.439998626708984,58.790000915527344,59.349998474121094,39.65787124633789,16899700,
2013-04-23,59.84000015258789,60.22999954223633,59.81999969482422,60.189998626708984,40.219154357910156,21257700,
2013-04-24,60.52000045776367,60.880001068115234,60.45000076293945,60.709999084472656,40.566627502441406,18269400,
2013-04-25,61.0099983215332,61.29999923706055,60.959999084472656,61.029998779296875,40.780452728271484,20079200,
2013-04-26,60.959999084472656,61.13999938964844,60.88999938964844,61.08000183105469,40.81386184692383,13910200,
2013-04-29,61.36000061035156,61.93000030517578,61.349998474121094,61.86000061035156,41.335052490234375,14721000,
2013-04-30,61.84000015258789,61.9900016784668,61.709999084472656,61.939998626708984,41.38851547241211,22261300,
2013-05-01,62.0,62.02000045776367,61.439998626708984,61.56999969482422,41.141273498535156,19104600,
2013-05-02,61.41999816894531,61.88999938964844,61.36000061035156,61.7599983215332,41.26823806762695,18247200,
2013-05-03,62.310001373291016,62.630001068115234,62.279998779296875,62.54999923706055,41.79611587524414,19161200,
2013-05-06,62.279998779296875,62.470001220703125,62.220001220703125,62.470001220703125,41.74264907836914,7583700,
2013-05-07,62.560001373291016,62.65999984741211,62.36000061035156,62.56999969482422,41.809478759765625,15724500,
2013-05-08,62.900001525878906,63.2599983215332,62.900001525878906,63.22999954223633,42.250492095947266,17768200,
2013-05-09,62.900001525878906,62.959999084472656,62.369998931884766,62.619998931884766,41.842891693115234,16372400,
2013-05-10,62.54999923706055,62.720001220703125,62.34000015258789,62.689998626708984,41.88966369628906,15403400,
2013-05-13,62.619998931884766,62.70000076293945,62.459999084472656,62.65999984741211,41.8696174621582,11911400,
2013-05-14,62.560001373291016,62.880001068115234,62.54999923706055,62.779998779296875,41.94980239868164,26158800,
2013-05-15,62.689998626708984,63.06999969482422,62.68000030517578,63.04999923706055,42.13021469116211,15961600,
2013-05-16,62.72999954223633,62.95000076293945,62.4900016784668,62.619998931884766,41.842891693115234,16669100,
2013-05-17,62.650001525878906,63.06999969482422,62.59000015258789,63.04999923706055,42.13021469116211,12925700,
2013-05-20,63.08000183105469,63.439998626708984,63.06999969482422,63.400001525878906,42.36409378051758,16117200,
2013-05-21,63.150001525878906,63.65999984741211,63.029998779296875,63.529998779296875,42.45095443725586,15283700,
2013-05-22,63.540000915527344,64.13999938964844,62.70000076293945,62.88999938964844,42.02330017089844,21713500,
2013-05-23,61.33000183105469,62.0099983215332,60.9900016784668,61.9900016784668,41.42192077636719,27055200,
2013-05-24,61.16999816894531,61.470001220703125,60.9900016784668,61.45000076293945,41.061092376708984,19956800,
2013-05-28,61.970001220703125,62.15999984741211,61.470001220703125,61.61000061035156,41.168006896972656,20275800,
2013-05-29,61.08000183105469,61.15999984741211,60.72999954223633,61.02000045776367,40.77375793457031,18099400,
2013-05-30,61.029998779296875,61.45000076293945,60.9900016784668,61.2599983215332,40.93412399291992,27382900,
2013-05-31,60.5099983215332,60.650001525878906,60.029998779296875,60.06999969482422,40.13896942138672,36549400,
2013-06-03,60.08000183105469,60.5099983215332,59.77000045776367,60.29999923706055,40.29265594482422,30340700,
2013-06-04,60.790000915527344,60.88999938964844,60.20000076293945,60.52000045776367,40.43966293334961,17024400,
2013-06-05,59.83000183105469,59.849998474121094,59.150001525878906,59.16999816894531,39.53759765625,28821600,
2013-06-06,59.15999984741211,59.529998779296875,58.869998931884766,59.5,39.75809097290039,24386900,
2013-06-07,59.540000915527344,60.310001373291016,59.400001525878906,60.29999923706055,40.29265594482422,19245200,
2013-06-10,60.470001220703125,60.4900016784668,60.130001068115234,60.36000061035156,40.33274841308594,14559800,
2013-06-11,59.47999954223633,59.95000076293945,59.349998474121094,59.619998931884766,39.83828353881836,16619000,
2013-06-12,60.29999923706055,60.36000061035156,59.470001220703125,59.54999923706055,39.7915153503418,14378100,
2013-06-13,59.689998626708984,60.56999969482422,59.59000015258789,60.459999084472656,40.399566650390625,20158400,
2013-06-14,60.0099983215332,60.33000183105469,59.61000061035156,59.79999923706055,39.958553314208984,17334200,
2013-06-17,60.869998931884766,61.04999923706055,60.29999923706055,60.65999984741211,40.5332145690918,17560400,
2013-06-18,60.869998931884766,61.20000076293945,60.849998474121094,61.09000015258789,40.820533752441406,13168500,
2013-06-19,61.040000915527344,61.18000030517578,59.939998626708984,59.95000076293945,40.05878829956055,33232800,
2013-06-20,58.709999084472656,58.7400016784668,57.65999984741211,57.75,38.588748931884766,40517100,
2013-06-21,58.41999816894531,58.470001220703125,57.43000030517578,57.939998626708984,38.7156982421875,30474300,
2013-06-24,56.7400016784668,57.33000183105469,56.439998626708984,57.029998779296875,38.10763931274414,24351500,
2013-06-25,57.529998779296875,57.849998474121094,57.099998474121094,57.7599983215332,38.59541702270508,24494900,
2013-06-26,58.029998779296875,58.18000030517578,57.779998779296875,57.9900016784668,38.749114990234375,27142000,
2013-06-27,57.33000183105469,57.709999084472656,57.33000183105469,57.40999984741211,39.13907241821289,17753800,"{""dividend_amount"": 1.152}"
2013-06-28,57.310001373291016,57.599998474121094,57.09000015258789,57.29999923706055,39.0640754699707,31174100,
2013-07-01,57.810001373291016,58.08000183105469,57.75,57.84000015258789,39.43222427368164,15315900,
2013-07-02,57.779998779296875,58.09000015258789,57.33000183105469,57.54999923706055,39.23451614379883,13492800,
2013-07-03,57.11000061035156,57.68000030517578,57.02000045776367,57.56999969482422,39.24814987182617,11748500,
2013-07-05,57.959999084472656,57.97999954223633,57.40999984741211,57.84000015258789,39.43222427368164,10197800,
2013-07-08,58.04999923706055,58.31999969482422,58.0,58.20000076293945,39.677650451660156,11993200,
2013-07-09,58.63999938964844,58.63999938964844,58.15999984741211,58.52000045776367,39.89580154418945,11624200,
2013-07-10,58.5099983215332,59.11000061035156,58.45000076293945,58.689998626708984,40.0117073059082,16162300,
2013-07-11,59.779998779296875,60.27000045776367,59.540000915527344,60.209999084472656,41.04796600341797,20284600,
2013-07-12,59.77000045776367,59.91999816894531,59.630001068115234,59.810001373291016,40.775264739990234,15189800,
2013-07-15,60.029998779296875,60.189998626708984,59.93000030517578,60.18000030517578,41.02751159667969,17063200,
2013-07-16,60.130001068115234,60.22999954223633,59.97999954223633,60.13999938964844,41.00023651123047,10894600,
2013-07-17,60.619998931884766,60.619998931884766,60.18000030517578,60.31999969482422,41.12295150756836,13744500,
2013-07-18,60.4900016784668,60.779998779296875,60.11000061035156,60.720001220703125,41.39565658569336,11036600,
2013-07-19,60.5099983215332,60.77000045776367,60.400001525878906,60.66999816894531,41.36156463623047,23299300,
2013-07-22,60.810001373291016,61.06999969482422,60.779998779296875,61.0099983215332,41.593360900878906,16518900,
2013-07-23,61.209999084472656,61.2599983215332,60.95000076293945,61.13999938964844,41.68198013305664,11132000,
2013-07-24,61.369998931884766,61.380001068115234,60.810001373291016,61.060001373291016,41.62743377685547,12887500,
2013-07-25,60.5,61.209999084472656,60.4900016784668,61.18000030517578,41.70925521850586,14467100,
2013-07-26,60.630001068115234,60.79999923706055,60.29999923706055,60.79999923706055,41.4501953125,15499000,
2013-07-29,60.2400016784668,60.34000015258789,60.119998931884766,60.220001220703125,41.05477523803711,11063600,
2013-07-30,60.470001220703125,60.5099983215332,60.02000045776367,60.209999084472656,41.04796600341797,10712500,
2013-07-31,60.060001373291016,60.75,60.060001373291016,60.349998474121094,41.14340591430664,22989900,
2013-08-01,61.119998931884766,61.2599983215332,60.959999084472656,61.16999816894531,41.70243453979492,24484500,
2013-08-02,61.22999954223633,61.66999816894531,61.209999084472656,61.66999816894531,42.04330825805664,15475000,
2013-08-05,61.400001525878906,61.560001373291016,61.22999954223633,61.540000915527344,41.954673767089844,11483000,
2013-08-06,61.689998626708984,61.7400016784668,61.29999923706055,61.45000076293945,41.89332962036133,18325300,
2013-08-07,61.20000076293945,61.29999923706055,61.099998474121094,61.18000030517578,41.70925521850586,11989700,
2013-08-08,61.52000045776367,61.83000183105469,61.34000015258789,61.72999954223633,42.0842170715332,12612700,
2013-08-09,61.650001525878906,61.939998626708984,61.61000061035156,61.84000015258789,42.15921401977539,14951500,
2013-08-12,61.5099983215332,61.72999954223633,61.5,61.66999816894531,42.04330825805664,13785000,
2013-08-13,61.83000183105469,62.13999938964844,61.4900016784668,62.06999969482422,42.316009521484375,13189100,
2013-08-14,62.099998474121094,62.189998626708984,61.9900016784668,62.099998474121094,42.336463928222656,14258600,
2013-08-15,61.33000183105469,61.65999984741211,60.939998626708984,61.58000183105469,41.98195266723633,23650000,
2013-08-16,61.709999084472656,61.83000183105469,61.59000015258789,61.689998626708984,42.05693817138672,15219600,
2013-08-19,61.619998931884766,61.65999984741211,61.209999084472656,61.25,41.75697708129883,13596700,
2013-08-20,61.029998779296875,61.33000183105469,60.91999816894531,61.16999816894531,41.70243453979492,12885800,
2013-08-21,60.77000045776367,61.0,60.22999954223633,60.45000076293945,41.21158218383789,12755200,
2013-08-22,60.900001525878906,61.130001068115234,60.880001068115234,61.040000915527344,41.61381149291992,8041700,
2013-08-23,61.380001068115234,61.58000183105469,61.209999084472656,61.56999969482422,41.975135803222656,10141600,
2013-08-26,61.279998779296875,61.400001525878906,61.11000061035156,61.119998931884766,41.6683464050293,8471000,
2013-08-27,60.43000030517578,60.630001068115234,60.040000915527344,60.08000183105469,40.95933151245117,18839100,
2013-08-28,59.75,60.220001220703125,59.68000030517578,60.0099983215332,40.9116096496582,10521700,
2013-08-29,59.86000061035156,60.15999984741211,59.79999923706055,59.90999984741211,40.84344482421875,10555800,
2013-08-30,59.619998931884766,59.63999938964844,59.15999984741211,59.16999816894531,40.338951110839844,21045300,
2013-09-03,60.5099983215332,60.59000015258789,60.040000915527344,60.310001373291016,41.11613845825195,18912700,
2013-09-04,60.209999084472656,60.939998626708984,60.150001525878906,60.849998474121094,41.484275817871094,11868800,
2013-09-05,60.59000015258789,60.86000061035156,60.58000183105469,60.79999923706055,41.4501953125,10523400,
2013-09-06,61.060001373291016,61.310001373291016,60.650001525878906,61.130001068115234,41.6751708984375,16398000,
2013-09-09,61.4900016784668,62.0,61.4900016784668,61.970001220703125,42.24783706665039,17398000,
2013-09-10,62.47999954223633,62.70000076293945,62.40999984741211,62.66999816894531,42.72505187988281,15972400,
2013-09-11,62.41999816894531,62.90999984741211,62.40999984741211,62.88999938964844,42.875038146972656,11864200,
2013-09-12,62.56999969482422,62.810001373291016,62.52000045776367,62.529998779296875,42.62961196899414,16745000,
2013-09-13,62.61000061035156,62.84000015258789,62.43000030517578,62.83000183105469,42.83414840698242,13590900,
2013-09-16,63.650001525878906,63.650001525878906,63.27000045776367,63.31999969482422,43.168190002441406,18909500,
2013-09-17,63.16999816894531,63.36000061035156,63.16999816894531,63.36000061035156,43.195465087890625,10370400,
2013-09-18,63.40999984741211,65.11000061035156,63.2400016784668,65.05000305175781,44.34761428833008,21359000,
2013-09-19,65.06999969482422,65.08000183105469,64.6500015258789,64.73999786376953,44.13627243041992,19195600,
2013-09-20,64.62999725341797,64.62999725341797,64.23999786376953,64.2699966430664,43.81585693359375,18878600,
2013-09-23,64.29000091552734,64.36000061035156,63.95000076293945,64.25,43.802215576171875,17860700,
2013-09-24,64.19999694824219,64.41000366210938,63.97999954223633,64.1500015258789,43.73405075073242,14979200,
2013-09-25,64.11000061035156,64.36000061035156,64.01000213623047,64.22000122070312,43.781761169433594,14478100,
2013-09-26,64.30000305175781,64.58999633789062,64.25,64.48999786376953,43.96582794189453,15653800,
2013-09-27,64.19000244140625,64.41999816894531,64.12999725341797,64.26000213623047,43.80904006958008,17705800,
2013-09-30,63.61000061035156,63.970001220703125,63.54999923706055,63.79999923706055,43.495418548583984,22274400,
2013-10-01,63.869998931884766,64.30000305175781,63.75,64.13999938964844,43.72721862792969,15392400,
2013-10-02,63.90999984741211,64.16000366210938,63.59000015258789,64.12000274658203,43.713584899902344,12620200,
2013-10-03,63.9900016784668,64.02999877929688,63.59000015258789,63.70000076293945,43.42725372314453,16212700,
2013-10-04,63.61000061035156,63.91999816894531,63.58000183105469,63.849998474121094,43.529518127441406,11699000,
2013-10-07,63.060001373291016,63.4900016784668,63.040000915527344,63.189998626708984,43.07956314086914,17360800,
2013-10-08,63.220001220703125,63.310001373291016,62.68000030517578,62.70000076293945,42.745506286621094,19635600,
2013-10-09,62.93000030517578,63.09000015258789,62.540000915527344,62.970001220703125,42.9295768737793,19659500,
2013-10-10,63.5099983215332,64.19999694824219,63.5,64.0999984741211,43.699947357177734,16423300,
2013-10-11,64.11000061035156,64.47000122070312,64.06999969482422,64.44000244140625,43.9317512512207,13279100,
2013-10-14,64.16999816894531,64.70999908447266,64.12000274658203,64.66000366210938,44.08173370361328,7213800,
2013-10-15,64.4000015258789,64.5199966430664,64.27999877929688,64.3499984741211,43.87038040161133,15599400,
2013-10-16,64.54000091552734,64.8499984741211,64.48999786376953,64.83000183105469,44.197628021240234,17389900,
2013-10-17,65.19000244140625,65.72000122070312,65.12999725341797,65.69000244140625,44.783939361572266,21850200,
2013-10-18,65.88999938964844,66.11000061035156,65.77999877929688,66.08000183105469,45.04981994628906,16283000,
2013-10-21,65.98999786376953,66.18000030517578,65.93000030517578,66.18000030517578,45.11798095703125,11068000,
2013-10-22,66.5199966430664,66.95999908447266,66.5199966430664,66.83999633789062,45.567928314208984,13015200,
2013-10-23,66.20999908447266,66.25,65.97000122070312,66.19000244140625,45.124813079833984,13384700,
2013-10-24,66.55999755859375,66.69000244140625,66.4000015258789,66.6500015258789,45.43840408325195,11820900,
2013-10-25,66.44999694824219,66.47000122070312,66.27999877929688,66.45999908447266,45.308876037597656,16688300,
2013-10-28,66.27999877929688,66.4800033569336,66.19000244140625,66.3499984741211,45.233882904052734,9936700,
2013-10-29,66.41000366210938,66.51000213623047,66.30999755859375,66.48999786376953,45.32933807373047,12121400,
2013-10-30,66.55999755859375,66.58999633789062,65.91999816894531,66.25,45.16571044921875,18774000,
2013-10-31,66.06999969482422,66.25,65.77999877929688,65.87999725341797,44.9134635925293,22366900,
2013-11-01,65.52999877929688,65.58999633789062,65.19000244140625,65.55999755859375,44.69530487060547,18921000,
2013-11-04,65.68000030517578,65.87999725341797,65.55000305175781,65.87999725341797,44.9134635925293,27539500,
2013-11-05,65.19999694824219,65.41999816894531,64.98999786376953,65.30999755859375,44.524864196777344,13129600,
2013-11-06,65.88999938964844,66.05000305175781,65.75,65.87999725341797,44.9134635925293,16260600,
2013-11-07,65.62000274658203,65.66999816894531,64.76000213623047,64.83999633789062,44.204444885253906,22820200,
2013-11-08,64.69999694824219,65.23999786376953,64.69000244140625,65.22000122070312,44.463504791259766,15873000,
2013-11-11,65.23999786376953,65.37000274658203,65.16000366210938,65.36000061035156,44.55896759033203,14206100,
2013-11-12,65.18000030517578,65.31999969482422,64.97000122070312,65.13999938964844,44.40897750854492,13391000,
2013-11-13,64.63999938964844,65.41999816894531,64.62000274658203,65.3499984741211,44.5521240234375,12669400,
2013-11-14,65.3499984741211,65.7300033569336,65.29000091552734,65.6500015258789,44.75666427612305,14537100,
2013-11-15,66.02999877929688,66.31999969482422,65.95999908447266,66.18000030517578,45.11798095703125,25278400,
2013-11-18,66.55999755859375,66.5999984741211,66.08999633789062,66.18000030517578,45.11798095703125,12776200,
2013-11-19,66.0199966430664,66.19999694824219,65.87999725341797,66.01000213623047,45.002079010009766,10664300,
2013-11-20,66.08000183105469,66.22000122070312,65.37999725341797,65.55000305175781,44.68849563598633,18220600,
2013-11-21,65.7699966430664,65.97000122070312,65.66000366210938,65.95999908447266,44.96799850463867,15963400,
2013-11-22,65.94999694824219,66.2300033569336,65.91000366210938,66.1500015258789,45.097530364990234,18657100,
2013-11-25,66.0999984741211,66.11000061035156,65.87000274658203,65.94999694824219,44.961177825927734,11835000,
2013-11-26,65.81999969482422,66.01000213623047,65.75,65.94999694824219,44.961177825927734,14620200,
2013-11-27,66.18000030517578,66.29000091552734,66.02999877929688,66.11000061035156,45.07027053833008,9667100,
2013-11-29,66.5199966430664,66.58000183105469,66.23999786376953,66.23999786376953,45.15889358520508,13964200,
2013-12-02,66.01000213623047,66.11000061035156,65.73999786376953,65.75,44.824832916259766,17686300,
2013-12-03,65.41999816894531,65.54000091552734,65.08999633789062,65.29000091552734,44.511226654052734,14776300,
2013-12-04,64.52999877929688,65.0,64.5199966430664,64.94000244140625,44.27261734008789,18603800,
2013-12-05,64.7300033569336,64.87000274658203,64.4800033569336,64.56999969482422,44.02037048339844,13115500,
2013-12-06,65.12999725341797,65.4000015258789,65.01000213623047,65.37000274658203,44.56577682495117,12965100,
2013-12-09,65.25,65.41000366210938,65.20999908447266,65.30000305175781,44.518062591552734,11275800,
2013-12-10,65.1500015258789,65.29000091552734,65.0,65.19000244140625,44.44304656982422,13978200,
2013-12-11,65.19999694824219,65.20999908447266,64.55000305175781,64.58000183105469,44.02719497680664,14151000,
2013-12-12,64.27999877929688,64.33999633789062,63.95000076293945,64.11000061035156,43.70677185058594,14118200,
2013-12-13,64.0999984741211,64.1500015258789,63.849998474121094,64.06999969482422,43.67949295043945,12214200,
2013-12-16,64.51000213623047,64.7300033569336,64.47000122070312,64.52999877929688,43.99310302734375,13338900,
2013-12-17,64.36000061035156,64.37999725341797,64.08000183105469,64.25,43.802215576171875,15966500,
2013-12-18,64.22000122070312,64.86000061035156,63.5,64.69999694824219,44.491241455078125,28970800,"{""dividend_amount"": 0.552}"
2013-12-19,64.48999786376953,64.80999755859375,64.41999816894531,64.69999694824219,44.491241455078125,20647100,
2013-12-20,64.91000366210938,65.18000030517578,64.87999725341797,65.06999969482422,44.74568557739258,18427500,
2013-12-23,65.48999786376953,65.76000213623047,65.4000015258789,65.73999786376953,45.206398010253906,15767500,
2013-12-24,65.62999725341797,65.87000274658203,65.55999755859375,65.87000274658203,45.295799255371094,6708500,
2013-12-26,66.16000366210938,66.27999877929688,66.1500015258789,66.2300033569336,45.54335403442383,8510500,
2013-12-27,66.76000213623047,66.7699966430664,66.51000213623047,66.56999969482422,45.777156829833984,18585400,
2013-12-30,66.73999786376953,66.91000366210938,66.68000030517578,66.8499984741211,45.969703674316406,14432400,
2013-12-31,67.04000091552734,67.36000061035156,67.0,67.0999984741211,46.1416130065918,21704700,
2014-01-02,66.20999908447266,66.2699966430664,65.73999786376953,65.91000366210938,45.323307037353516,26240600,
2014-01-03,66.0199966430664,66.19000244140625,65.87000274658203,65.9800033569336,45.3714485168457,19270100,
2014-01-06,66.05000305175781,66.11000061035156,65.83999633789062,65.9000015258789,45.31643295288086,14737600,
2014-01-07,66.16999816894531,66.3499984741211,66.12999725341797,66.2699966430664,45.570865631103516,12075700,
2014-01-08,66.31999969482422,66.37000274658203,66.0999984741211,66.25,45.55710220336914,17555600,
2014-01-09,66.27999877929688,66.27999877929688,65.80000305175781,66.19999694824219,45.52273178100586,13128600,
2014-01-10,66.5,66.8499984741211,66.43000030517578,66.80999755859375,45.94218826293945,19676400,
2014-01-13,66.5199966430664,66.68000030517578,66.11000061035156,66.2300033569336,45.54335403442383,19464700,
2014-01-14,66.41999816894531,66.80999755859375,66.22000122070312,66.76000213623047,45.90781784057617,12268900,
2014-01-15,66.72000122070312,67.08000183105469,66.69000244140625,67.04000091552734,46.10035705566406,12388800,
2014-01-16,66.93000030517578,67.01000213623047,66.69999694824219,67.01000213623047,46.079734802246094,21172000,
2014-01-17,66.9800033569336,67.02999877929688,66.70999908447266,66.80999755859375,45.94218826293945,22526900,
2014-01-21,67.19999694824219,67.22000122070312,66.81999969482422,67.12999725341797,46.1622428894043,18600200,
2014-01-22,67.11000061035156,67.16999816894531,66.94999694824219,67.12999725341797,46.1622428894043,12664100,
2014-01-23,66.88999938964844,66.91000366210938,66.41000366210938,66.68000030517578,45.85279846191406,17691700,
2014-01-24,65.69000244140625,65.69999694824219,64.8499984741211,64.8499984741211,44.59438705444336,25036300,
2014-01-27,64.87999725341797,64.93000030517578,64.1500015258789,64.55000305175781,44.388099670410156,21487100,
2014-01-28,64.86000061035156,65.18000030517578,64.83000183105469,65.11000061035156,44.77318572998047,15857600,
2014-01-29,64.26000213623047,64.72000122070312,64.19000244140625,64.37999725341797,44.27119827270508,21210400,
2014-01-30,64.66000366210938,64.80999755859375,64.37999725341797,64.70999908447266,44.49811935424805,14681000,
2014-01-31,63.33000183105469,64.0199966430664,63.310001373291016,63.61000061035156,43.74169921875,39572600,
2014-02-03,63.540000915527344,63.619998931884766,62.279998779296875,62.310001373291016,42.84775161743164,45762000,
2014-02-04,62.77000045776367,63.06999969482422,62.58000183105469,63.029998779296875,43.34286880493164,26309300,
2014-02-05,63.0,63.209999084472656,62.7599983215332,63.15999984741211,43.4322624206543,17503900,
2014-02-06,63.720001220703125,64.30999755859375,63.709999084472656,64.27999877929688,44.20243453979492,16589100,
2014-02-07,64.62000274658203,65.12999725341797,64.47000122070312,65.12000274658203,44.78005599975586,14500900,
2014-02-10,64.93000030517578,64.94000244140625,64.75,64.9000015258789,44.6287727355957,13885400,
2014-02-11,65.2699966430664,66.05000305175781,65.25,65.93000030517578,45.337059020996094,18061900,
2014-02-12,65.94999694824219,66.11000061035156,65.8499984741211,66.04000091552734,45.41270446777344,14801400,
2014-02-13,65.45999908447266,66.27999877929688,65.43000030517578,66.23999786376953,45.550235748291016,17329500,
2014-02-14,66.16999816894531,66.55999755859375,66.0999984741211,66.48999786376953,45.722145080566406,18540700,
2014-02-18,66.94000244140625,67.13999938964844,66.76000213623047,67.05999755859375,46.11410903930664,16668600,
2014-02-19,66.91999816894531,67.22000122070312,66.56999969482422,66.61000061035156,45.8046760559082,13139900,
2014-02-20,66.54000091552734,66.93000030517578,66.4000015258789,66.83999633789062,45.962825775146484,14098500,
2014-02-21,67.1500015258789,67.33000183105469,66.95999908447266,66.97000122070312,46.052223205566406,12629800,
2014-02-24,67.22000122070312,67.87000274658203,67.19000244140625,67.55000305175781,46.45106506347656,22573000,
2014-02-25,67.56999969482422,67.76000213623047,67.2699966430664,67.38999938964844,46.34103012084961,16833800,
2014-02-26,67.26000213623047,67.33000183105469,66.94000244140625,67.16000366210938,46.18288040161133,14872400,
2014-02-27,66.9800033569336,67.41000366210938,66.8499984741211,67.38999938964844,46.34103012084961,11392500,
2014-02-28,67.5,67.87000274658203,67.30000305175781,67.51000213623047,46.42355728149414,41960000,
2014-03-03,66.37999725341797,66.54000091552734,65.91000366210938,66.08000183105469,45.440208435058594,27783400,
2014-03-04,67.4000015258789,67.48999786376953,67.29000091552734,67.38999938964844,46.34103012084961,29272000,
2014-03-05,67.29000091552734,67.45999908447266,67.20999908447266,67.33000183105469,46.29977798461914,16872800,
2014-03-06,68.0199966430664,68.19000244140625,67.93000030517578,68.02999877929688,46.7811279296875,15087000,
2014-03-07,67.91000366210938,67.95999908447266,67.31999969482422,67.66000366210938,46.526702880859375,21133800,
2014-03-10,67.20999908447266,67.29000091552734,66.83000183105469,67.23999786376953,46.237892150878906,23329100,
2014-03-11,67.11000061035156,67.33999633789062,66.68000030517578,66.75,45.90093231201172,17811900,
2014-03-12,66.16000366210938,66.5999984741211,66.01000213623047,66.5,45.72901916503906,14151000,
2014-03-13,66.63999938964844,66.69000244140625,65.13999938964844,65.26000213623047,44.87632751464844,35340200,
2014-03-14,64.87000274658203,65.43000030517578,64.87000274658203,65.12000274658203,44.78005599975586,24796000,
2014-03-17,65.62999725341797,66.0199966430664,65.5999984741211,65.94000244140625,45.343929290771484,24052700,
2014-03-18,65.98999786376953,66.4800033569336,65.9800033569336,66.3499984741211,45.6258659362793,19417000,
2014-03-19,66.27999877929688,66.30999755859375,65.12000274658203,65.54000091552734,45.068878173828125,22330200,
2014-03-20,64.95999908447266,65.41999816894531,64.81999969482422,65.29000091552734,44.8969612121582,18788100,
2014-03-21,65.61000061035156,65.80999755859375,65.12000274658203,65.16000366210938,44.80756759643555,17668300,
2014-03-24,65.61000061035156,65.6500015258789,64.93000030517578,65.33000183105469,44.92446517944336,17552900,
2014-03-25,65.83000183105469,66.19000244140625,65.62999725341797,66.04000091552734,45.41270446777344,20785500,
2014-03-26,66.56999969482422,66.5999984741211,66.0199966430664,66.02999877929688,45.40583038330078,27028900,
2014-03-27,66.27999877929688,66.48999786376953,66.13999938964844,66.36000061035156,45.632755279541016,22352000,
2014-03-28,66.86000061035156,67.05999755859375,66.80000305175781,66.86000061035156,45.97657775878906,13875500,
2014-03-31,67.37000274658203,67.47000122070312,67.13999938964844,67.19999694824219,46.21037292480469,24498300,
2014-04-01,67.5999984741211,67.66999816894531,67.44000244140625,67.62999725341797,46.50605773925781,13738100,
2014-04-02,67.63999938964844,67.9000015258789,67.55999755859375,67.76000213623047,46.595462799072266,15497500,
2014-04-03,67.68000030517578,67.7699966430664,67.38999938964844,67.56999969482422,46.46481704711914,14943500,
2014-04-04,67.83999633789062,67.94000244140625,67.26000213623047,67.36000061035156,46.320404052734375,20967400,
2014-04-07,67.26000213623047,67.36000061035156,66.88999938964844,67.04000091552734,46.10035705566406,16647900,
2014-04-08,66.79000091552734,67.13999938964844,66.7300033569336,67.0,46.07284927368164,12246200,
2014-04-09,67.55000305175781,67.9000015258789,67.2699966430664,67.86000061035156,46.66423416137695,18492100,
2014-04-10,67.55000305175781,67.62000274658203,66.5999984741211,66.66000366210938,45.83905029296875,23677900,
2014-04-11,66.3499984741211,66.76000213623047,66.25,66.26000213623047,45.5639762878418,18550700,
2014-04-14,66.5999984741211,66.76000213623047,66.31999969482422,66.63999938964844,45.825286865234375,13239000,
2014-04-15,66.52999877929688,66.62999725341797,65.68000030517578,66.36000061035156,45.632755279541016,21055100,
2014-04-16,66.91000366210938,67.20999908447266,66.7300033569336,67.18000030517578,46.196624755859375,19643900,
2014-04-17,67.27999877929688,67.63999938964844,67.12999725341797,67.52999877929688,46.43730926513672,19204100,
2014-04-21,67.52999877929688,67.6500015258789,67.41000366210938,67.62000274658203,46.49919891357422,10723800,
2014-04-22,67.83000183105469,67.97000122070312,67.76000213623047,67.9000015258789,46.691741943359375,12342500,
2014-04-23,67.83999633789062,67.83999633789062,67.62999725341797,67.73999786376953,46.581722259521484,11595300,
2014-04-24,67.72000122070312,67.79000091552734,67.27999877929688,67.7300033569336,46.5748405456543,17646700,
2014-04-25,67.61000061035156,67.62999725341797,67.19999694824219,67.4000015258789,46.3479118347168,19435900,
2014-04-28,67.62000274658203,67.77999877929688,67.13999938964844,67.61000061035156,46.4923095703125,19986000,
2014-04-29,67.95999908447266,68.19000244140625,67.88999938964844,68.05000305175781,46.79487609863281,16162500,
2014-04-30,68.05000305175781,68.4000015258789,67.95999908447266,68.31999969482422,46.980552673339844,29172800,
2014-05-01,68.38999938964844,68.62000274658203,68.30000305175781,68.51000213623047,47.11119842529297,17645400,
2014-05-02,68.26000213623047,68.54000091552734,68.19000244140625,68.4000015258789,47.03556823730469,14332800,
2014-05-05,67.9000015258789,68.37999725341797,67.76000213623047,68.3499984741211,47.00118637084961,18715300,
2014-05-06,68.36000061035156,68.4000015258789,68.16000366210938,68.2300033569336,46.918663024902344,10209100,
2014-05-07,68.20999908447266,68.3499984741211,67.94000244140625,68.30999755859375,46.97367858886719,12801700,
2014-05-08,68.41000366210938,68.63999938964844,68.22000122070312,68.31999969482422,46.980552673339844,13187500,
2014-05-09,68.2699966430664,68.31999969482422,67.9800033569336,68.22000122070312,46.911800384521484,8089900,
2014-05-12,68.4800033569336,68.69000244140625,68.41999816894531,68.66999816894531,47.22123336791992,13953600,
2014-05-13,68.7699966430664,68.80000305175781,68.61000061035156,68.7699966430664,47.290000915527344,18673500,
2014-05-14,68.75,68.9000015258789,68.55000305175781,68.63999938964844,47.20060729980469,15816700,
2014-05-15,68.48999786376953,68.52999877929688,68.08000183105469,68.33999633789062,46.99428939819336,20007500,
2014-05-16,68.3499984741211,68.48999786376953,68.2300033569336,68.48999786376953,47.097450256347656,12874500,
2014-05-19,68.12000274658203,68.4000015258789,68.0999984741211,68.3499984741211,47.00118637084961,9415200,
2014-05-20,68.11000061035156,68.1500015258789,67.72000122070312,67.91999816894531,46.705482482910156,13695200,
2014-05-21,68.19999694824219,68.47000122070312,68.16999816894531,68.44999694824219,47.069950103759766,10953400,
2014-05-22,68.45999908447266,68.61000061035156,68.41000366210938,68.54000091552734,47.1318473815918,8121800,
2014-05-23,68.48999786376953,68.79000091552734,68.48999786376953,68.72000122070312,47.255619049072266,7649000,
2014-05-27,69.22000122070312,69.26000213623047,68.9800033569336,69.20999908447266,47.592567443847656,9819700,
2014-05-28,69.0199966430664,69.05999755859375,68.8499984741211,68.9800033569336,47.434410095214844,8894300,
2014-05-29,69.27999877929688,69.4000015258789,69.13999938964844,69.4000015258789,47.72322082519531,16668400,
2014-05-30,69.31999969482422,69.44999694824219,69.26000213623047,69.41000366210938,47.7301025390625,15728200,
2014-06-02,69.63999938964844,69.63999938964844,69.4000015258789,69.55000305175781,47.82637023925781,8915100,
2014-06-03,69.31999969482422,69.41000366210938,69.29000091552734,69.37999725341797,47.709468841552734,9629100,
2014-06-04,69.2300033569336,69.43000030517578,69.16000366210938,69.36000061035156,47.69571304321289,10850800,
2014-06-05,69.55999755859375,69.9000015258789,69.30999755859375,69.83999633789062,48.02577590942383,11099400,
2014-06-06,70.0199966430664,70.22000122070312,69.91000366210938,70.22000122070312,48.28709411621094,11780100,
2014-06-09,69.94999694824219,70.19000244140625,69.91999816894531,70.1500015258789,48.238956451416016,12685200,
2014-06-10,69.8499984741211,70.0,69.73999786376953,70.0,48.13581466674805,11347600,
2014-06-11,69.69000244140625,69.77999877929688,69.56999969482422,69.6500015258789,47.8951416015625,8827200,
2014-06-12,69.87000274658203,69.94000244140625,69.55000305175781,69.66999816894531,47.90888977050781,10679500,
2014-06-13,69.72000122070312,69.86000061035156,69.55000305175781,69.72000122070312,47.94326400756836,22214700,
2014-06-16,69.5999984741211,69.80999755859375,69.55999755859375,69.73999786376953,47.9570198059082,9584600,
2014-06-17,69.41000366210938,69.69999694824219,69.38999938964844,69.69000244140625,47.92264938354492,9222700,
2014-06-18,69.7699966430664,70.30999755859375,69.54000091552734,70.29000091552734,48.335235595703125,14870300,
2014-06-19,70.7300033569336,70.79000091552734,70.54000091552734,70.66999816894531,48.5965461730957,12490400,
2014-06-20,70.56999969482422,70.61000061035156,70.41999816894531,70.55000305175781,48.51402282714844,16113100,
2014-06-23,70.2300033569336,70.38999938964844,70.04000091552734,70.36000061035156,48.383358001708984,9836000,
2014-06-24,70.20999908447266,70.27999877929688,69.83999633789062,69.91999816894531,48.080810546875,17809900,
2014-06-25,67.88999938964844,68.27999877929688,67.87999725341797,68.22000122070312,48.063899993896484,17373100,"{""dividend_amount"": 1.676}"
2014-06-26,68.12000274658203,68.27999877929688,67.66999816894531,68.2699966430664,48.099117279052734,14342000,
2014-06-27,68.04000091552734,68.33999633789062,67.97000122070312,68.30999755859375,48.12730407714844,9721300,
2014-06-30,68.16000366210938,68.44000244140625,68.1500015258789,68.37000274658203,48.169578552246094,16580700,
2014-07-01,68.72000122070312,69.08000183105469,68.68000030517578,68.97000122070312,48.59230041503906,12975000,
2014-07-02,68.94999694824219,69.08999633789062,68.87000274658203,69.08000183105469,48.6697998046875,11254400,
2014-07-03,69.05999755859375,69.29000091552734,69.02999877929688,69.22000122070312,48.7684440612793,7757300,
2014-07-07,68.69000244140625,68.79000091552734,68.58000183105469,68.68000030517578,48.38797378540039,8533400,
2014-07-08,68.27999877929688,68.29000091552734,67.77999877929688,67.95999908447266,47.880706787109375,11505200,
2014-07-09,67.88999938964844,68.2699966430664,67.8499984741211,68.18000030517578,48.03571319580078,15042700,
2014-07-10,66.95999908447266,67.44999694824219,66.91999816894531,67.43000030517578,47.50730514526367,12905700,
2014-07-11,67.33999633789062,67.5199966430664,67.16999816894531,67.47000122070312,47.53548049926758,11225800,
2014-07-14,68.11000061035156,68.12000274658203,67.94000244140625,67.97000122070312,47.887760162353516,9020800,
2014-07-15,68.02999877929688,68.08999633789062,67.5199966430664,67.80000305175781,47.767982482910156,12444500,
2014-07-16,68.27999877929688,68.31999969482422,68.11000061035156,68.22000122070312,48.063899993896484,9427600,
2014-07-17,67.81999969482422,68.0999984741211,67.30999755859375,67.3499984741211,47.45094299316406,15085100,
2014-07-18,67.5199966430664,67.98999786376953,67.4800033569336,67.87999725341797,47.824337005615234,11615300,
2014-07-21,67.45999908447266,67.66999816894531,67.31999969482422,67.62999725341797,47.6482048034668,12114800,
2014-07-22,67.98999786376953,68.05999755859375,67.88999938964844,67.93000030517578,47.859580993652344,12232800,
2014-07-23,68.19999694824219,68.19999694824219,68.0,68.06999969482422,47.95820236206055,8668200,
2014-07-24,68.26000213623047,68.31999969482422,68.13999938964844,68.2300033569336,48.0709342956543,6826200,
2014-07-25,68.11000061035156,68.1500015258789,67.69000244140625,67.94999694824219,47.87366485595703,8885700,
2014-07-28,67.95999908447266,68.05999755859375,67.58000183105469,67.95999908447266,47.880706787109375,8065900,
2014-07-29,68.1500015258789,68.19000244140625,67.77999877929688,67.81999969482422,47.782073974609375,9154800,
2014-07-30,67.81999969482422,67.95999908447266,67.45999908447266,67.72000122070312,47.711631774902344,11169300,
2014-07-31,67.02999877929688,67.12000274658203,66.5199966430664,66.58999633789062,46.91548538208008,26161000,
2014-08-01,66.31999969482422,66.56999969482422,66.0,66.12999725341797,46.591400146484375,25398300,
2014-08-04,66.41000366210938,66.55999755859375,66.02999877929688,66.44000244140625,46.809810638427734,15220800,
2014-08-05,66.06999969482422,66.12000274658203,65.45999908447266,65.58999633789062,46.21094512939453,20914100,
2014-08-06,65.08999633789062,65.61000061035156,65.08000183105469,65.43000030517578,46.09821319580078,16592700,
2014-08-07,65.56999969482422,65.63999938964844,64.7300033569336,64.9000015258789,45.72481155395508,17344900,
2014-08-08,64.83999633789062,65.31999969482422,64.70999908447266,65.27999877929688,45.99252700805664,15434200,
2014-08-11,65.56999969482422,65.69000244140625,65.47000122070312,65.52999877929688,46.16866683959961,10497600,
2014-08-12,65.43000030517578,65.58000183105469,65.31999969482422,65.4800033569336,46.133445739746094,12398400,
2014-08-13,65.87000274658203,65.98999786376953,65.72000122070312,65.8499984741211,46.39413070678711,12378700,
2014-08-14,66.0999984741211,66.20999908447266,66.0,66.19999694824219,46.64071273803711,11941600,
2014-08-15,66.51000213623047,66.62000274658203,65.5999984741211,66.12999725341797,46.591400146484375,23432900,
2014-08-18,66.43000030517578,66.58999633789062,66.38999938964844,66.55999755859375,46.894351959228516,11630700,
2014-08-19,66.58999633789062,66.72000122070312,66.55999755859375,66.72000122070312,47.007076263427734,8514300,
2014-08-20,66.33000183105469,66.5999984741211,66.31999969482422,66.51000213623047,46.859127044677734,11419400,
2014-08-21,66.69000244140625,66.88999938964844,66.6500015258789,66.79000091552734,47.056400299072266,8522800,
2014-08-22,66.5999984741211,66.6500015258789,66.23999786376953,66.47000122070312,46.830936431884766,9000900,
2014-08-25,66.77999877929688,67.08000183105469,66.73999786376953,66.9000015258789,47.133907318115234,13867600,
2014-08-26,66.9800033569336,67.19000244140625,66.88999938964844,66.91000366210938,47.14093780517578,22103600,
2014-08-27,67.19000244140625,67.19999694824219,66.97000122070312,67.04000091552734,47.2325325012207,10792900,
2014-08-28,66.62999725341797,66.79000091552734,66.56999969482422,66.73999786376953,47.021175384521484,10674300,
2014-08-29,66.72000122070312,66.7699966430664,66.45999908447266,66.70999908447266,47.00004196166992,19832700,
2014-09-02,66.91000366210938,66.91000366210938,66.61000061035156,66.83999633789062,47.091617584228516,14537000,
2014-09-03,67.44999694824219,67.47000122070312,67.19000244140625,67.30999755859375,47.42276382446289,15490700,
2014-09-04,67.22000122070312,67.41000366210938,66.83000183105469,66.98999786376953,47.197303771972656,11043000,
2014-09-05,66.80000305175781,67.0199966430664,66.63999938964844,67.0,47.204349517822266,9374300,
2014-09-08,66.5,66.61000061035156,66.16000366210938,66.29000091552734,46.70411682128906,13282600,
2014-09-09,66.20999908447266,66.20999908447266,65.87999725341797,66.0999984741211,46.57026290893555,15015000,
2014-09-10,66.0999984741211,66.4800033569336,66.02999877929688,66.4800033569336,46.83799362182617,14634800,
2014-09-11,66.01000213623047,66.13999938964844,65.83999633789062,66.11000061035156,46.577308654785156,12136700,
2014-09-12,66.05000305175781,66.0999984741211,65.83999633789062,66.0199966430664,46.51390075683594,12022900,
2014-09-15,65.93000030517578,65.97000122070312,65.76000213623047,65.87999725341797,46.41525650024414,8709500,
2014-09-16,65.52999877929688,66.25,65.51000213623047,66.16000366210938,46.61253356933594,14405100,
2014-09-17,65.97000122070312,66.0999984741211,65.52999877929688,65.69000244140625,46.28139114379883,19753900,
2014-09-18,66.05999755859375,66.26000213623047,66.05000305175781,66.19999694824219,46.64071273803711,14467500,
2014-09-19,66.29000091552734,66.30999755859375,65.91999816894531,65.97000122070312,46.47866439819336,11800500,
2014-09-22,65.88999938964844,65.9000015258789,65.52999877929688,65.68000030517578,46.27435302734375,29390800,
2014-09-23,65.23999786376953,65.44000244140625,65.05000305175781,65.12999725341797,45.8868522644043,18721700,
2014-09-24,65.13999938964844,65.51000213623047,64.94999694824219,65.45999908447266,46.11934280395508,12589900,
2014-09-25,65.12000274658203,65.12000274658203,64.43000030517578,64.5,45.442996978759766,15639300,
2014-09-26,64.70999908447266,64.97000122070312,64.55000305175781,64.7699966430664,45.63322067260742,14040200,
2014-09-29,64.08000183105469,64.3499984741211,63.9900016784668,64.16999816894531,45.21049118041992,17351800,
2014-09-30,63.9900016784668,64.33000183105469,63.849998474121094,64.12000274658203,45.175270080566406,17807600,
2014-10-01,63.75,63.83000183105469,63.22999954223633,63.36000061035156,44.63982009887695,21791100,
2014-10-02,63.0099983215332,63.08000183105469,62.099998474121094,62.68000030517578,44.160728454589844,21687600,
2014-10-03,62.59000015258789,62.7599983215332,62.43000030517578,62.68000030517578,44.160728454589844,11116900,
2014-10-06,63.02000045776367,63.16999816894531,62.66999816894531,63.08000183105469,44.442543029785156,16614000,
2014-10-07,62.65999984741211,62.689998626708984,62.0,62.0099983215332,43.68867874145508,15615700,
2014-10-08,62.08000183105469,63.09000015258789,61.849998474121094,62.9900016784668,44.37913513183594,18310300,
2014-10-09,62.380001068115234,62.5099983215332,61.22999954223633,61.29999923706055,43.18845748901367,23813400,
2014-10-10,61.0099983215332,61.18000030517578,60.36000061035156,60.380001068115234,42.540279388427734,26414400,
2014-10-13,61.04999923706055,61.20000076293945,60.279998779296875,60.29999923706055,42.48391342163086,16363600,
2014-10-14,60.7400016784668,60.95000076293945,60.34000015258789,60.45000076293945,42.589603424072266,22292200,
2014-10-15,60.04999923706055,60.15999984741211,58.970001220703125,60.09000015258789,42.33595657348633,37303900,
2014-10-16,58.68000030517578,60.09000015258789,58.61000061035156,59.529998779296875,41.94141387939453,49006500,
2014-10-17,60.459999084472656,60.79999923706055,60.279998779296875,60.63999938964844,42.72346115112305,22794100,
2014-10-20,60.56999969482422,61.119998931884766,60.54999923706055,61.02000045776367,42.991180419921875,22996200,
2014-10-21,61.34000015258789,61.79999923706055,61.290000915527344,61.75,43.5055046081543,16849600,
2014-10-22,61.709999084472656,61.880001068115234,61.25,61.29999923706055,43.18845748901367,13982300,
2014-10-23,61.81999969482422,62.209999084472656,61.75,61.88999938964844,43.6041374206543,17097000,
2014-10-24,62.060001373291016,62.25,61.869998931884766,62.22999954223633,43.84367752075195,12251100,
2014-10-27,61.68000030517578,62.15999984741211,61.59000015258789,61.880001068115234,43.59709548950195,17838400,
2014-10-28,62.529998779296875,62.83000183105469,62.45000076293945,62.81999969482422,44.259361267089844,14653100,
2014-10-29,63.0,63.119998931884766,62.13999938964844,62.34000015258789,43.92118453979492,21781800,
2014-10-30,62.13999938964844,62.97999954223633,62.08000183105469,62.790000915527344,44.238216400146484,14596000,
2014-10-31,63.709999084472656,63.97999954223633,63.529998779296875,63.95000076293945,45.05549621582031,22786800,
2014-11-03,63.52000045776367,63.61000061035156,63.20000076293945,63.400001525878906,44.667999267578125,14384800,
2014-11-04,62.939998626708984,63.06999969482422,62.65999984741211,63.040000915527344,44.414371490478516,12741800,
2014-11-05,63.18000030517578,63.25,62.880001068115234,63.15999984741211,44.49890899658203,13033500,
2014-11-06,63.02000045776367,63.18000030517578,62.65999984741211,62.81999969482422,44.259361267089844,13624500,
2014-11-07,62.61000061035156,62.869998931884766,62.380001068115234,62.849998474121094,44.28049850463867,10950900,
2014-11-10,63.09000015258789,63.20000076293945,62.900001525878906,63.130001068115234,44.4777717590332,10235200,
2014-11-11,63.290000915527344,63.58000183105469,63.15999984741211,63.5099983215332,44.74549102783203,12372800,
2014-11-12,62.810001373291016,63.08000183105469,62.79999923706055,62.970001220703125,44.36503982543945,9970700,
2014-11-13,63.040000915527344,63.400001525878906,63.0,63.27000045776367,44.57639694213867,18654700,
2014-11-14,62.880001068115234,63.38999938964844,62.869998931884766,63.36000061035156,44.63982009887695,13368600,
2014-11-17,62.84000015258789,63.16999816894531,62.810001373291016,63.11000061035156,44.463687896728516,11203700,
2014-11-18,63.58000183105469,63.90999984741211,63.540000915527344,63.79999923706055,44.94981384277344,19695400,
2014-11-19,63.630001068115234,63.83000183105469,63.34000015258789,63.61000061035156,44.815956115722656,13908800,
2014-11-20,62.970001220703125,63.400001525878906,62.95000076293945,63.22999954223633,44.5482292175293,16494400,
2014-11-21,64.0199966430664,64.05999755859375,63.56999969482422,63.779998779296875,44.93572235107422,22414400,
2014-11-24,64.05999755859375,64.16000366210938,63.93000030517578,64.1500015258789,45.196407318115234,16662600,
2014-11-25,64.16000366210938,64.33000183105469,64.0199966430664,64.26000213623047,45.27391052246094,18289600,
2014-11-26,64.33999633789062,64.54000091552734,64.23999786376953,64.51000213623047,45.450035095214844,9788000,
2014-11-28,64.0999984741211,64.16000366210938,63.939998626708984,63.9900016784668,45.083683013916016,8429300,
2014-12-01,64.02999877929688,64.08000183105469,63.72999954223633,63.93000030517578,45.04140090942383,14827800,
2014-12-02,64.05999755859375,64.12999725341797,63.91999816894531,64.11000061035156,45.1682243347168,19349300,
2014-12-03,63.95000076293945,64.08999633789062,63.86000061035156,64.02999877929688,45.11185836791992,10722400,
2014-12-04,63.86000061035156,64.08999633789062,63.61000061035156,63.81999969482422,44.96391296386719,18286400,
2014-12-05,63.97999954223633,64.16000366210938,63.810001373291016,63.959999084472656,45.062538146972656,13947000,
2014-12-08,63.59000015258789,63.709999084472656,63.349998474121094,63.400001525878906,44.667999267578125,14590200,
2014-12-09,62.810001373291016,63.11000061035156,62.619998931884766,63.060001373291016,44.4284553527832,18136300,
2014-12-10,62.900001525878906,62.900001525878906,62.15999984741211,62.2599983215332,43.86481475830078,27669700,
2014-12-11,62.36000061035156,62.68000030517578,62.11000061035156,62.18000030517578,43.80845260620117,19542600,
2014-12-12,62.0099983215332,62.119998931884766,60.939998626708984,60.97999954223633,42.9630012512207,31169600,
2014-12-15,61.15999984741211,61.2599983215332,59.779998779296875,59.970001220703125,42.25141906738281,38599900,
2014-12-16,60.02000045776367,61.15999984741211,59.91999816894531,60.400001525878906,42.55437469482422,38250500,
2014-12-17,60.02000045776367,60.959999084472656,59.9900016784668,60.529998779296875,43.06303787231445,28795300,"{""dividend_amount"": 0.585}"
2014-12-18,61.220001220703125,61.70000076293945,61.119998931884766,61.61000061035156,43.831398010253906,33053700,
2014-12-19,61.470001220703125,61.880001068115234,61.33000183105469,61.70000076293945,43.895423889160156,29690700,
2014-12-22,61.970001220703125,62.040000915527344,61.75,62.0,44.10885238647461,24782500,
2014-12-23,61.869998931884766,61.95000076293945,61.709999084472656,61.79999923706055,43.9665641784668,21929200,
2014-12-24,61.880001068115234,62.220001220703125,61.779998779296875,62.08000183105469,44.16576385498047,12379400,
2014-12-26,62.27000045776367,62.349998474121094,62.189998626708984,62.2400016784668,44.27960205078125,17681100,
2014-12-29,61.709999084472656,62.0099983215332,61.70000076293945,61.790000915527344,43.95945358276367,22005600,
2014-12-30,61.439998626708984,61.5,61.20000076293945,61.220001220703125,43.55392837524414,20271600,
2014-12-31,61.45000076293945,61.459999084472656,60.810001373291016,60.84000015258789,43.28358459472656,22495000,
2015-01-02,61.04999923706055,61.130001068115234,60.459999084472656,60.58000183105469,43.09861373901367,24674800,
2015-01-05,59.72999954223633,59.779998779296875,59.0,59.150001525878906,42.08127212524414,28468200,
2015-01-06,59.099998474121094,59.310001373291016,58.290000915527344,58.47999954223633,41.604610443115234,21711600,
2015-01-07,58.95000076293945,59.22999954223633,58.56999969482422,59.130001068115234,42.067039489746094,19048900,
2015-01-08,59.4900016784668,60.13999938964844,59.459999084472656,59.93000030517578,42.63618087768555,16680000,
2015-01-09,60.0,60.0,59.34000015258789,59.63999938964844,42.429874420166016,17938200,
2015-01-12,59.709999084472656,59.7599983215332,59.209999084472656,59.5,42.33026885986328,18561200,
2015-01-13,60.2400016784668,60.38999938964844,59.380001068115234,59.79999923706055,42.543704986572266,15396200,
2015-01-14,59.5099983215332,59.75,59.220001220703125,59.630001068115234,42.422752380371094,16051900,
2015-01-15,60.349998474121094,60.40999984741211,59.86000061035156,60.0099983215332,42.6931037902832,21885100,
2015-01-16,60.08000183105469,60.84000015258789,59.9900016784668,60.790000915527344,43.248016357421875,29675500,
2015-01-20,61.27000045776367,61.310001373291016,60.7599983215332,61.0,43.39741516113281,19318000,
2015-01-21,60.97999954223633,61.5,60.88999938964844,61.47999954223633,43.73890686035156,26882500,
2015-01-22,61.29999923706055,61.869998931884766,61.16999816894531,61.709999084472656,43.90253829956055,15610400,
2015-01-23,61.599998474121094,61.77000045776367,61.34000015258789,61.36000061035156,43.653533935546875,19495700,
2015-01-26,61.86000061035156,62.34000015258789,61.70000076293945,62.20000076293945,44.25113296508789,18463300,
2015-01-27,62.06999969482422,62.41999816894531,61.93000030517578,62.290000915527344,44.31517028808594,20064300,
2015-01-28,62.310001373291016,62.380001068115234,61.33000183105469,61.36000061035156,43.653533935546875,20033100,
2015-01-29,61.88999938964844,62.25,61.66999816894531,62.20000076293945,44.25113296508789,31207900,
2015-01-30,61.59000015258789,61.810001373291016,61.20000076293945,61.220001220703125,43.55392837524414,39271000,
2015-02-02,61.630001068115234,62.099998474121094,61.459999084472656,61.959999084472656,44.08039855957031,24878700,
2015-02-03,62.34000015258789,63.060001373291016,62.31999969482422,62.95000076293945,44.78470993041992,27679400,
2015-02-04,62.619998931884766,62.95000076293945,62.380001068115234,62.43000030517578,44.41476821899414,17454200,
2015-02-05,62.84000015258789,63.29999923706055,62.7599983215332,63.290000915527344,45.026607513427734,23933500,
2015-02-06,62.689998626708984,62.900001525878906,62.31999969482422,62.5,44.46457290649414,18530100,
2015-02-09,61.9900016784668,62.380001068115234,61.9900016784668,62.20000076293945,44.25113296508789,15940500,
2015-02-10,62.59000015258789,62.81999969482422,62.310001373291016,62.77000045776367,44.65665817260742,14302500,
2015-02-11,62.36000061035156,62.560001373291016,62.119998931884766,62.43000030517578,44.41476821899414,16405400,
2015-02-12,62.86000061035156,63.40999984741211,62.86000061035156,63.400001525878906,45.104862213134766,16664700,
2015-02-13,63.65999984741211,63.84000015258789,63.650001525878906,63.81999969482422,45.403656005859375,17919100,
2015-02-17,63.70000076293945,64.0999984741211,63.540000915527344,63.970001220703125,45.510379791259766,13660300,
2015-02-18,64.16000366210938,64.54000091552734,64.04000091552734,64.3499984741211,45.780723571777344,16777800,
2015-02-19,64.3499984741211,64.66999816894531,64.30999755859375,64.43000030517578,45.83763122558594,17091000,
2015-02-20,64.23999786376953,65.2699966430664,64.12999725341797,65.02999877929688,46.264488220214844,34658700,
2015-02-23,64.68000030517578,64.91000366210938,64.62999725341797,64.80000305175781,46.10086441040039,13630900,
2015-02-24,64.77999877929688,65.29000091552734,64.66000366210938,65.19999694824219,46.385440826416016,16373400,
2015-02-25,65.0999984741211,65.33000183105469,65.0199966430664,65.25,46.42100143432617,10224800,
2015-02-26,65.0999984741211,65.23999786376953,64.93000030517578,65.06999969482422,46.29294967651367,12791000,
2015-02-27,65.12999725341797,65.3499984741211,65.02999877929688,65.0999984741211,46.314300537109375,22960900,
2015-03-02,65.08000183105469,65.22000122070312,64.97000122070312,65.19999694824219,46.385440826416016,21297800,
2015-03-03,64.95999908447266,65.05000305175781,64.62999725341797,64.80000305175781,46.10086441040039,12564400,
2015-03-04,64.44000244140625,64.58999633789062,64.08000183105469,64.54000091552734,45.915889739990234,15625100,
2015-03-05,64.73999786376953,64.88999938964844,64.56999969482422,64.69000244140625,46.02260208129883,15540900,
2015-03-06,64.18000030517578,64.31999969482422,63.75,63.810001373291016,45.396549224853516,24040500,
2015-03-09,63.779998779296875,63.9900016784668,63.709999084472656,63.90999984741211,45.467681884765625,11909000,
2015-03-10,62.86000061035156,62.97999954223633,62.4900016784668,62.52000045776367,44.478797912597656,20980000,
2015-03-11,62.630001068115234,62.81999969482422,62.38999938964844,62.68000030517578,44.592620849609375,20000400,
2015-03-12,63.400001525878906,63.47999954223633,63.130001068115234,63.459999084472656,45.147544860839844,16362200,
2015-03-13,62.95000076293945,63.13999938964844,62.689998626708984,63.09000015258789,44.884315490722656,16277200,
2015-03-16,63.529998779296875,63.900001525878906,63.5,63.79999923706055,45.389434814453125,15828700,
2015-03-17,63.47999954223633,63.72999954223633,63.29999923706055,63.63999938964844,45.27560043334961,16273300,
2015-03-18,63.630001068115234,65.0999984741211,63.61000061035156,65.0,46.24314880371094,28290700,
2015-03-19,64.23999786376953,64.41000366210938,64.06999969482422,64.23999786376953,45.70245361328125,20155100,
2015-03-20,65.31999969482422,65.9000015258789,65.11000061035156,65.66000366210938,46.71269607543945,28789300,
2015-03-23,65.87999725341797,66.12999725341797,65.72000122070312,65.98999786376953,46.947471618652344,13958700,
2015-03-24,66.11000061035156,66.20999908447266,65.8499984741211,65.8499984741211,46.84786605834961,18037300,
2015-03-25,66.08999633789062,66.19000244140625,65.5,65.54000091552734,46.627323150634766,17853700,
2015-03-26,64.9800033569336,65.12000274658203,64.54000091552734,64.97000122070312,46.2218017578125,24344500,
2015-03-27,64.9800033569336,65.20999908447266,64.81999969482422,65.13999938964844,46.34275817871094,16596700,
2015-03-30,65.12999725341797,65.33000183105469,65.0999984741211,65.18000030517578,46.37120819091797,27480200,
2015-03-31,64.13999938964844,64.54000091552734,64.06999969482422,64.16999816894531,45.65266418457031,27717200,
2015-04-01,64.66000366210938,64.66000366210938,64.16999816894531,64.62999725341797,45.97990798950195,30907000,
2015-04-02,65.01000213623047,65.23999786376953,64.93000030517578,65.19000244140625,46.378326416015625,15597200,
2015-04-06,65.58999633789062,66.1500015258789,65.41000366210938,65.8499984741211,46.84786605834961,16304600,
2015-04-07,65.94999694824219,66.23999786376953,65.7300033569336,65.76000213623047,46.78384780883789,13742900,
2015-04-08,66.4000015258789,66.43000030517578,65.75,66.04000091552734,46.983036041259766,16148300,
2015-04-09,66.0999984741211,66.13999938964844,65.80999755859375,66.12999725341797,47.04706573486328,17741100,
2015-04-10,65.98999786376953,66.2699966430664,65.93000030517578,66.26000213623047,47.139556884765625,12665800,
2015-04-13,65.95999908447266,66.12000274658203,65.72000122070312,65.83999633789062,46.84075164794922,15048700,
2015-04-14,66.23999786376953,66.37000274658203,66.12999725341797,66.33000183105469,47.18935012817383,13929800,
2015-04-15,66.51000213623047,66.73999786376953,66.22000122070312,66.62999725341797,47.40277862548828,13210600,
2015-04-16,66.69999694824219,67.0,66.41000366210938,66.80999755859375,47.53084182739258,17461200,
2015-04-17,65.94000244140625,66.04000091552734,65.69000244140625,65.97000122070312,46.93324279785156,18805200,
2015-04-20,66.01000213623047,66.2300033569336,65.95999908447266,66.04000091552734,46.983036041259766,12557400,
2015-04-21,66.62000274658203,66.79000091552734,66.48999786376953,66.62999725341797,47.40277862548828,10696800,
2015-04-22,66.6500015258789,66.77999877929688,66.31999969482422,66.76000213623047,47.495269775390625,8776100,
2015-04-23,66.38999938964844,67.11000061035156,66.3499984741211,67.01000213623047,47.67313003540039,12240700,
2015-04-24,67.2699966430664,67.51000213623047,66.98999786376953,67.4000015258789,47.950599670410156,11090300,
2015-04-27,67.7699966430664,68.05999755859375,67.66000366210938,67.7300033569336,48.18536376953125,18320600,
2015-04-28,67.55999755859375,67.83000183105469,67.3499984741211,67.80999755859375,48.24227523803711,13769200,
2015-04-29,67.30000305175781,67.5199966430664,66.95999908447266,67.22000122070312,47.82252883911133,19465500,
2015-04-30,66.75,66.91999816894531,66.43000030517578,66.51000213623047,47.31741714477539,27726500,
2015-05-01,66.86000061035156,67.4000015258789,66.6500015258789,67.25,47.843875885009766,28710200,
2015-05-04,67.20999908447266,67.30000305175781,67.05000305175781,67.18000030517578,47.7940788269043,18863100,
2015-05-05,66.9000015258789,66.91000366210938,66.08000183105469,66.18000030517578,47.08264923095703,21317400,
2015-05-06,66.5999984741211,66.69999694824219,66.06999969482422,66.3499984741211,47.203590393066406,16573500,
2015-05-07,66.05999755859375,66.22000122070312,65.8499984741211,66.12999725341797,47.04706573486328,17710600,
2015-05-08,67.27999877929688,67.76000213623047,67.26000213623047,67.66000366210938,48.13556671142578,30634400,
2015-05-11,67.16000366210938,67.37999725341797,67.04000091552734,67.06999969482422,47.71581268310547,14535400,
2015-05-12,66.94999694824219,67.19999694824219,66.83000183105469,67.02999877929688,47.68735885620117,12054200,
2015-05-13,67.72000122070312,67.9000015258789,67.43000030517578,67.52999877929688,48.04307174682617,14542800,
2015-05-14,68.12999725341797,68.36000061035156,68.0,68.33999633789062,48.61934280395508,18271700,
2015-05-15,68.11000061035156,68.4800033569336,67.9800033569336,68.41999816894531,48.676246643066406,14671800,
2015-05-18,68.0999984741211,68.25,67.98999786376953,68.19000244140625,48.51262664794922,11873600,
2015-05-19,67.91999816894531,68.08999633789062,67.83999633789062,67.93000030517578,48.32765197753906,11406600,
2015-05-20,67.9000015258789,68.27999877929688,67.80000305175781,68.05999755859375,48.420135498046875,13862700,
2015-05-21,68.16000366210938,68.5199966430664,68.11000061035156,68.41999816894531,48.676246643066406,11439500,
2015-05-22,68.06999969482422,68.12999725341797,67.91999816894531,67.9800033569336,48.363216400146484,12172900,
2015-05-26,67.36000061035156,67.38999938964844,66.62999725341797,66.76000213623047,47.495269775390625,20327400,
2015-05-27,66.83999633789062,67.4800033569336,66.80999755859375,67.41000366210938,47.957706451416016,17786100,
2015-05-28,67.05999755859375,67.36000061035156,66.76000213623047,67.29000091552734,47.87232971191406,12744700,
2015-05-29,66.94999694824219,67.08000183105469,66.31999969482422,66.63999938964844,47.4099006652832,23778800,
2015-06-01,66.80000305175781,66.8499984741211,66.19000244140625,66.45999908447266,47.28184509277344,19068900,
2015-06-02,66.63999938964844,67.08999633789062,66.5199966430664,66.7699966430664,47.50238037109375,14239100,
2015-06-03,67.02999877929688,67.4800033569336,67.02999877929688,67.13999938964844,47.76560974121094,21307800,
2015-06-04,66.69999694824219,67.19000244140625,66.20999908447266,66.41999816894531,47.25338363647461,17187400,
2015-06-05,65.47000122070312,65.87999725341797,65.23999786376953,65.62999725341797,46.691341400146484,14624100,
2015-06-08,65.52999877929688,65.5999984741211,65.29000091552734,65.54000091552734,46.627323150634766,14677000,
2015-06-09,65.19999694824219,65.36000061035156,64.87000274658203,65.18000030517578,46.37120819091797,13114600,
2015-06-10,66.1500015258789,66.7300033569336,66.06999969482422,66.55000305175781,47.34587860107422,17291600,
2015-06-11,66.80999755859375,66.94999694824219,66.43000030517578,66.7300033569336,47.47393035888672,20555100,
2015-06-12,66.04000091552734,66.45999908447266,65.81999969482422,66.19999694824219,47.09687423706055,15305800,
2015-06-15,65.38999938964844,65.8499984741211,65.33999633789062,65.80000305175781,46.812294006347656,15121100,
2015-06-16,65.47000122070312,65.83999633789062,65.36000061035156,65.77999877929688,46.79806137084961,11991200,
2015-06-17,65.54000091552734,65.79000091552734,64.98999786376953,65.62999725341797,46.691341400146484,17100700,
2015-06-18,65.83000183105469,66.77999877929688,65.77999877929688,66.22000122070312,47.11110305786133,24587300,
2015-06-19,66.16000366210938,66.26000213623047,66.0199966430664,66.05999755859375,46.99726867675781,15281900,
2015-06-22,67.33000183105469,67.72000122070312,67.19000244140625,67.30999755859375,47.88656234741211,28716900,
2015-06-23,67.41999816894531,67.5999984741211,67.4000015258789,67.48999786376953,48.014617919921875,13661300,
2015-06-24,67.12999725341797,67.30000305175781,66.87000274658203,66.91000366210938,47.60198974609375,21326500,
2015-06-25,66.06999969482422,66.06999969482422,65.72000122070312,65.7699966430664,47.58100509643555,16402800,"{""dividend_amount"": 1.111}"
2015-06-26,65.87000274658203,66.02999877929688,65.58000183105469,65.73999786376953,47.55931091308594,19240800,
2015-06-29,64.43000030517578,64.66999816894531,63.56999969482422,63.720001220703125,46.09794998168945,33747100,
2015-06-30,64.37000274658203,64.37999725341797,63.2599983215332,63.4900016784668,45.93155288696289,32195400,
2015-07-01,64.2300033569336,64.31999969482422,63.650001525878906,63.900001525878906,46.22816467285156,31824800,
2015-07-02,64.08000183105469,64.11000061035156,63.81999969482422,63.97999954223633,46.286048889160156,20988500,
2015-07-06,62.63999938964844,63.2400016784668,62.4900016784668,62.689998626708984,45.35279846191406,21103800,
2015-07-07,62.25,62.81999969482422,61.43000030517578,62.709999084472656,45.36726379394531,36633400,
2015-07-08,61.720001220703125,61.7599983215332,61.119998931884766,61.25,44.311031341552734,32728200,
2015-07-09,62.650001525878906,62.720001220703125,62.130001068115234,62.2599983215332,45.041709899902344,19963400,
2015-07-10,64.18000030517578,64.38999938964844,63.86000061035156,64.30000305175781,46.51754379272461,28190400,
2015-07-13,64.51000213623047,64.66999816894531,64.44000244140625,64.54000091552734,46.691165924072266,14287600,
2015-07-14,64.79000091552734,65.16000366210938,64.69999694824219,65.08000183105469,47.08183288574219,19816200,
2015-07-15,64.91999816894531,65.06999969482422,64.66999816894531,64.83999633789062,46.90819549560547,14709600,
2015-07-16,65.44999694824219,65.55999755859375,65.33999633789062,65.4000015258789,47.313331604003906,20763400,
2015-07-17,65.37000274658203,65.37000274658203,65.20999908447266,65.29000091552734,47.2337532043457,14773600,
2015-07-20,65.48999786376953,65.61000061035156,65.30999755859375,65.45999908447266,47.35673904418945,8767800,
2015-07-21,65.23999786376953,65.37000274658203,65.13999938964844,65.2699966430664,47.219276428222656,14081800,
2015-07-22,64.58999633789062,64.80999755859375,64.58999633789062,64.7699966430664,46.8575553894043,10181700,
2015-07-23,64.87999725341797,64.9000015258789,64.48999786376953,64.5999984741211,46.73456954956055,10900900,
2015-07-24,64.44999694824219,64.47000122070312,63.81999969482422,63.88999938964844,46.22093200683594,13709400,
2015-07-27,63.7400016784668,63.75,63.31999969482422,63.41999816894531,45.88090896606445,19026100,
2015-07-28,63.869998931884766,64.25,63.56999969482422,64.22000122070312,46.45967102050781,14788100,
2015-07-29,64.16999816894531,64.66000366210938,64.12999725341797,64.44999694824219,46.62605667114258,15938900,
2015-07-30,64.20999908447266,64.41000366210938,63.91999816894531,64.4000015258789,46.58988952636719,17496700,
2015-07-31,64.9800033569336,65.0199966430664,64.58999633789062,64.77999877929688,46.86479568481445,20646900,
2015-08-03,64.8499984741211,64.87999725341797,64.41000366210938,64.61000061035156,46.74181365966797,25131600,
2015-08-04,64.75,64.86000061035156,64.51000213623047,64.66000366210938,46.777992248535156,13359000,
2015-08-05,65.0199966430664,65.19000244140625,64.91999816894531,65.0,47.02395248413086,13602700,
2015-08-06,64.87999725341797,64.95999908447266,64.54000091552734,64.7300033569336,46.82862091064453,12451300,
2015-08-07,64.38999938964844,64.6500015258789,64.30999755859375,64.61000061035156,46.74181365966797,14351200,
2015-08-10,64.77999877929688,65.43000030517578,64.7699966430664,65.4000015258789,47.313331604003906,13702900,
2015-08-11,64.5,64.58000183105469,64.12999725341797,64.4000015258789,46.58988952636719,15705800,
2015-08-12,63.52000045776367,63.939998626708984,63.150001525878906,63.939998626708984,46.25709915161133,27756600,
2015-08-13,63.83000183105469,64.0199966430664,63.650001525878906,63.900001525878906,46.22816467285156,12709600,
2015-08-14,63.68000030517578,64.02999877929688,63.619998931884766,64.0,46.30051040649414,16930100,
2015-08-17,63.459999084472656,63.88999938964844,63.349998474121094,63.880001068115234,46.21369171142578,8885600,
2015-08-18,63.470001220703125,63.599998474121094,63.279998779296875,63.400001525878906,45.86644744873047,10943800,
2015-08-19,62.900001525878906,63.130001068115234,62.47999954223633,62.84000015258789,45.4613151550293,16573300,
2015-08-20,62.119998931884766,62.220001220703125,61.29999923706055,61.31999969482422,44.36166763305664,32339100,
2015-08-21,61.13999938964844,61.29999923706055,59.7599983215332,59.91999816894531,43.348854064941406,47017700,
2015-08-24,57.349998474121094,59.119998931884766,56.5099983215332,57.849998474121094,41.85131072998047,62952900,
2015-08-25,60.380001068115234,60.38999938964844,58.29999923706055,58.400001525878906,42.24922561645508,50627000,
2015-08-26,59.68000030517578,59.810001373291016,58.380001068115234,59.779998779296875,43.24757385253906,49202900,
2015-08-27,60.06999969482422,60.70000076293945,59.970001220703125,60.5099983215332,43.77568054199219,39984000,
2015-08-28,60.11000061035156,60.540000915527344,60.06999969482422,60.41999816894531,43.710575103759766,24230800,
2015-08-31,60.040000915527344,60.27000045776367,59.7599983215332,59.970001220703125,43.3850212097168,35806800,
2015-09-01,58.25,58.56999969482422,57.77000045776367,57.959999084472656,41.93089294433594,42250400,
2015-09-02,58.93000030517578,58.939998626708984,58.20000076293945,58.81999969482422,42.55305480957031,23372700,
2015-09-03,59.02000045776367,59.40999984741211,58.81999969482422,58.959999084472656,42.65435028076172,23500600,
2015-09-04,57.709999084472656,57.939998626708984,57.34000015258789,57.61000061035156,41.67768478393555,25772900,
2015-09-08,59.04999923706055,59.33000183105469,58.86000061035156,59.29999923706055,42.90031051635742,21504500,
2015-09-09,60.22999954223633,60.25,59.0,59.060001373291016,42.7266960144043,29179700,
2015-09-10,59.11000061035156,59.689998626708984,59.0,59.45000076293945,43.008827209472656,20800900,
2015-09-11,59.02000045776367,59.439998626708984,58.90999984741211,59.439998626708984,43.0015983581543,12954100,
2015-09-14,58.93000030517578,59.029998779296875,58.720001220703125,58.9900016784668,42.67604446411133,12187400,
2015-09-15,58.880001068115234,59.439998626708984,58.790000915527344,59.38999938964844,42.965423583984375,18168800,
2015-09-16,59.900001525878906,60.31999969482422,59.810001373291016,60.29999923706055,43.62376022338867,28218500,
2015-09-17,59.939998626708984,61.02000045776367,59.91999816894531,60.33000183105469,43.64545822143555,24074700,
2015-09-18,59.189998626708984,59.47999954223633,58.790000915527344,58.81999969482422,42.55305480957031,36952900,
2015-09-21,59.0,59.11000061035156,58.540000915527344,58.790000915527344,42.53135299682617,17896300,
2015-09-22,57.40999984741211,57.56999969482422,56.97999954223633,57.38999938964844,41.51852798461914,29234800,
2015-09-23,57.470001220703125,57.52000045776367,56.900001525878906,57.119998931884766,41.32320022583008,17145200,
2015-09-24,56.63999938964844,57.09000015258789,56.29999923706055,56.959999084472656,41.207462310791016,22895100,
2015-09-25,57.81999969482422,57.939998626708984,57.220001220703125,57.459999084472656,41.56917190551758,21771400,
2015-09-28,57.02000045776367,57.060001373291016,56.2400016784668,56.33000183105469,40.751678466796875,18785000,
2015-09-29,56.130001068115234,56.36000061035156,55.880001068115234,56.25,40.69380569458008,20216400,
2015-09-30,57.150001525878906,57.369998931884766,56.7400016784668,57.31999969482422,41.46790313720703,37769800,
2015-10-01,57.66999816894531,57.779998779296875,56.9900016784668,57.5,41.59811019897461,20445200,
2015-10-02,57.25,58.4900016784668,57.119998931884766,58.47999954223633,42.307090759277344,20793800,
2015-10-05,59.220001220703125,59.66999816894531,59.220001220703125,59.63999938964844,43.14629364013672,27746500,
2015-10-06,59.63999938964844,59.95000076293945,59.56999969482422,59.709999084472656,43.19692611694336,18133100,
2015-10-07,60.369998931884766,60.619998931884766,59.959999084472656,60.459999084472656,43.73950958251953,20499100,
2015-10-08,60.060001373291016,60.939998626708984,60.060001373291016,60.939998626708984,44.086769104003906,16875500,
2015-10-09,61.04999923706055,61.189998626708984,60.849998474121094,61.04999923706055,44.16633605957031,16867900,
2015-10-12,60.93000030517578,61.02000045776367,60.79999923706055,60.93000030517578,44.079524993896484,9238000,
2015-10-13,60.119998931884766,60.630001068115234,60.099998474121094,60.15999984741211,43.52248001098633,19519200,
2015-10-14,60.31999969482422,60.5099983215332,60.099998474121094,60.279998779296875,43.60927963256836,20762200,
2015-10-15,60.7599983215332,61.34000015258789,60.70000076293945,61.310001373291016,44.35444259643555,21855600,
2015-10-16,61.220001220703125,61.31999969482422,61.0099983215332,61.2599983215332,44.318267822265625,23372400,
2015-10-19,61.0,61.060001373291016,60.810001373291016,61.04999923706055,44.16633605957031,11784700,
2015-10-20,60.779998779296875,60.959999084472656,60.720001220703125,60.79999923706055,43.9854850769043,12930000,
2015-10-21,61.16999816894531,61.20000076293945,60.72999954223633,60.77000045776367,43.963783264160156,12731700,
2015-10-22,61.11000061035156,61.70000076293945,61.09000015258789,61.45000076293945,44.45572280883789,28347500,
2015-10-23,61.9900016784668,62.189998626708984,61.79999923706055,62.060001373291016,44.89702224731445,16648500,
2015-10-26,61.970001220703125,61.9900016784668,61.779998779296875,61.83000183105469,44.73063659667969,14032900,
2015-10-27,61.369998931884766,61.47999954223633,61.20000076293945,61.290000915527344,44.33997344970703,14566400,
2015-10-28,61.540000915527344,62.029998779296875,61.119998931884766,61.689998626708984,44.62934875488281,17326300,
2015-10-29,60.959999084472656,61.290000915527344,60.959999084472656,61.2400016784668,44.303802490234375,12843000,
2015-10-30,61.2599983215332,61.52000045776367,61.08000183105469,61.11000061035156,44.20975112915039,19115300,
2015-11-02,61.439998626708984,61.689998626708984,61.369998931884766,61.689998626708984,44.62934875488281,14749700,
2015-11-03,61.290000915527344,61.81999969482422,61.209999084472656,61.66999816894531,44.614871978759766,14282900,
2015-11-04,61.720001220703125,61.75,61.150001525878906,61.33000183105469,44.36891174316406,21019300,
2015-11-05,61.45000076293945,61.529998779296875,61.06999969482422,61.220001220703125,44.28932571411133,21648100,
2015-11-06,60.84000015258789,61.0,60.540000915527344,60.939998626708984,44.086769104003906,17523200,
2015-11-09,60.560001373291016,60.630001068115234,60.06999969482422,60.310001373291016,43.63099670410156,23887600,
2015-11-10,60.029998779296875,60.290000915527344,59.93000030517578,60.27000045776367,43.60206604003906,14471900,
2015-11-11,60.79999923706055,60.84000015258789,60.47999954223633,60.58000183105469,43.82632064819336,14220000,
2015-11-12,60.060001373291016,60.290000915527344,59.790000915527344,59.790000915527344,43.25480651855469,31911300,
2015-11-13,59.5,59.59000015258789,59.189998626708984,59.290000915527344,42.89308166503906,26248400,
2015-11-16,59.34000015258789,60.04999923706055,59.31999969482422,60.040000915527344,43.4356689453125,16939200,
2015-11-17,60.29999923706055,60.52000045776367,60.09000015258789,60.20000076293945,43.55141830444336,22458600,
2015-11-18,60.38999938964844,60.83000183105469,60.27000045776367,60.75,43.949317932128906,15481000,
2015-11-19,61.11000061035156,61.29999923706055,61.02000045776367,61.060001373291016,44.173580169677734,19981100,
2015-11-20,61.2400016784668,61.349998474121094,60.880001068115234,60.91999816894531,44.072296142578125,18499800,
2015-11-23,60.7599983215332,60.900001525878906,60.41999816894531,60.540000915527344,43.797386169433594,19432800,
2015-11-24,60.099998474121094,60.63999938964844,60.060001373291016,60.54999923706055,43.804622650146484,21727000,
2015-11-25,60.63999938964844,60.81999969482422,60.47999954223633,60.689998626708984,43.9058952331543,13351700,
2015-11-27,60.7599983215332,60.79999923706055,60.650001525878906,60.70000076293945,43.91313934326172,6400400,
2015-11-30,60.790000915527344,60.81999969482422,60.59000015258789,60.650001525878906,43.87697219848633,23366700,
2015-12-01,61.13999938964844,61.33000183105469,60.97999954223633,61.290000915527344,44.33997344970703,34990700,
2015-12-02,61.0099983215332,61.16999816894531,60.560001373291016,60.63999938964844,43.86973571777344,21426000,
2015-12-03,60.95000076293945,60.97999954223633,60.099998474121094,60.349998474121094,43.659934997558594,26897100,
2015-12-04,60.13999938964844,60.90999984741211,60.11000061035156,60.84000015258789,44.01441955566406,23382100,
2015-12-07,60.560001373291016,60.59000015258789,60.22999954223633,60.45000076293945,43.73228073120117,29861700,
2015-12-08,59.41999816894531,59.68000030517578,59.2400016784668,59.560001373291016,43.08841323852539,26323000,
2015-12-09,59.56999969482422,60.02000045776367,58.9900016784668,59.290000915527344,42.89308166503906,26646700,
2015-12-10,59.560001373291016,59.630001068115234,59.220001220703125,59.29999923706055,42.90031051635742,20267800,
2015-12-11,58.5,58.59000015258789,58.09000015258789,58.16999816894531,42.082828521728516,29945000,
2015-12-14,58.41999816894531,58.5,57.650001525878906,58.2599983215332,42.1479377746582,32246600,
2015-12-15,58.619998931884766,58.81999969482422,58.41999816894531,58.54999923706055,42.357730865478516,37876700,
2015-12-16,59.220001220703125,59.84000015258789,58.95000076293945,59.72999954223633,43.21139144897461,45167400,
2015-12-17,59.65999984741211,59.66999816894531,58.959999084472656,58.970001220703125,42.66157150268555,40456800,
2015-12-18,58.689998626708984,58.77000045776367,58.34000015258789,58.349998474121094,42.21303939819336,41659100,
2015-12-21,58.5,58.560001373291016,57.84000015258789,58.11000061035156,42.408626556396484,28869600,"{""dividend_amount"": 0.508}"
2015-12-22,58.290000915527344,58.630001068115234,58.09000015258789,58.54999923706055,42.729740142822266,29319500,
2015-12-23,59.099998474121094,59.560001373291016,59.06999969482422,59.529998779296875,43.44493865966797,29782200,
2015-12-24,59.279998779296875,59.59000015258789,59.279998779296875,59.43000030517578,43.37196350097656,10950500,
2015-12-28,59.29999923706055,59.33000183105469,59.099998474121094,59.290000915527344,43.26979446411133,28946900,
2015-12-29,59.72999954223633,60.029998779296875,59.709999084472656,59.880001068115234,43.70037841796875,30796100,
2015-12-30,59.650001525878906,59.7400016784668,59.47999954223633,59.52000045776367,43.43764114379883,18855500,
2015-12-31,59.130001068115234,59.20000076293945,58.720001220703125,58.720001220703125,42.85380172729492,31818900,
2016-01-04,57.81999969482422,57.849998474121094,57.150001525878906,57.81999969482422,42.196983337402344,34260200,
2016-01-05,57.709999084472656,57.79999923706055,57.33000183105469,57.72999954223633,42.131309509277344,23891500,
2016-01-06,56.529998779296875,56.91999816894531,56.45000076293945,56.779998779296875,41.43799591064453,22412600,
2016-01-07,55.720001220703125,56.20000076293945,55.529998779296875,55.599998474121094,40.57683563232422,37579400,
2016-01-08,55.93000030517578,55.9900016784668,54.84000015258789,54.93000030517578,40.08787155151367,31301100,
2016-01-11,55.560001373291016,55.58000183105469,54.66999816894531,55.15999984741211,40.25571823120117,33017900,
2016-01-12,55.630001068115234,55.709999084472656,54.95000076293945,55.41999816894531,40.44546890258789,29930200,
2016-01-13,55.79999923706055,55.900001525878906,54.40999984741211,54.560001373291016,39.817840576171875,33481800,
2016-01-14,54.77000045776367,55.5,54.36000061035156,55.2599983215332,40.32870101928711,35140200,
2016-01-15,53.459999084472656,53.849998474121094,53.02000045776367,53.2599983215332,38.86909866333008,60554300,
2016-01-19,54.189998626708984,54.220001220703125,53.369998931884766,53.75,39.22669982910156,35709800,
2016-01-20,52.65999984741211,52.86000061035156,51.52000045776367,52.529998779296875,38.33634948730469,47944200,
2016-01-21,52.31999969482422,53.22999954223633,51.93000030517578,52.91999816894531,38.6209716796875,48974700,
2016-01-22,54.20000076293945,54.540000915527344,54.08000183105469,54.47999954223633,39.75946044921875,44855900,
2016-01-25,54.060001373291016,54.279998779296875,53.709999084472656,53.75,39.22669982910156,36799400,
2016-01-26,54.04999923706055,54.7400016784668,53.97999954223633,54.709999084472656,39.927303314208984,26789300,
2016-01-27,54.599998474121094,55.15999984741211,54.150001525878906,54.36000061035156,39.67188262939453,32829200,
2016-01-28,54.86000061035156,54.93000030517578,54.04999923706055,54.52000045776367,39.78864669799805,31267000,
2016-01-29,54.75,55.52000045776367,54.70000076293945,55.47999954223633,40.4892578125,37109700,
2016-02-01,55.02000045776367,55.58000183105469,54.83000183105469,55.41999816894531,40.44546890258789,31082700,
2016-02-02,54.630001068115234,54.630001068115234,53.939998626708984,54.130001068115234,39.50403594970703,29809100,
2016-02-03,54.41999816894531,54.59000015258789,53.41999816894531,54.58000183105469,39.832435607910156,36337300,
2016-02-04,54.22999954223633,54.84000015258789,54.130001068115234,54.650001525878906,39.88351821899414,28236200,
2016-02-05,54.40999984741211,54.47999954223633,53.58000183105469,53.810001373291016,39.2704963684082,31548100,
2016-02-08,52.939998626708984,52.959999084472656,52.31999969482422,52.810001373291016,38.54069519042969,37822400,
2016-02-09,51.66999816894531,52.43000030517578,51.630001068115234,52.20000076293945,38.09552001953125,34142700,
2016-02-10,52.380001068115234,52.779998779296875,52.04999923706055,52.13999938964844,38.05172348022461,32088400,
2016-02-11,51.43000030517578,51.650001525878906,50.939998626708984,51.380001068115234,37.4970817565918,41750200,
2016-02-12,51.529998779296875,52.290000915527344,51.310001373291016,52.279998779296875,38.153900146484375,38730500,
2016-02-16,53.20000076293945,53.369998931884766,52.77000045776367,53.34000015258789,38.927486419677734,31605800,
2016-02-17,53.790000915527344,54.33000183105469,53.7599983215332,54.2599983215332,39.598907470703125,25594700,
2016-02-18,54.4900016784668,54.4900016784668,53.939998626708984,53.97999954223633,39.39455795288086,32694100,
2016-02-19,53.56999969482422,53.970001220703125,53.400001525878906,53.91999816894531,39.35077667236328,26685400,
2016-02-22,54.31999969482422,54.58000183105469,54.29999923706055,54.529998779296875,39.79594421386719,19217000,
2016-02-23,54.18000030517578,54.220001220703125,53.54999923706055,53.63999938964844,39.14642333984375,19709000,
2016-02-24,52.75,53.529998779296875,52.4900016784668,53.45000076293945,39.00776290893555,26718800,
2016-02-25,53.75,54.099998474121094,53.5,54.09000015258789,39.47483825683594,25167000,
2016-02-26,54.369998931884766,54.400001525878906,53.849998474121094,53.95000076293945,39.37266159057617,19604500,
2016-02-29,53.84000015258789,54.130001068115234,53.599998474121094,53.630001068115234,39.13912582397461,30315200,
2016-03-01,54.40999984741211,55.06999969482422,54.279998779296875,55.029998779296875,40.16083526611328,24585800,
2016-03-02,55.0,55.45000076293945,54.880001068115234,55.40999984741211,40.43817901611328,22549400,
2016-03-03,55.560001373291016,55.97999954223633,55.5099983215332,55.95000076293945,40.83226013183594,21109600,
2016-03-04,56.34000015258789,56.65999984741211,56.209999084472656,56.36000061035156,41.13148880004883,22752200,
2016-03-07,55.779998779296875,56.47999954223633,55.7400016784668,56.290000915527344,41.08039474487305,24047500,
2016-03-08,56.04999923706055,56.04999923706055,55.66999816894531,55.7400016784668,40.67900085449219,16893200,
2016-03-09,55.9900016784668,56.11000061035156,55.810001373291016,55.95000076293945,40.83226013183594,15467400,
2016-03-10,56.400001525878906,56.7599983215332,55.41999816894531,55.86000061035156,40.7665901184082,28133500,
2016-03-11,56.869998931884766,57.349998474121094,56.81999969482422,57.31999969482422,41.832096099853516,24374600,
2016-03-14,57.2400016784668,57.349998474121094,57.06999969482422,57.20000076293945,41.74451446533203,15953300,
2016-03-15,56.61000061035156,56.66999816894531,56.45000076293945,56.65999984741211,41.35041809082031,19646300,
2016-03-16,56.22999954223633,57.209999084472656,56.22999954223633,57.15999984741211,41.71531677246094,25413000,
2016-03-17,57.189998626708984,57.709999084472656,57.0,57.599998474121094,42.03642654418945,17906600,
2016-03-18,57.5099983215332,57.689998626708984,57.41999816894531,57.5,41.96344757080078,30733400,
2016-03-21,57.36000061035156,57.540000915527344,57.22999954223633,57.40999984741211,41.89777374267578,17625800,
2016-03-22,56.95000076293945,57.400001525878906,56.900001525878906,57.310001373291016,41.82479476928711,15926700,
2016-03-23,57.15999984741211,57.18000030517578,56.650001525878906,56.72999954223633,41.40150833129883,18291400,
2016-03-24,56.02000045776367,56.349998474121094,55.95000076293945,56.349998474121094,41.124176025390625,18326500,
2016-03-28,56.7400016784668,56.779998779296875,56.54999923706055,56.689998626708984,41.372318267822266,18491100,
2016-03-29,56.41999816894531,57.33000183105469,56.279998779296875,57.29999923706055,41.81748580932617,22376800,
2016-03-30,57.790000915527344,58.060001373291016,57.63999938964844,57.72999954223633,42.131309509277344,18999500,
2016-03-31,57.459999084472656,57.59000015258789,57.130001068115234,57.15999984741211,41.71531677246094,37335100,
2016-04-01,55.9900016784668,56.619998931884766,55.93000030517578,56.54999923706055,41.270145416259766,30396100,
2016-04-04,56.70000076293945,56.77000045776367,56.36000061035156,56.43000030517578,41.18256378173828,16977200,
2016-04-05,55.41999816894531,55.5,55.2400016784668,55.31999969482422,40.37248611450195,20199600,
2016-04-06,55.5099983215332,56.2599983215332,55.41999816894531,56.220001220703125,41.02930450439453,20465500,
2016-04-07,55.7599983215332,55.91999816894531,55.27000045776367,55.400001525878906,40.43086242675781,19855600,
2016-04-08,56.5099983215332,56.65999984741211,56.31999969482422,56.459999084472656,41.20446014404297,18462800,
2016-04-11,56.83000183105469,57.06999969482422,56.47999954223633,56.4900016784668,41.22636032104492,15640400,
2016-04-12,56.939998626708984,57.439998626708984,56.61000061035156,57.33000183105469,41.83938980102539,25164700,
2016-04-13,58.13999938964844,58.36000061035156,58.0099983215332,58.2400016784668,42.50349426269531,25583900,
2016-04-14,58.540000915527344,58.650001525878906,58.33000183105469,58.43000030517578,42.64216613769531,26844400,
2016-04-15,58.38999938964844,58.5,58.290000915527344,58.29999923706055,42.54729080200195,17558000,
2016-04-18,58.220001220703125,58.86000061035156,58.16999816894531,58.79999923706055,42.91218185424805,20200400,
2016-04-19,59.689998626708984,59.939998626708984,59.599998474121094,59.81999969482422,43.656585693359375,24251400,
2016-04-20,59.790000915527344,60.15999984741211,59.70000076293945,59.869998931884766,43.69308090209961,14402600,
2016-04-21,59.779998779296875,59.83000183105469,59.40999984741211,59.5099983215332,43.43034744262695,19135100,
2016-04-22,59.45000076293945,59.63999938964844,59.290000915527344,59.540000915527344,43.45224380493164,17262700,
2016-04-25,59.2400016784668,59.290000915527344,59.02000045776367,59.2400016784668,43.23330307006836,13518400,
2016-04-26,59.470001220703125,59.560001373291016,59.2599983215332,59.45000076293945,43.38655090332031,15657800,
2016-04-27,59.27000045776367,59.61000061035156,59.18000030517578,59.4900016784668,43.415748596191406,13054700,
2016-04-28,58.779998779296875,59.2599983215332,58.54999923706055,58.68000030517578,42.82461166381836,25204500,
2016-04-29,58.720001220703125,58.810001373291016,58.220001220703125,58.43000030517578,42.64216613769531,27642900,
2016-05-02,58.900001525878906,59.06999969482422,58.720001220703125,58.97999954223633,43.04354476928711,25207300,
2016-05-03,58.400001525878906,58.40999984741211,57.93000030517578,58.0099983215332,42.33564376831055,25287100,
2016-05-04,57.52000045776367,57.61000061035156,57.16999816894531,57.34000015258789,41.8466796875,20213100,
2016-05-05,57.29999923706055,57.45000076293945,57.040000915527344,57.220001220703125,41.75910568237305,21552600,
2016-05-06,56.970001220703125,57.40999984741211,56.91999816894531,57.380001068115234,41.875877380371094,21498200,
2016-05-09,57.52000045776367,57.630001068115234,57.22999954223633,57.2599983215332,41.788291931152344,17842700,
2016-05-10,57.689998626708984,58.08000183105469,57.63999938964844,58.08000183105469,42.386741638183594,21333600,
2016-05-11,57.70000076293945,57.93000030517578,57.58000183105469,57.58000183105469,42.02183532714844,20180500,
2016-05-12,58.06999969482422,58.09000015258789,57.310001373291016,57.560001373291016,42.00723648071289,17642000,
2016-05-13,57.11000061035156,57.36000061035156,56.810001373291016,56.970001220703125,41.57665252685547,19052400,
2016-05-16,57.15999984741211,57.68000030517578,57.130001068115234,57.650001525878906,42.07292556762695,24500500,
2016-05-17,57.54999923706055,57.7400016784668,57.16999816894531,57.22999954223633,41.76640701293945,25116900,
2016-05-18,57.290000915527344,57.849998474121094,57.040000915527344,57.25,41.78099822998047,34940400,
2016-05-19,56.90999984741211,57.0099983215332,56.66999816894531,56.84000015258789,41.48178482055664,26976000,
2016-05-20,57.31999969482422,57.459999084472656,57.189998626708984,57.310001373291016,41.82479476928711,23377800,
2016-05-23,57.099998474121094,57.279998779296875,57.0099983215332,57.119998931884766,41.68612289428711,18828700,
2016-05-24,57.5099983215332,58.060001373291016,57.5,57.95000076293945,42.29186248779297,28901600,
2016-05-25,58.380001068115234,58.68000030517578,58.349998474121094,58.560001373291016,42.737037658691406,35575000,
2016-05-26,58.779998779296875,58.849998474121094,58.58000183105469,58.720001220703125,42.85380172729492,21115400,
2016-05-27,58.619998931884766,58.75,58.52000045776367,58.65999984741211,42.81001663208008,16066600,
2016-05-31,58.900001525878906,58.9900016784668,58.2400016784668,58.380001068115234,42.605674743652344,25438500,
2016-06-01,58.099998474121094,58.380001068115234,58.029998779296875,58.33000183105469,42.569183349609375,19567300,
2016-06-02,58.0,58.349998474121094,57.93000030517578,58.33000183105469,42.569183349609375,32992100,
2016-06-03,58.540000915527344,58.72999954223633,58.22999954223633,58.709999084472656,42.84650421142578,27770200,
2016-06-06,58.900001525878906,59.18000030517578,58.849998474121094,59.040000915527344,43.087345123291016,22191900,
2016-06-07,59.4900016784668,59.630001068115234,59.41999816894531,59.470001220703125,43.40115737915039,15311700,
2016-06-08,59.650001525878906,59.7400016784668,59.540000915527344,59.59000015258789,43.488731384277344,14673400,
2016-06-09,58.86000061035156,59.0099983215332,58.68000030517578,58.86000061035156,42.95597839355469,18489100,
2016-06-10,57.619998931884766,57.709999084472656,56.9900016784668,57.150001525878906,41.70803451538086,29812900,
2016-06-13,56.40999984741211,56.86000061035156,56.15999984741211,56.31999969482422,41.10228729248047,25323100,
2016-06-14,55.72999954223633,55.86000061035156,55.119998931884766,55.41999816894531,40.44546890258789,69490000,
2016-06-15,55.900001525878906,56.099998474121094,55.66999816894531,55.790000915527344,40.71549606323242,34010400,
2016-06-16,55.0,55.95000076293945,54.59000015258789,55.90999984741211,40.803070068359375,27677700,
2016-06-17,56.099998474121094,56.599998474121094,55.83000183105469,56.459999084472656,41.20446014404297,51689600,
2016-06-20,58.20000076293945,58.27000045776367,57.84000015258789,57.86000061035156,42.22617721557617,38890400,
2016-06-21,58.34000015258789,58.779998779296875,58.09000015258789,58.33000183105469,42.569183349609375,37705500,
2016-06-22,57.38999938964844,57.66999816894531,57.119998931884766,57.119998931884766,42.54310989379883,45176500,"{""dividend_amount"": 1.175}"
2016-06-23,58.34000015258789,58.79999923706055,57.93000030517578,58.70000076293945,43.71990203857422,33064500,
2016-06-24,53.88999938964844,55.09000015258789,53.630001068115234,53.65999984741211,39.966094970703125,85314600,
2016-06-27,52.90999984741211,52.939998626708984,51.93000030517578,52.630001068115234,39.19895553588867,58864400,
2016-06-28,53.86000061035156,54.040000915527344,53.369998931884766,54.0099983215332,40.226783752441406,45213500,
2016-06-29,54.810001373291016,55.189998626708984,54.720001220703125,55.0,40.96412658691406,33914900,
2016-06-30,55.11000061035156,55.81999969482422,54.959999084472656,55.81999969482422,41.57487869262695,48143600,
2016-07-01,55.84000015258789,56.0,55.7400016784668,55.81999969482422,41.57487869262695,22693400,
2016-07-05,55.13999938964844,55.20000076293945,54.58000183105469,54.7400016784668,40.77048110961914,33647400,
2016-07-06,54.11000061035156,54.66999816894531,53.77000045776367,54.63999938964844,40.696006774902344,28451400,
2016-07-07,54.7400016784668,54.939998626708984,54.25,54.41999816894531,40.53214645385742,24824900,
2016-07-08,55.040000915527344,55.34000015258789,54.90999984741211,55.25,41.15033721923828,26189500,
2016-07-11,55.9900016784668,56.290000915527344,55.95000076293945,56.060001373291016,41.753623962402344,25474900,
2016-07-12,56.86000061035156,57.09000015258789,56.75,56.81999969482422,42.319679260253906,29839000,
2016-07-13,56.959999084472656,57.099998474121094,56.709999084472656,56.7599983215332,42.27499008178711,27351600,
2016-07-14,57.290000915527344,57.43000030517578,57.16999816894531,57.25,42.639930725097656,28145500,
2016-07-15,57.099998474121094,57.130001068115234,56.84000015258789,56.959999084472656,42.423946380615234,29705400,
2016-07-18,56.959999084472656,57.27000045776367,56.849998474121094,57.099998474121094,42.528221130371094,17614300,
2016-07-19,56.650001525878906,56.7400016784668,56.5,56.650001525878906,42.19306945800781,19896900,
2016-07-20,57.0099983215332,57.22999954223633,56.900001525878906,57.15999984741211,42.57291030883789,20885200,
2016-07-21,56.97999954223633,57.189998626708984,56.83000183105469,56.93000030517578,42.401607513427734,19635000,
2016-07-22,57.04999923706055,57.08000183105469,56.880001068115234,57.040000915527344,42.48352813720703,16069300,
2016-07-25,57.08000183105469,57.099998474121094,56.810001373291016,56.970001220703125,42.431392669677734,13277400,
2016-07-26,57.189998626708984,57.380001068115234,56.970001220703125,57.209999084472656,42.61014938354492,15025700,
2016-07-27,57.47999954223633,57.58000183105469,57.0,57.41999816894531,42.76654815673828,17126900,
2016-07-28,57.380001068115234,57.459999084472656,57.08000183105469,57.36000061035156,42.721866607666016,14445300,
2016-07-29,57.84000015258789,58.150001525878906,57.709999084472656,58.040000915527344,43.22833251953125,21590400,
2016-08-01,57.86000061035156,57.97999954223633,57.59000015258789,57.65999984741211,42.945308685302734,21623700,
2016-08-02,57.529998779296875,57.56999969482422,57.150001525878906,57.369998931884766,42.72931671142578,20476100,
2016-08-03,56.88999938964844,57.189998626708984,56.849998474121094,57.16999816894531,42.58035659790039,19684400,
2016-08-04,57.349998474121094,57.529998779296875,57.2400016784668,57.5,42.826141357421875,16761800,
2016-08-05,57.5,57.779998779296875,57.4900016784668,57.7599983215332,43.01978302001953,15143500,
2016-08-08,57.86000061035156,57.91999816894531,57.790000915527344,57.880001068115234,43.10916519165039,10326800,
2016-08-09,58.13999938964844,58.52000045776367,58.11000061035156,58.34000015258789,43.4517707824707,27514400,
2016-08-10,58.720001220703125,58.7599983215332,58.52000045776367,58.540000915527344,43.60073471069336,17539500,
2016-08-11,58.81999969482422,59.11000061035156,58.77000045776367,58.959999084472656,43.91355514526367,19675800,
2016-08-12,58.9900016784668,59.060001373291016,58.7400016784668,58.810001373291016,43.80183410644531,11331600,
2016-08-15,59.0,59.18000030517578,58.9900016784668,59.040000915527344,43.9731330871582,9048700,
2016-08-16,58.93000030517578,59.11000061035156,58.849998474121094,58.95000076293945,43.906097412109375,14286200,
2016-08-17,58.790000915527344,59.09000015258789,58.540000915527344,58.93000030517578,43.891204833984375,12103600,
2016-08-18,58.88999938964844,59.22999954223633,58.79999923706055,59.22999954223633,44.11463928222656,17723900,
2016-08-19,58.619998931884766,58.81999969482422,58.45000076293945,58.790000915527344,43.78693389892578,12142800,
2016-08-22,58.61000061035156,58.88999938964844,58.5,58.849998474121094,43.83163070678711,10095600,
2016-08-23,59.2400016784668,59.349998474121094,59.08000183105469,59.099998474121094,44.017822265625,12534100,
2016-08-24,59.130001068115234,59.20000076293945,58.88999938964844,58.959999084472656,43.91355514526367,12206600,
2016-08-25,58.7599983215332,58.88999938964844,58.66999816894531,58.720001220703125,43.734798431396484,10953500,
2016-08-26,58.810001373291016,59.33000183105469,58.11000061035156,58.369998931884766,43.474117279052734,19518100,
2016-08-29,58.2400016784668,58.58000183105469,58.220001220703125,58.54999923706055,43.60818099975586,10482100,
2016-08-30,58.599998474121094,58.689998626708984,58.36000061035156,58.470001220703125,43.5485954284668,10046300,
2016-08-31,58.400001525878906,58.529998779296875,58.13999938964844,58.349998474121094,43.45921325683594,20437200,
2016-09-01,58.619998931884766,58.779998779296875,58.40999984741211,58.75,43.757144927978516,18389800,
2016-09-02,59.29999923706055,59.5,59.11000061035156,59.43000030517578,44.26360321044922,19151600,
2016-09-06,59.560001373291016,59.86000061035156,59.540000915527344,59.83000183105469,44.5615348815918,14730600,
2016-09-07,59.9900016784668,60.099998474121094,59.75,59.86000061035156,44.5838737487793,17917500,
2016-09-08,59.810001373291016,59.97999954223633,59.619998931884766,59.689998626708984,44.457252502441406,15572700,
2016-09-09,59.25,59.25,58.5099983215332,58.529998779296875,43.593284606933594,23547000,
2016-09-12,58.099998474121094,59.040000915527344,58.04999923706055,59.0099983215332,43.95078659057617,26966800,
2016-09-13,58.25,58.36000061035156,57.56999969482422,57.81999969482422,43.064483642578125,24865900,
2016-09-14,57.7400016784668,58.060001373291016,57.630001068115234,57.7400016784668,43.00489807128906,16841500,
2016-09-15,57.790000915527344,58.349998474121094,57.630001068115234,58.2400016784668,43.377296447753906,20280700,
2016-09-16,57.61000061035156,57.63999938964844,57.33000183105469,57.4900016784668,42.81869125366211,47897900,
2016-09-19,58.060001373291016,58.13999938964844,57.7400016784668,57.790000915527344,43.042137145996094,24184400,
2016-09-20,58.34000015258789,58.38999938964844,58.06999969482422,58.13999938964844,43.30281448364258,23968200,
2016-09-21,58.70000076293945,59.220001220703125,58.4900016784668,59.15999984741211,44.0625114440918,28804000,
2016-09-22,60.029998779296875,60.15999984741211,59.689998626708984,59.7599983215332,44.5093879699707,27047600,
2016-09-23,59.279998779296875,59.45000076293945,59.2400016784668,59.2599983215332,44.13698959350586,19380000,
2016-09-26,58.75,58.83000183105469,58.619998931884766,58.709999084472656,43.72735595703125,23824900,
2016-09-27,58.470001220703125,59.0,58.40999984741211,58.9900016784668,43.935890197753906,19862100,
2016-09-28,58.9900016784668,59.43000030517578,58.79999923706055,59.40999984741211,44.24871826171875,21673400,
2016-09-29,59.40999984741211,59.40999984741211,58.470001220703125,58.66999816894531,43.69755172729492,16703800,
2016-09-30,58.810001373291016,59.290000915527344,58.72999954223633,59.130001068115234,44.04017639160156,29074600,
2016-10-03,58.970001220703125,59.09000015258789,58.84000015258789,58.970001220703125,43.92100524902344,17903600,
2016-10-04,59.2400016784668,59.349998474121094,58.72999954223633,58.959999084472656,43.91355514526367,28707500,
2016-10-05,59.18000030517578,59.290000915527344,59.040000915527344,59.20000076293945,44.09230422973633,14774300,
2016-10-06,58.900001525878906,58.95000076293945,58.72999954223633,58.880001068115234,43.85396957397461,11592200,
2016-10-07,58.630001068115234,58.68000030517578,58.119998931884766,58.58000183105469,43.63052749633789,16684900,
2016-10-10,58.58000183105469,58.900001525878906,58.58000183105469,58.75,43.757144927978516,7860700,
2016-10-11,58.47999954223633,58.5099983215332,57.75,57.91999816894531,43.138946533203125,18434600,
2016-10-12,57.84000015258789,57.939998626708984,57.630001068115234,57.790000915527344,43.042137145996094,13537300,
2016-10-13,57.150001525878906,57.70000076293945,56.9900016784668,57.56999969482422,42.878273010253906,13090900,
2016-10-14,57.959999084472656,58.06999969482422,57.650001525878906,57.66999816894531,42.9527587890625,19288400,
2016-10-17,57.540000915527344,57.65999984741211,57.40999984741211,57.5,42.826141357421875,12641000,
2016-10-18,58.189998626708984,58.2400016784668,57.97999954223633,58.06999969482422,43.25067138671875,13028000,
2016-10-19,58.15999984741211,58.369998931884766,58.119998931884766,58.22999954223633,43.369850158691406,12500100,
2016-10-20,58.150001525878906,58.43000030517578,58.09000015258789,58.31999969482422,43.4368782043457,9959000,
2016-10-21,57.91999816894531,58.209999084472656,57.86000061035156,58.189998626708984,43.34005355834961,12584900,
2016-10-24,58.36000061035156,58.369998931884766,58.04999923706055,58.18000030517578,43.332611083984375,12723000,
2016-10-25,58.04999923706055,58.189998626708984,57.90999984741211,58.13999938964844,43.30281448364258,12430400,
2016-10-26,57.84000015258789,58.06999969482422,57.77000045776367,57.880001068115234,43.10916519165039,12169500,
2016-10-27,58.0099983215332,58.040000915527344,57.75,57.810001373291016,43.057029724121094,9309300,
2016-10-28,57.709999084472656,57.91999816894531,57.650001525878906,57.790000915527344,43.042137145996094,15377800,
2016-10-31,57.75,57.900001525878906,57.58000183105469,57.81999969482422,43.064483642578125,19266200,
2016-11-01,57.959999084472656,57.97999954223633,57.380001068115234,57.56999969482422,42.878273010253906,19495200,
2016-11-02,57.529998779296875,57.61000061035156,57.099998474121094,57.18000030517578,42.587806701660156,17538900,
2016-11-03,57.380001068115234,57.41999816894531,57.040000915527344,57.119998931884766,42.54310989379883,12959100,
2016-11-04,56.7400016784668,56.90999984741211,56.54999923706055,56.56999969482422,42.13347244262695,17423800,
2016-11-07,57.279998779296875,57.380001068115234,57.150001525878906,57.349998474121094,42.71441650390625,21383600,
2016-11-08,57.18000030517578,57.68000030517578,57.130001068115234,57.5099983215332,42.83358383178711,17403900,
2016-11-09,57.06999969482422,57.790000915527344,57.0099983215332,57.560001373291016,42.870826721191406,27175100,
2016-11-10,57.529998779296875,57.66999816894531,56.93000030517578,57.400001525878906,42.75165939331055,37382800,
2016-11-11,57.150001525878906,57.20000076293945,56.7400016784668,57.04999923706055,42.4909782409668,18430100,
2016-11-14,56.630001068115234,56.75,56.47999954223633,56.7400016784668,42.26008605957031,20650900,
2016-11-15,56.59000015258789,57.02000045776367,56.529998779296875,56.9900016784668,42.44629669189453,15311700,
2016-11-16,56.43000030517578,56.619998931884766,56.34000015258789,56.38999938964844,41.99940872192383,22261200,
2016-11-17,56.66999816894531,56.88999938964844,56.619998931884766,56.81999969482422,42.319679260253906,18459300,
2016-11-18,56.310001373291016,56.380001068115234,56.099998474121094,56.20000076293945,41.85789108276367,17047300,
2016-11-21,56.41999816894531,56.709999084472656,56.40999984741211,56.68000030517578,42.21540069580078,18504500,
2016-11-22,56.810001373291016,56.849998474121094,56.58000183105469,56.81999969482422,42.319679260253906,17866500,
2016-11-23,56.25,56.619998931884766,56.189998626708984,56.619998931884766,42.170711517333984,13840300,
2016-11-25,56.81999969482422,56.83000183105469,56.709999084472656,56.790000915527344,42.29734420776367,7842800,
2016-11-28,56.630001068115234,56.689998626708984,56.459999084472656,56.4900016784668,42.073890686035156,13608000,
2016-11-29,56.529998779296875,56.97999954223633,56.470001220703125,56.849998474121094,42.34201431274414,14719800,
2016-11-30,56.97999954223633,56.9900016784668,56.70000076293945,56.790000915527344,42.29734420776367,23874700,
2016-12-01,56.72999954223633,56.7599983215332,56.4900016784668,56.56999969482422,42.13347244262695,22693500,
2016-12-02,56.470001220703125,56.84000015258789,56.400001525878906,56.709999084472656,42.23774337768555,16077700,
2016-12-05,57.0,57.380001068115234,56.9900016784668,57.27000045776367,42.65483474731445,19686200,
2016-12-06,57.33000183105469,57.7400016784668,57.29999923706055,57.65999984741211,42.945308685302734,19217500,
2016-12-07,57.880001068115234,58.619998931884766,57.86000061035156,58.52000045776367,43.585838317871094,25749300,
2016-12-08,58.52000045776367,58.56999969482422,58.27000045776367,58.470001220703125,43.5485954284668,23427000,
2016-12-09,58.470001220703125,58.720001220703125,58.43000030517578,58.720001220703125,43.734798431396484,20886500,
2016-12-12,58.5,58.689998626708984,58.38999938964844,58.459999084472656,43.541141510009766,16612700,
2016-12-13,58.97999954223633,59.25,58.95000076293945,59.09000015258789,44.0103759765625,22116800,
2016-12-14,58.959999084472656,59.09000015258789,58.130001068115234,58.220001220703125,43.36240005493164,26473700,
2016-12-15,58.0,58.189998626708984,57.959999084472656,58.09000015258789,43.26557159423828,25317900,
2016-12-16,58.04999923706055,58.290000915527344,58.02000045776367,58.130001068115234,43.295372009277344,24359100,
2016-12-19,58.15999984741211,58.310001373291016,58.040000915527344,58.040000915527344,43.22833251953125,17705200,
2016-12-20,58.11000061035156,58.290000915527344,58.06999969482422,58.2400016784668,43.377296447753906,17813500,
2016-12-21,57.650001525878906,57.70000076293945,57.58000183105469,57.65999984741211,43.38933563232422,17793900,"{""dividend_amount"": 0.596}"
2016-12-22,57.619998931884766,57.689998626708984,57.5099983215332,57.529998779296875,43.29151153564453,16310200,
2016-12-23,57.58000183105469,57.68000030517578,57.540000915527344,57.68000030517578,43.40438461303711,14821600,
2016-12-27,57.630001068115234,57.720001220703125,57.599998474121094,57.61000061035156,43.35170364379883,13327700,
2016-12-28,57.560001373291016,57.58000183105469,57.310001373291016,57.38999938964844,43.186161041259766,19569400,
2016-12-29,57.5,57.65999984741211,57.47999954223633,57.529998779296875,43.29151153564453,16406100,
2016-12-30,57.970001220703125,57.97999954223633,57.599998474121094,57.72999954223633,43.4420051574707,25266000,
2017-01-03,57.95000076293945,58.11000061035156,57.849998474121094,58.09000015258789,43.71290969848633,27938300,
2017-01-04,58.400001525878906,58.779998779296875,58.349998474121094,58.75,44.209564208984375,25670000,
2017-01-05,58.900001525878906,59.310001373291016,58.900001525878906,59.25,44.5858154296875,22063100,
2017-01-06,58.970001220703125,59.11000061035156,58.90999984741211,59.04999923706055,44.43532180786133,22073700,
2017-01-09,58.83000183105469,58.9900016784668,58.75,58.959999084472656,44.367591857910156,13962400,
2017-01-10,58.91999816894531,59.130001068115234,58.91999816894531,58.970001220703125,44.375118255615234,16296600,
2017-01-11,58.849998474121094,59.29999923706055,58.779998779296875,59.279998779296875,44.6083869934082,31352400,
2017-01-12,59.36000061035156,59.380001068115234,59.11000061035156,59.369998931884766,44.676109313964844,25127300,
2017-01-13,59.41999816894531,59.599998474121094,59.33000183105469,59.59000015258789,44.841670989990234,20901900,
2017-01-17,59.40999984741211,59.439998626708984,59.27000045776367,59.369998931884766,44.676109313964844,22524800,
2017-01-18,59.189998626708984,59.31999969482422,59.02000045776367,59.20000076293945,44.548187255859375,14581400,
2017-01-19,59.099998474121094,59.18000030517578,58.869998931884766,59.04999923706055,44.43532180786133,17619300,
2017-01-20,59.2599983215332,59.40999984741211,59.18000030517578,59.38999938964844,44.69116973876953,24974100,
2017-01-23,59.310001373291016,59.540000915527344,59.18000030517578,59.540000915527344,44.804046630859375,43093600,
2017-01-24,59.439998626708984,59.720001220703125,59.41999816894531,59.689998626708984,44.91691207885742,18176000,
2017-01-25,60.0099983215332,60.33000183105469,59.9900016784668,60.310001373291016,45.38346481323242,27237600,
2017-01-26,60.189998626708984,60.25,59.9900016784668,60.06999969482422,45.20287322998047,20838800,
2017-01-27,60.02000045776367,60.04999923706055,59.86000061035156,59.970001220703125,45.12761688232422,13061000,
2017-01-30,59.45000076293945,59.58000183105469,59.2599983215332,59.540000915527344,44.804046630859375,19146200,
2017-01-31,59.650001525878906,59.7400016784668,59.38999938964844,59.630001068115234,44.87177276611328,29996800,
2017-02-01,60.0,60.029998779296875,59.709999084472656,59.869998931884766,45.05236053466797,26726400,
2017-02-02,59.93000030517578,59.9900016784668,59.72999954223633,59.900001525878906,45.07493591308594,14796700,
2017-02-03,60.0099983215332,60.18000030517578,59.93000030517578,60.13999938964844,45.25554275512695,13963800,
2017-02-06,59.52000045776367,59.709999084472656,59.47999954223633,59.709999084472656,44.93197250366211,16220200,
2017-02-07,59.58000183105469,59.68000030517578,59.529998779296875,59.650001525878906,44.88680648803711,12123000,
2017-02-08,59.59000015258789,59.810001373291016,59.52000045776367,59.75,44.962066650390625,16749200,
2017-02-09,59.83000183105469,60.02000045776367,59.75,60.0,45.15018844604492,14299600,
2017-02-10,59.93000030517578,60.18000030517578,59.90999984741211,60.13999938964844,45.25554275512695,13212100,
2017-02-13,60.38999938964844,60.470001220703125,60.279998779296875,60.380001068115234,45.43614196777344,12694400,
2017-02-14,60.16999816894531,60.290000915527344,59.91999816894531,60.290000915527344,45.3684196472168,14256600,
2017-02-15,60.029998779296875,60.52000045776367,60.0099983215332,60.52000045776367,45.54148483276367,15460100,
2017-02-16,60.540000915527344,60.65999984741211,60.459999084472656,60.65999984741211,45.64684295654297,14416500,
2017-02-17,60.31999969482422,60.52000045776367,60.27000045776367,60.5,45.52644348144531,14938000,
2017-02-21,60.439998626708984,60.70000076293945,60.41999816894531,60.70000076293945,45.67694854736328,11550300,
2017-02-22,60.38999938964844,60.7400016784668,60.38999938964844,60.70000076293945,45.67694854736328,17129400,
2017-02-23,60.880001068115234,60.93000030517578,60.66999816894531,60.83000183105469,45.7747688293457,12410600,
2017-02-24,60.16999816894531,60.43000030517578,60.13999938964844,60.38999938964844,45.443660736083984,16198700,
2017-02-27,60.189998626708984,60.439998626708984,60.18000030517578,60.43000030517578,45.4737663269043,14039000,
2017-02-28,60.31999969482422,60.52000045776367,60.22999954223633,60.34000015258789,45.406044006347656,20439100,
2017-03-01,60.75,61.119998931884766,60.72999954223633,60.970001220703125,45.8801155090332,20198000,
2017-03-02,60.709999084472656,60.779998779296875,60.560001373291016,60.56999969482422,45.579124450683594,16452800,
2017-03-03,60.70000076293945,61.0,60.61000061035156,60.93000030517578,45.85001754760742,19149100,
2017-03-06,60.72999954223633,60.75,60.56999969482422,60.7400016784668,45.70703887939453,10965800,
2017-03-07,60.470001220703125,60.630001068115234,60.380001068115234,60.529998779296875,45.54901123046875,16308800,
2017-03-08,60.4900016784668,60.54999923706055,60.25,60.310001373291016,45.38346481323242,11568200,
2017-03-09,60.470001220703125,60.56999969482422,60.380001068115234,60.540000915527344,45.55653381347656,13369300,
2017-03-10,60.959999084472656,61.119998931884766,60.849998474121094,61.04999923706055,45.94031524658203,18987900,
2017-03-13,61.20000076293945,61.380001068115234,61.189998626708984,61.369998931884766,46.18111801147461,19718700,
2017-03-14,60.91999816894531,60.970001220703125,60.790000915527344,60.900001525878906,45.827449798583984,15953500,
2017-03-15,61.029998779296875,61.779998779296875,61.02000045776367,61.77000045776367,46.48212432861328,22841100,
2017-03-16,62.099998474121094,62.130001068115234,61.93000030517578,62.06999969482422,46.70787048339844,24380100,
2017-03-17,62.18000030517578,62.349998474121094,62.060001373291016,62.22999954223633,46.828277587890625,20697400,
2017-03-20,62.25,62.34000015258789,62.02000045776367,62.099998474121094,46.73044967651367,13484400,
2017-03-21,62.58000183105469,62.630001068115234,61.779998779296875,61.81999969482422,46.51974868774414,23331500,
2017-03-22,61.619998931884766,61.88999938964844,61.56999969482422,61.83000183105469,46.52727508544922,14492800,
2017-03-23,61.72999954223633,62.099998474121094,61.72999954223633,61.970001220703125,46.63261795043945,25394800,
2017-03-24,62.11000061035156,62.27000045776367,62.040000915527344,62.13999938964844,46.76054763793945,25264500,
2017-03-27,62.09000015258789,62.380001068115234,62.02000045776367,62.29999923706055,46.88094711303711,30294500,
2017-03-28,62.38999938964844,62.650001525878906,62.36000061035156,62.599998474121094,47.1067008972168,23196000,
2017-03-29,62.290000915527344,62.630001068115234,62.279998779296875,62.599998474121094,47.1067008972168,19090800,
2017-03-30,62.43000030517578,65.36000061035156,62.31999969482422,62.380001068115234,46.94114685058594,16049800,
2017-03-31,62.11000061035156,62.36000061035156,62.04999923706055,62.290000915527344,46.8734245300293,30871700,
2017-04-03,62.189998626708984,62.2400016784668,61.7599983215332,62.20000076293945,46.805702209472656,32855200,
2017-04-04,61.93000030517578,62.18000030517578,61.849998474121094,62.18000030517578,46.79064178466797,16793800,
2017-04-05,62.130001068115234,62.290000915527344,61.83000183105469,61.849998474121094,46.54231643676758,22710400,
2017-04-06,61.880001068115234,61.97999954223633,61.75,61.86000061035156,46.54985046386719,17795900,
2017-04-07,61.75,61.93000030517578,61.7400016784668,61.81999969482422,46.51974868774414,15848900,
2017-04-10,61.72999954223633,61.849998474121094,61.68000030517578,61.75,46.467079162597656,11321500,
2017-04-11,62.0,62.06999969482422,61.619998931884766,62.040000915527344,46.685298919677734,18663100,
2017-04-12,61.95000076293945,62.029998779296875,61.720001220703125,61.9900016784668,46.647666931152344,25045600,
2017-04-13,61.70000076293945,61.779998779296875,61.529998779296875,61.59000015258789,46.34667205810547,16760100,
2017-04-17,61.849998474121094,62.02000045776367,61.84000015258789,61.970001220703125,46.63261795043945,15573500,
2017-04-18,61.54999923706055,61.689998626708984,61.349998474121094,61.689998626708984,46.42192077636719,21171100,
2017-04-19,61.7599983215332,61.79999923706055,61.369998931884766,61.439998626708984,46.233795166015625,13263100,
2017-04-20,61.959999084472656,62.099998474121094,61.91999816894531,61.93000030517578,46.60251998901367,20485300,
2017-04-21,61.93000030517578,62.02000045776367,61.84000015258789,61.970001220703125,46.63261795043945,18989800,
2017-04-24,63.40999984741211,63.61000061035156,63.380001068115234,63.540000915527344,47.814056396484375,32694900,
2017-04-25,63.849998474121094,64.08000183105469,63.779998779296875,63.9900016784668,48.152679443359375,24975200,
2017-04-26,63.810001373291016,64.02999877929688,63.810001373291016,63.810001373291016,48.01723861694336,20489600,
2017-04-27,63.91999816894531,63.91999816894531,63.75,63.869998931884766,48.062374114990234,13855700,
2017-04-28,63.88999938964844,63.90999984741211,63.77000045776367,63.79999923706055,48.00970458984375,25361200,
2017-05-01,63.9900016784668,64.19999694824219,63.90999984741211,64.05999755859375,48.205360412597656,22211300,
2017-05-02,64.25,64.41999816894531,64.19000244140625,64.38999938964844,48.453678131103516,23500000,
2017-05-03,64.22000122070312,64.33000183105469,64.0999984741211,64.26000213623047,48.35585403442383,12811000,
2017-05-04,64.4800033569336,64.88999938964844,64.43000030517578,64.87000274658203,48.81488037109375,16359700,
2017-05-05,64.94000244140625,65.58999633789062,64.91999816894531,65.58999633789062,49.356685638427734,18990900,
2017-05-08,65.11000061035156,65.11000061035156,64.95999908447266,65.0999984741211,48.98795700073242,19823800,
2017-05-09,64.9800033569336,65.04000091552734,64.80999755859375,64.94000244140625,48.867549896240234,28186600,
2017-05-10,64.9800033569336,65.04000091552734,64.88999938964844,65.04000091552734,48.942813873291016,18524300,
2017-05-11,64.7699966430664,64.9000015258789,64.61000061035156,64.87999725341797,48.82240676879883,18381600,
2017-05-12,64.94000244140625,65.23999786376953,64.94000244140625,65.23999786376953,49.09330368041992,27683000,
2017-05-15,65.37999725341797,65.56999969482422,65.36000061035156,65.56999969482422,49.34163284301758,20493900,
2017-05-16,65.94999694824219,66.0,65.86000061035156,65.98999786376953,49.657676696777344,21931200,
2017-05-17,65.66999816894531,65.75,65.22000122070312,65.23999786376953,49.09330368041992,30198700,
2017-05-18,65.08000183105469,65.4000015258789,65.0199966430664,65.3499984741211,49.176082611083984,19242600,
2017-05-19,65.80999755859375,66.12000274658203,65.77999877929688,66.11000061035156,49.747982025146484,34855500,
2017-05-22,66.18000030517578,66.30999755859375,66.11000061035156,66.19000244140625,49.80818176269531,14692600,
2017-05-23,66.33999633789062,66.37999725341797,66.11000061035156,66.19999694824219,49.81570053100586,12489200,
2017-05-24,66.0199966430664,66.25,65.9800033569336,66.23999786376953,49.8458137512207,15075500,
2017-05-25,66.23999786376953,66.33999633789062,66.1500015258789,66.23999786376953,49.8458137512207,13265300,
2017-05-26,65.87000274658203,66.05999755859375,65.8499984741211,66.05000305175781,49.70283889770508,25971500,
2017-05-30,65.87000274658203,66.02999877929688,65.8499984741211,65.9800033569336,49.650169372558594,14415300,
2017-05-31,66.31999969482422,66.37999725341797,66.02999877929688,66.05999755859375,49.71035385131836,31167900,
2017-06-01,66.30999755859375,66.51000213623047,66.25,66.48999786376953,50.033935546875,25610000,
2017-06-02,66.95999908447266,67.23999786376953,66.86000061035156,67.22000122070312,50.583255767822266,22765300,
2017-06-05,66.86000061035156,66.9000015258789,66.7699966430664,66.8499984741211,50.304832458496094,14304500,
2017-06-06,66.58000183105469,66.70999908447266,66.55999755859375,66.66000366210938,50.161865234375,11387200,
2017-06-07,66.7699966430664,66.87999725341797,66.44999694824219,66.68000030517578,50.17691421508789,15346400,
2017-06-08,66.41999816894531,66.56999969482422,66.33999633789062,66.55999755859375,50.08660888671875,15425200,
2017-06-09,66.22000122070312,66.45999908447266,66.05999755859375,66.30999755859375,49.89847946166992,20807900,
2017-06-12,66.12000274658203,66.19000244140625,65.9800033569336,66.05999755859375,49.71035385131836,17937200,
2017-06-13,66.47000122070312,66.61000061035156,66.37999725341797,66.56999969482422,50.09413146972656,19123700,
2017-06-14,66.94999694824219,66.95999908447266,66.30000305175781,66.5199966430664,50.056514739990234,18739500,
2017-06-15,65.51000213623047,65.87000274658203,65.48999786376953,65.83000183105469,49.53728485107422,22870900,
2017-06-16,66.1500015258789,66.41000366210938,66.06999969482422,66.38999938964844,49.95869064331055,24571500,
2017-06-19,66.63999938964844,66.79000091552734,66.5999984741211,66.66000366210938,50.161865234375,26706100,
2017-06-20,65.41999816894531,65.43000030517578,64.91999816894531,65.06999969482422,49.75810623168945,23798500,"{""dividend_amount"": 1.062}"
2017-06-21,64.91999816894531,65.05000305175781,64.83000183105469,64.98999786376953,49.69693374633789,10989000,
2017-06-22,64.97000122070312,65.0999984741211,64.88999938964844,64.9800033569336,49.689292907714844,13521700,
2017-06-23,64.98999786376953,65.25,64.9000015258789,65.13999938964844,49.81163024902344,15138700,
2017-06-26,65.55999755859375,65.62000274658203,65.22000122070312,65.25,49.895748138427734,21872800,
2017-06-27,65.27999877929688,65.44000244140625,65.16999816894531,65.23999786376953,49.88810348510742,17466000,
2017-06-28,65.48999786376953,65.87000274658203,65.45999908447266,65.80999755859375,50.3239860534668,26317300,
2017-06-29,65.61000061035156,65.62000274658203,64.87999725341797,65.16000366210938,49.826927185058594,35923300,
2017-06-30,65.33000183105469,65.3499984741211,64.83000183105469,65.19999694824219,49.85751724243164,28866100,
2017-07-03,65.12000274658203,65.27999877929688,65.0999984741211,65.12000274658203,49.79635238647461,9564300,
2017-07-05,64.93000030517578,65.16000366210938,64.81999969482422,65.12000274658203,49.79635238647461,26253300,
2017-07-06,64.69999694824219,64.97000122070312,64.62999725341797,64.83000183105469,49.5745849609375,22874100,
2017-07-07,64.6500015258789,64.91999816894531,64.55999755859375,64.83999633789062,49.58222961425781,18885700,
2017-07-10,64.80000305175781,65.0199966430664,64.76000213623047,65.0,49.70458221435547,10674800,
2017-07-11,64.83000183105469,65.16000366210938,64.73999786376953,65.1500015258789,49.81929397583008,13584000,
2017-07-12,65.55000305175781,65.75,65.52999877929688,65.66999816894531,50.216922760009766,15995600,
2017-07-13,65.75,65.91000366210938,65.66000366210938,65.86000061035156,50.362213134765625,22520700,
2017-07-14,66.05000305175781,66.33000183105469,66.0,66.31999969482422,50.71396255493164,14145100,
2017-07-17,66.19000244140625,66.27999877929688,66.12000274658203,66.19000244140625,50.614559173583984,10326100,
2017-07-18,66.12999725341797,66.25,66.08000183105469,66.25,50.660438537597656,11718200,
2017-07-19,66.36000061035156,66.54000091552734,66.3499984741211,66.54000091552734,50.882198333740234,12542300,
2017-07-20,66.70999908447266,66.8499984741211,66.5999984741211,66.80999755859375,51.08865737915039,13792700,
2017-07-21,66.45999908447266,66.55000305175781,66.23999786376953,66.55000305175781,50.88985061645508,18391200,
2017-07-24,66.25,66.38999938964844,66.08000183105469,66.37000274658203,50.75220489501953,17486100,
2017-07-25,66.70999908447266,66.73999786376953,66.44000244140625,66.45999908447266,50.821022033691406,12297600,
2017-07-26,66.6500015258789,66.9800033569336,66.54000091552734,66.87000274658203,51.134544372558594,19186700,
2017-07-27,67.0,67.04000091552734,66.5,66.72000122070312,51.01984405517578,13754400,
2017-07-28,66.55000305175781,66.80000305175781,66.4800033569336,66.79000091552734,51.073368072509766,15080800,
2017-07-31,66.87999725341797,67.01000213623047,66.7300033569336,66.93000030517578,51.18042755126953,20998800,
2017-08-01,67.44000244140625,67.54000091552734,67.30000305175781,67.30000305175781,51.463356018066406,16206800,
2017-08-02,67.33999633789062,67.41999816894531,67.16000366210938,67.33000183105469,51.486305236816406,8948300,
2017-08-03,67.30999755859375,67.48999786376953,67.26000213623047,67.37000274658203,51.516883850097656,11245900,
2017-08-04,67.44000244140625,67.51000213623047,67.19999694824219,67.45999908447266,51.5857048034668,14178000,
2017-08-07,67.31999969482422,67.5,67.31999969482422,67.48999786376953,51.608642578125,11865600,
2017-08-08,67.37000274658203,67.45999908447266,67.08999633789062,67.12999725341797,51.33335494995117,13510100,
2017-08-09,66.7300033569336,67.05000305175781,66.69000244140625,67.0199966430664,51.249244689941406,15080100,
2017-08-10,66.62000274658203,66.62000274658203,66.01000213623047,66.06999969482422,50.522789001464844,28825100,
2017-08-11,66.02999877929688,66.12999725341797,65.86000061035156,65.94999694824219,50.4310302734375,27456400,
2017-08-14,66.43000030517578,66.5999984741211,66.4000015258789,66.43000030517578,50.79807662963867,13311500,
2017-08-15,66.3499984741211,66.41999816894531,66.13999938964844,66.37999725341797,50.759849548339844,13212200,
2017-08-16,66.5999984741211,66.83999633789062,66.58000183105469,66.76000213623047,51.05043411254883,14030700,
2017-08-17,66.5199966430664,66.62999725341797,66.01000213623047,66.01000213623047,50.47691345214844,18647700,
2017-08-18,66.12000274658203,66.33000183105469,65.98999786376953,66.19000244140625,50.614559173583984,16347200,
2017-08-21,66.16000366210938,66.2699966430664,66.0,66.16999816894531,50.599266052246094,11760800,
2017-08-22,66.30999755859375,66.5199966430664,66.29000091552734,66.48999786376953,50.843955993652344,11528800,
2017-08-23,66.30000305175781,66.51000213623047,66.29000091552734,66.5,50.85161590576172,13007000,
2017-08-24,66.5199966430664,66.58999633789062,66.33999633789062,66.3499984741211,50.736907958984375,13150600,
2017-08-25,66.58999633789062,66.91000366210938,66.56999969482422,66.75,51.04277801513672,14942000,
2017-08-28,66.81999969482422,66.8499984741211,66.70999908447266,66.75,51.04277801513672,13422100,
2017-08-29,66.37999725341797,66.6500015258789,66.36000061035156,66.4800033569336,50.8363151550293,11536900,
2017-08-30,66.37000274658203,66.44999694824219,66.27999877929688,66.38999938964844,50.76749801635742,10510300,
2017-08-31,66.6500015258789,66.94999694824219,66.62000274658203,66.9000015258789,51.15748596191406,20277900,
2017-09-01,67.1500015258789,67.16999816894531,66.94999694824219,66.98999786376953,51.226314544677734,15541800,
2017-09-05,66.98999786376953,66.98999786376953,66.33000183105469,66.54000091552734,50.882198333740234,18682300,
2017-09-06,66.9000015258789,67.0999984741211,66.81999969482422,66.94999694824219,51.195716857910156,21335800,
2017-09-07,67.5,67.52999877929688,67.33000183105469,67.5,51.61629867553711,14599300,
2017-09-08,67.66000366210938,67.69000244140625,67.51000213623047,67.51000213623047,51.62394714355469,16168800,
2017-09-11,67.95999908447266,68.16000366210938,67.94999694824219,68.04000091552734,52.029232025146484,19127300,
2017-09-12,68.04000091552734,68.29000091552734,68.04000091552734,68.25,52.189815521240234,11803000,
2017-09-13,68.11000061035156,68.1500015258789,67.81999969482422,67.87999725341797,51.9068717956543,14672800,
2017-09-14,67.76000213623047,68.01000213623047,67.73999786376953,68.0,51.99863815307617,14862300,
2017-09-15,68.05999755859375,68.0999984741211,67.94000244140625,68.05999755859375,52.044517517089844,16315500,
2017-09-18,68.2300033569336,68.33999633789062,68.02999877929688,68.1500015258789,52.11334228515625,13594900,
2017-09-19,68.43000030517578,68.48999786376953,68.30000305175781,68.47000122070312,52.35803985595703,8877200,
2017-09-20,68.48999786376953,68.70999908447266,68.0,68.31999969482422,52.24333572387695,15309700,
2017-09-21,68.16000366210938,68.27999877929688,68.08999633789062,68.18000030517578,52.13628005981445,10250100,
2017-09-22,68.37999725341797,68.5,68.31999969482422,68.38999938964844,52.29685974121094,8442800,
2017-09-25,68.11000061035156,68.2699966430664,67.87000274658203,68.0,51.99863815307617,13473900,
2017-09-26,67.88999938964844,67.94000244140625,67.63999938964844,67.8499984741211,51.88392639160156,20026600,
2017-09-27,67.76000213623047,68.0,67.72000122070312,67.9000015258789,51.92216873168945,17751800,
2017-09-28,67.9000015258789,68.18000030517578,67.9000015258789,68.08000183105469,52.059814453125,11704000,
2017-09-29,68.08000183105469,68.55000305175781,68.08000183105469,68.4800033569336,52.36568832397461,24981400,
2017-10-02,68.2699966430664,68.48999786376953,68.23999786376953,68.41999816894531,52.31980514526367,16475600,
2017-10-03,68.45999908447266,68.66000366210938,68.43000030517578,68.6500015258789,52.495689392089844,12073300,
2017-10-04,68.47000122070312,68.58999633789062,68.45999908447266,68.5199966430664,52.396270751953125,12518600,
2017-10-05,68.38999938964844,68.51000213623047,68.3499984741211,68.4800033569336,52.36568832397461,11871200,
2017-10-06,68.16999816894531,68.44000244140625,68.13999938964844,68.43000030517578,52.32745361328125,16923300,
2017-10-09,68.5199966430664,68.54000091552734,68.38999938964844,68.44999694824219,52.34273910522461,5155600,
2017-10-10,68.8499984741211,69.11000061035156,68.79000091552734,69.0999984741211,52.83979797363281,16626700,
2017-10-11,69.06999969482422,69.29000091552734,69.05999755859375,69.2699966430664,52.96979522705078,16732400,
2017-10-12,69.1500015258789,69.33000183105469,69.08999633789062,69.20999908447266,52.92390060424805,10774000,
2017-10-13,69.5999984741211,69.66000366210938,69.51000213623047,69.56999969482422,53.199195861816406,12928900,
2017-10-16,69.56999969482422,69.62000274658203,69.47000122070312,69.5199966430664,53.16095733642578,8800600,
2017-10-17,69.3499984741211,69.38999938964844,69.20999908447266,69.33999633789062,53.023319244384766,8286800,
2017-10-18,69.44999694824219,69.56999969482422,69.36000061035156,69.54000091552734,53.1762580871582,11793200,
2017-10-19,69.2300033569336,69.43000030517578,69.19000244140625,69.43000030517578,53.09212875366211,10368300,
2017-10-20,69.37999725341797,69.37999725341797,69.2300033569336,69.33999633789062,53.023319244384766,12636300,
2017-10-23,69.37000274658203,69.4000015258789,69.13999938964844,69.19000244140625,52.90861129760742,8422200,
2017-10-24,69.27999877929688,69.44000244140625,69.19999694824219,69.30000305175781,52.992733001708984,10586500,
2017-10-25,69.2699966430664,69.30999755859375,68.7699966430664,69.02999877929688,52.786258697509766,11495500,
2017-10-26,69.20999908447266,69.26000213623047,69.01000213623047,69.0199966430664,52.77861785888672,12355500,
2017-10-27,68.9800033569336,69.19999694824219,68.88999938964844,69.18000030517578,52.900970458984375,18853800,
2017-10-30,69.22000122070312,69.36000061035156,69.19999694824219,69.33999633789062,53.023319244384766,14308400,
2017-10-31,69.4800033569336,69.66999816894531,69.4000015258789,69.62999725341797,53.245079040527344,24418400,
2017-11-01,69.93000030517578,70.0,69.66999816894531,69.69999694824219,53.29860305786133,23674500,
2017-11-02,69.6500015258789,69.91000366210938,69.62999725341797,69.91000366210938,53.45919418334961,20430900,
2017-11-03,69.80000305175781,69.80000305175781,69.55999755859375,69.80000305175781,53.37506866455078,14078700,
2017-11-06,69.61000061035156,69.91999816894531,69.5999984741211,69.9000015258789,53.451534271240234,11959000,
2017-11-07,69.7699966430664,69.86000061035156,69.45999908447266,69.63999938964844,53.25271987915039,13024200,
2017-11-08,69.75,69.9800033569336,69.70999908447266,69.87000274658203,53.428611755371094,15924200,
2017-11-09,69.29000091552734,69.5,69.04000091552734,69.47000122070312,53.12273406982422,22577000,
2017-11-10,69.23999786376953,69.36000061035156,69.12999725341797,69.27999877929688,52.9774284362793,11070800,
2017-11-13,68.58999633789062,69.0199966430664,68.58000183105469,68.98999786376953,52.755680084228516,13605200,
2017-11-14,68.86000061035156,68.98999786376953,68.69999694824219,68.94000244140625,52.71744155883789,13850100,
2017-11-15,68.37000274658203,68.68000030517578,68.27999877929688,68.61000061035156,52.465091705322266,18547300,
2017-11-16,69.05000305175781,69.23999786376953,68.97000122070312,69.16000366210938,52.885677337646484,17372500,
2017-11-17,68.97000122070312,69.02999877929688,68.83999633789062,68.91000366210938,52.69451141357422,24773400,
2017-11-20,69.12999725341797,69.2699966430664,69.05999755859375,69.05999755859375,52.8092041015625,20689600,
2017-11-21,69.52999877929688,69.66999816894531,69.48999786376953,69.58000183105469,53.206851959228516,17104800,
2017-11-22,69.87000274658203,69.91999816894531,69.55000305175781,69.7699966430664,53.352115631103516,17943200,
2017-11-24,70.3499984741211,70.38999938964844,70.25,70.33999633789062,53.78799819946289,11732300,
2017-11-27,70.19999694824219,70.26000213623047,69.91999816894531,69.91999816894531,53.466835021972656,17066500,
2017-11-28,70.13999938964844,70.33999633789062,70.01000213623047,70.31999969482422,53.77271270751953,19389400,
2017-11-29,70.37000274658203,70.43000030517578,69.94000244140625,70.04000091552734,53.558597564697266,19328300,
2017-11-30,70.33000183105469,70.41000366210938,70.05000305175781,70.11000061035156,53.61212158203125,24443400,
2017-12-01,69.76000213623047,70.01000213623047,69.4800033569336,69.83000183105469,53.398014068603516,33370400,
2017-12-04,69.6500015258789,69.98999786376953,69.56999969482422,69.58000183105469,53.206851959228516,19355500,
2017-12-05,69.47000122070312,69.73999786376953,69.41999816894531,69.43000030517578,53.09212875366211,15853700,
2017-12-06,69.33000183105469,69.43000030517578,69.18000030517578,69.29000091552734,52.98508834838867,12481600,
2017-12-07,69.54000091552734,69.63999938964844,69.2699966430664,69.47000122070312,53.12273406982422,16966100,
2017-12-08,69.79000091552734,69.87999725341797,69.62999725341797,69.83999633789062,53.4056510925293,19106800,
2017-12-11,69.9800033569336,70.04000091552734,69.87999725341797,70.0199966430664,53.543296813964844,20038600,
2017-12-12,70.11000061035156,70.16999816894531,69.91000366210938,70.11000061035156,53.61212158203125,16514700,
2017-12-13,70.22000122070312,70.51000213623047,70.16999816894531,70.37999725341797,53.81858444213867,25920500,
2017-12-14,70.33000183105469,70.36000061035156,69.94999694824219,69.98999786376953,53.520362854003906,27424600,
2017-12-15,69.91999816894531,70.06999969482422,69.76000213623047,69.97000122070312,53.50506591796875,32906900,
2017-12-18,70.72000122070312,70.95999908447266,70.69999694824219,70.80000305175781,54.1397590637207,38998500,
2017-12-19,69.94999694824219,69.9800033569336,69.69000244140625,69.80000305175781,53.9411506652832,37373700,"{""dividend_amount"": 0.743}"
2017-12-20,69.87000274658203,69.91000366210938,69.62999725341797,69.68000030517578,53.848419189453125,18729500,
2017-12-21,69.7699966430664,70.11000061035156,69.75,69.93000030517578,54.0416145324707,22930000,
2017-12-22,69.9000015258789,70.12000274658203,69.86000061035156,70.11000061035156,54.18070983886719,18767000,
2017-12-26,69.9800033569336,70.16999816894531,69.91999816894531,70.08999633789062,54.16525650024414,15995000,
2017-12-27,70.19000244140625,70.33000183105469,70.0999984741211,70.22000122070312,54.26572799682617,19835400,
2017-12-28,70.4000015258789,70.45999908447266,70.22000122070312,70.26000213623047,54.29664611816406,20811200,
2017-12-29,70.56999969482422,70.58000183105469,70.26000213623047,70.30999755859375,54.33527755737305,16214700,
2018-01-02,70.52999877929688,70.8499984741211,70.41999816894531,70.83000183105469,54.73713302612305,26530000,
2018-01-03,70.88999938964844,71.26000213623047,70.8499984741211,71.16999816894531,54.999881744384766,33384900,
2018-01-04,71.86000061035156,72.05999755859375,71.80999755859375,71.94999694824219,55.602657318115234,23974400,
2018-01-05,72.1500015258789,72.4000015258789,72.06999969482422,72.3499984741211,55.91178894042969,17483800,
2018-01-08,72.26000213623047,72.3499984741211,72.18000030517578,72.33000183105469,55.896324157714844,21733700,
2018-01-09,72.33999633789062,72.44000244140625,72.12000274658203,72.41000366210938,55.95814514160156,19138900,
2018-01-10,72.41999816894531,72.44999694824219,72.22000122070312,72.2699966430664,55.8499641418457,18118900,
2018-01-11,72.47000122070312,72.77999877929688,72.41000366210938,72.7699966430664,56.236351013183594,17314400,
2018-01-12,73.02999877929688,73.51000213623047,72.95999908447266,73.5,56.80050277709961,22694300,
2018-01-16,73.70999908447266,73.83999633789062,73.33999633789062,73.43000030517578,56.74640655517578,24617800,
2018-01-17,73.62999725341797,74.08000183105469,73.47000122070312,73.80999755859375,57.04005432128906,21424400,
2018-01-18,73.61000061035156,73.80000305175781,73.48999786376953,73.72000122070312,56.97050857543945,19094600,
2018-01-19,74.08999633789062,74.13999938964844,73.86000061035156,74.12999725341797,57.287357330322266,19622600,
2018-01-22,74.19000244140625,74.54000091552734,74.1500015258789,74.51000213623047,57.581016540527344,14992500,
2018-01-23,74.5999984741211,74.80000305175781,74.51000213623047,74.75,57.7664909362793,15575400,
2018-01-24,75.16000366210938,75.2300033569336,74.62999725341797,74.87999725341797,57.86695861816406,24383800,
2018-01-25,75.18000030517578,75.20999908447266,74.44000244140625,74.58999633789062,57.64284896850586,23272500,
2018-01-26,74.9800033569336,75.2699966430664,74.93000030517578,75.25,58.15288162231445,19192600,
2018-01-29,74.6500015258789,74.72000122070312,74.41999816894531,74.55999755859375,57.619651794433594,26906700,
2018-01-30,74.31999969482422,74.37000274658203,73.8499984741211,73.94000244140625,57.140525817871094,113986300,
2018-01-31,74.19000244140625,74.2300033569336,73.70999908447266,73.83999633789062,57.06324005126953,38465500,
2018-02-01,73.72000122070312,74.19000244140625,73.68000030517578,74.05000305175781,57.22553253173828,30876200,
2018-02-02,73.33000183105469,73.33000183105469,72.47000122070312,72.55000305175781,56.066349029541016,36590600,
2018-02-05,71.63999938964844,71.97000122070312,69.30999755859375,69.51000213623047,53.717044830322266,78968000,
2018-02-06,69.41999816894531,71.06999969482422,69.26000213623047,70.87999725341797,54.77577590942383,84302300,
2018-02-07,70.25,70.86000061035156,69.98999786376953,70.12999725341797,54.1961784362793,44411300,
2018-02-08,70.16999816894531,70.19999694824219,68.27999877929688,68.30000305175781,52.78196334838867,59223600,
2018-02-09,68.75,68.95999908447266,66.88999938964844,68.58999633789062,53.00605773925781,67466800,
2018-02-12,69.0999984741211,69.77999877929688,68.87999725341797,69.63999938964844,53.81749725341797,37528600,
2018-02-13,69.08999633789062,69.5,69.06999969482422,69.43000030517578,53.65520477294922,20574300,
2018-02-14,69.01000213623047,70.69999694824219,68.9800033569336,70.66000366210938,54.60575866699219,31475400,
2018-02-15,71.05999755859375,71.20999908447266,70.51000213623047,71.0999984741211,54.94578552246094,31600600,
2018-02-16,71.20999908447266,71.72000122070312,71.18000030517578,71.41999816894531,55.19308853149414,23606400,
2018-02-20,70.87999725341797,71.19999694824219,70.58000183105469,70.75,54.67530059814453,25286900,
2018-02-21,70.94999694824219,71.4000015258789,70.37999725341797,70.41000366210938,54.412567138671875,30247700,
2018-02-22,70.70999908447266,71.0999984741211,70.54000091552734,70.77999877929688,54.69847869873047,20537000,
2018-02-23,71.04000091552734,71.43000030517578,70.9000015258789,71.33999633789062,55.13125228881836,30298500,
2018-02-26,71.63999938964844,72.02999877929688,71.38999938964844,72.01000213623047,55.64902877807617,21007200,
2018-02-27,71.55999755859375,71.63999938964844,70.9000015258789,70.94000244140625,54.822139739990234,22449300,
2018-02-28,71.04000091552734,71.08000183105469,70.16999816894531,70.2699966430664,54.30437088012695,31642500,
2018-03-01,69.69999694824219,70.04000091552734,68.75,69.08999633789062,53.3924560546875,51282100,
2018-03-02,68.8499984741211,69.44000244140625,68.56999969482422,69.41999816894531,53.64749526977539,35512000,
2018-03-05,68.91000366210938,69.83999633789062,68.88999938964844,69.79000091552734,53.93342971801758,18968500,
2018-03-06,70.3499984741211,70.38999938964844,70.01000213623047,70.19999694824219,54.250274658203125,20996900,
2018-03-07,69.86000061035156,70.22000122070312,69.66000366210938,70.18000030517578,54.234806060791016,14492500,
2018-03-08,70.37999725341797,70.48999786376953,70.0999984741211,70.33000183105469,54.35073471069336,14883300,
2018-03-09,70.43000030517578,70.79000091552734,70.31999969482422,70.77999877929688,54.69847869873047,17319800,
2018-03-12,70.86000061035156,71.01000213623047,70.70999908447266,70.86000061035156,54.760311126708984,12801300,
2018-03-13,71.0999984741211,71.1500015258789,70.26000213623047,70.38999938964844,54.397090911865234,19138100,
2018-03-14,70.93000030517578,70.9800033569336,70.30999755859375,70.55999755859375,54.528472900390625,13670800,
2018-03-15,70.55999755859375,70.8499984741211,70.4000015258789,70.5199966430664,54.497554779052734,21712300,
2018-03-16,70.38999938964844,70.66000366210938,70.36000061035156,70.47000122070312,54.45891571044922,16119900,
2018-03-19,70.20999908447266,70.22000122070312,69.52999877929688,69.9000015258789,54.018428802490234,24159700,
2018-03-20,69.81999969482422,70.04000091552734,69.72000122070312,69.88999938964844,54.01068878173828,20578800,
2018-03-21,69.77999877929688,70.27999877929688,69.70999908447266,70.0,54.0957145690918,17479200,
2018-03-22,69.29000091552734,69.44000244140625,68.68000030517578,68.69999694824219,53.091068267822266,42084300,
2018-03-23,68.81999969482422,68.91999816894531,67.91000366210938,67.94000244140625,52.503753662109375,44983200,
2018-03-26,68.9800033569336,69.20999908447266,68.29000091552734,69.16000366210938,53.44656753540039,31279000,
2018-03-27,69.5,69.56999969482422,68.38999938964844,68.6500015258789,53.05243682861328,36493900,
2018-03-28,69.08000183105469,69.55999755859375,68.77999877929688,69.05000305175781,53.36155319213867,35737600,
2018-03-29,69.55000305175781,69.9800033569336,69.37000274658203,69.68000030517578,53.848419189453125,34745000,
2018-04-02,69.41000366210938,69.58000183105469,68.25,68.72000122070312,53.106536865234375,52362500,
2018-04-03,69.08999633789062,69.26000213623047,68.73999786376953,69.16000366210938,53.44656753540039,30413600,
2018-04-04,68.3499984741211,69.43000030517578,68.31999969482422,69.4000015258789,53.63203430175781,26041500,
2018-04-05,69.7300033569336,70.05000305175781,69.69000244140625,69.86000061035156,53.98751449584961,22625800,
2018-04-06,69.80999755859375,70.05999755859375,69.16999816894531,69.4000015258789,53.63203430175781,24999600,
2018-04-09,70.06999969482422,70.44000244140625,69.86000061035156,69.97000122070312,54.07252502441406,18498700,
2018-04-10,70.66999816894531,70.88999938964844,70.5199966430664,70.72000122070312,54.65211868286133,19233800,
2018-04-11,70.56999969482422,70.86000061035156,70.4000015258789,70.44999694824219,54.44345474243164,21099100,
2018-04-12,70.54000091552734,70.81999969482422,70.5,70.72000122070312,54.65211868286133,18012500,
2018-04-13,70.95999908447266,70.97000122070312,70.55000305175781,70.79000091552734,54.70622253417969,14515400,
2018-04-16,70.97000122070312,71.0,70.73999786376953,70.9000015258789,54.79122543334961,15678300,
2018-04-17,71.02999877929688,71.36000061035156,70.95999908447266,71.22000122070312,55.03851318359375,17545600,
2018-04-18,71.5199966430664,71.69000244140625,71.44999694824219,71.58999633789062,55.3244514465332,17035100,
2018-04-19,71.51000213623047,71.61000061035156,71.11000061035156,71.31999969482422,55.11579895019531,20004000,
2018-04-20,71.08999633789062,71.1500015258789,70.91000366210938,71.05000305175781,54.90714645385742,27586500,
2018-04-23,70.98999786376953,71.06999969482422,70.7699966430664,70.95999908447266,54.83760070800781,17696000,
2018-04-24,71.08999633789062,71.18000030517578,70.45999908447266,70.66999816894531,54.61347961425781,22013400,
2018-04-25,70.41000366210938,70.63999938964844,70.19000244140625,70.55000305175781,54.520748138427734,18280700,
2018-04-26,70.9000015258789,71.01000213623047,70.72000122070312,70.9000015258789,54.79122543334961,23697700,
2018-04-27,70.87999725341797,71.05000305175781,70.69000244140625,70.97000122070312,54.84531784057617,15395400,
2018-04-30,70.88999938964844,71.13999938964844,70.69000244140625,70.73999786376953,54.667579650878906,21883700,
2018-05-01,70.66000366210938,70.72000122070312,70.16999816894531,70.48999786376953,54.4743766784668,17308000,
2018-05-02,70.8499984741211,70.94000244140625,70.41000366210938,70.45999908447266,54.45119094848633,16409400,
2018-05-03,70.58000183105469,70.7699966430664,70.05000305175781,70.68000030517578,54.6212158203125,19854600,
2018-05-04,70.16999816894531,71.0,70.12999725341797,70.93000030517578,54.81441116333008,17022600,
2018-05-07,70.87999725341797,71.12000274658203,70.80999755859375,70.94000244140625,54.822139739990234,8172600,
2018-05-08,70.69000244140625,70.94999694824219,70.55999755859375,70.94999694824219,54.82986831665039,12400300,
2018-05-09,70.8499984741211,71.19999694824219,70.79000091552734,71.12000274658203,54.96122741699219,15414000,
2018-05-10,71.33999633789062,71.58000183105469,71.20999908447266,71.58000183105469,55.31673812866211,18107500,
2018-05-11,71.80000305175781,71.91000366210938,71.68000030517578,71.7699966430664,55.463558197021484,19083700,
2018-05-14,72.02999877929688,72.0999984741211,71.81999969482422,71.9000015258789,55.564022064208984,17790300,
2018-05-15,71.27999877929688,71.5199966430664,71.0999984741211,71.37999725341797,55.162166595458984,18330100,
2018-05-16,71.30999755859375,71.52999877929688,71.2300033569336,71.4800033569336,55.23945617675781,13758300,
2018-05-17,71.51000213623047,71.70999908447266,71.38999938964844,71.58999633789062,55.3244514465332,16191300,
2018-05-18,71.37999725341797,71.44999694824219,71.2300033569336,71.33000183105469,55.12353515625,21815600,
2018-05-21,71.69000244140625,71.77999877929688,71.5999984741211,71.77999877929688,55.47127151489258,13441700,
2018-05-22,71.87999725341797,71.94000244140625,71.61000061035156,71.69000244140625,55.401737213134766,12897900,
2018-05-23,70.77999877929688,70.91999816894531,70.55999755859375,70.9000015258789,54.79122543334961,23332600,
2018-05-24,70.77999877929688,70.80999755859375,70.20999908447266,70.68000030517578,54.6212158203125,21542400,
2018-05-25,70.16999816894531,70.31999969482422,70.02999877929688,70.22000122070312,54.26572799682617,17225600,
2018-05-29,69.13999938964844,69.37999725341797,68.52999877929688,68.79000091552734,53.16063690185547,57008900,
2018-05-30,69.37999725341797,69.88999938964844,69.19000244140625,69.83999633789062,53.97205352783203,25531900,
2018-05-31,69.62999725341797,69.69999694824219,69.11000061035156,69.4000015258789,53.63203430175781,47992800,
2018-06-01,69.91999816894531,70.0199966430664,69.63999938964844,70.0,54.0957145690918,39232600,
2018-06-04,70.45999908447266,70.54000091552734,70.18000030517578,70.20999908447266,54.25800323486328,18561900,
2018-06-05,70.22000122070312,70.25,69.91999816894531,70.0999984741211,54.1729850769043,16641000,
2018-06-06,70.3499984741211,70.7300033569336,70.18000030517578,70.7300033569336,54.659854888916016,25445400,
2018-06-07,70.79000091552734,70.81999969482422,70.19999694824219,70.33000183105469,54.35073471069336,25977000,
2018-06-08,70.2699966430664,70.5,70.08999633789062,70.41000366210938,54.412567138671875,23206300,
2018-06-11,70.66999816894531,71.02999877929688,70.61000061035156,70.86000061035156,54.760311126708984,26145100,
2018-06-12,70.72000122070312,70.76000213623047,70.3499984741211,70.41000366210938,54.412567138671875,22706300,
2018-06-13,70.63999938964844,70.70999908447266,70.22000122070312,70.51000213623047,54.48983383178711,20486700,
2018-06-14,70.51000213623047,70.72000122070312,70.31999969482422,70.36000061035156,54.37391662597656,24099000,
2018-06-15,70.02999877929688,70.04000091552734,69.7300033569336,70.0,54.0957145690918,31433500,
2018-06-18,69.2300033569336,69.5199966430664,69.13999938964844,69.5,53.70932388305664,30778500,
2018-06-19,67.16000366210938,67.56999969482422,67.05999755859375,67.5199966430664,53.21593475341797,30397600,"{""dividend_amount"": 1.354}"
2018-06-20,67.77999877929688,67.83000183105469,67.4000015258789,67.56999969482422,53.25533676147461,38687300,
2018-06-21,67.38999938964844,67.38999938964844,67.0199966430664,67.08999633789062,52.87702178955078,23793400,
2018-06-22,67.94999694824219,68.12999725341797,67.66000366210938,67.80000305175781,53.43661117553711,26146100,
2018-06-25,67.31999969482422,67.38999938964844,66.68000030517578,66.86000061035156,52.69575881958008,39388300,
2018-06-26,67.08000183105469,67.11000061035156,66.70999908447266,66.9800033569336,52.79033279418945,23117500,
2018-06-27,67.04000091552734,67.30000305175781,66.31999969482422,66.3499984741211,52.293792724609375,29616800,
2018-06-28,66.33000183105469,66.68000030517578,66.19000244140625,66.5999984741211,52.49082565307617,21384800,
2018-06-29,67.12000274658203,67.37000274658203,66.91000366210938,66.97000122070312,52.78244400024414,32031400,
2018-07-02,66.0199966430664,66.43000030517578,66.0,66.36000061035156,52.301673889160156,39167900,
2018-07-03,66.88999938964844,66.98999786376953,66.52999877929688,66.55999755859375,52.45929718017578,14919900,
2018-07-05,67.16999816894531,67.2699966430664,66.97000122070312,67.22000122070312,52.97948455810547,18593200,
2018-07-06,67.30999755859375,67.72000122070312,67.23999786376953,67.58000183105469,53.263214111328125,16641600,
2018-07-09,68.12000274658203,68.25,67.94999694824219,68.2300033569336,53.775516510009766,20682100,
2018-07-10,68.11000061035156,68.2699966430664,68.06999969482422,68.19999694824219,53.75187683105469,18981400,
2018-07-11,67.43000030517578,67.61000061035156,66.86000061035156,67.05999755859375,52.85338592529297,30172400,
2018-07-12,67.41999816894531,67.6500015258789,67.30000305175781,67.58000183105469,53.263214111328125,18810600,
2018-07-13,67.61000061035156,67.81999969482422,67.47000122070312,67.79000091552734,53.428714752197266,17206900,
2018-07-16,67.7699966430664,67.86000061035156,67.6500015258789,67.76000213623047,53.405086517333984,15422200,
2018-07-17,67.58000183105469,67.95999908447266,67.54000091552734,67.87999725341797,53.49966812133789,16965000,
2018-07-18,67.83000183105469,68.04000091552734,67.72000122070312,67.88999938964844,53.507537841796875,13712400,
2018-07-19,67.54000091552734,67.87999725341797,67.47000122070312,67.75,53.397193908691406,26316500,
2018-07-20,67.7699966430664,68.18000030517578,67.76000213623047,68.06999969482422,53.64940643310547,28610200,
2018-07-23,68.06999969482422,68.13999938964844,67.94000244140625,68.06999969482422,53.64940643310547,10192900,
2018-07-24,68.63999938964844,68.80000305175781,68.36000061035156,68.47000122070312,53.96466827392578,17645500,
2018-07-25,68.45999908447266,69.08999633789062,68.23999786376953,68.9800033569336,54.36663818359375,29698900,
2018-07-26,68.72000122070312,68.8499984741211,68.5999984741211,68.66999816894531,54.12230682373047,23009400,
2018-07-27,68.97000122070312,69.11000061035156,68.7300033569336,68.80000305175781,54.22476577758789,28911800,
2018-07-30,69.04000091552734,69.08999633789062,68.7699966430664,68.79000091552734,54.21688461303711,17630300,
2018-07-31,69.04000091552734,69.0999984741211,68.75,68.87999725341797,54.28780746459961,25087500,
2018-08-01,68.7699966430664,68.80000305175781,68.44000244140625,68.52999877929688,54.011962890625,25402700,
2018-08-02,67.79000091552734,68.08000183105469,67.72000122070312,68.08000183105469,53.65729522705078,24343200,
2018-08-03,67.81999969482422,68.1500015258789,67.77999877929688,68.12000274658203,53.68882751464844,14176200,
2018-08-06,67.69999694824219,67.93000030517578,67.58000183105469,67.83000183105469,53.46025085449219,12077900,
2018-08-07,68.51000213623047,68.54000091552734,68.30000305175781,68.36000061035156,53.87797546386719,17495500,
2018-08-08,68.27999877929688,68.43000030517578,68.12999725341797,68.30000305175781,53.8306884765625,13812800,
2018-08-09,68.31999969482422,68.38999938964844,68.05999755859375,68.0999984741211,53.67306137084961,11964700,
2018-08-10,66.86000061035156,66.98999786376953,66.61000061035156,66.73999786376953,52.60117721557617,28624600,
2018-08-13,66.6500015258789,66.77999877929688,66.3499984741211,66.5,52.412017822265625,24817700,
2018-08-14,66.58999633789062,66.6500015258789,66.37000274658203,66.48999786376953,52.40412902832031,22596700,
2018-08-15,65.61000061035156,65.69000244140625,65.1500015258789,65.52999877929688,51.64751052856445,41602700,
2018-08-16,65.95999908447266,66.23999786376953,65.93000030517578,65.98999786376953,52.01005554199219,23297100,
2018-08-17,65.97000122070312,66.55000305175781,65.91000366210938,66.37999725341797,52.317440032958984,25722900,
2018-08-20,66.63999938964844,66.81999969482422,66.62000274658203,66.73999786376953,52.60117721557617,16229300,
2018-08-21,67.16999816894531,67.36000061035156,66.98999786376953,67.1500015258789,52.92430877685547,15670100,
2018-08-22,67.44999694824219,67.52999877929688,67.33000183105469,67.41000366210938,53.12923812866211,13217500,
2018-08-23,67.06999969482422,67.22000122070312,66.87000274658203,66.93000030517578,52.750919342041016,22030700,
2018-08-24,67.2300033569336,67.45999908447266,67.13999938964844,67.31999969482422,53.05830383300781,21816600,
2018-08-27,67.91000366210938,68.2699966430664,67.87000274658203,68.22000122070312,53.76763153076172,24820300,
2018-08-28,68.38999938964844,68.44999694824219,68.12000274658203,68.16000366210938,53.72036361694336,19866800,
2018-08-29,68.16000366210938,68.54000091552734,68.08000183105469,68.52999877929688,54.011962890625,18107700,
2018-08-30,67.94999694824219,68.05000305175781,67.70999908447266,67.87999725341797,53.49966812133789,20743000,
2018-08-31,67.45999908447266,67.69000244140625,67.08000183105469,67.33999633789062,53.07406234741211,30945900,
2018-09-04,66.5,66.77999877929688,66.41999816894531,66.7699966430664,52.62480545043945,25303400,
2018-09-05,66.33999633789062,66.41999816894531,65.95999908447266,66.16000366210938,52.144039154052734,26850800,
2018-09-06,66.05999755859375,66.22000122070312,65.6500015258789,65.95999908447266,51.986412048339844,25557900,
2018-09-07,65.33000183105469,65.62999725341797,65.23999786376953,65.43000030517578,51.568695068359375,22989400,
2018-09-10,65.94999694824219,65.98999786376953,65.75,65.83000183105469,51.88395690917969,15646700,
2018-09-11,65.5,65.91000366210938,65.4000015258789,65.88999938964844,51.931251525878906,17652700,
2018-09-12,65.95999908447266,66.33000183105469,65.91000366210938,66.16999816894531,52.15193557739258,19372500,
2018-09-13,66.80999755859375,66.87000274658203,66.48999786376953,66.66000366210938,52.538124084472656,26009600,
2018-09-14,66.86000061035156,66.94000244140625,66.5999984741211,66.76000213623047,52.616939544677734,21047500,
2018-09-17,67.08999633789062,67.20999908447266,66.80999755859375,66.81999969482422,52.664222717285156,13679100,
2018-09-18,67.30999755859375,67.62000274658203,67.30000305175781,67.5199966430664,53.21593475341797,20734400,
2018-09-19,67.58999633789062,67.86000061035156,67.58999633789062,67.76000213623047,53.405086517333984,15330300,
2018-09-20,68.47000122070312,68.68000030517578,68.29000091552734,68.5999984741211,54.06713104248047,24625300,
2018-09-21,68.58000183105469,68.73999786376953,68.5199966430664,68.62999725341797,54.09077453613281,19003300,
2018-09-24,68.63999938964844,68.66000366210938,68.31999969482422,68.31999969482422,53.846458435058594,20382700,
2018-09-25,68.8499984741211,68.88999938964844,68.63999938964844,68.66000366210938,54.11442565917969,19623000,
2018-09-26,68.62999725341797,69.12999725341797,68.62000274658203,68.69000244140625,54.13806915283203,26899900,
2018-09-27,68.55999755859375,68.86000061035156,68.4800033569336,68.55000305175781,54.0277099609375,21555300,
2018-09-28,67.93000030517578,68.2699966430664,67.8499984741211,67.98999786376953,53.586360931396484,37330500,
2018-10-01,68.20999908447266,68.31999969482422,68.05000305175781,68.06999969482422,53.64940643310547,27922300,
2018-10-02,67.55000305175781,67.77999877929688,67.47000122070312,67.72000122070312,53.37356948852539,18689200,
2018-10-03,67.83999633789062,67.87999725341797,67.54000091552734,67.5999984741211,53.278987884521484,19372300,
2018-10-04,67.16999816894531,67.19999694824219,66.5,66.80999755859375,52.656333923339844,38671500,
2018-10-05,66.6500015258789,66.70999908447266,66.16000366210938,66.41000366210938,52.34108352661133,28116900,
2018-10-08,65.69000244140625,66.11000061035156,65.54000091552734,66.08999633789062,52.08887481689453,24471300,
2018-10-09,65.4000015258789,66.01000213623047,65.31999969482422,65.91999816894531,51.95488739013672,23011200,
2018-10-10,65.68000030517578,65.68000030517578,64.37999725341797,64.5199966430664,50.85147476196289,64586200,
2018-10-11,64.33000183105469,64.54000091552734,63.189998626708984,63.619998931884766,50.14215087890625,119275100,
2018-10-12,64.11000061035156,64.13999938964844,63.18000030517578,63.849998474121094,50.32341766357422,66647600,
2018-10-15,63.689998626708984,64.04000091552734,63.5099983215332,63.70000076293945,50.205204010009766,32702300,
2018-10-16,64.52999877929688,64.91999816894531,64.43000030517578,64.79000091552734,51.06428146362305,35959100,
2018-10-17,64.58999633789062,64.66999816894531,64.12000274658203,64.41999816894531,50.77265930175781,26566600,
2018-10-18,64.16999816894531,64.25,63.18000030517578,63.380001068115234,49.95298385620117,48286500,
2018-10-19,63.720001220703125,64.0999984741211,63.70000076293945,63.7400016784668,50.236724853515625,31924100,
2018-10-22,63.79999923706055,63.849998474121094,63.27000045776367,63.459999084472656,50.01604080200195,28641300,
2018-10-23,62.41999816894531,63.130001068115234,62.04999923706055,62.86000061035156,49.543148040771484,54694300,
2018-10-24,62.5,62.540000915527344,61.040000915527344,61.08000183105469,48.140235900878906,62942300,
2018-10-25,61.58000183105469,62.16999816894531,61.34000015258789,61.849998474121094,48.74711227416992,47758100,
2018-10-26,61.09000015258789,61.83000183105469,60.58000183105469,61.43000030517578,48.416099548339844,72008800,
2018-10-29,62.099998474121094,62.22999954223633,60.77000045776367,61.2599983215332,48.2821044921875,60675300,
2018-10-30,61.38999938964844,62.0099983215332,61.29999923706055,62.0,48.86532974243164,50851500,
2018-10-31,62.5099983215332,62.79999923706055,62.400001525878906,62.459999084472656,49.22788619995117,49348900,
2018-11-01,63.0,63.27000045776367,62.7599983215332,63.2599983215332,49.85840606689453,42760200,
2018-11-02,63.83000183105469,63.91999816894531,62.97999954223633,63.349998474121094,49.92933654785156,39087900,
2018-11-05,63.38999938964844,63.5099983215332,63.15999984741211,63.349998474121094,49.92933654785156,23002700,
2018-11-06,63.369998931884766,63.65999984741211,63.310001373291016,63.61000061035156,50.134254455566406,18973700,
2018-11-07,64.19000244140625,64.5,63.97999954223633,64.45999908447266,50.80419158935547,34148400,
2018-11-08,64.22000122070312,64.3499984741211,63.689998626708984,63.83000183105469,50.30766296386719,31336600,
2018-11-09,63.40999984741211,63.52000045776367,63.11000061035156,63.40999984741211,49.97663116455078,27581700,
2018-11-12,62.970001220703125,62.9900016784668,62.290000915527344,62.369998931884766,49.156959533691406,31068900,
2018-11-13,62.529998779296875,63.08000183105469,62.369998931884766,62.63999938964844,49.369747161865234,37193900,
2018-11-14,63.08000183105469,63.130001068115234,62.34000015258789,62.689998626708984,49.409156799316406,51506100,
2018-11-15,62.279998779296875,63.02000045776367,61.970001220703125,62.88999938964844,49.56679153442383,54666300,
2018-11-16,62.47999954223633,63.029998779296875,62.380001068115234,62.959999084472656,49.6219596862793,30723600,
2018-11-19,62.91999816894531,62.95000076293945,62.25,62.40999984741211,49.188480377197266,30409700,
2018-11-20,61.56999969482422,61.83000183105469,61.18000030517578,61.33000183105469,48.337284088134766,41209700,
2018-11-21,62.09000015258789,62.439998626708984,61.9900016784668,62.189998626708984,49.01509094238281,32720600,
2018-11-23,61.65999984741211,61.97999954223633,61.65999984741211,61.779998779296875,48.69194793701172,13336500,
2018-11-26,62.560001373291016,62.77000045776367,62.5,62.709999084472656,49.4249267578125,31007400,
2018-11-27,62.34000015258789,62.5099983215332,62.15999984741211,62.470001220703125,49.235774993896484,38111400,
2018-11-28,62.560001373291016,63.40999984741211,62.279998779296875,63.36000061035156,49.93722915649414,40600800,
2018-11-29,62.9900016784668,63.25,62.83000183105469,63.040000915527344,49.68501663208008,31259700,
2018-11-30,62.68000030517578,62.84000015258789,62.4900016784668,62.77000045776367,49.47221374511719,32068600,
2018-12-03,63.75,63.75,63.36000061035156,63.599998474121094,50.12638473510742,43673900,
2018-12-04,63.279998779296875,63.34000015258789,61.88999938964844,61.95000076293945,48.825927734375,50079600,
2018-12-06,60.900001525878906,61.41999816894531,60.22999954223633,61.369998931884766,48.36880874633789,78905500,
2018-12-07,61.459999084472656,61.70000076293945,60.61000061035156,60.75,47.88015365600586,54090300,
2018-12-10,60.4900016784668,60.599998474121094,59.65999984741211,60.279998779296875,47.50971603393555,61630500,
2018-12-11,60.900001525878906,60.91999816894531,60.11000061035156,60.470001220703125,47.65946578979492,71163600,
2018-12-12,61.41999816894531,61.779998779296875,61.36000061035156,61.36000061035156,48.36090850830078,45925600,
2018-12-13,61.47999954223633,61.630001068115234,61.189998626708984,61.25,48.27422332763672,44498200,
2018-12-14,60.59000015258789,60.849998474121094,60.40999984741211,60.459999084472656,47.651588439941406,50416200,
2018-12-17,60.45000076293945,60.52000045776367,59.72999954223633,59.97999954223633,47.273277282714844,58508500,
2018-12-18,59.619998931884766,59.81999969482422,59.20000076293945,59.38999938964844,47.3115119934082,48896500,"{""dividend_amount"": 0.638}"
2018-12-19,59.63999938964844,60.099998474121094,58.58000183105469,58.81999969482422,46.85744094848633,68491500,
2018-12-20,58.900001525878906,59.06999969482422,58.349998474121094,58.58000183105469,46.66624069213867,97602600,
2018-12-21,58.16999816894531,58.5099983215332,57.47999954223633,57.560001373291016,45.85368347167969,93622500,
2018-12-24,57.560001373291016,57.790000915527344,56.84000015258789,56.88999938964844,45.319942474365234,47120300,
2018-12-26,57.25,58.29999923706055,56.77000045776367,58.209999084472656,46.37148666381836,69827600,
2018-12-27,57.54999923706055,58.380001068115234,57.11000061035156,58.380001068115234,46.50692367553711,76591200,
2018-12-28,58.959999084472656,58.9900016784668,58.52000045776367,58.689998626708984,46.753875732421875,68541800,
2018-12-31,59.02000045776367,59.060001373291016,58.58000183105469,58.779998779296875,46.82556915283203,62878800,
