timestamp,open,high,low,close,adjusted_close,volume,corporate_action
2005-08-05,84.08000183105469,84.08000183105469,83.91000366210938,83.9800033569336,47.99488830566406,160100,
2005-08-08,83.94999694824219,84.0,83.75,83.76000213623047,47.8691520690918,146800,
2005-08-09,83.80999755859375,84.0,83.70999908447266,84.0,48.00624084472656,293300,
2005-08-10,84.11000061035156,84.13999938964844,83.87000274658203,83.95999908447266,47.98342514038086,91900,
2005-08-11,84.06999969482422,84.33999633789062,83.95999908447266,84.31999969482422,48.18916702270508,278200,
2005-08-12,84.37000274658203,84.7699966430664,84.33000183105469,84.66000366210938,48.38346481323242,130600,
2005-08-15,84.69000244140625,84.69000244140625,84.54000091552734,84.55000305175781,48.320613861083984,147200,
2005-08-16,84.80999755859375,84.97000122070312,84.77999877929688,84.94999694824219,48.54922103881836,214800,
2005-08-17,84.80000305175781,84.87000274658203,84.54000091552734,84.62000274658203,48.360595703125,138400,
2005-08-18,84.80000305175781,85.08000183105469,84.7699966430664,85.06999969482422,48.61778259277344,247800,
2005-08-19,84.86000061035156,85.05999755859375,84.83000183105469,85.0199966430664,48.58922576904297,76000,
2005-08-22,84.91000366210938,85.1500015258789,84.76000213623047,85.08999633789062,48.62926483154297,1267300,
2005-08-23,85.0999984741211,85.30000305175781,85.02999877929688,85.25,48.720680236816406,90400,
2005-08-24,85.36000061035156,85.37999725341797,85.1500015258789,85.29000091552734,48.743534088134766,80500,
2005-08-25,85.30000305175781,85.4000015258789,85.19999694824219,85.33999633789062,48.7721061706543,202000,
2005-08-26,85.38999938964844,85.43000030517578,85.11000061035156,85.19999694824219,48.692100524902344,100500,
2005-08-29,85.37000274658203,85.37999725341797,85.16000366210938,85.26000213623047,48.726375579833984,176500,
2005-08-30,85.43000030517578,85.79000091552734,85.3499984741211,85.66000366210938,48.95501708984375,168900,
2005-08-31,85.86000061035156,86.25,85.8499984741211,86.22000122070312,49.27503967285156,290100,
2005-09-01,85.9000015258789,86.19999694824219,85.8499984741211,86.02999877929688,49.32320022583008,242800,"{""dividend_amount"": 0.274}"
2005-09-02,85.97000122070312,86.16000366210938,85.91000366210938,86.05000305175781,49.334651947021484,71800,
2005-09-06,86.02999877929688,86.04000091552734,85.69999694824219,85.77999877929688,49.17985916137695,142800,
2005-09-07,85.66999816894531,85.69000244140625,85.38999938964844,85.5,49.01933288574219,125000,
2005-09-08,85.62999725341797,85.6500015258789,85.44999694824219,85.5,49.01933288574219,264600,
2005-09-09,85.63999938964844,85.73999786376953,85.5,85.56999969482422,49.0594367980957,79400,
2005-09-12,85.37999725341797,85.4000015258789,85.1500015258789,85.30000305175781,48.90468978881836,103600,
2005-09-13,85.48999786376953,85.6500015258789,85.4800033569336,85.55999755859375,49.05371856689453,120800,
2005-09-14,85.58999633789062,85.62000274658203,85.33000183105469,85.37999725341797,48.95048522949219,108000,
2005-09-15,85.41000366210938,85.41000366210938,85.0199966430664,85.12000274658203,48.801456451416016,97600,
2005-09-16,85.01000213623047,85.05000305175781,84.7300033569336,84.79000091552734,48.612239837646484,224800,
2005-09-19,84.80999755859375,85.01000213623047,84.73999786376953,84.95999908447266,48.70970153808594,203400,
2005-09-20,84.93000030517578,84.98999786376953,84.6500015258789,84.88999938964844,48.669612884521484,124000,
2005-09-21,85.25,85.33999633789062,85.19000244140625,85.27999877929688,48.89315414428711,101500,
2005-09-22,85.33000183105469,85.37999725341797,85.22000122070312,85.33999633789062,48.9276008605957,124700,
2005-09-23,85.19000244140625,85.19000244140625,84.87000274658203,84.87000274658203,48.65813064575195,101200,
2005-09-26,84.62000274658203,84.75,84.55999755859375,84.6500015258789,48.53201675415039,69300,
2005-09-27,84.70999908447266,84.8499984741211,84.48999786376953,84.69999694824219,48.560630798339844,93400,
2005-09-28,84.63999938964844,84.91999816894531,84.58000183105469,84.87000274658203,48.65813064575195,71000,
2005-09-29,84.72000122070312,84.73999786376953,84.61000061035156,84.68000030517578,48.5491943359375,116200,
2005-09-30,84.68000030517578,84.7300033569336,84.38999938964844,84.44000244140625,48.41159439086914,145900,
2005-10-03,84.16000366210938,84.16000366210938,83.80000305175781,83.83999633789062,48.22581100463867,138400,"{""dividend_amount"": 0.277}"
2005-10-04,84.0,84.05999755859375,83.83999633789062,83.87999725341797,48.24881362915039,151200,
2005-10-05,84.04000091552734,84.16999816894531,83.94000244140625,84.08000183105469,48.36387634277344,130300,
2005-10-06,84.05000305175781,84.11000061035156,83.91999816894531,83.97000122070312,48.30054473876953,218100,
2005-10-07,83.76000213623047,84.16000366210938,83.72000122070312,84.08000183105469,48.36387634277344,59900,
2005-10-10,84.30000305175781,84.33999633789062,84.0,84.0999984741211,48.37539291381836,42900,
2005-10-11,84.04000091552734,84.06999969482422,83.83000183105469,83.94000244140625,48.28334426879883,105800,
2005-10-12,83.91999816894531,83.93000030517578,83.55999755859375,83.62000274658203,48.099246978759766,139500,
2005-10-13,83.45999908447266,83.55000305175781,83.3499984741211,83.48999786376953,48.02451705932617,303100,
2005-10-14,83.66999816894531,83.69000244140625,83.25,83.48999786376953,48.02451705932617,134300,
2005-10-17,83.4800033569336,83.58999633789062,83.33999633789062,83.38999938964844,47.96698760986328,153000,
2005-10-18,83.4800033569336,83.52999877929688,83.4000015258789,83.51000213623047,48.03596878051758,81700,
2005-10-19,83.69999694824219,83.7699966430664,83.55999755859375,83.61000061035156,48.093509674072266,68100,
2005-10-20,83.5,83.69000244140625,83.41999816894531,83.66000366210938,48.122283935546875,111500,
2005-10-21,83.73999786376953,84.08000183105469,83.7300033569336,84.02999877929688,48.335105895996094,92500,
2005-10-24,83.94999694824219,83.97000122070312,83.58000183105469,83.66999816894531,48.12804412841797,343300,
2005-10-25,83.7300033569336,83.80999755859375,83.18000030517578,83.27999877929688,47.9036979675293,190500,
2005-10-26,83.05999755859375,83.11000061035156,82.87999725341797,82.95999908447266,47.7196044921875,148700,
2005-10-27,83.12000274658203,83.2300033569336,82.95999908447266,83.1500015258789,47.82892608642578,245800,
2005-10-28,83.19999694824219,83.25,82.87999725341797,83.05999755859375,47.77716827392578,784300,
2005-10-31,83.05999755859375,83.26000213623047,83.05000305175781,83.12000274658203,47.811641693115234,123300,
2005-11-01,82.9000015258789,82.91000366210938,82.68000030517578,82.77999877929688,47.781673431396484,144000,"{""dividend_amount"": 0.288}"
2005-11-02,82.6500015258789,82.83999633789062,82.55000305175781,82.61000061035156,47.68351364135742,85800,
2005-11-03,82.69000244140625,82.69000244140625,82.30000305175781,82.31999969482422,47.516117095947266,201600,
2005-11-04,82.38999938964844,82.5,82.1500015258789,82.27999877929688,47.49304962158203,156200,
2005-11-07,82.4800033569336,82.5,82.31999969482422,82.43000030517578,47.57962417602539,132400,
2005-11-08,82.69999694824219,82.88999938964844,82.69999694824219,82.83999633789062,47.816287994384766,71200,
2005-11-09,82.6500015258789,82.73999786376953,82.37999725341797,82.4000015258789,47.56228256225586,124300,
2005-11-10,82.5999984741211,82.88999938964844,82.55000305175781,82.87000274658203,47.83359146118164,102700,
2005-11-11,83.0,83.0199966430664,82.80000305175781,82.97000122070312,47.89129638671875,72600,
2005-11-14,82.83000183105469,82.87000274658203,82.45999908447266,82.5999984741211,47.677757263183594,199700,
2005-11-15,82.5999984741211,82.91000366210938,82.5999984741211,82.87999725341797,47.83934020996094,194100,
2005-11-16,83.0,83.33000183105469,83.0,83.30000305175781,48.08180236816406,102500,
2005-11-17,83.2300033569336,83.5999984741211,83.16999816894531,83.45999908447266,48.17416000366211,99900,
2005-11-18,83.26000213623047,83.41000366210938,83.20999908447266,83.26000213623047,48.05873107910156,100000,
2005-11-21,83.41999816894531,83.55000305175781,83.33000183105469,83.41999816894531,48.15105056762695,274600,
2005-11-22,83.4800033569336,83.75,83.41000366210938,83.70999908447266,48.3184700012207,186700,
2005-11-23,83.68000030517578,83.75,83.4000015258789,83.48999786376953,48.19148635864258,177200,
2005-11-25,83.62999725341797,83.73999786376953,83.58999633789062,83.73999786376953,48.33580017089844,31400,
2005-11-28,83.72000122070312,83.93000030517578,83.69999694824219,83.8499984741211,48.3992805480957,158300,
2005-11-29,83.83999633789062,83.83999633789062,83.37999725341797,83.38999938964844,48.13374328613281,86300,
2005-11-30,83.54000091552734,83.54000091552734,83.23999786376953,83.3499984741211,48.11064147949219,46100,
2005-12-01,83.0999984741211,83.23999786376953,82.75,82.87999725341797,48.002357482910156,321100,"{""dividend_amount"": 0.283}"
2005-12-02,82.88999938964844,82.97000122070312,82.80000305175781,82.94999694824219,48.04288864135742,343200,
2005-12-05,82.83999633789062,82.83999633789062,82.5999984741211,82.69999694824219,47.898094177246094,305700,
2005-12-06,82.80999755859375,83.16999816894531,82.80999755859375,83.08999633789062,48.12398910522461,1021700,
2005-12-07,83.0999984741211,83.13999938964844,82.91999816894531,83.04000091552734,48.095008850097656,73000,
2005-12-08,83.1500015258789,83.43000030517578,83.0999984741211,83.4000015258789,48.30353546142578,70600,
2005-12-09,83.16999816894531,83.23999786376953,82.94000244140625,83.02999877929688,48.0892448425293,66100,
2005-12-12,83.0999984741211,83.0999984741211,82.80000305175781,82.83999633789062,47.97919845581055,592500,
2005-12-13,83.05000305175781,83.0999984741211,82.9000015258789,83.04000091552734,48.095008850097656,210700,
2005-12-14,83.37000274658203,83.5999984741211,83.29000091552734,83.55999755859375,48.39619064331055,83300,
2005-12-15,83.43000030517578,83.47000122070312,83.18000030517578,83.44999694824219,48.33246994018555,116500,
2005-12-16,83.69999694824219,83.72000122070312,83.4800033569336,83.5999984741211,48.41937255859375,420400,
2005-12-19,83.5,83.69999694824219,83.44000244140625,83.6500015258789,48.44830322265625,143600,
2005-12-20,83.51000213623047,83.56999969482422,83.4000015258789,83.51000213623047,48.36722183227539,103600,
2005-12-21,83.41000366210938,83.45999908447266,83.3499984741211,83.4000015258789,48.30353546142578,143700,
2005-12-22,83.5199966430664,83.7699966430664,83.5199966430664,83.7300033569336,48.49467849731445,124500,
2005-12-23,83.69000244140625,84.12000274658203,83.61000061035156,83.93000030517578,48.61049270629883,84100,
2005-12-27,83.93000030517578,84.33000183105469,83.91000366210938,84.33000183105469,48.84217071533203,178300,
2005-12-28,83.95999908447266,84.02999877929688,83.75,83.77999877929688,48.69221496582031,558000,"{""dividend_amount"": 0.292}"
2005-12-29,83.91999816894531,83.93000030517578,83.68000030517578,83.87999725341797,48.750328063964844,159100,
2005-12-30,84.02999877929688,84.08999633789062,83.75,83.91000366210938,48.76774978637695,166900,
2006-01-03,83.69000244140625,84.02999877929688,83.62000274658203,83.9000015258789,48.76195526123047,299500,
2006-01-04,83.91000366210938,84.12000274658203,83.80999755859375,84.05000305175781,48.849124908447266,112300,
2006-01-05,84.04000091552734,84.11000061035156,83.93000030517578,84.06999969482422,48.860755920410156,159700,
2006-01-06,84.0199966430664,84.05000305175781,83.86000061035156,83.95999908447266,48.79680633544922,179100,
2006-01-09,83.91999816894531,84.0,83.80999755859375,84.0,48.820064544677734,78600,
2006-01-10,83.81999969482422,83.87999725341797,83.61000061035156,83.66000366210938,48.62249755859375,140500,
2006-01-11,83.77999877929688,83.77999877929688,83.43000030517578,83.44999694824219,48.500431060791016,384300,
2006-01-12,83.62999725341797,83.79000091552734,83.52999877929688,83.75,48.67478942871094,97800,
2006-01-13,83.9000015258789,84.16000366210938,83.81999969482422,84.12000274658203,48.88981246948242,96200,
2006-01-17,84.05999755859375,84.2699966430664,84.0199966430664,84.22000122070312,48.94793701171875,166600,
2006-01-18,84.31999969482422,84.33999633789062,84.11000061035156,84.25,48.96538543701172,125900,
2006-01-19,84.04000091552734,84.16999816894531,83.94999694824219,84.04000091552734,48.84329605102539,108600,
2006-01-20,84.1500015258789,84.18000030517578,83.97000122070312,84.18000030517578,48.92467498779297,98000,
2006-01-23,83.93000030517578,84.22000122070312,83.88999938964844,84.16000366210938,48.91307830810547,79100,
2006-01-24,84.0199966430664,84.11000061035156,83.91000366210938,84.0199966430664,48.83171081542969,66200,
2006-01-25,83.87000274658203,83.87000274658203,83.47000122070312,83.5,48.52946853637695,95500,
2006-01-26,83.37999725341797,83.41999816894531,83.19999694824219,83.31999969482422,48.42485046386719,77100,
2006-01-27,83.5199966430664,83.5199966430664,83.1500015258789,83.37999725341797,48.459747314453125,114600,
2006-01-30,83.27999877929688,83.31999969482422,83.12999725341797,83.19999694824219,48.35511016845703,125400,
2006-01-31,83.29000091552734,83.38999938964844,83.11000061035156,83.31999969482422,48.42485046386719,255700,
2006-02-01,83.0,83.05000305175781,82.76000213623047,82.80000305175781,48.275569915771484,474200,"{""dividend_amount"": 0.264}"
2006-02-02,82.86000061035156,82.9800033569336,82.77999877929688,82.80000305175781,48.275569915771484,94800,
2006-02-03,82.68000030517578,83.08999633789062,82.56999969482422,83.05000305175781,48.42134475708008,283800,
2006-02-06,83.0,83.02999877929688,82.91999816894531,82.93000030517578,48.351375579833984,53300,
2006-02-07,83.05000305175781,83.05999755859375,82.79000091552734,82.83000183105469,48.2931022644043,228800,
2006-02-08,82.94999694824219,82.95999908447266,82.69999694824219,82.77999877929688,48.26396179199219,62000,
2006-02-09,82.80000305175781,82.94999694824219,82.66999816894531,82.86000061035156,48.310585021972656,96600,
2006-02-10,83.05000305175781,83.06999969482422,82.52999877929688,82.62000274658203,48.17066192626953,102900,
2006-02-13,82.69999694824219,82.69999694824219,82.56999969482422,82.62000274658203,48.17066192626953,66000,
2006-02-14,82.52999877929688,82.62000274658203,82.41000366210938,82.5,48.100685119628906,77100,
2006-02-15,82.69999694824219,82.73999786376953,82.45999908447266,82.6500015258789,48.188175201416016,75200,
2006-02-16,82.68000030517578,82.68000030517578,82.51000213623047,82.61000061035156,48.16485595703125,248200,
2006-02-17,82.91999816894531,83.01000213623047,82.83999633789062,82.88999938964844,48.32813262939453,199200,
2006-02-21,82.9000015258789,82.94000244140625,82.7699966430664,82.79000091552734,48.26978302001953,164200,
2006-02-22,82.94999694824219,83.0999984741211,82.9000015258789,83.0999984741211,48.450531005859375,115700,
2006-02-23,82.94999694824219,82.95999908447266,82.76000213623047,82.9000015258789,48.33387756347656,73300,
2006-02-24,82.95999908447266,82.95999908447266,82.72000122070312,82.80000305175781,48.275569915771484,343300,
2006-02-27,82.86000061035156,82.86000061035156,82.61000061035156,82.63999938964844,48.18234634399414,287700,
2006-02-28,82.79000091552734,83.01000213623047,82.7699966430664,82.97000122070312,48.37472152709961,95900,
2006-03-01,82.63999938964844,82.7300033569336,82.44999694824219,82.54000091552734,48.279361724853516,227000,"{""dividend_amount"": 0.267}"
2006-03-02,82.30999755859375,82.41000366210938,82.0999984741211,82.20999908447266,48.08635330200195,113300,
2006-03-03,82.16000366210938,82.16000366210938,81.9800033569336,82.01000213623047,47.969390869140625,76500,
2006-03-06,81.7699966430664,81.91000366210938,81.6500015258789,81.75,47.817256927490234,350700,
2006-03-07,81.6500015258789,81.83000183105469,81.5999984741211,81.79000091552734,47.84070587158203,130300,
2006-03-08,81.79000091552734,81.83999633789062,81.70999908447266,81.83000183105469,47.86408996582031,84500,
2006-03-09,81.80000305175781,81.91000366210938,81.70999908447266,81.91000366210938,47.91089630126953,507200,
2006-03-10,81.73999786376953,81.79000091552734,81.54000091552734,81.75,47.817256927490234,408500,
2006-03-13,81.6500015258789,81.7300033569336,81.55000305175781,81.68000030517578,47.776336669921875,246900,
2006-03-14,81.9000015258789,82.19999694824219,81.81999969482422,82.1500015258789,48.051246643066406,122700,
2006-03-15,81.9800033569336,82.11000061035156,81.9000015258789,82.0,47.96355056762695,118400,
2006-03-16,82.12000274658203,82.55000305175781,82.11000061035156,82.5199966430664,48.26769256591797,174900,
2006-03-17,82.41000366210938,82.45999908447266,82.30000305175781,82.3499984741211,48.16825485229492,111300,
2006-03-20,82.56999969482422,82.5999984741211,82.43000030517578,82.51000213623047,48.26182174682617,240100,
2006-03-21,82.45999908447266,82.45999908447266,82.05000305175781,82.16999816894531,48.062984466552734,96800,
2006-03-22,82.30000305175781,82.36000061035156,82.16000366210938,82.2699966430664,48.121437072753906,131500,
2006-03-23,82.31999969482422,82.31999969482422,81.98999786376953,82.05999755859375,47.99861526489258,109700,
2006-03-24,82.11000061035156,82.51000213623047,82.04000091552734,82.41999816894531,48.209190368652344,68800,
2006-03-27,82.31999969482422,82.37999725341797,82.18000030517578,82.23999786376953,48.10388946533203,79700,
2006-03-28,82.1500015258789,82.18000030517578,81.75,81.83999633789062,47.86995315551758,125600,
2006-03-29,81.7699966430664,81.9000015258789,81.63999938964844,81.76000213623047,47.82314682006836,58100,
2006-03-30,81.63999938964844,81.66000366210938,81.3499984741211,81.5199966430664,47.6827392578125,100800,
2006-03-31,81.58999633789062,81.66000366210938,81.43000030517578,81.58000183105469,47.717830657958984,87400,
2006-04-03,81.08999633789062,81.26000213623047,81.05000305175781,81.2300033569336,47.665016174316406,244300,"{""dividend_amount"": 0.26}"
2006-04-04,81.29000091552734,81.36000061035156,81.13999938964844,81.23999786376953,47.67091751098633,127200,
2006-04-05,81.47000122070312,81.4800033569336,81.31999969482422,81.43000030517578,47.782371520996094,101800,
2006-04-06,81.30000305175781,81.31999969482422,81.12000274658203,81.19999694824219,47.64743423461914,289900,
2006-04-07,81.0199966430664,81.06999969482422,80.73999786376953,80.83000183105469,47.43031692504883,129700,
2006-04-10,80.9000015258789,80.94999694824219,80.80000305175781,80.93000030517578,47.48903274536133,118300,
2006-04-11,81.08000183105469,81.13999938964844,80.94999694824219,81.08000183105469,47.57703399658203,154100,
2006-04-12,81.0999984741211,81.19000244140625,80.80000305175781,80.88999938964844,47.46553039550781,201600,
2006-04-13,80.5999984741211,80.69999694824219,80.44000244140625,80.45999908447266,47.21322250366211,175800,
2006-04-17,80.68000030517578,80.83999633789062,80.54000091552734,80.7699966430664,47.39511489868164,162200,
2006-04-18,80.94999694824219,81.12000274658203,80.7699966430664,81.02999877929688,47.54771423339844,276200,
2006-04-19,80.79000091552734,80.81999969482422,80.62000274658203,80.80000305175781,47.41271209716797,128600,
2006-04-20,80.7699966430664,80.80999755859375,80.62000274658203,80.7300033569336,47.37165069580078,128400,
2006-04-21,80.83000183105469,80.91999816894531,80.6500015258789,80.9000015258789,47.47141647338867,108500,
2006-04-24,80.88999938964844,81.13999938964844,80.8499984741211,81.0,47.530094146728516,118800,
2006-04-25,80.97000122070312,80.97000122070312,80.4800033569336,80.48999786376953,47.23075866699219,241400,
2006-04-26,80.5,80.5199966430664,80.3499984741211,80.44999694824219,47.207359313964844,76300,
2006-04-27,80.4000015258789,80.79000091552734,80.33999633789062,80.66999816894531,47.336456298828125,132900,
2006-04-28,80.68000030517578,80.80999755859375,80.55000305175781,80.80999755859375,47.418617248535156,70700,
2006-05-01,80.27999877929688,80.3499984741211,80.01000213623047,80.08000183105469,47.16182327270508,169700,"{""dividend_amount"": 0.294}"
2006-05-02,80.11000061035156,80.2699966430664,80.02999877929688,80.20999908447266,47.23838424682617,87900,
2006-05-03,80.20999908447266,80.2300033569336,79.91000366210938,80.0999984741211,47.173580169677734,116600,
2006-05-04,80.16999816894531,80.16999816894531,79.9800033569336,80.05000305175781,47.1441535949707,193200,
2006-05-05,80.31999969482422,80.41000366210938,80.1500015258789,80.23999786376953,47.256046295166016,85200,
2006-05-08,80.33999633789062,80.3499984741211,80.13999938964844,80.27999877929688,47.27960205078125,82400,
2006-05-09,80.25,80.2699966430664,80.12000274658203,80.25,47.261924743652344,59600,
2006-05-10,80.37999725341797,80.5,80.16000366210938,80.29000091552734,47.2855224609375,98600,
2006-05-11,80.18000030517578,80.18000030517578,80.0,80.1500015258789,47.20303726196289,203700,
2006-05-12,79.87999725341797,80.0199966430664,79.80999755859375,79.8499984741211,47.026329040527344,134700,
2006-05-15,79.83999633789062,80.19999694824219,79.83999633789062,80.0199966430664,47.126468658447266,106100,
2006-05-16,80.22000122070312,80.41999816894531,80.13999938964844,80.31999969482422,47.30316925048828,86200,
2006-05-17,80.06999969482422,80.19000244140625,79.94000244140625,80.08999633789062,47.16769790649414,245300,
2006-05-18,80.41999816894531,80.66000366210938,80.33000183105469,80.66000366210938,47.503414154052734,168500,
2006-05-19,80.58999633789062,80.83999633789062,80.4800033569336,80.61000061035156,47.473960876464844,223600,
2006-05-22,80.91999816894531,81.01000213623047,80.69999694824219,80.72000122070312,47.53872299194336,189000,
2006-05-23,80.56999969482422,80.72000122070312,80.5,80.69000244140625,47.52107238769531,102500,
2006-05-24,80.95999908447266,81.0,80.77999877929688,80.80999755859375,47.591758728027344,171700,
2006-05-25,80.87000274658203,80.91999816894531,80.62999725341797,80.68000030517578,47.515174865722656,181600,
2006-05-26,80.73999786376953,80.94999694824219,80.72000122070312,80.75,47.55644989013672,178000,
2006-05-30,80.70999908447266,80.75,80.55000305175781,80.68000030517578,47.515174865722656,95600,
2006-05-31,80.7699966430664,80.7699966430664,80.37000274658203,80.43000030517578,47.3679313659668,110900,
2006-06-01,80.06999969482422,80.30000305175781,80.04000091552734,80.2699966430664,47.44715881347656,96100,"{""dividend_amount"": 0.294}"
2006-06-02,80.77999877929688,80.91999816894531,80.62000274658203,80.88999938964844,47.81361389160156,403900,
2006-06-05,80.86000061035156,80.87999725341797,80.66999816894531,80.7300033569336,47.71905517578125,100200,
2006-06-06,80.66999816894531,80.8499984741211,80.5999984741211,80.80000305175781,47.760433197021484,96600,
2006-06-07,80.68000030517578,80.7699966430664,80.58000183105469,80.69000244140625,47.6954231262207,141900,
2006-06-08,80.81999969482422,81.0999984741211,80.73999786376953,80.80000305175781,47.760433197021484,152600,
2006-06-09,80.8499984741211,81.06999969482422,80.83000183105469,81.0,47.87864303588867,73900,
2006-06-12,80.94000244140625,81.01000213623047,80.86000061035156,80.95999908447266,47.855003356933594,122500,
2006-06-13,81.11000061035156,81.1500015258789,80.94000244140625,81.06999969482422,47.92002487182617,111600,
2006-06-14,80.83999633789062,80.9000015258789,80.52999877929688,80.52999877929688,47.600830078125,165500,
2006-06-15,80.47000122070312,80.5,80.33000183105469,80.3499984741211,47.494441986083984,112200,
2006-06-16,80.52999877929688,80.52999877929688,80.22000122070312,80.30000305175781,47.46487045288086,126100,
2006-06-19,80.25,80.27999877929688,80.0999984741211,80.20999908447266,47.41168975830078,67200,
2006-06-20,80.22000122070312,80.22000122070312,80.08000183105469,80.1500015258789,47.37622833251953,105200,
2006-06-21,80.2300033569336,80.2300033569336,80.0999984741211,80.13999938964844,47.370338439941406,180600,
2006-06-22,80.05999755859375,80.08000183105469,79.87999725341797,79.87999725341797,47.21664810180664,112600,
2006-06-23,79.9000015258789,79.97000122070312,79.7300033569336,79.80999755859375,47.17525863647461,167600,
2006-06-26,79.83999633789062,79.8499984741211,79.68000030517578,79.76000213623047,47.145729064941406,264400,
2006-06-27,79.83000183105469,80.0,79.80000305175781,79.97000122070312,47.269813537597656,231900,
2006-06-28,79.87999725341797,79.94000244140625,79.68000030517578,79.70999908447266,47.11613082885742,229700,
2006-06-29,79.8499984741211,80.06999969482422,79.83999633789062,80.04000091552734,47.311180114746094,328400,
2006-06-30,80.12999725341797,80.41999816894531,80.0199966430664,80.31999969482422,47.476722717285156,125400,
2006-07-03,80.02999877929688,80.05000305175781,79.87000274658203,79.97000122070312,47.45415115356445,41200,"{""dividend_amount"": 0.312}"
2006-07-05,79.83000183105469,79.83000183105469,79.58000183105469,79.68000030517578,47.282073974609375,1712900,
2006-07-06,79.73999786376953,79.93000030517578,79.70999908447266,79.93000030517578,47.43041229248047,132400,
2006-07-07,80.12999725341797,80.26000213623047,80.0199966430664,80.18000030517578,47.578712463378906,274600,
2006-07-10,80.12000274658203,80.25,80.08999633789062,80.23999786376953,47.6143684387207,133200,
2006-07-11,80.3499984741211,80.4800033569336,80.30999755859375,80.33000183105469,47.66777801513672,167200,
2006-07-12,80.19999694824219,80.4000015258789,80.16999816894531,80.4000015258789,47.709327697753906,114300,
2006-07-13,80.41999816894531,80.58999633789062,80.3499984741211,80.58000183105469,47.81613540649414,343800,
2006-07-14,80.58000183105469,80.69000244140625,80.5199966430664,80.63999938964844,47.85172653198242,397600,
2006-07-17,80.55000305175781,80.62999725341797,80.44000244140625,80.56999969482422,47.8101806640625,153400,
2006-07-18,80.43000030517578,80.43000030517578,80.19000244140625,80.26000213623047,47.626251220703125,182100,
2006-07-19,80.0999984741211,80.77999877929688,80.0999984741211,80.7699966430664,47.928863525390625,235300,
2006-07-20,80.68000030517578,80.94999694824219,80.6500015258789,80.94000244140625,48.02975082397461,297600,
2006-07-21,81.05000305175781,81.05999755859375,80.79000091552734,80.88999938964844,48.00010681152344,288300,
2006-07-24,80.91999816894531,80.94999694824219,80.81999969482422,80.88999938964844,48.00010681152344,361000,
2006-07-25,80.7699966430664,80.94000244140625,80.70999908447266,80.80999755859375,47.952613830566406,176500,
2006-07-26,80.79000091552734,81.05999755859375,80.76000213623047,81.01000213623047,48.071311950683594,157700,
2006-07-27,81.11000061035156,81.11000061035156,80.9000015258789,81.0,48.06536102294922,74200,
2006-07-28,81.23999786376953,81.31999969482422,81.18000030517578,81.22000122070312,48.19590377807617,89400,
2006-07-31,81.26000213623047,81.3499984741211,81.18000030517578,81.3499984741211,48.27306365966797,89700,
2006-08-01,80.94999694824219,81.05000305175781,80.86000061035156,81.05000305175781,48.28435134887695,97600,"{""dividend_amount"": 0.319}"
2006-08-02,81.05000305175781,81.19999694824219,80.94999694824219,81.12000274658203,48.326072692871094,91200,
2006-08-03,81.12000274658203,81.2699966430664,81.0199966430664,81.13999938964844,48.337974548339844,111500,
2006-08-04,81.55000305175781,81.56999969482422,81.41999816894531,81.54000091552734,48.57625961303711,157100,
2006-08-07,81.4800033569336,81.48999786376953,81.37000274658203,81.43000030517578,48.51070785522461,172600,
2006-08-08,81.41999816894531,81.55000305175781,81.33000183105469,81.44000244140625,48.516693115234375,118200,
2006-08-09,81.20999908447266,81.41000366210938,81.20999908447266,81.4000015258789,48.49284744262695,110700,
2006-08-10,81.41999816894531,81.41999816894531,81.19000244140625,81.41999816894531,48.50477600097656,166700,
2006-08-11,81.20999908447266,81.25,81.12999725341797,81.16000366210938,48.34988784790039,192000,
2006-08-14,81.08000183105469,81.11000061035156,81.0,81.0199966430664,48.266517639160156,191700,
2006-08-15,81.33999633789062,81.4800033569336,81.30000305175781,81.41000366210938,48.49882888793945,147200,
2006-08-16,81.7300033569336,81.80999755859375,81.66000366210938,81.75,48.701377868652344,182600,
2006-08-17,81.9000015258789,81.9000015258789,81.68000030517578,81.7300033569336,48.689476013183594,300000,
2006-08-18,81.83000183105469,81.97000122070312,81.7699966430664,81.94999694824219,48.820526123046875,344300,
2006-08-21,81.98999786376953,82.05000305175781,81.95999908447266,82.05000305175781,48.880096435546875,83800,
2006-08-22,82.0199966430664,82.16000366210938,82.0,82.08000183105469,48.897987365722656,187200,
2006-08-23,82.01000213623047,82.05999755859375,81.87999725341797,82.0,48.850303649902344,239800,
2006-08-24,82.13999938964844,82.16999816894531,82.05999755859375,82.08000183105469,48.897987365722656,111400,
2006-08-25,82.08000183105469,82.23999786376953,82.02999877929688,82.19000244140625,48.96350860595703,96900,
2006-08-28,82.1500015258789,82.19000244140625,82.08000183105469,82.18000030517578,48.95756530761719,106000,
2006-08-29,81.97000122070312,82.25,81.87999725341797,82.25,48.999267578125,248600,
2006-08-30,82.2699966430664,82.4000015258789,82.26000213623047,82.3499984741211,49.0588493347168,131800,
2006-08-31,82.41999816894531,82.55000305175781,82.38999938964844,82.45999908447266,49.12434005737305,171200,
2006-09-01,82.1500015258789,82.30999755859375,82.05000305175781,82.2699966430664,49.19731903076172,252800,"{""dividend_amount"": 0.312}"
2006-09-05,82.16000366210938,82.16000366210938,81.95999908447266,82.0,49.03584671020508,284800,
2006-09-06,81.77999877929688,81.94999694824219,81.72000122070312,81.94000244140625,48.99995422363281,334400,
2006-09-07,81.83000183105469,82.05000305175781,81.75,82.0,49.03584671020508,135200,
2006-09-08,82.08000183105469,82.19999694824219,82.05000305175781,82.08000183105469,49.08369064331055,66000,
2006-09-11,82.04000091552734,82.0999984741211,81.83999633789062,81.93000030517578,48.99396514892578,196600,
2006-09-12,81.87000274658203,82.16000366210938,81.81999969482422,82.16000366210938,49.13153076171875,111000,
2006-09-13,82.23999786376953,82.31999969482422,82.16000366210938,82.23999786376953,49.17936325073242,114000,
2006-09-14,82.0999984741211,82.26000213623047,82.01000213623047,82.08000183105469,49.08369064331055,69600,
2006-09-15,82.20999908447266,82.29000091552734,81.98999786376953,82.02999877929688,49.05381774902344,110900,
2006-09-18,81.7300033569336,81.94999694824219,81.7300033569336,81.91000366210938,48.9820442199707,188000,
2006-09-19,82.23999786376953,82.44000244140625,82.22000122070312,82.4000015258789,49.275020599365234,128400,
2006-09-20,82.58999633789062,82.58999633789062,82.36000061035156,82.41999816894531,49.28700637817383,112200,
2006-09-21,82.41000366210938,83.0199966430664,82.41000366210938,83.01000213623047,49.63982391357422,114600,
2006-09-22,83.12000274658203,83.2699966430664,83.0999984741211,83.26000213623047,49.78935623168945,327000,
2006-09-25,83.4000015258789,83.56999969482422,83.30000305175781,83.54000091552734,49.95677185058594,286200,
2006-09-26,83.45999908447266,83.45999908447266,83.23999786376953,83.33000183105469,49.83118438720703,276800,
2006-09-27,83.55000305175781,83.55000305175781,83.20999908447266,83.30999755859375,49.8192138671875,233800,
2006-09-28,83.23999786376953,83.26000213623047,83.08999633789062,83.2300033569336,49.77140808105469,160800,
2006-09-29,83.31999969482422,83.3499984741211,82.94999694824219,83.13999938964844,49.71754455566406,259000,
2006-10-02,82.80000305175781,83.04000091552734,82.75,82.97000122070312,49.80522537231445,337500,"{""dividend_amount"": 0.316}"
2006-10-03,83.04000091552734,83.05000305175781,82.87999725341797,82.95999908447266,49.79924011230469,135400,
2006-10-04,83.0999984741211,83.33999633789062,83.06999969482422,83.33999633789062,50.02727508544922,136000,
2006-10-05,83.25,83.25,82.94999694824219,83.05000305175781,49.85323715209961,139800,
2006-10-06,82.9000015258789,82.9000015258789,82.5,82.5999984741211,49.58307647705078,624700,
2006-10-09,82.69999694824219,82.83999633789062,82.56999969482422,82.69999694824219,49.64312744140625,898300,
2006-10-10,82.41000366210938,82.44000244140625,82.16000366210938,82.19999694824219,49.34300231933594,1711900,
2006-10-11,82.4000015258789,82.41000366210938,81.98999786376953,82.0999984741211,49.28299331665039,502600,
2006-10-12,82.1500015258789,82.26000213623047,82.06999969482422,82.1500015258789,49.312950134277344,230000,
2006-10-13,82.04000091552734,82.04000091552734,81.9000015258789,82.01000213623047,49.228946685791016,1280200,
2006-10-16,82.13999938964844,82.1500015258789,82.0199966430664,82.1500015258789,49.312950134277344,240400,
2006-10-17,82.33999633789062,82.44999694824219,82.12000274658203,82.23999786376953,49.36698532104492,300300,
2006-10-18,82.20999908447266,82.29000091552734,82.12000274658203,82.22000122070312,49.35499572753906,294600,
2006-10-19,82.11000061035156,82.25,82.02999877929688,82.1500015258789,49.312950134277344,175500,
2006-10-20,82.19999694824219,82.19999694824219,82.0999984741211,82.12999725341797,49.300941467285156,69200,
2006-10-23,81.9800033569336,81.98999786376953,81.80000305175781,81.9000015258789,49.16292190551758,356600,
2006-10-24,81.91999816894531,82.01000213623047,81.91000366210938,82.01000213623047,49.228946685791016,203700,
2006-10-25,82.02999877929688,82.31999969482422,81.9800033569336,82.30999755859375,49.40900421142578,127200,
2006-10-26,82.52999877929688,82.5999984741211,82.43000030517578,82.58999633789062,49.57710647583008,115900,
2006-10-27,82.83999633789062,82.87000274658203,82.69999694824219,82.86000061035156,49.739158630371094,249000,
2006-10-30,82.87000274658203,82.91000366210938,82.75,82.9000015258789,49.76316833496094,128800,
2006-10-31,82.97000122070312,83.2699966430664,82.9000015258789,83.2699966430664,49.985252380371094,266600,
2006-11-01,83.04000091552734,83.52999877929688,82.9000015258789,83.25,50.15879821777344,396400,"{""dividend_amount"": 0.308}"
2006-11-02,83.12999725341797,83.12999725341797,82.97000122070312,83.0199966430664,50.02021408081055,163200,
2006-11-03,82.58000183105469,82.6500015258789,82.3499984741211,82.38999938964844,49.64065170288086,271800,
2006-11-06,82.37999725341797,82.4800033569336,82.30000305175781,82.47000122070312,49.688865661621094,227000,
2006-11-07,82.72000122070312,82.88999938964844,82.69999694824219,82.75,49.85757064819336,203300,
2006-11-08,82.80999755859375,82.94999694824219,82.70999908447266,82.93000030517578,49.96599578857422,146200,
2006-11-09,82.86000061035156,82.95999908447266,82.83999633789062,82.91999816894531,49.9599723815918,211000,
2006-11-10,83.0,83.19999694824219,83.0,83.0999984741211,50.06842803955078,111300,
2006-11-13,83.12000274658203,83.12000274658203,82.88999938964844,83.05999755859375,50.044315338134766,153600,
2006-11-14,83.2300033569336,83.33999633789062,83.19000244140625,83.2300033569336,50.14678955078125,222800,
2006-11-15,83.16000366210938,83.16000366210938,82.94000244140625,83.0,50.008216857910156,237100,
2006-11-16,83.19000244140625,83.19000244140625,82.72000122070312,82.79000091552734,49.88167190551758,497900,
2006-11-17,82.91000366210938,83.22000122070312,82.81999969482422,83.08999633789062,50.062400817871094,362400,
2006-11-20,83.19000244140625,83.19000244140625,83.04000091552734,83.13999938964844,50.0925178527832,178200,
2006-11-21,83.22000122070312,83.30000305175781,83.08000183105469,83.26000213623047,50.16484069824219,413200,
2006-11-22,83.3499984741211,83.44999694824219,83.29000091552734,83.38999938964844,50.243194580078125,133400,
2006-11-24,83.62000274658203,83.62000274658203,83.45999908447266,83.4800033569336,50.29740905761719,119200,
2006-11-27,83.33999633789062,83.56999969482422,83.23999786376953,83.55999755859375,50.3455696105957,708600,
2006-11-28,83.70999908447266,83.79000091552734,83.5199966430664,83.70999908447266,50.43598937988281,470600,
2006-11-29,83.91999816894531,83.91999816894531,83.58999633789062,83.61000061035156,50.375736236572266,335500,
2006-11-30,83.87000274658203,84.06999969482422,83.80000305175781,84.05000305175781,50.64081954956055,418500,
2006-12-01,83.72000122070312,84.08000183105469,83.66000366210938,83.94000244140625,50.75809097290039,289800,"{""dividend_amount"": 0.304}"
2006-12-04,83.83999633789062,83.95999908447266,83.77999877929688,83.93000030517578,50.75209045410156,208200,
2006-12-05,83.87000274658203,84.0,83.7300033569336,83.81999969482422,50.68553924560547,1133300,
2006-12-06,83.79000091552734,83.80000305175781,83.62999725341797,83.69000244140625,50.60694122314453,156800,
2006-12-07,83.75,83.75,83.56999969482422,83.66000366210938,50.58882141113281,138200,
2006-12-08,83.63999938964844,83.63999938964844,83.23999786376953,83.27999877929688,50.359039306640625,277000,
2006-12-11,83.51000213623047,83.55999755859375,83.43000030517578,83.54000091552734,50.51629638671875,167800,
2006-12-12,83.56999969482422,83.7300033569336,83.5,83.69000244140625,50.60694122314453,360000,
2006-12-13,83.37000274658203,83.41999816894531,83.16000366210938,83.26000213623047,50.346954345703125,188300,
2006-12-14,83.2300033569336,83.2300033569336,83.06999969482422,83.12999725341797,50.26829528808594,314000,
2006-12-15,83.5999984741211,83.6500015258789,83.0999984741211,83.1500015258789,50.28046417236328,215600,
2006-12-18,83.18000030517578,83.2300033569336,83.0999984741211,83.19000244140625,50.30459976196289,111600,
2006-12-19,83.18000030517578,83.26000213623047,83.0999984741211,83.16999816894531,50.29249572753906,174000,
2006-12-20,83.11000061035156,83.20999908447266,83.11000061035156,83.1500015258789,50.28046417236328,139300,
2006-12-21,83.26000213623047,83.52999877929688,83.16000366210938,83.44999694824219,50.461814880371094,624200,
2006-12-22,83.27999877929688,83.33999633789062,83.04000091552734,83.06999969482422,50.23203659057617,268500,
2006-12-26,83.18000030517578,83.29000091552734,83.05000305175781,83.12999725341797,50.26829528808594,144500,
2006-12-27,83.01000213623047,83.01000213623047,82.62000274658203,82.66999816894531,50.13433074951172,193400,"{""dividend_amount"": 0.239}"
2006-12-28,82.80000305175781,82.80000305175781,82.30000305175781,82.4800033569336,50.019073486328125,185100,
2006-12-29,82.43000030517578,82.48999786376953,82.30999755859375,82.44000244140625,49.994815826416016,272100,
2007-01-03,82.70999908447266,82.80000305175781,82.4800033569336,82.68000030517578,50.140350341796875,1210700,
2007-01-04,82.83000183105469,82.9800033569336,82.7300033569336,82.9800033569336,50.32229995727539,171200,
2007-01-05,82.58000183105469,82.80999755859375,82.5199966430664,82.70999908447266,50.15852355957031,201000,
2007-01-08,82.72000122070312,82.7699966430664,82.66000366210938,82.7699966430664,50.194950103759766,163800,
2007-01-09,82.81999969482422,82.83000183105469,82.69999694824219,82.75,50.182823181152344,168600,
2007-01-10,82.62000274658203,82.69000244140625,82.55999755859375,82.61000061035156,50.0979118347168,95900,
2007-01-11,82.55000305175781,82.55000305175781,82.29000091552734,82.38999938964844,49.964500427246094,361700,
2007-01-12,82.29000091552734,82.30000305175781,82.11000061035156,82.22000122070312,49.86142349243164,161000,
2007-01-16,82.30000305175781,82.37999725341797,82.26000213623047,82.37999725341797,49.95845413208008,162600,
2007-01-17,82.33000183105469,82.36000061035156,82.13999938964844,82.22000122070312,49.86142349243164,141300,
2007-01-18,82.22000122070312,82.33999633789062,82.08999633789062,82.33000183105469,49.92816162109375,225400,
2007-01-19,82.26000213623047,82.37000274658203,82.1500015258789,82.19999694824219,49.84929656982422,270800,
2007-01-22,82.30000305175781,82.37999725341797,82.2699966430664,82.3499984741211,49.94025421142578,119000,
2007-01-23,82.23999786376953,82.29000091552734,82.06999969482422,82.11000061035156,49.794700622558594,412800,
2007-01-24,82.12999725341797,82.1500015258789,82.06999969482422,82.12000274658203,49.800743103027344,138400,
2007-01-25,82.05000305175781,82.05000305175781,81.75,81.80000305175781,49.606712341308594,201700,
2007-01-26,81.7300033569336,81.88999938964844,81.6500015258789,81.79000091552734,49.60063934326172,441300,
2007-01-29,81.91999816894531,81.91999816894531,81.6500015258789,81.7300033569336,49.564247131347656,161700,
2007-01-30,81.77999877929688,81.83000183105469,81.75,81.80999755859375,49.61275100708008,200500,
2007-01-31,81.75,82.13999938964844,81.75,82.11000061035156,49.794700622558594,412200,
2007-02-01,82.01000213623047,82.05999755859375,81.69999694824219,81.73999786376953,49.7587776184082,238600,"{""dividend_amount"": 0.311}"
2007-02-02,81.79000091552734,81.9000015258789,81.73999786376953,81.80999755859375,49.80138397216797,163500,
2007-02-05,81.87999725341797,81.94000244140625,81.86000061035156,81.9000015258789,49.85618591308594,216000,
2007-02-06,81.86000061035156,82.1500015258789,81.83000183105469,82.12999725341797,49.99617385864258,238100,
2007-02-07,82.2300033569336,82.31999969482422,82.18000030517578,82.30999755859375,50.10575485229492,155000,
2007-02-08,82.26000213623047,82.4000015258789,82.19999694824219,82.33000183105469,50.11798095703125,447600,
2007-02-09,82.18000030517578,82.19000244140625,82.01000213623047,82.08000183105469,49.96575164794922,237400,
2007-02-12,82.05000305175781,82.0999984741211,81.91000366210938,81.97000122070312,49.89878845214844,146900,
2007-02-13,81.97000122070312,81.98999786376953,81.86000061035156,81.91000366210938,49.86229705810547,204800,
2007-02-14,82.05000305175781,82.43000030517578,82.05000305175781,82.37999725341797,50.14839172363281,192600,
2007-02-15,82.58999633789062,82.6500015258789,82.51000213623047,82.51000213623047,50.22755813598633,317000,
2007-02-16,82.61000061035156,82.69000244140625,82.55999755859375,82.5999984741211,50.28227996826172,308900,
2007-02-20,82.58999633789062,82.73999786376953,82.58999633789062,82.69999694824219,50.343162536621094,152900,
2007-02-21,82.55000305175781,82.69000244140625,82.55000305175781,82.69000244140625,50.33710479736328,173000,
2007-02-22,82.55000305175781,82.55999755859375,82.41000366210938,82.4800033569336,50.209251403808594,135000,
2007-02-23,82.58999633789062,82.87999725341797,82.58000183105469,82.80999755859375,50.41014099121094,111700,
2007-02-26,82.98999786376953,83.0999984741211,82.91999816894531,83.06999969482422,50.56840896606445,160900,
2007-02-27,83.29000091552734,84.06999969482422,83.19999694824219,83.7699966430664,50.99453353881836,496500,
2007-02-28,83.61000061035156,83.69999694824219,83.4000015258789,83.4800033569336,50.8179931640625,228100,
2007-03-01,83.56999969482422,83.58999633789062,83.19999694824219,83.27999877929688,50.863807678222656,500500,"{""dividend_amount"": 0.275}"
2007-03-02,83.41999816894531,83.61000061035156,83.30999755859375,83.55000305175781,51.02872848510742,249000,
2007-03-05,83.72000122070312,83.72000122070312,83.45999908447266,83.5999984741211,51.05924987792969,298800,
2007-03-06,83.36000061035156,83.61000061035156,83.36000061035156,83.48999786376953,50.99209213256836,302200,
2007-03-07,83.44000244140625,83.66999816894531,83.41999816894531,83.63999938964844,51.083675384521484,265500,
2007-03-08,83.51000213623047,83.68000030517578,83.48999786376953,83.62999725341797,51.077545166015625,170300,
2007-03-09,83.12000274658203,83.27999877929688,83.11000061035156,83.16000366210938,50.79053497314453,333800,
2007-03-12,83.30000305175781,83.44000244140625,83.2699966430664,83.38999938964844,50.93098831176758,253300,
2007-03-13,83.69000244140625,83.80000305175781,83.51000213623047,83.76000213623047,51.156982421875,196000,
2007-03-14,83.69000244140625,83.93000030517578,83.61000061035156,83.6500015258789,51.089752197265625,267900,
2007-03-15,83.55999755859375,83.62000274658203,83.48999786376953,83.55999755859375,51.03483963012695,338900,
2007-03-16,83.44000244140625,83.58999633789062,83.41000366210938,83.55000305175781,51.02872848510742,340500,
2007-03-19,83.41000366210938,83.44000244140625,83.33999633789062,83.44000244140625,50.961517333984375,238200,
2007-03-20,83.63999938964844,83.63999938964844,83.5199966430664,83.55999755859375,51.03483963012695,169400,
2007-03-21,83.45999908447266,83.77999877929688,83.30000305175781,83.68000030517578,51.10810470581055,369800,
2007-03-22,83.61000061035156,83.61000061035156,83.31999969482422,83.4000015258789,50.9371223449707,236500,
2007-03-23,83.51000213623047,83.5199966430664,83.20999908447266,83.2699966430664,50.85767364501953,163400,
2007-03-26,83.18000030517578,83.5,83.1500015258789,83.33999633789062,50.90041732788086,142100,
2007-03-27,83.27999877929688,83.37000274658203,83.2300033569336,83.31999969482422,50.88823318481445,165900,
2007-03-28,83.47000122070312,83.5999984741211,83.2300033569336,83.30999755859375,50.88212966918945,240500,
2007-03-29,83.19999694824219,83.26000213623047,83.1500015258789,83.19000244140625,50.80882263183594,121400,
2007-03-30,83.20999908447266,83.5199966430664,82.94999694824219,83.08999633789062,50.74772644042969,464400,
2007-04-02,82.94999694824219,82.95999908447266,82.80000305175781,82.86000061035156,50.80416488647461,156600,"{""dividend_amount"": 0.322}"
2007-04-03,82.79000091552734,82.83999633789062,82.75,82.79000091552734,50.76123046875,257400,
2007-04-04,82.91999816894531,83.0,82.81999969482422,82.91999816894531,50.8409423828125,182300,
2007-04-05,82.81999969482422,82.91000366210938,82.70999908447266,82.70999908447266,50.712188720703125,161200,
2007-04-09,82.38999938964844,82.4000015258789,82.30000305175781,82.33000183105469,50.47921371459961,198900,
2007-04-10,82.5,82.56999969482422,82.47000122070312,82.5,50.583457946777344,97600,
2007-04-11,82.58000183105469,82.62000274658203,82.4000015258789,82.4000015258789,50.52214431762695,150700,
2007-04-12,82.52999877929688,82.56999969482422,82.43000030517578,82.4800033569336,50.57115936279297,111200,
2007-04-13,82.52999877929688,82.52999877929688,82.27999877929688,82.33999633789062,50.485313415527344,139100,
2007-04-16,82.47000122070312,82.5,82.37000274658203,82.43000030517578,50.540523529052734,262300,
2007-04-17,82.58999633789062,82.80000305175781,82.58999633789062,82.77999877929688,50.755104064941406,1080400,
2007-04-18,82.87000274658203,83.02999877929688,82.87000274658203,82.97000122070312,50.87159729003906,252500,
2007-04-19,83.06999969482422,83.08999633789062,82.8499984741211,82.95999908447266,50.8654899597168,153600,
2007-04-20,82.9800033569336,82.9800033569336,82.81999969482422,82.87000274658203,50.810298919677734,88800,
2007-04-23,82.91999816894531,83.12000274658203,82.83999633789062,83.04000091552734,50.914527893066406,90500,
2007-04-24,83.11000061035156,83.30000305175781,83.0999984741211,83.19999694824219,51.01262283325195,660500,
2007-04-25,83.16999816894531,83.30000305175781,83.11000061035156,83.1500015258789,50.981998443603516,537400,
2007-04-26,83.0999984741211,83.11000061035156,82.88999938964844,82.91000366210938,50.83481216430664,307600,
2007-04-27,82.97000122070312,82.98999786376953,82.86000061035156,82.91000366210938,50.83481216430664,180000,
2007-04-30,83.08000183105469,83.29000091552734,83.06999969482422,83.2699966430664,51.05553436279297,171500,
2007-05-01,83.04000091552734,83.08000183105469,82.7699966430664,82.95999908447266,51.05802536010742,158900,"{""dividend_amount"": 0.314}"
2007-05-02,82.98999786376953,82.98999786376953,82.86000061035156,82.86000061035156,50.99647903442383,167000,
2007-05-03,82.80000305175781,82.87000274658203,82.66000366210938,82.7699966430664,50.941078186035156,113200,
2007-05-04,82.94000244140625,83.0,82.88999938964844,82.9800033569336,51.070335388183594,144800,
2007-05-07,83.01000213623047,83.05000305175781,82.94999694824219,83.05000305175781,51.11339569091797,104500,
2007-05-08,83.12999725341797,83.12999725341797,83.02999877929688,83.05000305175781,51.11339569091797,158900,
2007-05-09,83.0199966430664,83.05000305175781,82.7699966430664,82.77999877929688,50.947235107421875,201600,
2007-05-10,82.83000183105469,83.01000213623047,82.80999755859375,82.98999786376953,51.07647705078125,153100,
2007-05-11,83.08999633789062,83.12999725341797,82.77999877929688,82.81999969482422,50.971839904785156,178000,
2007-05-14,82.83000183105469,82.8499984741211,82.69999694824219,82.69999694824219,50.89805603027344,142400,
2007-05-15,82.83000183105469,82.8499984741211,82.56999969482422,82.69000244140625,50.89188003540039,168400,
2007-05-16,82.66999816894531,82.72000122070312,82.61000061035156,82.63999938964844,50.861083984375,191300,
2007-05-17,82.54000091552734,82.58000183105469,82.37999725341797,82.41999816894531,50.725669860839844,263500,
2007-05-18,82.33999633789062,82.41999816894531,82.12999725341797,82.18000030517578,50.577964782714844,236400,
2007-05-21,82.16000366210938,82.29000091552734,82.0999984741211,82.29000091552734,50.64567565917969,222000,
2007-05-22,82.19999694824219,82.26000213623047,82.0,82.05999755859375,50.50407409667969,217000,
2007-05-23,82.11000061035156,82.11000061035156,81.8499984741211,81.9000015258789,50.405635833740234,228100,
2007-05-24,81.9000015258789,82.01000213623047,81.70999908447266,82.01000213623047,50.473323822021484,153300,
2007-05-25,81.88999938964844,82.01000213623047,81.86000061035156,81.91999816894531,50.41794967651367,183900,
2007-05-29,81.9000015258789,81.93000030517578,81.75,81.75,50.31330871582031,152800,
2007-05-30,82.04000091552734,82.04000091552734,81.80999755859375,81.83000183105469,50.36257553100586,245600,
2007-05-31,81.91000366210938,81.91000366210938,81.63999938964844,81.80000305175781,50.34410095214844,235100,
2007-06-01,81.30999755859375,81.33000183105469,81.08000183105469,81.12000274658203,50.1271858215332,230300,"{""dividend_amount"": 0.329}"
2007-06-04,81.22000122070312,81.27999877929688,81.12000274658203,81.25,50.2075309753418,139200,
2007-06-05,81.16000366210938,81.19999694824219,80.91999816894531,80.98999786376953,50.046875,351500,
2007-06-06,80.98999786376953,81.12999725341797,80.98999786376953,81.02999877929688,50.071590423583984,266800,
2007-06-07,80.70999908447266,80.7300033569336,80.20999908447266,80.22000122070312,49.571014404296875,472300,
2007-06-08,80.16000366210938,80.37999725341797,80.08000183105469,80.37000274658203,49.66376495361328,409900,
2007-06-11,80.16999816894531,80.31999969482422,80.12000274658203,80.16000366210938,49.53397750854492,198300,
2007-06-12,79.86000061035156,79.93000030517578,79.5199966430664,79.58999633789062,49.18170166015625,698800,
2007-06-13,79.62999725341797,79.91999816894531,79.5999984741211,79.8499984741211,49.34242248535156,514600,
2007-06-14,79.8499984741211,80.05000305175781,79.77999877929688,79.87000274658203,49.35477066040039,207300,
2007-06-15,79.94999694824219,80.22000122070312,79.87000274658203,80.22000122070312,49.571014404296875,594800,
2007-06-18,80.19000244140625,80.29000091552734,80.01000213623047,80.18000030517578,49.54631805419922,413500,
2007-06-19,80.41999816894531,80.68000030517578,80.31999969482422,80.56999969482422,49.78734588623047,460100,
2007-06-20,80.47000122070312,80.48999786376953,80.2699966430664,80.30999755859375,49.626644134521484,152900,
2007-06-21,80.33000183105469,80.41999816894531,80.19000244140625,80.20999908447266,49.56489181518555,276700,
2007-06-22,80.11000061035156,80.45999908447266,80.02999877929688,80.44999694824219,49.713157653808594,246000,
2007-06-25,80.69000244140625,80.77999877929688,80.55000305175781,80.70999908447266,49.87384796142578,253200,
2007-06-26,80.7699966430664,80.80000305175781,80.58000183105469,80.7300033569336,49.88621139526367,141000,
2007-06-27,80.93000030517578,81.01000213623047,80.68000030517578,80.72000122070312,49.8800048828125,218600,
2007-06-28,80.76000213623047,80.80999755859375,80.56999969482422,80.66999816894531,49.8491325378418,436800,
2007-06-29,80.93000030517578,81.13999938964844,80.7699966430664,81.08999633789062,50.108680725097656,374700,
2007-07-02,80.76000213623047,80.97000122070312,80.6500015258789,80.9000015258789,50.184967041015625,1030600,"{""dividend_amount"": 0.313}"
2007-07-03,80.9000015258789,80.98999786376953,80.6500015258789,80.66000366210938,50.03609848022461,169200,
2007-07-05,80.44000244140625,80.5,80.11000061035156,80.20999908447266,49.756954193115234,269000,
2007-07-06,80.04000091552734,80.0999984741211,79.93000030517578,80.0199966430664,49.63905715942383,468100,
2007-07-09,80.16999816894531,80.30999755859375,80.08999633789062,80.30999755859375,49.81897735595703,118900,
2007-07-10,80.58999633789062,80.86000061035156,80.5,80.86000061035156,50.160160064697266,191300,
2007-07-11,80.80999755859375,80.88999938964844,80.5199966430664,80.58000183105469,49.9864616394043,218100,
2007-07-12,80.62000274658203,80.72000122070312,80.27999877929688,80.3499984741211,49.843780517578125,309700,
2007-07-13,80.55999755859375,80.5999984741211,80.29000091552734,80.52999877929688,49.95537185668945,157400,
2007-07-16,80.5199966430664,80.8499984741211,80.5199966430664,80.8499984741211,50.1539421081543,154100,
2007-07-17,80.69000244140625,80.80999755859375,80.52999877929688,80.68000030517578,50.048492431640625,136600,
2007-07-18,80.75,81.13999938964844,80.7300033569336,80.97000122070312,50.2283935546875,215700,
2007-07-19,80.7699966430664,80.97000122070312,80.75,80.95999908447266,50.22216796875,200600,
2007-07-20,81.16000366210938,81.51000213623047,81.11000061035156,81.36000061035156,50.47028350830078,463300,
2007-07-23,81.30000305175781,81.43000030517578,81.26000213623047,81.33000183105469,50.45170974731445,327500,
2007-07-24,81.45999908447266,81.61000061035156,81.37000274658203,81.55000305175781,50.588199615478516,251200,
2007-07-25,81.56999969482422,81.76000213623047,81.52999877929688,81.66000366210938,50.656410217285156,409500,
2007-07-26,82.08999633789062,82.5,82.01000213623047,82.30999755859375,51.05962371826172,391800,
2007-07-27,82.30999755859375,82.56999969482422,82.18000030517578,82.47000122070312,51.158897399902344,305800,
2007-07-30,82.4800033569336,82.5199966430664,82.19999694824219,82.26000213623047,51.02859878540039,279600,
2007-07-31,82.2300033569336,82.62000274658203,82.1500015258789,82.5999984741211,51.23952102661133,417200,
2007-08-01,82.16999816894531,82.4000015258789,82.04000091552734,82.05000305175781,51.097537994384766,195100,"{""dividend_amount"": 0.322}"
2007-08-02,82.0999984741211,82.2300033569336,81.95999908447266,82.11000061035156,51.13492202758789,212100,
2007-08-03,82.26000213623047,82.63999938964844,81.91000366210938,82.63999938964844,51.4649658203125,950100,
2007-08-06,82.44999694824219,82.69000244140625,82.25,82.30999755859375,51.25944900512695,267900,
2007-08-07,82.37000274658203,82.55999755859375,82.08000183105469,82.30000305175781,51.25322723388672,567300,
2007-08-08,82.04000091552734,82.04000091552734,81.61000061035156,81.7300033569336,50.89823913574219,314600,
2007-08-09,82.29000091552734,82.29000091552734,81.87999725341797,82.19000244140625,51.18473815917969,235600,
2007-08-10,82.4000015258789,82.4000015258789,81.93000030517578,82.06999969482422,51.110008239746094,685000,
2007-08-13,82.0,82.23999786376953,81.94999694824219,82.19999694824219,51.190956115722656,154400,
2007-08-14,81.97000122070312,82.51000213623047,81.97000122070312,82.5,51.37778854370117,530100,
2007-08-15,82.70999908447266,82.81999969482422,82.44000244140625,82.6500015258789,51.47118377685547,902100,
2007-08-16,82.88999938964844,83.47000122070312,82.87000274658203,82.97000122070312,51.67044448852539,900500,
2007-08-17,82.94999694824219,83.06999969482422,82.87000274658203,83.02999877929688,51.707862854003906,308400,
2007-08-20,83.13999938964844,83.44000244140625,83.05000305175781,83.20999908447266,51.81996536254883,926600,
2007-08-21,83.48999786376953,83.63999938964844,83.33000183105469,83.56999969482422,52.04413986206055,459200,
2007-08-22,83.1500015258789,83.43000030517578,83.12999725341797,83.30000305175781,51.87596893310547,197000,
2007-08-23,83.23999786376953,83.5,83.16999816894531,83.33000183105469,51.89471435546875,234900,
2007-08-24,83.45999908447266,83.47000122070312,83.20999908447266,83.36000061035156,51.913360595703125,123400,
2007-08-27,83.47000122070312,83.62999725341797,83.36000061035156,83.58999633789062,52.056602478027344,120000,
2007-08-28,83.69000244140625,84.05000305175781,83.69000244140625,84.0199966430664,52.32440948486328,274400,
2007-08-29,83.94000244140625,84.16999816894531,83.69999694824219,83.69999694824219,52.1251106262207,507600,
2007-08-30,84.04000091552734,84.19999694824219,83.94999694824219,84.12000274658203,52.386688232421875,201800,
2007-08-31,83.83999633789062,84.41999816894531,83.76000213623047,84.13999938964844,52.39912414550781,261500,
2007-09-04,83.83999633789062,84.0,83.44000244140625,83.6500015258789,52.30157470703125,281800,"{""dividend_amount"": 0.334}"
2007-09-05,83.77999877929688,84.20999908447266,83.77999877929688,84.16999816894531,52.626686096191406,313300,
2007-09-06,84.12999725341797,84.19999694824219,83.93000030517578,83.98999786376953,52.514129638671875,267100,
2007-09-07,84.52999877929688,84.88999938964844,84.48999786376953,84.88999938964844,53.07688522338867,410800,
2007-09-10,84.87000274658203,85.2300033569336,84.79000091552734,85.08000183105469,53.19562530517578,238000,
2007-09-11,84.9800033569336,85.08999633789062,84.80999755859375,84.9000015258789,53.08311080932617,123200,
2007-09-12,84.79000091552734,84.83999633789062,84.56999969482422,84.69000244140625,52.951812744140625,147900,
2007-09-13,84.47000122070312,84.47000122070312,84.0999984741211,84.19000244140625,52.63923263549805,178500,
2007-09-14,84.66999816894531,84.66999816894531,84.12999725341797,84.30000305175781,52.70797348022461,160700,
2007-09-17,84.25,84.37000274658203,84.13999938964844,84.3499984741211,52.73928451538086,237900,
2007-09-18,84.1500015258789,84.47000122070312,83.91000366210938,84.26000213623047,52.68292999267578,344700,
2007-09-19,84.08999633789062,84.12999725341797,83.7699966430664,83.95999908447266,52.495391845703125,1369300,
2007-09-20,83.68000030517578,83.73999786376953,83.01000213623047,83.01000213623047,51.90142059326172,685800,
2007-09-21,83.22000122070312,83.5,83.22000122070312,83.43000030517578,52.1640510559082,754900,
2007-09-24,83.45999908447266,83.58000183105469,83.37000274658203,83.54000091552734,52.232784271240234,236300,
2007-09-25,83.80999755859375,83.91999816894531,83.54000091552734,83.55000305175781,52.23905563354492,225500,
2007-09-26,83.44999694824219,83.66000366210938,83.3499984741211,83.58000183105469,52.2578239440918,151100,
2007-09-27,83.66999816894531,83.95999908447266,83.61000061035156,83.8499984741211,52.4266242980957,437100,
2007-09-28,84.04000091552734,84.18000030517578,83.73999786376953,83.87999725341797,52.44538116455078,185600,
2007-10-01,83.62999725341797,83.77999877929688,83.5199966430664,83.66999816894531,52.50813293457031,510600,"{""dividend_amount"": 0.31}"
2007-10-02,83.6500015258789,83.9800033569336,83.58999633789062,83.8499984741211,52.6211051940918,205900,
2007-10-03,84.06999969482422,84.0999984741211,83.66999816894531,83.79000091552734,52.58340835571289,1232800,
2007-10-04,83.70999908447266,83.97000122070312,83.70999908447266,83.94000244140625,52.67760467529297,120300,
2007-10-05,83.47000122070312,83.5,83.12000274658203,83.19999694824219,52.21315383911133,1173000,
2007-10-08,83.30000305175781,83.79000091552734,83.08000183105469,83.5,52.40141296386719,129100,
2007-10-09,83.27999877929688,83.45999908447266,83.11000061035156,83.23999786376953,52.238285064697266,184000,
2007-10-10,83.16000366210938,83.44000244140625,83.05999755859375,83.31999969482422,52.28851318359375,298700,
2007-10-11,83.01000213623047,83.3499984741211,82.8499984741211,83.33000183105469,52.29476547241211,264100,
2007-10-12,82.94000244140625,83.33999633789062,82.94000244140625,83.05000305175781,52.11906433105469,151400,
2007-10-15,82.86000061035156,83.19999694824219,82.83999633789062,83.12999725341797,52.169227600097656,196200,
2007-10-16,83.2699966430664,83.38999938964844,83.16000366210938,83.36000061035156,52.313560485839844,205200,
2007-10-17,83.4000015258789,84.27999877929688,83.37000274658203,83.87000274658203,52.63362503051758,201200,
2007-10-18,84.13999938964844,84.26000213623047,84.05999755859375,84.19000244140625,52.83449172973633,193200,
2007-10-19,84.33000183105469,84.94000244140625,84.33000183105469,84.91000366210938,53.286293029785156,270500,
2007-10-22,84.87999725341797,84.88999938964844,84.58000183105469,84.75,53.185882568359375,218900,
2007-10-23,84.58999633789062,84.83999633789062,84.5,84.7300033569336,53.17335510253906,368300,
2007-10-24,84.93000030517578,85.33999633789062,84.91999816894531,85.16000366210938,53.44320297241211,273300,
2007-10-25,85.2300033569336,85.27999877929688,85.05999755859375,85.08999633789062,53.399253845214844,169800,
2007-10-26,84.83999633789062,85.16999816894531,84.76000213623047,84.87999725341797,53.26747512817383,189500,
2007-10-29,84.88999938964844,85.05000305175781,84.81999969482422,84.94999694824219,53.31139373779297,171500,
2007-10-30,85.0,85.04000091552734,84.8499984741211,85.04000091552734,53.36786651611328,118400,
2007-10-31,84.83000183105469,84.9800033569336,84.45999908447266,84.47000122070312,53.01019287109375,313300,
2007-11-01,84.33999633789062,85.01000213623047,84.33999633789062,84.86000061035156,53.44282531738281,219100,"{""dividend_amount"": 0.297}"
2007-11-02,84.6500015258789,85.30999755859375,84.6500015258789,85.08999633789062,53.58768844604492,337600,
2007-11-05,85.22000122070312,85.27999877929688,84.91000366210938,84.98999786376953,53.52470016479492,172100,
2007-11-06,84.87000274658203,85.18000030517578,84.77999877929688,84.83999633789062,53.43024444580078,184100,
2007-11-07,85.0199966430664,85.22000122070312,84.9000015258789,85.1500015258789,53.625511169433594,299700,
2007-11-08,85.2300033569336,85.52999877929688,85.16000366210938,85.33999633789062,53.7451171875,1078400,
2007-11-09,85.5999984741211,85.86000061035156,85.56999969482422,85.8499984741211,54.06631851196289,276700,
2007-11-12,85.97000122070312,86.0,85.7699966430664,86.0,54.16078567504883,117900,
2007-11-13,85.73999786376953,85.73999786376953,85.44999694824219,85.55999755859375,53.88362503051758,125300,
2007-11-14,85.2300033569336,85.62000274658203,85.2300033569336,85.62000274658203,53.9214973449707,96400,
2007-11-15,85.73999786376953,86.20999908447266,85.69999694824219,86.0999984741211,54.22378921508789,210400,
2007-11-16,86.11000061035156,86.33999633789062,86.0199966430664,86.0999984741211,54.22378921508789,742300,
2007-11-19,86.19999694824219,86.80999755859375,86.0999984741211,86.72000122070312,54.61420440673828,503500,
2007-11-20,86.68000030517578,86.8499984741211,86.33000183105469,86.48999786376953,54.46936798095703,378500,
2007-11-21,87.05000305175781,87.22000122070312,86.91000366210938,87.16999816894531,54.89762878417969,317600,
2007-11-23,86.94999694824219,87.2300033569336,86.68000030517578,86.91000366210938,54.73389434814453,216700,
2007-11-26,87.1500015258789,88.25,87.0199966430664,88.0999984741211,55.48332595825195,637600,
2007-11-27,87.66999816894531,88.04000091552734,87.02999877929688,87.27999877929688,54.96685791015625,353300,
2007-11-28,87.23999786376953,87.36000061035156,86.86000061035156,86.97000122070312,54.77165222167969,159600,
2007-11-29,87.44000244140625,87.75,87.33000183105469,87.45999908447266,55.080257415771484,145300,
2007-11-30,86.91999816894531,87.58000183105469,86.69999694824219,87.58000183105469,55.15578079223633,395100,
2007-12-03,88.05000305175781,88.05000305175781,87.4000015258789,87.62999725341797,55.37382125854492,214700,"{""dividend_amount"": 0.295}"
2007-12-04,87.83999633789062,87.86000061035156,87.37000274658203,87.70999908447266,55.42438507080078,196800,
2007-12-05,87.41000366210938,87.66999816894531,87.27999877929688,87.37999725341797,55.21586608886719,284600,
2007-12-06,87.19999694824219,87.27999877929688,86.80999755859375,86.91999816894531,54.92513656616211,217900,
2007-12-07,86.7300033569336,86.7300033569336,86.19999694824219,86.36000061035156,54.57132339477539,193000,
2007-12-10,86.41999816894531,86.47000122070312,85.93000030517578,86.16000366210938,54.444889068603516,257800,
2007-12-11,86.27999877929688,87.33999633789062,86.27999877929688,87.33999633789062,55.19060134887695,318800,
2007-12-12,86.19000244140625,86.8499984741211,86.0,86.61000061035156,54.72926330566406,470500,
2007-12-13,86.41000366210938,86.47000122070312,85.97000122070312,85.97000122070312,54.32489776611328,221000,
2007-12-14,85.83000183105469,85.91999816894531,85.62000274658203,85.72000122070312,54.16688919067383,240100,
2007-12-17,85.9000015258789,86.27999877929688,85.80000305175781,86.2300033569336,54.48915481567383,191000,
2007-12-18,86.30999755859375,86.69000244140625,86.2300033569336,86.4000015258789,54.59654998779297,644300,
2007-12-19,86.80999755859375,87.19999694824219,86.30000305175781,87.08999633789062,55.0326042175293,411600,
2007-12-20,87.04000091552734,87.30999755859375,86.91000366210938,86.94999694824219,54.94416046142578,308600,
2007-12-21,86.88999938964844,86.91999816894531,86.2699966430664,86.31999969482422,54.5460205078125,560200,
2007-12-24,86.08000183105469,86.22000122070312,85.97000122070312,86.06999969482422,54.38808059692383,197400,
2007-12-26,85.9800033569336,86.25,85.58999633789062,85.66000366210938,54.12897491455078,135700,
2007-12-27,86.37999725341797,86.37999725341797,85.6500015258789,85.91999816894531,54.492427825927734,211000,"{""dividend_amount"": 0.313}"
2007-12-28,86.22000122070312,86.70999908447266,86.16000366210938,86.61000061035156,54.93000793457031,302900,
2007-12-31,86.72000122070312,87.12999725341797,86.6500015258789,87.01000213623047,55.1837272644043,181100,
2008-01-02,86.98999786376953,87.7300033569336,86.94000244140625,87.62999725341797,55.576904296875,564700,
2008-01-03,87.5,87.83999633789062,87.30999755859375,87.80999755859375,55.69103240966797,198600,
2008-01-04,88.0,88.23999786376953,87.94999694824219,88.04000091552734,55.8369026184082,368700,
2008-01-07,87.87000274658203,88.30000305175781,87.87000274658203,88.19999694824219,55.938419342041016,341100,
2008-01-08,88.08999633789062,88.41999816894531,87.87000274658203,88.38999938964844,56.05889129638672,293200,
2008-01-09,88.44000244140625,88.72000122070312,88.2300033569336,88.25,55.97011947631836,335600,
2008-01-10,88.43000030517578,88.47000122070312,87.91000366210938,88.01000213623047,55.81791687011719,258300,
2008-01-11,88.12000274658203,88.58999633789062,88.05000305175781,88.56999969482422,56.173057556152344,310100,
2008-01-14,88.5199966430664,88.6500015258789,88.4000015258789,88.61000061035156,56.19846725463867,347000,
2008-01-15,88.9000015258789,89.19999694824219,88.79000091552734,89.19000244140625,56.56633758544922,353700,
2008-01-16,89.23999786376953,89.7300033569336,88.80000305175781,89.0199966430664,56.45844268798828,459400,
2008-01-17,89.01000213623047,89.79000091552734,88.93000030517578,89.73999786376953,56.91508865356445,608600,
2008-01-18,89.48999786376953,89.69999694824219,89.30999755859375,89.61000061035156,56.83271026611328,628100,
2008-01-22,90.80000305175781,90.80000305175781,89.87999725341797,90.61000061035156,57.46692657470703,863800,
2008-01-23,91.76000213623047,91.77999877929688,90.12000274658203,90.19000244140625,57.20049285888672,1417600,
2008-01-24,89.91000366210938,90.12999725341797,89.36000061035156,89.37000274658203,56.68043518066406,398500,
2008-01-25,89.0,90.19999694824219,88.97000122070312,90.19999694824219,57.20684814453125,442600,
2008-01-28,89.93000030517578,90.11000061035156,89.77999877929688,89.87000274658203,56.9975700378418,254900,
2008-01-29,89.69000244140625,89.7300033569336,89.31999969482422,89.51000213623047,56.769256591796875,433100,
2008-01-30,89.33999633789062,89.6500015258789,89.01000213623047,89.47000122070312,56.743896484375,694000,
2008-01-31,90.19000244140625,90.19000244140625,89.63999938964844,89.93000030517578,57.03561782836914,384900,
2008-02-01,90.04000091552734,90.12000274658203,89.55999755859375,89.94000244140625,57.220741271972656,597500,"{""dividend_amount"": 0.281}"
2008-02-04,89.4000015258789,89.62000274658203,89.33000183105469,89.44000244140625,56.90266036987305,442300,
2008-02-05,90.05999755859375,90.19000244140625,89.79000091552734,90.06999969482422,57.30348205566406,234400,
2008-02-06,89.79000091552734,89.94000244140625,89.66000366210938,89.91000366210938,57.20166778564453,161700,
2008-02-07,89.97000122070312,89.9800033569336,88.68000030517578,88.9000015258789,56.55908203125,246500,
2008-02-08,89.38999938964844,89.69000244140625,89.2699966430664,89.6500015258789,57.03626251220703,219300,
2008-02-11,89.80000305175781,90.05000305175781,89.66000366210938,89.8499984741211,57.16350555419922,200000,
2008-02-12,89.45999908447266,89.70999908447266,89.18000030517578,89.66000366210938,57.04263687133789,425500,
2008-02-13,89.27999877929688,89.6500015258789,89.25,89.27999877929688,56.80083465576172,310900,
2008-02-14,89.0199966430664,89.16000366210938,88.55999755859375,88.79000091552734,56.489139556884766,477900,
2008-02-15,88.93000030517578,89.1500015258789,88.81999969482422,88.9800033569336,56.610023498535156,512000,
2008-02-19,88.5199966430664,88.79000091552734,88.19000244140625,88.33999633789062,56.202789306640625,564300,
2008-02-20,88.19000244140625,88.54000091552734,88.08999633789062,88.26000213623047,56.151954650878906,496700,
2008-02-21,88.5,89.22000122070312,88.5,89.16999816894531,56.73088455200195,361900,
2008-02-22,89.12000274658203,89.38999938964844,88.83999633789062,88.91999816894531,56.571868896484375,237200,
2008-02-25,88.75,88.91999816894531,88.23999786376953,88.33000183105469,56.19648361206055,175400,
2008-02-26,88.4800033569336,88.70999908447266,88.4000015258789,88.55000305175781,56.336421966552734,259700,
2008-02-27,89.05000305175781,89.08000183105469,88.43000030517578,88.76000213623047,56.46999740600586,201600,
2008-02-28,89.5,89.80000305175781,89.30000305175781,89.80000305175781,57.131656646728516,289500,
2008-02-29,90.25,90.80999755859375,90.1500015258789,90.76000213623047,57.74243927001953,420700,
2008-03-03,90.29000091552734,90.44000244140625,90.01000213623047,90.25,57.59566116333008,480300,"{""dividend_amount"": 0.28}"
2008-03-04,90.3499984741211,90.6500015258789,89.81999969482422,89.91000366210938,57.378684997558594,305600,
2008-03-05,90.11000061035156,90.12999725341797,89.43000030517578,89.5199966430664,57.129791259765625,358300,
2008-03-06,89.86000061035156,90.36000061035156,89.81999969482422,90.23999786376953,57.589298248291016,292600,
2008-03-07,90.77999877929688,90.8499984741211,90.12000274658203,90.55000305175781,57.78716278076172,414000,
2008-03-10,90.72000122070312,91.33999633789062,90.62999725341797,91.19999694824219,58.20193862915039,200300,
2008-03-11,90.4800033569336,90.5,90.0199966430664,90.20999908447266,57.57017135620117,350800,
2008-03-12,90.43000030517578,91.30000305175781,90.29000091552734,91.25,58.23387145996094,289800,
2008-03-13,91.47000122070312,91.52999877929688,90.5199966430664,90.7699966430664,57.92753219604492,626400,
2008-03-14,91.16000366210938,91.88999938964844,91.16000366210938,91.70999908447266,58.5274658203125,301700,
2008-03-17,91.66999816894531,92.58999633789062,91.66999816894531,92.16999816894531,58.82096481323242,569100,
2008-03-18,92.05999755859375,92.05999755859375,91.41999816894531,91.54000091552734,58.41887664794922,333400,
2008-03-19,91.44999694824219,92.4000015258789,91.41999816894531,92.33000183105469,58.92306137084961,1370400,
2008-03-20,92.47000122070312,92.55999755859375,92.08000183105469,92.52999877929688,59.05074691772461,626300,
2008-03-24,91.61000061035156,91.61000061035156,90.9000015258789,90.9000015258789,58.01051330566406,898300,
2008-03-25,91.19000244140625,91.37000274658203,91.04000091552734,91.22000122070312,58.21466827392578,314600,
2008-03-26,91.45999908447266,91.58999633789062,91.16999816894531,91.29000091552734,58.25936508178711,615400,
2008-03-27,91.19000244140625,91.51000213623047,90.9800033569336,91.16999816894531,58.18280029296875,345100,
2008-03-28,91.27999877929688,91.63999938964844,91.08999633789062,91.52999877929688,58.412559509277344,131800,
2008-03-31,91.91999816894531,91.97000122070312,91.62000274658203,91.69000244140625,58.51466751098633,431000,
2008-04-01,91.54000091552734,91.54000091552734,90.37000274658203,90.58000183105469,58.002994537353516,786700,"{""dividend_amount"": 0.311}"
2008-04-02,90.31999969482422,90.5999984741211,90.08000183105469,90.27999877929688,57.81084442138672,734700,
2008-04-03,90.5999984741211,90.5999984741211,90.13999938964844,90.27999877929688,57.81084442138672,560200,
2008-04-04,90.75,91.0,90.73999786376953,90.97000122070312,58.25274658203125,421800,
2008-04-07,90.47000122070312,90.63999938964844,90.05999755859375,90.37000274658203,57.868560791015625,330400,
2008-04-08,90.62999725341797,90.6500015258789,90.29000091552734,90.37999725341797,57.87494659423828,469900,
2008-04-09,90.55000305175781,91.08000183105469,90.43000030517578,90.91999816894531,58.220741271972656,761000,
2008-04-10,90.91999816894531,91.02999877929688,90.36000061035156,90.55999755859375,57.990177154541016,199700,
2008-04-11,90.94999694824219,91.08999633789062,90.83000183105469,90.94999694824219,58.23992919921875,716400,
2008-04-14,90.94000244140625,91.08999633789062,90.66000366210938,90.72000122070312,58.0926399230957,246000,
2008-04-15,90.44000244140625,90.5999984741211,90.19000244140625,90.30999755859375,57.83012390136719,273700,
2008-04-16,90.25,90.3499984741211,89.45999908447266,89.69999694824219,57.43952178955078,1116400,
2008-04-17,89.66999816894531,89.7699966430664,89.18000030517578,89.48999786376953,57.305023193359375,815000,
2008-04-18,88.93000030517578,89.47000122070312,88.6500015258789,89.4000015258789,57.24737548828125,2284800,
2008-04-21,89.2699966430664,89.5199966430664,89.1500015258789,89.41000366210938,57.25379943847656,303600,
2008-04-22,89.33999633789062,89.66999816894531,89.25,89.4800033569336,57.29861831665039,427900,
2008-04-23,89.43000030517578,89.5,89.12999725341797,89.38999938964844,57.240966796875,191300,
2008-04-24,88.79000091552734,89.0199966430664,88.54000091552734,88.69000244140625,56.7927360534668,306600,
2008-04-25,88.51000213623047,88.75,88.27999877929688,88.56999969482422,56.715919494628906,211400,
2008-04-28,88.5,88.80999755859375,88.45999908447266,88.7300033569336,56.81831741333008,167800,
2008-04-29,88.9000015258789,89.12000274658203,88.7699966430664,88.88999938964844,56.920799255371094,144300,
2008-04-30,88.86000061035156,89.26000213623047,88.58000183105469,89.16999816894531,57.100128173828125,168700,
2008-05-01,89.30000305175781,89.37000274658203,88.69999694824219,88.87999725341797,57.09370040893555,336700,"{""dividend_amount"": 0.28}"
2008-05-02,88.29000091552734,88.5,88.08000183105469,88.16000366210938,56.63114929199219,341700,
2008-05-05,88.36000061035156,88.41000366210938,88.0,88.29000091552734,56.71466827392578,158800,
2008-05-06,88.47000122070312,88.58000183105469,87.93000030517578,88.01000213623047,56.53482437133789,557400,
2008-05-07,87.91000366210938,88.4000015258789,87.80999755859375,88.36000061035156,56.75962829589844,361300,
2008-05-08,88.52999877929688,88.93000030517578,88.4800033569336,88.93000030517578,57.12582015991211,445600,
2008-05-09,89.1500015258789,89.20999908447266,88.87999725341797,89.02999877929688,57.1900520324707,236600,
2008-05-12,88.94999694824219,89.2300033569336,88.83000183105469,88.87999725341797,57.09370040893555,112200,
2008-05-13,88.36000061035156,88.55999755859375,88.08000183105469,88.13999938964844,56.61835861206055,458800,
2008-05-14,88.37999725341797,88.37999725341797,87.77999877929688,88.11000061035156,56.599029541015625,174400,
2008-05-15,88.02999877929688,88.63999938964844,88.02999877929688,88.5999984741211,56.9138298034668,269100,
2008-05-16,88.4000015258789,88.9000015258789,88.37000274658203,88.44999694824219,56.81749725341797,318100,
2008-05-19,88.55000305175781,88.68000030517578,88.2300033569336,88.6500015258789,56.94591522216797,163600,
2008-05-20,88.8499984741211,88.95999908447266,88.63999938964844,88.91999816894531,57.11940002441406,230400,
2008-05-21,88.61000061035156,88.94000244140625,88.55999755859375,88.70999908447266,56.984432220458984,183100,
2008-05-22,88.37000274658203,88.37999725341797,87.8499984741211,88.12999725341797,56.61195373535156,223800,
2008-05-23,88.30999755859375,88.6500015258789,88.30000305175781,88.5199966430664,56.86241912841797,413200,
2008-05-27,88.08999633789062,88.31999969482422,87.95999908447266,88.08999633789062,56.58625793457031,258900,
2008-05-28,87.76000213623047,87.81999969482422,87.4000015258789,87.43000030517578,56.16224670410156,197900,
2008-05-29,87.2300033569336,87.2300033569336,86.76000213623047,87.0199966430664,55.89890670776367,387600,
2008-05-30,87.3499984741211,87.4800033569336,87.23999786376953,87.30999755859375,56.085208892822266,2838400,
2008-06-02,87.5,87.66000366210938,86.19000244140625,87.5199966430664,56.41848373413086,240300,"{""dividend_amount"": 0.307}"
2008-06-03,87.36000061035156,88.16999816894531,87.18000030517578,87.9800033569336,56.714962005615234,561500,
2008-06-04,88.19000244140625,88.19999694824219,87.55999755859375,87.66000366210938,56.508670806884766,462400,
2008-06-05,87.41000366210938,87.44999694824219,87.12000274658203,87.19999694824219,56.2121696472168,1079400,
2008-06-06,87.69999694824219,88.05000305175781,87.52999877929688,87.95999908447266,56.70208740234375,250000,
2008-06-09,87.5199966430664,87.7300033569336,87.19999694824219,87.33000183105469,56.29594421386719,288000,
2008-06-10,87.12000274658203,87.20999908447266,86.68000030517578,86.80999755859375,55.96076202392578,221200,
2008-06-11,86.98999786376953,87.33999633789062,86.72000122070312,86.9000015258789,56.0187873840332,247100,
2008-06-12,86.5199966430664,86.5199966430664,86.0,86.13999938964844,55.52882766723633,546800,
2008-06-13,86.13999938964844,86.43000030517578,85.86000061035156,85.94000244140625,55.39993667602539,579300,
2008-06-16,86.12999725341797,86.16000366210938,85.80000305175781,85.94999694824219,55.406375885009766,180600,
2008-06-17,86.11000061035156,86.31999969482422,85.93000030517578,86.23999786376953,55.59333801269531,266600,
2008-06-18,86.38999938964844,86.77999877929688,86.3499984741211,86.70999908447266,55.89627456665039,296200,
2008-06-19,86.5199966430664,86.61000061035156,86.19000244140625,86.20999908447266,55.573997497558594,152900,
2008-06-20,86.69000244140625,86.83999633789062,86.47000122070312,86.61000061035156,55.831844329833984,318300,
2008-06-23,86.70999908447266,86.8499984741211,86.45999908447266,86.56999969482422,55.80600357055664,472000,
2008-06-24,86.80000305175781,87.1500015258789,86.75,87.02999877929688,56.1025390625,273400,
2008-06-25,87.01000213623047,87.08000183105469,86.55999755859375,87.0199966430664,56.09611892700195,254200,
2008-06-26,87.02999877929688,87.61000061035156,87.02999877929688,87.51000213623047,56.41199493408203,320500,
2008-06-27,87.62000274658203,88.05000305175781,87.5199966430664,87.94000244140625,56.6891975402832,173000,
2008-06-30,87.83999633789062,88.04000091552734,87.7300033569336,88.0,56.7278938293457,240500,
2008-07-01,88.01000213623047,88.11000061035156,87.47000122070312,87.47000122070312,56.57392883300781,355300,"{""dividend_amount"": 0.292}"
2008-07-02,87.55000305175781,87.80000305175781,87.48999786376953,87.68000030517578,56.70977783203125,469800,
2008-07-03,87.56999969482422,87.87999725341797,87.44999694824219,87.70999908447266,56.72914123535156,261800,
2008-07-07,87.7699966430664,88.44999694824219,87.54000091552734,88.12000274658203,56.99435043334961,507900,
2008-07-08,88.18000030517578,88.47000122070312,88.1500015258789,88.33999633789062,57.136661529541016,206400,
2008-07-09,88.3499984741211,88.83000183105469,88.25,88.76000213623047,57.408302307128906,308200,
2008-07-10,88.80000305175781,88.94000244140625,88.41000366210938,88.79000091552734,57.42770767211914,291100,
2008-07-11,88.79000091552734,88.88999938964844,87.8499984741211,87.95999908447266,56.89084243774414,378000,
2008-07-14,88.01000213623047,88.63999938964844,88.0,88.43000030517578,57.19484329223633,296400,
2008-07-15,88.62000274658203,89.0999984741211,88.54000091552734,88.75,57.40180969238281,506300,
2008-07-16,88.44999694824219,88.5,87.94000244140625,87.94000244140625,56.877891540527344,309500,
2008-07-17,87.9000015258789,88.08999633789062,87.36000061035156,87.5199966430664,56.60629653930664,266400,
2008-07-18,87.55000305175781,87.7300033569336,87.1500015258789,87.22000122070312,56.412254333496094,365500,
2008-07-21,87.16999816894531,87.41999816894531,87.05000305175781,87.41999816894531,56.541629791259766,264600,
2008-07-22,87.33999633789062,87.37999725341797,87.01000213623047,87.12000274658203,56.34756851196289,263000,
2008-07-23,86.94999694824219,87.05999755859375,86.69000244140625,86.9800033569336,56.25699996948242,550000,
2008-07-24,87.08999633789062,87.77999877929688,87.06999969482422,87.7300033569336,56.74209213256836,276300,
2008-07-25,87.51000213623047,87.63999938964844,87.0999984741211,87.22000122070312,56.412254333496094,296900,
2008-07-28,87.51000213623047,87.87999725341797,87.4800033569336,87.72000122070312,56.73563003540039,363000,
2008-07-29,87.58000183105469,87.62000274658203,87.30000305175781,87.47000122070312,56.57392883300781,190000,
2008-07-30,87.2699966430664,87.80000305175781,87.1500015258789,87.63999938964844,56.68387222290039,274900,
2008-07-31,88.11000061035156,88.33999633789062,88.04000091552734,88.33999633789062,57.136661529541016,275000,
2008-08-01,87.7300033569336,88.0999984741211,87.70999908447266,88.08000183105469,57.16523742675781,308500,"{""dividend_amount"": 0.304}"
2008-08-04,87.91999816894531,88.19999694824219,87.8499984741211,88.0199966430664,57.12626266479492,367500,
2008-08-05,87.94000244140625,88.04000091552734,87.56999969482422,87.56999969482422,56.83419418334961,355600,
2008-08-06,87.56999969482422,87.61000061035156,87.19999694824219,87.5999984741211,56.85366439819336,272400,
2008-08-07,87.97000122070312,88.5999984741211,87.86000061035156,88.41999816894531,57.385860443115234,341200,
2008-08-08,88.51000213623047,88.54000091552734,88.22000122070312,88.37999725341797,57.359893798828125,202800,
2008-08-11,88.26000213623047,88.26000213623047,87.66999816894531,87.94999694824219,57.080841064453125,412500,
2008-08-12,88.2699966430664,88.58000183105469,88.23999786376953,88.55999755859375,57.47674560546875,302200,
2008-08-13,88.69999694824219,88.72000122070312,88.19999694824219,88.37000274658203,57.35341262817383,210100,
2008-08-14,88.63999938964844,88.77999877929688,88.45999908447266,88.63999938964844,57.52867126464844,303000,
2008-08-15,88.87999725341797,89.11000061035156,88.83000183105469,88.97000122070312,57.742820739746094,292500,
2008-08-18,88.95999908447266,89.2300033569336,88.87999725341797,89.19000244140625,57.8856315612793,381000,
2008-08-19,89.29000091552734,89.31999969482422,88.95999908447266,89.05999755859375,57.80123519897461,373400,
2008-08-20,89.22000122070312,89.44999694824219,89.13999938964844,89.31999969482422,57.96999740600586,487300,
2008-08-21,89.37000274658203,89.37000274658203,88.94000244140625,89.12999725341797,57.8466682434082,279900,
2008-08-22,88.95999908447266,88.95999908447266,88.69999694824219,88.87000274658203,57.6778564453125,157200,
2008-08-25,89.37999725341797,89.55000305175781,89.3499984741211,89.45999908447266,58.06084442138672,232700,
2008-08-26,89.36000061035156,89.48999786376953,89.19000244140625,89.48999786376953,58.0803337097168,166900,
2008-08-27,89.11000061035156,89.6500015258789,89.11000061035156,89.62000274658203,58.164634704589844,255700,
2008-08-28,89.37000274658203,89.58999633789062,89.19999694824219,89.48999786376953,58.0803337097168,201600,
2008-08-29,89.29000091552734,89.41999816894531,89.0999984741211,89.37999725341797,58.00895690917969,496900,
2008-09-02,88.88999938964844,89.58999633789062,88.69999694824219,89.56999969482422,58.32473373413086,349200,"{""dividend_amount"": 0.295}"
2008-09-03,89.55999755859375,89.9000015258789,89.52999877929688,89.79000091552734,58.46803283691406,410300,
2008-09-04,89.95999908447266,90.27999877929688,89.8499984741211,90.23999786376953,58.76102828979492,460500,
2008-09-05,90.47000122070312,90.63999938964844,90.0,90.04000091552734,58.630760192871094,363400,
2008-09-08,89.43000030517578,90.08000183105469,89.23999786376953,90.05000305175781,58.637298583984375,418500,
2008-09-09,89.87999725341797,90.52999877929688,89.73999786376953,90.45999908447266,58.90424728393555,323800,
2008-09-10,89.93000030517578,90.3499984741211,89.87000274658203,90.2300033569336,58.7545166015625,248900,
2008-09-11,90.48999786376953,90.54000091552734,90.0,90.06999969482422,58.65032196044922,393500,
2008-09-12,90.16999816894531,90.19999694824219,89.47000122070312,89.62000274658203,58.357234954833984,358300,
2008-09-15,90.97000122070312,91.41000366210938,90.62000274658203,91.33999633789062,59.47731399536133,526200,
2008-09-16,92.62999725341797,92.63999938964844,91.02999877929688,91.08000183105469,59.308040618896484,810900,
2008-09-17,91.66999816894531,92.11000061035156,91.31999969482422,91.9000015258789,59.84194564819336,829800,
2008-09-18,91.4000015258789,91.93000030517578,90.79000091552734,90.81999969482422,59.13871383666992,687700,
2008-09-19,89.05999755859375,89.75,89.05999755859375,89.19999694824219,58.08378219604492,1339500,
2008-09-22,88.63999938964844,89.11000061035156,88.4800033569336,89.01000213623047,57.9600944519043,785800,
2008-09-23,89.13999938964844,89.29000091552734,88.72000122070312,89.01000213623047,57.9600944519043,455500,
2008-09-24,89.33000183105469,89.54000091552734,89.01000213623047,89.23999786376953,58.10984420776367,415400,
2008-09-25,89.19999694824219,89.19999694824219,88.44999694824219,88.97000122070312,57.93403244018555,427200,
2008-09-26,89.13999938964844,89.29000091552734,88.83000183105469,88.91000366210938,57.894962310791016,310600,
2008-09-29,89.48999786376953,91.06999969482422,89.48999786376953,90.1500015258789,58.702388763427734,528000,
2008-09-30,90.29000091552734,90.29000091552734,88.77999877929688,88.95999908447266,57.92752456665039,477900,
2008-10-01,89.13999938964844,89.80000305175781,88.7699966430664,89.27999877929688,58.3359375,349200,"{""dividend_amount"": 0.305}"
2008-10-02,89.43000030517578,89.91999816894531,89.31999969482422,89.77999877929688,58.66255187988281,298000,
2008-10-03,89.87999725341797,90.19999694824219,89.0,90.12000274658203,58.88473892211914,505400,
2008-10-06,90.44000244140625,91.31999969482422,90.43000030517578,90.8499984741211,59.361759185791016,1065200,
2008-10-07,90.44000244140625,91.05000305175781,90.2699966430664,90.77999877929688,59.31600570678711,825400,
2008-10-08,91.06999969482422,91.2300033569336,88.51000213623047,89.62000274658203,58.55800247192383,869200,
2008-10-09,88.66999816894531,88.79000091552734,88.23999786376953,88.72000122070312,57.9699821472168,577200,
2008-10-10,88.44999694824219,88.44999694824219,87.41000366210938,87.68000030517578,57.29045867919922,1154600,
2008-10-13,87.26000213623047,87.76000213623047,86.87000274658203,87.08000183105469,56.89837646484375,478400,
2008-10-14,87.05000305175781,87.4000015258789,86.62000274658203,86.66999816894531,56.630558013916016,736700,
2008-10-15,86.66000366210938,87.37999725341797,86.58999633789062,87.37999725341797,57.09441375732422,247200,
2008-10-16,87.11000061035156,87.58999633789062,87.05000305175781,87.4000015258789,57.107521057128906,330400,
2008-10-17,87.9000015258789,87.94999694824219,86.94000244140625,87.94999694824219,57.46686935424805,445800,
2008-10-20,87.48999786376953,88.0999984741211,87.29000091552734,88.04000091552734,57.525630950927734,315900,
2008-10-21,88.58999633789062,89.12999725341797,88.18000030517578,88.97000122070312,58.13334274291992,225500,
2008-10-22,89.11000061035156,89.6500015258789,89.05999755859375,89.6500015258789,58.57767868041992,347700,
2008-10-23,89.91000366210938,90.1500015258789,89.29000091552734,89.7699966430664,58.65609359741211,330000,
2008-10-24,90.4000015258789,90.4000015258789,89.16999816894531,89.38999938964844,58.40774917602539,1924600,
2008-10-27,89.45999908447266,89.68000030517578,88.91000366210938,89.33999633789062,58.375083923339844,213700,
2008-10-28,88.9000015258789,89.33000183105469,88.30999755859375,88.62000274658203,57.90467071533203,278100,
2008-10-29,88.69000244140625,89.04000091552734,88.31999969482422,88.75,57.989585876464844,255400,
2008-10-30,88.05999755859375,88.30999755859375,87.83000183105469,88.06999969482422,57.54528045654297,406300,
2008-10-31,88.43000030517578,88.7300033569336,87.58999633789062,87.88999938964844,57.42767333984375,264100,
2008-11-03,87.69999694824219,87.8499984741211,87.38999938964844,87.70999908447266,57.51948547363281,1942300,"{""dividend_amount"": 0.32}"
2008-11-04,87.73999786376953,88.87999725341797,87.73999786376953,88.76000213623047,58.20806884765625,269700,
2008-11-05,88.77999877929688,89.2300033569336,88.66999816894531,89.2300033569336,58.51628112792969,286500,
2008-11-06,88.80000305175781,89.16999816894531,88.5,88.95999908447266,58.339210510253906,173000,
2008-11-07,88.7300033569336,88.8499984741211,88.44000244140625,88.63999938964844,58.12936782836914,212300,
2008-11-10,88.54000091552734,88.97000122070312,88.29000091552734,88.7300033569336,58.18840408325195,205400,
2008-11-11,88.72000122070312,89.37000274658203,88.72000122070312,89.05999755859375,58.40483474731445,130100,
2008-11-12,89.27999877929688,89.75,89.25,89.61000061035156,58.76548767089844,266900,
2008-11-13,89.48999786376953,89.94999694824219,88.87999725341797,88.95999908447266,58.339210510253906,300500,
2008-11-14,89.7300033569336,90.05999755859375,89.52999877929688,89.83999633789062,58.91633987426758,324100,
2008-11-17,89.8499984741211,90.30000305175781,89.80000305175781,90.22000122070312,59.1655387878418,473100,
2008-11-18,90.5999984741211,91.1500015258789,90.41999816894531,90.91999816894531,59.62456512451172,543600,
2008-11-19,91.30000305175781,92.05000305175781,91.08999633789062,91.9000015258789,60.26728057861328,432400,
2008-11-20,93.11000061035156,93.75,92.61000061035156,93.75,61.48041534423828,727900,
2008-11-21,92.73999786376953,93.12000274658203,92.43000030517578,92.88999938964844,60.91651916503906,791300,
2008-11-24,92.5199966430664,92.5999984741211,91.70999908447266,92.0199966430664,60.34593200683594,611600,
2008-11-25,93.20999908447266,95.69999694824219,92.8499984741211,93.5999984741211,61.38208770751953,411600,
2008-11-26,93.7300033569336,94.23999786376953,93.69000244140625,94.16999816894531,61.75587844848633,483400,
2008-11-28,94.05000305175781,94.5199966430664,94.01000213623047,94.36000061035156,61.880462646484375,134000,
2008-12-01,95.05000305175781,96.08000183105469,94.63999938964844,95.31999969482422,62.718101501464844,663900,"{""dividend_amount"": 0.313}"
2008-12-02,95.26000213623047,95.87000274658203,95.16999816894531,95.81999969482422,63.04705810546875,278300,
2008-12-03,95.7699966430664,96.12000274658203,95.19999694824219,95.97000122070312,63.14583206176758,352200,
2008-12-04,96.16999816894531,96.79000091552734,95.87000274658203,96.56999969482422,63.54057312011719,443800,
2008-12-05,96.25,96.66000366210938,95.41999816894531,95.55000305175781,62.86944580078125,557500,
2008-12-08,95.5,95.70999908447266,95.06999969482422,95.19000244140625,62.632511138916016,523400,
2008-12-09,95.37999725341797,96.20999908447266,95.06999969482422,96.0,63.16547393798828,1421700,
2008-12-10,95.48999786376953,95.91000366210938,95.27999877929688,95.91000366210938,63.106285095214844,737000,
2008-12-11,96.04000091552734,96.55999755859375,95.62999725341797,96.48999786376953,63.48792266845703,327500,
2008-12-12,96.4800033569336,96.7699966430664,95.48999786376953,96.76000213623047,63.665592193603516,281300,
2008-12-15,96.83999633789062,97.23999786376953,96.70999908447266,96.97000122070312,63.80374526977539,328900,
2008-12-16,98.51000213623047,98.62999725341797,96.63999938964844,98.51000213623047,64.81700897216797,406000,
2008-12-17,99.77999877929688,100.0199966430664,99.01000213623047,99.18000030517578,65.25790405273438,667900,
2008-12-18,99.94999694824219,100.30999755859375,99.66999816894531,99.8499984741211,65.69868469238281,477700,
2008-12-19,99.44000244140625,99.98999786376953,99.44000244140625,99.5199966430664,65.4815902709961,598000,
2008-12-22,99.55999755859375,99.72000122070312,99.1500015258789,99.26000213623047,65.31051635742188,804200,
2008-12-23,99.0999984741211,99.55000305175781,99.0,99.20999908447266,65.27761840820312,324500,
2008-12-24,99.16000366210938,99.44000244140625,99.05000305175781,99.11000061035156,65.21186065673828,129200,
2008-12-26,99.51000213623047,99.63999938964844,99.19999694824219,99.63999938964844,65.5605239868164,181100,
2008-12-29,99.44999694824219,99.91999816894531,99.37999725341797,99.48999786376953,65.70518493652344,211900,"{""dividend_amount"": 0.369}"
2008-12-30,99.2300033569336,99.63999938964844,99.0999984741211,99.62999725341797,65.79763793945312,201300,
2008-12-31,99.37000274658203,99.58000183105469,98.19999694824219,98.52999877929688,65.07117462158203,404600,
2009-01-02,98.77999877929688,98.95999908447266,96.94000244140625,97.12000274658203,64.13997650146484,455200,
2009-01-05,96.70999908447266,97.30000305175781,96.44999694824219,96.94999694824219,64.02770233154297,1383500,
2009-01-06,96.20999908447266,97.08000183105469,96.0,96.88999938964844,63.98808288574219,900800,
2009-01-07,96.73999786376953,97.13999938964844,96.55000305175781,96.91000366210938,64.00128173828125,296700,
2009-01-08,97.01000213623047,97.52999877929688,96.86000061035156,97.16999816894531,64.17301940917969,262600,
2009-01-09,97.0,97.94999694824219,97.0,97.62000274658203,64.47019958496094,278700,
2009-01-12,97.37999725341797,98.30999755859375,97.33999633789062,98.2300033569336,64.87305450439453,747700,
2009-01-13,97.9800033569336,98.36000061035156,97.91000366210938,98.30000305175781,64.91926574707031,157700,
2009-01-14,98.72000122070312,99.22000122070312,98.69999694824219,98.8499984741211,65.28250885009766,321100,
2009-01-15,98.97000122070312,99.12000274658203,98.58999633789062,98.7699966430664,65.22969818115234,414500,
2009-01-16,97.55000305175781,98.5,97.47000122070312,97.86000061035156,64.62869262695312,288800,
2009-01-20,96.80999755859375,98.05000305175781,96.75,97.70999908447266,64.52963256835938,357200,
2009-01-21,97.0999984741211,97.55000305175781,96.62000274658203,96.83999633789062,63.95509719848633,484100,
2009-01-22,96.72000122070312,96.7699966430664,95.9000015258789,96.19999694824219,63.53239059448242,262600,
2009-01-23,95.86000061035156,96.22000122070312,95.55999755859375,96.22000122070312,63.54558563232422,361900,
2009-01-26,95.8499984741211,96.11000061035156,95.55999755859375,95.9800033569336,63.387081146240234,324900,
2009-01-27,95.91000366210938,96.75,95.8499984741211,96.61000061035156,63.80318832397461,269300,
2009-01-28,96.75,96.81999969482422,95.58000183105469,95.98999786376953,63.39372634887695,266200,
2009-01-29,95.51000213623047,95.73999786376953,94.4800033569336,94.73999786376953,62.568172454833984,325900,
2009-01-30,95.0199966430664,95.1500015258789,94.62000274658203,94.69999694824219,62.541778564453125,296900,
2009-02-02,94.80000305175781,95.37000274658203,94.47000122070312,95.19999694824219,63.049041748046875,347600,"{""dividend_amount"": 0.266}"
2009-02-03,94.83999633789062,94.94000244140625,94.19999694824219,94.37999725341797,62.50598907470703,436000,
2009-02-04,94.1500015258789,94.25,93.5,93.9000015258789,62.1880989074707,325000,
2009-02-05,94.02999877929688,94.45999908447266,93.73999786376953,94.12000274658203,62.3338508605957,641800,
2009-02-06,94.0,94.02999877929688,93.5,93.55000305175781,61.95628356933594,667000,
2009-02-09,93.5199966430664,93.58000183105469,93.12000274658203,93.36000061035156,61.83049392700195,468300,
2009-02-10,94.0999984741211,94.8499984741211,93.9800033569336,94.61000061035156,62.658363342285156,437400,
2009-02-11,94.86000061035156,95.48999786376953,94.81999969482422,95.33999633789062,63.14178466796875,316800,
2009-02-12,95.58000183105469,95.77999877929688,95.20999908447266,95.30999755859375,63.12191390991211,379900,
2009-02-13,94.91000366210938,95.02999877929688,94.41999816894531,94.55999755859375,62.62522506713867,304100,
2009-02-17,95.55999755859375,96.22000122070312,95.55999755859375,96.1500015258789,63.67824172973633,416200,
2009-02-18,96.13999938964844,96.19000244140625,95.33999633789062,95.44999694824219,63.21467208862305,422300,
2009-02-19,94.55999755859375,95.29000091552734,94.55999755859375,94.91999816894531,62.86366653442383,229300,
2009-02-20,95.4800033569336,95.87000274658203,95.12999725341797,95.19000244140625,63.04244613647461,338800,
2009-02-23,94.83000183105469,95.31999969482422,94.69000244140625,95.27999877929688,63.10200119018555,440600,
2009-02-24,95.43000030517578,95.79000091552734,94.8499984741211,94.91999816894531,62.86366653442383,557000,
2009-02-25,94.87000274658203,95.12999725341797,93.97000122070312,94.05999755859375,62.294036865234375,428700,
2009-02-26,93.83000183105469,94.05999755859375,93.66000366210938,93.81999969482422,62.13507843017578,224800,
2009-02-27,94.06999969482422,94.27999877929688,93.55999755859375,93.73999786376953,62.082130432128906,288300,
2009-03-02,93.97000122070312,94.62999725341797,93.9000015258789,94.43000030517578,62.704986572265625,500400,"{""dividend_amount"": 0.248}"
2009-03-03,93.9000015258789,94.61000061035156,93.77999877929688,94.30999755859375,62.62530517578125,528400,
2009-03-04,93.47000122070312,93.87000274658203,93.44000244140625,93.83000183105469,62.306556701660156,331600,
2009-03-05,94.51000213623047,95.05000305175781,94.19000244140625,94.93000030517578,63.037025451660156,475000,
2009-03-06,94.45999908447266,95.18000030517578,94.45999908447266,94.4800033569336,62.73823547363281,414800,
2009-03-09,94.62999725341797,94.76000213623047,94.0999984741211,94.5199966430664,62.76472854614258,224900,
2009-03-10,94.05000305175781,94.1500015258789,93.7300033569336,93.83000183105469,62.306556701660156,244500,
2009-03-11,93.62999725341797,94.5,93.55999755859375,94.5,62.751468658447266,320700,
2009-03-12,94.56999969482422,95.0999984741211,94.4000015258789,94.7699966430664,62.930816650390625,271100,
2009-03-13,94.5,95.0999984741211,94.30000305175781,94.69999694824219,62.88432312011719,553200,
2009-03-16,94.06999969482422,94.38999938964844,94.0199966430664,94.16000366210938,62.52571487426758,512100,
2009-03-17,94.45999908447266,94.62999725341797,93.79000091552734,93.9800033569336,62.406185150146484,222200,
2009-03-18,94.1500015258789,97.5,94.1500015258789,97.19999694824219,64.5444107055664,751400,
2009-03-19,97.51000213623047,97.68000030517578,96.8499984741211,96.87000274658203,64.32524108886719,711100,
2009-03-20,97.04000091552734,97.20999908447266,96.69999694824219,96.87000274658203,64.32524108886719,231400,
2009-03-23,96.80999755859375,97.0999984741211,96.48999786376953,96.54000091552734,64.10612487792969,285100,
2009-03-24,96.41000366210938,96.80999755859375,96.0,96.4000015258789,64.01319885253906,810500,
2009-03-25,96.16999816894531,96.41999816894531,95.66999816894531,95.81999969482422,63.62800598144531,443500,
2009-03-26,95.83000183105469,96.33999633789062,95.6500015258789,96.06999969482422,63.79397964477539,507900,
2009-03-27,96.27999877929688,96.4000015258789,95.81999969482422,96.01000213623047,63.75418472290039,394200,
2009-03-30,96.55000305175781,96.66999816894531,96.11000061035156,96.41999816894531,64.02642059326172,321200,
2009-03-31,96.41999816894531,96.69999694824219,96.41000366210938,96.58999633789062,64.13935089111328,1150800,
2009-04-01,96.56999969482422,96.72000122070312,96.22000122070312,96.55000305175781,64.29649353027344,230200,"{""dividend_amount"": 0.276}"
2009-04-02,96.22000122070312,96.29000091552734,95.69999694824219,95.91999816894531,63.876930236816406,552400,
2009-04-03,95.51000213623047,95.73999786376953,94.79000091552734,94.81999969482422,63.14442825317383,1177200,
2009-04-06,94.97000122070312,95.04000091552734,94.54000091552734,94.5999984741211,62.99789047241211,363600,
2009-04-07,94.81999969482422,95.01000213623047,94.66999816894531,94.83999633789062,63.157737731933594,289700,
2009-04-08,94.9800033569336,95.30999755859375,94.8499984741211,95.30999755859375,63.47071838378906,250800,
2009-04-09,94.72000122070312,95.16000366210938,94.5999984741211,94.75,63.0977783203125,249600,
2009-04-13,95.16000366210938,95.45999908447266,95.11000061035156,95.30999755859375,63.47071838378906,207300,
2009-04-14,95.55999755859375,95.91000366210938,95.41999816894531,95.80000305175781,63.79705047607422,254000,
2009-04-15,95.93000030517578,96.01000213623047,95.5,95.88999938964844,63.856956481933594,238500,
2009-04-16,95.68000030517578,95.80000305175781,95.3499984741211,95.51000213623047,63.603885650634766,240100,
2009-04-17,95.23999786376953,95.27999877929688,94.6500015258789,94.73999786376953,63.09115219116211,239400,
2009-04-20,95.0999984741211,95.5,95.08000183105469,95.4000015258789,63.53067398071289,277700,
2009-04-21,95.79000091552734,95.86000061035156,94.9000015258789,95.02999877929688,63.28425598144531,218500,
2009-04-22,95.13999938964844,95.19000244140625,94.5,94.80000305175781,63.131103515625,160900,
2009-04-23,94.69999694824219,94.9000015258789,94.43000030517578,94.77999877929688,63.117759704589844,238200,
2009-04-24,94.51000213623047,94.6500015258789,94.23999786376953,94.41000366210938,62.871376037597656,253500,
2009-04-27,94.80000305175781,94.94999694824219,94.44999694824219,94.80000305175781,63.131103515625,207500,
2009-04-28,95.11000061035156,95.12000274658203,94.19999694824219,94.33999633789062,62.82477569580078,283800,
2009-04-29,94.3499984741211,94.55000305175781,93.51000213623047,93.83000183105469,62.48508834838867,454400,
2009-04-30,93.58999633789062,93.79000091552734,93.29000091552734,93.66999816894531,62.3785514831543,410500,
2009-05-01,93.16000366210938,93.20999908447266,92.83000183105469,93.08999633789062,62.17816162109375,562700,"{""dividend_amount"": 0.28}"
2009-05-04,93.1500015258789,93.36000061035156,92.95999908447266,93.18000030517578,62.238338470458984,516400,
2009-05-05,93.19000244140625,93.36000061035156,92.97000122070312,93.16000366210938,62.224979400634766,245000,
2009-05-06,93.08000183105469,93.55000305175781,93.01000213623047,93.19999694824219,62.251708984375,442600,
2009-05-07,92.68000030517578,92.97000122070312,92.25,92.41999816894531,61.730674743652344,489800,
2009-05-08,92.51000213623047,92.80000305175781,92.41000366210938,92.52999877929688,61.804168701171875,399900,
2009-05-11,93.1500015258789,93.44999694824219,92.98999786376953,93.4000015258789,62.385276794433594,698000,
2009-05-12,93.2300033569336,93.4800033569336,93.08999633789062,93.33999633789062,62.345176696777344,206800,
2009-05-13,93.56999969482422,93.86000061035156,93.55999755859375,93.7699966430664,62.63242721557617,287500,
2009-05-14,93.70999908447266,93.83000183105469,93.55000305175781,93.77999877929688,62.63911056518555,186500,
2009-05-15,93.62999725341797,93.69999694824219,93.4000015258789,93.55000305175781,62.48542404174805,254100,
2009-05-18,93.61000061035156,93.68000030517578,92.95999908447266,93.0,62.11808395385742,456100,
2009-05-19,92.80000305175781,92.93000030517578,92.58999633789062,92.87000274658203,62.031288146972656,268900,
2009-05-20,92.87999725341797,93.29000091552734,92.7300033569336,93.16000366210938,62.224979400634766,408600,
2009-05-21,93.45999908447266,93.45999908447266,92.05999755859375,92.13999938964844,61.543636322021484,374900,
2009-05-22,91.73999786376953,92.01000213623047,91.45999908447266,91.5999984741211,61.182960510253906,382200,
2009-05-26,91.87000274658203,91.98999786376953,90.97000122070312,90.98999786376953,60.775569915771484,519900,
2009-05-27,91.0,91.05999755859375,89.87999725341797,89.95999908447266,60.08760070800781,733500,
2009-05-28,90.61000061035156,90.62999725341797,89.70999908447266,90.43000030517578,60.40149688720703,660100,
2009-05-29,90.47000122070312,91.54000091552734,90.44999694824219,91.44999694824219,61.08277130126953,1119300,
2009-06-01,90.26000213623047,90.3499984741211,89.43000030517578,89.69000244140625,60.08589553833008,970300,"{""dividend_amount"": 0.272}"
2009-06-02,89.91999816894531,90.04000091552734,89.44999694824219,89.98999786376953,60.286888122558594,1903800,
2009-06-03,90.27999877929688,90.63999938964844,90.13999938964844,90.54000091552734,60.65538024902344,568800,
2009-06-04,89.9800033569336,90.08999633789062,89.33999633789062,89.48999786376953,59.95193099975586,591100,
2009-06-05,88.68000030517578,89.13999938964844,88.41000366210938,88.5999984741211,59.3557243347168,1273900,
2009-06-08,88.70999908447266,88.83999633789062,88.08000183105469,88.1500015258789,59.05426025390625,1135800,
2009-06-09,88.55000305175781,88.79000091552734,88.29000091552734,88.52999877929688,59.308773040771484,1127200,
2009-06-10,88.2699966430664,88.4800033569336,87.69999694824219,88.0,58.95378875732422,1406500,
2009-06-11,87.9800033569336,88.94999694824219,87.81999969482422,88.5999984741211,59.3557243347168,781400,
2009-06-12,88.72000122070312,89.29000091552734,88.72000122070312,89.06999969482422,59.670555114746094,608300,
2009-06-15,89.41000366210938,89.62000274658203,89.30000305175781,89.47000122070312,59.938594818115234,531500,
2009-06-16,89.44000244140625,90.0,89.29000091552734,89.97000122070312,60.27354049682617,403000,
2009-06-17,90.0,90.4000015258789,89.7300033569336,89.7300033569336,60.112762451171875,594800,
2009-06-18,89.2300033569336,89.41999816894531,88.54000091552734,88.63999938964844,59.38250732421875,1015500,
2009-06-19,88.51000213623047,89.06999969482422,88.44000244140625,89.05000305175781,59.65717697143555,850900,
2009-06-22,89.41000366210938,89.63999938964844,89.30000305175781,89.52999877929688,59.978759765625,1218000,
2009-06-23,89.55999755859375,89.94999694824219,89.43000030517578,89.81999969482422,60.17305374145508,492200,
2009-06-24,89.87000274658203,90.31999969482422,89.4800033569336,89.4800033569336,59.94529342651367,687600,
2009-06-25,89.69999694824219,90.5999984741211,89.48999786376953,90.5999984741211,60.69559860229492,790700,
2009-06-26,90.66999816894531,90.9000015258789,90.5,90.72000122070312,60.77602767944336,263700,
2009-06-29,90.97000122070312,91.08999633789062,90.72000122070312,90.91000366210938,60.90325164794922,903200,
2009-06-30,90.45999908447266,90.98999786376953,90.31999969482422,90.66999816894531,60.74244689941406,608800,
2009-07-01,90.05000305175781,90.36000061035156,89.87999725341797,90.36000061035156,60.703495025634766,394100,"{""dividend_amount"": 0.252}"
2009-07-02,90.52999877929688,90.87999725341797,90.52999877929688,90.66000366210938,60.905025482177734,431700,
2009-07-06,90.51000213623047,90.7699966430664,90.41000366210938,90.72000122070312,60.94538116455078,472200,
2009-07-07,90.58000183105469,91.08999633789062,90.58000183105469,91.08000183105469,61.18719482421875,741600,
2009-07-08,91.16000366210938,92.27999877929688,91.08000183105469,92.12999725341797,61.89259719848633,658900,
2009-07-09,91.5999984741211,91.73999786376953,91.25,91.58999633789062,61.5297966003418,668900,
2009-07-10,91.95999908447266,92.3499984741211,91.81999969482422,92.16000366210938,61.91273498535156,400300,
2009-07-13,92.20999908447266,92.30999755859375,91.75,91.83000183105469,61.69113540649414,327400,
2009-07-14,91.30999755859375,91.56999969482422,91.06999969482422,91.22000122070312,61.28126525878906,942100,
2009-07-15,90.73999786376953,90.81999969482422,90.04000091552734,90.04000091552734,60.488494873046875,714400,
2009-07-16,90.6500015258789,90.88999938964844,90.5199966430664,90.58000183105469,60.85127639770508,194900,
2009-07-17,90.19000244140625,90.37999725341797,89.97000122070312,89.97000122070312,60.44151306152344,616000,
2009-07-20,89.75,90.61000061035156,89.70999908447266,90.30000305175781,60.66324234008789,335400,
2009-07-21,90.08999633789062,91.37000274658203,90.08000183105469,91.30999755859375,61.34169387817383,837700,
2009-07-22,91.19999694824219,91.19999694824219,90.6500015258789,90.7699966430664,60.978912353515625,298300,
2009-07-23,90.76000213623047,90.77999877929688,89.70999908447266,89.88999938964844,60.38777542114258,518100,
2009-07-24,89.8499984741211,90.12000274658203,89.83000183105469,90.08000183105469,60.515384674072266,292400,
2009-07-27,89.58999633789062,89.81999969482422,89.37999725341797,89.66000366210938,60.2332649230957,326800,
2009-07-28,89.83999633789062,90.31999969482422,89.58000183105469,89.83999633789062,60.35417175292969,299300,
2009-07-29,90.23999786376953,90.2699966430664,89.55000305175781,89.9000015258789,60.394474029541016,265200,
2009-07-30,89.72000122070312,90.30000305175781,89.55000305175781,90.26000213623047,60.63633346557617,367400,
2009-07-31,90.6500015258789,91.23999786376953,90.45999908447266,91.16999816894531,61.24763107299805,631800,
2009-08-03,90.37000274658203,90.4000015258789,89.69999694824219,89.94000244140625,60.596824645996094,453700,"{""dividend_amount"": 0.264}"
2009-08-04,90.16999816894531,90.23999786376953,89.3499984741211,89.68000030517578,60.421630859375,552000,
2009-08-05,89.27999877929688,89.95999908447266,89.12999725341797,89.16999816894531,60.07807922363281,393900,
2009-08-06,89.12999725341797,89.5,88.97000122070312,89.16999816894531,60.07807922363281,311200,
2009-08-07,88.66000366210938,88.76000213623047,88.47000122070312,88.58000183105469,59.68053436279297,507200,
2009-08-10,88.69000244140625,89.18000030517578,88.5999984741211,89.1500015258789,60.064544677734375,1487700,
2009-08-11,89.4800033569336,89.7699966430664,89.38999938964844,89.7699966430664,60.48228454589844,327400,
2009-08-12,89.8499984741211,89.91999816894531,89.13999938964844,89.5199966430664,60.31382369995117,624700,
2009-08-13,89.79000091552734,90.38999938964844,89.69999694824219,90.22000122070312,60.785465240478516,614700,
2009-08-14,90.43000030517578,90.97000122070312,90.41999816894531,90.5,60.97412872314453,695000,
2009-08-17,90.87000274658203,91.16999816894531,90.8499984741211,91.12000274658203,61.391845703125,572900,
2009-08-18,91.12999725341797,91.1500015258789,90.77999877929688,90.80000305175781,61.17622756958008,514700,
2009-08-19,91.43000030517578,91.44999694824219,90.94000244140625,91.13999938964844,61.40532302856445,495400,
2009-08-20,91.23999786376953,91.43000030517578,90.97000122070312,91.37999725341797,61.567039489746094,542900,
2009-08-21,91.30999755859375,91.37999725341797,90.41999816894531,90.44999694824219,60.94042205810547,435100,
2009-08-24,90.23999786376953,91.04000091552734,90.2300033569336,91.01000213623047,61.317726135253906,369100,
2009-08-25,90.93000030517578,91.33000183105469,90.72000122070312,91.25,61.47941970825195,315800,
2009-08-26,91.33000183105469,91.43000030517578,91.13999938964844,91.37000274658203,61.56029510498047,219600,
2009-08-27,91.08999633789062,91.44999694824219,91.01000213623047,91.12000274658203,61.391845703125,378700,
2009-08-28,90.93000030517578,91.38999938964844,90.86000061035156,91.33000183105469,61.53331756591797,303500,
2009-08-31,91.41000366210938,91.69999694824219,91.26000213623047,91.5999984741211,61.715213775634766,483700,
2009-09-01,91.12999725341797,91.77999877929688,90.9800033569336,91.58000183105469,61.875335693359375,464500,"{""dividend_amount"": 0.257}"
2009-09-02,91.70999908447266,92.12999725341797,91.61000061035156,92.08000183105469,62.213157653808594,381900,
2009-09-03,91.83000183105469,92.02999877929688,91.7300033569336,91.75,61.990238189697266,246400,
2009-09-04,91.69999694824219,91.81999969482422,91.16999816894531,91.19999694824219,61.61860275268555,521400,
2009-09-08,90.98999786376953,91.43000030517578,90.95999908447266,90.98999786376953,61.476715087890625,408700,
2009-09-09,90.86000061035156,91.08999633789062,90.66000366210938,91.06999969482422,61.53076934814453,568400,
2009-09-10,91.41000366210938,92.06999969482422,91.37000274658203,91.75,61.990238189697266,626900,
2009-09-11,92.1500015258789,92.44999694824219,91.95999908447266,92.0199966430664,62.17264175415039,1319500,
2009-09-14,91.76000213623047,91.88999938964844,91.43000030517578,91.4800033569336,61.807804107666016,477100,
2009-09-15,91.12000274658203,91.47000122070312,91.12000274658203,91.29000091552734,61.6794319152832,710100,
2009-09-16,91.41999816894531,91.44999694824219,90.9800033569336,91.22000122070312,61.63213348388672,743200,
2009-09-17,91.27999877929688,91.68000030517578,91.0,91.66999816894531,61.93613052368164,846500,
2009-09-18,91.38999938964844,91.52999877929688,91.04000091552734,91.18000030517578,61.60504913330078,910200,
2009-09-21,91.33999633789062,91.5199966430664,91.0,91.12000274658203,61.564579010009766,617200,
2009-09-22,91.05000305175781,91.36000061035156,91.04000091552734,91.36000061035156,61.72675704956055,438800,
2009-09-23,91.1500015258789,91.61000061035156,90.9000015258789,91.55999755859375,61.861839294433594,794500,
2009-09-24,91.5999984741211,91.93000030517578,91.4800033569336,91.80999755859375,62.03074645996094,501200,
2009-09-25,91.87000274658203,92.20999908447266,91.66999816894531,92.18000030517578,62.28074645996094,454100,
2009-09-28,92.0999984741211,92.43000030517578,92.05000305175781,92.33999633789062,62.38887405395508,514000,
2009-09-29,92.0999984741211,92.44999694824219,91.98999786376953,92.30000305175781,62.36180114746094,276400,
2009-09-30,92.20999908447266,92.48999786376953,92.16000366210938,92.37000274658203,62.40913009643555,670900,
2009-10-01,92.44999694824219,92.94999694824219,92.33000183105469,92.80999755859375,62.87862014770508,1762800,"{""dividend_amount"": 0.253}"
2009-10-02,93.20999908447266,93.2300033569336,92.69000244140625,92.7699966430664,62.8515625,936600,
2009-10-05,93.02999877929688,93.05999755859375,92.69999694824219,92.76000213623047,62.844757080078125,509100,
2009-10-06,92.6500015258789,92.69000244140625,92.44000244140625,92.45999908447266,62.64150619506836,382300,
2009-10-07,92.80000305175781,93.13999938964844,92.77999877929688,93.05000305175781,63.04124069213867,269500,
2009-10-08,93.16999816894531,93.19999694824219,92.61000061035156,92.70999908447266,62.810935974121094,422200,
2009-10-09,92.26000213623047,92.44000244140625,91.62000274658203,91.81999969482422,62.207923889160156,543800,
2009-10-12,91.81999969482422,92.20999908447266,91.77999877929688,92.08999633789062,62.39080047607422,464800,
2009-10-13,92.25,92.36000061035156,92.06999969482422,92.30000305175781,62.53310775756836,489200,
2009-10-14,91.76000213623047,92.0,91.51000213623047,91.66999816894531,62.10626983642578,523400,
2009-10-15,91.30000305175781,91.75,91.2300033569336,91.37000274658203,61.90304946899414,826100,
2009-10-16,91.55000305175781,91.79000091552734,91.33999633789062,91.79000091552734,62.187530517578125,765300,
2009-10-19,91.62000274658203,91.93000030517578,91.55999755859375,91.93000030517578,62.282432556152344,487000,
2009-10-20,92.18000030517578,92.33000183105469,92.06999969482422,92.13999938964844,62.42469787597656,640800,
2009-10-21,91.86000061035156,91.94000244140625,91.56999969482422,91.93000030517578,62.282432556152344,406400,
2009-10-22,91.54000091552734,91.83000183105469,91.51000213623047,91.66000366210938,62.0994758605957,421300,
2009-10-23,91.29000091552734,91.45999908447266,91.19999694824219,91.20999908447266,61.794620513916016,424800,
2009-10-26,91.0199966430664,91.0999984741211,90.62999725341797,90.69000244140625,61.44229507446289,762500,
2009-10-27,90.87999725341797,91.5,90.87999725341797,91.47000122070312,61.970760345458984,669800,
2009-10-28,91.4800033569336,91.94000244140625,91.44000244140625,91.75,62.160518646240234,684100,
2009-10-29,91.48999786376953,91.52999877929688,91.08000183105469,91.30999755859375,61.86244201660156,351200,
2009-10-30,91.58000183105469,92.0,91.55000305175781,91.98999786376953,62.32313537597656,600100,
2009-11-02,91.27999877929688,91.27999877929688,90.88999938964844,90.9800033569336,62.15908432006836,671100,"{""dividend_amount"": 0.77}"
2009-11-03,91.2300033569336,91.2300033569336,90.5999984741211,90.7699966430664,62.015602111816406,353000,
2009-11-04,90.4800033569336,90.69999694824219,90.2300033569336,90.5199966430664,61.844757080078125,497700,
2009-11-05,90.41000366210938,90.5999984741211,90.29000091552734,90.54000091552734,61.8585090637207,147600,
2009-11-06,90.75,90.83000183105469,90.43000030517578,90.80999755859375,62.04293441772461,327300,
2009-11-09,90.7699966430664,90.97000122070312,90.73999786376953,90.8499984741211,62.070316314697266,531500,
2009-11-10,91.08000183105469,91.16000366210938,90.75,90.91999816894531,62.11805725097656,523000,
2009-11-11,91.19999694824219,91.41999816894531,91.05000305175781,91.18000030517578,62.29573440551758,275600,
2009-11-12,90.97000122070312,91.23999786376953,90.62000274658203,91.20999908447266,62.31623077392578,374500,
2009-11-13,91.19999694824219,91.30000305175781,91.06999969482422,91.27999877929688,62.36408615112305,229300,
2009-11-16,91.45999908447266,91.88999938964844,91.37000274658203,91.7699966430664,62.698822021484375,514800,
2009-11-17,91.69999694824219,92.02999877929688,91.5999984741211,91.97000122070312,62.835533142089844,506000,
2009-11-18,91.81999969482422,91.91000366210938,91.62000274658203,91.73999786376953,62.67837905883789,285300,
2009-11-19,91.86000061035156,92.08999633789062,91.7699966430664,91.8499984741211,62.753517150878906,378200,
2009-11-20,91.9000015258789,91.9800033569336,91.69999694824219,91.83999633789062,62.7466926574707,304200,
2009-11-23,91.61000061035156,91.75,91.45999908447266,91.70999908447266,62.6578483581543,505100,
2009-11-24,91.9000015258789,92.26000213623047,91.80000305175781,92.18000030517578,62.979000091552734,753800,
2009-11-25,92.11000061035156,92.54000091552734,91.9800033569336,92.48999786376953,63.190765380859375,431200,
2009-11-27,92.9000015258789,93.0,92.7300033569336,92.91000366210938,63.47775650024414,412200,
2009-11-30,92.87999725341797,93.12000274658203,92.72000122070312,93.05999755859375,63.580196380615234,404100,
2009-12-01,92.61000061035156,92.66000366210938,92.30000305175781,92.33999633789062,63.2296028137207,529600,"{""dividend_amount"": 0.208}"
2009-12-02,92.26000213623047,92.41000366210938,92.0199966430664,92.1500015258789,63.09955596923828,463800,
2009-12-03,91.5999984741211,91.77999877929688,91.56999969482422,91.72000122070312,62.80508041381836,463500,
2009-12-04,90.95999908447266,91.13999938964844,90.79000091552734,91.04000091552734,62.33940505981445,756700,
2009-12-07,91.05999755859375,91.37000274658203,91.04000091552734,91.29000091552734,62.51059341430664,399100,
2009-12-08,91.73999786376953,91.87999725341797,91.5,91.61000061035156,62.72971725463867,502200,
2009-12-09,91.6500015258789,91.80000305175781,91.37000274658203,91.43000030517578,62.606510162353516,721800,
2009-12-10,91.25,91.27999877929688,90.8499984741211,91.12000274658203,62.39419937133789,423200,
2009-12-11,90.80999755859375,90.80999755859375,90.4800033569336,90.66999816894531,62.08604431152344,454000,
2009-12-14,90.73999786376953,90.86000061035156,90.62999725341797,90.66999816894531,62.08604431152344,195200,
2009-12-15,90.30999755859375,90.47000122070312,90.19999694824219,90.37999725341797,61.887447357177734,326000,
2009-12-16,90.54000091552734,90.69999694824219,90.27999877929688,90.37999725341797,61.887447357177734,761500,
2009-12-17,90.9000015258789,91.18000030517578,90.7300033569336,91.18000030517578,62.435272216796875,468800,
2009-12-18,90.9800033569336,91.12999725341797,90.69999694824219,90.7300033569336,62.12718963623047,517600,
2009-12-21,90.31999969482422,90.33000183105469,89.75,89.80000305175781,61.49033737182617,609900,
2009-12-22,89.55000305175781,89.58999633789062,89.33000183105469,89.4000015258789,61.216407775878906,366700,
2009-12-23,89.56999969482422,89.77999877929688,89.3499984741211,89.36000061035156,61.18907165527344,351400,
2009-12-24,89.30000305175781,89.36000061035156,89.04000091552734,89.04000091552734,60.96994400024414,160200,
2009-12-28,88.94999694824219,88.97000122070312,88.79000091552734,88.80000305175781,60.80559539794922,1181400,
2009-12-29,88.73999786376953,88.93000030517578,88.62999725341797,88.87000274658203,60.966121673583984,428800,"{""dividend_amount"": 0.164}"
2009-12-30,88.91999816894531,89.05999755859375,88.80999755859375,89.02999877929688,61.075904846191406,473100,
2009-12-31,88.58999633789062,88.95999908447266,88.29000091552734,88.5999984741211,60.780914306640625,304300,
2010-01-04,88.73999786376953,88.94999694824219,88.62999725341797,88.81999969482422,60.9317626953125,619100,
2010-01-05,89.05999755859375,89.3499984741211,89.05999755859375,89.20999908447266,61.1993408203125,1547500,
2010-01-06,89.1500015258789,89.19999694824219,88.77999877929688,88.8499984741211,60.95244598388672,365500,
2010-01-07,88.87000274658203,89.05000305175781,88.80999755859375,88.8499984741211,60.95244598388672,390900,
2010-01-08,89.12999725341797,89.13999938964844,88.81999969482422,88.95999908447266,61.02783966064453,382500,
2010-01-11,89.01000213623047,89.1500015258789,88.93000030517578,89.0199966430664,61.06907272338867,653600,
2010-01-12,89.5999984741211,89.72000122070312,89.4800033569336,89.66000366210938,61.508094787597656,403000,
2010-01-13,89.4800033569336,89.66999816894531,89.19999694824219,89.2300033569336,61.21308135986328,281900,
2010-01-14,89.48999786376953,89.7699966430664,89.38999938964844,89.6500015258789,61.50117492675781,511700,
2010-01-15,89.9800033569336,90.1500015258789,89.95999908447266,90.05000305175781,61.77561569213867,429200,
2010-01-19,89.86000061035156,89.95999908447266,89.70999908447266,89.88999938964844,61.665855407714844,411900,
2010-01-20,90.13999938964844,90.31999969482422,90.12999725341797,90.19999694824219,61.87855911254883,228800,
2010-01-21,90.08000183105469,90.5999984741211,90.05999755859375,90.52999877929688,62.10491943359375,349200,
2010-01-22,90.45999908447266,90.68000030517578,90.43000030517578,90.61000061035156,62.15978240966797,272900,
2010-01-25,90.41000366210938,90.52999877929688,90.4000015258789,90.41000366210938,62.02263641357422,1699000,
2010-01-26,90.69000244140625,90.70999908447266,90.41999816894531,90.58999633789062,62.146080017089844,490600,
2010-01-27,90.63999938964844,90.80999755859375,90.30000305175781,90.37999725341797,62.00197219848633,342100,
2010-01-28,90.08999633789062,90.44999694824219,90.08999633789062,90.3499984741211,61.98141098022461,318100,
2010-01-29,90.26000213623047,90.69999694824219,90.1500015258789,90.69999694824219,62.22151565551758,396700,
2010-02-01,90.26000213623047,90.26000213623047,89.98999786376953,90.08999633789062,62.008148193359375,634300,"{""dividend_amount"": 0.3}"
2010-02-02,90.12999725341797,90.25,90.0999984741211,90.23999786376953,62.11143112182617,426000,
2010-02-03,89.9800033569336,90.05000305175781,89.77999877929688,89.80999755859375,61.8154296875,435300,
2010-02-04,90.19999694824219,90.58999633789062,90.19999694824219,90.55000305175781,62.32475280761719,503400,
2010-02-05,90.48999786376953,91.0,90.43000030517578,90.83999633789062,62.52440643310547,694700,
2010-02-08,90.68000030517578,90.77999877929688,90.55999755859375,90.76000213623047,62.46929931640625,257600,
2010-02-09,90.5199966430664,90.7300033569336,90.25,90.2699966430664,62.1320686340332,481200,
2010-02-10,90.41000366210938,90.45999908447266,89.88999938964844,90.0199966430664,61.9599494934082,496200,
2010-02-11,90.02999877929688,90.02999877929688,89.66999816894531,89.91000366210938,61.884246826171875,496900,
2010-02-12,90.19999694824219,90.2699966430664,90.0999984741211,90.12000274658203,62.02880096435547,219800,
2010-02-16,89.94000244140625,90.3499984741211,89.91000366210938,90.31999969482422,62.166473388671875,175400,
2010-02-17,90.08999633789062,90.22000122070312,89.68000030517578,89.83999633789062,61.8360710144043,358000,
2010-02-18,89.9000015258789,89.9000015258789,89.30999755859375,89.5199966430664,61.61582565307617,474300,
2010-02-19,89.45999908447266,89.56999969482422,89.26000213623047,89.56999969482422,61.650245666503906,527900,
2010-02-22,89.44000244140625,89.58000183105469,89.41999816894531,89.5,61.602054595947266,349700,
2010-02-23,89.61000061035156,90.2300033569336,89.58000183105469,90.18000030517578,62.07012176513672,557200,
2010-02-24,90.20999908447266,90.37999725341797,90.05000305175781,90.2300033569336,62.10456085205078,394300,
2010-02-25,90.56999969482422,90.62000274658203,90.41999816894531,90.55999755859375,62.331668853759766,256600,
2010-02-26,90.62000274658203,90.91000366210938,90.61000061035156,90.69999694824219,62.42799377441406,609900,
2010-03-01,90.55999755859375,90.62000274658203,90.4000015258789,90.55000305175781,62.49287033081055,468600,"{""dividend_amount"": 0.244}"
2010-03-02,90.36000061035156,90.62000274658203,90.31999969482422,90.5999984741211,62.527381896972656,417900,
2010-03-03,90.41000366210938,90.55999755859375,90.30000305175781,90.51000213623047,62.46529769897461,476700,
2010-03-04,90.47000122070312,90.77999877929688,90.37000274658203,90.66999816894531,62.57567596435547,431100,
2010-03-05,90.30999755859375,90.33000183105469,90.05000305175781,90.23999786376953,62.27898406982422,549900,
2010-03-08,90.01000213623047,90.08000183105469,89.97000122070312,90.0,62.11326599121094,399800,
2010-03-09,90.18000030517578,90.2300033569336,90.0,90.2300033569336,62.27207565307617,350500,
2010-03-10,89.93000030517578,90.0999984741211,89.87999725341797,90.08000183105469,62.16851043701172,329800,
2010-03-11,89.91000366210938,90.13999938964844,89.8499984741211,90.0,62.11326599121094,283100,
2010-03-12,89.80000305175781,90.25,89.79000091552734,90.13999938964844,62.209903717041016,276400,
2010-03-15,90.12999725341797,90.19999694824219,89.97000122070312,90.13999938964844,62.209903717041016,190100,
2010-03-16,90.16000366210938,90.52999877929688,90.12999725341797,90.48999786376953,62.45150375366211,388200,
2010-03-17,90.55999755859375,90.62999725341797,90.44999694824219,90.5999984741211,62.527381896972656,288300,
2010-03-18,90.52999877929688,90.58999633789062,90.33000183105469,90.36000061035156,62.36177062988281,202600,
2010-03-19,90.23999786376953,90.5199966430664,90.2300033569336,90.23999786376953,62.27898406982422,171300,
2010-03-22,90.45999908447266,90.54000091552734,90.38999938964844,90.54000091552734,62.48601150512695,338100,
2010-03-23,90.51000213623047,90.5999984741211,90.3499984741211,90.3499984741211,62.35487365722656,244100,
2010-03-24,89.87000274658203,89.98999786376953,89.31999969482422,89.44999694824219,61.73377227783203,531300,
2010-03-25,89.2699966430664,89.37000274658203,88.81999969482422,89.12000274658203,61.505950927734375,601900,
2010-03-26,89.02999877929688,89.36000061035156,89.0199966430664,89.33000183105469,61.6508903503418,734100,
2010-03-29,89.30000305175781,89.37000274658203,89.0999984741211,89.19999694824219,61.56118392944336,521400,
2010-03-30,89.19000244140625,89.29000091552734,89.0199966430664,89.29000091552734,61.623268127441406,246500,
2010-03-31,89.45999908447266,89.58000183105469,89.3499984741211,89.5,61.76821517944336,398900,
2010-04-01,89.11000061035156,89.16000366210938,88.94000244140625,89.05999755859375,61.64018630981445,397600,"{""dividend_amount"": 0.255}"
2010-04-05,88.44000244140625,88.52999877929688,88.12000274658203,88.26000213623047,61.08647537231445,656100,
2010-04-06,88.55999755859375,88.5999984741211,88.37000274658203,88.5199966430664,61.2664680480957,566100,
2010-04-07,88.51000213623047,89.16999816894531,88.48999786376953,89.06999969482422,61.64712905883789,562000,
2010-04-08,89.16000366210938,89.30999755859375,88.91999816894531,88.97000122070312,61.57788848876953,465400,
2010-04-09,88.8499984741211,89.0999984741211,88.75,89.06999969482422,61.64712905883789,314600,
2010-04-12,89.20999908447266,89.41000366210938,89.12000274658203,89.30999755859375,61.813232421875,402000,
2010-04-13,89.52999877929688,89.58999633789062,89.33000183105469,89.4800033569336,61.93089294433594,309100,
2010-04-14,89.4800033569336,89.56999969482422,89.19999694824219,89.23999786376953,61.76475143432617,315800,
2010-04-15,89.11000061035156,89.47000122070312,89.06999969482422,89.38999938964844,61.86863708496094,299900,
2010-04-16,89.54000091552734,89.95999908447266,89.43000030517578,89.93000030517578,62.24229431152344,409900,
2010-04-19,89.8499984741211,89.87999725341797,89.63999938964844,89.70999908447266,62.09006118774414,215300,
2010-04-20,89.66999816894531,89.75,89.55000305175781,89.75,62.11771011352539,171300,
2010-04-21,89.83999633789062,90.08000183105469,89.75,90.04000091552734,62.318450927734375,446500,
2010-04-22,90.1500015258789,90.25,89.80000305175781,89.83000183105469,62.17316436767578,169300,
2010-04-23,89.61000061035156,89.68000030517578,89.48999786376953,89.58000183105469,62.00007629394531,174200,
2010-04-26,89.77999877929688,89.80999755859375,89.55000305175781,89.63999938964844,62.0416259765625,161900,
2010-04-27,90.05000305175781,90.54000091552734,89.94999694824219,90.4800033569336,62.622989654541016,442800,
2010-04-28,90.16000366210938,90.29000091552734,89.86000061035156,90.0199966430664,62.30461502075195,409700,
2010-04-29,90.01000213623047,90.2300033569336,89.88999938964844,90.16999816894531,62.40849304199219,350500,
2010-04-30,90.27999877929688,90.7300033569336,90.2699966430664,90.72000122070312,62.78910827636719,423200,
2010-05-03,90.16999816894531,90.27999877929688,90.11000061035156,90.20999908447266,62.624629974365234,300500,"{""dividend_amount"": 0.273}"
2010-05-04,90.76000213623047,90.88999938964844,90.61000061035156,90.81999969482422,63.04806900024414,355000,
2010-05-05,91.18000030517578,91.58999633789062,90.9800033569336,91.16999816894531,63.29098892211914,672000,
2010-05-06,91.23999786376953,93.05999755859375,91.0999984741211,92.16999816894531,63.98525619506836,902400,
2010-05-07,91.93000030517578,92.75,91.77999877929688,91.91999816894531,63.811668395996094,3856500,
2010-05-10,90.98999786376953,91.41000366210938,90.9800033569336,91.22000122070312,63.325767517089844,836200,
2010-05-11,91.41000366210938,91.45999908447266,91.02999877929688,91.33000183105469,63.40207290649414,891400,
2010-05-12,91.22000122070312,91.33999633789062,91.04000091552734,91.0999984741211,63.24241638183594,424000,
2010-05-13,91.3499984741211,91.43000030517578,90.88999938964844,91.3499984741211,63.41594314575195,420300,
2010-05-14,91.76000213623047,92.20999908447266,91.69999694824219,91.94000244140625,63.82554626464844,488700,
2010-05-17,91.93000030517578,92.33000183105469,91.69999694824219,91.73999786376953,63.68669891357422,535100,
2010-05-18,91.77999877929688,92.4800033569336,91.73999786376953,92.41000366210938,64.1518325805664,1711400,
2010-05-19,92.43000030517578,92.88999938964844,92.37999725341797,92.48999786376953,64.20738983154297,839700,
2010-05-20,93.20999908447266,93.62999725341797,93.05000305175781,93.38999938964844,64.83214569091797,1221600,
2010-05-21,94.13999938964844,94.20999908447266,93.2699966430664,93.44000244140625,64.86686706542969,1196200,
2010-05-24,93.5199966430664,93.66999816894531,93.33000183105469,93.44000244140625,64.86686706542969,2949400,
2010-05-25,94.02999877929688,94.19999694824219,93.62000274658203,93.76000213623047,65.08904266357422,1064000,
2010-05-26,93.45999908447266,93.5999984741211,93.11000061035156,93.56999969482422,64.95711517333984,551600,
2010-05-27,92.87999725341797,92.9000015258789,92.56999969482422,92.68000030517578,64.33928680419922,522800,
2010-05-28,92.9000015258789,93.13999938964844,92.72000122070312,93.0999984741211,64.63087463378906,511700,
2010-06-01,93.16000366210938,93.19000244140625,92.7300033569336,92.95999908447266,64.71441650390625,978900,"{""dividend_amount"": 0.26}"
2010-06-02,92.91999816894531,93.02999877929688,92.38999938964844,92.43000030517578,64.34541320800781,519100,
2010-06-03,92.13999938964844,92.55999755859375,92.08000183105469,92.30000305175781,64.25491333007812,274300,
2010-06-04,93.19000244140625,93.61000061035156,93.08999633789062,93.58000183105469,65.1460189819336,728300,
2010-06-07,93.47000122070312,93.9800033569336,93.41999816894531,93.95999908447266,65.41057586669922,413800,
2010-06-08,93.68000030517578,93.91999816894531,93.62999725341797,93.66999816894531,65.20870208740234,604300,
2010-06-09,93.41000366210938,93.79000091552734,93.30000305175781,93.68000030517578,65.21560668945312,264000,
2010-06-10,93.29000091552734,93.33000183105469,92.7699966430664,92.80999755859375,64.60995483398438,655200,
2010-06-11,93.23999786376953,93.55999755859375,93.0,93.4000015258789,65.02069091796875,404800,
2010-06-14,92.93000030517578,93.33000183105469,92.80999755859375,93.31999969482422,64.96504211425781,627700,
2010-06-15,93.33999633789062,93.43000030517578,92.9000015258789,93.02999877929688,64.76311492919922,1114400,
2010-06-16,93.30999755859375,93.37000274658203,93.0199966430664,93.29000091552734,64.94415283203125,621900,
2010-06-17,93.38999938964844,93.87000274658203,93.38999938964844,93.7300033569336,65.25041961669922,792500,
2010-06-18,93.66999816894531,93.70999908447266,93.52999877929688,93.54000091552734,65.11817169189453,463400,
2010-06-21,93.02999877929688,93.51000213623047,93.0,93.47000122070312,65.06942749023438,569100,
2010-06-22,93.54000091552734,94.06999969482422,93.48999786376953,94.02999877929688,65.45925903320312,549200,
2010-06-23,94.12000274658203,94.52999877929688,94.0999984741211,94.37999725341797,65.70289611816406,632500,
2010-06-24,94.56999969482422,94.66000366210938,94.16999816894531,94.30000305175781,65.6471939086914,1075100,
2010-06-25,94.20999908447266,94.68000030517578,94.19000244140625,94.44999694824219,65.75165557861328,455400,
2010-06-28,94.77999877929688,95.12999725341797,94.77999877929688,95.12000274658203,66.21807861328125,924300,
2010-06-29,95.33999633789062,95.5999984741211,95.30000305175781,95.52999877929688,66.50348663330078,920400,
2010-06-30,95.61000061035156,95.66999816894531,95.33000183105469,95.66999816894531,66.60096740722656,891500,
2010-07-01,95.43000030517578,95.83999633789062,95.33999633789062,95.37999725341797,66.57166290283203,1293700,"{""dividend_amount"": 0.248}"
2010-07-02,95.20999908447266,95.41999816894531,95.08000183105469,95.20999908447266,66.45301818847656,1072400,
2010-07-06,95.16000366210938,95.56999969482422,95.05000305175781,95.44000244140625,66.61348724365234,914100,
2010-07-07,95.51000213623047,95.5199966430664,95.11000061035156,95.13999938964844,66.4041519165039,473900,
2010-07-08,94.8499984741211,95.04000091552734,94.70999908447266,94.91000366210938,66.2436294555664,508400,
2010-07-09,94.77999877929688,94.86000061035156,94.66000366210938,94.66000366210938,66.06914520263672,439800,
2010-07-12,94.81999969482422,95.05999755859375,94.75,94.81999969482422,66.18079376220703,685200,
2010-07-13,94.62999725341797,94.66999816894531,94.33000183105469,94.3499984741211,65.85272216796875,679700,
2010-07-14,94.68000030517578,94.9800033569336,94.5,94.81999969482422,66.18079376220703,566500,
2010-07-15,95.0199966430664,95.48999786376953,95.0199966430664,95.30999755859375,66.52278137207031,703600,
2010-07-16,95.38999938964844,95.91999816894531,95.38999938964844,95.86000061035156,66.90668487548828,864200,
2010-07-19,95.72000122070312,95.83999633789062,95.5199966430664,95.61000061035156,66.7321548461914,489800,
2010-07-20,95.9000015258789,96.11000061035156,95.69000244140625,95.70999908447266,66.8020248413086,895900,
2010-07-21,95.77999877929688,96.41000366210938,95.7699966430664,96.31999969482422,67.22771453857422,470700,
2010-07-22,96.05000305175781,96.05000305175781,95.77999877929688,95.79000091552734,66.85780334472656,656800,
2010-07-23,95.86000061035156,95.93000030517578,95.1500015258789,95.4800033569336,66.64144897460938,799500,
2010-07-26,95.44000244140625,95.55000305175781,95.2300033569336,95.44999694824219,66.62047576904297,626300,
2010-07-27,95.13999938964844,95.36000061035156,95.0999984741211,95.12000274658203,66.3901596069336,528200,
2010-07-28,95.18000030517578,95.61000061035156,95.0999984741211,95.52999877929688,66.67634582519531,933000,
2010-07-29,95.48999786376953,95.91999816894531,95.43000030517578,95.7300033569336,66.81591796875,737300,
2010-07-30,96.2300033569336,96.3499984741211,96.02999877929688,96.29000091552734,67.20680236816406,563600,
2010-08-02,95.79000091552734,95.91999816894531,95.68000030517578,95.73999786376953,66.9989242553711,1160900,"{""dividend_amount"": 0.253}"
2010-08-03,96.02999877929688,96.26000213623047,95.98999786376953,96.19000244140625,67.3138427734375,911900,
2010-08-04,96.1500015258789,96.16999816894531,95.79000091552734,95.79000091552734,67.03396606445312,777600,
2010-08-05,96.12000274658203,96.29000091552734,96.02999877929688,96.25,67.35586547851562,817400,
2010-08-06,96.68000030517578,96.88999938964844,96.52999877929688,96.87999725341797,67.79669952392578,438400,
2010-08-09,96.75,96.87999725341797,96.69999694824219,96.86000061035156,67.78276062011719,464800,
2010-08-10,96.80999755859375,97.41999816894531,96.72000122070312,97.3499984741211,68.12566375732422,641200,
2010-08-11,97.69999694824219,97.93000030517578,97.63999938964844,97.9000015258789,68.51053619384766,911200,
2010-08-12,97.95999908447266,97.97000122070312,97.55000305175781,97.6500015258789,68.33555603027344,1701100,
2010-08-13,97.83999633789062,98.08999633789062,97.77999877929688,98.06999969482422,68.62948608398438,705800,
2010-08-16,98.66000366210938,98.80999755859375,98.54000091552734,98.77999877929688,69.12633514404297,1453200,
2010-08-17,98.5199966430664,98.54000091552734,98.0999984741211,98.27999877929688,68.7764663696289,774300,
2010-08-18,98.54000091552734,98.66000366210938,98.13999938964844,98.18000030517578,68.70647430419922,1148600,
2010-08-19,98.1500015258789,98.7699966430664,98.12000274658203,98.62000274658203,69.01439666748047,684100,
2010-08-20,98.61000061035156,98.68000030517578,98.25,98.30000305175781,68.7904052734375,306000,
2010-08-23,98.26000213623047,98.5,98.16000366210938,98.43000030517578,68.88146209716797,575600,
2010-08-24,98.97000122070312,99.38999938964844,98.83999633789062,99.20999908447266,69.42724609375,973400,
2010-08-25,99.47000122070312,99.66000366210938,98.66999816894531,98.76000213623047,69.11238098144531,690100,
2010-08-26,98.80999755859375,99.20999908447266,98.70999908447266,99.20999908447266,69.42724609375,845000,
2010-08-27,98.77999877929688,99.12999725341797,97.9000015258789,98.06999969482422,68.62948608398438,1014100,
2010-08-30,98.38999938964844,98.83000183105469,98.30999755859375,98.81999969482422,69.1543197631836,463500,
2010-08-31,99.22000122070312,99.33999633789062,99.01000213623047,99.26000213623047,69.4622573852539,1276700,
2010-09-01,98.63999938964844,98.69000244140625,97.91999816894531,98.30000305175781,68.96205139160156,1268700,"{""dividend_amount"": 0.247}"
2010-09-02,98.06999969482422,98.08999633789062,97.83000183105469,97.88999938964844,68.6744384765625,1273500,
2010-09-03,97.12000274658203,97.5,97.08000183105469,97.33000183105469,68.28157806396484,1308300,
2010-09-07,97.8499984741211,98.12999725341797,97.7300033569336,98.0999984741211,68.82176208496094,778200,
2010-09-08,97.83999633789062,98.0,97.62000274658203,97.83000183105469,68.63239288330078,1124900,
2010-09-09,97.38999938964844,97.47000122070312,97.01000213623047,97.05999755859375,68.0921859741211,929300,
2010-09-10,96.79000091552734,96.9000015258789,96.58000183105469,96.77999877929688,67.89571380615234,725300,
2010-09-13,96.72000122070312,97.30000305175781,96.72000122070312,97.23999786376953,68.2183837890625,1450100,
2010-09-14,97.41999816894531,97.79000091552734,97.41000366210938,97.7300033569336,68.56214904785156,590900,
2010-09-15,97.5999984741211,97.83000183105469,97.33999633789062,97.38999938964844,68.32363891601562,900600,
2010-09-16,97.27999877929688,97.36000061035156,96.86000061035156,97.05000305175781,68.08515167236328,2902900,
2010-09-17,97.33999633789062,97.54000091552734,97.16999816894531,97.2699966430664,68.23944854736328,1738600,
2010-09-20,97.41999816894531,97.56999969482422,97.20999908447266,97.56999969482422,68.4499282836914,619900,
2010-09-21,97.8499984741211,98.48999786376953,97.51000213623047,98.4800033569336,69.08836364746094,1279500,
2010-09-22,98.76000213623047,99.0199966430664,98.55999755859375,98.62999725341797,69.1935806274414,978800,
2010-09-23,99.13999938964844,99.13999938964844,98.55000305175781,98.7699966430664,69.29178619384766,514000,
2010-09-24,98.36000061035156,98.45999908447266,98.23999786376953,98.27999877929688,68.94805908203125,1317500,
2010-09-27,98.63999938964844,99.05000305175781,98.63999938964844,99.04000091552734,69.48119354248047,782100,
2010-09-28,99.06999969482422,99.5,99.05999755859375,99.37000274658203,69.71269989013672,776000,
2010-09-29,99.38999938964844,99.44000244140625,99.08000183105469,99.12999725341797,69.54434204101562,820400,
2010-09-30,99.05999755859375,99.06999969482422,98.4000015258789,99.01000213623047,69.460205078125,813200,
2010-10-01,98.51000213623047,98.94999694824219,98.37999725341797,98.83000183105469,69.4974136352539,846600,"{""dividend_amount"": 0.233}"
2010-10-04,99.02999877929688,99.23999786376953,98.95999908447266,99.18000030517578,69.7435073852539,1260800,
2010-10-05,99.23999786376953,99.30000305175781,99.08999633789062,99.19999694824219,69.75760650634766,1092900,
2010-10-06,99.87999725341797,100.12000274658203,99.75,99.83999633789062,70.20767211914062,614400,
2010-10-07,99.91999816894531,100.05999755859375,99.83000183105469,99.94000244140625,70.2779769897461,534700,
2010-10-08,100.19999694824219,100.37999725341797,99.97000122070312,99.9800033569336,70.30614471435547,868200,
2010-10-11,100.12000274658203,100.19999694824219,99.95999908447266,100.08000183105469,70.37649536132812,400300,
2010-10-12,100.0999984741211,100.26000213623047,99.7300033569336,99.79000091552734,70.1724853515625,991900,
2010-10-13,99.4800033569336,99.83000183105469,99.31999969482422,99.79000091552734,70.1724853515625,473800,
2010-10-14,99.75,99.80999755859375,99.1500015258789,99.22000122070312,69.77172088623047,955100,
2010-10-15,99.08000183105469,99.1500015258789,98.62000274658203,98.79000091552734,69.46925354003906,807100,
2010-10-18,99.2300033569336,99.48999786376953,99.08999633789062,99.26000213623047,69.79981231689453,1149600,
2010-10-19,99.12999725341797,99.73999786376953,99.11000061035156,99.5999984741211,70.03888702392578,763700,
2010-10-20,99.37000274658203,99.76000213623047,99.29000091552734,99.54000091552734,69.99667358398438,615100,
2010-10-21,99.37000274658203,99.45999908447266,98.98999786376953,98.98999786376953,69.60993194580078,594300,
2010-10-22,98.87999725341797,99.11000061035156,98.87000274658203,99.0199966430664,69.63101959228516,643600,
2010-10-25,99.4000015258789,99.5,98.94999694824219,98.98999786376953,69.60993194580078,1436800,
2010-10-26,98.66999816894531,98.72000122070312,98.33000183105469,98.33000183105469,69.14584350585938,831800,
2010-10-27,98.12000274658203,98.19000244140625,97.75,97.76000213623047,68.74504089355469,1223500,
2010-10-28,98.12999725341797,98.41999816894531,98.08000183105469,98.33000183105469,69.14584350585938,738700,
2010-10-29,98.54000091552734,98.83999633789062,98.48999786376953,98.7699966430664,69.45523071289062,768600,
2010-11-01,98.83999633789062,98.83999633789062,98.30000305175781,98.37000274658203,69.33898162841797,1042700,"{""dividend_amount"": 0.235}"
2010-11-02,98.62000274658203,98.7300033569336,98.55999755859375,98.69999694824219,69.57154083251953,356700,
2010-11-03,99.02999877929688,99.19000244140625,98.41999816894531,99.0199966430664,69.79707336425781,912000,
2010-11-04,99.5999984741211,99.94999694824219,99.5999984741211,99.81999969482422,70.3609619140625,1092500,
2010-11-05,99.68000030517578,99.8499984741211,99.4000015258789,99.4000015258789,70.06494140625,1108100,
2010-11-08,99.55000305175781,99.66999816894531,99.31999969482422,99.43000030517578,70.08610534667969,469400,
2010-11-09,99.43000030517578,99.4800033569336,98.55999755859375,98.58999633789062,69.49398803710938,744600,
2010-11-10,98.6500015258789,99.04000091552734,98.05999755859375,98.95999908447266,69.75479125976562,1298900,
2010-11-11,99.0199966430664,99.06999969482422,98.58000183105469,98.8499984741211,69.67724609375,403500,
2010-11-12,98.61000061035156,98.80000305175781,98.0199966430664,98.02999877929688,69.0992660522461,2041400,
2010-11-15,97.45999908447266,97.7300033569336,96.76000213623047,96.7699966430664,68.21112823486328,1174200,
2010-11-16,97.19999694824219,97.54000091552734,96.6500015258789,97.48999786376953,68.71864318847656,954600,
2010-11-17,97.5199966430664,97.7699966430664,97.08999633789062,97.20999908447266,68.52127075195312,580200,
2010-11-18,96.95999908447266,97.05000305175781,96.5999984741211,96.9800033569336,68.35916137695312,2968200,
2010-11-19,96.97000122070312,97.19000244140625,96.91999816894531,97.18000030517578,68.50015258789062,530600,
2010-11-22,97.4800033569336,97.70999908447266,97.37000274658203,97.69999694824219,68.86666870117188,495400,
2010-11-23,98.08999633789062,98.2300033569336,97.79000091552734,97.9000015258789,69.00763702392578,659400,
2010-11-24,97.48999786376953,97.54000091552734,96.77999877929688,96.8499984741211,68.26749420166016,1112700,
2010-11-26,97.11000061035156,97.27999877929688,97.0199966430664,97.2699966430664,68.56354522705078,210100,
2010-11-29,97.55000305175781,97.61000061035156,97.30000305175781,97.4800033569336,68.71158599853516,527800,
2010-11-30,98.01000213623047,98.02999877929688,97.55999755859375,97.6500015258789,68.83141326904297,874200,
2010-12-01,96.41000366210938,96.68000030517578,96.08000183105469,96.12999725341797,67.9262466430664,1967700,"{""dividend_amount"": 0.239}"
2010-12-02,96.06999969482422,96.3499984741211,95.87000274658203,95.88999938964844,67.75665283203125,983500,
2010-12-03,96.5,96.54000091552734,95.80000305175781,95.9000015258789,67.76374053955078,374500,
2010-12-06,96.36000061035156,96.51000213623047,96.16999816894531,96.5,68.18771362304688,902000,
2010-12-07,95.6500015258789,95.73999786376953,94.66999816894531,94.9000015258789,67.05712127685547,1335700,
2010-12-08,94.25,94.29000091552734,93.43000030517578,94.08999633789062,66.48479461669922,2155300,
2010-12-09,94.33000183105469,94.51000213623047,93.9000015258789,94.29000091552734,66.62606811523438,1664700,
2010-12-10,93.9800033569336,94.08999633789062,93.48999786376953,93.48999786376953,66.06079864501953,1002400,
2010-12-13,93.3499984741211,94.05999755859375,93.20999908447266,93.79000091552734,66.27275848388672,1323400,
2010-12-14,93.4000015258789,93.62000274658203,92.5,92.80000305175781,65.5732650756836,1878500,
2010-12-15,93.04000091552734,93.20999908447266,92.0999984741211,92.41999816894531,65.30472564697266,1871900,
2010-12-16,92.45999908447266,92.98999786376953,92.05999755859375,92.97000122070312,65.69336700439453,1351000,
2010-12-17,93.19999694824219,93.87000274658203,93.12000274658203,93.7699966430664,66.25862884521484,1361700,
2010-12-20,94.12000274658203,94.36000061035156,93.55000305175781,93.76000213623047,66.25160217285156,804000,
2010-12-21,93.91999816894531,93.97000122070312,93.47000122070312,93.95999908447266,66.3929214477539,848500,
2010-12-22,93.91000366210938,93.94999694824219,93.56999969482422,93.69999694824219,66.20919036865234,308900,
2010-12-23,93.54000091552734,93.54000091552734,93.23999786376953,93.37000274658203,65.9760513305664,540600,
2010-12-27,93.37000274658203,93.7699966430664,93.12000274658203,93.7300033569336,66.23037719726562,407100,
2010-12-28,93.31999969482422,93.37000274658203,92.5,92.5,65.53468322753906,955200,"{""dividend_amount"": 0.248}"
2010-12-29,92.61000061035156,93.69999694824219,92.47000122070312,93.54000091552734,66.27151489257812,1362200,
2010-12-30,93.36000061035156,93.48999786376953,93.04000091552734,93.3499984741211,66.1368637084961,529800,
2010-12-31,93.43000030517578,94.1500015258789,93.41000366210938,93.81999969482422,66.46983337402344,674300,
2011-01-03,93.19000244140625,93.79000091552734,93.04000091552734,93.52999877929688,66.2643814086914,1396100,
2011-01-04,93.6500015258789,93.87999725341797,93.4800033569336,93.75,66.42029571533203,1234100,
2011-01-05,93.05999755859375,93.16999816894531,92.55000305175781,92.73999786376953,65.70469665527344,1111900,
2011-01-06,93.01000213623047,93.29000091552734,92.83999633789062,93.22000122070312,66.04480743408203,1452400,
2011-01-07,93.30000305175781,94.01000213623047,93.18000030517578,93.83999633789062,66.48397064208984,736500,
2011-01-10,94.01000213623047,94.16000366210938,93.81999969482422,94.16000366210938,66.71075439453125,1096400,
2011-01-11,94.04000091552734,94.04000091552734,93.55999755859375,93.79000091552734,66.4486312866211,760400,
2011-01-12,93.41000366210938,93.69000244140625,93.23999786376953,93.5199966430664,66.25735473632812,753000,
2011-01-13,93.48999786376953,94.1500015258789,93.45999908447266,94.1500015258789,66.70366668701172,1051500,
2011-01-14,94.33000183105469,94.43000030517578,93.86000061035156,93.88999938964844,66.51947784423828,734500,
2011-01-18,93.68000030517578,93.83999633789062,93.33999633789062,93.66000366210938,66.35650634765625,1063800,
2011-01-19,93.62000274658203,93.97000122070312,93.61000061035156,93.9000015258789,66.52655029296875,732200,
2011-01-20,93.48999786376953,93.55999755859375,92.94000244140625,93.16999816894531,66.00931549072266,697000,
2011-01-21,93.0999984741211,93.4800033569336,92.9800033569336,93.4800033569336,66.22901153564453,523900,
2011-01-24,93.5199966430664,93.66000366210938,93.43000030517578,93.48999786376953,66.23607635498047,497800,
2011-01-25,93.66999816894531,94.18000030517578,93.41000366210938,93.95999908447266,66.56898498535156,1126500,
2011-01-26,93.76000213623047,93.7699966430664,93.30000305175781,93.38999938964844,66.16519927978516,869900,
2011-01-27,93.47000122070312,93.80000305175781,93.26000213623047,93.73999786376953,66.41319274902344,531500,
2011-01-28,93.51000213623047,94.31999969482422,93.48999786376953,94.16999816894531,66.71784973144531,1056600,
2011-01-31,94.06999969482422,94.20999908447266,93.69000244140625,93.80000305175781,66.4556884765625,555100,
2011-02-01,93.25,93.36000061035156,93.0199966430664,93.12999725341797,66.146728515625,1009200,"{""dividend_amount"": 0.235}"
2011-02-02,93.37000274658203,93.41999816894531,92.76000213623047,92.91000366210938,65.99042510986328,1120000,
2011-02-03,92.58999633789062,92.7699966430664,92.33999633789062,92.37999725341797,65.6140365600586,1310900,
2011-02-04,92.13999938964844,92.2699966430664,91.6500015258789,91.80999755859375,65.20917510986328,1523900,
2011-02-07,91.56999969482422,91.80000305175781,91.45999908447266,91.7699966430664,65.1807632446289,850700,
2011-02-08,91.69999694824219,91.77999877929688,91.06999969482422,91.13999938964844,64.73328399658203,997200,
2011-02-09,91.31999969482422,91.8499984741211,91.0999984741211,91.66000366210938,65.10265350341797,786000,
2011-02-10,91.55999755859375,91.69999694824219,91.27999877929688,91.36000061035156,64.88951110839844,617000,
2011-02-11,91.76000213623047,92.0199966430664,91.5999984741211,91.77999877929688,65.18789672851562,1492700,
2011-02-14,91.6500015258789,92.0199966430664,91.6500015258789,91.80999755859375,65.20917510986328,1311100,
2011-02-15,91.77999877929688,92.04000091552734,91.75,92.0199966430664,65.35832214355469,603700,
2011-02-16,91.91999816894531,92.16000366210938,91.68000030517578,91.88999938964844,65.26599884033203,620100,
2011-02-17,92.23999786376953,92.37999725341797,92.11000061035156,92.2300033569336,65.50745391845703,776500,
2011-02-18,91.98999786376953,92.22000122070312,91.86000061035156,92.20999908447266,65.49327850341797,418400,
2011-02-22,92.5199966430664,93.11000061035156,92.47000122070312,93.0999984741211,66.12542724609375,1383500,
2011-02-23,93.08000183105469,93.25,92.80000305175781,92.87000274658203,65.96206665039062,651700,
2011-02-24,93.1500015258789,93.3499984741211,93.0,93.11000061035156,66.13256072998047,508800,
2011-02-25,93.08000183105469,93.41000366210938,93.08000183105469,93.41000366210938,66.3456039428711,571900,
2011-02-28,93.41999816894531,93.48999786376953,93.33000183105469,93.37000274658203,66.31717681884766,372400,
2011-03-01,92.7300033569336,93.30000305175781,92.69000244140625,93.26000213623047,66.39260864257812,530800,"{""dividend_amount"": 0.216}"
2011-03-02,93.0999984741211,93.29000091552734,92.7699966430664,92.7699966430664,66.04374694824219,425400,
2011-03-03,92.44999694824219,92.5,92.12000274658203,92.13999938964844,65.5953369140625,616800,
2011-03-04,92.36000061035156,92.81999969482422,92.33000183105469,92.80000305175781,66.06513977050781,637300,
2011-03-07,92.41000366210938,92.9000015258789,92.36000061035156,92.56999969482422,65.90142822265625,489600,
2011-03-08,92.5199966430664,92.62000274658203,92.33999633789062,92.3499984741211,65.74481201171875,538100,
2011-03-09,92.55999755859375,93.05999755859375,92.44000244140625,92.88999938964844,66.12924194335938,626000,
2011-03-10,93.13999938964844,93.68000030517578,93.0,93.68000030517578,66.69161987304688,1576500,
2011-03-11,93.69000244140625,93.7300033569336,93.33000183105469,93.45999908447266,66.53504943847656,690300,
2011-03-14,93.73999786376953,93.9800033569336,93.66999816894531,93.66999816894531,66.68451690673828,806200,
2011-03-15,94.52999877929688,94.66000366210938,93.97000122070312,94.01000213623047,66.92656707763672,1661100,
2011-03-16,94.4800033569336,95.29000091552734,94.31999969482422,94.80999755859375,67.49610137939453,1588800,
2011-03-17,94.52999877929688,94.72000122070312,94.26000213623047,94.5199966430664,67.28961181640625,639900,
2011-03-18,94.2300033569336,94.5199966430664,94.19999694824219,94.45999908447266,67.2469253540039,1513200,
2011-03-21,94.1500015258789,94.18000030517578,93.73999786376953,93.97000122070312,66.8980941772461,1029000,
2011-03-22,93.80000305175781,94.02999877929688,93.77999877929688,94.0199966430664,66.9336929321289,573500,
2011-03-23,94.29000091552734,94.33000183105469,93.77999877929688,93.9000015258789,66.8482894897461,696900,
2011-03-24,93.62999725341797,93.76000213623047,93.37999725341797,93.41999816894531,66.5065689086914,1098100,
2011-03-25,93.58000183105469,93.62000274658203,93.0999984741211,93.16999816894531,66.32862091064453,782400,
2011-03-28,93.04000091552734,93.27999877929688,92.94999694824219,93.19999694824219,66.34992218017578,634900,
2011-03-29,93.08999633789062,93.33000183105469,92.80000305175781,92.93000030517578,66.15775299072266,1047300,
2011-03-30,92.94999694824219,93.27999877929688,92.91999816894531,93.25,66.38556671142578,773500,
2011-03-31,93.41000366210938,93.44000244140625,92.97000122070312,93.01000213623047,66.21469116210938,1093100,
2011-04-01,92.54000091552734,92.95999908447266,92.51000213623047,92.95999908447266,66.35595703125,1062700,"{""dividend_amount"": 0.248}"
2011-04-04,93.08999633789062,93.30999755859375,93.0199966430664,93.16999816894531,66.50592803955078,886100,
2011-04-05,93.02999877929688,93.08999633789062,92.61000061035156,92.69999694824219,66.17041778564453,777000,
2011-04-06,92.58000183105469,92.58000183105469,92.26000213623047,92.30000305175781,65.88490295410156,857500,
2011-04-07,92.31999969482422,92.4800033569336,92.12000274658203,92.30999755859375,65.89202880859375,743800,
2011-04-08,92.01000213623047,92.20999908447266,91.94000244140625,92.04000091552734,65.69925689697266,595100,
2011-04-11,92.06999969482422,92.2699966430664,91.95999908447266,92.16000366210938,65.78497314453125,364200,
2011-04-12,92.55000305175781,92.87000274658203,92.52999877929688,92.68000030517578,66.15613555908203,1055400,
2011-04-13,92.48999786376953,93.04000091552734,92.45999908447266,93.04000091552734,66.41309356689453,678700,
2011-04-14,93.19000244140625,93.19000244140625,92.7300033569336,92.7300033569336,66.19185638427734,1036300,
2011-04-15,93.2699966430664,93.44999694824219,93.1500015258789,93.41000366210938,66.67720794677734,881400,
2011-04-18,93.33999633789062,93.75,93.13999938964844,93.63999938964844,66.84139251708984,902400,
2011-04-19,93.62999725341797,93.8499984741211,93.5999984741211,93.76000213623047,66.92710876464844,532000,
2011-04-20,93.62999725341797,93.6500015258789,93.36000061035156,93.38999938964844,66.66290283203125,708200,
2011-04-21,93.47000122070312,93.69000244140625,93.43000030517578,93.45999908447266,66.71295166015625,670600,
2011-04-25,93.56999969482422,93.81999969482422,93.5199966430664,93.79000091552734,66.94847106933594,826200,
2011-04-26,93.9000015258789,94.19000244140625,93.8499984741211,94.19000244140625,67.23397827148438,519700,
2011-04-27,93.87000274658203,93.97000122070312,93.66000366210938,93.91999816894531,67.04127502441406,1379500,
2011-04-28,94.18000030517578,94.3499984741211,94.0,94.27999877929688,67.2982406616211,975600,
2011-04-29,94.1500015258789,94.4800033569336,94.11000061035156,94.47000122070312,67.43385314941406,436000,
2011-05-02,94.13999938964844,94.38999938964844,94.08000183105469,94.19999694824219,67.41313171386719,632300,"{""dividend_amount"": 0.241}"
2011-05-03,94.41000366210938,94.5,94.2699966430664,94.44999694824219,67.59201049804688,1660700,
2011-05-04,94.45999908447266,94.77999877929688,94.45999908447266,94.69000244140625,67.7637710571289,1169500,
2011-05-05,94.9000015258789,95.19000244140625,94.8499984741211,95.16000366210938,68.10012817382812,898400,
2011-05-06,94.7699966430664,95.38999938964844,94.72000122070312,95.20999908447266,68.13589477539062,1034800,
2011-05-09,95.2300033569336,95.38999938964844,95.20999908447266,95.3499984741211,68.23612213134766,559600,
2011-05-10,95.13999938964844,95.19999694824219,94.86000061035156,94.88999938964844,67.90692138671875,661600,
2011-05-11,94.8499984741211,95.2699966430664,94.76000213623047,95.2300033569336,68.15023040771484,611100,
2011-05-12,95.26000213623047,95.3499984741211,94.87999725341797,95.0199966430664,67.99993896484375,652000,
2011-05-13,95.2699966430664,95.70999908447266,95.2300033569336,95.38999938964844,68.26472473144531,494100,
2011-05-16,95.41999816894531,95.63999938964844,95.26000213623047,95.62000274658203,68.4293441772461,590800,
2011-05-17,95.83000183105469,95.97000122070312,95.70999908447266,95.9000015258789,68.62967681884766,986400,
2011-05-18,95.80000305175781,95.83000183105469,95.3499984741211,95.3499984741211,68.23612213134766,790700,
2011-05-19,94.98999786376953,95.48999786376953,94.94999694824219,95.44999694824219,68.30766296386719,718000,
2011-05-20,95.44999694824219,95.70999908447266,95.44000244140625,95.68000030517578,68.47223663330078,669600,
2011-05-23,96.05999755859375,96.08999633789062,95.76000213623047,95.80999755859375,68.56524658203125,928000,
2011-05-24,95.69000244140625,95.9800033569336,95.63999938964844,95.91000366210938,68.6368408203125,639300,
2011-05-25,96.0199966430664,96.08000183105469,95.80000305175781,95.91999816894531,68.64399719238281,1345600,
2011-05-26,96.05000305175781,96.44999694824219,96.0199966430664,96.44999694824219,69.02333068847656,806200,
2011-05-27,96.33999633789062,96.51000213623047,96.30999755859375,96.44000244140625,69.01616668701172,943800,
2011-05-31,96.2699966430664,96.62999725341797,96.22000122070312,96.58999633789062,69.12349700927734,2917900,
2011-06-01,96.69999694824219,97.16999816894531,96.66000366210938,97.13999938964844,69.69315338134766,2997200,"{""dividend_amount"": 0.244}"
2011-06-02,96.75,97.0,96.55000305175781,96.55999755859375,69.27702331542969,1744400,
2011-06-03,97.19000244140625,97.19000244140625,96.68000030517578,96.94000244140625,69.54962158203125,1531200,
2011-06-06,96.70999908447266,96.97000122070312,96.62999725341797,96.87999725341797,69.506591796875,1106900,
2011-06-07,96.68000030517578,97.08000183105469,96.51000213623047,97.05999755859375,69.63577270507812,1710300,
2011-06-08,97.12000274658203,97.41000366210938,97.08000183105469,97.2699966430664,69.78639221191406,1471600,
2011-06-09,97.30000305175781,97.37999725341797,96.77999877929688,96.87999725341797,69.506591796875,1016900,
2011-06-10,97.11000061035156,97.37999725341797,97.0999984741211,97.19000244140625,69.72907257080078,1020500,
2011-06-13,96.95999908447266,97.31999969482422,96.9000015258789,96.9800033569336,69.57831573486328,1009900,
2011-06-14,96.47000122070312,96.55000305175781,96.19999694824219,96.20999908447266,69.0259017944336,2088800,
2011-06-15,96.44999694824219,97.26000213623047,96.44999694824219,97.25,69.77202606201172,1352300,
2011-06-16,97.37999725341797,97.66999816894531,97.22000122070312,97.5199966430664,69.96578216552734,1958400,
2011-06-17,97.30999755859375,97.51000213623047,97.23999786376953,97.44999694824219,69.91553497314453,998000,
2011-06-20,97.58000183105469,97.58000183105469,97.16000366210938,97.30000305175781,69.80793762207031,774100,
2011-06-21,97.2300033569336,97.33000183105469,97.0,97.16999816894531,69.71461486816406,1064900,
2011-06-22,97.38999938964844,97.44999694824219,96.98999786376953,97.12999725341797,69.68598937988281,1119300,
2011-06-23,97.55999755859375,97.87000274658203,97.55999755859375,97.63999938964844,70.05184173583984,1264700,
2011-06-24,97.69000244140625,98.19000244140625,97.66999816894531,98.05000305175781,70.34601593017578,997200,
2011-06-27,98.12999725341797,98.1500015258789,97.62000274658203,97.66999816894531,70.07335662841797,1185700,
2011-06-28,97.5199966430664,97.55000305175781,96.58999633789062,96.7699966430664,69.42772674560547,1315300,
2011-06-29,96.58000183105469,96.66999816894531,96.12999725341797,96.19000244140625,69.01155090332031,1376300,
2011-06-30,96.4000015258789,96.41000366210938,95.5199966430664,95.86000061035156,68.77481842041016,1948200,
2011-07-01,95.76000213623047,95.80000305175781,95.25,95.38999938964844,68.60289764404297,1921800,"{""dividend_amount"": 0.231}"
2011-07-05,95.79000091552734,96.0199966430664,95.73999786376953,95.98999786376953,69.03443908691406,2896800,
2011-07-06,96.2300033569336,96.4000015258789,96.08000183105469,96.16000366210938,69.15669250488281,1234900,
2011-07-07,95.83000183105469,95.86000061035156,95.6500015258789,95.79000091552734,68.8906478881836,1289100,
2011-07-08,96.58000183105469,96.9000015258789,96.54000091552734,96.80999755859375,69.62416076660156,1278100,
2011-07-11,97.25,97.55999755859375,97.12999725341797,97.55000305175781,70.1563720703125,1158800,
2011-07-12,97.69000244140625,97.72000122070312,97.36000061035156,97.69000244140625,70.25702667236328,1205400,
2011-07-13,97.48999786376953,97.86000061035156,97.30000305175781,97.8499984741211,70.3720703125,1247900,
2011-07-14,97.48999786376953,97.72000122070312,97.27999877929688,97.29000091552734,69.96937561035156,959000,
2011-07-15,97.1500015258789,97.73999786376953,97.12999725341797,97.69000244140625,70.25702667236328,874200,
2011-07-18,97.77999877929688,97.9000015258789,97.55999755859375,97.62999725341797,70.21388244628906,883600,
2011-07-19,97.52999877929688,98.0,97.44000244140625,98.0,70.47993469238281,1211400,
2011-07-20,97.70999908447266,97.77999877929688,97.47000122070312,97.5199966430664,70.13477325439453,752900,
2011-07-21,97.29000091552734,97.4000015258789,96.79000091552734,96.9800033569336,69.74641418457031,1211000,
2011-07-22,97.19000244140625,97.36000061035156,97.13999938964844,97.3499984741211,70.01248168945312,813700,
2011-07-25,97.0,97.5199966430664,96.91999816894531,97.04000091552734,69.78961944580078,1541700,
2011-07-26,97.19000244140625,97.56999969482422,97.1500015258789,97.44999694824219,70.08448791503906,655600,
2011-07-27,97.30999755859375,97.54000091552734,97.06999969482422,97.29000091552734,69.96937561035156,1066600,
2011-07-28,97.58999633789062,97.63999938964844,97.4000015258789,97.4800033569336,70.10597229003906,671500,
2011-07-29,98.02999877929688,98.79000091552734,98.0,98.66000366210938,70.95469665527344,1602200,
2011-08-01,98.30999755859375,98.98999786376953,98.30000305175781,98.77999877929688,71.21278381347656,2389600,"{""dividend_amount"": 0.238}"
2011-08-02,99.12000274658203,99.79000091552734,98.94000244140625,99.69000244140625,71.86882019042969,2287600,
2011-08-03,99.69000244140625,100.12999725341797,99.58999633789062,99.7699966430664,71.92644500732422,1922600,
2011-08-04,99.91000366210938,101.11000061035156,99.87000274658203,101.08999633789062,72.87805938720703,2813700,
2011-08-05,100.30000305175781,100.9000015258789,99.79000091552734,99.91999816894531,72.03458404541016,3041500,
2011-08-08,100.61000061035156,101.63999938964844,100.54000091552734,101.51000213623047,73.18082427978516,5178100,
2011-08-09,101.20999908447266,103.76000213623047,101.0,102.0999984741211,73.60624694824219,3768400,
2011-08-10,102.8499984741211,103.69000244140625,102.4800033569336,103.44999694824219,74.57941436767578,2768900,
2011-08-11,102.7699966430664,103.02999877929688,101.66999816894531,101.93000030517578,73.48363494873047,2344700,
2011-08-12,102.25,102.69000244140625,102.12999725341797,102.63999938964844,73.99549865722656,1176300,
2011-08-15,102.52999877929688,102.72000122070312,102.25,102.26000213623047,73.72156524658203,986300,
2011-08-16,102.30999755859375,103.02999877929688,102.29000091552734,102.7300033569336,74.06040954589844,2025400,
2011-08-17,102.91000366210938,103.44999694824219,102.62000274658203,103.44999694824219,74.57941436767578,826200,
2011-08-18,104.13999938964844,104.72000122070312,103.75,103.98999786376953,74.96871185302734,2211800,
2011-08-19,103.97000122070312,104.0999984741211,103.62000274658203,104.0999984741211,75.04805755615234,683200,
2011-08-22,103.63999938964844,103.94999694824219,103.58000183105469,103.91000366210938,74.9111099243164,913600,
2011-08-23,103.5999984741211,104.12999725341797,103.45999908447266,103.48999786376953,74.60832214355469,1414200,
2011-08-24,103.33000183105469,103.3499984741211,102.37999725341797,102.37999725341797,73.80805206298828,1089800,
2011-08-25,102.6500015258789,103.12000274658203,102.55999755859375,103.01000213623047,74.2622299194336,1391200,
2011-08-26,103.47000122070312,103.7699966430664,103.0199966430664,103.33999633789062,74.50012969970703,1080300,
2011-08-29,102.52999877929688,102.8499984741211,102.52999877929688,102.66000366210938,74.00990295410156,1106000,
2011-08-30,103.19000244140625,103.58000183105469,103.16000366210938,103.37000274658203,74.5218276977539,693800,
2011-08-31,103.61000061035156,103.62000274658203,102.9800033569336,103.0,74.25505065917969,1069300,
2011-09-01,103.05000305175781,103.5999984741211,102.5,103.58999633789062,74.84674072265625,1566800,"{""dividend_amount"": 0.229}"
2011-09-02,104.25,104.66000366210938,104.01000213623047,104.54000091552734,75.5332260131836,1137900,
2011-09-06,105.01000213623047,105.05999755859375,104.58000183105469,104.68000030517578,75.63433074951172,1200500,
2011-09-07,104.2699966430664,104.48999786376953,104.04000091552734,104.12000274658203,75.2297592163086,945800,
2011-09-08,104.44999694824219,104.66000366210938,104.19000244140625,104.62999725341797,75.59822082519531,935700,
2011-09-09,104.81999969482422,105.29000091552734,104.73999786376953,105.13999938964844,75.96669006347656,1014200,
2011-09-12,105.04000091552734,105.18000030517578,104.80000305175781,104.81999969482422,75.73546600341797,2177800,
2011-09-13,104.70999908447266,104.80999755859375,104.41999816894531,104.51000213623047,75.51150512695312,932600,
2011-09-14,104.51000213623047,104.80999755859375,104.30000305175781,104.56999969482422,75.55487823486328,1214000,
2011-09-15,103.79000091552734,103.9800033569336,103.5999984741211,103.79000091552734,74.99127960205078,1037900,
2011-09-16,103.58999633789062,104.0199966430664,103.55000305175781,103.98999786376953,75.13577270507812,699000,
2011-09-19,104.76000213623047,105.02999877929688,104.69999694824219,104.83999633789062,75.74990844726562,896500,
2011-09-20,104.81999969482422,104.9800033569336,104.70999908447266,104.9800033569336,75.85115814208984,1005000,
2011-09-21,104.94000244140625,105.56999969482422,104.79000091552734,105.43000030517578,76.17628479003906,929500,
2011-09-22,106.30999755859375,106.66000366210938,106.0,106.41000366210938,76.88433837890625,3436500,
2011-09-23,106.3499984741211,106.44000244140625,105.5199966430664,105.52999877929688,76.24850463867188,1764700,
2011-09-26,105.33999633789062,105.5,105.0,105.08999633789062,75.93061065673828,1214800,
2011-09-27,104.33000183105469,104.51000213623047,104.16999816894531,104.38999938964844,75.4247817993164,1159700,
2011-09-28,104.30999755859375,104.41000366210938,103.80000305175781,104.41000366210938,75.43926239013672,1270500,
2011-09-29,104.2300033569336,104.69999694824219,104.0999984741211,104.41000366210938,75.43926239013672,1096000,
2011-09-30,105.06999969482422,105.16999816894531,104.69999694824219,105.06999969482422,75.91610717773438,1604500,
2011-10-03,105.08000183105469,105.83000183105469,104.97000122070312,105.83000183105469,76.6191177368164,2105600,"{""dividend_amount"": 0.211}"
2011-10-04,106.05999755859375,106.26000213623047,105.29000091552734,105.29000091552734,76.22818756103516,2056100,
2011-10-05,105.18000030517578,105.23999786376953,104.76000213623047,104.8499984741211,75.90962219238281,1174300,
2011-10-06,104.58000183105469,104.70999908447266,104.08999633789062,104.12000274658203,75.3811264038086,1336400,
2011-10-07,103.58000183105469,103.87999725341797,103.25,103.58000183105469,74.99015808105469,2276300,
2011-10-10,102.69000244140625,102.93000030517578,102.12999725341797,102.48999786376953,74.2010498046875,803900,
2011-10-11,102.9800033569336,103.06999969482422,102.72000122070312,102.83000183105469,74.44713592529297,978400,
2011-10-12,102.41000366210938,102.6500015258789,102.05000305175781,102.4800033569336,74.19377899169922,2324400,
2011-10-13,102.80000305175781,103.23999786376953,102.69999694824219,102.88999938964844,74.49060821533203,1474100,
2011-10-14,102.36000061035156,102.58999633789062,102.2300033569336,102.37999725341797,74.12140655517578,703100,
2011-10-17,102.55999755859375,103.08000183105469,102.55999755859375,103.05000305175781,74.60643768310547,1274600,
2011-10-18,103.16000366210938,103.44999694824219,102.70999908447266,102.94000244140625,74.52678680419922,912600,
2011-10-19,102.80999755859375,103.29000091552734,102.73999786376953,103.0999984741211,74.64265441894531,733400,
2011-10-20,102.97000122070312,103.44999694824219,102.61000061035156,102.88999938964844,74.49060821533203,700200,
2011-10-21,102.80000305175781,102.98999786376953,102.5199966430664,102.69999694824219,74.35302734375,1276000,
2011-10-24,102.76000213623047,102.80999755859375,102.52999877929688,102.6500015258789,74.31686401367188,1381500,
2011-10-25,102.55999755859375,103.56999969482422,102.55000305175781,103.52999877929688,74.9539794921875,1020200,
2011-10-26,103.23999786376953,103.48999786376953,102.75,102.7699966430664,74.40375518798828,989900,
2011-10-27,102.13999938964844,102.31999969482422,101.36000061035156,101.52999877929688,73.5059814453125,1636600,
2011-10-28,101.9000015258789,102.2699966430664,101.87999725341797,102.13999938964844,73.94762420654297,936300,
2011-10-31,102.79000091552734,103.51000213623047,102.73999786376953,103.51000213623047,74.93944549560547,1182700,
2011-11-01,104.2300033569336,104.58000183105469,103.86000061035156,104.54000091552734,75.83831024169922,2251700,"{""dividend_amount"": 0.209}"
2011-11-02,103.9000015258789,104.4000015258789,103.81999969482422,104.29000091552734,75.65695190429688,1088000,
2011-11-03,103.80000305175781,104.16999816894531,103.70999908447266,103.80000305175781,75.30154418945312,739700,
2011-11-04,103.81999969482422,104.20999908447266,103.76000213623047,104.11000061035156,75.52632141113281,735400,
2011-11-07,104.05000305175781,104.6500015258789,103.97000122070312,104.2300033569336,75.6134033203125,844100,
2011-11-08,104.11000061035156,104.4000015258789,103.69000244140625,103.76000213623047,75.27244567871094,418300,
2011-11-09,104.62999725341797,104.88999938964844,103.7699966430664,104.68000030517578,75.93987274169922,760300,
2011-11-10,104.25,104.52999877929688,103.83999633789062,104.16999816894531,75.56989288330078,664200,
2011-11-11,103.88999938964844,103.91000366210938,103.58000183105469,103.69000244140625,75.2216567993164,323600,
2011-11-14,104.08000183105469,104.41000366210938,104.02999877929688,104.33999633789062,75.69324493408203,586500,
2011-11-15,104.4000015258789,104.66999816894531,104.08999633789062,104.19999694824219,75.59164428710938,480100,
2011-11-16,104.51000213623047,104.5999984741211,104.23999786376953,104.58000183105469,75.86730194091797,335200,
2011-11-17,104.41000366210938,105.01000213623047,104.33000183105469,104.79000091552734,76.01966094970703,805500,
2011-11-18,104.61000061035156,104.70999908447266,104.25,104.4000015258789,75.73677825927734,1883100,
2011-11-21,104.75,104.91000366210938,104.63999938964844,104.69000244140625,75.94710540771484,692300,
2011-11-22,104.79000091552734,105.02999877929688,104.55999755859375,105.01000213623047,76.17927551269531,2619500,
2011-11-23,104.77999877929688,105.43000030517578,104.70999908447266,105.37000274658203,76.44039916992188,2189500,
2011-11-25,104.9800033569336,104.9800033569336,104.68000030517578,104.69999694824219,75.95436096191406,466700,
2011-11-28,103.95999908447266,104.83999633789062,103.91999816894531,104.70999908447266,75.9616470336914,1286600,
2011-11-29,104.38999938964844,104.76000213623047,104.12999725341797,104.51000213623047,75.81653594970703,602100,
2011-11-30,104.02999877929688,104.19999694824219,103.80999755859375,103.9000015258789,75.37403106689453,962800,
2011-12-01,103.5,103.87999725341797,103.29000091552734,103.66999816894531,75.35218811035156,1027100,"{""dividend_amount"": 0.2}"
2011-12-02,103.48999786376953,104.16999816894531,103.47000122070312,104.12999725341797,75.68657684326172,892400,
2011-12-05,103.56999969482422,104.20999908447266,103.56999969482422,104.06999969482422,75.64297485351562,979100,
2011-12-06,103.7699966430664,104.0199966430664,103.6500015258789,103.80000305175781,75.44673919677734,543000,
2011-12-07,104.01000213623047,104.3499984741211,103.91000366210938,104.2699966430664,75.78828430175781,739300,
2011-12-08,104.2300033569336,104.80999755859375,104.12000274658203,104.80000305175781,76.1735610961914,658200,
2011-12-09,104.70999908447266,104.7699966430664,104.08000183105469,104.08000183105469,75.65020751953125,961100,
2011-12-12,104.47000122070312,104.68000030517578,104.37000274658203,104.44000244140625,75.91189575195312,1068900,
2011-12-13,104.23999786376953,105.01000213623047,104.1500015258789,104.91999816894531,76.26075744628906,512500,
2011-12-14,105.0199966430664,105.37999725341797,104.91000366210938,105.36000061035156,76.58063507080078,760100,
2011-12-15,105.05000305175781,105.37000274658203,105.02999877929688,105.2699966430664,76.51513671875,968900,
2011-12-16,105.43000030517578,105.9000015258789,105.43000030517578,105.77999877929688,76.88583374023438,748700,
2011-12-19,105.75,106.18000030517578,105.68000030517578,106.13999938964844,77.14749145507812,1126600,
2011-12-20,105.69999694824219,105.69999694824219,105.18000030517578,105.18000030517578,76.4497299194336,1365000,
2011-12-21,105.31999969482422,105.37000274658203,104.83000183105469,104.83999633789062,76.20265197753906,479000,
2011-12-22,105.1500015258789,105.31999969482422,104.94000244140625,104.97000122070312,76.2971420288086,731900,
2011-12-23,104.72000122070312,104.77999877929688,104.37999725341797,104.54000091552734,75.98452758789062,435500,
2011-12-27,104.43000030517578,104.44000244140625,104.25,104.41000366210938,76.02754974365234,616500,"{""dividend_amount"": 0.189}"
2011-12-28,104.58000183105469,105.18000030517578,104.54000091552734,105.06999969482422,76.50813293457031,919900,
2011-12-29,105.02999877929688,105.31999969482422,104.91000366210938,105.19999694824219,76.60276794433594,556000,
2011-12-30,105.33000183105469,106.04000091552734,105.27999877929688,105.56999969482422,76.8721923828125,1230000,
2012-01-03,104.9000015258789,105.19000244140625,104.7699966430664,104.9000015258789,76.38432312011719,1297700,
2012-01-04,104.88999938964844,104.93000030517578,104.44999694824219,104.56999969482422,76.14402770996094,1789000,
2012-01-05,104.66000366210938,105.01000213623047,104.5199966430664,104.58999633789062,76.15853881835938,1311300,
2012-01-06,104.72000122070312,105.05999755859375,104.72000122070312,105.0,76.45714569091797,998200,
2012-01-09,104.94000244140625,105.2699966430664,104.9000015258789,105.0199966430664,76.47174835205078,379900,
2012-01-10,104.73999786376953,105.01000213623047,104.69000244140625,104.80999755859375,76.31881713867188,1636100,
2012-01-11,105.08000183105469,105.44999694824219,105.08000183105469,105.41999816894531,76.76300048828125,931600,
2012-01-12,105.36000061035156,105.41000366210938,105.08999633789062,105.19999694824219,76.60276794433594,685000,
2012-01-13,105.69999694824219,105.91000366210938,105.63999938964844,105.66999816894531,76.94502258300781,554000,
2012-01-17,105.62000274658203,105.83000183105469,105.5999984741211,105.7699966430664,77.01780700683594,1158100,
2012-01-18,105.91999816894531,105.91999816894531,105.38999938964844,105.44000244140625,76.77754211425781,455200,
2012-01-19,105.2300033569336,105.30000305175781,104.69000244140625,104.80999755859375,76.31881713867188,1587200,
2012-01-20,104.61000061035156,104.77999877929688,104.41999816894531,104.44999694824219,76.0566635131836,650600,
2012-01-23,104.13999938964844,104.31999969482422,104.0,104.22000122070312,75.88922119140625,734000,
2012-01-24,104.33999633789062,104.33999633789062,104.05000305175781,104.33999633789062,75.97657012939453,1388100,
2012-01-25,104.27999877929688,105.44000244140625,104.2300033569336,104.83999633789062,76.34069061279297,1149200,
2012-01-26,105.12000274658203,105.45999908447266,105.12000274658203,105.4000015258789,76.74840545654297,1055000,
2012-01-27,105.55999755859375,105.75,105.37000274658203,105.72000122070312,76.98146057128906,767600,
2012-01-30,106.0999984741211,106.30999755859375,106.0199966430664,106.08000183105469,77.24351501464844,1152400,
2012-01-31,105.93000030517578,106.48999786376953,105.93000030517578,106.4800033569336,77.53479766845703,1001800,
2012-02-01,106.04000091552734,106.08000183105469,105.83999633789062,105.91999816894531,77.26567077636719,1698800,"{""dividend_amount"": 0.191}"
2012-02-02,105.9800033569336,106.12999725341797,105.87999725341797,106.06999969482422,77.37508392333984,839900,
2012-02-03,105.27999877929688,105.41000366210938,105.08999633789062,105.2300033569336,76.7623291015625,1112600,
2012-02-06,105.2699966430664,105.58999633789062,105.1500015258789,105.5199966430664,76.97386932373047,2968500,
2012-02-07,105.06999969482422,105.1500015258789,104.76000213623047,104.83999633789062,76.47787475585938,1164900,
2012-02-08,104.83000183105469,105.0,104.7300033569336,104.88999938964844,76.51429748535156,404800,
2012-02-09,104.69999694824219,104.80000305175781,104.37999725341797,104.6500015258789,76.33921813964844,1802500,
2012-02-10,105.1500015258789,105.33999633789062,105.0199966430664,105.23999786376953,76.76961517333984,1322600,
2012-02-13,105.04000091552734,105.30000305175781,105.0,105.16999816894531,76.71858978271484,299300,
2012-02-14,105.31999969482422,105.55000305175781,105.2300033569336,105.38999938964844,76.87899780273438,615500,
2012-02-15,105.36000061035156,105.68000030517578,105.3499984741211,105.47000122070312,76.9374008178711,344100,
2012-02-16,105.20999908447266,105.33999633789062,104.80999755859375,104.98999786376953,76.58721160888672,1540500,
2012-02-17,104.66999816894531,104.91999816894531,104.63999938964844,104.87999725341797,76.50702667236328,653600,
2012-02-21,104.66999816894531,104.70999908447266,104.37000274658203,104.5,76.22978210449219,635300,
2012-02-22,104.66000366210938,105.0,104.66000366210938,104.91000366210938,76.52890014648438,538200,
2012-02-23,104.81999969482422,105.19000244140625,104.68000030517578,105.05999755859375,76.63826751708984,805900,
2012-02-24,105.12999725341797,105.20999908447266,105.05999755859375,105.13999938964844,76.69668579101562,360100,
2012-02-27,105.5999984741211,105.66000366210938,105.44999694824219,105.48999786376953,76.95195770263672,588600,
2012-02-28,105.69000244140625,105.80000305175781,105.45999908447266,105.54000091552734,76.98848724365234,817900,
2012-02-29,105.5,105.52999877929688,104.98999786376953,105.12000274658203,76.68204498291016,787500,
2012-03-01,104.4800033569336,104.63999938964844,104.33999633789062,104.61000061035156,76.43367004394531,1185200,"{""dividend_amount"": 0.17}"
2012-03-02,104.7300033569336,105.0999984741211,104.7300033569336,105.02999877929688,76.74052429199219,360100,
2012-03-05,104.94000244140625,105.08999633789062,104.77999877929688,104.81999969482422,76.58706665039062,1406100,
2012-03-06,105.2300033569336,105.41999816894531,105.19999694824219,105.26000213623047,76.90855407714844,605800,
2012-03-07,105.20999908447266,105.25,105.01000213623047,105.05999755859375,76.76243591308594,436100,
2012-03-08,104.97000122070312,105.06999969482422,104.70999908447266,104.75,76.53590393066406,329900,
2012-03-09,104.62999725341797,104.70999908447266,104.43000030517578,104.66999816894531,76.47750091552734,286800,
2012-03-12,104.86000061035156,104.9000015258789,104.63999938964844,104.63999938964844,76.45558166503906,503100,
2012-03-13,104.4000015258789,104.44000244140625,103.87000274658203,103.88999938964844,75.9076156616211,618600,
2012-03-14,103.38999938964844,103.44000244140625,102.62000274658203,102.69999694824219,75.03812408447266,1733100,
2012-03-15,102.56999969482422,102.9000015258789,102.56999969482422,102.66999816894531,75.01618194580078,2302300,
2012-03-16,102.23999786376953,102.6500015258789,102.1500015258789,102.63999938964844,74.99430084228516,681200,
2012-03-19,102.5,102.55999755859375,101.83000183105469,102.01000213623047,74.53392791748047,1133200,
2012-03-20,102.11000061035156,102.25,101.7699966430664,102.05999755859375,74.57049560546875,769100,
2012-03-21,102.2699966430664,102.62999725341797,102.26000213623047,102.58000183105469,74.950439453125,458100,
2012-03-22,102.81999969482422,102.9000015258789,102.62999725341797,102.70999908447266,75.04542541503906,326200,
2012-03-23,102.9800033569336,103.25,102.94999694824219,103.08999633789062,75.3231201171875,396100,
2012-03-26,103.0199966430664,103.12999725341797,102.66999816894531,102.97000122070312,75.23533630371094,471700,
2012-03-27,103.16000366210938,103.61000061035156,103.13999938964844,103.54000091552734,75.6518783569336,579200,
2012-03-28,103.36000061035156,103.73999786376953,103.36000061035156,103.36000061035156,75.52034759521484,314700,
2012-03-29,103.7300033569336,103.79000091552734,103.56999969482422,103.79000091552734,75.83454895019531,727700,
2012-03-30,103.7699966430664,103.91000366210938,103.1500015258789,103.27999877929688,75.46187591552734,502600,
2012-04-02,103.52999877929688,103.54000091552734,103.25,103.3499984741211,75.6427001953125,1433800,"{""dividend_amount"": 0.177}"
2012-04-03,103.51000213623047,103.69000244140625,102.51000213623047,102.58999633789062,75.08638763427734,833100,
2012-04-04,103.01000213623047,103.12000274658203,102.9000015258789,103.11000061035156,75.46697998046875,461300,
2012-04-05,103.56999969482422,103.5999984741211,103.29000091552734,103.56999969482422,75.8036880493164,456400,
2012-04-09,104.66000366210938,104.76000213623047,104.52999877929688,104.62999725341797,76.57951354980469,573700,
2012-04-10,104.80000305175781,105.19999694824219,104.72000122070312,105.12000274658203,76.93812561035156,900500,
2012-04-11,104.70999908447266,104.83000183105469,104.61000061035156,104.70999908447266,76.63807678222656,435000,
2012-04-12,104.79000091552734,104.81999969482422,104.47000122070312,104.5,76.48432922363281,451500,
2012-04-13,104.9000015258789,105.1500015258789,104.87000274658203,105.12999725341797,76.94546508789062,461400,
2012-04-16,105.08999633789062,105.41999816894531,105.05000305175781,105.0999984741211,76.92352294921875,1179600,
2012-04-17,104.97000122070312,105.08000183105469,104.87999725341797,104.98999786376953,76.84300231933594,923400,
2012-04-18,105.13999938964844,105.2300033569336,105.08000183105469,105.19999694824219,76.99667358398438,502900,
2012-04-19,105.30999755859375,105.4000015258789,105.2699966430664,105.31999969482422,77.08451080322266,408800,
2012-04-20,105.12999725341797,105.33000183105469,105.06999969482422,105.33000183105469,77.0918197631836,377500,
2012-04-23,105.5999984741211,105.72000122070312,105.51000213623047,105.54000091552734,77.24554443359375,746600,
2012-04-24,105.43000030517578,105.45999908447266,105.25,105.2699966430664,77.04792785644531,506100,
2012-04-25,105.0199966430664,105.31999969482422,104.7699966430664,105.13999938964844,76.95280456542969,681200,
2012-04-26,105.5,105.52999877929688,105.30999755859375,105.48999786376953,77.2090072631836,314300,
2012-04-27,105.41999816894531,105.61000061035156,105.41000366210938,105.5999984741211,77.28944396972656,368100,
2012-04-30,105.69000244140625,105.80999755859375,105.63999938964844,105.69000244140625,77.35531616210938,1820300,
2012-05-01,105.66000366210938,105.69999694824219,105.22000122070312,105.33000183105469,77.21456146240234,864100,"{""dividend_amount"": 0.168}"
2012-05-02,105.56999969482422,105.61000061035156,105.38999938964844,105.52999877929688,77.36116027832031,1030200,
2012-05-03,105.30999755859375,105.58000183105469,105.30999755859375,105.5199966430664,77.3538589477539,360000,
2012-05-04,105.68000030517578,105.94000244140625,105.66999816894531,105.94000244140625,77.66179656982422,814100,
2012-05-07,105.9800033569336,106.04000091552734,105.87000274658203,105.91000366210938,77.6397705078125,490800,
2012-05-08,106.12000274658203,106.37999725341797,106.0999984741211,106.1500015258789,77.8156967163086,522300,
2012-05-09,106.44000244140625,106.5,106.13999938964844,106.23999786376953,77.88167572021484,961400,
2012-05-10,106.0,106.12999725341797,105.8499984741211,106.08999633789062,77.771728515625,347000,
2012-05-11,106.44000244140625,106.47000122070312,106.2699966430664,106.44000244140625,78.02831268310547,403500,
2012-05-14,106.87999725341797,107.0,106.7300033569336,106.91000366210938,78.37285614013672,650200,
2012-05-15,106.83999633789062,107.0,106.76000213623047,106.94000244140625,78.39482116699219,922100,
2012-05-16,106.6500015258789,107.08000183105469,106.62000274658203,107.0199966430664,78.4535140991211,761600,
2012-05-17,106.91999816894531,107.43000030517578,106.9000015258789,107.41999816894531,78.74669647216797,764000,
2012-05-18,107.0999984741211,107.44000244140625,107.06999969482422,107.3499984741211,78.6954116821289,831900,
2012-05-21,107.18000030517578,107.26000213623047,107.06999969482422,107.06999969482422,78.4901351928711,791600,
2012-05-22,106.79000091552734,106.94000244140625,106.62999725341797,106.83999633789062,78.32158660888672,538300,
2012-05-23,107.12999725341797,107.4000015258789,107.08000183105469,107.12000274658203,78.52674102783203,658000,
2012-05-24,106.95999908447266,107.04000091552734,106.8499984741211,106.88999938964844,78.35818481445312,417700,
2012-05-25,107.11000061035156,107.25,107.05999755859375,107.19999694824219,78.58549499511719,370400,
2012-05-29,107.26000213623047,107.47000122070312,107.11000061035156,107.11000061035156,78.51947021484375,865400,
2012-05-30,107.8499984741211,108.20999908447266,107.80999755859375,108.12999725341797,79.2671890258789,645600,
2012-05-31,108.33999633789062,108.88999938964844,108.30000305175781,108.55000305175781,79.57506561279297,2994300,
2012-06-01,109.05999755859375,109.37000274658203,108.91000366210938,109.30999755859375,80.25863647460938,2186400,"{""dividend_amount"": 0.171}"
2012-06-04,108.83999633789062,108.98999786376953,108.63999938964844,108.68000030517578,79.79607391357422,849500,
2012-06-05,108.51000213623047,108.6500015258789,108.30999755859375,108.31999969482422,79.53173065185547,836700,
2012-06-06,108.29000091552734,108.31999969482422,107.58000183105469,107.61000061035156,79.01046752929688,1492800,
2012-06-07,107.58000183105469,107.94000244140625,107.51000213623047,107.87000274658203,79.20134735107422,631800,
2012-06-08,108.38999938964844,108.43000030517578,107.86000061035156,107.94999694824219,79.26008605957031,468000,
2012-06-11,107.70999908447266,108.31999969482422,107.70999908447266,108.23999786376953,79.47307586669922,1050900,
2012-06-12,107.91999816894531,108.0999984741211,107.63999938964844,107.66000366210938,79.04718017578125,569700,
2012-06-13,107.8499984741211,108.30999755859375,107.70999908447266,108.2300033569336,79.46566009521484,1332100,
2012-06-14,108.16000366210938,108.25,107.83000183105469,107.94000244140625,79.25276184082031,802600,
2012-06-15,108.38999938964844,108.54000091552734,108.26000213623047,108.44000244140625,79.61988830566406,769400,
2012-06-18,108.45999908447266,108.52999877929688,108.23999786376953,108.41000366210938,79.59784698486328,718800,
2012-06-19,108.16999816894531,108.20999908447266,107.87999725341797,108.04000091552734,79.32612609863281,1536800,
2012-06-20,107.69999694824219,108.12000274658203,107.52999877929688,107.81999969482422,79.16464233398438,913100,
2012-06-21,107.93000030517578,108.19999694824219,107.87000274658203,108.05000305175781,79.33352661132812,1655900,
2012-06-22,107.62999725341797,107.81999969482422,107.56999969482422,107.58000183105469,78.98836517333984,1770300,
2012-06-25,107.98999786376953,108.18000030517578,107.9800033569336,108.16999816894531,79.42159271240234,594900,
2012-06-26,107.9000015258789,108.12000274658203,107.81999969482422,107.93000030517578,79.24543762207031,2395600,
2012-06-27,108.06999969482422,108.12000274658203,107.8499984741211,108.08000183105469,79.35559844970703,3445300,
2012-06-28,108.47000122070312,108.54000091552734,108.3499984741211,108.43000030517578,79.61251068115234,413400,
2012-06-29,107.81999969482422,108.04000091552734,107.77999877929688,107.93000030517578,79.24543762207031,646900,
2012-07-02,108.0,108.54000091552734,107.9800033569336,108.2699966430664,79.61305236816406,1580800,"{""dividend_amount"": 0.16}"
2012-07-03,108.25,108.2699966430664,107.94999694824219,108.0,79.41455841064453,588000,
2012-07-05,108.13999938964844,108.36000061035156,108.08000183105469,108.29000091552734,79.62773895263672,1602600,
2012-07-06,108.62000274658203,108.76000213623047,108.55999755859375,108.66999816894531,79.90718078613281,1146900,
2012-07-09,108.7699966430664,108.98999786376953,108.73999786376953,108.97000122070312,80.12779998779297,495300,
2012-07-10,108.88999938964844,109.08000183105469,108.86000061035156,109.0199966430664,80.16450500488281,631900,
2012-07-11,109.06999969482422,109.33999633789062,108.87999725341797,108.91999816894531,80.09101104736328,825800,
2012-07-12,109.08000183105469,109.19999694824219,109.04000091552734,109.16999816894531,80.2748031616211,840400,
2012-07-13,109.12999725341797,109.12999725341797,108.91000366210938,109.08000183105469,80.2086410522461,307900,
2012-07-16,109.41999816894531,109.54000091552734,109.27999877929688,109.31999969482422,80.38510131835938,349400,
2012-07-17,109.1500015258789,109.30000305175781,109.0,109.04000091552734,80.17927551269531,637900,
2012-07-18,109.22000122070312,109.27999877929688,109.12999725341797,109.1500015258789,80.26010131835938,606000,
2012-07-19,109.05999755859375,109.19999694824219,108.94000244140625,108.98999786376953,80.14250946044922,949100,
2012-07-20,109.29000091552734,109.5,109.29000091552734,109.41999816894531,80.45867156982422,250900,
2012-07-23,109.73999786376953,109.7699966430664,109.5199966430664,109.5999984741211,80.5910415649414,1675600,
2012-07-24,109.44000244140625,109.88999938964844,109.41999816894531,109.80999755859375,80.74544525146484,905500,
2012-07-25,109.76000213623047,109.87999725341797,109.69000244140625,109.87000274658203,80.78956604003906,1246800,
2012-07-26,109.66000366210938,109.73999786376953,109.5,109.52999877929688,80.5395278930664,742000,
2012-07-27,109.18000030517578,109.18000030517578,108.36000061035156,108.73999786376953,79.95865631103516,1072300,
2012-07-30,108.77999877929688,109.12000274658203,108.70999908447266,109.08999633789062,80.21604919433594,666000,
2012-07-31,109.26000213623047,109.31999969482422,108.94000244140625,109.27999877929688,80.35577392578125,2209700,
2012-08-01,108.83999633789062,109.05000305175781,108.55000305175781,108.72000122070312,80.06261444091797,977300,"{""dividend_amount"": 0.162}"
2012-08-02,109.05000305175781,109.27999877929688,108.93000030517578,108.9800033569336,80.254150390625,620000,
2012-08-03,108.5199966430664,108.62999725341797,108.19000244140625,108.41000366210938,79.8343505859375,765500,
2012-08-06,108.4800033569336,108.66000366210938,108.43000030517578,108.4800033569336,79.88590240478516,850800,
2012-08-07,107.9800033569336,108.0199966430664,107.79000091552734,107.91000366210938,79.46614837646484,1228200,
2012-08-08,107.94999694824219,108.05999755859375,107.68000030517578,107.76000213623047,79.35566711425781,862800,
2012-08-09,107.62999725341797,107.83000183105469,107.41999816894531,107.68000030517578,79.29671478271484,833700,
2012-08-10,108.13999938964844,108.18000030517578,107.68000030517578,107.98999786376953,79.52507019042969,466900,
2012-08-13,108.0999984741211,108.19000244140625,107.91999816894531,107.91999816894531,79.4735107421875,729500,
2012-08-14,107.5,107.62999725341797,107.38999938964844,107.38999938964844,79.083251953125,642100,
2012-08-15,107.13999938964844,107.20999908447266,106.80000305175781,106.8499984741211,78.68556213378906,934600,
2012-08-16,106.87999725341797,106.9800033569336,106.43000030517578,106.58999633789062,78.49406433105469,861400,
2012-08-17,106.68000030517578,106.9000015258789,106.68000030517578,106.72000122070312,78.58981323242188,784300,
2012-08-20,106.69999694824219,106.91999816894531,106.68000030517578,106.77999877929688,78.63397216796875,1000100,
2012-08-21,106.66999816894531,106.88999938964844,106.41999816894531,106.87000274658203,78.70024871826172,684500,
2012-08-22,107.26000213623047,107.69999694824219,107.18000030517578,107.69999694824219,79.3115005493164,730600,
2012-08-23,107.86000061035156,108.01000213623047,107.69999694824219,107.88999938964844,79.45146942138672,440200,
2012-08-24,108.06999969482422,108.13999938964844,107.80000305175781,107.83999633789062,79.41462707519531,311500,
2012-08-27,108.01000213623047,108.12999725341797,107.9800033569336,108.12000274658203,79.62078094482422,467400,
2012-08-28,108.19000244140625,108.37000274658203,108.13999938964844,108.16000366210938,79.65025329589844,615000,
2012-08-29,108.16000366210938,108.16000366210938,107.91999816894531,108.08999633789062,79.59864044189453,764700,
2012-08-30,108.3499984741211,108.44999694824219,108.27999877929688,108.29000091552734,79.7459487915039,642200,
2012-08-31,108.29000091552734,108.98999786376953,108.22000122070312,108.98999786376953,80.26148223876953,912700,
2012-09-04,108.5999984741211,108.83000183105469,108.5199966430664,108.58999633789062,80.07782745361328,1200200,"{""dividend_amount"": 0.151}"
2012-09-05,108.55999755859375,108.68000030517578,108.44000244140625,108.55000305175781,80.04835510253906,782300,
2012-09-06,108.05999755859375,108.08000183105469,107.79000091552734,107.80999755859375,79.50262451171875,1376700,
2012-09-07,108.52999877929688,108.56999969482422,107.94999694824219,107.94999694824219,79.60588073730469,2748500,
2012-09-10,108.04000091552734,108.0999984741211,107.81999969482422,108.0,79.64273071289062,1614100,
2012-09-11,107.93000030517578,107.94999694824219,107.70999908447266,107.80000305175781,79.49527740478516,375200,
2012-09-12,107.38999938964844,107.80000305175781,107.19999694824219,107.2699966430664,79.10440063476562,660700,
2012-09-13,107.55999755859375,107.7699966430664,106.7699966430664,107.58000183105469,79.33300018310547,1458700,
2012-09-14,106.9800033569336,107.58000183105469,106.41999816894531,106.56999969482422,78.58821105957031,1050800,
2012-09-17,106.66999816894531,106.95999908447266,106.6500015258789,106.79000091552734,78.75047302246094,745300,
2012-09-18,107.22000122070312,107.27999877929688,107.01000213623047,107.05999755859375,78.94953155517578,578700,
2012-09-19,107.36000061035156,107.41000366210938,107.18000030517578,107.30999755859375,79.13394165039062,437200,
2012-09-20,107.69000244140625,107.73999786376953,107.23999786376953,107.37000274658203,79.17819213867188,422300,
2012-09-21,107.26000213623047,107.61000061035156,107.2300033569336,107.5999984741211,79.3478012084961,682000,
2012-09-24,107.73999786376953,107.93000030517578,107.73999786376953,107.83999633789062,79.52479553222656,943800,
2012-09-25,107.94999694824219,108.25,107.69999694824219,108.23999786376953,79.81977844238281,471900,
2012-09-26,108.48999786376953,108.69000244140625,108.43000030517578,108.69000244140625,80.1515884399414,444600,
2012-09-27,108.43000030517578,108.54000091552734,108.31999969482422,108.45999908447266,79.98200988769531,295400,
2012-09-28,108.58000183105469,108.69999694824219,108.36000061035156,108.45999908447266,79.98200988769531,612500,
2012-10-01,108.41000366210938,108.54000091552734,108.2300033569336,108.5199966430664,80.13041687011719,1213500,"{""dividend_amount"": 0.141}"
2012-10-02,108.30000305175781,108.55999755859375,108.29000091552734,108.44999694824219,80.07868194580078,846500,
2012-10-03,108.44000244140625,108.55999755859375,108.30000305175781,108.55999755859375,80.15995025634766,938000,
2012-10-04,108.31999969482422,108.41999816894531,108.08999633789062,108.12999725341797,79.84246063232422,376700,
2012-10-05,107.76000213623047,107.80999755859375,107.56999969482422,107.63999938964844,79.48062896728516,805200,
2012-10-08,107.87999725341797,108.01000213623047,107.86000061035156,107.98999786376953,79.73907470703125,403700,
2012-10-09,107.69999694824219,107.94999694824219,107.68000030517578,107.7699966430664,79.57660675048828,387200,
2012-10-10,107.5999984741211,108.06999969482422,107.52999877929688,108.02999877929688,79.7685775756836,318100,
2012-10-11,107.69000244140625,108.13999938964844,107.62999725341797,108.12999725341797,79.84246063232422,1217500,
2012-10-12,108.20999908447266,108.37999725341797,108.11000061035156,108.13999938964844,79.84977722167969,427900,
2012-10-15,108.18000030517578,108.25,108.05999755859375,108.16999816894531,79.8719711303711,635000,
2012-10-16,107.93000030517578,107.93000030517578,107.66000366210938,107.66000366210938,79.49534606933594,585500,
2012-10-17,107.33999633789062,107.37999725341797,106.94000244140625,106.9800033569336,78.9932861328125,597300,
2012-10-18,107.08000183105469,107.18000030517578,106.75,106.79000091552734,78.85296630859375,1157500,
2012-10-19,106.94999694824219,107.33999633789062,106.91999816894531,107.23999786376953,79.18523406982422,808100,
2012-10-22,107.02999877929688,107.12999725341797,106.87999725341797,106.87999725341797,78.91943359375,760000,
2012-10-23,107.19999694824219,107.38999938964844,107.19999694824219,107.38999938964844,79.2960433959961,414600,
2012-10-24,107.1500015258789,107.31999969482422,107.08999633789062,107.16000366210938,79.12617492675781,682400,
2012-10-25,106.6500015258789,107.04000091552734,106.58999633789062,106.7699966430664,78.8382568359375,437300,
2012-10-26,107.13999938964844,107.45999908447266,107.11000061035156,107.44999694824219,79.3403091430664,414800,
2012-10-31,107.69000244140625,107.9800033569336,107.6500015258789,107.88999938964844,79.66522979736328,728100,
2012-11-01,107.63999938964844,107.68000030517578,107.4000015258789,107.52999877929688,79.50627899169922,918300,"{""dividend_amount"": 0.145}"
2012-11-02,107.29000091552734,107.63999938964844,107.25,107.62000274658203,79.57281494140625,527200,
2012-11-05,107.83999633789062,107.98999786376953,107.80999755859375,107.87999725341797,79.7650375366211,805400,
2012-11-06,107.79000091552734,107.86000061035156,107.37000274658203,107.38999938964844,79.40274047851562,486000,
2012-11-07,108.33000183105469,108.54000091552734,108.19999694824219,108.29000091552734,80.06819152832031,979800,
2012-11-08,108.2699966430664,108.79000091552734,108.1500015258789,108.7699966430664,80.42312622070312,514700,
2012-11-09,108.70999908447266,108.81999969482422,108.55000305175781,108.77999877929688,80.43048095703125,368200,
2012-11-12,108.77999877929688,108.87000274658203,108.69999694824219,108.8499984741211,80.48226165771484,267900,
2012-11-13,108.98999786376953,109.0,108.80999755859375,108.9800033569336,80.57839965820312,1608900,
2012-11-14,108.69999694824219,109.02999877929688,108.66999816894531,109.01000213623047,80.60055541992188,1477300,
2012-11-15,108.79000091552734,109.06999969482422,108.7699966430664,108.95999908447266,80.56359100341797,1448500,
2012-11-16,108.94000244140625,109.19999694824219,108.91000366210938,109.02999877929688,80.6153564453125,578100,
2012-11-19,108.72000122070312,108.81999969482422,108.68000030517578,108.80999755859375,80.45262145996094,712300,
2012-11-20,108.63999938964844,108.69999694824219,108.36000061035156,108.36000061035156,80.11993408203125,970700,
2012-11-21,108.19999694824219,108.27999877929688,108.16000366210938,108.19999694824219,80.00162506103516,291500,
2012-11-23,108.19999694824219,108.20999908447266,108.12999725341797,108.13999938964844,79.957275390625,466000,
2012-11-26,108.4000015258789,108.5199966430664,108.29000091552734,108.31999969482422,80.09037017822266,1522400,
2012-11-27,108.38999938964844,108.58000183105469,108.33000183105469,108.56999969482422,80.27518463134766,579100,
2012-11-28,108.7699966430664,108.87000274658203,108.66000366210938,108.70999908447266,80.37872314453125,1057500,
2012-11-29,108.70999908447266,108.86000061035156,108.6500015258789,108.81999969482422,80.46006774902344,814200,
2012-11-30,108.9000015258789,108.91000366210938,108.76000213623047,108.80000305175781,80.44526672363281,557800,
2012-12-03,108.44000244140625,108.63999938964844,108.37000274658203,108.62000274658203,80.41343688964844,750400,"{""dividend_amount"": 0.137}"
2012-12-04,108.69000244140625,108.81999969482422,108.66000366210938,108.80999755859375,80.5540542602539,479300,
2012-12-05,108.91999816894531,109.05999755859375,108.87000274658203,108.9000015258789,80.6207046508789,505500,
2012-12-06,109.0999984741211,109.1500015258789,108.94999694824219,108.95999908447266,80.66514587402344,443700,
2012-12-07,108.69000244140625,108.86000061035156,108.62999725341797,108.6500015258789,80.43565368652344,515700,
2012-12-10,108.79000091552734,108.81999969482422,108.6500015258789,108.75,80.50968170166016,707500,
2012-12-11,108.51000213623047,108.55000305175781,108.41999816894531,108.54000091552734,80.35420989990234,734300,
2012-12-12,108.41999816894531,108.5999984741211,108.08000183105469,108.08000183105469,80.01366424560547,1165600,
2012-12-13,107.94999694824219,108.0999984741211,107.80000305175781,107.87000274658203,79.85818481445312,862900,
2012-12-14,108.0,108.1500015258789,108.0,108.11000061035156,80.03583526611328,380700,
2012-12-17,108.01000213623047,108.02999877929688,107.51000213623047,107.54000091552734,79.61388397216797,660100,
2012-12-18,107.4800033569336,107.54000091552734,107.0,107.12000274658203,79.302978515625,846400,
2012-12-19,107.2699966430664,107.52999877929688,107.22000122070312,107.2699966430664,79.41403198242188,675300,
2012-12-20,107.41999816894531,107.58000183105469,107.29000091552734,107.33999633789062,79.46583557128906,377100,
2012-12-21,107.73999786376953,107.80999755859375,107.61000061035156,107.62999725341797,79.68054962158203,499200,
2012-12-24,107.55000305175781,107.58000183105469,107.5,107.5199966430664,79.5990982055664,903400,
2012-12-26,107.48999786376953,107.63999938964844,107.4800033569336,107.58999633789062,79.762939453125,780000,"{""dividend_amount"": 0.151}"
2012-12-27,107.54000091552734,108.0199966430664,107.5199966430664,107.80999755859375,79.926025390625,446700,
2012-12-28,108.01000213623047,108.06999969482422,107.9000015258789,108.05999755859375,80.11135864257812,552200,
2012-12-31,107.91000366210938,107.95999908447266,107.44999694824219,107.48999786376953,79.68878936767578,1742800,
2013-01-02,107.0,107.1500015258789,106.94999694824219,107.0,79.32550048828125,2561300,
2013-01-03,107.02999877929688,107.05000305175781,106.44000244140625,106.44999694824219,78.91777801513672,2131900,
2013-01-04,106.33999633789062,106.5,106.20999908447266,106.5,78.95482635498047,975400,
2013-01-07,106.5,106.5999984741211,106.41999816894531,106.55999755859375,78.99933624267578,1387400,
2013-01-08,106.70999908447266,106.83999633789062,106.69000244140625,106.81999969482422,79.19207000732422,364200,
2013-01-09,106.8499984741211,106.9800033569336,106.73999786376953,106.87999725341797,79.23652648925781,517700,
2013-01-10,106.58000183105469,106.7699966430664,106.52999877929688,106.56999969482422,79.00676727294922,689100,
2013-01-11,106.41000366210938,106.91000366210938,106.37000274658203,106.91000366210938,79.25880432128906,553900,
2013-01-14,107.0199966430664,107.05999755859375,106.8499984741211,106.87000274658203,79.22916412353516,971700,
2013-01-15,107.22000122070312,107.2699966430664,107.08999633789062,107.12999725341797,79.42189025878906,428800,
2013-01-16,107.30000305175781,107.33999633789062,107.1500015258789,107.2699966430664,79.52572631835938,534000,
2013-01-17,106.83999633789062,106.91000366210938,106.66999816894531,106.77999877929688,79.16242218017578,436100,
2013-01-18,106.95999908447266,107.12999725341797,106.93000030517578,107.08000183105469,79.38481903076172,560100,
2013-01-22,106.87000274658203,107.22000122070312,106.8499984741211,107.16999816894531,79.45153045654297,595400,
2013-01-23,107.25,107.3499984741211,107.1500015258789,107.22000122070312,79.48860931396484,603600,
2013-01-24,107.13999938964844,107.16000366210938,106.91000366210938,107.04000091552734,79.35518646240234,376300,
2013-01-25,106.52999877929688,106.62999725341797,106.26000213623047,106.33000183105469,78.82876586914062,570600,
2013-01-28,105.88999938964844,106.13999938964844,105.88999938964844,106.11000061035156,78.66565704345703,1328000,
2013-01-29,106.1500015258789,106.31999969482422,105.93000030517578,105.94999694824219,78.54707336425781,480600,
2013-01-30,105.87000274658203,106.02999877929688,105.72000122070312,106.01000213623047,78.5915756225586,453200,
2013-01-31,106.11000061035156,106.11000061035156,105.93000030517578,106.0999984741211,78.65827941894531,902500,
2013-02-01,106.41000366210938,106.43000030517578,105.55999755859375,105.5999984741211,78.39105987548828,2587800,"{""dividend_amount"": 0.14}"
2013-02-04,105.93000030517578,106.2699966430664,105.88999938964844,106.20999908447266,78.8438720703125,693400,
2013-02-05,105.80999755859375,105.87999725341797,105.7300033569336,105.83000183105469,78.5617904663086,797700,
2013-02-06,106.05999755859375,106.19999694824219,105.94999694824219,106.1500015258789,78.79931640625,816800,
2013-02-07,106.1500015258789,106.44999694824219,106.13999938964844,106.19999694824219,78.83646392822266,970000,
2013-02-08,106.22000122070312,106.31999969482422,105.97000122070312,106.27999877929688,78.89584350585938,952800,
2013-02-11,106.19999694824219,106.30999755859375,106.16999816894531,106.16999816894531,78.81414794921875,558800,
2013-02-12,106.01000213623047,106.16999816894531,105.9800033569336,106.05999755859375,78.7325210571289,531500,
2013-02-13,105.72000122070312,105.87000274658203,105.63999938964844,105.69000244140625,78.45793151855469,610700,
2013-02-14,105.94999694824219,106.1500015258789,105.80999755859375,106.13999938964844,78.79188537597656,988000,
2013-02-15,106.04000091552734,106.0999984741211,105.8499984741211,106.04000091552734,78.71771240234375,681700,
2013-02-19,106.19000244140625,106.20999908447266,105.86000061035156,105.87000274658203,78.59150695800781,498800,
2013-02-20,105.83000183105469,106.12000274658203,105.79000091552734,106.0999984741211,78.76221466064453,869900,
2013-02-21,106.33000183105469,106.5,106.27999877929688,106.30999755859375,78.91812133789062,681000,
2013-02-22,106.33999633789062,106.4800033569336,106.33000183105469,106.44000244140625,79.01461029052734,412800,
2013-02-25,106.16999816894531,107.26000213623047,106.16000366210938,107.26000213623047,79.62332916259766,2909000,
2013-02-26,107.05999755859375,107.37999725341797,106.9800033569336,107.05999755859375,79.47486114501953,860900,
2013-02-27,107.33999633789062,107.37000274658203,106.91999816894531,107.01000213623047,79.43778228759766,398800,
2013-02-28,107.12000274658203,107.16999816894531,106.98999786376953,107.16000366210938,79.54910278320312,534400,
2013-03-01,107.19000244140625,107.33000183105469,107.11000061035156,107.30000305175781,79.74752807617188,876500,"{""dividend_amount"": 0.127}"
2013-03-04,107.22000122070312,107.26000213623047,107.05000305175781,107.05000305175781,79.56172943115234,572600,
2013-03-05,106.97000122070312,107.01000213623047,106.81999969482422,106.94000244140625,79.48001861572266,224700,
2013-03-06,106.62000274658203,106.77999877929688,106.5999984741211,106.5999984741211,79.22728729248047,1091700,
2013-03-07,106.41000366210938,106.43000030517578,106.16999816894531,106.19000244140625,78.92261505126953,804500,
2013-03-08,105.63999938964844,105.83999633789062,105.56999969482422,105.6500015258789,78.52123260498047,1651900,
2013-03-11,105.75,105.80000305175781,105.6500015258789,105.69999694824219,78.55842590332031,1465800,
2013-03-12,105.86000061035156,106.05000305175781,105.8499984741211,105.98999786376953,78.77394104003906,525300,
2013-03-13,105.80000305175781,106.01000213623047,105.72000122070312,105.9000015258789,78.70703125,1116500,
2013-03-14,105.69000244140625,106.01000213623047,105.66000366210938,105.93000030517578,78.7293472290039,557400,
2013-03-15,105.98999786376953,106.31999969482422,105.98999786376953,106.30000305175781,79.00430297851562,1184700,
2013-03-18,106.68000030517578,106.69000244140625,106.48999786376953,106.6500015258789,79.26444244384766,1442000,
2013-03-19,106.7699966430664,107.11000061035156,106.73999786376953,106.9800033569336,79.50971984863281,545300,
2013-03-20,106.69999694824219,106.83000183105469,106.55999755859375,106.56999969482422,79.20500183105469,742800,
2013-03-21,106.8499984741211,106.86000061035156,106.68000030517578,106.8499984741211,79.41307830810547,669700,
2013-03-22,106.91999816894531,106.94999694824219,106.68000030517578,106.88999938964844,79.44283294677734,297000,
2013-03-25,106.70999908447266,107.12000274658203,106.68000030517578,106.97000122070312,79.50231170654297,319500,
2013-03-26,106.75,107.12000274658203,106.7300033569336,107.08000183105469,79.58401489257812,546300,
2013-03-27,107.45999908447266,107.66000366210938,107.45999908447266,107.54000091552734,79.92588806152344,623700,
2013-03-28,107.43000030517578,107.56999969482422,107.31999969482422,107.33999633789062,79.77731323242188,378400,
2013-04-01,107.22000122070312,107.55000305175781,107.22000122070312,107.4800033569336,79.9893569946289,2471100,"{""dividend_amount"": 0.145}"
2013-04-02,107.31999969482422,107.3499984741211,107.22000122070312,107.2699966430664,79.83307647705078,984900,
2013-04-03,107.41000366210938,107.81999969482422,107.41000366210938,107.72000122070312,80.16797637939453,1234000,
2013-04-04,107.91000366210938,108.16000366210938,107.87999725341797,108.1500015258789,80.48800659179688,584800,
2013-04-05,108.52999877929688,108.69999694824219,108.43000030517578,108.48999786376953,80.74105834960938,663800,
2013-04-08,108.43000030517578,108.51000213623047,108.12999725341797,108.13999938964844,80.48058319091797,858200,
2013-04-09,108.31999969482422,108.37999725341797,108.12000274658203,108.18000030517578,80.51033782958984,507800,
2013-04-10,107.94000244140625,107.97000122070312,107.70999908447266,107.7300033569336,80.17544555664062,340900,
2013-04-11,107.8499984741211,107.97000122070312,107.79000091552734,107.8499984741211,80.26475524902344,1132200,
2013-04-12,108.25,108.44999694824219,108.12999725341797,108.44999694824219,80.71131134033203,827700,
2013-04-15,108.4000015258789,108.69000244140625,108.36000061035156,108.69000244140625,80.8899154663086,587300,
2013-04-16,108.3499984741211,108.51000213623047,108.33000183105469,108.37999725341797,80.65917205810547,1226700,
2013-04-17,108.44000244140625,108.80999755859375,108.4000015258789,108.58000183105469,80.80801391601562,988300,
2013-04-18,108.66000366210938,108.76000213623047,108.56999969482422,108.63999938964844,80.8526840209961,705600,
2013-04-19,108.58000183105469,108.58000183105469,108.48999786376953,108.58000183105469,80.80801391601562,750500,
2013-04-22,108.62999725341797,108.75,108.58000183105469,108.63999938964844,80.8526840209961,379900,
2013-04-23,108.7699966430664,109.04000091552734,108.54000091552734,108.56999969482422,80.80059051513672,449800,
2013-04-24,108.55999755859375,108.69000244140625,108.55000305175781,108.62000274658203,80.83777618408203,279400,
2013-04-25,108.47000122070312,108.54000091552734,108.38999938964844,108.5,80.7485122680664,293300,
2013-04-26,108.77999877929688,108.91999816894531,108.75,108.88999938964844,81.03871154785156,433300,
2013-04-29,108.95999908447266,108.98999786376953,108.83000183105469,108.8499984741211,81.009033203125,810000,
2013-04-30,109.01000213623047,109.13999938964844,108.79000091552734,108.83000183105469,80.99407196044922,752700,
2013-05-01,108.91999816894531,109.16999816894531,108.91999816894531,109.05000305175781,81.25861358642578,803600,"{""dividend_amount"": 0.135}"
2013-05-02,108.98999786376953,109.05999755859375,108.93000030517578,109.05000305175781,81.25861358642578,921300,
2013-05-03,108.47000122070312,108.5,108.05000305175781,108.12000274658203,80.56561279296875,879500,
2013-05-06,108.1500015258789,108.19000244140625,107.88999938964844,107.9800033569336,80.4613265991211,434000,
2013-05-07,107.80999755859375,107.94000244140625,107.80999755859375,107.83000183105469,80.3494873046875,544000,
2013-05-08,107.93000030517578,108.08999633789062,107.9000015258789,107.95999908447266,80.44637298583984,1114400,
2013-05-09,108.04000091552734,108.23999786376953,107.91000366210938,107.94000244140625,80.43150329589844,587300,
2013-05-10,107.75,107.75,107.08000183105469,107.33000183105469,79.97698974609375,529700,
2013-05-13,107.0999984741211,107.16999816894531,107.06999969482422,107.13999938964844,79.83539581298828,417600,
2013-05-14,107.27999877929688,107.31999969482422,106.66999816894531,106.70999908447266,79.51498413085938,876900,
2013-05-15,107.02999877929688,107.12999725341797,106.7300033569336,106.98999786376953,79.7236328125,768200,
2013-05-16,107.23999786376953,107.62000274658203,107.22000122070312,107.5,80.10359954833984,697900,
2013-05-17,107.33000183105469,107.37000274658203,106.9000015258789,106.91999816894531,79.67144012451172,365800,
2013-05-20,107.08999633789062,107.12000274658203,106.7300033569336,106.83999633789062,79.61186981201172,1440000,
2013-05-21,106.80000305175781,107.13999938964844,106.58000183105469,107.12000274658203,79.82051849365234,530600,
2013-05-22,107.19999694824219,107.43000030517578,106.22000122070312,106.2699966430664,79.18709564208984,1797400,
2013-05-23,106.61000061035156,106.63999938964844,106.12999725341797,106.37999725341797,79.26907348632812,950100,
2013-05-24,106.5,106.68000030517578,106.36000061035156,106.41999816894531,79.29885864257812,349800,
2013-05-28,106.08000183105469,106.1500015258789,105.1500015258789,105.16999816894531,78.36744689941406,1157000,
2013-05-29,105.25,105.5999984741211,105.19000244140625,105.5999984741211,78.68782043457031,1588400,
2013-05-30,105.56999969482422,105.75,105.41000366210938,105.61000061035156,78.69528198242188,578000,
2013-05-31,105.70999908447266,105.75,104.83000183105469,105.31999969482422,78.47920227050781,1639400,
2013-06-03,104.9800033569336,105.83999633789062,104.22000122070312,105.33000183105469,78.59264373779297,3269200,"{""dividend_amount"": 0.142}"
2013-06-04,105.08999633789062,105.31999969482422,105.01000213623047,105.05999755859375,78.39114379882812,1235100,
2013-06-05,105.29000091552734,105.61000061035156,105.25,105.56999969482422,78.77169799804688,1298900,
2013-06-06,105.4800033569336,106.33000183105469,105.30000305175781,105.69999694824219,78.86869812011719,2471900,
2013-06-07,105.3499984741211,105.55000305175781,104.87999725341797,104.87999725341797,78.25686645507812,652300,
2013-06-10,104.68000030517578,104.80999755859375,104.47000122070312,104.62000274658203,78.06285858154297,694600,
2013-06-11,104.25,104.87999725341797,104.19000244140625,104.87999725341797,78.25686645507812,756100,
2013-06-12,104.48999786376953,104.94999694824219,104.41000366210938,104.41000366210938,77.9061279296875,528700,
2013-06-13,104.66999816894531,105.31999969482422,104.66000366210938,105.19999694824219,78.49562072753906,1180100,
2013-06-14,105.41000366210938,105.63999938964844,105.2699966430664,105.33999633789062,78.60003662109375,599700,
2013-06-17,105.45999908447266,105.4800033569336,105.0199966430664,105.08999633789062,78.41349029541016,478400,
2013-06-18,104.8499984741211,105.12000274658203,104.79000091552734,105.02999877929688,78.36875915527344,429000,
2013-06-19,105.08999633789062,107.58999633789062,103.4800033569336,103.58999633789062,77.29434204101562,1281500,
2013-06-20,103.22000122070312,103.43000030517578,102.80999755859375,103.12000274658203,76.94364929199219,1982500,
2013-06-21,102.91000366210938,103.0,102.0199966430664,102.02999877929688,76.13031768798828,1777200,
2013-06-24,101.26000213623047,102.19999694824219,101.25,101.77999877929688,75.94376373291016,2731500,
2013-06-25,102.05999755859375,102.12000274658203,101.55999755859375,101.66000366210938,75.85424041748047,772000,
2013-06-26,102.23999786376953,102.30999755859375,101.76000213623047,102.06999969482422,76.16016387939453,1015300,
2013-06-27,102.48999786376953,102.66000366210938,102.22000122070312,102.62000274658203,76.57057189941406,949000,
2013-06-28,102.12999725341797,102.55999755859375,101.97000122070312,102.5,76.48100280761719,1017700,
2013-07-01,102.20999908447266,102.4800033569336,102.02999877929688,102.4000015258789,76.51013946533203,1127100,"{""dividend_amount"": 0.139}"
2013-07-02,102.41999816894531,102.56999969482422,102.27999877929688,102.44000244140625,76.54004669189453,385400,
2013-07-03,102.44999694824219,102.6500015258789,102.2300033569336,102.23999786376953,76.39061737060547,1233200,
2013-07-05,100.88999938964844,100.93000030517578,100.44999694824219,100.5199966430664,75.10549926757812,924100,
2013-07-08,100.86000061035156,101.19000244140625,100.83999633789062,101.11000061035156,75.54627227783203,1137200,
2013-07-09,101.27999877929688,101.38999938964844,101.19999694824219,101.27999877929688,75.67328643798828,558400,
2013-07-10,101.23999786376953,101.37999725341797,100.9000015258789,100.91999816894531,75.4043197631836,1005500,
2013-07-11,101.66000366210938,101.93000030517578,101.56999969482422,101.93000030517578,76.15898132324219,818700,
2013-07-12,102.20999908447266,102.30999755859375,101.68000030517578,101.8499984741211,76.09917449951172,1919500,
2013-07-15,101.97000122070312,102.16999816894531,101.94000244140625,102.16999816894531,76.3382568359375,563700,
2013-07-16,102.16000366210938,102.31999969482422,102.0999984741211,102.22000122070312,76.3756332397461,713300,
2013-07-17,102.80999755859375,102.8499984741211,102.5199966430664,102.66999816894531,76.71190643310547,696300,
2013-07-18,102.63999938964844,102.63999938964844,102.19000244140625,102.19000244140625,76.35321044921875,717800,
2013-07-19,102.44999694824219,102.76000213623047,102.44000244140625,102.75,76.77163696289062,459500,
2013-07-22,102.73999786376953,102.86000061035156,102.66999816894531,102.73999786376953,76.76416778564453,450300,
2013-07-23,102.51000213623047,102.6500015258789,102.38999938964844,102.62000274658203,76.67452239990234,13316500,
2013-07-24,102.0,102.11000061035156,101.6500015258789,101.93000030517578,76.15898132324219,837400,
2013-07-25,101.62000274658203,102.08999633789062,101.5999984741211,102.08000183105469,76.27106475830078,712300,
2013-07-26,102.18000030517578,102.23999786376953,102.05999755859375,102.16999816894531,76.3382568359375,544900,
2013-07-29,102.04000091552734,102.08999633789062,101.8499984741211,101.95999908447266,76.18141174316406,420300,
2013-07-30,102.05999755859375,102.0999984741211,101.80999755859375,101.93000030517578,76.15898132324219,306800,
2013-07-31,101.22000122070312,102.08000183105469,101.13999938964844,102.0,76.21125030517578,930500,
2013-08-01,101.48999786376953,101.52999877929688,100.86000061035156,100.95999908447266,75.53861236572266,1177300,"{""dividend_amount"": 0.141}"
2013-08-02,101.4800033569336,101.81999969482422,101.41999816894531,101.81999969482422,76.18211364746094,4360000,
2013-08-05,101.61000061035156,101.6500015258789,101.41000366210938,101.5,75.94268798828125,390400,
2013-08-06,101.44000244140625,101.58999633789062,101.38999938964844,101.52999877929688,75.96510314941406,257000,
2013-08-07,101.6500015258789,101.95999908447266,101.62999725341797,101.9000015258789,76.24197387695312,493200,
2013-08-08,102.04000091552734,102.1500015258789,101.93000030517578,102.05000305175781,76.35413360595703,804900,
2013-08-09,101.9000015258789,102.12999725341797,101.87999725341797,102.12000274658203,76.40657043457031,557600,
2013-08-12,102.2699966430664,102.2699966430664,101.87999725341797,101.91999816894531,76.25692749023438,400400,
2013-08-13,101.30000305175781,101.30000305175781,100.91999816894531,101.0,75.56861114501953,566500,
2013-08-14,101.0,101.1500015258789,100.97000122070312,101.08999633789062,75.63592529296875,1672300,
2013-08-15,100.52999877929688,100.86000061035156,100.30000305175781,100.52999877929688,75.21695709228516,15452300,
2013-08-16,100.55999755859375,100.55999755859375,99.8499984741211,100.13999938964844,74.92510223388672,1066900,
2013-08-19,99.86000061035156,99.91999816894531,99.61000061035156,99.70999908447266,74.60338592529297,892200,
2013-08-20,100.06999969482422,100.2699966430664,100.05000305175781,100.25,75.00743103027344,1221100,
2013-08-21,100.0,100.25,99.58000183105469,99.62000274658203,74.53604888916016,945100,
2013-08-22,99.54000091552734,99.75,99.33000183105469,99.58000183105469,74.50608825683594,755100,
2013-08-23,99.5,100.20999908447266,99.41000366210938,100.13999938964844,74.92510223388672,991100,
2013-08-26,100.36000061035156,100.38999938964844,100.1500015258789,100.33999633789062,75.0747299194336,512600,
2013-08-27,100.68000030517578,100.97000122070312,100.52999877929688,100.91000366210938,75.50123596191406,532500,
2013-08-28,100.62000274658203,100.6500015258789,100.30000305175781,100.5,75.19447326660156,761700,
2013-08-29,100.20999908447266,100.7300033569336,100.16000366210938,100.5999984741211,75.269287109375,470900,
2013-08-30,100.66999816894531,100.72000122070312,100.41000366210938,100.41000366210938,75.12715148925781,1038200,
2013-09-03,99.83000183105469,99.91999816894531,99.2699966430664,99.69000244140625,74.70077514648438,796000,"{""dividend_amount"": 0.151}"
2013-09-04,99.75,99.79000091552734,99.29000091552734,99.36000061035156,74.45348358154297,824400,
2013-09-05,99.02999877929688,99.11000061035156,98.5999984741211,98.5999984741211,73.8839340209961,1722700,
2013-09-06,99.30999755859375,99.58999633789062,99.04000091552734,99.19999694824219,74.33361053466797,1033900,
2013-09-09,99.58999633789062,99.62999725341797,99.3499984741211,99.4000015258789,74.48348236083984,764300,
2013-09-10,99.05000305175781,99.2699966430664,98.94000244140625,98.94000244140625,74.13872528076172,1895300,
2013-09-11,99.26000213623047,99.45999908447266,99.0,99.44000244140625,74.51348876953125,885300,
2013-09-12,99.72000122070312,99.81999969482422,99.41000366210938,99.44999694824219,74.52093505859375,796800,
2013-09-13,99.47000122070312,99.69000244140625,99.44999694824219,99.58000183105469,74.61831665039062,1166500,
2013-09-16,100.4800033569336,100.5,99.76000213623047,99.80000305175781,74.783203125,1855200,
2013-09-17,100.05000305175781,100.05999755859375,99.80000305175781,100.0,74.93302917480469,943300,
2013-09-18,99.9000015258789,101.48999786376953,99.58999633789062,101.23999786376953,75.86219787597656,1341800,
2013-09-19,101.2300033569336,101.2300033569336,100.0,100.88999938964844,75.59994506835938,1592800,
2013-09-20,100.95999908447266,101.1500015258789,100.83000183105469,100.98999786376953,75.67489624023438,300600,
2013-09-23,101.08999633789062,101.37999725341797,101.08999633789062,101.37000274658203,75.95957946777344,2003200,
2013-09-24,101.45999908447266,101.80000305175781,101.41000366210938,101.73999786376953,76.23688507080078,1149800,
2013-09-25,101.69999694824219,102.04000091552734,101.66999816894531,102.0199966430664,76.4467544555664,569900,
2013-09-26,101.7699966430664,101.87000274658203,101.66999816894531,101.80000305175781,76.2818603515625,568100,
2013-09-27,101.83999633789062,102.1500015258789,101.83999633789062,101.94000244140625,76.38676452636719,2349400,
2013-09-30,102.05999755859375,102.11000061035156,101.83999633789062,102.11000061035156,76.5141372680664,3785200,
2013-10-01,101.8499984741211,101.88999938964844,101.66000366210938,101.7300033569336,76.34383392333984,1937000,"{""dividend_amount"": 0.153}"
2013-10-02,101.87000274658203,102.1500015258789,101.86000061035156,101.9000015258789,76.47135162353516,799900,
2013-10-03,101.83000183105469,102.27999877929688,101.77999877929688,102.04000091552734,76.57643127441406,651800,
2013-10-04,101.91999816894531,101.95999908447266,101.63999938964844,101.76000213623047,76.3663101196289,1160900,
2013-10-07,102.05999755859375,102.08000183105469,101.80999755859375,101.8499984741211,76.433837890625,454400,
2013-10-08,101.80000305175781,102.0,101.69999694824219,101.80000305175781,76.39633178710938,818100,
2013-10-09,101.79000091552734,101.83000183105469,101.54000091552734,101.62000274658203,76.26126098632812,506500,
2013-10-10,101.2699966430664,101.4800033569336,101.19000244140625,101.4000015258789,76.09612274169922,649100,
2013-10-11,101.69000244140625,101.83000183105469,101.5,101.55000305175781,76.20870208740234,850100,
2013-10-14,101.55000305175781,101.69000244140625,101.12999725341797,101.20999908447266,75.95355224609375,183200,
2013-10-15,101.41000366210938,101.45999908447266,101.16999816894531,101.2300033569336,75.96857452392578,368100,
2013-10-16,101.12999725341797,101.7300033569336,101.0,101.72000122070312,76.33629608154297,2339600,
2013-10-17,102.0999984741211,102.41000366210938,102.04000091552734,102.30000305175781,76.77152252197266,2950500,
2013-10-18,102.43000030517578,102.45999908447266,102.27999877929688,102.30999755859375,76.779052734375,582600,
2013-10-21,102.27999877929688,102.29000091552734,102.11000061035156,102.23999786376953,76.7265625,321700,
2013-10-22,102.75,102.97000122070312,102.72000122070312,102.94999694824219,77.25934600830078,484700,
2013-10-23,103.0199966430664,103.30999755859375,103.0199966430664,103.12999725341797,77.39439392089844,280800,
2013-10-24,103.20999908447266,103.2300033569336,102.91000366210938,102.91999816894531,77.2367935180664,591200,
2013-10-25,103.01000213623047,103.13999938964844,102.9800033569336,103.0999984741211,77.37188720703125,552800,
2013-10-28,103.0,103.12000274658203,102.95999908447266,103.0,77.296875,600800,
2013-10-29,102.91000366210938,103.13999938964844,102.87999725341797,103.13999938964844,77.4019775390625,274700,
2013-10-30,103.19999694824219,103.4000015258789,102.76000213623047,102.87000274658203,77.1993179321289,1753100,
2013-10-31,103.11000061035156,103.12999725341797,102.55999755859375,102.75,77.10926055908203,893000,
2013-11-01,102.37999725341797,102.41999816894531,101.98999786376953,102.0199966430664,76.68163299560547,680100,"{""dividend_amount"": 0.161}"
2013-11-04,102.20999908447266,102.31999969482422,102.16999816894531,102.22000122070312,76.8318862915039,437000,
2013-11-05,101.93000030517578,101.98999786376953,101.66999816894531,101.76000213623047,76.48615264892578,656900,
2013-11-06,101.91999816894531,102.11000061035156,101.91999816894531,102.06999969482422,76.71916198730469,692700,
2013-11-07,102.16000366210938,102.41999816894531,102.12999725341797,102.33999633789062,76.92205810546875,415000,
2013-11-08,101.33000183105469,101.4000015258789,101.16000366210938,101.19000244140625,76.05774688720703,2497700,
2013-11-11,101.25,101.26000213623047,101.13999938964844,101.13999938964844,76.02013397216797,144000,
2013-11-12,101.08999633789062,101.25,100.9800033569336,101.05000305175781,75.95244598388672,1052100,
2013-11-13,101.36000061035156,101.5199966430664,101.31999969482422,101.47000122070312,76.26813507080078,1122700,
2013-11-14,101.55000305175781,101.98999786376953,101.55000305175781,101.95999908447266,76.63645935058594,694100,
2013-11-15,101.97000122070312,101.98999786376953,101.79000091552734,101.87999725341797,76.57635498046875,359200,
2013-11-18,101.94000244140625,102.2699966430664,101.94000244140625,102.23999786376953,76.84696960449219,2853000,
2013-11-19,102.04000091552734,102.0999984741211,101.83000183105469,101.86000061035156,76.56133270263672,559100,
2013-11-20,101.87999725341797,102.11000061035156,101.26000213623047,101.30000305175781,76.14034271240234,1562700,
2013-11-21,101.08999633789062,101.44000244140625,100.95999908447266,101.38999938964844,76.2080307006836,804800,
2013-11-22,101.48999786376953,101.70999908447266,101.44999694824219,101.68000030517578,76.42603302001953,807900,
2013-11-25,101.62999725341797,101.83999633789062,101.61000061035156,101.76000213623047,76.48615264892578,487400,
2013-11-26,101.8499984741211,102.08000183105469,101.80999755859375,101.9800033569336,76.65149688720703,425400,
2013-11-27,101.94000244140625,101.94999694824219,101.5,101.75,76.4786376953125,476900,
2013-11-29,101.55999755859375,101.7699966430664,101.55000305175781,101.69000244140625,76.43352508544922,652100,
2013-12-02,101.30000305175781,101.33000183105469,101.01000213623047,101.08999633789062,76.10529327392578,2912200,"{""dividend_amount"": 0.164}"
2013-12-03,101.3499984741211,101.44000244140625,101.2300033569336,101.2699966430664,76.24075317382812,477200,
2013-12-04,100.7699966430664,100.93000030517578,100.70999908447266,100.80999755859375,75.89454650878906,943600,
2013-12-05,100.6500015258789,100.77999877929688,100.51000213623047,100.55999755859375,75.70628356933594,374100,
2013-12-06,100.5,100.80999755859375,100.45999908447266,100.6500015258789,75.7740249633789,415600,
2013-12-09,100.70999908447266,100.8499984741211,100.6500015258789,100.7699966430664,75.86432647705078,540900,
2013-12-10,101.0999984741211,101.2300033569336,100.97000122070312,101.19000244140625,76.18060302734375,334700,
2013-12-11,101.02999877929688,101.11000061035156,100.80000305175781,100.80000305175781,75.88692474365234,371700,
2013-12-12,100.61000061035156,100.69000244140625,100.4800033569336,100.51000213623047,75.66859436035156,1156200,
2013-12-13,100.66000366210938,100.72000122070312,100.55000305175781,100.66000366210938,75.78156280517578,434000,
2013-12-16,100.86000061035156,100.87000274658203,100.5199966430664,100.61000061035156,75.74391174316406,572400,
2013-12-17,100.5999984741211,100.93000030517578,100.5999984741211,100.93000030517578,75.98480987548828,694800,
2013-12-18,100.6500015258789,101.04000091552734,100.1500015258789,100.55000305175781,75.69873809814453,1997700,
2013-12-19,100.11000061035156,100.22000122070312,100.0,100.12999725341797,75.38250732421875,978700,
2013-12-20,100.26000213623047,100.45999908447266,100.18000030517578,100.44000244140625,75.6159896850586,510500,
2013-12-23,100.27999877929688,100.37999725341797,100.0999984741211,100.12000274658203,75.375,5238400,
2013-12-24,99.83999633789062,99.91000366210938,99.69999694824219,99.7300033569336,75.0813980102539,770600,
2013-12-26,99.48999786376953,99.55999755859375,99.43000030517578,99.4800033569336,75.01659393310547,787500,"{""dividend_amount"": 0.164}"
2013-12-27,99.47000122070312,99.5999984741211,99.37999725341797,99.41999816894531,74.97135925292969,640400,
2013-12-30,99.55000305175781,99.69999694824219,99.54000091552734,99.69000244140625,75.1749267578125,1328000,
2013-12-31,99.51000213623047,99.62999725341797,99.18000030517578,99.23999786376953,74.83560943603516,1553600,
2014-01-02,99.38999938964844,99.68000030517578,99.37999725341797,99.62999725341797,75.12969207763672,1161800,
2014-01-03,99.51000213623047,99.73999786376953,99.4800033569336,99.56999969482422,75.08441162109375,637500,
2014-01-06,99.66000366210938,99.97000122070312,99.66000366210938,99.8499984741211,75.29558563232422,666200,
2014-01-07,99.91999816894531,100.05000305175781,99.8499984741211,100.01000213623047,75.41622924804688,1055700,
2014-01-08,99.68000030517578,99.73999786376953,99.45999908447266,99.5199966430664,75.04668426513672,1216700,
2014-01-09,99.66999816894531,99.83000183105469,99.5,99.77999877929688,75.2427978515625,806100,
2014-01-10,100.30000305175781,100.66999816894531,100.29000091552734,100.62000274658203,75.8761978149414,713300,
2014-01-13,100.72000122070312,100.97000122070312,100.69999694824219,100.91000366210938,76.09492492675781,581600,
2014-01-14,100.69999694824219,100.77999877929688,100.51000213623047,100.52999877929688,75.80836486816406,366700,
2014-01-15,100.26000213623047,100.48999786376953,100.2300033569336,100.44000244140625,75.74048614501953,997300,
2014-01-16,100.68000030517578,100.7699966430664,100.61000061035156,100.72000122070312,75.9516372680664,333300,
2014-01-17,100.69999694824219,100.95999908447266,100.61000061035156,100.95999908447266,76.13263702392578,754400,
2014-01-21,100.80000305175781,100.91999816894531,100.77999877929688,100.8499984741211,76.04969787597656,1927100,
2014-01-22,100.62000274658203,100.7300033569336,100.55000305175781,100.56999969482422,75.83853912353516,1150900,
2014-01-23,100.9000015258789,101.37999725341797,100.9000015258789,101.25,76.3512954711914,1080200,
2014-01-24,101.5999984741211,101.75,101.44999694824219,101.66000366210938,76.66043853759766,564300,
2014-01-27,101.48999786376953,101.69000244140625,101.33000183105469,101.3499984741211,76.42667388916016,758600,
2014-01-28,101.48999786376953,101.51000213623047,101.30999755859375,101.5,76.53977966308594,452700,
2014-01-29,101.80999755859375,102.12999725341797,101.62000274658203,101.9800033569336,76.90177154541016,1420200,
2014-01-30,101.73999786376953,101.91000366210938,101.63999938964844,101.87999725341797,76.82635498046875,685400,
2014-01-31,102.20999908447266,102.27999877929688,102.05000305175781,102.27999877929688,77.12804412841797,670500,
2014-02-03,101.95999908447266,102.66999816894531,101.86000061035156,102.66000366210938,77.54727172851562,4629800,"{""dividend_amount"": 0.175}"
2014-02-04,102.31999969482422,102.38999938964844,102.23999786376953,102.3499984741211,77.31304931640625,2617300,
2014-02-05,102.20999908447266,102.25,101.9800033569336,101.9800033569336,77.03360748291016,817600,
2014-02-06,101.86000061035156,101.87999725341797,101.70999908447266,101.79000091552734,76.89007568359375,885900,
2014-02-07,101.87999725341797,102.20999908447266,101.86000061035156,102.05999755859375,77.09398651123047,1065800,
2014-02-10,101.94999694824219,102.13999938964844,101.94999694824219,102.11000061035156,77.13176727294922,589300,
2014-02-11,101.75,101.81999969482422,101.61000061035156,101.66000366210938,76.79183959960938,625800,
2014-02-12,101.5199966430664,101.5199966430664,101.27999877929688,101.41999816894531,76.610595703125,743500,
2014-02-13,101.79000091552734,101.91999816894531,101.7300033569336,101.9000015258789,76.97315216064453,941400,
2014-02-14,101.8499984741211,101.9000015258789,101.72000122070312,101.83000183105469,76.92027282714844,463400,
2014-02-18,101.9800033569336,102.16999816894531,101.93000030517578,102.08000183105469,77.109130859375,1003600,
2014-02-19,102.29000091552734,102.30999755859375,101.83000183105469,101.87999725341797,76.9580307006836,907200,
2014-02-20,101.76000213623047,101.94000244140625,101.56999969482422,101.7699966430664,76.8749771118164,842900,
2014-02-21,101.66000366210938,101.91000366210938,101.63999938964844,101.9000015258789,76.97315216064453,405000,
2014-02-24,101.9000015258789,101.91000366210938,101.6500015258789,101.80000305175781,76.89759826660156,1531100,
2014-02-25,101.98999786376953,102.16999816894531,101.94999694824219,102.1500015258789,77.16205596923828,402600,
2014-02-26,102.1500015258789,102.44999694824219,102.11000061035156,102.44999694824219,77.38861083984375,486000,
2014-02-27,102.51000213623047,102.63999938964844,102.4800033569336,102.56999969482422,77.4792709350586,559400,
2014-02-28,102.37999725341797,102.55999755859375,102.16000366210938,102.47000122070312,77.40367126464844,609900,
2014-03-03,102.5999984741211,102.83000183105469,102.43000030517578,102.80999755859375,77.78655242919922,2540500,"{""dividend_amount"": 0.166}"
2014-03-04,102.44000244140625,102.44000244140625,102.0,102.0199966430664,77.18887329101562,1080200,
2014-03-05,101.87999725341797,102.13999938964844,101.80999755859375,102.12999725341797,77.27204132080078,614700,
2014-03-06,101.69000244140625,101.80999755859375,101.61000061035156,101.69000244140625,76.93917846679688,534700,
2014-03-07,101.16999816894531,101.37000274658203,101.1500015258789,101.25,76.60626983642578,645100,
2014-03-10,101.27999877929688,101.43000030517578,101.25,101.36000061035156,76.689453125,1013900,
2014-03-11,101.31999969482422,101.54000091552734,101.2300033569336,101.45999908447266,76.76519012451172,1571000,
2014-03-12,101.7699966430664,101.91999816894531,101.69000244140625,101.86000061035156,77.06774139404297,819000,
2014-03-13,101.58999633789062,102.47000122070312,101.58000183105469,102.45999908447266,77.52175903320312,1638900,
2014-03-14,102.5999984741211,102.61000061035156,102.29000091552734,102.47000122070312,77.52928161621094,1314400,
2014-03-17,102.26000213623047,102.33000183105469,102.04000091552734,102.05999755859375,77.21907806396484,1085400,
2014-03-18,102.08000183105469,102.30999755859375,102.05999755859375,102.30999755859375,77.40821075439453,861200,
2014-03-19,102.16000366210938,102.22000122070312,101.20999908447266,101.36000061035156,76.689453125,1355500,
2014-03-20,101.31999969482422,101.45999908447266,101.2300033569336,101.37999725341797,76.70463562011719,1748100,
2014-03-21,101.37000274658203,101.5999984741211,101.36000061035156,101.56999969482422,76.84835815429688,466500,
2014-03-24,101.31999969482422,101.70999908447266,101.30999755859375,101.61000061035156,76.87863159179688,1222600,
2014-03-25,101.52999877929688,101.70999908447266,101.44999694824219,101.55000305175781,76.83324432373047,739400,
2014-03-26,101.58999633789062,101.9800033569336,101.58000183105469,101.9800033569336,77.1585922241211,830000,
2014-03-27,101.83999633789062,102.19000244140625,101.83999633789062,102.08000183105469,77.23426055908203,303600,
2014-03-28,101.9800033569336,102.02999877929688,101.63999938964844,101.72000122070312,76.96187591552734,661600,
2014-03-31,101.44999694824219,101.76000213623047,101.37999725341797,101.7300033569336,76.96944427490234,1982900,
2014-04-01,101.4000015258789,101.41999816894531,101.26000213623047,101.33000183105469,76.81022644042969,2562600,"{""dividend_amount"": 0.19}"
2014-04-02,101.05000305175781,101.08000183105469,100.86000061035156,100.88999938964844,76.47672271728516,806800,
2014-04-03,100.97000122070312,101.12000274658203,100.91000366210938,100.95999908447266,76.52980041503906,298000,
2014-04-04,101.25,101.62999725341797,101.25,101.58000183105469,76.99976348876953,731900,
2014-04-07,101.73999786376953,101.91999816894531,101.72000122070312,101.81999969482422,77.18163299560547,1751700,
2014-04-08,101.80000305175781,102.0,101.66000366210938,101.95999908447266,77.2878189086914,666100,
2014-04-09,101.72000122070312,102.06999969482422,101.62999725341797,101.93000030517578,77.26506805419922,1350500,
2014-04-10,102.0,102.58999633789062,102.0,102.36000061035156,77.59099578857422,1056600,
2014-04-11,102.62000274658203,102.6500015258789,102.44000244140625,102.56999969482422,77.75021362304688,918500,
2014-04-14,102.44000244140625,102.52999877929688,102.30000305175781,102.41000366210938,77.6288833618164,1468600,
2014-04-15,102.33000183105469,102.73999786376953,102.26000213623047,102.52999877929688,77.71986389160156,614300,
2014-04-16,102.27999877929688,102.43000030517578,102.25,102.37000274658203,77.59857177734375,1405500,
2014-04-17,102.30999755859375,102.30999755859375,101.6500015258789,101.79000091552734,77.15895080566406,584600,
2014-04-21,101.87999725341797,101.95999908447266,101.70999908447266,101.7699966430664,77.14378356933594,1021100,
2014-04-22,101.61000061035156,101.75,101.5199966430664,101.7300033569336,77.11343383789062,482800,
2014-04-23,101.87999725341797,102.06999969482422,101.83999633789062,101.98999786376953,77.3105697631836,306400,
2014-04-24,101.76000213623047,102.04000091552734,101.75,101.95999908447266,77.2878189086914,345700,
2014-04-25,102.12999725341797,102.33999633789062,102.08000183105469,102.0999984741211,77.39393615722656,388900,
2014-04-28,102.06999969482422,102.16999816894531,101.80999755859375,101.94999694824219,77.28021240234375,574900,
2014-04-29,101.79000091552734,102.04000091552734,101.76000213623047,102.04000091552734,77.34844970703125,760100,
2014-04-30,102.18000030517578,102.36000061035156,102.0,102.30999755859375,77.5531005859375,544700,
2014-05-01,102.18000030517578,102.61000061035156,102.11000061035156,102.41000366210938,77.77635955810547,21829500,"{""dividend_amount"": 0.194}"
2014-05-02,102.11000061035156,102.73999786376953,102.0,102.55999755859375,77.89032745361328,1343700,
2014-05-05,102.70999908447266,102.70999908447266,102.41999816894531,102.5,77.84477233886719,929400,
2014-05-06,102.5199966430664,102.6500015258789,102.44999694824219,102.62000274658203,77.93589782714844,566300,
2014-05-07,102.55999755859375,102.7699966430664,102.41999816894531,102.69999694824219,77.99664306640625,1107600,
2014-05-08,102.80000305175781,102.9800033569336,102.6500015258789,102.80999755859375,78.08016204833984,1444300,
2014-05-09,102.63999938964844,102.80000305175781,102.63999938964844,102.7300033569336,78.0194320678711,354500,
2014-05-12,102.54000091552734,102.61000061035156,102.41000366210938,102.45999908447266,77.81432342529297,759600,
2014-05-13,102.72000122070312,102.86000061035156,102.68000030517578,102.86000061035156,78.1181411743164,603700,
2014-05-14,103.11000061035156,103.4800033569336,103.06999969482422,103.33000183105469,78.4750747680664,635400,
2014-05-15,103.5,103.88999938964844,103.33000183105469,103.69999694824219,78.75611114501953,1347300,
2014-05-16,103.52999877929688,103.66999816894531,103.45999908447266,103.4800033569336,78.58903503417969,452600,
2014-05-19,103.61000061035156,103.73999786376953,103.3499984741211,103.3499984741211,78.4902572631836,325400,
2014-05-20,103.38999938964844,103.76000213623047,103.38999938964844,103.6500015258789,78.7181167602539,34764400,
2014-05-21,103.41000366210938,103.51000213623047,103.27999877929688,103.48999786376953,78.59659576416016,881700,
2014-05-22,103.43000030517578,103.4800033569336,103.27999877929688,103.37999725341797,78.51303100585938,678800,
2014-05-23,103.52999877929688,103.62000274658203,103.47000122070312,103.58999633789062,78.67252349853516,486800,
2014-05-27,103.5,103.63999938964844,103.33999633789062,103.62000274658203,78.69532012939453,997000,
2014-05-28,103.95999908447266,104.26000213623047,103.94000244140625,104.19000244140625,79.12822723388672,968200,
2014-05-29,104.30999755859375,104.52999877929688,104.05999755859375,104.05999755859375,79.02950286865234,753100,
2014-05-30,103.91000366210938,104.0999984741211,103.7699966430664,103.9800033569336,78.96879577636719,902400,
2014-06-02,103.52999877929688,103.68000030517578,103.2300033569336,103.33000183105469,78.60738372802734,2032800,"{""dividend_amount"": 0.175}"
2014-06-03,103.18000030517578,103.18000030517578,102.80000305175781,102.80999755859375,78.21178436279297,1563600,
2014-06-04,102.91000366210938,102.91999816894531,102.66999816894531,102.7300033569336,78.15089416503906,1566600,
2014-06-05,102.68000030517578,103.0,102.68000030517578,102.87999725341797,78.2650375366211,1585800,
2014-06-06,103.0999984741211,103.19999694824219,102.7699966430664,102.80000305175781,78.20423889160156,940600,
2014-06-09,102.69000244140625,102.70999908447266,102.55000305175781,102.6500015258789,78.09004974365234,816500,
2014-06-10,102.52999877929688,102.55999755859375,102.4000015258789,102.47000122070312,77.95310974121094,1207100,
2014-06-11,102.56999969482422,102.69999694824219,102.47000122070312,102.61000061035156,78.05967712402344,814800,
2014-06-12,102.6500015258789,103.05999755859375,102.55999755859375,103.01000213623047,78.36395263671875,1319500,
2014-06-13,102.54000091552734,102.94000244140625,102.52999877929688,102.80999755859375,78.21178436279297,752900,
2014-06-16,102.81999969482422,102.94999694824219,102.73999786376953,102.80999755859375,78.21178436279297,1401000,
2014-06-17,102.62000274658203,102.66000366210938,102.36000061035156,102.37999725341797,77.8846435546875,33268500,
2014-06-18,102.62999725341797,102.91999816894531,102.41999816894531,102.91999816894531,78.29547119140625,1472200,
2014-06-19,103.08000183105469,103.16000366210938,102.55999755859375,102.66000366210938,78.09765625,1055000,
2014-06-20,102.56999969482422,102.79000091552734,102.52999877929688,102.77999877929688,78.18896484375,577000,
2014-06-23,102.91999816894531,102.95999908447266,102.70999908447266,102.70999908447266,78.13577270507812,764200,
2014-06-24,102.9800033569336,103.12999725341797,102.79000091552734,103.12999725341797,78.45525360107422,443800,
2014-06-25,103.4000015258789,103.47000122070312,103.19999694824219,103.2300033569336,78.53131866455078,977500,
2014-06-26,103.41999816894531,103.62000274658203,103.4000015258789,103.5,78.73672485351562,822300,
2014-06-27,103.62000274658203,103.7300033569336,103.5,103.5,78.73672485351562,933200,
2014-06-30,103.61000061035156,103.68000030517578,103.43000030517578,103.58000183105469,78.79759216308594,1268900,
2014-07-01,103.13999938964844,103.26000213623047,103.02999877929688,103.05000305175781,78.53996276855469,17393000,"{""dividend_amount"": 0.192}"
2014-07-02,102.83999633789062,102.8499984741211,102.5999984741211,102.62999725341797,78.2198715209961,1779100,
2014-07-03,102.22000122070312,102.45999908447266,102.19999694824219,102.41999816894531,78.05982208251953,1079900,
2014-07-07,102.54000091552734,102.73999786376953,102.54000091552734,102.66999816894531,78.25032806396484,1031000,
2014-07-08,102.98999786376953,103.19000244140625,102.94999694824219,103.13999938964844,78.60858917236328,491500,
2014-07-09,103.05000305175781,103.27999877929688,102.80000305175781,103.16000366210938,78.62383270263672,1113900,
2014-07-10,103.5199966430664,103.63999938964844,103.33999633789062,103.37999725341797,78.79147338867188,728600,
2014-07-11,103.5,103.6500015258789,103.45999908447266,103.55000305175781,78.9210433959961,688600,
2014-07-14,103.47000122070312,103.47000122070312,103.29000091552734,103.31999969482422,78.74575805664062,974800,
2014-07-15,103.29000091552734,103.55999755859375,103.12999725341797,103.2300033569336,78.67716979980469,933500,
2014-07-16,103.26000213623047,103.41999816894531,103.19999694824219,103.37999725341797,78.79147338867188,15784300,
2014-07-17,103.69999694824219,104.05000305175781,103.54000091552734,103.9800033569336,79.24877166748047,1367400,
2014-07-18,103.87999725341797,103.93000030517578,103.62999725341797,103.7699966430664,79.08869171142578,386900,
2014-07-21,103.83999633789062,104.04000091552734,103.80000305175781,103.80000305175781,79.11160278320312,339600,
2014-07-22,103.83999633789062,103.93000030517578,103.68000030517578,103.93000030517578,79.21064758300781,484200,
2014-07-23,104.02999877929688,104.05000305175781,103.88999938964844,103.91999816894531,79.2030029296875,523600,
2014-07-24,103.61000061035156,103.6500015258789,103.48999786376953,103.5,78.88294982910156,600900,
2014-07-25,103.7699966430664,103.93000030517578,103.69999694824219,103.9000015258789,79.18779754638672,781400,
2014-07-28,103.77999877929688,103.9000015258789,103.63999938964844,103.77999877929688,79.09635162353516,1448000,
2014-07-29,103.9000015258789,103.94999694824219,103.72000122070312,103.91999816894531,79.2030029296875,465700,
2014-07-30,103.48999786376953,103.5,103.0999984741211,103.19000244140625,78.64667510986328,1067500,
2014-07-31,102.93000030517578,103.30000305175781,102.87999725341797,103.16000366210938,78.62383270263672,1506500,
2014-08-01,103.2699966430664,103.66999816894531,103.05000305175781,103.56999969482422,79.0865478515625,3466800,"{""dividend_amount"": 0.196}"
2014-08-04,103.66999816894531,103.7699966430664,103.58999633789062,103.62999725341797,79.13236236572266,1672600,
2014-08-05,103.5,103.7699966430664,103.36000061035156,103.68000030517578,79.17053985595703,1013000,
2014-08-06,103.98999786376953,103.98999786376953,103.73999786376953,103.7699966430664,79.2392578125,1139100,
2014-08-07,103.81999969482422,104.23999786376953,103.69000244140625,104.23999786376953,79.5981216430664,1386100,
2014-08-08,104.41000366210938,104.56999969482422,104.11000061035156,104.1500015258789,79.52947998046875,913900,
2014-08-11,104.18000030517578,104.2300033569336,104.01000213623047,104.0999984741211,79.49125671386719,419800,
2014-08-12,104.13999938964844,104.19999694824219,103.94999694824219,103.94999694824219,79.37671661376953,416300,
2014-08-13,104.11000061035156,104.33999633789062,104.05999755859375,104.29000091552734,79.63636779785156,732400,
2014-08-14,104.48999786376953,104.55000305175781,104.30999755859375,104.5,79.79674530029297,638800,
2014-08-15,104.48999786376953,105.2300033569336,104.44999694824219,104.91999816894531,80.11744689941406,1570700,
2014-08-18,104.69000244140625,104.73999786376953,104.54000091552734,104.58999633789062,79.86543273925781,13822300,
2014-08-19,104.80999755859375,104.80999755859375,104.43000030517578,104.4800033569336,79.78138732910156,769900,
2014-08-20,104.41000366210938,104.45999908447266,104.12000274658203,104.16999816894531,79.54473114013672,1052200,
2014-08-21,104.19000244140625,104.44000244140625,104.19000244140625,104.38999938964844,79.71269226074219,630300,
2014-08-22,104.36000061035156,104.45999908447266,104.06999969482422,104.4000015258789,79.7203140258789,1393400,
2014-08-25,104.4000015258789,104.5,104.30000305175781,104.4800033569336,79.78138732910156,837500,
2014-08-26,104.61000061035156,104.62999725341797,104.43000030517578,104.45999908447266,79.76618194580078,590200,
2014-08-27,104.63999938964844,104.76000213623047,104.54000091552734,104.75,79.98760986328125,881300,
2014-08-28,105.0199966430664,105.04000091552734,104.80999755859375,104.88999938964844,80.09449005126953,938400,
2014-08-29,104.87000274658203,105.04000091552734,104.80999755859375,104.9000015258789,80.10208129882812,1407100,
2014-09-02,104.30000305175781,104.30999755859375,104.05000305175781,104.05000305175781,79.59040069580078,2058600,"{""dividend_amount"": 0.181}"
2014-09-03,103.93000030517578,104.23999786376953,103.87000274658203,104.19999694824219,79.70513916015625,1456900,
2014-09-04,104.08000183105469,104.16000366210938,103.7699966430664,103.83000183105469,79.4221420288086,1994400,
2014-09-05,104.18000030517578,104.23999786376953,103.80999755859375,103.86000061035156,79.44508361816406,1098400,
2014-09-08,104.12999725341797,104.18000030517578,103.66999816894531,103.75,79.36089324951172,1340900,
2014-09-09,103.52999877929688,103.6500015258789,103.45999908447266,103.51000213623047,79.17736053466797,1205900,
2014-09-10,103.33000183105469,103.37999725341797,103.2300033569336,103.25,78.97843170166016,1311800,
2014-09-11,103.4000015258789,103.45999908447266,103.0999984741211,103.12000274658203,78.8790054321289,1224800,
2014-09-12,102.87999725341797,102.94000244140625,102.68000030517578,102.7300033569336,78.58069610595703,2178400,
2014-09-15,102.87000274658203,102.97000122070312,102.83000183105469,102.91999816894531,78.72602081298828,1505400,
2014-09-16,103.04000091552734,103.1500015258789,102.87000274658203,102.88999938964844,78.70309448242188,24978400,
2014-09-17,103.05000305175781,103.2699966430664,102.62000274658203,102.62999725341797,78.50422668457031,2704700,
2014-09-18,102.62999725341797,102.6500015258789,102.44999694824219,102.55999755859375,78.45065307617188,556800,
2014-09-19,102.7300033569336,102.9800033569336,102.58000183105469,102.94999694824219,78.74898529052734,920600,
2014-09-22,103.05000305175781,103.2300033569336,102.98999786376953,103.16999816894531,78.91726684570312,1932600,
2014-09-23,103.26000213623047,103.38999938964844,103.16999816894531,103.38999938964844,79.08554077148438,963700,
2014-09-24,103.33000183105469,103.41000366210938,103.06999969482422,103.0999984741211,78.86373901367188,485300,
2014-09-25,103.25,103.61000061035156,103.25,103.5999984741211,79.24620056152344,399000,
2014-09-26,103.4800033569336,103.48999786376953,103.26000213623047,103.37999725341797,79.07789611816406,716100,
2014-09-29,103.7300033569336,103.77999877929688,103.63999938964844,103.70999908447266,79.33035278320312,2344500,
2014-09-30,103.5999984741211,103.7699966430664,103.54000091552734,103.62000274658203,79.26148986816406,1544600,
2014-10-01,103.83999633789062,104.30999755859375,103.83999633789062,104.30000305175781,79.92742919921875,3346000,"{""dividend_amount"": 0.189}"
2014-10-02,104.25,104.37999725341797,103.97000122070312,103.98999786376953,79.68986511230469,2084100,
2014-10-03,103.7300033569336,103.97000122070312,103.61000061035156,103.95999908447266,79.66688537597656,1159100,
2014-10-06,103.97000122070312,104.26000213623047,103.87999725341797,104.12999725341797,79.79713439941406,1201700,
2014-10-07,104.45999908447266,104.77999877929688,104.33999633789062,104.73999786376953,80.26460266113281,1429800,
2014-10-08,104.80999755859375,105.12999725341797,104.48999786376953,105.11000061035156,80.54814910888672,2701900,
2014-10-09,105.04000091552734,105.18000030517578,104.91000366210938,104.93000030517578,80.41016387939453,5848000,
2014-10-10,105.0999984741211,105.38999938964844,105.02999877929688,105.33999633789062,80.72439575195312,4675300,
2014-10-13,105.5199966430664,105.94000244140625,105.44000244140625,105.88999938964844,81.14588928222656,2074300,
2014-10-14,105.91000366210938,106.12999725341797,105.7699966430664,106.0999984741211,81.30683135986328,2196700,
2014-10-15,107.5,108.87999725341797,106.44999694824219,106.69999694824219,81.76663970947266,2196800,
2014-10-16,107.23999786376953,107.31999969482422,106.25,106.41000366210938,81.54434967041016,1786700,
2014-10-17,106.13999938964844,106.26000213623047,105.87999725341797,106.0999984741211,81.30683135986328,1143300,
2014-10-20,106.38999938964844,106.41999816894531,106.11000061035156,106.25,81.42170715332031,1562200,
2014-10-21,106.0,106.19999694824219,105.91000366210938,105.95999908447266,81.19950866699219,1973200,
2014-10-22,105.83999633789062,105.95999908447266,105.72000122070312,105.93000030517578,81.176513671875,951800,
2014-10-23,105.62999725341797,105.68000030517578,105.30999755859375,105.48999786376953,80.83934783935547,1281700,
2014-10-24,105.5999984741211,105.81999969482422,105.5199966430664,105.58000183105469,80.9083251953125,678800,
2014-10-27,105.55000305175781,105.79000091552734,105.55000305175781,105.69000244140625,80.9925765991211,872500,
2014-10-28,105.58000183105469,105.61000061035156,105.37000274658203,105.43000030517578,80.79336547851562,771500,
2014-10-29,105.29000091552734,105.3499984741211,104.73999786376953,105.08000183105469,80.52516174316406,1453100,
2014-10-30,105.27999877929688,105.44000244140625,105.13999938964844,105.19000244140625,80.60943603515625,1363500,
2014-10-31,105.12000274658203,105.16000366210938,104.88999938964844,105.0199966430664,80.47918701171875,886900,
2014-11-03,104.69999694824219,104.8499984741211,104.44999694824219,104.80000305175781,80.44927978515625,2348900,"{""dividend_amount"": 0.181}"
2014-11-04,104.87999725341797,105.05000305175781,104.75,104.79000091552734,80.44158935546875,3854700,
2014-11-05,104.63999938964844,104.83000183105469,104.62000274658203,104.81999969482422,80.46456146240234,1079700,
2014-11-06,104.62000274658203,104.79000091552734,104.48999786376953,104.5,80.21895599365234,1026100,
2014-11-07,104.7699966430664,105.18000030517578,104.76000213623047,105.16999816894531,80.73326873779297,994200,
2014-11-10,105.16000366210938,105.16000366210938,104.7300033569336,104.73999786376953,80.4031753540039,1427900,
2014-11-11,104.73999786376953,104.7699966430664,104.62000274658203,104.75,80.41083526611328,1220800,
2014-11-12,104.98999786376953,105.05999755859375,104.68000030517578,104.70999908447266,80.38014221191406,658300,
2014-11-13,104.83999633789062,104.94999694824219,104.72000122070312,104.87999725341797,80.51066589355469,743400,
2014-11-14,104.75,105.16000366210938,104.69999694824219,105.0999984741211,80.67952728271484,629800,
2014-11-17,105.25,105.25,104.91000366210938,104.9800033569336,80.58744049072266,496500,
2014-11-18,105.01000213623047,105.12999725341797,104.9800033569336,105.0999984741211,80.67952728271484,510100,
2014-11-19,104.81999969482422,105.11000061035156,104.7699966430664,104.81999969482422,80.46456146240234,560000,
2014-11-20,105.22000122070312,105.22000122070312,104.88999938964844,105.01000213623047,80.61048126220703,811500,
2014-11-21,105.04000091552734,105.22000122070312,105.01000213623047,105.22000122070312,80.77167510986328,855800,
2014-11-24,105.04000091552734,105.3499984741211,104.98999786376953,105.33999633789062,80.86375427246094,13802400,
2014-11-25,105.29000091552734,105.62999725341797,105.25,105.5999984741211,81.06334686279297,1244600,
2014-11-26,105.81999969482422,105.9000015258789,105.73999786376953,105.77999877929688,81.20152282714844,523300,
2014-11-28,106.06999969482422,106.19999694824219,106.0,106.19000244140625,81.51628112792969,367300,
2014-12-01,106.30999755859375,106.37000274658203,105.75,105.75,81.31629943847656,2063400,"{""dividend_amount"": 0.18}"
2014-12-02,105.43000030517578,105.5,105.26000213623047,105.27999877929688,80.95494842529297,990600,
2014-12-03,105.22000122070312,105.3499984741211,105.1500015258789,105.31999969482422,80.98567962646484,851900,
2014-12-04,105.33999633789062,105.69000244140625,105.26000213623047,105.69000244140625,81.27021789550781,968300,
2014-12-05,105.27999877929688,105.30999755859375,104.93000030517578,105.0999984741211,80.81652069091797,1035900,
2014-12-08,105.0999984741211,105.62999725341797,105.08999633789062,105.44999694824219,81.08568572998047,858300,
2014-12-09,105.91999816894531,106.12000274658203,105.73999786376953,105.83999633789062,81.38553619384766,945900,
2014-12-10,105.79000091552734,106.37000274658203,105.77999877929688,106.31999969482422,81.75466918945312,996800,
2014-12-11,106.0999984741211,106.25,105.91000366210938,106.13999938964844,81.61620330810547,15223600,
2014-12-12,106.62000274658203,107.0199966430664,106.47000122070312,107.01000213623047,82.28522491455078,7233700,
2014-12-15,106.62999725341797,106.94999694824219,106.5,106.62000274658203,81.9853286743164,1248100,
2014-12-16,107.27999877929688,107.27999877929688,106.76000213623047,107.16000366210938,82.4005355834961,10633800,
2014-12-17,106.9800033569336,107.19999694824219,106.38999938964844,106.41999816894531,81.83152770996094,2086100,
2014-12-18,105.86000061035156,105.94999694824219,105.7300033569336,105.81999969482422,81.37016296386719,4833300,
2014-12-19,105.98999786376953,106.20999908447266,105.91000366210938,106.20999908447266,81.67008972167969,847800,
2014-12-22,106.12000274658203,106.30000305175781,106.05000305175781,106.20999908447266,81.67008972167969,2366700,
2014-12-23,105.91000366210938,105.9800033569336,105.31999969482422,105.33000183105469,80.99333953857422,1360300,
2014-12-24,105.02999877929688,105.27999877929688,104.94000244140625,105.25,81.05189514160156,1098200,"{""dividend_amount"": 0.156}"
2014-12-26,105.44000244140625,105.44000244140625,105.25,105.38999938964844,81.15973663330078,373600,
2014-12-29,105.58000183105469,105.83000183105469,105.55999755859375,105.75,81.43693542480469,2447300,
2014-12-30,106.01000213623047,106.08000183105469,105.80999755859375,105.87000274658203,81.52935028076172,1194700,
2014-12-31,105.94000244140625,106.08000183105469,105.93000030517578,105.98999786376953,81.6218032836914,1010400,
2015-01-02,106.08999633789062,106.66000366210938,106.05999755859375,106.52999877929688,82.03756713867188,2028600,
2015-01-05,106.70999908447266,107.25,106.66000366210938,107.18000030517578,82.5382080078125,1521700,
2015-01-06,107.62999725341797,108.47000122070312,107.52999877929688,107.9000015258789,83.0926513671875,1890200,
2015-01-07,107.58999633789062,108.01000213623047,107.45999908447266,107.87999725341797,83.07720184326172,1558000,
2015-01-08,107.52999877929688,107.56999969482422,107.30999755859375,107.44000244140625,82.73841094970703,1671000,
2015-01-09,107.56999969482422,108.0999984741211,107.45999908447266,107.97000122070312,83.14652252197266,1107800,
2015-01-12,108.08000183105469,108.44000244140625,108.0199966430664,108.3499984741211,83.43916320800781,2700900,
2015-01-13,108.2300033569336,108.63999938964844,108.12000274658203,108.44999694824219,83.5162124633789,1038800,
2015-01-14,109.19999694824219,109.3499984741211,108.87999725341797,108.94999694824219,83.90125274658203,1545800,
2015-01-15,109.01000213623047,109.9000015258789,108.94000244140625,109.87999725341797,84.61744689941406,1374100,
2015-01-16,109.63999938964844,109.73999786376953,109.05999755859375,109.06999969482422,83.9936294555664,1689100,
2015-01-20,109.29000091552734,109.66000366210938,109.16000366210938,109.31999969482422,84.18618774414062,1346200,
2015-01-21,109.38999938964844,109.52999877929688,108.75,108.80000305175781,83.7857437133789,2298200,
2015-01-22,109.06999969482422,109.0999984741211,108.4000015258789,108.52999877929688,83.57778930664062,1330800,
2015-01-23,108.93000030517578,109.27999877929688,108.93000030517578,109.23999786376953,84.12454986572266,1248200,
2015-01-26,109.16000366210938,109.2699966430664,108.9000015258789,108.98999786376953,83.93208312988281,1546200,
2015-01-27,109.58999633789062,109.70999908447266,109.0199966430664,109.13999938964844,84.04756927490234,863300,
2015-01-28,109.18000030517578,110.12999725341797,109.18000030517578,109.9800033569336,84.69441223144531,3346300,
2015-01-29,109.66999816894531,109.80000305175781,109.41999816894531,109.58999633789062,84.3940658569336,1393400,
2015-01-30,110.5199966430664,110.58999633789062,110.06999969482422,110.55000305175781,85.13338470458984,2219800,
2015-02-02,109.94999694824219,110.4000015258789,109.93000030517578,110.2300033569336,85.0269775390625,11544700,"{""dividend_amount"": 0.182}"
2015-02-03,109.7300033569336,109.73999786376953,109.29000091552734,109.30000305175781,84.30957794189453,1465200,
2015-02-04,108.95999908447266,109.54000091552734,108.87999725341797,109.4800033569336,84.44841766357422,1655500,
2015-02-05,109.2300033569336,109.2699966430664,108.97000122070312,109.08000183105469,84.1398696899414,1392700,
2015-02-06,108.37000274658203,108.47000122070312,107.8499984741211,107.86000061035156,83.19884490966797,2016700,
2015-02-09,108.19999694824219,108.20999908447266,107.80000305175781,107.80999755859375,83.16018676757812,1599900,
2015-02-10,107.62999725341797,107.73999786376953,107.45999908447266,107.54000091552734,82.95197296142578,1244500,
2015-02-11,107.6500015258789,107.75,107.31999969482422,107.5,82.9211196899414,1286100,
2015-02-12,107.4800033569336,107.80999755859375,107.45999908447266,107.54000091552734,82.95197296142578,1845200,
2015-02-13,107.5,107.55000305175781,107.16999816894531,107.18000030517578,82.67426300048828,1302400,
2015-02-17,107.05999755859375,107.1500015258789,106.25,106.41999816894531,82.08805847167969,2170100,
2015-02-18,106.5,107.20999908447266,106.4000015258789,106.93000030517578,82.48146057128906,8204600,
2015-02-19,106.83000183105469,107.05999755859375,106.55999755859375,106.66000366210938,82.27318572998047,1459500,
2015-02-20,107.02999877929688,107.20999908447266,106.38999938964844,106.5999984741211,82.22689819335938,1893000,
2015-02-23,106.88999938964844,107.12000274658203,106.8499984741211,107.08999633789062,82.60489654541016,818200,
2015-02-24,106.94000244140625,107.80999755859375,106.70999908447266,107.80000305175781,83.15252685546875,1180900,
2015-02-25,107.77999877929688,107.94999694824219,107.62999725341797,107.9000015258789,83.22972106933594,595300,
2015-02-26,107.73999786376953,107.86000061035156,107.25,107.26000213623047,82.7359848022461,865900,
2015-02-27,107.51000213623047,107.68000030517578,107.2300033569336,107.63999938964844,83.02909088134766,2901700,
2015-03-02,107.37999725341797,107.41000366210938,106.6500015258789,106.66999816894531,82.41107177734375,10270800,"{""dividend_amount"": 0.17}"
2015-03-03,106.63999938964844,106.80999755859375,106.4000015258789,106.44000244140625,82.23338317871094,1224400,
2015-03-04,106.62999725341797,106.72000122070312,106.37000274658203,106.5199966430664,82.29515075683594,1871100,
2015-03-05,106.54000091552734,106.75,106.36000061035156,106.58000183105469,82.34149169921875,2253200,
2015-03-06,105.83999633789062,105.86000061035156,105.44000244140625,105.48999786376953,81.49942779541016,1734000,
2015-03-09,105.9000015258789,105.9800033569336,105.75,105.9800033569336,81.87801361083984,1218100,
2015-03-10,106.44999694824219,106.58999633789062,106.29000091552734,106.43000030517578,82.22560119628906,1309200,
2015-03-11,106.38999938964844,106.70999908447266,106.33000183105469,106.62000274658203,82.3724136352539,945700,
2015-03-12,107.01000213623047,107.05999755859375,106.55000305175781,106.72000122070312,82.44963073730469,916800,
2015-03-13,106.61000061035156,106.93000030517578,106.5,106.55999755859375,82.3260498046875,846900,
2015-03-16,106.95999908447266,107.0999984741211,106.75,106.93000030517578,82.61192321777344,639400,
2015-03-17,107.16999816894531,107.19999694824219,107.0199966430664,107.1500015258789,82.78189086914062,768500,
2015-03-18,107.44999694824219,108.4800033569336,107.12999725341797,108.37999725341797,83.73218536376953,1963600,
2015-03-19,108.12999725341797,108.29000091552734,107.7300033569336,107.87000274658203,83.3381576538086,985600,
2015-03-20,108.2300033569336,108.30999755859375,108.12000274658203,108.30999755859375,83.67807006835938,1194800,
2015-03-23,108.41000366210938,108.5,108.19999694824219,108.44999694824219,83.78624725341797,795100,
2015-03-24,108.45999908447266,108.77999877929688,108.37000274658203,108.77999877929688,84.04114532470703,584500,
2015-03-25,108.79000091552734,108.83999633789062,108.30999755859375,108.30999755859375,83.67807006835938,1240200,
2015-03-26,108.13999938964844,108.1500015258789,107.61000061035156,107.69999694824219,83.20680236816406,928300,
2015-03-27,107.91000366210938,108.19999694824219,107.91000366210938,108.12000274658203,83.53128051757812,2492500,
2015-03-30,108.16000366210938,108.23999786376953,107.97000122070312,108.11000061035156,83.52359008789062,2017700,
2015-03-31,108.0999984741211,108.4000015258789,108.0199966430664,108.38999938964844,83.73992919921875,2137200,
2015-04-01,108.55000305175781,108.8499984741211,108.52999877929688,108.7300033569336,84.13836669921875,2570100,"{""dividend_amount"": 0.175}"
2015-04-02,108.70999908447266,108.7300033569336,108.38999938964844,108.41999816894531,83.89854431152344,1126400,
2015-04-06,108.94999694824219,109.04000091552734,108.48999786376953,108.55999755859375,84.00688171386719,1268500,
2015-04-07,108.43000030517578,108.69000244140625,108.31999969482422,108.6500015258789,84.07647705078125,750700,
2015-04-08,108.66999816894531,108.69000244140625,108.33000183105469,108.55000305175781,83.99913787841797,886400,
2015-04-09,108.4800033569336,108.48999786376953,108.01000213623047,108.11000061035156,83.65866088867188,890600,
2015-04-10,108.31999969482422,108.37999725341797,108.05999755859375,108.08000183105469,83.63545227050781,789700,
2015-04-13,108.13999938964844,108.37000274658203,108.12000274658203,108.30000305175781,83.80565643310547,624800,
2015-04-14,108.80000305175781,108.97000122070312,108.52999877929688,108.62000274658203,84.05329132080078,825400,
2015-04-15,108.79000091552734,108.8499984741211,108.62999725341797,108.68000030517578,84.09969329833984,566400,
2015-04-16,108.73999786376953,108.9000015258789,108.43000030517578,108.76000213623047,84.16160583496094,903300,
2015-04-17,108.66999816894531,109.12000274658203,108.5999984741211,108.9800033569336,84.33183288574219,1945700,
2015-04-20,108.93000030517578,108.95999908447266,108.6500015258789,108.77999877929688,84.17707824707031,878100,
2015-04-21,108.69999694824219,108.72000122070312,108.5,108.55000305175781,83.99913787841797,811000,
2015-04-22,108.4800033569336,108.4800033569336,107.9000015258789,107.91999816894531,83.5115966796875,725100,
2015-04-23,107.98999786376953,108.37999725341797,107.93000030517578,108.25,83.76698303222656,918700,
2015-04-24,108.41999816894531,108.66000366210938,108.41000366210938,108.62999725341797,84.06103515625,739100,
2015-04-27,108.51000213623047,108.62000274658203,108.30000305175781,108.45999908447266,83.92945861816406,854400,
2015-04-28,108.19999694824219,108.44000244140625,107.91999816894531,107.95999908447266,83.54258728027344,1101100,
2015-04-29,107.44999694824219,107.7300033569336,107.30999755859375,107.55999755859375,83.2330322265625,1118000,
2015-04-30,107.18000030517578,107.62000274658203,106.95999908447266,107.52999877929688,83.2098159790039,2650600,
2015-05-01,107.05000305175781,107.16000366210938,106.69999694824219,106.77999877929688,82.75486755371094,1854300,"{""dividend_amount"": 0.163}"
2015-05-04,106.87000274658203,107.0199966430664,106.55000305175781,106.55999755859375,82.5843734741211,2784900,
2015-05-05,106.62000274658203,106.62000274658203,106.12000274658203,106.37999725341797,82.44489288330078,2050800,
2015-05-06,106.19999694824219,106.2699966430664,105.73999786376953,105.86000061035156,82.04193115234375,1802100,
2015-05-07,106.05000305175781,106.41999816894531,105.97000122070312,106.30999755859375,82.39064025878906,2201300,
2015-05-08,106.95999908447266,107.04000091552734,106.5999984741211,106.72000122070312,82.70832824707031,1004300,
2015-05-11,106.38999938964844,106.38999938964844,105.63999938964844,105.66999816894531,81.89461517333984,1324400,
2015-05-12,105.5,105.97000122070312,105.4000015258789,105.75,81.95661163330078,1431000,
2015-05-13,106.1500015258789,106.1500015258789,105.55999755859375,105.61000061035156,81.84815216064453,1221200,
2015-05-14,105.75,106.08000183105469,105.75,105.97000122070312,82.12715911865234,617500,
2015-05-15,106.27999877929688,106.80000305175781,106.2300033569336,106.7300033569336,82.71614074707031,854900,
2015-05-18,106.30000305175781,106.38999938964844,105.98999786376953,106.01000213623047,82.15812683105469,1000400,
2015-05-19,105.52999877929688,105.9800033569336,105.41999816894531,105.54000091552734,81.79388427734375,1240400,
2015-05-20,105.80000305175781,106.06999969482422,105.62000274658203,105.7699966430664,81.9721450805664,1682600,
2015-05-21,106.0999984741211,106.41999816894531,106.02999877929688,106.4000015258789,82.46036529541016,836700,
2015-05-22,106.19999694824219,106.27999877929688,105.94000244140625,106.16000366210938,82.27442932128906,852300,
2015-05-26,106.20999908447266,106.81999969482422,106.16999816894531,106.81999969482422,82.785888671875,1925600,
2015-05-27,106.68000030517578,106.83999633789062,106.45999908447266,106.76000213623047,82.73941040039062,1015000,
2015-05-28,106.75,106.94999694824219,106.66000366210938,106.86000061035156,82.81686401367188,1068200,
2015-05-29,107.05000305175781,107.19000244140625,106.91000366210938,106.91999816894531,82.86339569091797,1148500,
2015-06-01,106.7300033569336,106.80999755859375,106.1500015258789,106.27999877929688,82.49781036376953,2161700,"{""dividend_amount"": 0.169}"
2015-06-02,105.87999725341797,105.91000366210938,105.47000122070312,105.54000091552734,81.92340850830078,1484500,
2015-06-03,105.13999938964844,105.13999938964844,104.58000183105469,104.63999938964844,81.22473907470703,1703400,
2015-06-04,104.86000061035156,105.30000305175781,104.86000061035156,105.1500015258789,81.62059783935547,1594800,
2015-06-05,104.41000366210938,104.70999908447266,104.20999908447266,104.38999938964844,81.03067016601562,1384900,
2015-06-08,104.66000366210938,104.73999786376953,104.52999877929688,104.54000091552734,81.14714813232422,877800,
2015-06-09,104.44999694824219,104.48999786376953,104.08000183105469,104.19999694824219,80.8832015991211,822400,
2015-06-10,104.02999877929688,104.08999633789062,103.76000213623047,103.80000305175781,80.57273864746094,967000,
2015-06-11,104.16000366210938,104.62999725341797,104.0199966430664,104.62000274658203,81.2092514038086,3069700,
2015-06-12,104.44000244140625,104.98999786376953,104.41999816894531,104.55999755859375,81.1626205444336,1578100,
2015-06-15,105.08999633789062,105.1500015258789,104.70999908447266,104.80999755859375,81.35671997070312,1478800,
2015-06-16,105.04000091552734,105.23999786376953,104.88999938964844,105.20999908447266,81.66722106933594,779000,
2015-06-17,105.05999755859375,105.37999725341797,104.58000183105469,105.2699966430664,81.7137680053711,1994000,
2015-06-18,105.12999725341797,105.29000091552734,104.79000091552734,105.19000244140625,81.65170288085938,1481600,
2015-06-19,105.58000183105469,105.77999877929688,105.51000213623047,105.75,82.08638000488281,1849600,
2015-06-22,105.27999877929688,105.31999969482422,104.81999969482422,104.86000061035156,81.39552307128906,860300,
2015-06-23,104.4800033569336,104.91000366210938,104.43000030517578,104.54000091552734,81.14714813232422,925000,
2015-06-24,104.72000122070312,104.9000015258789,104.52999877929688,104.8499984741211,81.38774871826172,1176500,
2015-06-25,104.58999633789062,104.7699966430664,104.43000030517578,104.58999633789062,81.18592834472656,919800,
2015-06-26,104.19000244140625,104.29000091552734,103.97000122070312,104.08999633789062,80.79783630371094,1441500,
2015-06-29,104.75,105.4000015258789,104.61000061035156,105.30000305175781,81.73707580566406,1500900,
2015-06-30,104.8499984741211,105.37000274658203,104.8499984741211,105.01000213623047,81.5119857788086,1599400,
2015-07-01,104.4000015258789,104.51000213623047,104.1500015258789,104.30000305175781,81.08595275878906,3738800,"{""dividend_amount"": 0.162}"
2015-07-02,104.66000366210938,104.86000061035156,104.58999633789062,104.66999816894531,81.37360382080078,1924600,
2015-07-06,105.45999908447266,105.55999755859375,105.0199966430664,105.41000366210938,81.94888305664062,1723300,
2015-07-07,105.9800033569336,106.30999755859375,105.63999938964844,105.69000244140625,82.16657257080078,2083900,
2015-07-08,105.9000015258789,106.23999786376953,105.79000091552734,106.11000061035156,82.49309539794922,1991200,
2015-07-09,105.58999633789062,105.72000122070312,105.3499984741211,105.37000274658203,81.91776275634766,1206900,
2015-07-10,104.69000244140625,104.97000122070312,104.45999908447266,104.63999938964844,81.35027313232422,3719900,
2015-07-13,104.18000030517578,104.58999633789062,104.18000030517578,104.36000061035156,81.13252258300781,1322300,
2015-07-14,104.63999938964844,104.72000122070312,104.54000091552734,104.69000244140625,81.38912200927734,1321600,
2015-07-15,104.56999969482422,105.16999816894531,104.55999755859375,105.08999633789062,81.70008850097656,1239500,
2015-07-16,104.81999969482422,105.16999816894531,104.75,105.05000305175781,81.66898345947266,811400,
2015-07-17,104.94999694824219,105.16000366210938,104.94000244140625,105.05999755859375,81.6767349243164,881300,
2015-07-20,104.87999725341797,104.91999816894531,104.66999816894531,104.8499984741211,81.51350402832031,842500,
2015-07-21,104.73999786376953,105.19000244140625,104.69999694824219,105.13999938964844,81.73894500732422,676600,
2015-07-22,105.16999816894531,105.43000030517578,105.16000366210938,105.2699966430664,81.84001922607422,523800,
2015-07-23,105.16999816894531,105.69999694824219,105.13999938964844,105.69999694824219,82.17431640625,1064800,
2015-07-24,105.77999877929688,105.8499984741211,105.61000061035156,105.80000305175781,82.25210571289062,1098400,
2015-07-27,106.18000030517578,106.2300033569336,106.0,106.1500015258789,82.52420043945312,1392600,
2015-07-28,105.88999938964844,105.98999786376953,105.80000305175781,105.8499984741211,82.29093933105469,6205200,
2015-07-29,105.75,106.08999633789062,105.55000305175781,105.69999694824219,82.17431640625,2107300,
2015-07-30,105.62999725341797,105.8499984741211,105.55999755859375,105.81999969482422,82.26763916015625,683200,
2015-07-31,106.3499984741211,106.5199966430664,106.23999786376953,106.44000244140625,82.74962615966797,1113000,
2015-08-03,106.30000305175781,106.69999694824219,106.26000213623047,106.5999984741211,83.00190734863281,2627700,"{""dividend_amount"": 0.164}"
2015-08-04,106.44999694824219,106.5,105.98999786376953,106.05000305175781,82.57363891601562,1036000,
2015-08-05,105.80000305175781,105.81999969482422,105.48999786376953,105.63999938964844,82.2544174194336,1283300,
2015-08-06,105.80000305175781,106.05999755859375,105.75,106.01000213623047,82.54255676269531,731700,
2015-08-07,106.0999984741211,106.45999908447266,106.04000091552734,106.43000030517578,82.86952209472656,1533700,
2015-08-10,106.08000183105469,106.19000244140625,105.87000274658203,105.98999786376953,82.52694702148438,1123900,
2015-08-11,106.55999755859375,106.93000030517578,106.55000305175781,106.69000244140625,83.0719985961914,2263800,
2015-08-12,106.86000061035156,107.22000122070312,106.63999938964844,106.6500015258789,83.04083251953125,1765700,
2015-08-13,106.41000366210938,106.63999938964844,106.27999877929688,106.37000274658203,82.82286071777344,1626500,
2015-08-14,106.18000030517578,106.44000244140625,106.08000183105469,106.26000213623047,82.73719024658203,612500,
2015-08-17,106.62000274658203,106.69999694824219,106.43000030517578,106.44999694824219,82.88512420654297,905300,
2015-08-18,106.2699966430664,106.48999786376953,106.23999786376953,106.27999877929688,82.7527847290039,690400,
2015-08-19,106.06999969482422,107.01000213623047,106.05999755859375,106.93000030517578,83.25887298583984,1444500,
2015-08-20,107.08999633789062,107.30999755859375,107.01000213623047,107.22000122070312,83.48463439941406,1933300,
2015-08-21,107.37000274658203,107.70999908447266,107.25,107.6500015258789,83.81942749023438,2123600,
2015-08-24,108.5,108.76000213623047,107.58000183105469,107.83000183105469,83.95965576171875,3074800,
2015-08-25,107.41000366210938,107.41999816894531,106.8499984741211,107.23999786376953,83.50025939941406,2925500,
2015-08-26,106.75,107.2300033569336,106.48999786376953,106.58000183105469,82.986328125,3512900,
2015-08-27,106.43000030517578,106.70999908447266,106.33000183105469,106.5199966430664,82.93962097167969,1414100,
2015-08-28,106.94999694824219,107.02999877929688,106.45999908447266,106.54000091552734,82.95516967773438,1998000,
2015-08-31,106.91999816894531,106.94999694824219,106.33000183105469,106.36000061035156,82.81501770019531,5431600,
2015-09-01,106.48999786376953,106.69999694824219,106.37999725341797,106.66999816894531,83.18704223632812,3749700,"{""dividend_amount"": 0.167}"
2015-09-02,106.43000030517578,106.66999816894531,106.33000183105469,106.37999725341797,82.96086883544922,2441700,
2015-09-03,106.63999938964844,106.69000244140625,106.37000274658203,106.63999938964844,83.1636734008789,1791300,
2015-09-04,106.83999633789062,107.08000183105469,106.62000274658203,106.97000122070312,83.42095184326172,1421300,
2015-09-08,106.5199966430664,106.62999725341797,106.41999816894531,106.5,83.054443359375,1583500,
2015-09-09,106.08999633789062,106.68000030517578,106.05999755859375,106.54000091552734,83.08561706542969,1397200,
2015-09-10,106.44999694824219,106.45999908447266,106.16999816894531,106.30000305175781,82.89847564697266,1601600,
2015-09-11,106.5199966430664,106.70999908447266,106.4800033569336,106.58000183105469,83.1168441772461,1069000,
2015-09-14,106.80000305175781,106.80999755859375,106.55999755859375,106.68000030517578,83.19483947753906,897500,
2015-09-15,106.47000122070312,106.51000213623047,105.81999969482422,105.83999633789062,82.53977966308594,1903000,
2015-09-16,105.77999877929688,106.0199966430664,105.69999694824219,105.80999755859375,82.51638793945312,1305300,
2015-09-17,105.76000213623047,106.69999694824219,105.76000213623047,106.69000244140625,83.20263671875,2394300,
2015-09-18,106.97000122070312,107.20999908447266,106.8499984741211,107.19000244140625,83.59257507324219,2074200,
2015-09-21,106.80000305175781,107.19000244140625,106.4800033569336,106.58000183105469,83.1168441772461,1591700,
2015-09-22,106.98999786376953,107.30000305175781,106.91000366210938,107.11000061035156,83.53016662597656,1395500,
2015-09-23,107.02999877929688,107.12000274658203,106.8499984741211,106.98999786376953,83.43657684326172,1364300,
2015-09-24,107.43000030517578,107.54000091552734,107.12000274658203,107.1500015258789,83.56134796142578,1393000,
2015-09-25,106.83000183105469,106.95999908447266,106.70999908447266,106.87000274658203,83.34298706054688,1564000,
2015-09-28,107.0199966430664,107.4800033569336,106.97000122070312,107.4800033569336,83.81871795654297,1926000,
2015-09-29,107.56999969482422,107.93000030517578,107.4800033569336,107.8499984741211,84.10726928710938,2460900,
2015-09-30,107.62000274658203,107.9000015258789,107.58999633789062,107.87000274658203,84.12284851074219,2676000,
2015-10-01,107.9000015258789,108.05000305175781,107.75,107.79000091552734,84.18846130371094,10101300,"{""dividend_amount"": 0.164}"
2015-10-02,108.75,108.97000122070312,108.12999725341797,108.30999755859375,84.5946044921875,3320200,
2015-10-05,108.08000183105469,108.08000183105469,107.66999816894531,107.70999908447266,84.12598419189453,3034900,
2015-10-06,107.62999725341797,107.9800033569336,107.58999633789062,107.93000030517578,84.29779815673828,2104000,
2015-10-07,107.66999816894531,107.80999755859375,107.5199966430664,107.66000366210938,84.08692169189453,2338000,
2015-10-08,107.69999694824219,107.79000091552734,107.27999877929688,107.37999725341797,83.86825561523438,2176800,
2015-10-09,107.33000183105469,107.52999877929688,107.27999877929688,107.44000244140625,83.91506958007812,1069400,
2015-10-12,107.6500015258789,107.81999969482422,107.55999755859375,107.80000305175781,84.19625091552734,1336300,
2015-10-13,107.87999725341797,107.94000244140625,107.62000274658203,107.9000015258789,84.27436065673828,1849700,
2015-10-14,108.27999877929688,108.51000213623047,108.05999755859375,108.48999786376953,84.7352066040039,1359600,
2015-10-15,108.30999755859375,108.33999633789062,108.05000305175781,108.12000274658203,84.44617462158203,1075500,
2015-10-16,108.2300033569336,108.2300033569336,107.97000122070312,108.02999877929688,84.37590026855469,1773000,
2015-10-19,108.02999877929688,108.05000305175781,107.75,107.9800033569336,84.33684539794922,1744500,
2015-10-20,107.66999816894531,107.7300033569336,107.55999755859375,107.61000061035156,84.04788208007812,1134500,
2015-10-21,107.80999755859375,108.05000305175781,107.80999755859375,107.9800033569336,84.33684539794922,6576500,
2015-10-22,108.02999877929688,108.19999694824219,107.8499984741211,108.08999633789062,84.42284393310547,2411400,
2015-10-23,107.62000274658203,107.62000274658203,107.44999694824219,107.4800033569336,83.94633483886719,2029600,
2015-10-26,107.66000366210938,107.80000305175781,107.62999725341797,107.76000213623047,84.16507720947266,3131500,
2015-10-27,108.0,108.19000244140625,107.94000244140625,108.02999877929688,84.37590026855469,1373100,
2015-10-28,107.9800033569336,108.0,107.33000183105469,107.47000122070312,83.93854522705078,2058200,
2015-10-29,107.20999908447266,107.22000122070312,106.79000091552734,106.80999755859375,83.42303466796875,1772400,
2015-10-30,106.88999938964844,107.08000183105469,106.8499984741211,107.0199966430664,83.5870590209961,3424800,
2015-11-02,106.62999725341797,106.69999694824219,106.5199966430664,106.55000305175781,83.3469009399414,5313500,"{""dividend_amount"": 0.163}"
2015-11-03,106.45999908447266,106.5199966430664,106.22000122070312,106.2699966430664,83.12787628173828,1941700,
2015-11-04,106.30000305175781,106.47000122070312,106.05999755859375,106.16000366210938,83.04186248779297,1933200,
2015-11-05,106.16000366210938,106.19000244140625,105.93000030517578,106.08999633789062,82.98707580566406,1554600,
2015-11-06,105.44000244140625,105.5199966430664,105.2300033569336,105.37000274658203,82.42391204833984,2968600,
2015-11-09,105.04000091552734,105.3499984741211,105.0199966430664,105.19000244140625,82.28307342529297,3223900,
2015-11-10,105.36000061035156,105.58000183105469,105.25,105.38999938964844,82.43951416015625,1467900,
2015-11-11,105.29000091552734,105.38999938964844,105.25,105.33999633789062,82.40039825439453,1638100,
2015-11-12,105.3499984741211,105.58000183105469,105.3499984741211,105.4000015258789,82.44734191894531,2399100,
2015-11-13,105.62000274658203,105.83000183105469,105.62000274658203,105.80000305175781,82.76022338867188,2665300,
2015-11-16,105.98999786376953,106.08999633789062,105.81999969482422,105.94000244140625,82.86975860595703,1412800,
2015-11-17,105.62000274658203,106.05999755859375,105.54000091552734,105.91000366210938,82.84626770019531,1180000,
2015-11-18,105.79000091552734,105.97000122070312,105.68000030517578,105.86000061035156,82.80719757080078,941500,
2015-11-19,106.12000274658203,106.19999694824219,106.02999877929688,106.08999633789062,82.98707580566406,1967200,
2015-11-20,106.1500015258789,106.2300033569336,105.94999694824219,105.94999694824219,82.87757873535156,1287900,
2015-11-23,105.88999938964844,106.18000030517578,105.8499984741211,106.08999633789062,82.98707580566406,1377100,
2015-11-24,106.1500015258789,106.31999969482422,106.12000274658203,106.19000244140625,83.06529998779297,1094500,
2015-11-25,106.25,106.31999969482422,106.08999633789062,106.25,83.11222076416016,752400,
2015-11-27,106.3499984741211,106.44000244140625,106.33999633789062,106.36000061035156,83.19827270507812,759600,
2015-11-30,106.3499984741211,106.41999816894531,106.33999633789062,106.4000015258789,83.2296142578125,2266900,
2015-12-01,106.23999786376953,106.80999755859375,106.23999786376953,106.80000305175781,83.67225646972656,2805800,"{""dividend_amount"": 0.165}"
2015-12-02,106.55999755859375,106.62999725341797,106.36000061035156,106.5,83.4371566772461,1579000,
2015-12-03,106.02999877929688,106.04000091552734,105.16999816894531,105.37999725341797,82.5596923828125,2750500,
2015-12-04,105.58999633789062,105.87999725341797,105.48999786376953,105.7699966430664,82.8652572631836,2231500,
2015-12-07,105.83000183105469,106.3499984741211,105.80000305175781,106.11000061035156,83.13165283203125,1954000,
2015-12-08,106.37000274658203,106.37000274658203,106.05000305175781,106.16999816894531,83.17866516113281,1519900,
2015-12-09,106.11000061035156,106.45999908447266,105.87000274658203,106.33000183105469,83.30400085449219,3711100,
2015-12-10,106.37000274658203,106.37999725341797,106.08999633789062,106.0999984741211,83.12379455566406,1545000,
2015-12-11,106.61000061035156,107.08999633789062,106.58000183105469,106.94999694824219,83.78971862792969,3352900,
2015-12-14,106.5,106.63999938964844,106.16000366210938,106.16000366210938,83.17082214355469,2204400,
2015-12-15,105.76000213623047,105.98999786376953,105.72000122070312,105.88999938964844,82.95930480957031,1591000,
2015-12-16,105.69000244140625,105.9800033569336,105.4000015258789,105.61000061035156,82.73993682861328,1911800,
2015-12-17,105.76000213623047,106.11000061035156,105.76000213623047,106.05000305175781,83.08462524414062,1202600,
2015-12-18,106.30000305175781,106.54000091552734,106.20999908447266,106.43000030517578,83.38233184814453,4396700,
2015-12-21,106.38999938964844,106.61000061035156,106.38999938964844,106.4800033569336,83.42152404785156,1603200,
2015-12-22,106.30000305175781,106.36000061035156,106.08000183105469,106.18000030517578,83.18649291992188,1411800,
2015-12-23,105.9000015258789,105.98999786376953,105.80000305175781,105.94000244140625,82.99846649169922,1380800,
2015-12-24,105.86000061035156,105.97000122070312,105.77999877929688,105.97000122070312,83.150634765625,654200,"{""dividend_amount"": 0.164}"
2015-12-28,105.94000244140625,106.16000366210938,105.87999725341797,105.98999786376953,83.16638946533203,2198300,
2015-12-29,105.87999725341797,105.87999725341797,105.3499984741211,105.43000030517578,82.72695922851562,1752500,
2015-12-30,105.3499984741211,105.58999633789062,105.27999877929688,105.47000122070312,82.75834655761719,1358100,
2015-12-31,105.63999938964844,105.79000091552734,105.5,105.58999633789062,82.85253143310547,1906000,
2016-01-04,106.08999633789062,106.4000015258789,105.98999786376953,106.04000091552734,83.20559692382812,6183700,
2016-01-05,105.97000122070312,106.19999694824219,105.83000183105469,106.01000213623047,83.18204498291016,2122800,
2016-01-06,106.45999908447266,106.66999816894531,106.37000274658203,106.6500015258789,83.68425750732422,1906100,
2016-01-07,106.79000091552734,106.87999725341797,106.41999816894531,106.87999725341797,83.86469268798828,3106000,
2016-01-08,106.77999877929688,107.19999694824219,106.69000244140625,107.1500015258789,84.0765609741211,1783200,
2016-01-11,106.77999877929688,107.05000305175781,106.69999694824219,106.80999755859375,83.80978393554688,4816100,
2016-01-12,106.7699966430664,107.52999877929688,106.69999694824219,107.29000091552734,84.18647766113281,8962500,
2016-01-13,107.22000122070312,107.86000061035156,107.12999725341797,107.70999908447266,84.51596069335938,2664100,
2016-01-14,107.5999984741211,107.80000305175781,107.23999786376953,107.48999786376953,84.34337615966797,2597300,
2016-01-15,108.16999816894531,108.19000244140625,107.88999938964844,107.98999786376953,84.73570251464844,4334300,
2016-01-19,107.81999969482422,108.08999633789062,107.72000122070312,107.8499984741211,84.62586975097656,4896500,
2016-01-20,108.37000274658203,108.77999877929688,108.30000305175781,108.37999725341797,85.04174041748047,4949100,
2016-01-21,108.5199966430664,108.62999725341797,108.04000091552734,108.11000061035156,84.82989501953125,2385700,
2016-01-22,107.75,107.95999908447266,107.62000274658203,107.87000274658203,84.64154815673828,1735600,
2016-01-25,108.11000061035156,108.23999786376953,108.0,108.2300033569336,84.92400360107422,1190900,
2016-01-26,108.2300033569336,108.43000030517578,108.12999725341797,108.30999755859375,84.98677825927734,1288000,
2016-01-27,108.2300033569336,108.41999816894531,107.8499984741211,108.38999938964844,85.04956817626953,1802300,
2016-01-28,108.2300033569336,108.58999633789062,108.18000030517578,108.52999877929688,85.15940856933594,2222900,
2016-01-29,108.91000366210938,109.18000030517578,108.77999877929688,109.11000061035156,85.61454010009766,3805500,
2016-02-01,108.80999755859375,108.94999694824219,108.55999755859375,108.69999694824219,85.41731262207031,6813000,"{""dividend_amount"": 0.159}"
2016-02-02,109.22000122070312,109.55000305175781,109.20999908447266,109.47000122070312,86.02235412597656,4141600,
2016-02-03,109.37000274658203,110.06999969482422,109.31999969482422,109.3499984741211,85.92807006835938,12145000,
2016-02-04,109.4800033569336,109.6500015258789,109.29000091552734,109.61000061035156,86.13236999511719,2431100,
2016-02-05,109.4000015258789,109.81999969482422,109.30999755859375,109.75,86.24237823486328,1440200,
2016-02-08,110.13999938964844,110.6500015258789,110.08000183105469,110.56999969482422,86.8867416381836,2824800,
2016-02-09,110.91999816894531,110.91999816894531,110.48999786376953,110.58999633789062,86.90245819091797,2679600,
2016-02-10,110.56999969482422,110.95999908447266,110.30999755859375,110.91999816894531,87.1617660522461,2027200,
2016-02-11,111.73999786376953,112.01000213623047,111.30000305175781,111.43000030517578,87.56253051757812,3743000,
2016-02-12,110.94000244140625,111.08999633789062,110.37999725341797,110.58000183105469,86.8946304321289,3258700,
2016-02-16,110.37999725341797,110.4000015258789,110.11000061035156,110.25,86.63534545898438,2816800,
2016-02-17,110.0199966430664,110.04000091552734,109.66999816894531,109.9800033569336,86.42312622070312,4856500,
2016-02-18,109.87999725341797,110.54000091552734,109.87999725341797,110.48999786376953,86.82390594482422,3125700,
2016-02-19,110.38999938964844,110.62999725341797,110.29000091552734,110.48999786376953,86.82390594482422,1340000,
2016-02-22,110.37999725341797,110.47000122070312,110.30000305175781,110.37999725341797,86.73746490478516,1012200,
2016-02-23,110.08999633789062,110.69999694824219,110.04000091552734,110.5999984741211,86.91032409667969,2257800,
2016-02-24,111.0199966430664,111.38999938964844,110.48999786376953,110.5999984741211,86.91032409667969,2947700,
2016-02-25,110.91999816894531,111.16000366210938,110.69999694824219,110.93000030517578,87.169677734375,1983600,
2016-02-26,110.3499984741211,110.5,110.2300033569336,110.38999938964844,86.74530029296875,2957900,
2016-02-29,110.4000015258789,110.62999725341797,110.33999633789062,110.56999969482422,86.8867416381836,3861600,
2016-03-01,110.54000091552734,110.54000091552734,109.5,109.55000305175781,86.20762634277344,5901200,"{""dividend_amount"": 0.157}"
2016-03-02,109.2699966430664,109.4000015258789,109.16000366210938,109.36000061035156,86.05812072753906,3011200,
2016-03-03,109.33999633789062,109.62000274658203,109.25,109.48999786376953,86.16043090820312,2093000,
2016-03-04,109.2699966430664,109.44000244140625,108.93000030517578,109.12000274658203,85.8692855834961,1781200,
2016-03-07,108.94999694824219,108.9800033569336,108.80999755859375,108.9000015258789,85.6961898803711,2349400,
2016-03-08,109.54000091552734,109.75,109.45999908447266,109.52999877929688,86.19190979003906,1747600,
2016-03-09,109.19000244140625,109.31999969482422,108.9800033569336,109.0999984741211,85.85353088378906,1537800,
2016-03-10,109.11000061035156,109.23999786376953,108.54000091552734,108.70999908447266,85.54663848876953,2798700,
2016-03-11,108.7300033569336,108.7300033569336,108.30999755859375,108.4000015258789,85.30268096923828,1785000,
2016-03-14,108.54000091552734,108.69000244140625,108.43000030517578,108.4800033569336,85.36560821533203,2661800,
2016-03-15,108.70999908447266,108.80000305175781,108.43000030517578,108.45999908447266,85.34986877441406,2960800,
2016-03-16,108.30999755859375,110.95999908447266,108.19999694824219,109.02999877929688,85.79846954345703,2052300,
2016-03-17,109.1500015258789,109.2699966430664,109.06999969482422,109.1500015258789,85.89286804199219,2745500,
2016-03-18,109.30000305175781,109.47000122070312,109.20999908447266,109.33999633789062,86.04239654541016,2434600,
2016-03-21,109.0999984741211,109.18000030517578,108.98999786376953,109.02999877929688,85.79846954345703,1725000,
2016-03-22,109.27999877929688,109.30000305175781,108.7699966430664,108.80000305175781,85.61749267578125,1437700,
2016-03-23,108.91999816894531,109.4000015258789,108.91999816894531,109.30000305175781,86.01091766357422,1405400,
2016-03-24,109.4800033569336,109.58000183105469,109.01000213623047,109.19000244140625,85.92435455322266,1548200,
2016-03-28,109.30999755859375,109.5199966430664,109.2300033569336,109.3499984741211,86.05024719238281,1291400,
2016-03-29,109.5999984741211,110.08999633789062,109.52999877929688,110.08999633789062,86.63261413574219,2981000,
2016-03-30,109.83999633789062,110.0199966430664,109.61000061035156,109.94000244140625,86.5145263671875,2808800,
2016-03-31,110.06999969482422,110.44000244140625,109.91999816894531,110.33999633789062,86.8293228149414,3759100,
2016-04-01,110.18000030517578,110.30999755859375,109.91000366210938,110.13999938964844,86.80406951904297,5489100,"{""dividend_amount"": 0.168}"
2016-04-04,110.25,110.33999633789062,110.11000061035156,110.2699966430664,86.90655517578125,3035600,
2016-04-05,110.68000030517578,110.76000213623047,110.55000305175781,110.70999908447266,87.25332641601562,1951500,
2016-04-06,110.56999969482422,110.66000366210938,110.33000183105469,110.47000122070312,87.06416320800781,1646000,
2016-04-07,110.77999877929688,111.08999633789062,110.73999786376953,111.04000091552734,87.5133285522461,2069600,
2016-04-08,110.80999755859375,110.88999938964844,110.68000030517578,110.87000274658203,87.3794174194336,1309500,
2016-04-11,110.5999984741211,110.91999816894531,110.56999969482422,110.8499984741211,87.3636474609375,879600,
2016-04-12,110.54000091552734,110.66000366210938,110.33000183105469,110.41000366210938,87.01689147949219,1363200,
2016-04-13,110.25,110.55999755859375,110.22000122070312,110.48999786376953,87.07999420166016,1466400,
2016-04-14,110.2699966430664,110.41999816894531,110.13999938964844,110.2300033569336,86.87501525878906,1403900,
2016-04-15,110.3499984741211,110.66000366210938,110.30999755859375,110.55999755859375,87.13510131835938,1657800,
2016-04-18,110.4800033569336,110.4800033569336,110.27999877929688,110.44999694824219,87.04841613769531,1297800,
2016-04-19,110.30000305175781,110.38999938964844,110.12999725341797,110.2699966430664,86.90655517578125,1219600,
2016-04-20,110.27999877929688,110.44999694824219,109.68000030517578,109.70999908447266,86.46517181396484,1939800,
2016-04-21,109.47000122070312,109.66000366210938,109.4000015258789,109.52999877929688,86.32332611083984,1636600,
2016-04-22,109.52999877929688,109.58999633789062,109.33999633789062,109.41000366210938,86.228759765625,952100,
2016-04-25,109.36000061035156,109.5,109.27999877929688,109.29000091552734,86.13417053222656,1416300,
2016-04-26,109.23999786376953,109.25,109.0,109.05999755859375,85.95292663574219,1127100,
2016-04-27,109.3499984741211,109.76000213623047,109.19000244140625,109.66000366210938,86.42578887939453,1734000,
2016-04-28,109.68000030517578,110.06999969482422,109.62999725341797,110.04000091552734,86.72526550292969,2807300,
2016-04-29,109.81999969482422,110.0999984741211,109.72000122070312,110.0,86.69373321533203,2858500,
2016-05-02,109.66000366210938,109.79000091552734,109.51000213623047,109.5199966430664,86.4419937133789,2226800,"{""dividend_amount"": 0.161}"
2016-05-03,110.13999938964844,110.2699966430664,110.08000183105469,110.16999816894531,86.9549789428711,2330900,
2016-05-04,110.19000244140625,110.38999938964844,110.0,110.37000274658203,87.11285400390625,1176900,
2016-05-05,110.33000183105469,110.66999816894531,110.13999938964844,110.66999816894531,87.34964752197266,1257500,
2016-05-06,110.58999633789062,110.63999938964844,110.29000091552734,110.41000366210938,87.14442443847656,1675600,
2016-05-09,110.55000305175781,110.62999725341797,110.45999908447266,110.62000274658203,87.31018829345703,1459900,
2016-05-10,110.56999969482422,110.6500015258789,110.4800033569336,110.5999984741211,87.29439544677734,1506900,
2016-05-11,110.55000305175781,110.88999938964844,110.48999786376953,110.7699966430664,87.42854309082031,1606800,
2016-05-12,110.44000244140625,110.5999984741211,110.36000061035156,110.47000122070312,87.1917953491211,1261500,
2016-05-13,110.54000091552734,110.91999816894531,110.48999786376953,110.88999938964844,87.52328491210938,5007300,
2016-05-16,110.62000274658203,110.62000274658203,110.44999694824219,110.48999786376953,87.20755767822266,1708100,
2016-05-17,110.41000366210938,110.56999969482422,110.33000183105469,110.33999633789062,87.08918762207031,1158700,
2016-05-18,110.0999984741211,110.12000274658203,109.31999969482422,109.44999694824219,86.3866958618164,2946500,
2016-05-19,109.56999969482422,109.7300033569336,109.51000213623047,109.55999755859375,86.4735107421875,1345000,
2016-05-20,109.58000183105469,109.73999786376953,109.4800033569336,109.62999725341797,86.52874755859375,1059400,
2016-05-23,109.72000122070312,109.80000305175781,109.56999969482422,109.69999694824219,86.58406066894531,892300,
2016-05-24,109.51000213623047,109.62999725341797,109.36000061035156,109.5199966430664,86.4419937133789,965200,
2016-05-25,109.48999786376953,109.62999725341797,109.41999816894531,109.47000122070312,86.4024887084961,890300,
2016-05-26,109.6500015258789,109.9000015258789,109.58000183105469,109.80999755859375,86.67086791992188,998200,
2016-05-27,109.8499984741211,109.88999938964844,109.47000122070312,109.5999984741211,86.50509643554688,1995300,
2016-05-31,109.33000183105469,109.83999633789062,109.33000183105469,109.7300033569336,86.60772705078125,1734700,
2016-06-01,109.8499984741211,109.9000015258789,109.4800033569336,109.52999877929688,86.5784683227539,2786400,"{""dividend_amount"": 0.163}"
2016-06-02,109.69999694824219,109.94999694824219,109.69999694824219,109.87000274658203,86.84721374511719,5038500,
2016-06-03,110.72000122070312,110.91000366210938,110.69000244140625,110.88999938964844,87.65345764160156,1971300,
2016-06-06,110.66000366210938,110.80999755859375,110.56999969482422,110.5999984741211,87.42426300048828,1715700,
2016-06-07,110.80999755859375,110.88999938964844,110.75,110.76000213623047,87.55069732666016,2672900,
2016-06-08,110.83999633789062,110.94000244140625,110.79000091552734,110.88999938964844,87.65345764160156,1284200,
2016-06-09,111.20999908447266,111.25,111.05000305175781,111.05999755859375,87.78787994384766,1328400,
2016-06-10,111.38999938964844,111.58000183105469,111.2699966430664,111.44999694824219,88.09616088867188,1878900,
2016-06-13,111.6500015258789,111.75,111.4800033569336,111.66999816894531,88.27005004882812,1026200,
2016-06-14,111.95999908447266,111.95999908447266,111.61000061035156,111.63999938964844,88.24633026123047,1390600,
2016-06-15,111.63999938964844,112.0999984741211,111.63999938964844,111.9800033569336,88.51507568359375,2377600,
2016-06-16,112.27999877929688,112.52999877929688,111.98999786376953,112.0999984741211,88.60997009277344,3088700,
2016-06-17,112.0,112.0,111.63999938964844,111.72000122070312,88.30951690673828,3140900,
2016-06-20,111.2300033569336,111.30999755859375,111.16000366210938,111.23999786376953,87.93013000488281,1956500,
2016-06-21,111.22000122070312,111.36000061035156,110.97000122070312,110.98999786376953,87.73252868652344,1494500,
2016-06-22,110.98999786376953,111.2300033569336,110.95999908447266,111.20999908447266,87.90641021728516,1378700,
2016-06-23,110.75,110.9800033569336,110.6500015258789,110.68000030517578,87.48748779296875,1715000,
2016-06-24,112.47000122070312,112.4800033569336,112.08999633789062,112.20999908447266,88.69686889648438,4390000,
2016-06-27,112.95999908447266,113.23999786376953,112.9000015258789,113.18000030517578,89.463623046875,4493700,
2016-06-28,113.1500015258789,113.2300033569336,112.94999694824219,113.16000366210938,89.44781494140625,1799700,
2016-06-29,113.06999969482422,113.16000366210938,112.69000244140625,112.69999694824219,89.0842056274414,2670900,
2016-06-30,112.87999725341797,113.19999694824219,112.72000122070312,112.94999694824219,89.28182220458984,5690800,
2016-07-01,113.30000305175781,113.31999969482422,112.87000274658203,113.08999633789062,89.51769256591797,5292300,"{""dividend_amount"": 0.158}"
2016-07-05,113.51000213623047,113.91000366210938,113.47000122070312,113.70999908447266,90.00847625732422,2926300,
2016-07-06,113.81999969482422,113.83999633789062,113.55000305175781,113.7300033569336,90.0242919921875,1921600,
2016-07-07,113.5199966430664,113.7699966430664,113.31999969482422,113.58000183105469,89.90558624267578,1323000,
2016-07-08,113.58999633789062,113.83000183105469,113.41999816894531,113.80000305175781,90.07975006103516,2097900,
2016-07-11,113.4800033569336,113.58000183105469,113.19999694824219,113.19999694824219,89.60478973388672,2728800,
2016-07-12,112.73999786376953,112.83000183105469,112.37999725341797,112.52999877929688,89.07443237304688,4116200,
2016-07-13,112.86000061035156,113.0199966430664,112.77999877929688,112.81999969482422,89.30401611328125,3077200,
2016-07-14,112.19999694824219,112.48999786376953,112.18000030517578,112.3499984741211,88.9319839477539,2761900,
2016-07-15,112.02999877929688,112.0999984741211,111.80000305175781,111.91999816894531,88.59159088134766,2811600,
2016-07-18,112.0999984741211,112.19999694824219,111.77999877929688,111.88999938964844,88.56786346435547,4173500,
2016-07-19,112.16000366210938,112.29000091552734,112.05999755859375,112.19000244140625,88.80528259277344,4171900,
2016-07-20,112.02999877929688,112.02999877929688,111.8499984741211,111.95999908447266,88.62324523925781,2213700,
2016-07-21,111.68000030517578,112.25,111.66000366210938,112.20999908447266,88.82112884521484,1944700,
2016-07-22,111.95999908447266,112.31999969482422,111.91999816894531,112.12000274658203,88.74987030029297,1140000,
2016-07-25,112.08999633789062,112.2300033569336,112.01000213623047,112.02999877929688,88.67868041992188,889100,
2016-07-26,112.19999694824219,112.19999694824219,111.88999938964844,112.0999984741211,88.73407745361328,1694100,
2016-07-27,112.23999786376953,112.58000183105469,112.11000061035156,112.58000183105469,89.114013671875,1962700,
2016-07-28,112.4000015258789,112.73999786376953,112.36000061035156,112.63999938964844,89.16150665283203,1220200,
2016-07-29,112.8499984741211,113.0999984741211,112.76000213623047,113.06999969482422,89.50186920166016,2386800,
2016-08-01,112.55999755859375,112.7699966430664,112.4800033569336,112.5199966430664,89.19116973876953,2479100,"{""dividend_amount"": 0.158}"
2016-08-02,112.0199966430664,112.4800033569336,112.0199966430664,112.25,88.97712707519531,2920500,
2016-08-03,112.31999969482422,112.3499984741211,112.0199966430664,112.30999755859375,89.0246810913086,1148600,
2016-08-04,112.55000305175781,112.80000305175781,112.54000091552734,112.58000183105469,89.23871612548828,1065000,
2016-08-05,112.26000213623047,112.36000061035156,111.87000274658203,111.87999725341797,88.68382263183594,2368100,
2016-08-08,111.75,111.98999786376953,111.63999938964844,111.81999969482422,88.63627624511719,1304000,
2016-08-09,111.94999694824219,112.26000213623047,111.88999938964844,112.22000122070312,88.953369140625,1817000,
2016-08-10,112.27999877929688,112.5999984741211,112.26000213623047,112.5199966430664,89.19116973876953,1262500,
2016-08-11,112.43000030517578,112.5,111.87000274658203,111.9800033569336,88.76309967041016,1823600,
2016-08-12,112.54000091552734,112.69999694824219,112.3499984741211,112.37999725341797,89.08015441894531,1377100,
2016-08-15,112.20999908447266,112.27999877929688,112.02999877929688,112.05000305175781,88.818603515625,1031800,
2016-08-16,111.94999694824219,112.05000305175781,111.7699966430664,111.86000061035156,88.66799926757812,1433500,
2016-08-17,111.88999938964844,112.19000244140625,111.75,112.04000091552734,88.81069946289062,1733900,
2016-08-18,112.12000274658203,112.31999969482422,111.94999694824219,112.23999786376953,88.96920776367188,1245600,
2016-08-19,111.93000030517578,112.04000091552734,111.72000122070312,111.86000061035156,88.66799926757812,1396700,
2016-08-22,112.11000061035156,112.19999694824219,111.98999786376953,112.11000061035156,88.86611938476562,1084600,
2016-08-23,112.19000244140625,112.30000305175781,112.0,112.0999984741211,88.8582534790039,939900,
2016-08-24,112.19000244140625,112.22000122070312,111.97000122070312,112.05999755859375,88.82654571533203,1345600,
2016-08-25,111.95999908447266,112.08000183105469,111.86000061035156,111.87999725341797,88.68382263183594,1037700,
2016-08-26,112.05000305175781,112.31999969482422,111.37000274658203,111.44999694824219,88.34300994873047,1988300,
2016-08-29,111.6500015258789,111.9800033569336,111.63999938964844,111.91000366210938,88.70763397216797,1497400,
2016-08-30,111.95999908447266,112.0,111.83999633789062,111.9000015258789,88.69970703125,2498400,
2016-08-31,111.91000366210938,112.05000305175781,111.7699966430664,111.7699966430664,88.59664916992188,2008100,
2016-09-01,111.33000183105469,111.81999969482422,111.2699966430664,111.79000091552734,88.73552703857422,1775900,"{""dividend_amount"": 0.155}"
2016-09-02,111.58000183105469,111.66999816894531,111.30999755859375,111.5,88.50537109375,1550100,
2016-09-06,111.47000122070312,112.0999984741211,111.41999816894531,112.0199966430664,88.91812133789062,1284000,
2016-09-07,112.18000030517578,112.26000213623047,112.0199966430664,112.08000183105469,88.9657211303711,836800,
2016-09-08,111.87000274658203,111.97000122070312,111.4000015258789,111.52999877929688,88.52916717529297,1287300,
2016-09-09,111.12999725341797,111.1500015258789,110.94999694824219,111.0,88.1084976196289,1700700,
2016-09-12,110.87999725341797,111.19000244140625,110.83999633789062,111.0999984741211,88.18785095214844,1446600,
2016-09-13,111.18000030517578,111.19000244140625,110.44000244140625,110.69000244140625,87.86241912841797,1993700,
2016-09-14,110.70999908447266,111.08999633789062,110.70999908447266,110.94000244140625,88.06086730957031,1062100,
2016-09-15,110.87999725341797,111.05000305175781,110.66999816894531,110.97000122070312,88.08467102050781,994100,
2016-09-16,111.0999984741211,111.16999816894531,110.94999694824219,111.08999633789062,88.17992401123047,833600,
2016-09-19,110.98999786376953,111.08000183105469,110.9000015258789,110.9000015258789,88.02909851074219,490400,
2016-09-20,111.02999877929688,111.22000122070312,110.98999786376953,111.06999969482422,88.16405487060547,1177800,
2016-09-21,110.94999694824219,111.30000305175781,110.83000183105469,111.25,88.30691528320312,1108300,
2016-09-22,111.44000244140625,111.70999908447266,111.41000366210938,111.58000183105469,88.56892395019531,1012300,
2016-09-23,111.52999877929688,111.69999694824219,111.5,111.62999725341797,88.6085205078125,952500,
2016-09-26,111.77999877929688,112.05000305175781,111.76000213623047,111.94999694824219,88.862548828125,764000,
2016-09-27,112.2699966430664,112.2699966430664,112.02999877929688,112.13999938964844,89.01338195800781,1583700,
2016-09-28,112.19000244140625,112.30000305175781,112.05000305175781,112.08999633789062,88.97366333007812,594800,
2016-09-29,111.88999938964844,112.33000183105469,111.81999969482422,112.16000366210938,89.02928161621094,1123900,
2016-09-30,112.16999816894531,112.19999694824219,111.72000122070312,111.87999725341797,88.8070297241211,1774600,
2016-10-03,111.69999694824219,111.7300033569336,111.44999694824219,111.47000122070312,88.60032653808594,3112000,"{""dividend_amount"": 0.15}"
2016-10-04,111.33000183105469,111.43000030517578,110.94999694824219,110.95999908447266,88.19498443603516,3949600,
2016-10-05,110.91000366210938,110.94999694824219,110.58999633789062,110.70999908447266,87.99629974365234,1490600,
2016-10-06,110.58999633789062,110.7699966430664,110.45999908447266,110.4800033569336,87.8134994506836,1577400,
2016-10-07,110.58000183105469,110.72000122070312,110.37999725341797,110.63999938964844,87.94061279296875,1601100,
2016-10-10,110.4000015258789,110.4000015258789,110.18000030517578,110.3499984741211,87.71012878417969,1067000,
2016-10-11,110.33000183105469,110.51000213623047,110.19999694824219,110.31999969482422,87.68627166748047,1942600,
2016-10-12,110.2300033569336,110.31999969482422,110.0999984741211,110.31999969482422,87.68627166748047,1037800,
2016-10-13,110.51000213623047,110.69000244140625,110.51000213623047,110.55000305175781,87.8690414428711,1188400,
2016-10-14,110.2699966430664,110.56999969482422,110.18000030517578,110.20999908447266,87.59883117675781,2105300,
2016-10-17,110.31999969482422,110.55000305175781,110.31999969482422,110.44999694824219,87.78963470458984,1490800,
2016-10-18,110.30999755859375,110.66999816894531,110.30000305175781,110.66999816894531,87.96448516845703,1484400,
2016-10-19,110.51000213623047,110.80000305175781,110.51000213623047,110.72000122070312,88.00419616699219,1264200,
2016-10-20,110.87999725341797,110.87999725341797,110.58000183105469,110.62000274658203,87.92476654052734,979900,
2016-10-21,110.77999877929688,110.77999877929688,110.58999633789062,110.73999786376953,88.02011108398438,571100,
2016-10-24,110.80999755859375,110.80999755859375,110.45999908447266,110.58999633789062,87.90090942382812,900800,
2016-10-25,110.44999694824219,110.73999786376953,110.43000030517578,110.56999969482422,87.88497161865234,735100,
2016-10-26,110.41000366210938,110.45999908447266,110.29000091552734,110.33000183105469,87.69425201416016,1136600,
2016-10-27,109.94999694824219,110.0,109.72000122070312,109.94999694824219,87.3922119140625,3668500,
2016-10-28,109.8499984741211,110.05999755859375,109.80000305175781,109.97000122070312,87.4080581665039,1313200,
2016-10-31,110.0999984741211,110.13999938964844,109.95999908447266,110.05999755859375,87.47962951660156,4413900,
2016-11-01,109.58999633789062,110.12000274658203,109.52999877929688,109.91000366210938,87.4828109741211,2004000,"{""dividend_amount"": 0.154}"
2016-11-02,110.11000061035156,110.43000030517578,110.02999877929688,110.23999786376953,87.74542999267578,1455900,
2016-11-03,110.08000183105469,110.2300033569336,110.01000213623047,110.16999816894531,87.68974304199219,686600,
2016-11-04,110.30000305175781,110.55999755859375,110.27999877929688,110.51000213623047,87.96038818359375,1699800,
2016-11-07,110.0999984741211,110.16999816894531,110.01000213623047,110.05000305175781,87.59422302246094,2617900,
2016-11-08,110.06999969482422,110.11000061035156,109.61000061035156,109.66000366210938,87.28380584716797,1182200,
2016-11-09,109.16000366210938,109.16000366210938,107.91000366210938,107.98999786376953,85.95460510253906,6381300,
2016-11-10,107.66999816894531,108.02999877929688,107.31999969482422,107.33999633789062,85.43719482421875,5445300,
2016-11-11,107.55000305175781,107.63999938964844,107.08000183105469,107.12000274658203,85.26209259033203,2482900,
2016-11-14,106.5,106.9000015258789,106.27999877929688,106.5,84.7686538696289,3753800,
2016-11-15,106.48999786376953,106.69000244140625,106.41999816894531,106.5,84.7686538696289,1391700,
2016-11-16,106.2699966430664,106.66999816894531,106.2699966430664,106.5999984741211,84.84823608398438,2765700,
2016-11-17,106.41999816894531,106.4800033569336,106.05000305175781,106.12999725341797,84.47412872314453,2499200,
2016-11-18,106.0999984741211,106.20999908447266,105.55999755859375,105.66000366210938,84.09999084472656,4093700,
2016-11-21,105.73999786376953,105.88999938964844,105.62999725341797,105.75,84.17166137695312,1364300,
2016-11-22,105.88999938964844,106.08000183105469,105.75,105.8499984741211,84.25125885009766,1744700,
2016-11-23,105.25,105.58999633789062,105.0,105.47000122070312,83.94879150390625,4607100,
2016-11-25,105.51000213623047,105.55999755859375,105.23999786376953,105.37999725341797,83.87713623046875,948200,
2016-11-28,105.7300033569336,105.9000015258789,105.62000274658203,105.86000061035156,84.25922393798828,2474800,
2016-11-29,105.68000030517578,106.0,105.61000061035156,105.97000122070312,84.34677124023438,1745000,
2016-11-30,105.29000091552734,105.52999877929688,105.16999816894531,105.26000213623047,83.7816162109375,3362500,
2016-12-01,104.62000274658203,104.80999755859375,104.30999755859375,104.70999908447266,83.46199798583984,3467600,"{""dividend_amount"": 0.149}"
2016-12-02,104.93000030517578,105.31999969482422,104.93000030517578,105.18000030517578,83.83665466308594,1660400,
2016-12-05,104.83000183105469,105.4000015258789,104.70999908447266,105.13999938964844,83.80476379394531,2281600,
2016-12-06,105.16999816894531,105.27999877929688,105.08000183105469,105.18000030517578,83.83665466308594,989400,
2016-12-07,105.37000274658203,105.58000183105469,105.36000061035156,105.52999877929688,84.11565399169922,1237600,
2016-12-08,105.19000244140625,105.26000213623047,105.02999877929688,105.12999725341797,83.7967758178711,1357500,
2016-12-09,105.08000183105469,105.19999694824219,104.54000091552734,104.58999633789062,83.36637115478516,3261000,
2016-12-12,104.5199966430664,104.72000122070312,104.37000274658203,104.61000061035156,83.38233184814453,1538200,
2016-12-13,104.79000091552734,104.86000061035156,104.4800033569336,104.66999816894531,83.43012237548828,1993500,
2016-12-14,105.0199966430664,105.0999984741211,103.77999877929688,103.80000305175781,82.73673248291016,3941000,
2016-12-15,103.77999877929688,103.81999969482422,103.43000030517578,103.51000213623047,82.50554656982422,1999200,
2016-12-16,103.69000244140625,103.95999908447266,103.45999908447266,103.63999938964844,82.60908508300781,1811800,
2016-12-19,104.0,104.16999816894531,103.87999725341797,104.12000274658203,82.99172973632812,1691800,
2016-12-20,103.75,103.95999908447266,103.68000030517578,103.9000015258789,82.81639099121094,969400,
2016-12-21,104.0,104.12999725341797,103.94000244140625,104.06999969482422,82.95184326171875,1870500,
2016-12-22,103.79000091552734,103.94999694824219,103.70999908447266,103.86000061035156,82.91598510742188,1872100,"{""dividend_amount"": 0.165}"
2016-12-23,103.97000122070312,104.08000183105469,103.94000244140625,103.95999908447266,82.99578857421875,830400,
2016-12-27,103.70999908447266,103.80999755859375,103.69999694824219,103.80999755859375,82.87602233886719,1148800,
2016-12-28,103.86000061035156,104.30000305175781,103.79000091552734,104.19000244140625,83.1794204711914,1369800,
2016-12-29,104.36000061035156,104.66000366210938,104.36000061035156,104.51000213623047,83.43486785888672,1328600,
2016-12-30,104.55999755859375,104.95999908447266,104.52999877929688,104.81999969482422,83.6823501586914,2439500,
2017-01-03,104.3499984741211,104.88999938964844,104.29000091552734,104.7699966430664,83.6424331665039,3230500,
2017-01-04,104.7300033569336,104.94000244140625,104.62000274658203,104.88999938964844,83.73827362060547,1523000,
2017-01-05,105.0999984741211,105.68000030517578,105.02999877929688,105.56999969482422,84.2811508178711,3344400,
2017-01-06,105.18000030517578,105.37999725341797,105.04000091552734,105.08999633789062,83.89791107177734,1601400,
2017-01-09,105.47000122070312,105.52999877929688,105.36000061035156,105.48999786376953,84.21727752685547,1275000,
2017-01-10,105.44000244140625,105.5999984741211,105.38999938964844,105.44000244140625,84.1773452758789,1352700,
2017-01-11,105.5,105.93000030517578,105.30999755859375,105.55999755859375,84.27313232421875,1833700,
2017-01-12,105.81999969482422,106.02999877929688,105.58999633789062,105.62000274658203,84.32102966308594,1544700,
2017-01-13,105.37000274658203,105.55999755859375,105.05000305175781,105.38999938964844,84.13739013671875,1833200,
2017-01-17,105.97000122070312,106.02999877929688,105.7300033569336,105.91999816894531,84.56053161621094,1656800,
2017-01-18,105.5999984741211,105.69000244140625,105.12999725341797,105.16999816894531,83.96180725097656,3640400,
2017-01-19,104.83000183105469,104.88999938964844,104.55999755859375,104.7699966430664,83.6424331665039,1840000,
2017-01-20,104.63999938964844,104.91999816894531,104.4800033569336,104.81999969482422,83.6823501586914,1306400,
2017-01-23,105.01000213623047,105.56999969482422,104.83999633789062,105.37000274658203,84.1214370727539,1720200,
2017-01-24,105.13999938964844,105.27999877929688,104.83000183105469,104.97000122070312,83.8021011352539,1344000,
2017-01-25,104.55000305175781,104.68000030517578,104.30999755859375,104.44999694824219,83.3869857788086,1816000,
2017-01-26,104.41000366210938,104.62000274658203,104.18000030517578,104.58999633789062,83.49874114990234,2212900,
2017-01-27,104.6500015258789,104.80000305175781,104.63999938964844,104.72000122070312,83.60252380371094,2285200,
2017-01-30,104.73999786376953,104.94999694824219,104.69000244140625,104.69000244140625,83.57857513427734,1909300,
2017-01-31,104.79000091552734,105.22000122070312,104.79000091552734,105.05000305175781,83.86597442626953,1411700,
2017-02-01,104.55999755859375,104.8499984741211,104.38999938964844,104.69000244140625,83.7052993774414,2055100,"{""dividend_amount"": 0.159}"
2017-02-02,105.02999877929688,105.0999984741211,104.72000122070312,104.7300033569336,83.73725891113281,1423500,
2017-02-03,105.0,105.22000122070312,104.62000274658203,104.80999755859375,83.80123138427734,1711100,
2017-02-06,105.23999786376953,105.41000366210938,105.0,105.30999755859375,84.20100402832031,1500500,
2017-02-07,105.25,105.69000244140625,105.18000030517578,105.5,84.3529281616211,1540600,
2017-02-08,105.5,106.0,105.5,105.93000030517578,84.69672393798828,3182200,
2017-02-09,105.93000030517578,105.93000030517578,105.27999877929688,105.30000305175781,84.19303894042969,1530200,
2017-02-10,105.06999969482422,105.30999755859375,105.06999969482422,105.2300033569336,84.1370620727539,1646400,
2017-02-13,105.0,105.08000183105469,104.87999725341797,105.06999969482422,84.00910186767578,1045200,
2017-02-14,105.0199966430664,105.0999984741211,104.45999908447266,104.69000244140625,83.7052993774414,2318100,
2017-02-15,104.33000183105469,104.55999755859375,104.31999969482422,104.48999786376953,83.54534912109375,2750900,
2017-02-16,104.5999984741211,105.01000213623047,104.5999984741211,104.91000366210938,83.88117980957031,2459800,
2017-02-17,105.19999694824219,105.31999969482422,105.12000274658203,105.19000244140625,84.10507202148438,2237700,
2017-02-21,104.94000244140625,105.27999877929688,104.91999816894531,105.13999938964844,84.06507873535156,2832700,
2017-02-22,105.36000061035156,105.41999816894531,104.95999908447266,105.30999755859375,84.20100402832031,2812800,
2017-02-23,105.5,105.58999633789062,105.43000030517578,105.58999633789062,84.42488098144531,1842700,
2017-02-24,105.94000244140625,106.16000366210938,105.81999969482422,106.08000183105469,84.81670379638672,2677000,
2017-02-27,105.98999786376953,106.0,105.63999938964844,105.69999694824219,84.51282501220703,3292600,
2017-02-28,105.75,105.91000366210938,105.62999725341797,105.6500015258789,84.47283172607422,2482500,
2017-03-01,104.70999908447266,104.80000305175781,104.6500015258789,104.7699966430664,83.88436126708984,2249000,"{""dividend_amount"": 0.145}"
2017-03-02,104.55999755859375,104.5999984741211,104.33000183105469,104.47000122070312,83.6441650390625,2023300,
2017-03-03,104.5,104.58000183105469,104.26000213623047,104.56999969482422,83.7242202758789,2509000,
2017-03-06,104.58999633789062,104.5999984741211,104.43000030517578,104.55000305175781,83.70818328857422,1401700,
2017-03-07,104.43000030517578,104.4800033569336,104.3499984741211,104.4000015258789,83.5881118774414,1596300,
2017-03-08,103.91999816894531,104.1500015258789,103.9000015258789,104.05000305175781,83.30787658691406,2392800,
2017-03-09,103.94000244140625,103.9800033569336,103.69999694824219,103.76000213623047,83.07572174072266,2322900,
2017-03-10,103.9800033569336,104.01000213623047,103.75,103.9800033569336,83.2518539428711,1333000,
2017-03-13,103.80999755859375,103.91999816894531,103.69000244140625,103.72000122070312,83.04373931884766,1342600,
2017-03-14,103.7699966430664,103.94000244140625,103.75,103.83000183105469,83.13179779052734,864600,
2017-03-15,103.98999786376953,104.73999786376953,103.91999816894531,104.73999786376953,83.8603515625,3701900,
2017-03-16,104.48999786376953,104.62000274658203,104.41999816894531,104.44999694824219,83.62814331054688,2749900,
2017-03-17,104.58000183105469,104.81999969482422,104.55999755859375,104.7300033569336,83.85235595703125,1186700,
2017-03-20,104.75,105.01000213623047,104.75,104.9800033569336,84.05249786376953,1362700,
2017-03-21,104.91000366210938,105.37000274658203,104.91000366210938,105.33000183105469,84.332763671875,1407000,
2017-03-22,105.52999877929688,105.7300033569336,105.44999694824219,105.52999877929688,84.49286651611328,2231300,
2017-03-23,105.58999633789062,105.63999938964844,105.23999786376953,105.41999816894531,84.40481567382812,2584700,
2017-03-24,105.38999938964844,105.61000061035156,105.3499984741211,105.4800033569336,84.45282745361328,2540000,
2017-03-27,105.91999816894531,105.95999908447266,105.66999816894531,105.73999786376953,84.66099548339844,2614000,
2017-03-28,105.86000061035156,105.86000061035156,105.37000274658203,105.37999725341797,84.37276458740234,1356800,
2017-03-29,105.55999755859375,105.72000122070312,105.55999755859375,105.68000030517578,84.61298370361328,1860400,
2017-03-30,105.62999725341797,105.63999938964844,105.36000061035156,105.37999725341797,84.37276458740234,1487800,
2017-03-31,105.52999877929688,105.62999725341797,105.44999694824219,105.58999633789062,84.54090881347656,1698500,
2017-04-03,105.55999755859375,106.0,105.52999877929688,105.94999694824219,84.95709228515625,4175500,"{""dividend_amount"": 0.159}"
2017-04-04,105.91999816894531,106.0199966430664,105.80000305175781,105.80000305175781,84.83674621582031,1319600,
2017-04-05,105.66999816894531,106.0999984741211,105.62000274658203,106.0,84.99715423583984,2551100,
2017-04-06,106.02999877929688,106.0999984741211,105.80000305175781,105.93000030517578,84.94103240966797,1496300,
2017-04-07,106.19000244140625,106.31999969482422,105.61000061035156,105.61000061035156,84.6844253540039,1185400,
2017-04-10,105.75,105.91999816894531,105.69999694824219,105.80000305175781,84.83674621582031,1752500,
2017-04-11,106.05000305175781,106.4000015258789,106.02999877929688,106.29000091552734,85.22969055175781,2219200,
2017-04-12,106.37000274658203,106.68000030517578,106.29000091552734,106.62000274658203,85.49429321289062,2273600,
2017-04-13,106.80000305175781,107.01000213623047,106.61000061035156,106.94000244140625,85.75089263916016,1868200,
2017-04-17,106.94999694824219,107.04000091552734,106.68000030517578,106.7699966430664,85.61461639404297,1110500,
2017-04-18,107.05999755859375,107.47000122070312,107.0,107.37999725341797,86.10372924804688,1678400,
2017-04-19,107.12000274658203,107.16999816894531,106.98999786376953,107.0999984741211,85.87919616699219,1750000,
2017-04-20,106.93000030517578,107.01000213623047,106.72000122070312,106.86000061035156,85.68675994873047,1694700,
2017-04-21,106.95999908447266,107.12000274658203,106.87999725341797,106.91000366210938,85.72681427001953,2792500,
2017-04-24,106.43000030517578,106.69000244140625,106.37000274658203,106.69000244140625,85.55043029785156,3558000,
2017-04-25,106.3499984741211,106.47000122070312,106.08999633789062,106.13999938964844,85.10940551757812,1985700,
2017-04-26,106.13999938964844,106.41999816894531,106.12000274658203,106.41999816894531,85.33393096923828,1314400,
2017-04-27,106.37999725341797,106.62000274658203,106.33000183105469,106.48999786376953,85.39009094238281,1988200,
2017-04-28,106.31999969482422,106.6500015258789,106.2699966430664,106.5999984741211,85.47823333740234,5489800,
2017-05-01,106.31999969482422,106.48999786376953,106.05000305175781,106.20999908447266,85.29354858398438,2044400,"{""dividend_amount"": 0.16}"
2017-05-02,106.16000366210938,106.48999786376953,106.13999938964844,106.43000030517578,85.47024536132812,1585300,
2017-05-03,106.44999694824219,106.48999786376953,106.1500015258789,106.20999908447266,85.29354858398438,1861300,
2017-05-04,105.8499984741211,105.98999786376953,105.81999969482422,105.97000122070312,85.10084533691406,1237100,
2017-05-05,105.9800033569336,106.0199966430664,105.80000305175781,105.98999786376953,85.11688232421875,980000,
2017-05-08,105.88999938964844,105.88999938964844,105.66999816894531,105.7300033569336,84.90812683105469,4887400,
2017-05-09,105.58999633789062,105.66000366210938,105.47000122070312,105.61000061035156,84.81172180175781,1457900,
2017-05-10,105.83999633789062,105.86000061035156,105.5,105.56999969482422,84.77965545654297,995500,
2017-05-11,105.41000366210938,105.69999694824219,105.41000366210938,105.6500015258789,84.84387969970703,1088800,
2017-05-12,106.05999755859375,106.27999877929688,106.05999755859375,106.19000244140625,85.27751922607422,2005600,
2017-05-15,106.13999938964844,106.16999816894531,106.05000305175781,106.12000274658203,85.22135162353516,672200,
2017-05-16,106.11000061035156,106.41000366210938,106.11000061035156,106.26000213623047,85.33377075195312,1314500,
2017-05-17,106.80000305175781,107.16999816894531,106.7300033569336,107.11000061035156,86.01632690429688,5644700,
2017-05-18,107.19999694824219,107.25,106.97000122070312,107.08000183105469,85.99225616455078,1715200,
2017-05-19,106.97000122070312,107.06999969482422,106.80000305175781,107.05000305175781,85.9681625366211,3503100,
2017-05-22,106.93000030517578,107.01000213623047,106.87999725341797,106.93000030517578,85.8718032836914,1425800,
2017-05-23,107.05000305175781,107.05000305175781,106.5999984741211,106.6500015258789,85.64694213867188,2984700,
2017-05-24,106.6500015258789,106.93000030517578,106.55000305175781,106.87000274658203,85.8235855102539,1776300,
2017-05-25,106.93000030517578,106.9800033569336,106.80000305175781,106.93000030517578,85.8718032836914,1361000,
2017-05-26,107.02999877929688,107.08000183105469,106.94000244140625,107.0,85.92800903320312,1016600,
2017-05-30,107.18000030517578,107.2699966430664,107.0999984741211,107.2699966430664,86.14482879638672,2335200,
2017-05-31,107.22000122070312,107.4000015258789,107.16000366210938,107.31999969482422,86.18498992919922,1752300,
2017-06-01,106.94000244140625,107.12000274658203,106.9000015258789,107.0999984741211,86.1399154663086,1769300,"{""dividend_amount"": 0.164}"
2017-06-02,107.5,107.69000244140625,107.41000366210938,107.56999969482422,86.51795196533203,1803200,
2017-06-05,107.4000015258789,107.48999786376953,107.37000274658203,107.38999938964844,86.37317657470703,1414900,
2017-06-06,107.77999877929688,107.83000183105469,107.66000366210938,107.7300033569336,86.64665222167969,2078900,
2017-06-07,107.62000274658203,107.70999908447266,107.43000030517578,107.52999877929688,86.48580932617188,1795800,
2017-06-08,107.43000030517578,107.43000030517578,107.16999816894531,107.36000061035156,86.34904479980469,3863000,
2017-06-09,107.1500015258789,107.33999633789062,107.11000061035156,107.26000213623047,86.26864624023438,1203400,
2017-06-12,107.12000274658203,107.44999694824219,107.12000274658203,107.23999786376953,86.25254821777344,766700,
2017-06-13,107.13999938964844,107.31999969482422,107.13999938964844,107.27999877929688,86.28467559814453,682300,
2017-06-14,107.91999816894531,108.16999816894531,107.70999908447266,107.83999633789062,86.7351303100586,3712100,
2017-06-15,107.69000244140625,107.72000122070312,107.56999969482422,107.6500015258789,86.58229064941406,2000400,
2017-06-16,107.66999816894531,107.83000183105469,107.66999816894531,107.70999908447266,86.63058471679688,3460300,
2017-06-19,107.58999633789062,107.62999725341797,107.41000366210938,107.41000366210938,86.38927459716797,1105900,
2017-06-20,107.5,107.76000213623047,107.5,107.68000030517578,86.60643768310547,1252000,
2017-06-21,107.55999755859375,107.73999786376953,107.54000091552734,107.66999816894531,86.59837341308594,1159800,
2017-06-22,107.83000183105469,107.86000061035156,107.63999938964844,107.7699966430664,86.67882537841797,1160100,
2017-06-23,107.72000122070312,107.83999633789062,107.66999816894531,107.80000305175781,86.7030029296875,1581000,
2017-06-26,107.9000015258789,108.01000213623047,107.87999725341797,107.88999938964844,86.7752914428711,3625000,
2017-06-27,107.5199966430664,107.55000305175781,107.26000213623047,107.36000061035156,86.34904479980469,1755200,
2017-06-28,107.30999755859375,107.30999755859375,107.08999633789062,107.26000213623047,86.26864624023438,1530900,
2017-06-29,106.69999694824219,106.97000122070312,106.63999938964844,106.86000061035156,85.94694519042969,1997200,
2017-06-30,106.83999633789062,106.83999633789062,106.54000091552734,106.61000061035156,85.74586486816406,1909600,
2017-07-03,106.44999694824219,106.45999908447266,106.01000213623047,106.05999755859375,85.43087005615234,1255300,"{""dividend_amount"": 0.159}"
2017-07-05,106.04000091552734,106.26000213623047,105.9800033569336,106.13999938964844,85.49530792236328,10477800,
2017-07-06,105.94000244140625,105.97000122070312,105.7300033569336,105.94000244140625,85.334228515625,1794300,
2017-07-07,105.80999755859375,105.88999938964844,105.72000122070312,105.7699966430664,85.19729614257812,1799900,
2017-07-10,105.83999633789062,106.01000213623047,105.83000183105469,105.91000366210938,85.31006622314453,1247700,
2017-07-11,105.87000274658203,106.08000183105469,105.83999633789062,106.05000305175781,85.4228515625,1112600,
2017-07-12,106.44999694824219,106.51000213623047,106.31999969482422,106.36000061035156,85.67252349853516,2451700,
2017-07-13,106.3499984741211,106.3499984741211,106.05000305175781,106.25,85.58390045166016,2095900,
2017-07-14,106.69000244140625,106.73999786376953,106.37999725341797,106.4000015258789,85.70475006103516,1260400,
2017-07-17,106.45999908447266,106.61000061035156,106.4000015258789,106.52999877929688,85.8094482421875,1289200,
2017-07-18,106.87000274658203,106.97000122070312,106.77999877929688,106.91999816894531,86.1236343383789,1776100,
2017-07-19,106.93000030517578,107.01000213623047,106.8499984741211,106.91999816894531,86.1236343383789,2466000,
2017-07-20,107.0999984741211,107.16000366210938,106.91000366210938,106.94999694824219,86.14777374267578,2317200,
2017-07-21,107.1500015258789,107.2699966430664,107.12000274658203,107.13999938964844,86.30084228515625,1664200,
2017-07-24,107.08000183105469,107.1500015258789,106.98999786376953,107.06999969482422,86.24446868896484,2342700,
2017-07-25,106.69999694824219,106.69999694824219,106.44000244140625,106.47000122070312,85.76113891601562,2513600,
2017-07-26,106.47000122070312,106.91999816894531,106.41000366210938,106.80999755859375,86.0350570678711,3010400,
2017-07-27,106.5999984741211,106.7300033569336,106.5199966430664,106.63999938964844,85.89805603027344,1853000,
2017-07-28,106.62999725341797,106.8499984741211,106.5999984741211,106.81999969482422,86.04305267333984,1001600,
2017-07-31,106.76000213623047,106.86000061035156,106.69000244140625,106.8499984741211,86.06723022460938,921800,
2017-08-01,106.5199966430664,106.98999786376953,106.47000122070312,106.94999694824219,86.28102111816406,1958300,"{""dividend_amount"": 0.165}"
2017-08-02,106.9000015258789,107.05000305175781,106.83999633789062,106.8499984741211,86.20034790039062,516100,
2017-08-03,107.06999969482422,107.25,106.9800033569336,107.22000122070312,86.4988784790039,1576200,
2017-08-04,106.97000122070312,106.97000122070312,106.69999694824219,106.93000030517578,86.26490783691406,1266100,
2017-08-07,106.87999725341797,107.0,106.81999969482422,106.98999786376953,86.31326293945312,554100,
2017-08-08,106.94999694824219,106.95999908447266,106.7300033569336,106.9000015258789,86.24067687988281,1277800,
2017-08-09,107.29000091552734,107.31999969482422,107.02999877929688,107.02999877929688,86.34559631347656,1268000,
2017-08-10,107.23999786376953,107.47000122070312,107.22000122070312,107.43000030517578,86.66826629638672,1412000,
2017-08-11,107.37000274658203,107.62000274658203,107.31999969482422,107.55000305175781,86.76506042480469,911000,
2017-08-14,107.33999633789062,107.44999694824219,107.25,107.29000091552734,86.55532836914062,1386100,
2017-08-15,106.86000061035156,107.05999755859375,106.83000183105469,106.97000122070312,86.2971420288086,1146300,
2017-08-16,106.87000274658203,107.33000183105469,106.8499984741211,107.16999816894531,86.45849609375,2160100,
2017-08-17,107.20999908447266,107.58999633789062,107.16999816894531,107.55000305175781,86.76506042480469,1637300,
2017-08-18,107.73999786376953,107.80999755859375,107.41000366210938,107.56999969482422,86.78121185302734,1235700,
2017-08-21,107.5999984741211,107.70999908447266,107.55999755859375,107.63999938964844,86.83768463134766,718800,
2017-08-22,107.54000091552734,107.54000091552734,107.37000274658203,107.43000030517578,86.66826629638672,984500,
2017-08-23,107.66000366210938,107.80000305175781,107.56999969482422,107.80000305175781,86.96678161621094,1246100,
2017-08-24,107.62999725341797,107.75,107.56999969482422,107.62999725341797,86.8296127319336,2520900,
2017-08-25,107.63999938964844,107.87000274658203,107.56999969482422,107.80999755859375,86.97480010986328,1007500,
2017-08-28,107.76000213623047,107.91999816894531,107.72000122070312,107.91000366210938,87.05550384521484,921700,
2017-08-29,108.41000366210938,108.43000030517578,108.04000091552734,108.16000366210938,87.25717163085938,1590200,
2017-08-30,107.98999786376953,108.12999725341797,107.98999786376953,108.06999969482422,87.1845703125,1299900,
2017-08-31,108.08000183105469,108.25,108.06999969482422,108.23999786376953,87.32169342041016,1023600,
2017-09-01,107.95999908447266,107.98999786376953,107.69999694824219,107.76000213623047,87.06475067138672,3460000,"{""dividend_amount"": 0.162}"
2017-09-05,108.16000366210938,108.5199966430664,108.12999725341797,108.51000213623047,87.6707534790039,3054800,
2017-09-06,108.4800033569336,108.55000305175781,108.12999725341797,108.25,87.46066284179688,1601500,
2017-09-07,108.3499984741211,108.80999755859375,108.3499984741211,108.72000122070312,87.84039306640625,4292500,
2017-09-08,108.68000030517578,108.68000030517578,108.5,108.63999938964844,87.77584075927734,1249100,
2017-09-11,108.19999694824219,108.23999786376953,108.0199966430664,108.0199966430664,87.27485656738281,2206200,
2017-09-12,107.8499984741211,107.8499984741211,107.66000366210938,107.76000213623047,87.06475067138672,3167800,
2017-09-13,107.77999877929688,107.77999877929688,107.5199966430664,107.54000091552734,86.88703155517578,1590900,
2017-09-14,107.43000030517578,107.58000183105469,107.4000015258789,107.55999755859375,86.9031982421875,1377700,
2017-09-15,107.56999969482422,107.69000244140625,107.37999725341797,107.69000244140625,87.00826263427734,1477000,
2017-09-18,107.26000213623047,107.36000061035156,107.16999816894531,107.2699966430664,86.66888427734375,3032500,
2017-09-19,107.30000305175781,107.3499984741211,107.12000274658203,107.1500015258789,86.57192993164062,673300,
2017-09-20,107.25,107.2699966430664,106.7699966430664,106.94000244140625,86.40223693847656,2397500,
2017-09-21,106.98999786376953,107.12999725341797,106.80000305175781,106.80000305175781,86.2891616821289,2390000,
2017-09-22,107.13999938964844,107.16000366210938,106.95999908447266,106.98999786376953,86.44264221191406,826600,
2017-09-25,107.11000061035156,107.38999938964844,107.0,107.30999755859375,86.70124053955078,1927000,
2017-09-26,107.20999908447266,107.27999877929688,107.12000274658203,107.22000122070312,86.62852478027344,1061000,
2017-09-27,106.69000244140625,106.83000183105469,106.63999938964844,106.66999816894531,86.18408203125,4039100,
2017-09-28,106.54000091552734,106.7300033569336,106.4800033569336,106.6500015258789,86.16798400878906,1873300,
2017-09-29,106.76000213623047,106.7699966430664,106.45999908447266,106.5199966430664,86.06293487548828,2037800,
2017-10-02,106.41999816894531,106.47000122070312,106.23999786376953,106.23999786376953,85.9649887084961,3221600,"{""dividend_amount"": 0.159}"
2017-10-03,106.2699966430664,106.43000030517578,106.23999786376953,106.38999938964844,86.08641815185547,2521700,
2017-10-04,106.48999786376953,106.48999786376953,106.26000213623047,106.36000061035156,86.06208801269531,2198300,
2017-10-05,106.4000015258789,106.45999908447266,106.19000244140625,106.25,85.97309875488281,1779900,
2017-10-06,105.97000122070312,106.23999786376953,105.8499984741211,106.12000274658203,85.86791229248047,2350600,
2017-10-09,106.20999908447266,106.27999877929688,106.13999938964844,106.23999786376953,85.9649887084961,893100,
2017-10-10,106.30000305175781,106.52999877929688,106.25,106.27999877929688,85.99739074707031,1123100,
2017-10-11,106.43000030517578,106.44000244140625,106.27999877929688,106.4000015258789,86.094482421875,2841200,
2017-10-12,106.47000122070312,106.54000091552734,106.36000061035156,106.5,86.17539978027344,1349300,
2017-10-13,106.81999969482422,106.91999816894531,106.69000244140625,106.86000061035156,86.46671295166016,1521700,
2017-10-16,106.66999816894531,106.79000091552734,106.56999969482422,106.68000030517578,86.321044921875,1666100,
2017-10-17,106.5199966430664,106.68000030517578,106.5,106.63999938964844,86.2886734008789,673800,
2017-10-18,106.30999755859375,106.41000366210938,106.2699966430664,106.37000274658203,86.07019805908203,1788500,
2017-10-19,106.66000366210938,106.69999694824219,106.41000366210938,106.4800033569336,86.15923309326172,1518700,
2017-10-20,106.13999938964844,106.20999908447266,106.0,106.04000091552734,85.80321502685547,2651400,
2017-10-23,106.08999633789062,106.20999908447266,106.08999633789062,106.13999938964844,85.88407135009766,709800,
2017-10-24,105.87999725341797,105.95999908447266,105.76000213623047,105.81999969482422,85.62517547607422,1605600,
2017-10-25,105.47000122070312,105.73999786376953,105.47000122070312,105.6500015258789,85.48763275146484,1838800,
2017-10-26,105.75,105.7699966430664,105.5,105.51000213623047,85.37433624267578,2062400,
2017-10-27,105.62000274658203,105.86000061035156,105.54000091552734,105.8499984741211,85.64949035644531,1315000,
2017-10-30,106.08999633789062,106.23999786376953,106.02999877929688,106.2300033569336,85.95693969726562,1692700,
2017-10-31,106.23999786376953,106.25,106.13999938964844,106.16000366210938,85.90031433105469,1178000,
2017-11-01,105.91999816894531,106.22000122070312,105.91999816894531,106.05999755859375,85.95215606689453,1321500,"{""dividend_amount"": 0.164}"
2017-11-02,106.18000030517578,106.3499984741211,106.12000274658203,106.19999694824219,86.06560516357422,1997900,
2017-11-03,106.33999633789062,106.4000015258789,106.1500015258789,106.37000274658203,86.20336151123047,2532400,
2017-11-06,106.47000122070312,106.55999755859375,106.4000015258789,106.5,86.30876159667969,858400,
2017-11-07,106.5199966430664,106.62000274658203,106.45999908447266,106.54000091552734,86.34115600585938,734800,
2017-11-08,106.58999633789062,106.62999725341797,106.37999725341797,106.41000366210938,86.23577117919922,947800,
2017-11-09,106.2699966430664,106.45999908447266,106.2300033569336,106.37000274658203,86.20336151123047,925900,
2017-11-10,106.0,106.02999877929688,105.79000091552734,105.83000183105469,85.7657699584961,1862000,
2017-11-13,105.91000366210938,105.95999908447266,105.7699966430664,105.77999877929688,85.72522735595703,868300,
2017-11-14,105.80999755859375,106.0,105.79000091552734,105.93000030517578,85.84681701660156,1629200,
2017-11-15,106.27999877929688,106.3499984741211,106.08999633789062,106.30999755859375,86.15473175048828,1933100,
2017-11-16,106.13999938964844,106.19999694824219,106.0199966430664,106.04000091552734,85.93600463867188,1749200,
2017-11-17,106.2300033569336,106.27999877929688,106.0999984741211,106.18000030517578,86.0494155883789,941200,
2017-11-20,106.05000305175781,106.1500015258789,105.94999694824219,106.01000213623047,85.91163635253906,1153400,
2017-11-21,106.18000030517578,106.2300033569336,105.94999694824219,106.02999877929688,85.92781829833984,835600,
2017-11-22,106.13999938964844,106.41999816894531,106.0999984741211,106.37000274658203,86.20336151123047,1657900,
2017-11-24,106.2699966430664,106.33999633789062,106.23999786376953,106.27999877929688,86.13043975830078,614400,
2017-11-27,106.33000183105469,106.41999816894531,106.19000244140625,106.3499984741211,86.1871566772461,1927500,
2017-11-28,106.51000213623047,106.55000305175781,106.27999877929688,106.37000274658203,86.20336151123047,1388000,
2017-11-29,106.0199966430664,106.08000183105469,105.87999725341797,106.02999877929688,85.92781829833984,3193600,
2017-11-30,105.95999908447266,106.01000213623047,105.58999633789062,105.69999694824219,85.66041564941406,3306400,
2017-12-01,105.69999694824219,106.33999633789062,105.5,105.93000030517578,85.97695922851562,4341500,"{""dividend_amount"": 0.16}"
2017-12-04,105.6500015258789,105.87999725341797,105.63999938964844,105.87999725341797,85.93634796142578,2356200,
2017-12-05,105.70999908447266,105.98999786376953,105.69000244140625,105.95999908447266,86.00129699707031,1586000,
2017-12-06,106.19999694824219,106.30999755859375,106.16000366210938,106.18000030517578,86.17987060546875,1459000,
2017-12-07,106.18000030517578,106.2699966430664,105.86000061035156,105.98999786376953,86.025634765625,1953400,
2017-12-08,105.97000122070312,106.0199966430664,105.83000183105469,105.91000366210938,85.960693359375,2519500,
2017-12-11,105.97000122070312,106.0199966430664,105.80999755859375,105.83999633789062,85.90385437011719,702200,
2017-12-12,105.73999786376953,105.76000213623047,105.5999984741211,105.75,85.83080291748047,2557500,
2017-12-13,105.9000015258789,106.22000122070312,105.79000091552734,106.18000030517578,86.17987060546875,1477800,
2017-12-14,105.98999786376953,106.2300033569336,105.86000061035156,106.13999938964844,86.14743041992188,982100,
2017-12-15,105.9800033569336,106.16999816894531,105.91999816894531,106.12000274658203,86.13114929199219,1845200,
2017-12-18,106.02999877929688,106.05999755859375,105.83999633789062,105.87999725341797,85.93634796142578,1610300,
2017-12-19,105.62000274658203,105.62999725341797,105.25,105.4000015258789,85.54674530029297,4535100,
2017-12-20,105.0999984741211,105.29000091552734,105.04000091552734,105.08999633789062,85.29515075683594,3027000,
2017-12-21,104.94000244140625,105.01000213623047,104.87000274658203,105.0,85.35531616210938,2098800,"{""dividend_amount"": 0.164}"
2017-12-22,104.98999786376953,105.04000091552734,104.94999694824219,105.04000091552734,85.38782501220703,696900,
2017-12-26,105.05000305175781,105.19999694824219,105.02999877929688,105.08000183105469,85.42036437988281,2584800,
2017-12-27,105.2300033569336,105.56999969482422,105.2300033569336,105.52999877929688,85.78614044189453,2291500,
2017-12-28,105.43000030517578,105.4800033569336,105.33999633789062,105.4000015258789,85.68048095703125,1540500,
2017-12-29,105.47000122070312,105.63999938964844,105.45999908447266,105.56999969482422,85.81867980957031,1849600,
2018-01-02,105.44000244140625,105.47000122070312,105.08999633789062,105.22000122070312,85.53414916992188,3902000,
2018-01-03,105.3499984741211,105.41000366210938,105.22000122070312,105.33000183105469,85.62361145019531,2135900,
2018-01-04,105.0999984741211,105.29000091552734,105.0199966430664,105.27999877929688,85.58293151855469,2430000,
2018-01-05,105.27999877929688,105.31999969482422,105.05999755859375,105.1500015258789,85.47725677490234,2163600,
2018-01-08,105.19999694824219,105.22000122070312,105.01000213623047,105.0999984741211,85.43659973144531,2450600,
2018-01-09,104.91999816894531,104.91999816894531,104.58000183105469,104.5999984741211,85.03012084960938,5924200,
2018-01-10,104.29000091552734,104.62000274658203,104.2300033569336,104.56999969482422,85.00576782226562,2142500,
2018-01-11,104.5199966430664,104.7300033569336,104.41999816894531,104.63999938964844,85.06265258789062,1798700,
2018-01-12,104.41999816894531,104.61000061035156,104.4000015258789,104.56999969482422,85.00576782226562,1430700,
2018-01-16,104.73999786376953,104.76000213623047,104.4800033569336,104.62000274658203,85.04644012451172,5927500,
2018-01-17,104.45999908447266,104.62999725341797,104.31999969482422,104.38999938964844,84.8593978881836,2186100,
2018-01-18,104.11000061035156,104.20999908447266,103.9800033569336,104.05999755859375,84.59117126464844,3326100,
2018-01-19,104.0,104.0,103.7300033569336,103.79000091552734,84.37169647216797,2921600,
2018-01-22,103.87000274658203,103.94999694824219,103.66999816894531,103.75,84.33920288085938,8047400,
2018-01-23,103.98999786376953,104.11000061035156,103.9000015258789,104.05000305175781,84.58305358886719,1780100,
2018-01-24,103.87000274658203,103.94999694824219,103.7300033569336,103.8499984741211,84.42049407958984,1952200,
2018-01-25,103.73999786376953,104.08999633789062,103.62000274658203,104.08000183105469,84.60742950439453,3342000,
2018-01-26,103.95999908447266,103.95999908447266,103.66000366210938,103.7699966430664,84.3554458618164,3324500,
2018-01-29,103.5,103.55000305175781,103.30999755859375,103.51000213623047,84.14408111572266,2328200,
2018-01-30,103.41999816894531,103.4800033569336,103.22000122070312,103.2699966430664,83.94900512695312,2346900,
2018-01-31,103.44000244140625,103.48999786376953,103.0199966430664,103.30000305175781,83.973388671875,2966400,
2018-02-01,103.0999984741211,103.0999984741211,102.56999969482422,102.5999984741211,83.5401840209961,8958300,"{""dividend_amount"": 0.168}"
2018-02-02,102.29000091552734,102.37000274658203,102.11000061035156,102.22000122070312,83.23078155517578,5753500,
2018-02-05,102.25,103.30999755859375,102.08999633789062,103.05999755859375,83.91474914550781,6902000,
2018-02-06,102.94999694824219,103.04000091552734,102.61000061035156,102.61000061035156,83.54832458496094,5382900,
2018-02-07,102.75,102.7699966430664,102.19000244140625,102.30999755859375,83.30406951904297,4773700,
2018-02-08,102.02999877929688,102.52999877929688,101.88999938964844,102.4000015258789,83.37736511230469,5685300,
2018-02-09,102.11000061035156,102.80999755859375,102.11000061035156,102.22000122070312,83.23078155517578,4376900,
2018-02-12,102.22000122070312,102.36000061035156,102.08000183105469,102.19000244140625,83.20639038085938,2836300,
2018-02-13,102.2699966430664,102.38999938964844,102.18000030517578,102.36000061035156,83.34479522705078,2698100,
2018-02-14,102.05999755859375,102.05999755859375,101.62999725341797,101.73999786376953,82.83993530273438,4141900,
2018-02-15,101.76000213623047,101.95999908447266,101.73999786376953,101.7699966430664,82.86439514160156,3057300,
2018-02-16,102.08999633789062,102.18000030517578,101.95999908447266,102.01000213623047,83.059814453125,2277800,
2018-02-20,101.80999755859375,101.95999908447266,101.72000122070312,101.9000015258789,82.97026062011719,2138300,
2018-02-21,102.0,102.0,101.47000122070312,101.5999984741211,82.72595977783203,2253900,
2018-02-22,101.76000213623047,101.87000274658203,101.69999694824219,101.73999786376953,82.83993530273438,4411800,
2018-02-23,102.01000213623047,102.20999908447266,101.9800033569336,102.12999725341797,83.15755462646484,4484700,
2018-02-26,102.36000061035156,102.44999694824219,102.19999694824219,102.25,83.25521087646484,2725600,
2018-02-27,102.29000091552734,102.33000183105469,101.73999786376953,101.93000030517578,82.9946517944336,3308900,
2018-02-28,102.05000305175781,102.19000244140625,101.97000122070312,102.16999816894531,83.19007873535156,2521400,
2018-03-01,102.16000366210938,102.61000061035156,102.02999877929688,102.44999694824219,83.54806518554688,5352600,"{""dividend_amount"": 0.159}"
2018-03-02,102.31999969482422,102.33000183105469,102.01000213623047,102.06999969482422,83.23821258544922,2140800,
2018-03-05,102.3499984741211,102.3499984741211,101.81999969482422,101.94000244140625,83.13220977783203,2059300,
2018-03-06,101.97000122070312,102.1500015258789,101.91999816894531,101.93000030517578,83.12400817871094,2331300,
2018-03-07,102.16000366210938,102.22000122070312,101.91999816894531,101.93000030517578,83.12400817871094,1258100,
2018-03-08,102.06999969482422,102.23999786376953,102.0199966430664,102.13999938964844,83.2952651977539,1636700,
2018-03-09,101.88999938964844,102.0,101.7699966430664,101.91999816894531,83.11588287353516,1604500,
2018-03-12,102.0,102.16999816894531,101.94000244140625,102.16000366210938,83.31159973144531,1885700,
2018-03-13,102.31999969482422,102.37999725341797,102.12999725341797,102.33000183105469,83.45025634765625,1742100,
2018-03-14,102.2699966430664,102.66000366210938,102.25,102.52999877929688,83.61333465576172,2598900,
2018-03-15,102.51000213623047,102.62000274658203,102.38999938964844,102.48999786376953,83.5806884765625,2758000,
2018-03-16,102.36000061035156,102.38999938964844,102.23999786376953,102.37000274658203,83.48285675048828,3595300,
2018-03-19,102.1500015258789,102.45999908447266,102.13999938964844,102.2699966430664,83.40129852294922,2825000,
2018-03-20,102.08999633789062,102.16000366210938,102.04000091552734,102.06999969482422,83.23821258544922,2600600,
2018-03-21,101.94000244140625,102.22000122070312,101.68000030517578,102.13999938964844,83.2952651977539,3365600,
2018-03-22,102.5199966430664,102.7699966430664,102.38999938964844,102.55999755859375,83.63778686523438,5026500,
2018-03-23,102.45999908447266,102.75,102.45999908447266,102.69999694824219,83.75196838378906,2519000,
2018-03-26,102.5199966430664,102.6500015258789,102.38999938964844,102.41999816894531,83.52361297607422,4184900,
2018-03-27,102.52999877929688,103.05000305175781,102.5199966430664,103.0,83.99661254882812,3495900,
2018-03-28,103.20999908447266,103.26000213623047,102.88999938964844,102.9800033569336,83.98029327392578,2762500,
2018-03-29,103.01000213623047,103.30999755859375,103.01000213623047,103.19000244140625,84.15153503417969,2572100,
2018-04-02,102.94000244140625,103.33999633789062,102.88999938964844,103.12000274658203,84.23733520507812,2748800,"{""dividend_amount"": 0.175}"
2018-04-03,102.95999908447266,103.0,102.75,102.79000091552734,83.9677505493164,4229600,
2018-04-04,103.0,103.0,102.68000030517578,102.7300033569336,83.91876983642578,2216900,
2018-04-05,102.56999969482422,102.61000061035156,102.43000030517578,102.47000122070312,83.70633697509766,1789300,
2018-04-06,102.80000305175781,102.95999908447266,102.66000366210938,102.91999816894531,84.07398223876953,2651200,
2018-04-09,102.73999786376953,102.94000244140625,102.6500015258789,102.94000244140625,84.09030151367188,2071100,
2018-04-10,102.80999755859375,102.87000274658203,102.68000030517578,102.76000213623047,83.94327545166016,1622400,
2018-04-11,102.95999908447266,103.0,102.76000213623047,102.86000061035156,84.02496337890625,2520600,
2018-04-12,102.72000122070312,102.7300033569336,102.45999908447266,102.48999786376953,83.7226791381836,2188600,
2018-04-13,102.4000015258789,102.62999725341797,102.4000015258789,102.58000183105469,83.79621124267578,2937700,
2018-04-16,102.33000183105469,102.55000305175781,102.30999755859375,102.52999877929688,83.75535583496094,1637400,
2018-04-17,102.4800033569336,102.66000366210938,102.44000244140625,102.58999633789062,83.80439758300781,1301800,
2018-04-18,102.37999725341797,102.5,102.19000244140625,102.19000244140625,83.47765350341797,2127600,
2018-04-19,101.94999694824219,102.0199966430664,101.79000091552734,101.91000366210938,83.24891662597656,3181500,
2018-04-20,101.77999877929688,101.83999633789062,101.56999969482422,101.56999969482422,82.97116088867188,2309400,
2018-04-23,101.4800033569336,101.52999877929688,101.33999633789062,101.47000122070312,82.88946533203125,5022800,
2018-04-24,101.33000183105469,101.44999694824219,101.26000213623047,101.3499984741211,82.79143524169922,3178800,
2018-04-25,101.19000244140625,101.25,101.05999755859375,101.12999725341797,82.61174011230469,3295800,
2018-04-26,101.37000274658203,101.45999908447266,101.30999755859375,101.41999816894531,82.8486099243164,1989500,
2018-04-27,101.51000213623047,101.6500015258789,101.5,101.58999633789062,82.98750305175781,2409300,
2018-04-30,101.63999938964844,101.80999755859375,101.62000274658203,101.69999694824219,83.0773696899414,3504400,
2018-05-01,101.5,101.5,101.30999755859375,101.3499984741211,82.94721221923828,1894000,"{""dividend_amount"": 0.191}"
2018-05-02,101.38999938964844,101.51000213623047,101.30000305175781,101.37000274658203,82.96356964111328,3852600,
2018-05-03,101.58000183105469,101.7699966430664,101.55999755859375,101.62999725341797,83.17638397216797,6026900,
2018-05-04,101.75,101.79000091552734,101.48999786376953,101.63999938964844,83.1845703125,2370500,
2018-05-07,101.62999725341797,101.66000366210938,101.54000091552734,101.58999633789062,83.14364624023438,1854900,
2018-05-08,101.43000030517578,101.5199966430664,101.31999969482422,101.41999816894531,83.00450897216797,1654600,
2018-05-09,101.19000244140625,101.30000305175781,101.16000366210938,101.19000244140625,82.81629180908203,2838400,
2018-05-10,101.43000030517578,101.4800033569336,101.30000305175781,101.4000015258789,82.98814392089844,4183700,
2018-05-11,101.47000122070312,101.47000122070312,101.30000305175781,101.41000366210938,82.996337890625,2816300,
2018-05-14,101.25,101.27999877929688,101.18000030517578,101.19000244140625,82.81629180908203,4762000,
2018-05-15,100.80000305175781,100.80000305175781,100.48999786376953,100.62999725341797,82.35797119140625,6812500,
2018-05-16,100.5,100.69999694824219,100.41999816894531,100.41999816894531,82.18607330322266,4784200,
2018-05-17,100.45999908447266,100.5199966430664,100.33000183105469,100.36000061035156,82.1369857788086,1702300,
2018-05-18,100.55000305175781,100.80999755859375,100.55000305175781,100.75,82.45614624023438,2642300,
2018-05-21,100.69999694824219,100.83000183105469,100.63999938964844,100.81999969482422,82.51343536376953,2845100,
2018-05-22,100.81999969482422,100.83000183105469,100.69000244140625,100.77999877929688,82.48072814941406,1977000,
2018-05-23,101.08999633789062,101.30000305175781,101.06999969482422,101.23999786376953,82.85720825195312,5102500,
2018-05-24,101.47000122070312,101.63999938964844,101.43000030517578,101.5,83.07001495361328,2994100,
2018-05-25,101.80999755859375,101.91000366210938,101.76000213623047,101.9000015258789,83.39738464355469,2838400,
2018-05-29,102.3499984741211,103.19999694824219,102.23999786376953,103.0,84.297607421875,11256200,
2018-05-30,102.56999969482422,102.72000122070312,102.37999725341797,102.55999755859375,83.93755340576172,4512200,
2018-05-31,102.56999969482422,102.73999786376953,102.33999633789062,102.51000213623047,83.8965835571289,5321700,
2018-06-01,101.8499984741211,102.08999633789062,101.7699966430664,101.93000030517578,83.58663940429688,7891000,"{""dividend_amount"": 0.202}"
2018-06-04,101.81999969482422,101.83000183105469,101.56999969482422,101.56999969482422,83.2914047241211,3131800,
2018-06-05,101.83999633789062,101.97000122070312,101.72000122070312,101.83000183105469,83.50462341308594,4305500,
2018-06-06,101.55999755859375,101.58999633789062,101.36000061035156,101.41999816894531,83.16839599609375,3910500,
2018-06-07,101.41999816894531,102.12999725341797,101.38999938964844,101.8499984741211,83.52101135253906,4400400,
2018-06-08,101.73999786376953,101.86000061035156,101.68000030517578,101.70999908447266,83.40619659423828,7342800,
2018-06-11,101.52999877929688,101.63999938964844,101.51000213623047,101.61000061035156,83.32421875,1875800,
2018-06-12,101.47000122070312,101.5999984741211,101.44999694824219,101.55000305175781,83.27499389648438,1664800,
2018-06-13,101.58000183105469,101.6500015258789,101.16000366210938,101.43000030517578,83.17662048339844,3294700,
2018-06-14,101.62000274658203,101.76000213623047,101.54000091552734,101.75,83.43900299072266,3626400,
2018-06-15,101.97000122070312,102.0999984741211,101.80000305175781,101.83000183105469,83.50462341308594,5826500,
2018-06-18,101.95999908447266,101.9800033569336,101.80000305175781,101.87999725341797,83.54561614990234,4600500,
2018-06-19,102.18000030517578,102.27999877929688,102.08999633789062,102.1500015258789,83.76700592041016,4172800,
2018-06-20,102.11000061035156,102.12999725341797,101.80999755859375,101.81999969482422,83.49640655517578,3059000,
2018-06-21,101.9800033569336,102.16999816894531,101.9800033569336,102.08999633789062,83.71781921386719,2680500,
2018-06-22,101.95999908447266,102.16000366210938,101.94999694824219,102.11000061035156,83.73421478271484,2309500,
2018-06-25,102.22000122070312,102.4000015258789,102.20999908447266,102.25,83.84902954101562,8110800,
2018-06-26,102.2699966430664,102.36000061035156,102.20999908447266,102.30000305175781,83.89006805419922,3873200,
2018-06-27,102.55999755859375,102.7300033569336,102.4800033569336,102.69000244140625,84.20986938476562,3044200,
2018-06-28,102.68000030517578,102.70999908447266,102.51000213623047,102.58999633789062,84.12786865234375,3705600,
2018-06-29,102.58000183105469,102.68000030517578,102.5,102.51000213623047,84.06222534179688,2721200,
2018-07-02,102.41999816894531,102.44999694824219,102.22000122070312,102.25,84.00472259521484,3911500,"{""dividend_amount"": 0.19}"
2018-07-03,102.29000091552734,102.51000213623047,102.27999877929688,102.51000213623047,84.21832275390625,1463800,
2018-07-05,102.4800033569336,102.63999938964844,102.45999908447266,102.5199966430664,84.22657012939453,1682300,
2018-07-06,102.63999938964844,102.70999908447266,102.5199966430664,102.61000061035156,84.30049133300781,3206500,
2018-07-09,102.37000274658203,102.44000244140625,102.33000183105469,102.3499984741211,84.08689880371094,2258800,
2018-07-10,102.25,102.36000061035156,102.20999908447266,102.2699966430664,84.02117156982422,4461100,
2018-07-11,102.45999908447266,102.51000213623047,102.31999969482422,102.4800033569336,84.19367980957031,2198700,
2018-07-12,102.3499984741211,102.4800033569336,102.33000183105469,102.44000244140625,84.16080474853516,1385900,
2018-07-13,102.55000305175781,102.63999938964844,102.4800033569336,102.61000061035156,84.30049133300781,2891800,
2018-07-16,102.38999938964844,102.4800033569336,102.26000213623047,102.44000244140625,84.16080474853516,1782600,
2018-07-17,102.5,102.5,102.3499984741211,102.37999725341797,84.11153411865234,1034700,
2018-07-18,102.43000030517578,102.44999694824219,102.2699966430664,102.30000305175781,84.04582977294922,1355300,
2018-07-19,102.37000274658203,102.66999816894531,102.3499984741211,102.58000183105469,84.27584838867188,4201700,
2018-07-20,102.45999908447266,102.45999908447266,102.18000030517578,102.22000122070312,83.98007202148438,3362700,
2018-07-23,102.0999984741211,102.11000061035156,101.69999694824219,101.72000122070312,83.56930541992188,5285700,
2018-07-24,101.69999694824219,101.83999633789062,101.62999725341797,101.79000091552734,83.62681579589844,3293800,
2018-07-25,101.91000366210938,101.9800033569336,101.66000366210938,101.72000122070312,83.56930541992188,2403800,
2018-07-26,101.81999969482422,101.87000274658203,101.58999633789062,101.61000061035156,83.47894287109375,2598200,
2018-07-27,101.83999633789062,101.83999633789062,101.68000030517578,101.7699966430664,83.61032104492188,1435100,
2018-07-30,101.56999969482422,101.76000213623047,101.55999755859375,101.63999938964844,83.50358581542969,3832700,
2018-07-31,101.80000305175781,101.83000183105469,101.70999908447266,101.77999877929688,83.61858367919922,3053600,
2018-08-01,101.26000213623047,101.41000366210938,101.19000244140625,101.33999633789062,83.42102813720703,5366800,"{""dividend_amount"": 0.2}"
2018-08-02,101.41000366210938,101.4800033569336,101.31999969482422,101.45999908447266,83.51980590820312,3370800,
2018-08-03,101.54000091552734,101.75,101.52999877929688,101.72000122070312,83.73384857177734,2174800,
2018-08-06,101.79000091552734,101.94999694824219,101.76000213623047,101.7699966430664,83.77497863769531,3867200,
2018-08-07,101.70999908447266,101.70999908447266,101.54000091552734,101.55999755859375,83.60214233398438,2181400,
2018-08-08,101.58999633789062,101.70999908447266,101.58000183105469,101.6500015258789,83.67623138427734,2777900,
2018-08-09,101.80999755859375,101.93000030517578,101.79000091552734,101.93000030517578,83.90668487548828,4318000,
2018-08-10,102.19999694824219,102.5,102.16999816894531,102.37000274658203,84.26891326904297,4327800,
2018-08-13,102.30999755859375,102.45999908447266,102.2300033569336,102.33999633789062,84.24423217773438,1764700,
2018-08-14,102.31999969482422,102.33000183105469,102.19000244140625,102.23999786376953,84.16188049316406,2487600,
2018-08-15,102.45999908447266,102.68000030517578,102.43000030517578,102.48999786376953,84.36768341064453,4810700,
2018-08-16,102.51000213623047,102.5199966430664,102.27999877929688,102.45999908447266,84.34298706054688,2594400,
2018-08-17,102.55000305175781,102.63999938964844,102.4000015258789,102.5,84.37591552734375,3043400,
2018-08-20,102.69999694824219,102.86000061035156,102.68000030517578,102.81999969482422,84.63932800292969,2901100,
2018-08-21,102.7300033569336,102.7300033569336,102.61000061035156,102.68000030517578,84.52412414550781,2516700,
2018-08-22,102.95999908447266,102.95999908447266,102.7699966430664,102.87000274658203,84.68049621582031,2396500,
2018-08-23,102.91000366210938,102.94999694824219,102.83000183105469,102.86000061035156,84.67224884033203,871000,
2018-08-24,102.68000030517578,102.91000366210938,102.63999938964844,102.88999938964844,84.69696807861328,1296600,
2018-08-27,102.75,102.77999877929688,102.63999938964844,102.66000366210938,84.50762939453125,1851900,
2018-08-28,102.4800033569336,102.5199966430664,102.38999938964844,102.43000030517578,84.31832885742188,1506300,
2018-08-29,102.45999908447266,102.47000122070312,102.30000305175781,102.4000015258789,84.2936019897461,1420400,
2018-08-30,102.54000091552734,102.68000030517578,102.51000213623047,102.58999633789062,84.44998931884766,2780900,
2018-08-31,102.81999969482422,102.83000183105469,102.5999984741211,102.61000061035156,84.4664535522461,2132200,
2018-09-04,102.26000213623047,102.31999969482422,102.12000274658203,102.16999816894531,84.27344512939453,3419500,"{""dividend_amount"": 0.206}"
2018-09-05,102.1500015258789,102.2300033569336,102.05000305175781,102.16000366210938,84.26522827148438,1332300,
2018-09-06,102.22000122070312,102.44999694824219,102.20999908447266,102.37000274658203,84.43841552734375,1656700,
2018-09-07,102.01000213623047,102.04000091552734,101.87000274658203,101.91000366210938,84.05899810791016,4405000,
2018-09-10,101.88999938964844,102.01000213623047,101.88999938964844,101.97000122070312,84.1085205078125,3110800,
2018-09-11,101.7699966430664,101.80000305175781,101.5999984741211,101.5999984741211,83.80326843261719,3360500,
2018-09-12,101.76000213623047,101.80999755859375,101.72000122070312,101.72000122070312,83.90229034423828,1398800,
2018-09-13,101.86000061035156,101.86000061035156,101.69000244140625,101.70999908447266,83.89404296875,1281600,
2018-09-14,101.51000213623047,101.62000274658203,101.45999908447266,101.5199966430664,83.73731994628906,3749900,
2018-09-17,101.41000366210938,101.58000183105469,101.37999725341797,101.54000091552734,83.75381469726562,3808400,
2018-09-18,101.41000366210938,101.41999816894531,101.08999633789062,101.12000274658203,83.40738677978516,4972900,
2018-09-19,101.05999755859375,101.06999969482422,100.80000305175781,100.94999694824219,83.26715850830078,5515900,
2018-09-20,100.83000183105469,101.05999755859375,100.80000305175781,100.95999908447266,83.2754135131836,2973500,
2018-09-21,100.9000015258789,101.05999755859375,100.9000015258789,101.0,83.30843353271484,1024100,
2018-09-24,100.8499984741211,101.01000213623047,100.83999633789062,100.88999938964844,83.21765899658203,2389800,
2018-09-25,100.7699966430664,100.80999755859375,100.68000030517578,100.79000091552734,83.13519287109375,2878300,
2018-09-26,100.88999938964844,101.13999938964844,100.83999633789062,101.12000274658203,83.40738677978516,2502900,
2018-09-27,101.05000305175781,101.1500015258789,100.98999786376953,101.12000274658203,83.40738677978516,6342800,
2018-09-28,101.29000091552734,101.30000305175781,101.12999725341797,101.16999816894531,83.44864654541016,3931000,
2018-10-01,100.83000183105469,100.88999938964844,100.70999908447266,100.70999908447266,83.237060546875,6408000,"{""dividend_amount"": 0.204}"
2018-10-02,100.86000061035156,101.04000091552734,100.86000061035156,100.97000122070312,83.45194244384766,2915000,
2018-10-03,100.77999877929688,100.79000091552734,100.08999633789062,100.22000122070312,82.8320541381836,6612700,
2018-10-04,99.9800033569336,100.12999725341797,99.87999725341797,99.95999908447266,82.61717987060547,6427500,
2018-10-05,99.81999969482422,99.91000366210938,99.5999984741211,99.72000122070312,82.4188232421875,5676600,
2018-10-08,99.81999969482422,99.86000061035156,99.73999786376953,99.76000213623047,82.45183563232422,1947800,
2018-10-09,99.79000091552734,99.94999694824219,99.76000213623047,99.94999694824219,82.60891723632812,3066300,
2018-10-10,99.70999908447266,100.02999877929688,99.66999816894531,100.0,82.65017700195312,3001900,
2018-10-11,100.22000122070312,100.55000305175781,100.08999633789062,100.41000366210938,82.98908233642578,5821500,
2018-10-12,100.29000091552734,100.52999877929688,100.23999786376953,100.29000091552734,82.889892578125,2647900,
2018-10-15,100.38999938964844,100.44000244140625,100.26000213623047,100.3499984741211,82.93949890136719,1860000,
2018-10-16,100.2699966430664,100.3499984741211,100.19999694824219,100.33999633789062,82.93125915527344,2703900,
2018-10-17,100.31999969482422,100.41999816894531,100.05000305175781,100.05000305175781,82.69155883789062,3336200,
2018-10-18,100.0,100.4000015258789,99.94999694824219,100.2300033569336,82.84033203125,2587700,
2018-10-19,100.22000122070312,100.23999786376953,100.02999877929688,100.11000061035156,82.74115753173828,5531900,
2018-10-22,100.22000122070312,100.26000213623047,100.12000274658203,100.12999725341797,82.75768280029297,1690100,
2018-10-23,100.6500015258789,100.79000091552734,100.33999633789062,100.38999938964844,82.97257232666016,4420100,
2018-10-24,100.66999816894531,100.95999908447266,100.5999984741211,100.93000030517578,83.41886138916016,4881200,
2018-10-25,100.75,100.81999969482422,100.5999984741211,100.69000244140625,83.22053527832031,3559900,
2018-10-26,101.06999969482422,101.30000305175781,101.04000091552734,101.13999938964844,83.5924072265625,4220800,
2018-10-29,101.01000213623047,101.23999786376953,100.8499984741211,101.12999725341797,83.58419036865234,3766900,
2018-10-30,100.94000244140625,101.05999755859375,100.87000274658203,100.91000366210938,83.40232849121094,5746600,
2018-10-31,100.61000061035156,100.73999786376953,100.55000305175781,100.66000366210938,83.19575500488281,3956700,
2018-11-01,100.36000061035156,100.56999969482422,100.33000183105469,100.52999877929688,83.2669677734375,4834300,"{""dividend_amount"": 0.216}"
2018-11-02,100.29000091552734,100.31999969482422,99.93000030517578,99.97000122070312,82.80311584472656,5250900,
2018-11-05,100.16000366210938,100.19999694824219,100.02999877929688,100.02999877929688,82.85282135009766,2446700,
2018-11-06,100.0999984741211,100.0999984741211,99.91000366210938,99.91999816894531,82.7616958618164,2456700,
2018-11-07,100.08999633789062,100.16999816894531,99.91000366210938,99.91999816894531,82.7616958618164,3297600,
2018-11-08,100.0,100.0199966430664,99.75,99.77999877929688,82.645751953125,2188900,
2018-11-09,99.93000030517578,100.22000122070312,99.91999816894531,100.16999816894531,82.96875,2772700,
2018-11-12,100.37999725341797,100.51000213623047,100.33000183105469,100.47000122070312,83.21723175048828,3704900,
2018-11-13,100.41999816894531,100.58000183105469,100.3499984741211,100.55000305175781,83.28351593017578,3265000,
2018-11-14,100.43000030517578,100.95999908447266,100.38999938964844,100.76000213623047,83.45744323730469,4626400,
2018-11-15,101.01000213623047,101.05999755859375,100.70999908447266,100.83000183105469,83.51543426513672,2621300,
2018-11-16,101.05999755859375,101.18000030517578,100.9800033569336,101.13999938964844,83.77217102050781,7226700,
2018-11-19,101.05999755859375,101.31999969482422,101.05999755859375,101.29000091552734,83.89642333984375,3447800,
2018-11-20,101.31999969482422,101.41999816894531,101.2300033569336,101.2699966430664,83.87985229492188,3658600,
2018-11-21,101.18000030517578,101.25,101.06999969482422,101.25,83.86331939697266,1897000,
2018-11-23,101.45999908447266,101.47000122070312,101.30999755859375,101.30999755859375,83.91300964355469,531200,
2018-11-26,101.19000244140625,101.2300033569336,101.12999725341797,101.2300033569336,83.84679412841797,2345600,
2018-11-27,101.19999694824219,101.4000015258789,101.19000244140625,101.33000183105469,83.92961120605469,2334400,
2018-11-28,101.25,101.45999908447266,101.16999816894531,101.31999969482422,83.92124938964844,3582500,
2018-11-29,101.58999633789062,101.7300033569336,101.45999908447266,101.58000183105469,84.13664245605469,4313000,
2018-11-30,101.7300033569336,101.81999969482422,101.66000366210938,101.77999877929688,84.30229187011719,3069700,
2018-12-03,101.44000244140625,101.79000091552734,101.41000366210938,101.79000091552734,84.48656463623047,6008500,"{""dividend_amount"": 0.212}"
2018-12-04,101.97000122070312,102.45999908447266,101.94000244140625,102.26000213623047,84.87669372558594,7748800,
2018-12-06,102.6500015258789,102.97000122070312,102.5,102.5199966430664,85.09245300292969,9429900,
2018-12-07,102.48999786376953,102.86000061035156,102.36000061035156,102.81999969482422,85.34146881103516,7319100,
2018-12-10,102.83999633789062,103.04000091552734,102.70999908447266,102.87999725341797,85.39128112792969,9045700,
2018-12-11,102.63999938964844,102.8499984741211,102.5,102.62000274658203,85.1754379272461,5290100,
2018-12-12,102.44999694824219,102.5,102.30999755859375,102.33999633789062,84.94305419921875,3727200,
2018-12-13,102.45999908447266,102.5,102.33999633789062,102.4000015258789,84.99288940429688,4116000,
2018-12-14,102.56999969482422,102.72000122070312,102.5199966430664,102.55999755859375,85.1256332397461,3530000,
2018-12-17,102.66000366210938,102.93000030517578,102.6500015258789,102.86000061035156,85.37467956542969,7627000,
2018-12-18,102.75,102.94999694824219,102.68000030517578,102.9000015258789,85.58507537841797,4461400,"{""dividend_amount"": 0.213}"
2018-12-19,103.01000213623047,103.4800033569336,102.77999877929688,103.26000213623047,85.8844985961914,7710900,
2018-12-20,103.44999694824219,103.47000122070312,103.08999633789062,103.12999725341797,85.77641296386719,9245200,
2018-12-21,103.19999694824219,103.2300033569336,103.05999755859375,103.22000122070312,85.8512191772461,4918800,
2018-12-24,103.37999725341797,103.48999786376953,103.26000213623047,103.4800033569336,86.06749725341797,6373000,
2018-12-26,103.47000122070312,103.62000274658203,102.94999694824219,102.98999786376953,85.65997314453125,5477700,
2018-12-27,103.43000030517578,103.62999725341797,103.2300033569336,103.25,85.8761978149414,4602100,
2018-12-28,103.41999816894531,103.81999969482422,103.38999938964844,103.80999755859375,86.34199523925781,4543100,
2018-12-31,103.69000244140625,104.66000366210938,103.62999725341797,104.19999694824219,86.66635131835938,7227500,
