timestamp,open,high,low,close,adjusted_close,volume,corporate_action
2005-08-05,123.44999694824219,123.9800033569336,122.66999816894531,122.87999725341797,83.5771484375,53595500,
2005-08-08,123.1500015258789,123.41000366210938,122.37999725341797,122.6500015258789,83.42070007324219,47616000,
2005-08-09,123.05999755859375,123.58999633789062,122.87000274658203,123.38999938964844,83.92403411865234,47170000,
2005-08-10,123.81999969482422,124.5,122.81999969482422,123.33000183105469,83.88322448730469,72863700,
2005-08-11,123.2699966430664,124.02999877929688,123.01000213623047,123.81999969482422,84.21646881103516,58570200,
2005-08-12,123.56999969482422,123.69000244140625,122.75,123.05999755859375,83.69956970214844,54776900,
2005-08-15,123.22000122070312,123.87000274658203,122.83000183105469,123.81999969482422,84.21646881103516,36208500,
2005-08-16,123.44000244140625,123.5199966430664,122.08999633789062,122.20999908447266,83.1214370727539,71942100,
2005-08-17,122.19000244140625,122.87000274658203,122.02999877929688,122.19999694824219,83.11466217041016,62275100,
2005-08-18,122.05000305175781,122.55999755859375,121.83999633789062,122.19000244140625,83.10784149169922,53388600,
2005-08-19,122.62999725341797,122.81999969482422,122.19999694824219,122.47000122070312,83.29828643798828,39842100,
2005-08-22,122.58000183105469,123.2300033569336,121.87999725341797,122.47000122070312,83.29828643798828,69912000,
2005-08-23,122.5,122.61000061035156,121.1500015258789,122.23999786376953,83.14183807373047,55168600,
2005-08-24,121.94000244140625,122.7300033569336,121.08999633789062,121.1500015258789,82.4004898071289,79104600,
2005-08-25,121.3499984741211,121.66999816894531,121.20999908447266,121.58999633789062,82.69976043701172,35631100,
2005-08-26,121.4800033569336,121.48999786376953,120.68000030517578,120.76000213623047,82.13523864746094,61956800,
2005-08-29,120.41000366210938,121.77999877929688,120.37999725341797,121.69000244140625,82.76776123046875,56179200,
2005-08-30,121.25,121.30000305175781,120.38999938964844,121.05000305175781,82.33248901367188,74160200,
2005-08-31,121.19000244140625,122.66000366210938,120.73999786376953,122.58000183105469,83.37309265136719,102945200,
2005-09-01,122.5199966430664,123.1500015258789,121.13999938964844,122.48999786376953,83.3118667602539,74578700,
2005-09-02,122.8499984741211,122.87999725341797,122.04000091552734,122.2699966430664,83.16227722167969,47653400,
2005-09-06,122.66000366210938,123.80000305175781,122.6500015258789,123.69999694824219,84.13485717773438,57251300,
2005-09-07,123.62999725341797,124.12999725341797,123.45999908447266,123.91000366210938,84.27770233154297,41749700,
2005-09-08,123.66000366210938,124.0,123.30999755859375,123.5,83.99886322021484,39068700,
2005-09-09,123.83000183105469,124.73999786376953,123.80000305175781,124.5999984741211,84.74697875976562,43093900,
2005-09-12,124.44999694824219,124.66999816894531,124.2699966430664,124.3499984741211,84.57695770263672,33017600,
2005-09-13,124.12999725341797,124.41999816894531,123.5199966430664,123.66000366210938,84.10765838623047,58427500,
2005-09-14,123.73999786376953,123.91999816894531,123.0199966430664,123.20999908447266,83.8016128540039,57694600,
2005-09-15,123.58999633789062,123.6500015258789,122.9000015258789,123.1500015258789,83.76078033447266,73156900,
2005-09-16,123.30000305175781,123.73999786376953,122.87000274658203,123.5,84.35639953613281,75424100,"{""dividend_amount"": 0.522}"
2005-09-19,123.47000122070312,123.55000305175781,122.63999938964844,123.08999633789062,84.07633972167969,53355300,
2005-09-20,123.19999694824219,123.61000061035156,121.87000274658203,122.05000305175781,83.36597442626953,84480300,
2005-09-21,121.79000091552734,121.87000274658203,120.77999877929688,120.91000366210938,82.58731842041016,94469100,
2005-09-22,120.94999694824219,121.66000366210938,120.44000244140625,121.33999633789062,82.88102722167969,84597200,
2005-09-23,121.23999786376953,121.88999938964844,120.9000015258789,121.44000244140625,82.9493179321289,59368100,
2005-09-26,122.0199966430664,122.23999786376953,121.08000183105469,121.58000183105469,83.04495239257812,70415400,
2005-09-27,121.5199966430664,121.98999786376953,121.0199966430664,121.55000305175781,83.02447509765625,66150800,
2005-09-28,121.93000030517578,122.12000274658203,121.19999694824219,121.66999816894531,83.10641479492188,58620500,
2005-09-29,121.55000305175781,122.86000061035156,121.08000183105469,122.66000366210938,83.78265380859375,66607700,
2005-09-30,122.62000274658203,123.04000091552734,121.73999786376953,123.04000091552734,84.04222106933594,47824200,
2005-10-03,122.95999908447266,123.33999633789062,122.44999694824219,122.5999984741211,83.74166107177734,50994800,
2005-10-04,122.79000091552734,123.02999877929688,121.16000366210938,121.22000122070312,82.7990493774414,60776300,
2005-10-05,121.25,121.30999755859375,119.56999969482422,119.62999725341797,81.71302032470703,106052100,
2005-10-06,119.77999877929688,120.26000213623047,118.16999816894531,119.19999694824219,81.4192886352539,140941800,
2005-10-07,119.69999694824219,120.05000305175781,119.12999725341797,119.61000061035156,81.69935607910156,75661400,
2005-10-10,119.68000030517578,119.70999908447266,118.30000305175781,118.5999984741211,81.00945281982422,52677000,
2005-10-11,118.98999786376953,119.38999938964844,118.31999969482422,118.43000030517578,80.8933334350586,75629800,
2005-10-12,118.38999938964844,119.12999725341797,117.41000366210938,117.5,80.25811767578125,100510400,
2005-10-13,117.45999908447266,118.08000183105469,116.87999725341797,117.43000030517578,80.21031951904297,99052900,
2005-10-14,118.12000274658203,118.80999755859375,117.55999755859375,118.66999816894531,81.0572738647461,88651000,
2005-10-17,118.80000305175781,119.2699966430664,118.44999694824219,119.11000061035156,81.35781860351562,68109300,
2005-10-18,118.94000244140625,118.95999908447266,117.80000305175781,117.81999969482422,80.4766616821289,74996900,
2005-10-19,117.5,119.80000305175781,117.12000274658203,119.77999877929688,81.81548309326172,116563800,
2005-10-20,119.48999786376953,119.80999755859375,117.30000305175781,117.66999816894531,80.37422180175781,131966700,
2005-10-21,118.29000091552734,118.77999877929688,117.51000213623047,118.12999725341797,80.68843078613281,96579500,
2005-10-24,118.44000244140625,120.08999633789062,118.41000366210938,119.95999908447266,81.93839263916016,71308400,
2005-10-25,119.72000122070312,120.23999786376953,118.94000244140625,119.72000122070312,81.77449798583984,76594500,
2005-10-26,119.51000213623047,120.54000091552734,119.19000244140625,119.37000274658203,81.53541564941406,80855800,
2005-10-27,119.19999694824219,119.37000274658203,117.93000030517578,118.0999984741211,80.66793823242188,66623100,
2005-10-28,118.43000030517578,119.94999694824219,118.0999984741211,119.80000305175781,81.82913208007812,72322000,
2005-10-31,120.29000091552734,121.30000305175781,120.12999725341797,120.12999725341797,82.05452728271484,77698900,
2005-11-01,120.58000183105469,120.9000015258789,120.22000122070312,120.48999786376953,82.30042266845703,66365100,
2005-11-02,120.16999816894531,121.75,120.12999725341797,121.75,83.16107177734375,74012300,
2005-11-03,122.1500015258789,122.66000366210938,121.75,122.2699966430664,83.51625061035156,84897600,
2005-11-04,122.4000015258789,122.45999908447266,121.55000305175781,122.11000061035156,83.40696716308594,59156000,
2005-11-07,122.37000274658203,122.62000274658203,121.8499984741211,122.2300033569336,83.4889144897461,46765400,
2005-11-08,121.93000030517578,122.41999816894531,121.79000091552734,122.2300033569336,83.4889144897461,42152800,
2005-11-09,122.08000183105469,122.94999694824219,121.86000061035156,122.38999938964844,83.59820556640625,57666800,
2005-11-10,122.33999633789062,123.5199966430664,121.75,123.33999633789062,84.24710845947266,79048100,
2005-11-11,123.3499984741211,123.83999633789062,122.43000030517578,123.76000213623047,84.53399658203125,34867000,
2005-11-14,123.79000091552734,124.0199966430664,123.37999725341797,123.69000244140625,84.48617553710938,45092200,
2005-11-15,123.55000305175781,124.08999633789062,122.86000061035156,123.23999786376953,84.17881774902344,69592500,
2005-11-16,123.37000274658203,123.55000305175781,122.9800033569336,123.48999786376953,84.34957122802734,51133000,
2005-11-17,123.68000030517578,124.6500015258789,123.13999938964844,124.63999938964844,85.13512420654297,55717500,
2005-11-18,125.05999755859375,125.27999877929688,124.33000183105469,125.12999725341797,85.46976470947266,72437200,
2005-11-21,125.1500015258789,125.91000366210938,124.9800033569336,125.76000213623047,85.90010070800781,50021200,
2005-11-22,125.55999755859375,126.5199966430664,125.41999816894531,126.30000305175781,86.26896667480469,66438800,
2005-11-23,126.25,127.41000366210938,126.20999908447266,127.02999877929688,86.7675552368164,50854700,
2005-11-25,126.9800033569336,127.22000122070312,126.80999755859375,127.12999725341797,86.83585357666016,15270000,
2005-11-28,127.25,127.2699966430664,126.04000091552734,126.2300033569336,86.22111511230469,54498500,
2005-11-29,126.6500015258789,126.9800033569336,126.08999633789062,126.08999633789062,86.12550354003906,51738900,
2005-11-30,126.16000366210938,126.5199966430664,125.29000091552734,125.41000366210938,85.66104125976562,56007200,
2005-12-01,126.0199966430664,127.02999877929688,125.9800033569336,126.69000244140625,86.53532409667969,65468200,
2005-12-02,126.7699966430664,127.08000183105469,126.5,126.8499984741211,86.64463806152344,46699400,
2005-12-05,126.69999694824219,126.7300033569336,126.18000030517578,126.58000183105469,86.4601821899414,59273400,
2005-12-06,127.05000305175781,127.73999786376953,126.62999725341797,126.81999969482422,86.6241226196289,57935200,
2005-12-07,126.7699966430664,126.87000274658203,125.68000030517578,126.08000183105469,86.1186752319336,66816500,
2005-12-08,126.22000122070312,126.81999969482422,125.4800033569336,126.0,86.06404113769531,62608600,
2005-12-09,126.16000366210938,126.77999877929688,125.81999969482422,126.33000183105469,86.28944396972656,50744500,
2005-12-12,126.70999908447266,126.86000061035156,125.95999908447266,126.44999694824219,86.37140655517578,48389900,
2005-12-13,126.41999816894531,127.69999694824219,126.29000091552734,127.30999755859375,86.95881652832031,88630900,
2005-12-14,127.19000244140625,128.08999633789062,127.13999938964844,127.80999755859375,87.30036926269531,64375000,
2005-12-15,127.83999633789062,128.0,127.18000030517578,127.44000244140625,87.04762268066406,55900300,
2005-12-16,127.27999877929688,127.36000061035156,126.36000061035156,126.36000061035156,86.76747131347656,46238300,"{""dividend_amount"": 0.672}"
2005-12-19,126.7300033569336,126.87000274658203,125.69000244140625,125.70999908447266,86.32115173339844,48733000,
2005-12-20,125.86000061035156,126.58999633789062,125.4800033569336,125.83000183105469,86.40351104736328,46603200,
2005-12-21,126.22000122070312,126.76000213623047,125.80000305175781,126.02999877929688,86.5408706665039,51806900,
2005-12-22,126.30999755859375,126.69000244140625,126.08000183105469,126.69000244140625,86.9940414428711,32247900,
2005-12-23,126.77999877929688,126.86000061035156,126.41999816894531,126.76000213623047,87.0421371459961,27977300,
2005-12-27,126.95999908447266,127.05000305175781,125.37999725341797,125.47000122070312,86.15631866455078,44499500,
2005-12-28,125.73999786376953,125.98999786376953,125.5,125.75,86.34860229492188,30764300,
2005-12-29,125.72000122070312,125.95999908447266,125.05999755859375,125.19000244140625,85.96401977539062,32788900,
2005-12-30,124.80000305175781,125.05999755859375,124.36000061035156,124.51000213623047,85.49711608886719,44645600,
2006-01-03,125.19000244140625,127.0,124.38999938964844,126.69999694824219,87.00090789794922,73256700,
2006-01-04,126.86000061035156,127.48999786376953,126.69999694824219,127.30000305175781,87.41291809082031,51899600,
2006-01-05,127.1500015258789,127.58999633789062,126.87999725341797,127.37999725341797,87.46784973144531,47307500,
2006-01-06,128.02000427246094,128.5800018310547,127.36000061035156,128.44000244140625,88.19572448730469,62885900,
2006-01-09,128.4199981689453,129.05999755859375,128.3800048828125,128.77000427246094,88.4223403930664,43527400,
2006-01-10,128.38999938964844,128.97999572753906,128.25999450683594,128.89999389648438,88.51160430908203,44960800,
2006-01-11,129.02000427246094,129.44000244140625,128.72999572753906,129.30999755859375,88.79310607910156,49598900,
2006-01-12,129.0800018310547,129.27999877929688,128.44000244140625,128.8000030517578,88.44290924072266,40509200,
2006-01-13,128.57000732421875,128.89999389648438,128.1999969482422,128.67999267578125,88.36052703857422,44856700,
2006-01-17,128.1999969482422,128.4199981689453,127.80999755859375,128.3300018310547,88.12020111083984,52066600,
2006-01-18,127.58000183105469,128.89999389648438,127.16000366210938,127.81999969482422,87.77000427246094,75067600,
2006-01-19,128.1300048828125,128.77000427246094,127.80999755859375,128.30999755859375,88.10646057128906,81530400,
2006-01-20,128.27999877929688,128.30999755859375,125.97000122070312,125.97000122070312,86.49964141845703,114957800,
2006-01-23,126.20999908447266,126.81999969482422,126.12999725341797,126.41999816894531,86.80863952636719,67017400,
2006-01-24,126.62999725341797,127.1500015258789,126.41999816894531,126.55000305175781,86.89794921875,53008800,
2006-01-25,127.04000091552734,127.18000030517578,125.83999633789062,126.66000366210938,86.97345733642578,87747700,
2006-01-26,127.25,127.66999816894531,126.76000213623047,127.36000061035156,87.4541244506836,71294000,
2006-01-27,127.66000366210938,128.66000366210938,127.44999694824219,128.5399932861328,88.26439666748047,65771200,
2006-01-30,128.44000244140625,128.80999755859375,128.35000610351562,128.44000244140625,88.19572448730469,33709600,
2006-01-31,128.32000732421875,128.5399932861328,127.48999786376953,127.5,87.55027770996094,72937000,
2006-02-01,127.81999969482422,128.42999267578125,127.72000122070312,128.38999938964844,88.16139221191406,63561000,
2006-02-02,128.10000610351562,128.13999938964844,126.80000305175781,126.9000015258789,87.13822937011719,83626900,
2006-02-03,126.58000183105469,128.38999938964844,126.13999938964844,126.2699966430664,86.70567321777344,86040400,
2006-02-06,126.44000244140625,126.80000305175781,126.16999816894531,126.5999984741211,86.93225860595703,45511900,
2006-02-07,126.37999725341797,126.66000366210938,125.4000015258789,125.4800033569336,86.16321563720703,71208100,
2006-02-08,125.8499984741211,128.10000610351562,125.5999984741211,126.62000274658203,86.94598388671875,59422200,
2006-02-09,126.91999816894531,127.5999984741211,126.37000274658203,126.41000366210938,86.80175018310547,62023300,
2006-02-10,126.43000030517578,127.12999725341797,125.44999694824219,126.63999938964844,86.95973205566406,64508700,
2006-02-13,126.5999984741211,126.79000091552734,125.94999694824219,126.41000366210938,86.80175018310547,52308700,
2006-02-14,126.45999908447266,128.02999877929688,126.20999908447266,127.75,87.72193145751953,90964400,
2006-02-15,127.68000030517578,128.32000732421875,127.23999786376953,128.1999969482422,88.03095245361328,85471300,
2006-02-16,128.33999633789062,129.2100067138672,128.17999267578125,129.16000366210938,88.69010925292969,61017900,
2006-02-17,129.0500030517578,129.16000366210938,128.5800018310547,128.80999755859375,88.44977569580078,40342600,
2006-02-21,129.11000061035156,129.39999389648438,128.2899932861328,128.49000549316406,88.23007202148438,46456300,
2006-02-22,128.77000427246094,129.64999389648438,128.64999389648438,129.27000427246094,88.76566314697266,42326700,
2006-02-23,129.27000427246094,129.63999938964844,128.27999877929688,129.0800018310547,88.63520050048828,43423200,
2006-02-24,129.11000061035156,129.47999572753906,128.75999450683594,129.41000366210938,88.86177825927734,36777400,
2006-02-27,129.39999389648438,130.0399932861328,129.27999877929688,129.4600067138672,88.89610290527344,35858600,
2006-02-28,129.1999969482422,129.91000366210938,128.1300048828125,128.22999572753906,88.05150604248047,74394800,
2006-03-01,128.60000610351562,129.49000549316406,128.5,129.3699951171875,88.83435821533203,48641600,
2006-03-02,128.89999389648438,129.4199981689453,128.61000061035156,129.36000061035156,88.82743072509766,60642300,
2006-03-03,128.6699981689453,130.07000732421875,128.64999389648438,128.75999450683594,88.41545104980469,73402500,
2006-03-06,129.13999938964844,129.17999267578125,127.8499984741211,128.1699981689453,88.01029205322266,57478400,
2006-03-07,127.86000061035156,128.05999755859375,127.4000015258789,127.97000122070312,87.87299346923828,61780800,
2006-03-08,127.69999694824219,128.44000244140625,127.18000030517578,128.24000549316406,88.05841827392578,66692400,
2006-03-09,128.27999877929688,128.67999267578125,127.37999725341797,127.37999725341797,87.46784973144531,56313600,
2006-03-10,127.70999908447266,128.83999633789062,127.44000244140625,128.58999633789062,88.29873657226562,60490800,
2006-03-13,128.83999633789062,129.16000366210938,128.52999877929688,128.8300018310547,88.4635238647461,45479100,
2006-03-14,128.7100067138672,130.22999572753906,128.61000061035156,130.17999267578125,89.39054870605469,69877300,
2006-03-15,130.14999389648438,130.86000061035156,129.85000610351562,130.75999450683594,89.7887954711914,53398900,
2006-03-16,131.00999450683594,131.47000122070312,130.83999633789062,131.02999877929688,89.97418975830078,65526400,
2006-03-17,130.67999267578125,130.89999389648438,130.3800048828125,130.6199951171875,90.04936218261719,47286800,"{""dividend_amount"": 0.519}"
2006-03-20,130.63999938964844,130.89999389648438,130.2100067138672,130.41000366210938,89.9045639038086,45538500,
2006-03-21,130.3699951171875,130.99000549316406,129.4499969482422,129.58999633789062,89.3392562866211,87102700,
2006-03-22,129.50999450683594,130.50999450683594,129.4499969482422,130.3800048828125,89.88389587402344,51605700,
2006-03-23,130.25999450683594,130.38999938964844,129.66000366210938,130.11000061035156,89.69771575927734,46704200,
2006-03-24,129.99000549316406,130.57000732421875,129.74000549316406,130.2100067138672,89.76667785644531,43209200,
2006-03-27,130.02999877929688,130.27999877929688,129.74000549316406,130.02000427246094,89.63570404052734,32523000,
2006-03-28,129.92999267578125,130.52999877929688,129.0500030517578,129.22000122070312,89.08419036865234,82079900,
2006-03-29,129.41000366210938,130.5,129.2899932861328,130.02999877929688,89.64258575439453,61505700,
2006-03-30,130.11000061035156,130.97999572753906,129.5500030517578,129.8000030517578,89.4840087890625,70571700,
2006-03-31,130.02000427246094,130.24000549316406,129.3699951171875,129.8300018310547,89.5047378540039,62925600,
2006-04-03,130.07000732421875,130.8699951171875,129.49000549316406,129.72999572753906,89.4357681274414,61624700,
2006-04-04,129.72999572753906,130.72999572753906,129.36000061035156,130.55999755859375,90.00797271728516,54809300,
2006-04-05,130.61000061035156,131.27999877929688,130.3800048828125,131.00999450683594,90.31817626953125,50607200,
2006-04-06,130.85000610351562,131.2100067138672,130.19000244140625,130.8699951171875,90.22168731689453,57906200,
2006-04-07,131.05999755859375,131.39999389648438,129.35000610351562,129.5399932861328,89.3047866821289,80180900,
2006-04-10,129.74000549316406,130.0800018310547,129.25999450683594,129.74000549316406,89.4426498413086,41496500,
2006-04-11,129.85000610351562,130.05999755859375,128.25,128.63999938964844,88.6843032836914,72799400,
2006-04-12,128.77000427246094,129.1300048828125,128.61000061035156,128.8800048828125,88.84976196289062,43033700,
2006-04-13,128.58999633789062,129.25,128.30999755859375,128.7100067138672,88.73261260986328,51051800,
2006-04-17,128.8300018310547,129.30999755859375,128.02000427246094,128.66000366210938,88.69811248779297,64167700,
2006-04-18,128.92999267578125,130.94000244140625,128.92999267578125,130.6999969482422,90.10445404052734,92531800,
2006-04-19,130.75,131.07000732421875,130.24000549316406,130.9499969482422,90.27682495117188,87269000,
2006-04-20,131.0,131.86000061035156,130.60000610351562,131.1300048828125,90.40096282958984,86005500,
2006-04-21,131.69000244140625,131.7899932861328,130.6199951171875,131.14999389648438,90.41474151611328,72342600,
2006-04-24,130.88999938964844,131.07000732421875,130.3800048828125,130.91000366210938,90.24927520751953,52546400,
2006-04-25,131.0399932861328,131.1199951171875,129.9199981689453,130.3699951171875,89.87701416015625,84359800,
2006-04-26,130.5,131.13999938964844,130.3000030517578,130.39999389648438,89.89769744873047,67262400,
2006-04-27,129.89999389648438,131.6300048828125,129.58999633789062,131.02999877929688,90.33197784423828,124478600,
2006-04-28,130.7899932861328,131.75,130.7100067138672,131.47000122070312,90.63532257080078,55854400,
2006-05-01,131.47000122070312,131.8000030517578,130.32000732421875,130.39999389648438,89.89769744873047,64990300,
2006-05-02,131.00999450683594,131.4600067138672,130.74000549316406,131.3800048828125,90.57330322265625,49063500,
2006-05-03,131.14999389648438,131.32000732421875,130.4499969482422,130.88999938964844,90.23546600341797,60821300,
2006-05-04,131.0800018310547,131.6199951171875,130.97000122070312,131.36000061035156,90.55948638916016,42921400,
2006-05-05,132.0500030517578,132.8000030517578,131.85000610351562,132.52000427246094,91.35918426513672,62588200,
2006-05-08,132.50999450683594,132.77000427246094,132.36000061035156,132.36000061035156,91.24891662597656,30016700,
2006-05-09,132.4199981689453,132.77000427246094,132.30999755859375,132.6199951171875,91.42811584472656,29864000,
2006-05-10,132.41000366210938,132.75,131.88999938964844,132.5500030517578,91.37985229492188,64378200,
2006-05-11,132.50999450683594,132.5500030517578,130.52000427246094,130.9499969482422,90.27682495117188,80626900,
2006-05-12,130.36000061035156,130.72000122070312,129.19000244140625,129.24000549316406,89.09797668457031,91726500,
2006-05-15,128.7899932861328,129.74000549316406,128.61000061035156,129.5,89.27720642089844,84029300,
2006-05-16,129.75999450683594,130.0,129.00999450683594,129.30999755859375,89.14623260498047,62137600,
2006-05-17,128.6699981689453,129.10000610351562,126.7699966430664,126.8499984741211,87.45033264160156,144789500,
2006-05-18,127.3499984741211,127.75,126.11000061035156,126.20999908447266,87.00909423828125,87906300,
2006-05-19,126.87000274658203,127.48999786376953,125.80000305175781,127.0999984741211,87.62262725830078,124309400,
2006-05-22,126.27999877929688,127.16999816894531,125.5,126.12999725341797,86.95393371582031,110852800,
2006-05-23,127.18000030517578,127.62999725341797,125.16999816894531,125.16999816894531,86.2921142578125,92006500,
2006-05-24,125.68000030517578,126.88999938964844,124.76000213623047,126.16999816894531,86.98149871826172,168405000,
2006-05-25,126.91999816894531,127.7300033569336,126.43000030517578,127.7300033569336,88.0569839477539,78977900,
2006-05-26,128.00999450683594,128.3800048828125,127.51000213623047,128.3800048828125,88.50508880615234,62989700,
2006-05-30,127.97000122070312,128.0,126.05000305175781,126.0999984741211,86.9332504272461,72419900,
2006-05-31,126.62000274658203,127.51000213623047,126.19999694824219,127.51000213623047,87.90528869628906,86926200,
2006-06-01,127.37999725341797,128.94000244140625,127.2699966430664,128.72999572753906,88.7463607788086,73721700,
2006-06-02,129.25,129.42999267578125,128.32000732421875,129.0,88.9324951171875,91702600,
2006-06-05,128.85000610351562,128.86000061035156,126.7699966430664,127.12000274658203,87.63645935058594,86105100,
2006-06-06,127.20999908447266,127.37999725341797,125.76000213623047,126.80999755859375,87.4227066040039,130498600,
2006-06-07,126.91000366210938,127.6500015258789,125.79000091552734,125.86000061035156,86.76781463623047,108599400,
2006-06-08,125.58000183105469,126.5,123.87000274658203,125.75,86.69195556640625,204957200,
2006-06-09,126.36000061035156,126.95999908447266,125.29000091552734,125.3499984741211,86.41621398925781,94972200,
2006-06-12,125.87999725341797,125.93000030517578,123.81999969482422,123.98999786376953,85.47865295410156,95815900,
2006-06-13,123.73999786376953,124.83999633789062,122.55000305175781,122.55000305175781,84.48589324951172,185688800,
2006-06-14,122.83999633789062,123.62999725341797,122.33999633789062,123.5,85.14079284667969,163566400,
2006-06-15,123.94999694824219,126.36000061035156,123.86000061035156,126.12000274658203,86.94705200195312,134057000,
2006-06-16,125.29000091552734,125.55999755859375,124.45999908447266,124.6500015258789,86.31341552734375,94253500,"{""dividend_amount"": 0.555}"
2006-06-19,125.4000015258789,125.4800033569336,123.55000305175781,123.66999816894531,85.6348648071289,95804400,
2006-06-20,124.01000213623047,124.80999755859375,123.72000122070312,124.08999633789062,85.92566680908203,65494700,
2006-06-21,124.0,125.69999694824219,123.95999908447266,125.01000213623047,86.56275939941406,75008200,
2006-06-22,124.94999694824219,125.05999755859375,124.04000091552734,124.45999908447266,86.18187713623047,74566100,
2006-06-23,124.33000183105469,125.30000305175781,124.02999877929688,124.44000244140625,86.16804504394531,54107000,
2006-06-26,124.54000091552734,125.05999755859375,124.25,124.98999786376953,86.54887390136719,37899600,
2006-06-27,125.01000213623047,125.29000091552734,123.7699966430664,123.91000366210938,85.80101776123047,69780200,
2006-06-28,124.19000244140625,124.7699966430664,123.6500015258789,124.75,86.38270568847656,62368100,
2006-06-29,125.19999694824219,127.3499984741211,125.16999816894531,127.2699966430664,88.127685546875,110634800,
2006-06-30,127.54000091552734,127.66000366210938,126.95999908447266,127.27999877929688,88.13456726074219,54227800,
2006-07-03,127.43000030517578,128.00999450683594,127.30999755859375,127.80000305175781,88.49464416503906,23914000,
2006-07-05,127.29000091552734,127.44999694824219,126.5199966430664,127.06999969482422,87.98917388916016,69653400,
2006-07-06,127.19999694824219,127.8499984741211,127.08000183105469,127.44000244140625,88.24540710449219,50100300,
2006-07-07,127.19000244140625,127.55999755859375,126.29000091552734,126.61000061035156,87.67064666748047,81626500,
2006-07-10,126.94000244140625,127.43000030517578,126.41000366210938,126.8499984741211,87.83684539794922,60964100,
2006-07-11,126.61000061035156,127.41000366210938,125.94000244140625,127.41000366210938,88.22462463378906,73640800,
2006-07-12,127.1500015258789,127.4000015258789,125.72000122070312,126.05000305175781,87.28286743164062,82561300,
2006-07-13,125.44999694824219,125.68000030517578,124.0,124.0,85.86334228515625,102405700,
2006-07-14,124.12999725341797,124.26000213623047,122.83000183105469,123.5199966430664,85.53096008300781,103242500,
2006-07-17,123.5199966430664,124.0999984741211,123.1500015258789,123.33999633789062,85.40632629394531,81159000,
2006-07-18,123.70999908447266,124.05000305175781,122.38999938964844,123.97000122070312,85.84257507324219,122771000,
2006-07-19,124.18000030517578,126.26000213623047,123.72000122070312,125.69000244140625,87.03360748291016,133565300,
2006-07-20,126.12000274658203,126.30000305175781,124.66000366210938,124.83000183105469,86.4380874633789,112259800,
2006-07-21,125.1500015258789,125.19000244140625,123.81999969482422,123.94999694824219,85.82872772216797,101560000,
2006-07-24,124.44000244140625,126.31999969482422,124.44000244140625,126.20999908447266,87.39366149902344,92884000,
2006-07-25,125.9800033569336,127.30000305175781,125.72000122070312,126.66000366210938,87.70525360107422,95480700,
2006-07-26,126.58999633789062,127.44999694824219,126.18000030517578,126.83000183105469,87.82300567626953,84525800,
2006-07-27,127.37999725341797,127.69000244140625,126.19999694824219,126.70999908447266,87.73990631103516,87257100,
2006-07-28,127.04000091552734,128.13999938964844,126.86000061035156,127.9800033569336,88.61929321289062,82137000,
2006-07-31,127.66000366210938,127.95999908447266,127.44999694824219,127.8499984741211,88.52926635742188,49593100,
2006-08-01,127.33999633789062,127.37999725341797,126.5999984741211,127.22000122070312,88.09305572509766,65225600,
2006-08-02,127.58000183105469,128.4600067138672,127.55000305175781,128.0800018310547,88.68854522705078,64770900,
2006-08-03,127.33999633789062,128.5500030517578,127.1500015258789,128.4199981689453,88.92398834228516,63693800,
2006-08-04,129.0800018310547,129.42999267578125,127.4800033569336,128.1999969482422,88.77165985107422,96294200,
2006-08-07,127.9000015258789,128.0800018310547,127.4000015258789,127.9000015258789,88.56388854980469,45377300,
2006-08-08,128.08999633789062,128.4600067138672,126.94999694824219,127.41000366210938,88.22462463378906,90901300,
2006-08-09,128.17999267578125,128.60000610351562,126.61000061035156,126.9800033569336,87.92689514160156,78910600,
2006-08-10,126.58000183105469,127.5,126.27999877929688,127.37000274658203,88.19691467285156,69322300,
2006-08-11,127.16999816894531,127.19999694824219,126.38999938964844,127.01000213623047,87.94763946533203,47482200,
2006-08-14,127.62999725341797,128.16000366210938,126.91999816894531,127.11000061035156,88.01688385009766,57839000,
2006-08-15,128.25,128.8699951171875,127.9000015258789,128.6300048828125,89.06938934326172,68143000,
2006-08-16,129.32000732421875,129.88999938964844,129.0399932861328,129.6999969482422,89.81033325195312,71737600,
2006-08-17,129.5800018310547,130.3699951171875,129.49000549316406,130.02999877929688,90.03881072998047,70992800,
2006-08-18,130.19000244140625,130.69000244140625,129.58999633789062,130.69000244140625,90.49581909179688,58288400,
2006-08-21,130.17999267578125,130.27999877929688,129.8000030517578,130.1300048828125,90.10804748535156,42133600,
2006-08-22,129.99000549316406,130.52000427246094,129.67999267578125,130.1199951171875,90.10118865966797,60839900,
2006-08-23,130.17999267578125,130.44000244140625,129.19000244140625,129.75999450683594,89.85187530517578,66592100,
2006-08-24,129.99000549316406,130.10000610351562,129.39999389648438,129.64999389648438,89.77568817138672,57983000,
2006-08-25,129.63999938964844,130.25,129.5500030517578,129.80999755859375,89.8864974975586,41756000,
2006-08-28,129.64999389648438,130.82000732421875,129.63999938964844,130.42999267578125,90.3157958984375,52681500,
2006-08-29,130.49000549316406,130.8300018310547,129.80999755859375,130.5800018310547,90.41966247558594,61817800,
2006-08-30,130.8699951171875,131.0399932861328,130.5500030517578,130.66000366210938,90.4750747680664,50052200,
2006-08-31,130.85000610351562,130.99000549316406,130.5800018310547,130.63999938964844,90.46118927001953,37510300,
2006-09-01,131.13999938964844,131.5800018310547,130.83999633789062,131.4199981689453,91.00132751464844,48794500,
2006-09-05,131.50999450683594,131.85000610351562,131.1999969482422,131.6699981689453,91.17443084716797,52348300,
2006-09-06,131.11000061035156,131.16000366210938,130.3300018310547,130.50999450683594,90.37120819091797,53795600,
2006-09-07,130.05999755859375,130.57000732421875,129.35000610351562,129.91000366210938,89.9556884765625,86269400,
2006-09-08,130.0800018310547,130.4600067138672,129.8300018310547,130.27999877929688,90.21195220947266,45096300,
2006-09-11,129.86000061035156,130.69000244140625,129.47999572753906,130.41000366210938,90.30194091796875,68496600,
2006-09-12,130.55999755859375,131.83999633789062,130.3699951171875,131.69000244140625,91.18829345703125,69875600,
2006-09-13,131.63999938964844,132.4499969482422,131.52000427246094,132.22000122070312,91.55526733398438,62898400,
2006-09-14,131.9600067138672,132.24000549316406,131.75,132.22999572753906,91.56221008300781,57805400,
2006-09-15,132.30999755859375,132.38999938964844,131.67999267578125,131.9600067138672,91.7771224975586,76703100,"{""dividend_amount"": 0.579}"
2006-09-18,131.7899932861328,132.38999938964844,131.64999389648438,132.13999938964844,91.90226745605469,64154100,
2006-09-19,132.1199951171875,132.1300048828125,131.07000732421875,131.80999755859375,91.67278289794922,92089100,
2006-09-20,132.25,132.77000427246094,132.05999755859375,132.50999450683594,92.15961456298828,75204100,
2006-09-21,132.61000061035156,132.75,131.4199981689453,131.8699951171875,91.71449279785156,88932500,
2006-09-22,131.6699981689453,131.67999267578125,131.0,131.47000122070312,91.4363021850586,65966800,
2006-09-25,131.72999572753906,132.85000610351562,131.0500030517578,132.47999572753906,92.13874053955078,92299100,
2006-09-26,132.5,133.60000610351562,132.39999389648438,133.5800018310547,92.90380096435547,73962700,
2006-09-27,133.49000549316406,133.97000122070312,133.27000427246094,133.74000549316406,93.01504516601562,82432200,
2006-09-28,133.74000549316406,133.99000549316406,133.27999877929688,133.69000244140625,92.98031616210938,58597500,
2006-09-29,133.8000030517578,133.94000244140625,133.47999572753906,133.5800018310547,92.90380096435547,47966600,
2006-10-02,133.5399932861328,133.8300018310547,132.9499969482422,133.0800018310547,92.55604553222656,51687400,
2006-10-03,132.88999938964844,133.8699951171875,132.64999389648438,133.36000061035156,92.75078582763672,73108100,
2006-10-04,133.22999572753906,135.0,133.0800018310547,134.9199981689453,93.83574676513672,80890500,
2006-10-05,134.9199981689453,135.41000366210938,134.75,135.17999267578125,94.0165786743164,60505900,
2006-10-06,134.9499969482422,135.10000610351562,134.39999389648438,135.00999450683594,93.89833068847656,64983600,
2006-10-09,134.85000610351562,135.3000030517578,134.63999938964844,135.08999633789062,93.9539794921875,41176800,
2006-10-10,135.10000610351562,135.4499969482422,134.83999633789062,135.27000427246094,94.0792007446289,56403700,
2006-10-11,134.83999633789062,135.42999267578125,134.3000030517578,135.11000061035156,93.96791076660156,104071800,
2006-10-12,135.4499969482422,136.38999938964844,135.39999389648438,136.27999877929688,94.78160858154297,59158600,
2006-10-13,136.16000366210938,136.7100067138672,136.0399932861328,136.6300048828125,95.02503204345703,53944000,
2006-10-16,136.52000427246094,137.0500030517578,136.4199981689453,136.83999633789062,95.17113494873047,42273000,
2006-10-17,136.47000122070312,136.6999969482422,135.6699981689453,136.41000366210938,94.87201690673828,90500600,
2006-10-18,137.0399932861328,137.3699951171875,136.10000610351562,136.58999633789062,94.99725341796875,86848600,
2006-10-19,136.38999938964844,136.8800048828125,136.22999572753906,136.80999755859375,95.15025329589844,64063200,
2006-10-20,136.83999633789062,136.9499969482422,136.3300018310547,136.83999633789062,95.17113494873047,48094500,
2006-10-23,136.55999755859375,137.8000030517578,136.38999938964844,137.47000122070312,95.60926818847656,66219900,
2006-10-24,137.27999877929688,137.92999267578125,137.22000122070312,137.8800048828125,95.8944320678711,53234900,
2006-10-25,137.74000549316406,138.41000366210938,137.50999450683594,138.35000610351562,96.22130584716797,78105400,
2006-10-26,138.66000366210938,139.0,137.97999572753906,138.77999877929688,96.52035522460938,66843700,
2006-10-27,138.61000061035156,138.75,137.6300048828125,137.91000366210938,95.91529083251953,80238000,
2006-10-30,137.66000366210938,138.1999969482422,137.39999389648438,137.80999755859375,95.84571075439453,49717800,
2006-10-31,138.07000732421875,138.25999450683594,137.25,137.7899932861328,95.8318099975586,71274100,
2006-11-01,138.22000122070312,138.30999755859375,136.72000122070312,136.86000061035156,95.18500518798828,83005600,
2006-11-02,136.50999450683594,137.00999450683594,136.36000061035156,136.77999877929688,95.12935638427734,60693100,
2006-11-03,137.27000427246094,137.38999938964844,135.6199951171875,136.5399932861328,94.96247100830078,71346400,
2006-11-06,136.9600067138672,138.27999877929688,136.9499969482422,138.0800018310547,96.03353118896484,63303300,
2006-11-07,138.1999969482422,138.97999572753906,138.0,138.61000061035156,96.40211486816406,63318900,
2006-11-08,138.0,139.0500030517578,136.86000061035156,138.91000366210938,96.61075592041016,87517800,
2006-11-09,139.00999450683594,139.13999938964844,137.89999389648438,138.17999267578125,96.10307312011719,95916300,
2006-11-10,138.13999938964844,138.33999633789062,137.72000122070312,138.24000549316406,96.14476776123047,48991500,
2006-11-13,138.17999267578125,139.0399932861328,138.07000732421875,138.5800018310547,96.38127136230469,59398200,
2006-11-14,138.97000122070312,139.74000549316406,138.1199951171875,139.6199951171875,97.10460662841797,96704000,
2006-11-15,139.57000732421875,140.4499969482422,139.52999877929688,140.02000427246094,97.38277435302734,76509600,
2006-11-16,140.44000244140625,140.67999267578125,139.49000549316406,140.3800048828125,97.6331558227539,76728800,
2006-11-17,139.92999267578125,140.42999267578125,139.72999572753906,140.4199981689453,97.66098022460938,56353800,
2006-11-20,140.3000030517578,140.74000549316406,139.94000244140625,140.5,97.71662139892578,69174200,
2006-11-21,140.49000549316406,140.6699981689453,140.2899932861328,140.63999938964844,97.81397247314453,51367900,
2006-11-22,140.75,141.16000366210938,140.5,140.9199981689453,98.00873565673828,45505300,
2006-11-24,140.24000549316406,140.83999633789062,140.1999969482422,140.35000610351562,97.61225891113281,30998000,
2006-11-27,140.27999877929688,140.35000610351562,138.3800048828125,138.4199981689453,96.2699966430664,84545100,
2006-11-28,138.24000549316406,139.16000366210938,138.11000061035156,139.02000427246094,96.68729400634766,106652900,
2006-11-29,139.47000122070312,140.52999877929688,139.0800018310547,140.47000122070312,97.69573211669922,90034900,
2006-11-30,140.44000244140625,141.0500030517578,139.75999450683594,140.52999877929688,97.73741912841797,83994300,
2006-12-01,140.52999877929688,140.66000366210938,138.97000122070312,140.22000122070312,97.52188110351562,126080000,
2006-12-04,140.25,141.5500030517578,140.22999572753906,141.2899932861328,98.26605224609375,87813200,
2006-12-05,141.55999755859375,141.9600067138672,141.25999450683594,141.89999389648438,98.69026184082031,73374400,
2006-12-06,141.8699951171875,142.07000732421875,141.5,141.77999877929688,98.60682678222656,53253200,
2006-12-07,142.02999877929688,142.3000030517578,141.11000061035156,141.16000366210938,98.17561340332031,62857400,
2006-12-08,141.1300048828125,141.89999389648438,140.77999877929688,141.4199981689453,98.3564682006836,79625500,
2006-12-11,141.4199981689453,142.08999633789062,141.33999633789062,141.8300018310547,98.64155578613281,39779400,
2006-12-12,141.69000244140625,141.8699951171875,140.88999938964844,141.72000122070312,98.56510925292969,77451600,
2006-12-13,142.22999572753906,142.33999633789062,141.55999755859375,141.8699951171875,98.66942596435547,55520200,
2006-12-14,141.86000061035156,143.24000549316406,141.83999633789062,143.1199951171875,99.53878021240234,64755200,
2006-12-15,142.63999938964844,142.88999938964844,142.24000549316406,142.33999633789062,99.54789733886719,70857400,"{""dividend_amount"": 0.793}"
2006-12-18,142.5399932861328,142.8800048828125,141.75,141.9499969482422,99.27511596679688,48954600,
2006-12-19,141.5500030517578,142.55999755859375,141.19000244140625,142.22000122070312,99.46398162841797,65023600,
2006-12-20,142.27999877929688,142.66000366210938,142.00999450683594,142.13999938964844,99.40800476074219,41469600,
2006-12-21,142.27000427246094,142.42999267578125,141.32000732421875,141.6199951171875,99.04432678222656,48698400,
2006-12-22,141.63999938964844,141.64999389648438,140.6699981689453,140.75,98.4358901977539,62069100,
2006-12-26,140.80999755859375,141.61000061035156,140.77999877929688,141.5800018310547,99.01638793945312,32696900,
2006-12-27,141.8699951171875,142.60000610351562,141.8300018310547,142.50999450683594,99.666748046875,39727100,
2006-12-28,142.41000366210938,142.6999969482422,141.99000549316406,142.2100067138672,99.45699310302734,37288800,
2006-12-29,142.05999755859375,142.5399932861328,141.42999267578125,141.6199951171875,99.04432678222656,45461200,
2007-01-03,142.25,142.86000061035156,140.57000732421875,141.3699951171875,98.86949157714844,94807600,
2007-01-04,141.22999572753906,142.0500030517578,140.61000061035156,141.6699981689453,99.07926177978516,69620600,
2007-01-05,141.3300018310547,141.39999389648438,140.3800048828125,140.5399932861328,98.2890396118164,76645300,
2007-01-08,140.82000732421875,141.41000366210938,140.25,141.19000244140625,98.74362182617188,71655000,
2007-01-09,141.30999755859375,141.60000610351562,140.39999389648438,141.07000732421875,98.65968322753906,75680100,
2007-01-10,140.5800018310547,141.57000732421875,140.3000030517578,141.5399932861328,98.9884033203125,72428000,
2007-01-11,141.5800018310547,142.6199951171875,141.5,142.16000366210938,99.42201232910156,54476800,
2007-01-12,142.14999389648438,143.24000549316406,142.11000061035156,143.24000549316406,100.17733001708984,55370600,
2007-01-16,143.07000732421875,143.44000244140625,142.72999572753906,142.9600067138672,99.98147583007812,44871300,
2007-01-17,142.85000610351562,143.4600067138672,142.72999572753906,143.02000427246094,100.02346801757812,50241400,
2007-01-18,143.1699981689453,143.25999450683594,142.30999755859375,142.5399932861328,99.68775939941406,68177300,
2007-01-19,142.5399932861328,143.10000610351562,142.4600067138672,142.82000732421875,99.88355255126953,56973000,
2007-01-22,143.07000732421875,143.10000610351562,141.92999267578125,142.3800048828125,99.57583618164062,60253600,
2007-01-23,142.25999450683594,143.0800018310547,142.05999755859375,142.8000030517578,99.86955261230469,54064400,
2007-01-24,142.97000122070312,143.97999572753906,142.91000366210938,143.9499969482422,100.6738510131836,55834700,
2007-01-25,143.86000061035156,143.9199981689453,142.00999450683594,142.25999450683594,99.491943359375,73583800,
2007-01-26,142.57000732421875,142.64999389648438,141.5800018310547,142.1300048828125,99.4010009765625,67255600,
2007-01-29,142.19000244140625,142.8000030517578,141.74000549316406,142.0500030517578,99.34503936767578,66114600,
2007-01-30,142.35000610351562,142.86000061035156,142.05999755859375,142.7899932861328,99.86261749267578,70407600,
2007-01-31,142.6300048828125,144.1300048828125,142.39999389648438,143.75,100.53398132324219,91868600,
2007-02-01,144.14999389648438,144.66000366210938,143.91000366210938,144.61000061035156,101.13541412353516,69312400,
2007-02-02,144.72999572753906,144.9499969482422,144.3800048828125,144.80999755859375,101.2752914428711,49607000,
2007-02-05,144.6999969482422,144.94000244140625,144.33999633789062,144.85000610351562,101.30330657958984,45705300,
2007-02-06,144.97000122070312,145.02999877929688,144.3300018310547,144.88999938964844,101.3312759399414,57081300,
2007-02-07,145.1199951171875,145.36000061035156,144.57000732421875,145.2100067138672,101.55508422851562,55669700,
2007-02-08,144.77999877929688,145.1199951171875,144.27000427246094,145.02000427246094,101.42221069335938,70641000,
2007-02-09,145.05999755859375,145.3300018310547,143.38999938964844,143.94000244140625,100.66690063476562,79084400,
2007-02-12,143.94000244140625,144.0399932861328,143.19000244140625,143.4499969482422,100.32416534423828,65657000,
2007-02-13,143.77000427246094,144.89999389648438,143.75999450683594,144.66000366210938,101.17044067382812,64081800,
2007-02-14,144.8000030517578,145.89999389648438,144.77999877929688,145.61000061035156,101.83480072021484,66039400,
2007-02-15,145.6699981689453,145.9499969482422,145.42999267578125,145.8000030517578,101.96768188476562,38715200,
2007-02-16,145.44000244140625,145.75999450683594,145.22999572753906,145.72999572753906,101.91876983642578,39841800,
2007-02-20,145.55999755859375,146.1999969482422,145.0,146.0399932861328,102.1355209350586,56911800,
2007-02-21,145.61000061035156,146.07000732421875,145.35000610351562,145.97999572753906,102.09357452392578,63971600,
2007-02-22,146.0500030517578,146.4199981689453,145.1699981689453,145.8699951171875,102.01669311523438,79067400,
2007-02-23,145.74000549316406,145.7899932861328,145.02999877929688,145.3000030517578,101.61801147460938,71966200,
2007-02-26,145.8300018310547,145.9499969482422,144.75,145.1699981689453,101.52708435058594,69192800,
2007-02-27,143.8800048828125,144.1999969482422,139.0,139.5,97.56171417236328,274466500,
2007-02-28,140.38999938964844,141.97999572753906,139.8000030517578,140.92999267578125,98.561767578125,177536300,
2007-03-01,139.33999633789062,141.25,138.0500030517578,140.50999450683594,98.26806640625,212828600,
2007-03-02,140.0500030517578,140.66000366210938,138.66000366210938,138.6699981689453,96.98120880126953,162574000,
2007-03-05,137.92999267578125,139.5800018310547,137.3300018310547,137.35000610351562,96.05802917480469,143750400,
2007-03-06,138.77999877929688,140.1199951171875,137.72000122070312,139.6999969482422,97.70157623291016,143333300,
2007-03-07,139.58999633789062,140.4600067138672,139.39999389648438,139.55999755859375,97.60363006591797,115144900,
2007-03-08,140.5399932861328,141.16000366210938,140.07000732421875,140.74000549316406,98.42892456054688,117891600,
2007-03-09,141.30999755859375,141.4199981689453,140.0800018310547,140.77999877929688,98.4568862915039,107765100,
2007-03-12,140.4199981689453,141.33999633789062,140.16000366210938,140.99000549316406,98.60374450683594,80366900,
2007-03-13,140.17999267578125,140.77000427246094,138.0399932861328,138.25,96.68746948242188,190605200,
2007-03-14,138.42999267578125,139.36000061035156,136.75,139.27999877929688,97.40782165527344,231853800,
2007-03-15,138.97000122070312,139.99000549316406,138.8000030517578,139.47000122070312,97.54071044921875,132435900,
2007-03-16,139.30999755859375,139.6300048828125,138.1199951171875,138.52999877929688,97.267578125,121531600,"{""dividend_amount"": 0.551}"
2007-03-19,139.25999450683594,140.3300018310547,139.14999389648438,140.1999969482422,98.44013214111328,96161200,
2007-03-20,140.0800018310547,141.0500030517578,139.9600067138672,140.97000122070312,98.98079681396484,82147400,
2007-03-21,141.10000610351562,143.64999389648438,140.82000732421875,143.2899932861328,100.6097412109375,152368700,
2007-03-22,143.47999572753906,143.67999267578125,142.7899932861328,143.17999267578125,100.53252410888672,118942200,
2007-03-23,143.27999877929688,143.80999755859375,143.14999389648438,143.38999938964844,100.68000793457031,74416800,
2007-03-26,143.5,143.64999389648438,142.08999633789062,143.1999969482422,100.54654693603516,113787500,
2007-03-27,143.1199951171875,143.16000366210938,142.38999938964844,142.86000061035156,100.30784606933594,99864600,
2007-03-28,142.13999938964844,142.47000122070312,141.25999450683594,141.82000732421875,99.57760620117188,152907900,
2007-03-29,142.5399932861328,142.61000061035156,141.19000244140625,141.97000122070312,99.68289947509766,139432700,
2007-03-30,142.24000549316406,142.83999633789062,140.55999755859375,142.0,99.70401763916016,128194100,
2007-04-02,142.16000366210938,142.4600067138672,141.47999572753906,142.16000366210938,99.81635284423828,79416400,
2007-04-03,142.97000122070312,143.97999572753906,142.91000366210938,143.69000244140625,100.89061737060547,82417800,
2007-04-04,143.69000244140625,143.9499969482422,143.16000366210938,143.85000610351562,101.0029296875,63995200,
2007-04-05,143.6699981689453,144.44000244140625,143.61000061035156,144.24000549316406,101.27681732177734,46822800,
2007-04-09,144.64999389648438,144.8000030517578,144.14999389648438,144.44000244140625,101.41719055175781,50967400,
2007-04-10,144.3300018310547,144.85000610351562,144.27000427246094,144.61000061035156,101.53655242919922,56620000,
2007-04-11,144.82000732421875,144.86000061035156,143.5399932861328,144.02000427246094,101.12232971191406,106365700,
2007-04-12,143.74000549316406,144.9199981689453,143.33999633789062,144.66000366210938,101.57173156738281,115534400,
2007-04-13,144.89999389648438,145.32000732421875,144.36000061035156,145.32000732421875,102.03507995605469,84287000,
2007-04-16,145.8300018310547,146.86000061035156,145.82000732421875,146.6999969482422,103.00406646728516,83064600,
2007-04-17,146.97000122070312,147.39999389648438,146.64999389648438,147.08999633789062,103.27792358398438,108424100,
2007-04-18,146.60000610351562,147.6999969482422,146.57000732421875,147.27000427246094,103.40428161621094,88345300,
2007-04-19,146.5500030517578,147.39999389648438,146.36000061035156,147.22999572753906,103.37625122070312,102947700,
2007-04-20,148.22000122070312,148.6199951171875,147.0399932861328,148.6199951171875,104.35216522216797,124114100,
2007-04-23,148.3699951171875,148.72999572753906,147.97000122070312,148.05999755859375,103.95899200439453,77270800,
2007-04-24,148.22999572753906,148.39999389648438,147.32000732421875,148.1199951171875,104.00108337402344,114471000,
2007-04-25,148.72999572753906,149.66000366210938,148.02000427246094,149.47999572753906,104.95597839355469,108418800,
2007-04-26,149.49000549316406,149.8000030517578,149.10000610351562,149.64999389648438,105.07539367675781,88741600,
2007-04-27,149.08999633789062,149.74000549316406,148.83999633789062,149.52999877929688,104.9911117553711,108191100,
2007-04-30,149.63999938964844,149.74000549316406,148.2100067138672,148.2899932861328,104.12042999267578,100874100,
2007-05-01,148.4199981689453,149.47000122070312,147.6699981689453,148.6699981689453,104.38727569580078,134342700,
2007-05-02,148.89999389648438,149.9499969482422,148.75,149.5399932861328,104.99810791015625,87129800,
2007-05-03,149.97000122070312,150.39999389648438,149.72999572753906,150.35000610351562,105.56688690185547,86569700,
2007-05-04,150.75,151.1199951171875,150.22000122070312,150.9199981689453,105.96708679199219,96409000,
2007-05-07,150.8800048828125,151.1999969482422,150.80999755859375,150.9499969482422,105.98812866210938,63461400,
2007-05-08,150.5800018310547,150.9199981689453,150.1300048828125,150.75,105.84770202636719,80584000,
2007-05-09,150.63999938964844,152.82000732421875,150.3699951171875,151.16000366210938,106.1355972290039,102070100,
2007-05-10,150.72999572753906,151.02000427246094,149.27000427246094,149.5800018310547,105.02620697021484,153617800,
2007-05-11,149.75,150.92999267578125,149.72000122070312,150.86000061035156,105.92497253417969,113408900,
2007-05-14,150.86000061035156,151.3000030517578,149.7899932861328,150.52999877929688,105.6932601928711,108027500,
2007-05-15,150.6999969482422,151.66000366210938,150.19000244140625,150.57000732421875,105.72138977050781,180673300,
2007-05-16,150.8000030517578,151.6300048828125,150.3800048828125,151.60000610351562,106.44454956054688,114166500,
2007-05-17,151.3800048828125,151.9600067138672,151.11000061035156,151.3000030517578,106.23389434814453,101132800,
2007-05-18,152.00999450683594,152.6199951171875,151.80999755859375,152.6199951171875,107.16073608398438,99182000,
2007-05-21,152.5800018310547,153.22999572753906,152.5,152.5399932861328,107.10453033447266,174664600,
2007-05-22,152.6999969482422,153.16000366210938,152.3800048828125,152.4199981689453,107.02027130126953,82148800,
2007-05-23,152.9499969482422,153.5,152.36000061035156,152.44000244140625,107.03431701660156,133786600,
2007-05-24,152.52999877929688,153.2100067138672,150.74000549316406,151.05999755859375,106.06542205810547,187593000,
2007-05-25,151.5,152.02000427246094,151.17999267578125,151.69000244140625,106.50775909423828,83309200,
2007-05-29,151.94000244140625,152.5,151.4499969482422,152.24000549316406,106.8939437866211,82020000,
2007-05-30,151.4600067138672,153.5399932861328,151.33999633789062,153.47999572753906,107.76460266113281,129013600,
2007-05-31,153.6699981689453,153.88999938964844,153.1199951171875,153.32000732421875,107.6522216796875,114866700,
2007-06-01,153.8800048828125,154.39999389648438,153.50999450683594,154.0800018310547,108.18583679199219,107771700,
2007-06-04,153.5399932861328,154.38999938964844,153.47999572753906,154.10000610351562,108.19989013671875,78008800,
2007-06-05,153.74000549316406,153.89999389648438,152.86000061035156,153.49000549316406,107.7716064453125,126917900,
2007-06-06,152.86000061035156,152.9499969482422,151.75,151.83999633789062,106.6130599975586,164096800,
2007-06-07,151.55999755859375,152.5,149.05999755859375,149.10000610351562,104.6892318725586,232414600,
2007-06-08,149.5800018310547,151.19000244140625,149.08999633789062,151.0399932861328,106.05138397216797,175886000,
2007-06-11,150.92999267578125,151.9499969482422,150.6999969482422,151.3000030517578,106.23389434814453,102015600,
2007-06-12,150.6699981689453,151.5399932861328,149.5500030517578,149.64999389648438,105.07539367675781,233898000,
2007-06-13,150.5,152.07000732421875,149.72000122070312,151.88999938964844,106.64816284179688,193208200,
2007-06-14,152.05999755859375,153.1199951171875,152.02999877929688,152.86000061035156,107.32923126220703,146396500,
2007-06-15,153.13999938964844,153.66000366210938,152.92999267578125,153.07000732421875,107.93990325927734,154030800,"{""dividend_amount"": 0.656}"
2007-06-18,153.3800048828125,153.38999938964844,152.66000366210938,152.88999938964844,107.8129653930664,88537500,
2007-06-19,152.5500030517578,153.3800048828125,152.36000061035156,153.27000427246094,108.08097076416016,110851700,
2007-06-20,153.5800018310547,153.5800018310547,150.9600067138672,151.13999938964844,106.57894134521484,177119700,
2007-06-21,151.0800018310547,152.11000061035156,150.25,151.97999572753906,107.17127990722656,205262000,
2007-06-22,151.52000427246094,151.77000427246094,149.85000610351562,150.5500030517578,106.1628646850586,204964700,
2007-06-25,150.24000549316406,151.25,149.02000427246094,149.8300018310547,105.65518188476562,232014400,
2007-06-26,150.2100067138672,150.4600067138672,148.27999877929688,148.2899932861328,104.5692138671875,198445700,
2007-06-27,148.1300048828125,150.57000732421875,148.05999755859375,150.39999389648438,106.05713653564453,213638000,
2007-06-28,150.3800048828125,151.41000366210938,149.6699981689453,150.3800048828125,106.04302215576172,157705000,
2007-06-29,150.89999389648438,151.64999389648438,149.14999389648438,150.42999267578125,106.07826232910156,199701800,
2007-07-02,150.8699951171875,151.9199981689453,150.77000427246094,151.7899932861328,107.03733825683594,103357000,
2007-07-03,152.17999267578125,152.5,151.99000549316406,152.33999633789062,107.42512512207031,54048400,
2007-07-05,152.39999389648438,152.55999755859375,151.6300048828125,152.17999267578125,107.31233215332031,89279000,
2007-07-06,152.3800048828125,153.1699981689453,151.92999267578125,152.97999572753906,107.87646484375,81109000,
2007-07-09,153.16000366210938,153.36000061035156,152.6199951171875,153.10000610351562,107.9610824584961,72348100,
2007-07-10,152.2899932861328,152.61000061035156,150.77000427246094,150.9199981689453,106.42381286621094,180362600,
2007-07-11,150.75,152.0500030517578,150.52000427246094,151.99000549316406,107.17831420898438,175607600,
2007-07-12,152.3699951171875,154.75,152.33999633789062,154.38999938964844,108.8707275390625,133882500,
2007-07-13,154.57000732421875,155.4600067138672,154.38999938964844,154.85000610351562,109.19514465332031,111794300,
2007-07-16,154.99000549316406,155.52999877929688,154.5800018310547,154.8300018310547,109.18101501464844,98378700,
2007-07-17,154.92999267578125,155.47999572753906,154.67999267578125,154.75,109.12454986572266,126201300,
2007-07-18,154.22999572753906,154.8000030517578,153.3000030517578,154.47000122070312,108.92716217041016,237887400,
2007-07-19,155.1999969482422,155.52999877929688,154.75,155.07000732421875,109.35022735595703,145212700,
2007-07-20,154.88999938964844,154.99000549316406,152.8300018310547,153.5,108.2431411743164,245502500,
2007-07-23,154.17999267578125,154.72000122070312,153.3000030517578,153.97000122070312,108.57456970214844,121183900,
2007-07-24,153.1199951171875,154.27999877929688,150.75999450683594,151.3000030517578,106.6917953491211,256732400,
2007-07-25,152.02000427246094,152.38999938964844,150.25,151.61000061035156,106.91033935546875,265214500,
2007-07-26,150.19000244140625,150.8000030517578,146.38999938964844,148.02000427246094,104.37884521484375,467592500,
2007-07-27,148.2100067138672,148.8699951171875,145.0500030517578,145.11000061035156,102.3267593383789,422987600,
2007-07-30,145.92999267578125,147.80999755859375,145.2899932861328,147.3800048828125,103.9275131225586,283017500,
2007-07-31,148.3300018310547,149.4600067138672,145.0399932861328,145.72000122070312,102.75697326660156,316976700,
2007-08-01,145.17999267578125,147.00999450683594,143.9499969482422,146.42999267578125,103.25760650634766,467670000,
2007-08-02,146.75999450683594,147.75999450683594,145.25999450683594,147.60000610351562,104.08268737792969,294758400,
2007-08-03,147.27999877929688,147.5800018310547,143.1999969482422,143.8000030517578,101.40302276611328,359398200,
2007-08-06,144.2100067138672,146.8300018310547,142.52999877929688,146.2100067138672,103.10248565673828,324980000,
2007-08-07,145.94000244140625,149.0,145.22999572753906,147.77000427246094,104.2025146484375,232568700,
2007-08-08,148.41000366210938,150.58999633789062,147.33999633789062,149.8300018310547,105.65518188476562,274930600,
2007-08-09,147.42999267578125,148.9499969482422,145.2899932861328,145.38999938964844,102.52423858642578,357622100,
2007-08-10,144.38999938964844,146.5,143.1199951171875,144.7100067138672,102.04469299316406,411018400,
2007-08-13,146.5,146.88999938964844,145.02000427246094,145.22999572753906,102.41140747070312,181917200,
2007-08-14,145.6999969482422,146.05999755859375,142.72000122070312,143.00999450683594,100.84590911865234,264134500,
2007-08-15,142.72000122070312,144.4600067138672,140.6199951171875,141.0399932861328,99.45669555664062,323834000,
2007-08-16,139.7899932861328,142.94000244140625,137.0,142.10000610351562,100.2042465209961,546743700,
2007-08-17,145.5,145.80999755859375,141.38999938964844,144.7100067138672,102.04469299316406,388218100,
2007-08-20,145.1699981689453,145.47000122070312,143.2899932861328,144.63999938964844,101.99534606933594,187320400,
2007-08-21,144.60000610351562,145.97000122070312,144.13999938964844,144.92999267578125,102.19987487792969,157066400,
2007-08-22,146.00999450683594,146.8000030517578,145.3300018310547,146.64999389648438,103.41268157958984,173156700,
2007-08-23,147.33999633789062,147.64999389648438,145.61000061035156,146.52000427246094,103.32108306884766,203915300,
2007-08-24,146.47999572753906,148.3300018310547,146.27999877929688,148.3300018310547,104.59745788574219,128901900,
2007-08-27,147.85000610351562,148.3300018310547,146.72999572753906,146.9499969482422,103.62429809570312,113024300,
2007-08-28,146.16000366210938,146.25,143.4600067138672,143.72000122070312,101.34661865234375,219790700,
2007-08-29,144.3699951171875,146.74000549316406,143.9600067138672,146.5399932861328,103.33517456054688,207654200,
2007-08-30,145.4499969482422,147.19000244140625,145.30999755859375,146.14999389648438,103.06012725830078,191817300,
2007-08-31,147.64999389648438,148.5,146.8300018310547,147.58999633789062,104.0755844116211,185477500,
2007-09-04,147.4499969482422,149.97999572753906,147.39999389648438,149.0800018310547,105.12631225585938,120062000,
2007-09-05,148.1999969482422,148.36000061035156,147.0,147.7899932861328,104.21668243408203,166261800,
2007-09-06,147.9499969482422,148.61000061035156,147.1199951171875,148.1300048828125,104.45638275146484,127878400,
2007-09-07,146.47999572753906,146.88999938964844,145.25999450683594,146.07000732421875,103.0037612915039,235447600,
2007-09-10,146.52000427246094,146.72000122070312,144.3300018310547,145.7899932861328,102.8062744140625,192305900,
2007-09-11,146.24000549316406,147.6999969482422,146.1300048828125,147.49000549316406,104.00509643554688,162081900,
2007-09-12,147.2899932861328,148.44000244140625,146.97999572753906,147.8699951171875,104.27304077148438,149554600,
2007-09-13,148.5500030517578,149.4499969482422,148.1999969482422,148.91000366210938,105.00643920898438,154079000,
2007-09-14,147.9600067138672,149.08999633789062,147.74000549316406,148.89999389648438,104.9993896484375,121911000,
2007-09-17,148.30999755859375,148.64999389648438,147.6300048828125,148.10000610351562,104.4352798461914,109870800,
2007-09-18,148.8300018310547,152.5,148.1300048828125,152.4600067138672,107.50978088378906,263759500,
2007-09-19,153.41000366210938,154.38999938964844,152.7100067138672,153.36000061035156,108.1444091796875,193779900,
2007-09-20,153.33999633789062,153.42999267578125,152.11000061035156,152.27999877929688,107.38285064697266,175186800,
2007-09-21,152.7100067138672,153.1199951171875,151.74000549316406,151.97000122070312,107.67264556884766,141457500,"{""dividend_amount"": 0.719}"
2007-09-24,152.4199981689453,152.82000732421875,151.36000061035156,151.69000244140625,107.47423553466797,139450200,
2007-09-25,150.80999755859375,151.66000366210938,150.47000122070312,151.38999938964844,107.26167297363281,142289900,
2007-09-26,152.25,152.77000427246094,151.38999938964844,152.19000244140625,107.8285140991211,135547000,
2007-09-27,152.91000366210938,153.10000610351562,152.19000244140625,153.08999633789062,108.46615600585938,102713300,
2007-09-28,152.85000610351562,153.19000244140625,151.97999572753906,152.5800018310547,108.10486602783203,133372100,
2007-10-01,152.60000610351562,154.75,152.5,154.3000030517578,109.32345581054688,148162300,
2007-10-02,154.61000061035156,154.64999389648438,153.80999755859375,154.08999633789062,109.17469024658203,112978800,
2007-10-03,153.80999755859375,154.41000366210938,153.00999450683594,153.77999877929688,108.95502471923828,119055900,
2007-10-04,154.11000061035156,154.25999450683594,153.58999633789062,154.02000427246094,109.12506103515625,76864400,
2007-10-05,155.02999877929688,156.10000610351562,154.6300048828125,155.85000610351562,110.42168426513672,134579700,
2007-10-08,155.38999938964844,155.49000549316406,154.77000427246094,155.02000427246094,109.83358764648438,71280400,
2007-10-09,155.60000610351562,156.5,155.02999877929688,156.47999572753906,110.86801147460938,94054300,
2007-10-10,156.0399932861328,156.44000244140625,155.41000366210938,156.22000122070312,110.68379211425781,101711100,
2007-10-11,156.92999267578125,157.52000427246094,154.5399932861328,155.47000122070312,110.15242004394531,233529100,
2007-10-12,155.4600067138672,156.35000610351562,155.27000427246094,156.3300018310547,110.7617416381836,124546700,
2007-10-15,156.27000427246094,156.36000061035156,153.94000244140625,155.00999450683594,109.82650756835938,161151900,
2007-10-16,154.41000366210938,154.52000427246094,153.47000122070312,153.77999877929688,108.95502471923828,166525700,
2007-10-17,154.97999572753906,155.08999633789062,152.47000122070312,154.25,109.28804779052734,216687300,
2007-10-18,153.4499969482422,154.19000244140625,153.0800018310547,153.69000244140625,108.89122009277344,148367500,
2007-10-19,153.08999633789062,156.47999572753906,149.66000366210938,149.6699981689453,106.04306030273438,297169900,
2007-10-22,148.86000061035156,150.75999450683594,148.66000366210938,150.5399932861328,106.65946197509766,261989800,
2007-10-23,151.4600067138672,151.9499969482422,150.25,151.75999450683594,107.52386474609375,180085100,
2007-10-24,151.2100067138672,151.74000549316406,148.83999633789062,151.47999572753906,107.32545471191406,326694200,
2007-10-25,151.64999389648438,152.2899932861328,149.8800048828125,151.83999633789062,107.58049011230469,237374500,
2007-10-26,153.05999755859375,153.6199951171875,151.89999389648438,153.6199951171875,108.84162902832031,176484000,
2007-10-29,153.92999267578125,154.44000244140625,153.5500030517578,154.1300048828125,109.20301055908203,106841000,
2007-10-30,153.4499969482422,153.75,152.8699951171875,153.05999755859375,108.44490814208984,132981600,
2007-10-31,153.97999572753906,155.27000427246094,152.83999633789062,154.64999389648438,109.5714340209961,220954400,
2007-11-01,153.2899932861328,153.41000366210938,150.58999633789062,151.02999877929688,107.00662231445312,333040800,
2007-11-02,151.52999877929688,152.0,149.2100067138672,151.1999969482422,107.1270523071289,331228200,
2007-11-05,149.63999938964844,151.16000366210938,148.97000122070312,150.0500030517578,106.3122787475586,226841000,
2007-11-06,150.86000061035156,152.11000061035156,149.89999389648438,152.07000732421875,107.74348449707031,177800500,
2007-11-07,150.44000244140625,151.1300048828125,147.5500030517578,147.91000366210938,104.79605102539062,306639700,
2007-11-08,147.99000549316406,148.39999389648438,145.07000732421875,147.16000366210938,104.26473236083984,374509900,
2007-11-09,145.69000244140625,147.5399932861328,144.88999938964844,145.13999938964844,102.83345031738281,277745100,
2007-11-12,145.2100067138672,146.61000061035156,143.6999969482422,143.6999969482422,101.8132095336914,243087800,
2007-11-13,145.3699951171875,148.30999755859375,145.22000122070312,148.0800018310547,104.91651153564453,191117400,
2007-11-14,149.22000122070312,149.39999389648438,146.77999877929688,147.6699981689453,104.62601470947266,230558800,
2007-11-15,146.57000732421875,147.49000549316406,144.52000427246094,145.5399932861328,103.11690521240234,263111100,
2007-11-16,146.30999755859375,146.47000122070312,144.57000732421875,145.7899932861328,103.29398345947266,308770600,
2007-11-19,145.27999877929688,145.36000061035156,143.19000244140625,143.75999450683594,101.85574340820312,267746000,
2007-11-20,144.02000427246094,145.52999877929688,142.11000061035156,144.63999938964844,102.47921752929688,414767500,
2007-11-21,143.0800018310547,143.91000366210938,141.6699981689453,141.67999267578125,100.38200378417969,259012400,
2007-11-23,143.07000732421875,144.33999633789062,142.6999969482422,144.1300048828125,102.11788940429688,77688400,
2007-11-26,144.42999267578125,144.8800048828125,140.66000366210938,140.9499969482422,99.86479949951172,214232000,
2007-11-27,141.74000549316406,143.22999572753906,140.9499969482422,142.57000732421875,101.01260375976562,293897900,
2007-11-28,144.19000244140625,147.47000122070312,144.13999938964844,147.1300048828125,104.24340057373047,258596900,
2007-11-29,146.6199951171875,147.72000122070312,146.10000610351562,147.17999267578125,104.27886962890625,199409900,
2007-11-30,149.0399932861328,149.8699951171875,147.3300018310547,148.66000366210938,105.32746124267578,222908000,
2007-12-03,148.19000244140625,148.4499969482422,147.2899932861328,147.67999267578125,104.63311004638672,146430400,
2007-12-04,146.66000366210938,147.5399932861328,146.30999755859375,146.36000061035156,103.6978988647461,136533900,
2007-12-05,147.92999267578125,149.1999969482422,147.8300018310547,148.80999755859375,105.4337387084961,171130000,
2007-12-06,148.6300048828125,151.2100067138672,148.57000732421875,150.94000244140625,106.94284057617188,154457400,
2007-12-07,151.4199981689453,151.5,150.5500030517578,150.91000366210938,106.92156982421875,148980100,
2007-12-10,151.27999877929688,152.25,150.86000061035156,152.0800018310547,107.75057220458984,123914300,
2007-12-11,152.13999938964844,152.88999938964844,147.8300018310547,147.91000366210938,104.79605102539062,250346400,
2007-12-12,151.05999755859375,151.77000427246094,147.1999969482422,149.3699951171875,105.83047485351562,322435600,
2007-12-13,148.32000732421875,149.38999938964844,147.3000030517578,149.05999755859375,105.61087036132812,237551300,
2007-12-14,147.92999267578125,149.10000610351562,147.10000610351562,147.1699981689453,104.27176666259766,159152900,
2007-12-17,146.61000061035156,146.8699951171875,144.86000061035156,145.07000732421875,102.78388977050781,177269400,
2007-12-18,146.10000610351562,146.47999572753906,143.9600067138672,145.8800048828125,103.3577651977539,245569300,
2007-12-19,145.94000244140625,146.88999938964844,144.94000244140625,145.8800048828125,103.3577651977539,198917200,
2007-12-20,146.83999633789062,146.86000061035156,145.17999267578125,146.8000030517578,104.0096435546875,214813800,
2007-12-21,147.3699951171875,148.4199981689453,147.08999633789062,148.1300048828125,105.50896453857422,146084400,"{""dividend_amount"": 0.775}"
2007-12-24,148.82000732421875,149.47999572753906,148.47999572753906,149.22999572753906,106.29247283935547,45601400,
2007-12-26,148.64999389648438,149.67999267578125,148.5,149.5500030517578,106.52039337158203,67093100,
2007-12-27,149.02000427246094,149.02999877929688,147.32000732421875,147.6699981689453,105.18128204345703,122981700,
2007-12-28,148.5399932861328,148.61000061035156,146.89999389648438,147.3000030517578,104.91775512695312,116398100,
2007-12-31,147.10000610351562,147.61000061035156,146.05999755859375,146.2100067138672,104.14141845703125,108126800,
2008-01-02,146.52999877929688,146.99000549316406,143.8800048828125,144.92999267578125,103.22966766357422,204935600,
2008-01-03,144.91000366210938,145.49000549316406,144.07000732421875,144.86000061035156,103.1798095703125,125133300,
2008-01-04,143.33999633789062,143.44000244140625,140.91000366210938,141.30999755859375,100.65123748779297,232330900,
2008-01-07,141.80999755859375,142.22999572753906,140.10000610351562,141.19000244140625,100.5657730102539,234991000,
2008-01-08,142.0800018310547,142.89999389648438,138.44000244140625,138.91000366210938,98.9417953491211,326365700,
2008-01-09,139.08999633789062,140.7899932861328,137.6999969482422,140.3699951171875,99.98168182373047,301824900,
2008-01-10,139.67999267578125,142.8000030517578,139.3699951171875,141.2899932861328,100.63697814941406,335701200,
2008-01-11,140.77999877929688,141.89999389648438,139.0,140.14999389648438,99.82501220703125,267076600,
2008-01-14,141.16000366210938,141.86000061035156,140.39999389648438,141.27999877929688,100.62986755371094,170365500,
2008-01-15,139.7899932861328,141.49000549316406,137.89999389648438,138.1699981689453,98.41471862792969,239940100,
2008-01-16,137.36000061035156,139.1199951171875,136.27999877929688,136.97999572753906,97.56706237792969,378802600,
2008-01-17,137.80999755859375,137.8800048828125,132.92999267578125,133.42999267578125,95.03856658935547,397892600,
2008-01-18,134.74000549316406,135.02000427246094,131.10000610351562,132.05999755859375,94.0627212524414,348561500,
2008-01-22,127.20999908447266,132.42999267578125,126.0,130.72000122070312,93.1082534790039,435923700,
2008-01-23,127.08999633789062,134.19000244140625,126.83999633789062,133.86000061035156,95.3448257446289,511913000,
2008-01-24,134.47999572753906,135.4600067138672,133.30999755859375,134.99000549316406,96.1496810913086,259949300,
2008-01-25,136.50999450683594,136.75999450683594,132.60000610351562,133.0399932861328,94.76072692871094,269603900,
2008-01-28,133.25999450683594,135.52000427246094,132.05999755859375,135.24000549316406,96.3277587890625,217934600,
2008-01-29,136.10000610351562,136.4499969482422,134.8800048828125,135.91000366210938,96.80499267578125,168968300,
2008-01-30,135.5800018310547,138.5399932861328,134.60000610351562,134.91000366210938,96.09268188476562,334939200,
2008-01-31,133.39999389648438,138.5399932861328,133.1999969482422,137.3699951171875,97.84485626220703,343680800,
2008-02-01,137.94000244140625,139.61000061035156,137.52000427246094,139.5800018310547,99.41902160644531,206843600,
2008-02-04,139.2100067138672,139.3000030517578,137.63999938964844,137.82000732421875,98.16545104980469,124694300,
2008-02-05,135.94000244140625,136.25,133.6699981689453,134.1300048828125,95.5370864868164,286882500,
2008-02-06,134.5800018310547,135.25,132.41000366210938,133.0500030517578,94.76786041259766,250792900,
2008-02-07,131.8000030517578,134.7899932861328,131.72999572753906,133.92999267578125,95.39468383789062,297368100,
2008-02-08,133.08999633789062,134.22000122070312,132.10000610351562,133.07000732421875,94.78213500976562,221643500,
2008-02-11,133.10000610351562,134.22999572753906,132.0399932861328,133.75,95.26644897460938,188576300,
2008-02-12,134.91000366210938,136.30999755859375,133.97999572753906,134.99000549316406,96.1496810913086,256654400,
2008-02-13,136.00999450683594,137.05999755859375,135.13999938964844,136.3699951171875,97.13262939453125,181967800,
2008-02-14,136.9499969482422,137.0,134.7899932861328,135.1699981689453,96.27787017822266,215207200,
2008-02-15,134.5,135.22000122070312,133.91000366210938,135.13999938964844,96.25650787353516,154110300,
2008-02-19,136.72000122070312,136.88999938964844,134.61000061035156,135.52000427246094,96.52720642089844,145190000,
2008-02-20,133.99000549316406,136.5500030517578,133.75999450683594,135.9199981689453,96.81210327148438,220085700,
2008-02-21,136.66000366210938,137.00999450683594,134.07000732421875,134.7899932861328,96.00721740722656,201051200,
2008-02-22,134.97000122070312,135.85000610351562,132.86000061035156,135.6199951171875,96.598388671875,205491000,
2008-02-25,135.5399932861328,137.64999389648438,134.77999877929688,137.3300018310547,97.81639862060547,190107000,
2008-02-26,136.75,138.9499969482422,136.5,138.36000061035156,98.55006408691406,212420700,
2008-02-27,137.55999755859375,139.13999938964844,137.41000366210938,138.22000122070312,98.45032501220703,168395800,
2008-02-28,137.24000549316406,137.9600067138672,136.5500030517578,136.8699951171875,97.48875427246094,170831100,
2008-02-29,135.60000610351562,135.67999267578125,132.77999877929688,133.82000732421875,95.31633758544922,252715200,
2008-03-03,133.13999938964844,133.80999755859375,132.24000549316406,133.5,95.08841705322266,189483500,
2008-03-04,132.22999572753906,133.39999389648438,130.99000549316406,132.99000549316406,94.72516632080078,282513100,
2008-03-05,133.4199981689453,134.77000427246094,132.33999633789062,133.8300018310547,95.32344055175781,270681400,
2008-03-06,132.97999572753906,133.22000122070312,130.5500030517578,131.05999755859375,93.3504409790039,247911700,
2008-03-07,129.77000427246094,131.74000549316406,128.5800018310547,129.7100067138672,92.38890838623047,326434600,
2008-03-10,129.83999633789062,129.92999267578125,127.58999633789062,128.0,91.1708984375,235683600,
2008-03-11,130.72000122070312,132.72000122070312,128.9499969482422,132.60000610351562,94.4473876953125,341440600,
2008-03-12,132.74000549316406,133.77000427246094,131.16000366210938,131.36000061035156,93.56417083740234,229161100,
2008-03-13,129.61000061035156,132.63999938964844,128.60000610351562,131.64999389648438,93.77071380615234,351504200,
2008-03-14,132.77000427246094,132.80999755859375,127.77999877929688,129.61000061035156,92.31765747070312,484687800,
2008-03-17,126.56999969482422,129.25999450683594,126.06999969482422,128.3000030517578,91.38459014892578,405311100,
2008-03-18,130.6199951171875,133.69000244140625,129.97999572753906,133.6300048828125,95.1810073852539,334416600,
2008-03-19,134.13999938964844,134.64999389648438,130.0399932861328,130.32000732421875,92.82341003417969,345971600,
2008-03-20,130.0500030517578,132.91000366210938,129.25999450683594,132.0800018310547,94.54271697998047,245320700,"{""dividend_amount"": 0.642}"
2008-03-24,133.30999755859375,135.80999755859375,133.24000549316406,134.72000122070312,96.43245697021484,208977300,
2008-03-25,134.86000061035156,135.5500030517578,133.77000427246094,134.85000610351562,96.52552795410156,192947200,
2008-03-26,134.4600067138672,135.08999633789062,133.11000061035156,133.1999969482422,95.34440612792969,196934300,
2008-03-27,134.1999969482422,134.44000244140625,132.36000061035156,132.77999877929688,95.04378509521484,225153200,
2008-03-28,132.99000549316406,133.36000061035156,131.05999755859375,131.50999450683594,94.1347427368164,180896100,
2008-03-31,131.2899932861328,132.72999572753906,131.08999633789062,131.97000122070312,94.4639892578125,166692100,
2008-04-01,133.61000061035156,136.83999633789062,133.50999450683594,136.61000061035156,97.78529357910156,254547300,
2008-04-02,137.0500030517578,137.6699981689453,135.97999572753906,136.6999969482422,97.8497314453125,210910800,
2008-04-03,135.9600067138672,137.44000244140625,135.7100067138672,137.0399932861328,98.09310150146484,175884800,
2008-04-04,137.1199951171875,137.9600067138672,136.1199951171875,136.88999938964844,97.9857177734375,204446800,
2008-04-07,137.8699951171875,138.57000732421875,136.74000549316406,136.9600067138672,98.03583526611328,154245500,
2008-04-08,136.19000244140625,136.9199981689453,135.9499969482422,136.82000732421875,97.93562316894531,148937300,
2008-04-09,136.61000061035156,136.8000030517578,134.88999938964844,135.8300018310547,97.22697448730469,195610600,
2008-04-10,135.4199981689453,136.6699981689453,134.89999389648438,136.02000427246094,97.36297607421875,192967800,
2008-04-11,134.49000549316406,135.1199951171875,133.00999450683594,133.3800048828125,95.47327423095703,222973300,
2008-04-14,133.19000244140625,133.5399932861328,132.5500030517578,132.92999267578125,95.15113830566406,160522000,
2008-04-15,133.5800018310547,133.69000244140625,132.3300018310547,133.24000549316406,95.37303924560547,172389200,
2008-04-16,134.5399932861328,136.91000366210938,134.52000427246094,136.85000610351562,97.9570541381836,189268900,
2008-04-17,136.02000427246094,137.25,135.66000366210938,137.0500030517578,98.10026550292969,179665700,
2008-04-18,138.94000244140625,139.55999755859375,138.25999450683594,138.47999572753906,99.12382507324219,218530600,
2008-04-21,138.22999572753906,138.97999572753906,137.85000610351562,138.5500030517578,99.17393493652344,118587400,
2008-04-22,138.19000244140625,138.30999755859375,136.89999389648438,137.94000244140625,98.7373046875,162166000,
2008-04-23,138.08999633789062,138.77999877929688,137.1199951171875,137.72000122070312,98.57982635498047,193309000,
2008-04-24,138.0800018310547,139.74000549316406,137.0399932861328,138.32000732421875,99.00927734375,229381300,
2008-04-25,139.39999389648438,139.88999938964844,137.91000366210938,139.60000610351562,99.925537109375,190788100,
2008-04-28,139.8800048828125,140.25,139.3800048828125,139.6300048828125,99.94699096679688,105610200,
2008-04-29,139.38999938964844,139.72999572753906,138.61000061035156,139.0800018310547,99.55329132080078,125514100,
2008-04-30,139.2899932861328,140.58999633789062,138.25999450683594,138.25999450683594,98.96635437011719,208395900,
2008-05-01,138.3800048828125,141.1199951171875,138.27000427246094,141.1199951171875,101.01354217529297,187279500,
2008-05-02,142.33999633789062,142.3699951171875,140.55999755859375,141.50999450683594,101.292724609375,181585500,
2008-05-05,141.0500030517578,141.61000061035156,140.41000366210938,140.8300018310547,100.80596923828125,118504500,
2008-05-06,140.02000427246094,142.1999969482422,139.69000244140625,142.0500030517578,101.67922973632812,179339800,
2008-05-07,141.88999938964844,142.0399932861328,139.1300048828125,139.52000427246094,99.8682632446289,199267300,
2008-05-08,139.74000549316406,140.32000732421875,138.97999572753906,139.16000366210938,99.61058807373047,178321200,
2008-05-09,138.60000610351562,139.38999938964844,138.4499969482422,138.89999389648438,99.42448425292969,152588200,
2008-05-12,139.25,140.55999755859375,138.72999572753906,140.4600067138672,100.54114532470703,147865900,
2008-05-13,140.8000030517578,140.88999938964844,139.72999572753906,140.47999572753906,100.55542755126953,159132200,
2008-05-14,141.07000732421875,142.1999969482422,140.4600067138672,140.77000427246094,100.7630386352539,181910800,
2008-05-15,141.0399932861328,142.6300048828125,140.8300018310547,142.52999877929688,102.0228042602539,166927000,
2008-05-16,142.86000061035156,142.8699951171875,141.61000061035156,142.66000366210938,102.11587524414062,204236800,
2008-05-19,142.80999755859375,144.3000030517578,142.3000030517578,143.0500030517578,102.39502716064453,165664400,
2008-05-20,142.27000427246094,142.33999633789062,141.0,141.88999938964844,101.564697265625,178552100,
2008-05-21,141.80999755859375,142.1199951171875,139.0,139.49000549316406,99.84678649902344,252724800,
2008-05-22,139.42999267578125,140.1699981689453,139.0,139.50999450683594,99.86109161376953,170820400,
2008-05-23,139.0500030517578,139.66000366210938,137.52000427246094,137.63999938964844,98.52252960205078,181376400,
2008-05-27,137.8000030517578,139.0,137.52999877929688,138.66000366210938,99.252685546875,168322900,
2008-05-28,139.1699981689453,140.0,138.0,139.3000030517578,99.71076202392578,181288100,
2008-05-29,139.1300048828125,140.92999267578125,139.0800018310547,140.0,100.21183776855469,173927200,
2008-05-30,140.47000122070312,140.74000549316406,139.94000244140625,140.35000610351562,100.46238708496094,117362000,
2008-06-02,139.8300018310547,139.86000061035156,138.0,138.89999389648438,99.42448425292969,181069900,
2008-06-03,139.3000030517578,139.6199951171875,137.22999572753906,138.08999633789062,98.84468078613281,271965700,
2008-06-04,137.6999969482422,139.16000366210938,137.4600067138672,138.02000427246094,98.7945556640625,246637700,
2008-06-05,138.5800018310547,140.88999938964844,138.32000732421875,140.77999877929688,100.77017974853516,237867100,
2008-06-06,139.5500030517578,139.8000030517578,136.22000122070312,136.2899932861328,97.55622863769531,384276300,
2008-06-09,136.86000061035156,137.5,135.41000366210938,136.6199951171875,97.79243469238281,228263900,
2008-06-10,135.6699981689453,137.10000610351562,135.35000610351562,135.94000244140625,97.30567932128906,260234900,
2008-06-11,135.97000122070312,136.25999450683594,133.92999267578125,133.94000244140625,95.87409973144531,283890100,
2008-06-12,134.60000610351562,135.8699951171875,133.52000427246094,134.4499969482422,96.23917388916016,252791800,
2008-06-13,135.1699981689453,136.52000427246094,134.4199981689453,136.14999389648438,97.45600891113281,244726900,
2008-06-16,135.5500030517578,136.92999267578125,135.4600067138672,136.22999572753906,97.51331329345703,185832500,
2008-06-17,137.07000732421875,137.1199951171875,135.3699951171875,135.57000732421875,97.04085540771484,191707700,
2008-06-18,134.69000244140625,135.52000427246094,133.7100067138672,134.25,96.09597778320312,265893000,
2008-06-19,134.14999389648438,135.24000549316406,133.5,134.4199981689453,96.21768951416016,304204900,
2008-06-20,132.83999633789062,133.08999633789062,131.22000122070312,131.5800018310547,94.65593719482422,289275700,"{""dividend_amount"": 0.669}"
2008-06-23,132.08999633789062,132.22999572753906,131.32000732421875,131.4499969482422,94.56243133544922,165096400,
2008-06-24,131.0500030517578,132.44000244140625,130.19000244140625,131.19000244140625,94.3753662109375,267300600,
2008-06-25,131.72000122070312,133.39999389648438,131.24000549316406,131.80999755859375,94.82135772705078,287853900,
2008-06-26,130.57000732421875,131.4199981689453,128.0800018310547,128.22999572753906,92.2459945678711,297775000,
2008-06-27,128.27999877929688,128.86000061035156,127.04000091552734,127.52999877929688,91.7424087524414,303423400,
2008-06-30,127.88999938964844,128.91000366210938,127.30000305175781,127.9800033569336,92.06613159179688,258842600,
2008-07-01,126.5199966430664,128.47000122070312,125.93000030517578,128.3800048828125,92.35389709472656,388622000,
2008-07-02,128.7899932861328,129.16000366210938,125.94999694824219,126.18000030517578,90.77127075195312,288064600,
2008-07-03,127.11000061035156,127.11000061035156,124.98999786376953,126.30999755859375,90.86480712890625,239352500,
2008-07-07,126.79000091552734,127.33999633789062,123.91999816894531,125.0199966430664,89.93678283691406,372427300,
2008-07-08,124.98999786376953,127.38999938964844,124.19999694824219,127.23999786376953,91.53384399414062,375973700,
2008-07-09,127.5,127.73999786376953,124.38999938964844,124.79000091552734,89.77129364013672,336729400,
2008-07-10,124.43000030517578,125.79000091552734,123.58000183105469,125.30000305175781,90.13822174072266,436475700,
2008-07-11,123.97000122070312,125.9000015258789,122.48999786376953,123.83999633789062,89.08790588378906,481124600,
2008-07-14,125.26000213623047,125.5,122.4000015258789,122.72000122070312,88.28221130371094,322720800,
2008-07-15,121.80000305175781,123.48999786376953,120.0199966430664,120.98999786376953,87.03770446777344,502502500,
2008-07-16,121.44999694824219,124.56999969482422,121.0999984741211,123.95999908447266,89.17424774169922,371642900,
2008-07-17,125.13999938964844,126.26000213623047,124.08999633789062,125.19999694824219,90.0662841796875,375490600,
2008-07-18,126.16999816894531,126.41999816894531,125.1500015258789,125.9800033569336,90.62740325927734,267030100,
2008-07-21,126.51000213623047,126.80000305175781,125.19000244140625,126.05000305175781,90.6777572631836,222863000,
2008-07-22,125.1500015258789,127.80000305175781,124.8499984741211,127.4800033569336,91.70647430419922,296904200,
2008-07-23,127.88999938964844,129.14999389648438,127.55000305175781,128.1699981689453,92.20281982421875,311698400,
2008-07-24,128.33999633789062,128.41000366210938,125.16000366210938,125.51000213623047,90.28929138183594,248634500,
2008-07-25,125.88999938964844,126.48999786376953,125.16999816894531,125.4800033569336,90.26771545410156,219131000,
2008-07-28,125.51000213623047,126.05999755859375,123.41999816894531,123.63999938964844,88.94406127929688,205201300,
2008-07-29,123.9800033569336,126.37999725341797,123.63999938964844,126.27999877929688,90.84319305419922,261505600,
2008-07-30,127.11000061035156,128.60000610351562,126.27999877929688,128.52999877929688,92.46182250976562,354710000,
2008-07-31,127.4000015258789,128.57000732421875,126.62999725341797,126.83000183105469,91.23886108398438,277402100,
2008-08-01,127.12000274658203,127.27999877929688,125.45999908447266,126.16000366210938,90.7568588256836,248690900,
2008-08-04,126.04000091552734,126.13999938964844,124.76000213623047,124.98999786376953,89.91521453857422,188239600,
2008-08-05,126.0199966430664,128.55999755859375,124.97000122070312,128.36000061035156,92.33953857421875,251577600,
2008-08-06,128.02000427246094,129.3000030517578,127.4800033569336,128.92999267578125,92.74955749511719,209555400,
2008-08-07,127.95999908447266,128.44000244140625,126.54000091552734,127.01000213623047,91.36833190917969,246312500,
2008-08-08,126.58000183105469,129.92999267578125,126.37999725341797,129.3699951171875,93.06607818603516,260811700,
2008-08-11,129.47000122070312,131.50999450683594,129.22999572753906,130.7100067138672,94.0300521850586,249425800,
2008-08-12,130.27999877929688,130.6999969482422,128.72999572753906,129.35000610351562,93.05170440673828,213200800,
2008-08-13,128.7899932861328,129.64999389648438,127.66999816894531,128.57000732421875,92.49058532714844,256393200,
2008-08-14,127.83999633789062,130.27999877929688,127.75,129.5399932861328,93.18836975097656,239555300,
2008-08-15,129.92999267578125,130.5,129.3000030517578,130.1699981689453,93.64159393310547,181000800,
2008-08-18,130.42999267578125,130.47999572753906,127.66000366210938,128.38999938964844,92.36109161376953,172275100,
2008-08-19,127.41999816894531,127.69000244140625,126.52999877929688,126.98999786376953,91.35396575927734,194673700,
2008-08-20,127.38999938964844,127.94999694824219,126.33999633789062,127.58000183105469,91.77838897705078,225498200,
2008-08-21,126.75,128.44000244140625,126.5999984741211,127.80000305175781,91.93665313720703,180609800,
2008-08-22,128.6699981689453,129.64999389648438,127.80000305175781,129.64999389648438,93.26750946044922,167715300,
2008-08-25,128.8000030517578,129.64999389648438,126.75,127.0199966430664,91.37555694580078,171936900,
2008-08-26,127.0199966430664,127.87000274658203,126.58000183105469,127.38999938964844,91.6417007446289,159117200,
2008-08-27,127.55000305175781,128.8300018310547,127.30000305175781,128.6300048828125,92.53373718261719,171032800,
2008-08-28,129.27999877929688,130.33999633789062,129.11000061035156,130.19000244140625,93.65597534179688,167537100,
2008-08-29,129.72999572753906,130.13999938964844,128.50999450683594,128.7899932861328,92.64884948730469,189195800,
2008-09-02,130.02999877929688,130.7100067138672,127.5199966430664,127.98999786376953,92.07337951660156,252364900,
2008-09-03,127.87999725341797,128.5,126.93000030517578,127.87999725341797,91.99421691894531,251947000,
2008-09-04,126.97000122070312,127.2300033569336,123.95999908447266,124.02999877929688,89.22459411621094,340042500,
2008-09-05,123.29000091552734,124.94999694824219,122.0,124.41999816894531,89.50517272949219,289503400,
2008-09-08,128.0399932861328,128.24000549316406,124.41999816894531,126.98999786376953,91.35396575927734,364075300,
2008-09-09,127.0999984741211,127.36000061035156,122.80000305175781,123.22000122070312,88.64190673828125,377326800,
2008-09-10,123.88999938964844,124.9000015258789,122.55000305175781,123.72000122070312,89.0016098022461,298916600,
2008-09-11,122.12000274658203,125.73999786376953,121.5999984741211,125.51000213623047,90.28929138183594,375369400,
2008-09-12,124.29000091552734,126.20999908447266,123.83000183105469,126.08999633789062,90.70653533935547,297851200,
2008-09-15,121.62999725341797,125.6500015258789,119.88999938964844,120.08999633789062,86.39022827148438,483607000,
2008-09-16,117.19999694824219,122.31999969482422,117.0,122.0999984741211,87.83621978759766,581744300,
2008-09-17,119.63999938964844,121.8499984741211,116.0,116.61000061035156,83.88681030273438,624095600,
2008-09-18,118.05000305175781,121.79000091552734,113.80000305175781,120.06999969482422,86.3758773803711,776114700,
2008-09-19,126.69999694824219,128.0,123.33000183105469,124.12000274658203,89.80618286132812,501087800,"{""dividend_amount"": 0.691}"
2008-09-22,124.44999694824219,124.75,120.36000061035156,121.30999755859375,87.77301788330078,249966500,
2008-09-23,120.8499984741211,122.0199966430664,118.27999877929688,118.55000305175781,85.77603912353516,327470400,
2008-09-24,119.3499984741211,120.0,117.79000091552734,118.93000030517578,86.05097961425781,311818400,
2008-09-25,119.4000015258789,121.91000366210938,118.44000244140625,120.79000091552734,87.39673614501953,328253000,
2008-09-26,118.83000183105469,121.5,118.51000213623047,120.8499984741211,87.440185546875,285917400,
2008-09-29,119.13999938964844,119.33999633789062,110.97000122070312,111.37999725341797,80.58821868896484,459562300,
2008-09-30,113.51000213623047,116.80000305175781,110.52999877929688,115.98999786376953,83.92379760742188,328154400,
2008-10-01,115.2699966430664,116.69000244140625,113.94999694824219,116.05999755859375,83.97440338134766,332783000,
2008-10-02,114.94999694824219,115.11000061035156,111.05999755859375,111.8499984741211,80.92829132080078,365337800,
2008-10-03,112.86000061035156,115.44999694824219,109.68000030517578,110.33999633789062,79.83575439453125,461798000,
2008-10-06,107.1500015258789,107.62000274658203,100.63999938964844,104.72000122070312,75.76947784423828,610637500,
2008-10-07,106.83999633789062,107.33000183105469,99.6500015258789,100.02999877929688,72.37600708007812,540012100,
2008-10-08,97.5199966430664,102.18000030517578,96.80999755859375,97.51000213623047,70.55271911621094,725414800,
2008-10-09,99.66000366210938,100.62000274658203,90.25,90.69999694824219,65.62538146972656,534485200,
2008-10-10,86.76000213623047,93.94000244140625,83.58000183105469,88.5,64.03358459472656,871026300,
2008-10-13,93.87000274658203,101.3499984741211,89.94999694824219,101.3499984741211,73.33109283447266,455584000,
2008-10-14,104.69999694824219,105.52999877929688,97.11000061035156,99.8499984741211,72.24579620361328,546268300,
2008-10-15,97.45999908447266,97.80000305175781,89.70999908447266,90.0199966430664,65.13334655761719,484627500,
2008-10-16,91.29000091552734,94.7699966430664,86.54000091552734,93.7699966430664,67.84663391113281,708811200,
2008-10-17,91.98999786376953,98.58999633789062,91.6500015258789,93.20999908447266,67.44143676757812,476649000,
2008-10-20,95.3499984741211,99.0999984741211,94.08999633789062,98.80999755859375,71.49327850341797,321294200,
2008-10-21,96.97000122070312,98.63999938964844,95.22000122070312,95.86000061035156,69.3588638305664,356502000,
2008-10-22,93.19999694824219,95.86000061035156,87.52999877929688,90.63999938964844,65.58196258544922,516168000,
2008-10-23,90.29000091552734,92.44999694824219,85.80999755859375,91.69000244140625,66.3416519165039,634666400,
2008-10-24,84.05999755859375,89.91999816894531,84.0,87.04000091552734,62.97718048095703,545812600,
2008-10-27,85.97000122070312,89.51000213623047,83.69999694824219,83.94999694824219,60.74147033691406,397288600,
2008-10-28,87.33999633789062,94.23999786376953,84.52999877929688,93.76000213623047,67.83943176269531,639939500,
2008-10-29,93.7699966430664,97.16999816894531,92.0999984741211,93.08000183105469,67.34738159179688,531270100,
2008-10-30,95.77999877929688,96.54000091552734,92.9000015258789,96.30000305175781,69.6772232055664,414582100,
2008-10-31,95.08000183105469,98.56999969482422,94.4800033569336,96.83000183105469,70.0606918334961,411394000,
2008-11-03,96.77999877929688,97.69000244140625,95.94999694824219,97.11000061035156,70.26326751708984,205419400,
2008-11-04,99.05999755859375,100.86000061035156,96.70999908447266,100.41000366210938,72.65096282958984,346793400,
2008-11-05,99.19999694824219,100.70999908447266,95.0,96.19000244140625,69.5976333618164,387844100,
2008-11-06,94.45999908447266,95.44000244140625,90.05999755859375,90.86000061035156,65.74111938476562,477721900,
2008-11-07,91.6500015258789,94.0,90.5,93.86000061035156,67.91175842285156,380391000,
2008-11-10,95.20999908447266,95.52999877929688,90.91999816894531,92.62999725341797,67.02178955078125,301773000,
2008-11-11,90.76000213623047,92.13999938964844,88.6500015258789,89.7699966430664,64.95245361328125,418498200,
2008-11-12,88.2300033569336,88.94999694824219,85.12000274658203,85.81999969482422,62.09447479248047,454330600,
2008-11-13,86.12999725341797,91.7300033569336,82.08999633789062,91.16999816894531,65.9654312133789,753141900,
2008-11-14,89.41000366210938,92.05999755859375,86.5199966430664,86.62000274658203,62.67331314086914,540352300,
2008-11-17,86.37999725341797,88.55999755859375,85.16000366210938,85.47000122070312,61.84123229980469,415254900,
2008-11-18,85.1500015258789,87.22000122070312,82.91000366210938,87.08000183105469,63.00616455078125,523811800,
2008-11-19,85.91000366210938,86.87000274658203,80.91999816894531,81.5,58.96877670288086,558327600,
2008-11-20,80.12999725341797,82.51000213623047,75.05000305175781,75.44999694824219,54.59134292602539,814180400,
2008-11-21,77.45999908447266,80.9000015258789,74.33999633789062,79.5199966430664,57.53614807128906,718536500,
2008-11-24,81.91999816894531,86.98999786376953,80.36000061035156,85.02999877929688,61.522884368896484,523305300,
2008-11-25,87.30000305175781,87.51000213623047,83.81999969482422,85.66000366210938,61.978702545166016,454112400,
2008-11-26,84.30000305175781,89.19000244140625,84.23999786376953,88.97000122070312,64.37366485595703,370134200,
2008-11-28,88.62999725341797,90.12999725341797,88.4800033569336,90.08999633789062,65.18400573730469,118308100,
2008-12-01,87.51000213623047,87.55000305175781,81.86000061035156,82.11000061035156,59.41014862060547,369927100,
2008-12-02,83.47000122070312,85.48999786376953,82.04000091552734,85.2699966430664,61.69649887084961,469508400,
2008-12-03,83.4000015258789,87.83000183105469,83.13999938964844,87.31999969482422,63.17978286743164,519863500,
2008-12-04,86.05999755859375,88.05000305175781,83.73999786376953,85.30000305175781,61.718238830566406,444173800,
2008-12-05,83.6500015258789,88.41999816894531,82.23999786376953,87.93000030517578,63.621150970458984,471905300,
2008-12-08,90.33999633789062,92.37999725341797,88.08000183105469,91.0,65.84243774414062,412859300,
2008-12-09,90.37000274658203,92.12999725341797,88.9800033569336,89.5,64.75711822509766,370790000,
2008-12-10,90.31999969482422,91.36000061035156,89.0,90.11000061035156,65.198486328125,396187400,
2008-12-11,89.54000091552734,91.0,87.37000274658203,87.94000244140625,63.628395080566406,365061000,
2008-12-12,85.55000305175781,89.06999969482422,85.19999694824219,88.98999786376953,64.38812255859375,415060400,
2008-12-15,89.0199966430664,89.1500015258789,86.29000091552734,87.75,63.490943908691406,256694200,
2008-12-16,91.87999725341797,92.0199966430664,88.18000030517578,91.87999725341797,66.4791259765625,377699500,
2008-12-17,90.83999633789062,92.43000030517578,90.05999755859375,90.98999786376953,65.835205078125,281819800,
2008-12-18,91.4000015258789,91.66999816894531,88.20999908447266,89.29000091552734,64.60516357421875,374673300,
2008-12-19,89.0999984741211,90.62000274658203,88.08999633789062,88.19000244140625,64.3272933959961,301451300,"{""dividend_amount"": 0.719}"
2008-12-22,88.58000183105469,88.66999816894531,85.48999786376953,87.05999755859375,63.503021240234375,243759500,
2008-12-23,87.52999877929688,87.93000030517578,85.80000305175781,86.16000366210938,62.8465461730957,221625200,
2008-12-24,86.44999694824219,86.87000274658203,86.0,86.66000366210938,63.21124267578125,62061600,
2008-12-26,87.23999786376953,87.30000305175781,86.5,87.16000366210938,63.57594680786133,74767700,
2008-12-29,87.23999786376953,87.33000183105469,85.5999984741211,86.91000366210938,63.39362335205078,127795900,
2008-12-30,87.51000213623047,89.05000305175781,86.87999725341797,88.97000122070312,64.89620208740234,168256300,
2008-12-31,89.08000183105469,90.97000122070312,88.87000274658203,90.23999786376953,65.82257080078125,193987200,
2009-01-02,90.44000244140625,93.44000244140625,89.8499984741211,92.95999908447266,67.80656433105469,227566300,
2009-01-05,92.62999725341797,93.66000366210938,91.88999938964844,92.8499984741211,67.7263412475586,240349700,
2009-01-06,93.63999938964844,94.44999694824219,92.68000030517578,93.47000122070312,68.1785888671875,328260900,
2009-01-07,92.0,92.26000213623047,90.19999694824219,90.66999816894531,66.13621520996094,280899200,
2009-01-08,90.16000366210938,91.08999633789062,89.66999816894531,91.04000091552734,66.40609741210938,263834400,
2009-01-09,91.16000366210938,91.31999969482422,85.36000061035156,89.08999633789062,64.9837417602539,330953600,
2009-01-12,88.83999633789062,88.91000366210938,86.41000366210938,86.94999694824219,63.42277526855469,277858500,
2009-01-13,86.7300033569336,87.87999725341797,86.19999694824219,87.11000061035156,63.53950119018555,356432300,
2009-01-14,85.54000091552734,85.75,83.16000366210938,84.37000274658203,61.54088592529297,435491600,
2009-01-15,84.12000274658203,85.25,81.72000122070312,84.4000015258789,61.56279754638672,532647300,
2009-01-16,85.86000061035156,85.98999786376953,83.05000305175781,85.05999755859375,62.044212341308594,399237200,
2009-01-20,84.2300033569336,85.05999755859375,80.05000305175781,80.56999969482422,58.76912307739258,419855200,
2009-01-21,81.94000244140625,84.23999786376953,80.47000122070312,84.05000305175781,61.30748748779297,364360700,
2009-01-22,82.41999816894531,84.04000091552734,81.16999816894531,82.75,60.35921859741211,427940300,
2009-01-23,80.9000015258789,83.98999786376953,80.56999969482422,83.11000061035156,60.62184143066406,386800600,
2009-01-26,83.58999633789062,85.36000061035156,82.80999755859375,83.68000030517578,61.0376091003418,317978800,
2009-01-27,84.12999725341797,85.1500015258789,83.30000305175781,84.52999877929688,61.657596588134766,273789700,
2009-01-28,86.4000015258789,87.94999694824219,86.06999969482422,87.38999938964844,63.74371337890625,330007000,
2009-01-29,86.11000061035156,87.48999786376953,84.47000122070312,84.55000305175781,61.67218017578125,294392500,
2009-01-30,84.9800033569336,85.4000015258789,82.20999908447266,82.83000183105469,60.417598724365234,383383600,
2009-02-02,81.56999969482422,83.18000030517578,81.30999755859375,82.58000183105469,60.23521041870117,288233300,
2009-02-03,83.0999984741211,84.36000061035156,82.22000122070312,83.73999786376953,61.08135986328125,278385800,
2009-02-04,84.30000305175781,85.37000274658203,83.04000091552734,83.33000183105469,60.78230667114258,322989300,
2009-02-05,82.69999694824219,85.29000091552734,77.7300033569336,84.56999969482422,61.6867561340332,417679400,
2009-02-06,84.86000061035156,87.33999633789062,84.68000030517578,86.9800033569336,63.44466781616211,366101700,
2009-02-09,86.95999908447266,87.73999786376953,86.31999969482422,87.0999984741211,63.532188415527344,240075200,
2009-02-10,86.2699966430664,87.02999877929688,82.44999694824219,83.11000061035156,60.62184143066406,536212800,
2009-02-11,83.44999694824219,84.05000305175781,82.4000015258789,83.5999984741211,60.97921371459961,324442500,
2009-02-12,82.16999816894531,83.81999969482422,81.05000305175781,83.66000366210938,61.02299880981445,469302200,
2009-02-13,83.55000305175781,84.23999786376953,82.73999786376953,82.76000213623047,60.36652374267578,293998400,
2009-02-17,80.16000366210938,82.95999908447266,79.16999816894531,79.22000122070312,57.784393310546875,478910100,
2009-02-18,79.79000091552734,79.94000244140625,78.27999877929688,79.02999877929688,57.645790100097656,362964800,
2009-02-19,79.83999633789062,80.1500015258789,78.0199966430664,78.18000030517578,57.02581024169922,316867500,
2009-02-20,76.7300033569336,78.33999633789062,75.7699966430664,77.41999816894531,56.4714469909668,477176600,
2009-02-23,78.2699966430664,78.2699966430664,74.58999633789062,74.6500015258789,54.45098114013672,379641400,
2009-02-24,75.29000091552734,77.94999694824219,74.69999694824219,77.4800033569336,56.51522445678711,426260900,
2009-02-25,77.13999938964844,78.41999816894531,75.62999725341797,76.87000274658203,56.07025146484375,461985800,
2009-02-26,77.81999969482422,79.66999816894531,75.52999877929688,75.62000274658203,55.158504486083984,363353900,
2009-02-27,74.01000213623047,75.69000244140625,73.80999755859375,73.93000030517578,53.925785064697266,470510900,
2009-03-02,72.5199966430664,73.91999816894531,70.37000274658203,70.5999984741211,51.496826171875,426452600,
2009-03-03,71.61000061035156,71.69999694824219,69.63999938964844,70.06999969482422,51.110233306884766,443761000,
2009-03-04,71.2300033569336,72.87000274658203,70.06999969482422,71.7300033569336,52.3210563659668,462753100,
2009-03-05,70.0999984741211,71.7300033569336,68.16999816894531,68.80000305175781,50.18385314941406,485549400,
2009-03-06,69.4000015258789,70.44999694824219,67.0999984741211,68.91999816894531,50.271419525146484,490470000,
2009-03-09,67.94999694824219,70.0,67.7300033569336,68.11000061035156,49.68057632446289,379905300,
2009-03-10,69.51000213623047,72.37000274658203,69.37000274658203,72.16999816894531,52.64202117919922,406227900,
2009-03-11,73.0,73.75,71.83000183105469,72.63999938964844,52.98484420776367,356648300,
2009-03-12,72.62000274658203,75.75,71.97000122070312,75.5,55.07097625732422,409702700,
2009-03-13,76.01000213623047,76.9800033569336,74.7300033569336,76.08999633789062,55.501312255859375,337474700,
2009-03-16,76.95999908447266,77.97000122070312,75.80999755859375,75.86000061035156,55.333560943603516,360644900,
2009-03-17,76.06999969482422,78.36000061035156,75.44999694824219,78.18000030517578,57.02581024169922,356814300,
2009-03-18,77.80999755859375,80.9000015258789,77.06999969482422,79.93000030517578,58.302268981933594,473273200,
2009-03-19,80.93000030517578,81.0,78.69000244140625,78.94000244140625,57.58012771606445,428520400,
2009-03-20,78.76000213623047,78.91000366210938,76.52999877929688,76.70999908447266,56.35405731201172,371078200,"{""dividend_amount"": 0.561}"
2009-03-23,78.73999786376953,82.29000091552734,78.30999755859375,82.22000122070312,60.40188980102539,419933300,
2009-03-24,81.23999786376953,82.36000061035156,80.51000213623047,80.5999984741211,59.21177291870117,330271000,
2009-03-25,81.2300033569336,82.69999694824219,79.05999755859375,81.44999694824219,59.83620834350586,441775100,
2009-03-26,82.25,83.30000305175781,81.31999969482422,83.11000061035156,61.05574417114258,422025200,
2009-03-27,82.05000305175781,82.52999877929688,81.30999755859375,81.61000061035156,59.95377731323242,322332300,
2009-03-30,79.80000305175781,79.87000274658203,77.95999908447266,78.79000091552734,57.88207244873047,324108500,
2009-03-31,79.55999755859375,81.08000183105469,79.05000305175781,79.5199966430664,58.41838836669922,364238300,
2009-04-01,78.52999877929688,81.41999816894531,78.33000183105469,81.05999755859375,59.549713134765625,377018300,
2009-04-02,83.08000183105469,84.61000061035156,81.12999725341797,83.43000030517578,61.290794372558594,476230700,
2009-04-03,83.48999786376953,84.27999877929688,82.66999816894531,84.26000213623047,61.900569915771484,284646300,
2009-04-06,83.33999633789062,84.27999877929688,82.29000091552734,83.5999984741211,61.415672302246094,264866600,
2009-04-07,82.25,82.6500015258789,81.51000213623047,81.6500015258789,59.98316955566406,258947800,
2009-04-08,82.05999755859375,82.94000244140625,81.54000091552734,82.52999877929688,60.62961196899414,230402800,
2009-04-09,84.66999816894531,85.81999969482422,84.33000183105469,85.80999755859375,63.039241790771484,269653500,
2009-04-13,84.91999816894531,86.54000091552734,84.58000183105469,85.83000183105469,63.05398941040039,224847500,
2009-04-14,85.02999877929688,85.76000213623047,84.08000183105469,84.3499984741211,61.9666633605957,276598800,
2009-04-15,83.83999633789062,85.41999816894531,83.61000061035156,85.25,62.62784194946289,250726100,
2009-04-16,85.93000030517578,87.1500015258789,84.7699966430664,86.5,63.546142578125,335202900,
2009-04-17,86.83000183105469,87.6500015258789,86.13999938964844,87.08000183105469,63.97224807739258,262649000,
2009-04-20,85.54000091552734,87.05000305175781,83.33999633789062,83.43000030517578,61.290794372558594,293690100,
2009-04-21,82.81999969482422,85.12999725341797,82.75,85.05999755859375,62.48829650878906,114090900,
2009-04-22,84.29000091552734,86.33999633789062,84.06999969482422,84.54000091552734,62.10624313354492,340395200,
2009-04-23,84.70999908447266,85.41999816894531,83.62999725341797,85.37000274658203,62.71599197387695,324903700,
2009-04-24,86.02999877929688,87.30999755859375,85.69000244140625,86.66000366210938,63.6636848449707,287703000,
2009-04-27,85.68000030517578,87.01000213623047,85.54000091552734,85.83999633789062,63.0612907409668,289581600,
2009-04-28,84.97000122070312,86.58999633789062,84.76000213623047,85.56999969482422,62.862918853759766,247926300,
2009-04-29,86.5199966430664,88.36000061035156,86.30000305175781,87.38999938964844,64.19995880126953,311505700,
2009-04-30,88.55000305175781,89.0199966430664,86.91999816894531,87.41999816894531,64.22203063964844,301419800,
2009-05-01,87.44000244140625,88.20999908447266,86.72000122070312,87.88999938964844,64.56726837158203,236110300,
2009-05-04,88.55000305175781,90.94000244140625,88.37999725341797,90.87999725341797,66.76386260986328,287120000,
2009-05-05,90.56999969482422,90.93000030517578,89.83999633789062,90.56999969482422,66.5361328125,243036300,
2009-05-06,91.68000030517578,92.19999694824219,90.61000061035156,92.13999938964844,67.6894760131836,291941000,
2009-05-07,93.01000213623047,93.1500015258789,90.27999877929688,90.86000061035156,66.7491683959961,317728000,
2009-05-08,92.02999877929688,93.22000122070312,91.44000244140625,92.9800033569336,68.30659484863281,299081700,
2009-05-11,91.69999694824219,92.11000061035156,91.04000091552734,91.23999786376953,67.02830505371094,247923600,
2009-05-12,91.62999725341797,91.83000183105469,89.8499984741211,90.97000122070312,66.8299560546875,282431300,
2009-05-13,89.73999786376953,90.01000213623047,88.5,88.68000030517578,65.14763641357422,269619100,
2009-05-14,88.72000122070312,90.12000274658203,88.5,89.44000244140625,65.70598602294922,260098700,
2009-05-15,89.37000274658203,90.0,88.1500015258789,88.70999908447266,65.16972351074219,271502700,
2009-05-18,89.55000305175781,91.33999633789062,88.56999969482422,91.2300033569336,67.02099609375,241447400,
2009-05-19,91.18000030517578,91.97000122070312,90.80999755859375,91.12000274658203,66.940185546875,206102200,
2009-05-20,91.94999694824219,92.80000305175781,90.41000366210938,90.51000213623047,66.49202728271484,285722200,
2009-05-21,89.45999908447266,89.80000305175781,88.26000213623047,89.20999908447266,65.5369873046875,258988400,
2009-05-22,89.45999908447266,90.0,88.68000030517578,89.0199966430664,65.39743041992188,166811900,
2009-05-26,88.36000061035156,91.55999755859375,88.31999969482422,91.30000305175781,67.0724105834961,236318500,
2009-05-27,91.44000244140625,91.75,89.52999877929688,89.66999816894531,65.87492370605469,246015800,
2009-05-28,90.45999908447266,91.33999633789062,89.0999984741211,90.91999816894531,66.79325866699219,289095000,
2009-05-29,91.41999816894531,93.69999694824219,90.68000030517578,92.52999877929688,67.97599792480469,258641500,
2009-06-01,93.66999816894531,95.16999816894531,93.43000030517578,94.7699966430664,69.62161254882812,276246800,
2009-06-02,94.4000015258789,95.37000274658203,94.2300033569336,94.8499984741211,69.68038940429688,230874500,
2009-06-03,94.04000091552734,94.12999725341797,92.76000213623047,93.6500015258789,68.79879760742188,235310500,
2009-06-04,94.0,94.66999816894531,93.30000305175781,94.52999877929688,69.4452896118164,210102300,
2009-06-05,95.48999786376953,95.66999816894531,93.80000305175781,94.55000305175781,69.45997619628906,284257900,
2009-06-08,93.83999633789062,95.0999984741211,93.04000091552734,94.16000366210938,69.17349243164062,238565100,
2009-06-09,94.69000244140625,95.13999938964844,94.0199966430664,94.63999938964844,69.52609252929688,225125500,
2009-06-10,95.4800033569336,95.48999786376953,93.19000244140625,94.4000015258789,69.34976196289062,296100400,
2009-06-11,94.58000183105469,96.11000061035156,94.55999755859375,94.81999969482422,69.65830993652344,275414200,
2009-06-12,94.4000015258789,95.13999938964844,94.0,95.08000183105469,69.84931182861328,184361800,
2009-06-15,93.95999908447266,94.0199966430664,92.4000015258789,92.9000015258789,68.24784088134766,224190500,
2009-06-16,93.2300033569336,93.29000091552734,91.58000183105469,91.63999938964844,67.32218933105469,227319000,
2009-06-17,91.5999984741211,92.33000183105469,90.83000183105469,91.55000305175781,67.25607299804688,223445200,
2009-06-18,91.69000244140625,92.66999816894531,91.25,92.22000122070312,67.74828338623047,211725100,
2009-06-19,92.58000183105469,92.69999694824219,91.5199966430664,92.04000091552734,67.99800109863281,215655600,"{""dividend_amount"": 0.518}"
2009-06-22,91.13999938964844,91.19000244140625,89.25,89.27999877929688,65.95893859863281,251913600,
2009-06-23,89.47000122070312,89.87999725341797,88.8499984741211,89.3499984741211,66.01065826416016,188309800,
2009-06-24,90.16000366210938,91.08000183105469,89.5999984741211,90.12000274658203,66.57952880859375,211577700,
2009-06-25,89.66999816894531,92.16999816894531,89.56999969482422,92.08000183105469,68.02754211425781,279411000,
2009-06-26,91.7699966430664,92.23999786376953,91.2699966430664,91.83999633789062,67.85021209716797,167579000,
2009-06-29,92.11000061035156,92.81999969482422,91.5999984741211,92.69999694824219,68.48558044433594,168481300,
2009-06-30,92.72000122070312,93.05999755859375,91.2699966430664,91.94999694824219,67.93150329589844,228888200,
2009-07-01,92.33999633789062,93.2300033569336,92.20999908447266,92.33000183105469,68.21222686767578,173041100,
2009-07-02,91.12999725341797,92.36000061035156,89.76000213623047,89.80999755859375,66.35050201416016,212309900,
2009-07-06,88.94000244140625,89.93000030517578,88.66000366210938,89.80000305175781,66.34307861328125,174499600,
2009-07-07,89.70999908447266,89.81999969482422,88.0,88.05999755859375,65.05760955810547,197088900,
2009-07-08,88.58999633789062,88.80000305175781,87.0,88.0,65.0132827758789,248050500,
2009-07-09,88.61000061035156,88.9000015258789,87.91000366210938,88.16999816894531,65.13886260986328,163777600,
2009-07-10,87.69999694824219,88.48999786376953,87.3499984741211,87.95999908447266,64.9837646484375,173520300,
2009-07-13,88.30999755859375,90.16999816894531,87.58999633789062,90.0999984741211,66.56473541259766,217413500,
2009-07-14,90.37999725341797,90.69000244140625,89.7300033569336,90.61000061035156,66.94153594970703,181487400,
2009-07-15,91.80999755859375,93.51000213623047,90.68000030517578,93.26000213623047,68.89932250976562,220877900,
2009-07-16,93.0,94.51000213623047,92.81999969482422,93.11000061035156,68.78849029541016,231174500,
2009-07-17,94.05999755859375,94.31999969482422,93.54000091552734,94.12999725341797,69.54208374023438,138561700,
2009-07-20,94.68000030517578,95.29000091552734,94.19000244140625,95.12999725341797,70.28083801269531,164179400,
2009-07-21,95.87000274658203,95.9000015258789,94.41999816894531,95.56999969482422,70.60588073730469,217718300,
2009-07-22,94.95999908447266,96.12999725341797,94.88999938964844,95.55000305175781,70.59111022949219,196068100,
2009-07-23,95.61000061035156,98.08000183105469,95.52999877929688,97.66000366210938,72.14997863769531,258795500,
2009-07-24,97.19999694824219,98.13999938964844,96.69000244140625,98.05999755859375,72.44548797607422,154003100,
2009-07-27,97.87999725341797,98.4000015258789,97.33999633789062,98.3499984741211,72.65970611572266,159259400,
2009-07-28,97.66000366210938,98.37000274658203,97.05999755859375,97.88999938964844,72.31987762451172,186685200,
2009-07-29,97.44000244140625,98.08999633789062,96.9800033569336,97.6500015258789,72.14258575439453,194399300,
2009-07-30,98.83000183105469,99.83000183105469,98.5999984741211,98.66999816894531,72.89617919921875,225575400,
2009-07-31,98.6500015258789,99.47000122070312,98.37999725341797,98.80999755859375,72.99957275390625,207358000,
2009-08-03,99.8499984741211,100.52999877929688,99.30999755859375,100.44000244140625,74.20381164550781,175776900,
2009-08-04,99.98999786376953,100.83999633789062,99.77999877929688,100.69999694824219,74.39588165283203,176714600,
2009-08-05,100.7699966430664,100.86000061035156,99.58000183105469,100.41000366210938,74.18164825439453,184726400,
2009-08-06,100.87000274658203,101.0199966430664,99.41999816894531,99.88999938964844,73.7974853515625,193203800,
2009-08-07,100.94000244140625,102.02999877929688,100.38999938964844,101.19999694824219,74.76527404785156,220640900,
2009-08-10,100.73999786376953,101.22000122070312,100.2699966430664,100.98999786376953,74.6101303100586,130898700,
2009-08-11,100.54000091552734,100.61000061035156,99.45999908447266,99.7300033569336,73.67926025390625,157301000,
2009-08-12,99.55999755859375,101.55999755859375,99.51000213623047,100.80000305175781,74.46977996826172,219052400,
2009-08-13,101.26000213623047,101.61000061035156,100.26000213623047,101.56999969482422,75.03861236572266,176449500,
2009-08-14,101.5199966430664,101.5999984741211,99.69999694824219,100.79000091552734,74.46237182617188,199616100,
2009-08-17,98.8499984741211,98.94999694824219,98.11000061035156,98.30999755859375,72.63021850585938,237667500,
2009-08-18,98.52999877929688,99.44000244140625,98.3499984741211,99.08999633789062,73.2064437866211,173461500,
2009-08-19,98.30999755859375,100.30000305175781,98.20999908447266,99.95999908447266,73.84917449951172,192812800,
2009-08-20,100.08999633789062,101.22000122070312,99.87000274658203,100.98999786376953,74.6101303100586,174131300,
2009-08-21,101.81999969482422,103.12999725341797,101.62000274658203,102.97000122070312,76.07294464111328,224605000,
2009-08-24,103.38999938964844,103.94999694824219,102.58999633789062,102.95999908447266,76.06553649902344,191279000,
2009-08-25,103.37000274658203,104.26000213623047,102.94000244140625,103.16000366210938,76.21331787109375,215310600,
2009-08-26,102.83999633789062,103.63999938964844,102.48999786376953,103.16999816894531,76.22069549560547,194620700,
2009-08-27,103.11000061035156,103.72000122070312,101.94000244140625,103.4000015258789,76.39060974121094,196230100,
2009-08-28,104.2300033569336,104.3499984741211,102.66999816894531,103.37999725341797,76.37582397460938,147024400,
2009-08-31,102.37000274658203,102.58000183105469,101.79000091552734,102.45999908447266,75.6961669921875,176051600,
2009-09-01,101.94999694824219,103.23999786376953,99.98999786376953,100.19999694824219,74.02648162841797,321276800,
2009-09-02,99.77999877929688,100.44000244140625,99.56999969482422,99.81999969482422,73.7457504272461,171805000,
2009-09-03,100.4000015258789,100.7699966430664,99.58999633789062,100.6500015258789,74.35896301269531,143572300,
2009-09-04,100.8499984741211,102.08999633789062,100.55000305175781,102.05999755859375,75.400634765625,142687900,
2009-09-08,103.0,103.05000305175781,102.38999938964844,102.94000244140625,76.0507583618164,132909100,
2009-09-09,103.12000274658203,104.08000183105469,102.80000305175781,103.7300033569336,76.63441467285156,154612500,
2009-09-10,103.80000305175781,104.86000061035156,103.22000122070312,104.79000091552734,77.41751861572266,162902400,
2009-09-11,104.98999786376953,105.30000305175781,104.27999877929688,104.7699966430664,77.40274047851562,152360100,
2009-09-14,103.87999725341797,105.45999908447266,103.1500015258789,105.27999877929688,77.77955627441406,149593800,
2009-09-15,105.44999694824219,106.11000061035156,104.76000213623047,105.72000122070312,78.10462951660156,196795900,
2009-09-16,106.0999984741211,107.33999633789062,105.7300033569336,107.31999969482422,79.2866439819336,206406300,
2009-09-17,107.16999816894531,108.05999755859375,106.56999969482422,107.16000366210938,79.16844177246094,229170900,
2009-09-18,107.1500015258789,107.16000366210938,106.36000061035156,106.72000122070312,79.21892547607422,153799100,"{""dividend_amount"": 0.508}"
2009-09-21,105.88999938964844,107.0,105.66000366210938,106.44999694824219,79.01848602294922,151892000,
2009-09-22,107.08000183105469,107.37000274658203,106.5999984741211,107.06999969482422,79.4787368774414,143126700,
2009-09-23,107.31999969482422,108.02999877929688,105.98999786376953,106.18000030517578,78.81804656982422,225947400,
2009-09-24,106.41000366210938,106.63999938964844,104.55000305175781,105.01000213623047,77.94960021972656,228636800,
2009-09-25,104.77999877929688,105.36000061035156,104.08999633789062,104.44999694824219,77.53388977050781,204059000,
2009-09-28,104.8499984741211,106.55000305175781,104.83000183105469,106.31999969482422,78.92203521728516,118285800,
2009-09-29,106.51000213623047,107.0199966430664,105.77999877929688,106.0,78.68445587158203,133733900,
2009-09-30,106.36000061035156,106.45999908447266,104.62000274658203,105.58999633789062,78.380126953125,254383000,
2009-10-01,103.0,105.7300033569336,102.94999694824219,102.97000122070312,76.43525695800781,281840600,
2009-10-02,102.0199966430664,103.0999984741211,101.98999786376953,102.48999786376953,76.07896423339844,224748800,
2009-10-05,102.9000015258789,104.31999969482422,102.5999984741211,104.0199966430664,77.21470642089844,149875000,
2009-10-06,104.7699966430664,106.11000061035156,104.70999908447266,105.51000213623047,78.32072448730469,202491100,
2009-10-07,105.2699966430664,105.91000366210938,105.06999969482422,105.80000305175781,78.5360107421875,159200300,
2009-10-08,106.55000305175781,107.16999816894531,105.8499984741211,106.61000061035156,79.13726043701172,183305800,
2009-10-09,106.63999938964844,107.26000213623047,106.36000061035156,107.26000213623047,79.6197738647461,135008300,
2009-10-12,107.76000213623047,108.08999633789062,107.27999877929688,107.68000030517578,79.93155670166016,118031000,
2009-10-13,107.38999938964844,107.70999908447266,106.76000213623047,107.45999908447266,79.7682113647461,157692700,
2009-10-14,108.72000122070312,109.41999816894531,107.41999816894531,109.30999755859375,81.1415023803711,191421600,
2009-10-15,108.77999877929688,109.70999908447266,108.7300033569336,109.70999908447266,81.43843078613281,173873600,
2009-10-16,108.80000305175781,109.2699966430664,108.2300033569336,108.88999938964844,80.8297119140625,192069400,
2009-10-19,109.06999969482422,110.12999725341797,108.7300033569336,109.79000091552734,81.49783325195312,159530400,
2009-10-20,109.94999694824219,109.98999786376953,108.68000030517578,109.20999908447266,81.0672836303711,180921100,
2009-10-21,109.04000091552734,110.30999755859375,108.1500015258789,108.2300033569336,80.33980560302734,225379300,
2009-10-22,108.19000244140625,109.68000030517578,107.5,109.33000183105469,81.15636444091797,238444000,
2009-10-23,109.69000244140625,109.76000213623047,107.62999725341797,108.08000183105469,80.22844696044922,240033200,
2009-10-26,108.19999694824219,109.30999755859375,106.61000061035156,106.91000366210938,79.35999298095703,242028200,
2009-10-27,107.02999877929688,107.38999938964844,106.16000366210938,106.41999816894531,78.99626159667969,253266300,
2009-10-28,106.1500015258789,106.4800033569336,104.3499984741211,104.41000366210938,77.50419616699219,248821400,
2009-10-29,105.19000244140625,106.86000061035156,104.94000244140625,106.6500015258789,79.16695404052734,198110600,
2009-10-30,106.30000305175781,106.62000274658203,103.44000244140625,103.55999755859375,76.87327575683594,325608100,
2009-11-02,104.12999725341797,105.41000366210938,103.08000183105469,104.31999969482422,77.43739318847656,254222900,
2009-11-03,103.73999786376953,104.80000305175781,103.54000091552734,104.6500015258789,77.68238067626953,228362600,
2009-11-04,105.51000213623047,106.33000183105469,104.6500015258789,104.91999816894531,77.88276672363281,247996700,
2009-11-05,105.66000366210938,106.87999725341797,105.44000244140625,106.8499984741211,79.31544494628906,180015300,
2009-11-06,106.26000213623047,107.4000015258789,106.05000305175781,107.12999725341797,79.52326202392578,170954100,
2009-11-09,107.94999694824219,109.62999725341797,107.87000274658203,109.56999969482422,81.33450317382812,159495700,
2009-11-10,109.30999755859375,109.93000030517578,108.97000122070312,109.58999633789062,81.349365234375,171899800,
2009-11-11,110.30999755859375,110.81999969482422,109.62000274658203,110.1500015258789,81.76505279541016,169466200,
2009-11-12,110.0,110.56999969482422,108.75,109.02999877929688,80.93365478515625,157144500,
2009-11-13,109.30999755859375,110.08999633789062,108.75,109.62000274658203,81.37162780761719,150963000,
2009-11-16,110.37999725341797,111.69000244140625,110.31999969482422,111.20999908447266,82.5518569946289,210922200,
2009-11-17,110.91999816894531,111.38999938964844,110.5,111.33999633789062,82.64836120605469,147134100,
2009-11-18,111.26000213623047,111.43000030517578,110.56999969482422,111.2699966430664,82.59642028808594,156486800,
2009-11-19,110.51000213623047,111.30999755859375,109.12999725341797,109.81999969482422,81.52006530761719,208734600,
2009-11-20,109.25,109.76000213623047,109.01000213623047,109.43000030517578,81.2305679321289,134196000,
2009-11-23,110.72000122070312,111.73999786376953,110.5999984741211,110.81999969482422,82.26239013671875,148010200,
2009-11-24,111.0,111.19999694824219,110.01000213623047,110.98999786376953,82.38858032226562,138420100,
2009-11-25,111.16999816894531,111.5,110.81999969482422,111.37999725341797,82.67809295654297,109564800,
2009-11-27,108.4000015258789,110.31999969482422,108.29000091552734,109.56999969482422,81.33450317382812,126001800,
2009-11-30,109.4800033569336,110.19999694824219,108.12000274658203,109.94000244140625,81.6091537475586,160874800,
2009-12-01,110.91999816894531,111.66000366210938,110.7300033569336,111.30000305175781,82.61869812011719,159613700,
2009-12-02,111.27999877929688,112.01000213623047,110.91999816894531,111.25,82.5815658569336,132315100,
2009-12-03,111.55000305175781,112.18000030517578,110.29000091552734,110.37999725341797,81.93577575683594,167324900,
2009-12-04,111.83999633789062,112.37999725341797,110.04000091552734,111.01000213623047,82.4034194946289,274907800,
2009-12-07,110.91000366210938,111.52999877929688,110.48999786376953,110.83999633789062,82.27721405029297,127973800,
2009-12-08,110.04000091552734,110.7699966430664,109.2699966430664,109.61000061035156,81.36421203613281,169863700,
2009-12-09,109.58000183105469,110.18000030517578,109.0199966430664,110.0199966430664,81.66853332519531,155063400,
2009-12-10,110.69999694824219,111.12000274658203,110.44999694824219,110.63999938964844,82.1287612915039,138014600,
2009-12-11,111.11000061035156,111.36000061035156,110.61000061035156,111.11000061035156,82.47764587402344,124854000,
2009-12-14,111.87000274658203,112.0,111.12999725341797,111.87000274658203,83.04183959960938,107141500,
2009-12-15,111.45999908447266,111.91999816894531,111.0,111.3499984741211,82.65582275390625,120408800,
2009-12-16,111.80000305175781,112.12999725341797,111.2699966430664,111.5199966430664,82.781982421875,155358200,
2009-12-17,110.72000122070312,110.93000030517578,110.08000183105469,110.18000030517578,81.78730773925781,183390100,
2009-12-18,110.19999694824219,110.30000305175781,109.27999877929688,110.20999908447266,82.25003814697266,174591200,"{""dividend_amount"": 0.59}"
2009-12-21,110.76000213623047,111.69999694824219,110.76000213623047,111.33000183105469,83.08588409423828,118039600,
2009-12-22,111.56999969482422,111.97000122070312,111.43000030517578,111.7300033569336,83.38440704345703,91707500,
2009-12-23,112.0,112.11000061035156,111.5,111.94999694824219,83.54859161376953,111783100,
2009-12-24,112.19000244140625,112.5999984741211,112.0,112.4800033569336,83.94414520263672,39677500,
2009-12-28,112.9000015258789,112.98999786376953,112.31999969482422,112.72000122070312,84.12324523925781,87508500,
2009-12-29,113.01000213623047,113.02999877929688,112.55000305175781,112.55999755859375,84.00382995605469,80572500,
2009-12-30,112.2300033569336,112.6500015258789,112.16999816894531,112.5199966430664,83.97395324707031,73138400,
2009-12-31,112.7699966430664,112.80000305175781,111.38999938964844,111.44000244140625,83.1679916381836,90637900,
2010-01-04,112.37000274658203,113.38999938964844,111.51000213623047,113.33000183105469,84.57845306396484,118944600,
2010-01-05,113.26000213623047,113.68000030517578,112.8499984741211,113.62999725341797,84.80238342285156,111579900,
2010-01-06,113.5199966430664,113.98999786376953,113.43000030517578,113.70999908447266,84.86209869384766,116074400,
2010-01-07,113.5,114.33000183105469,113.18000030517578,114.19000244140625,85.2203140258789,131091100,
2010-01-08,113.88999938964844,114.62000274658203,113.66000366210938,114.56999969482422,85.50390625,126402800,
2010-01-11,115.08000183105469,115.12999725341797,114.23999786376953,114.7300033569336,85.62333679199219,106375700,
2010-01-12,113.97000122070312,114.20999908447266,113.22000122070312,113.66000366210938,84.82474517822266,163333500,
2010-01-13,113.94999694824219,114.94000244140625,113.37000274658203,114.62000274658203,85.54121398925781,161822000,
2010-01-14,114.48999786376953,115.13999938964844,114.41999816894531,114.93000030517578,85.77255249023438,115718800,
2010-01-15,114.7300033569336,114.83999633789062,113.19999694824219,113.63999938964844,84.80984497070312,212283100,
2010-01-19,113.62000274658203,115.12999725341797,113.58999633789062,115.05999755859375,85.86956024169922,139172700,
2010-01-20,114.27999877929688,114.44999694824219,112.9800033569336,113.88999938964844,84.99640655517578,216490200,
2010-01-21,113.91999816894531,114.2699966430664,111.55999755859375,111.69999694824219,83.36199188232422,344859600,
2010-01-22,111.19999694824219,111.73999786376953,109.08999633789062,109.20999908447266,81.50373077392578,345942400,
2010-01-25,110.20999908447266,110.41000366210938,109.41000366210938,109.7699966430664,81.921630859375,186937500,
2010-01-26,109.33999633789062,110.47000122070312,109.04000091552734,109.30999755859375,81.5783462524414,211168800,
2010-01-27,109.16999816894531,110.08000183105469,108.33000183105469,109.83000183105469,81.9664306640625,271863600,
2010-01-28,110.19000244140625,110.25,107.91000366210938,108.56999969482422,81.02609252929688,316104000,
2010-01-29,109.04000091552734,109.80000305175781,107.22000122070312,107.38999938964844,80.14544677734375,310677600,
2010-02-01,108.1500015258789,109.06999969482422,107.5,109.05999755859375,81.39175415039062,187865000,
2010-02-02,109.26000213623047,110.58999633789062,108.87999725341797,110.37999725341797,82.37690734863281,216327900,
2010-02-03,109.87999725341797,110.4800033569336,109.51000213623047,109.83000183105469,81.9664306640625,172730700,
2010-02-04,108.9800033569336,109.02999877929688,106.41999816894531,106.44000244140625,79.43647003173828,356715700,
2010-02-05,106.55999755859375,106.87999725341797,104.58000183105469,106.66000366210938,79.60066986083984,493585800,
2010-02-08,106.73999786376953,107.33000183105469,105.80999755859375,105.88999938964844,79.0259780883789,224166900,
2010-02-09,107.12999725341797,108.1500015258789,106.2699966430664,107.22000122070312,80.0185775756836,337820500,
2010-02-10,107.05000305175781,107.5999984741211,106.11000061035156,107.01000213623047,79.86186981201172,240511500,
2010-02-11,106.87000274658203,108.25,106.25,108.12999725341797,80.69771575927734,223591600,
2010-02-12,106.98999786376953,108.0999984741211,106.51000213623047,108.04000091552734,80.63055419921875,304622100,
2010-02-16,108.86000061035156,109.8499984741211,107.81999969482422,109.73999786376953,81.89924621582031,159317500,
2010-02-17,110.2699966430664,110.41000366210938,109.73999786376953,110.26000213623047,82.28733825683594,168845100,
2010-02-18,110.08000183105469,111.13999938964844,110.04000091552734,110.91000366210938,82.77241516113281,193708600,
2010-02-19,110.62000274658203,111.56999969482422,110.36000061035156,111.13999938964844,82.94407653808594,222684900,
2010-02-22,111.55000305175781,111.58000183105469,110.83000183105469,111.16000366210938,82.95899963378906,132346900,
2010-02-23,110.86000061035156,111.19999694824219,109.5199966430664,109.80999755859375,81.95149230957031,207497000,
2010-02-24,110.13999938964844,111.0,109.86000061035156,110.81999969482422,82.70524597167969,176350700,
2010-02-25,109.23999786376953,110.75,108.94000244140625,110.66999816894531,82.59332275390625,259634700,
2010-02-26,110.7699966430664,111.12000274658203,110.11000061035156,110.73999786376953,82.64556121826172,173589300,
2010-03-01,111.19999694824219,112.0,111.16999816894531,111.88999938964844,83.50383758544922,147709700,
2010-03-02,112.37000274658203,112.73999786376953,112.0,112.19999694824219,83.73516082763672,160992400,
2010-03-03,112.48999786376953,112.97000122070312,112.0199966430664,112.30000305175781,83.80976867675781,150785000,
2010-03-04,112.44999694824219,112.80000305175781,112.02999877929688,112.63999938964844,84.06355285644531,135770400,
2010-03-05,113.37000274658203,114.33999633789062,113.0999984741211,114.25,85.26506805419922,176118800,
2010-03-08,114.26000213623047,114.5199966430664,114.06999969482422,114.2699966430664,85.27999877929688,114631200,
2010-03-09,113.93000030517578,114.98999786376953,113.87000274658203,114.45999908447266,85.42179107666016,154556700,
2010-03-10,114.51000213623047,115.27999877929688,114.41000366210938,114.97000122070312,85.80238342285156,186088800,
2010-03-11,114.69999694824219,115.4800033569336,114.3499984741211,115.44999694824219,86.16064453125,160791100,
2010-03-12,115.94999694824219,115.97000122070312,115.13999938964844,115.45999908447266,86.16813659667969,162074800,
2010-03-15,115.26000213623047,115.56999969482422,114.5999984741211,115.48999786376953,86.19048309326172,146816800,
2010-03-16,115.80999755859375,116.5199966430664,115.48999786376953,116.41000366210938,86.8770980834961,168673000,
2010-03-17,116.76000213623047,117.4800033569336,116.41999816894531,117.0999984741211,87.39204406738281,177468100,
2010-03-18,117.11000061035156,117.2699966430664,116.56999969482422,117.04000091552734,87.34729766845703,196509100,
2010-03-19,115.97000122070312,117.29000091552734,115.5199966430664,115.97000122070312,86.90512084960938,226641100,"{""dividend_amount"": 0.48}"
2010-03-22,115.30999755859375,116.80000305175781,115.23999786376953,116.58999633789062,87.3697280883789,184477800,
2010-03-23,116.76000213623047,117.51000213623047,116.37999725341797,117.41000366210938,87.98424530029297,182941600,
2010-03-24,116.97000122070312,117.43000030517578,115.58000183105469,116.83999633789062,87.55709838867188,196072600,
2010-03-25,117.62999725341797,118.16999816894531,116.51000213623047,116.6500015258789,87.41471862792969,223396300,
2010-03-26,116.87000274658203,117.41999816894531,116.12000274658203,116.58000183105469,87.36225891113281,205808500,
2010-03-29,117.16999816894531,117.52999877929688,116.69000244140625,117.31999969482422,87.91680145263672,134513500,
2010-03-30,117.45999908447266,117.83000183105469,116.91000366210938,117.4000015258789,87.97673034667969,145772500,
2010-03-31,116.94999694824219,117.5199966430664,116.61000061035156,117.0,87.6769790649414,161078700,
2010-04-01,117.80000305175781,118.25,117.0999984741211,117.80000305175781,88.27647399902344,161215200,
2010-04-05,118.25,118.83999633789062,117.91999816894531,118.76000213623047,88.99588775634766,105847600,
2010-04-06,118.41999816894531,119.25,118.29000091552734,119.04000091552734,89.20571899414062,110384200,
2010-04-07,118.80000305175781,119.36000061035156,117.80999755859375,118.36000061035156,88.69613647460938,184576300,
2010-04-08,117.94999694824219,118.97000122070312,117.5999984741211,118.7699966430664,89.00336456298828,158704000,
2010-04-09,119.0199966430664,119.5999984741211,118.80000305175781,119.55000305175781,89.58792114257812,133006500,
2010-04-12,119.69999694824219,120.05000305175781,119.55999755859375,119.73999786376953,89.73029327392578,110279000,
2010-04-13,119.62000274658203,120.04000091552734,119.0,119.83000183105469,89.7977294921875,125043600,
2010-04-14,120.2699966430664,121.19000244140625,120.08000183105469,121.19000244140625,90.81686401367188,161609000,
2010-04-15,120.98999786376953,121.56999969482422,120.94999694824219,121.29000091552734,90.89180755615234,144615300,
2010-04-16,120.86000061035156,121.29000091552734,118.75,119.36000061035156,89.44552612304688,366786700,
2010-04-19,119.01000213623047,119.93000030517578,118.47000122070312,119.80999755859375,89.78276062011719,217947800,
2010-04-20,120.55999755859375,120.9800033569336,119.87000274658203,120.87999725341797,90.5845718383789,157708000,
2010-04-21,120.94999694824219,121.2300033569336,119.98999786376953,120.66000366210938,90.4197006225586,192910100,
2010-04-22,119.80999755859375,121.16999816894531,119.12000274658203,121.0199966430664,90.68948364257812,115360300,
2010-04-23,120.94000244140625,121.86000061035156,120.62999725341797,121.80999755859375,91.28146362304688,177335500,
2010-04-26,121.8499984741211,122.12000274658203,121.2300033569336,121.3499984741211,90.93678283691406,143457300,
2010-04-27,120.6500015258789,121.33999633789062,118.25,118.4800033569336,88.78607940673828,355853300,
2010-04-28,119.05000305175781,119.68000030517578,118.2699966430664,119.37999725341797,89.46051025390625,300674100,
2010-04-29,120.0999984741211,121.11000061035156,120.06999969482422,120.86000061035156,90.569580078125,193775000,
2010-04-30,120.87999725341797,121.01000213623047,118.77999877929688,118.80999755859375,89.03336334228516,270000900,
2010-05-03,119.37999725341797,120.68000030517578,119.19999694824219,120.3499984741211,90.1874008178711,182747900,
2010-05-04,119.01000213623047,119.02999877929688,116.91999816894531,117.5199966430664,88.06666564941406,360353400,
2010-05-05,116.55999755859375,117.80000305175781,115.97000122070312,116.81999969482422,87.54212951660156,328973200,
2010-05-06,116.26000213623047,117.0,105.0,112.94000244140625,84.63452911376953,647356600,
2010-05-07,112.63999938964844,113.7699966430664,109.41000366210938,111.26000213623047,83.37555694580078,637558800,
2010-05-10,115.80999755859375,116.6500015258789,114.91000366210938,116.16000366210938,87.04753112792969,396159600,
2010-05-11,115.06999969482422,117.36000061035156,114.91000366210938,115.83000183105469,86.80020141601562,317849800,
2010-05-12,116.29000091552734,117.62000274658203,116.08999633789062,117.44999694824219,88.01420593261719,235607100,
2010-05-13,117.12999725341797,117.68000030517578,115.88999938964844,115.98999786376953,86.92015838623047,234452500,
2010-05-14,115.12000274658203,115.33000183105469,112.87000274658203,113.88999938964844,85.34642028808594,345601400,
2010-05-17,114.19999694824219,114.5199966430664,111.7699966430664,113.94999694824219,85.39142608642578,325739800,
2010-05-18,114.87999725341797,115.22000122070312,112.02999877929688,112.4000015258789,84.22988891601562,360556800,
2010-05-19,111.7699966430664,112.7699966430664,110.36000061035156,111.76000213623047,83.75027465820312,394742700,
2010-05-20,109.37999725341797,109.88999938964844,107.47000122070312,107.54000091552734,80.58792114257812,530418300,
2010-05-21,105.91000366210938,109.37999725341797,105.36000061035156,109.11000061035156,81.76441192626953,500909400,
2010-05-24,108.5199966430664,109.38999938964844,107.61000061035156,107.70999908447266,80.71528625488281,269823000,
2010-05-25,105.11000061035156,107.87000274658203,104.37999725341797,107.81999969482422,80.79772186279297,396505200,
2010-05-26,108.4800033569336,109.47000122070312,106.8499984741211,107.16999816894531,80.31061553955078,349719300,
2010-05-27,109.19000244140625,110.80000305175781,108.77999877929688,110.76000213623047,83.0008773803711,300870500,
2010-05-28,110.63999938964844,110.72000122070312,108.8499984741211,109.37000274658203,81.95925903320312,297933500,
2010-06-01,108.3499984741211,109.94999694824219,107.37000274658203,107.52999877929688,80.5804214477539,277909400,
2010-06-02,108.08000183105469,110.33999633789062,107.51000213623047,110.33000183105469,82.67863464355469,240243700,
2010-06-03,110.6500015258789,111.05999755859375,109.58000183105469,110.70999908447266,82.9634017944336,226618300,
2010-06-04,108.61000061035156,109.33000183105469,106.45999908447266,106.81999969482422,80.04834747314453,398475600,
2010-06-07,107.19999694824219,107.61000061035156,105.41000366210938,105.48999786376953,79.05167388916016,264609100,
2010-06-08,105.56999969482422,106.83000183105469,104.6500015258789,106.62000274658203,79.89847564697266,357774300,
2010-06-09,107.23999786376953,108.27999877929688,105.5999984741211,106.05000305175781,79.47132110595703,268023300,
2010-06-10,107.86000061035156,109.27999877929688,106.04000091552734,109.1500015258789,81.7944107055664,317890600,
2010-06-11,108.19000244140625,109.75,108.12000274658203,109.68000030517578,82.19156646728516,214128200,
2010-06-14,110.5199966430664,111.12000274658203,109.4000015258789,109.51000213623047,82.06417846679688,207196100,
2010-06-15,110.27999877929688,112.0999984741211,110.08999633789062,112.0,83.9300765991211,238268700,
2010-06-16,111.41999816894531,112.41999816894531,111.19999694824219,111.95999908447266,83.90013885498047,216374000,
2010-06-17,112.27999877929688,112.33000183105469,111.05000305175781,112.13999938964844,84.03500366210938,263185800,
2010-06-18,111.83000183105469,112.12999725341797,111.37000274658203,111.7300033569336,84.12615203857422,174006600,"{""dividend_amount"": 0.531}"
2010-06-21,113.12000274658203,113.19999694824219,110.79000091552734,111.41000366210938,83.88522338867188,213140700,
2010-06-22,111.41000366210938,111.9000015258789,109.41000366210938,109.56999969482422,82.49976348876953,239355400,
2010-06-23,109.63999938964844,110.02999877929688,108.4800033569336,109.2300033569336,82.24381256103516,254639900,
2010-06-24,108.69000244140625,108.83000183105469,107.13999938964844,107.41999816894531,80.88095092773438,268523600,
2010-06-25,107.73999786376953,108.41999816894531,106.7699966430664,107.87000274658203,81.21977996826172,238726500,
2010-06-28,108.02999877929688,108.31999969482422,107.13999938964844,107.52999877929688,80.96380615234375,169218600,
2010-06-29,106.0199966430664,107.51000213623047,103.55000305175781,104.20999908447266,78.46401977539062,373649500,
2010-06-30,103.91999816894531,104.87999725341797,102.87999725341797,103.22000122070312,77.71864318847656,284101700,
2010-07-01,103.1500015258789,103.48999786376953,101.12999725341797,102.76000213623047,77.37226104736328,382924800,
2010-07-02,103.11000061035156,103.41999816894531,101.62000274658203,102.19999694824219,76.95059967041016,233385200,
2010-07-06,103.63999938964844,104.37000274658203,101.87999725341797,102.87000274658203,77.45507049560547,256935300,
2010-07-07,103.12999725341797,106.23999786376953,103.0199966430664,106.11000061035156,79.89459228515625,253769400,
2010-07-08,107.0,107.27999877929688,105.91000366210938,107.16000366210938,80.6851806640625,210842100,
2010-07-09,107.12999725341797,107.97000122070312,106.93000030517578,107.95999908447266,81.28753662109375,144999900,
2010-07-12,107.5999984741211,108.23999786376953,107.1500015258789,108.02999877929688,81.34025573730469,131283600,
2010-07-13,109.1500015258789,110.08999633789062,108.93000030517578,109.66000366210938,82.56752014160156,213025900,
2010-07-14,109.30999755859375,110.08000183105469,108.86000061035156,109.6500015258789,82.56004333496094,184426800,
2010-07-15,109.61000061035156,110.05999755859375,108.16999816894531,109.68000030517578,82.58258819580078,232337900,
2010-07-16,109.08999633789062,109.20999908447266,106.44999694824219,106.66000366210938,80.30874633789062,282693400,
2010-07-19,107.05000305175781,107.62999725341797,106.22000122070312,107.29000091552734,80.78306579589844,186709000,
2010-07-20,105.87000274658203,108.55999755859375,105.81999969482422,108.4800033569336,81.67908477783203,258162400,
2010-07-21,109.04000091552734,109.06999969482422,106.62999725341797,107.06999969482422,80.61743927001953,264527000,
2010-07-22,108.33999633789062,109.94000244140625,108.33000183105469,109.45999908447266,82.41693878173828,274781300,
2010-07-23,109.23999786376953,110.56999969482422,108.93000030517578,110.41000366210938,83.13224029541016,222020800,
2010-07-26,110.5999984741211,111.66999816894531,110.29000091552734,111.55999755859375,83.99812316894531,184445700,
2010-07-27,112.16999816894531,112.29000091552734,111.11000061035156,111.55000305175781,83.99060821533203,204855600,
2010-07-28,111.31999969482422,111.66000366210938,110.45999908447266,110.83000183105469,83.448486328125,163056200,
2010-07-29,111.5199966430664,111.81999969482422,109.41000366210938,110.29000091552734,83.04192352294922,220149100,
2010-07-30,109.16999816894531,110.86000061035156,108.9800033569336,110.2699966430664,83.0268325805664,220070600,
2010-08-02,111.98999786376953,112.94000244140625,111.54000091552734,112.76000213623047,84.90166473388672,188263200,
2010-08-03,112.4800033569336,112.7699966430664,111.8499984741211,112.22000122070312,84.49510192871094,146657300,
2010-08-04,112.52999877929688,113.11000061035156,112.16000366210938,112.97000122070312,85.05977630615234,158171700,
2010-08-05,112.25,112.91000366210938,112.08000183105469,112.8499984741211,84.96941375732422,140473800,
2010-08-06,111.73999786376953,112.56999969482422,110.91999816894531,112.38999938964844,84.6230697631836,239728300,
2010-08-09,112.91999816894531,113.18000030517578,112.31999969482422,112.98999786376953,85.07483673095703,120800400,
2010-08-10,112.02999877929688,112.9800033569336,111.37000274658203,112.37999725341797,84.61554718017578,242916300,
2010-08-11,110.6500015258789,110.69000244140625,109.12000274658203,109.30000305175781,82.2965087890625,273406900,
2010-08-12,107.6500015258789,109.0199966430664,107.5999984741211,108.62999725341797,81.7919921875,239542600,
2010-08-13,108.29000091552734,108.95999908447266,108.18000030517578,108.30999755859375,81.55107879638672,158698500,
2010-08-16,107.56999969482422,108.61000061035156,107.18000030517578,108.26000213623047,81.51342010498047,147895300,
2010-08-17,109.19000244140625,110.38999938964844,108.87999725341797,109.58999633789062,82.51484680175781,172270300,
2010-08-18,109.54000091552734,110.37999725341797,108.91000366210938,109.79000091552734,82.66544342041016,182922100,
2010-08-19,109.22000122070312,109.48999786376953,107.43000030517578,107.87999725341797,81.22732543945312,265847600,
2010-08-20,107.55999755859375,107.94000244140625,106.75,107.52999877929688,80.96380615234375,209714200,
2010-08-23,108.04000091552734,108.56999969482422,107.06999969482422,107.12000274658203,80.65505981445312,163490300,
2010-08-24,105.94999694824219,106.38999938964844,104.97000122070312,105.52999877929688,79.45789337158203,280677800,
2010-08-25,104.94999694824219,106.33999633789062,104.29000091552734,105.94000244140625,79.76661682128906,272234800,
2010-08-26,106.44000244140625,106.58000183105469,104.87999725341797,105.2300033569336,79.23200225830078,224439500,
2010-08-27,105.88999938964844,106.97000122070312,104.30999755859375,106.86000061035156,80.45926666259766,272649000,
2010-08-30,106.58000183105469,106.91000366210938,105.30000305175781,105.30999755859375,79.29222869873047,167238600,
2010-08-31,104.91999816894531,105.9800033569336,104.48999786376953,105.30999755859375,79.29222869873047,273933100,
2010-09-01,106.7300033569336,108.61000061035156,106.66000366210938,108.45999908447266,81.66398620605469,256828100,
2010-09-02,108.72000122070312,109.48999786376953,108.48999786376953,109.47000122070312,82.42449951171875,156112200,
2010-09-03,110.54000091552734,110.98999786376953,109.94999694824219,110.88999938964844,83.49364471435547,212197300,
2010-09-07,110.37000274658203,110.51000213623047,109.55000305175781,109.63999938964844,82.5524673461914,141973700,
2010-09-08,109.86000061035156,110.8499984741211,109.80999755859375,110.41000366210938,83.13224029541016,149924400,
2010-09-09,111.6500015258789,111.68000030517578,110.62000274658203,110.91999816894531,83.5162582397461,147017900,
2010-09-10,111.12000274658203,111.61000061035156,110.87000274658203,111.4800033569336,83.93787384033203,127819000,
2010-09-13,112.58000183105469,112.94999694824219,112.12999725341797,112.72000122070312,84.87155151367188,178503500,
2010-09-14,112.5,113.29000091552734,112.08000183105469,112.6500015258789,84.81886291503906,209823600,
2010-09-15,112.31999969482422,113.20999908447266,111.9800033569336,113.08000183105469,85.142578125,168608400,
2010-09-16,112.7300033569336,113.12000274658203,112.3499984741211,113.05000305175781,85.1200180053711,199962900,
2010-09-17,113.04000091552734,113.1500015258789,112.18000030517578,112.48999786376953,85.15182495117188,195836900,"{""dividend_amount"": 0.602}"
2010-09-20,112.87999725341797,114.45999908447266,112.5199966430664,114.20999908447266,86.45380401611328,214555200,
2010-09-21,114.30000305175781,114.83999633789062,113.51000213623047,113.9800033569336,86.27970123291016,268389100,
2010-09-22,113.80000305175781,114.44000244140625,113.0999984741211,113.41999816894531,85.85575866699219,191322400,
2010-09-23,112.48999786376953,113.66999816894531,112.18000030517578,112.5,85.15937042236328,202354300,
2010-09-24,113.75,114.9000015258789,113.6500015258789,114.81999969482422,86.91556549072266,209671800,
2010-09-27,114.86000061035156,114.98999786376953,114.16000366210938,114.2699966430664,86.49922943115234,128761800,
2010-09-28,114.41999816894531,115.04000091552734,113.18000030517578,114.66999816894531,86.80198669433594,209207500,
2010-09-29,114.37999725341797,114.91000366210938,114.0199966430664,114.47000122070312,86.6506118774414,179665800,
2010-09-30,115.05000305175781,115.79000091552734,113.58999633789062,114.12999725341797,86.39324951171875,287106700,
2010-10-01,114.98999786376953,115.12000274658203,113.93000030517578,114.61000061035156,86.7566146850586,174638700,
2010-10-04,114.37000274658203,114.8499984741211,113.18000030517578,113.75,86.1055908203125,166153200,
2010-10-05,114.80000305175781,116.31999969482422,114.66999816894531,116.04000091552734,87.83906555175781,229634100,
2010-10-06,116.0199966430664,116.33000183105469,115.55999755859375,116.02999877929688,87.83148956298828,148626600,
2010-10-07,116.5,116.52999877929688,115.19000244140625,115.88999938964844,87.72549438476562,164860000,
2010-10-08,116.05000305175781,116.86000061035156,115.61000061035156,116.54000091552734,88.21752166748047,177760100,
2010-10-11,116.72000122070312,116.97000122070312,116.25,116.6500015258789,88.30082702636719,103098300,
2010-10-12,116.2699966430664,117.3499984741211,115.6500015258789,117.01000213623047,88.57333374023438,182210000,
2010-10-13,117.66000366210938,118.55000305175781,117.37999725341797,117.91999816894531,89.26216125488281,194347200,
2010-10-14,117.80999755859375,118.01000213623047,116.72000122070312,117.45999908447266,88.91394805908203,217764300,
2010-10-15,118.27999877929688,118.3499984741211,116.76000213623047,117.69999694824219,89.09558868408203,243705000,
2010-10-18,117.73999786376953,118.66999816894531,117.30999755859375,118.27999877929688,89.5346908569336,141204800,
2010-10-19,117.19000244140625,117.8499984741211,116.0199966430664,116.7300033569336,88.3613510131836,280604700,
2010-10-20,116.94000244140625,118.44000244140625,116.87000274658203,117.87000274658203,89.22431945800781,200051800,
2010-10-21,118.4000015258789,119.08999633789062,117.20999908447266,118.12999725341797,89.42111206054688,221585500,
2010-10-22,118.30999755859375,118.52999877929688,118.0,118.3499984741211,89.58765411376953,108212400,
2010-10-25,119.13999938964844,119.76000213623047,118.61000061035156,118.69999694824219,89.85258483886719,151145700,
2010-10-26,118.0999984741211,118.83999633789062,117.87000274658203,118.72000122070312,89.86775970458984,158982900,
2010-10-27,117.88999938964844,118.51000213623047,117.26000213623047,118.37999725341797,89.6103744506836,190024000,
2010-10-28,119.05999755859375,119.11000061035156,117.83000183105469,118.4000015258789,89.62551879882812,168576000,
2010-10-29,118.27999877929688,118.72000122070312,118.06999969482422,118.48999786376953,89.69363403320312,144305500,
2010-11-01,119.06999969482422,119.75,117.8499984741211,118.52999877929688,89.72391510009766,174074800,
2010-11-02,119.41999816894531,119.75,119.0999984741211,119.47000122070312,90.43547821044922,158345900,
2010-11-03,119.68000030517578,120.0199966430664,118.44999694824219,119.94999694824219,90.798828125,226702800,
2010-11-04,121.27999877929688,122.31999969482422,119.97000122070312,122.26000213623047,92.5474624633789,215039400,
2010-11-05,122.33999633789062,122.91999816894531,122.18000030517578,122.72000122070312,92.89563751220703,180654100,
2010-11-08,122.33999633789062,122.69000244140625,121.94000244140625,122.48999786376953,92.7215576171875,156107100,
2010-11-09,122.81999969482422,122.94999694824219,121.12000274658203,121.61000061035156,92.05538940429688,186621600,
2010-11-10,121.58000183105469,122.16000366210938,120.66000366210938,122.0999984741211,92.42630004882812,221387400,
2010-11-11,121.05000305175781,121.81999969482422,120.68000030517578,121.63999938964844,92.0781021118164,158017600,
2010-11-12,120.81999969482422,121.3499984741211,119.6500015258789,120.19999694824219,90.98804473876953,239068800,
2010-11-15,120.58000183105469,121.05000305175781,119.9800033569336,120.02999877929688,90.85935974121094,163940800,
2010-11-16,119.29000091552734,119.48999786376953,117.58999633789062,118.16000366210938,89.44384002685547,299566200,
2010-11-17,118.20999908447266,118.70999908447266,117.86000061035156,118.22000122070312,89.4892578125,172308900,
2010-11-18,119.36000061035156,120.38999938964844,119.3499984741211,119.95999908447266,90.80638885498047,197723700,
2010-11-19,119.9000015258789,120.33999633789062,119.25,120.29000091552734,91.05620574951172,156852900,
2010-11-22,119.69000244140625,120.23999786376953,118.7699966430664,120.19000244140625,90.98046112060547,181361000,
2010-11-23,118.7699966430664,119.0199966430664,117.98999786376953,118.44999694824219,89.66336059570312,222309000,
2010-11-24,119.19999694824219,120.2300033569336,119.18000030517578,120.19999694824219,90.98804473876953,140046100,
2010-11-26,119.16000366210938,119.80999755859375,118.80000305175781,118.80000305175781,89.92831420898438,76007800,
2010-11-29,118.5,119.4800033569336,117.73999786376953,119.16000366210938,90.20079803466797,223642300,
2010-11-30,117.9800033569336,119.16999816894531,117.80999755859375,118.48999786376953,89.69363403320312,233930700,
2010-12-01,120.19999694824219,121.23999786376953,120.19000244140625,121.01000213623047,91.60118865966797,221037200,
2010-12-02,121.19999694824219,122.6500015258789,121.12999725341797,122.55999755859375,92.77454376220703,191213600,
2010-12-03,122.13999938964844,123.02999877929688,122.11000061035156,122.88999938964844,93.02433776855469,151288900,
2010-12-06,122.62999725341797,123.04000091552734,122.5,122.76000213623047,92.9259262084961,103050500,
2010-12-07,123.94000244140625,124.01000213623047,122.76000213623047,122.83000183105469,92.9789047241211,206581000,
2010-12-08,122.9800033569336,123.37999725341797,122.41000366210938,123.27999877929688,93.31954193115234,138019200,
2010-12-09,123.97000122070312,124.0199966430664,123.1500015258789,123.76000213623047,93.68287658691406,123705100,
2010-12-10,124.13999938964844,124.5999984741211,123.7300033569336,124.4800033569336,94.22791290283203,117571700,
2010-12-13,125.05000305175781,125.19999694824219,124.5199966430664,124.55999755859375,94.28844451904297,133812700,
2010-12-14,124.75,125.2300033569336,124.29000091552734,124.66999816894531,94.37173461914062,147249600,
2010-12-15,124.44000244140625,124.93000030517578,123.88999938964844,124.0999984741211,93.94026947021484,160823100,
2010-12-16,124.18000030517578,124.91000366210938,123.75,124.81999969482422,94.4852523803711,185035200,
2010-12-17,124.08000183105469,124.45999908447266,123.81999969482422,124.30000305175781,94.58649444580078,141075300,"{""dividend_amount"": 0.653}"
2010-12-20,124.63999938964844,124.9000015258789,123.9800033569336,124.5999984741211,94.81475830078125,119085500,
2010-12-21,124.98999786376953,125.47000122070312,124.87000274658203,125.38999938964844,95.41592407226562,94965500,
2010-12-22,125.4800033569336,125.81999969482422,125.41000366210938,125.77999877929688,95.71268463134766,78878100,
2010-12-23,125.63999938964844,125.77999877929688,125.29000091552734,125.5999984741211,95.57572937011719,70053700,
2010-12-27,125.12999725341797,125.7699966430664,125.04000091552734,125.6500015258789,95.61380004882812,58126000,
2010-12-28,125.9000015258789,125.94999694824219,125.5,125.83000183105469,95.75070190429688,55309100,
2010-12-29,125.9800033569336,126.19999694824219,125.9000015258789,125.91999816894531,95.8192367553711,58033100,
2010-12-30,125.80000305175781,126.12999725341797,125.52999877929688,125.72000122070312,95.66703796386719,76616900,
2010-12-31,125.52999877929688,125.87000274658203,125.33000183105469,125.75,95.68988037109375,91218900,
2011-01-03,126.70999908447266,127.5999984741211,125.69999694824219,127.05000305175781,96.6791000366211,138725200,
2011-01-04,127.33000183105469,127.37000274658203,126.19000244140625,126.9800033569336,96.62586212158203,137409700,
2011-01-05,126.58000183105469,127.72000122070312,126.45999908447266,127.63999938964844,97.12805938720703,133975300,
2011-01-06,127.69000244140625,127.83000183105469,127.01000213623047,127.38999938964844,96.93783569335938,122519000,
2011-01-07,127.55999755859375,127.7699966430664,126.1500015258789,127.13999938964844,96.7475814819336,156034600,
2011-01-10,126.58000183105469,127.16000366210938,126.19999694824219,126.9800033569336,96.62586212158203,122401700,
2011-01-11,127.44000244140625,127.73999786376953,126.94999694824219,127.43000030517578,96.96827697753906,110287000,
2011-01-12,128.2100067138672,128.72000122070312,127.45999908447266,128.5800018310547,97.8433837890625,107929200,
2011-01-13,128.6300048828125,128.69000244140625,128.0500030517578,128.3699951171875,97.68354797363281,129048400,
2011-01-14,128.19000244140625,129.3300018310547,128.10000610351562,129.3000030517578,98.3912582397461,117677900,
2011-01-18,129.17999267578125,129.63999938964844,129.02999877929688,129.52000427246094,98.55864715576172,114401300,
2011-01-19,129.41000366210938,129.5399932861328,127.91000366210938,128.25,97.59220886230469,151958400,
2011-01-20,127.95999908447266,128.39999389648438,127.12999725341797,128.0800018310547,97.46290588378906,175745700,
2011-01-21,128.8800048828125,129.1699981689453,128.22999572753906,128.3699951171875,97.68354797363281,151462900,
2011-01-24,128.2899932861328,129.25,128.25999450683594,129.10000610351562,98.23905944824219,113715500,
2011-01-25,128.75999450683594,129.27999877929688,128.11000061035156,129.1699981689453,98.29232025146484,167552200,
2011-01-26,129.49000549316406,130.0500030517578,129.22999572753906,129.6699981689453,98.67279815673828,141281500,
2011-01-27,129.6999969482422,130.2100067138672,129.47000122070312,129.99000549316406,98.9162826538086,123302700,
2011-01-28,130.13999938964844,130.35000610351562,127.51000213623047,127.72000122070312,97.18892669677734,295637300,
2011-01-31,128.07000732421875,128.77999877929688,127.75,128.67999267578125,97.91946411132812,149249200,
2011-02-01,129.4600067138672,130.97000122070312,129.3800048828125,130.74000549316406,99.48701477050781,167194300,
2011-02-02,130.39999389648438,130.83999633789062,130.3300018310547,130.49000549316406,99.29679870605469,118323600,
2011-02-03,130.25999450683594,130.97999572753906,129.57000732421875,130.77999877929688,99.5174789428711,145886700,
2011-02-04,130.8300018310547,131.1999969482422,130.22999572753906,131.14999389648438,99.79900360107422,134634800,
2011-02-07,131.44000244140625,132.39999389648438,131.42999267578125,131.97000122070312,100.4229965209961,112439100,
2011-02-08,132.08999633789062,132.63999938964844,131.72999572753906,132.57000732421875,100.87955474853516,99072800,
2011-02-09,132.2100067138672,132.6300048828125,131.61000061035156,132.27000427246094,100.65129852294922,146436700,
2011-02-10,131.60000610351562,132.47000122070312,131.3000030517578,132.32000732421875,100.68934631347656,162708500,
2011-02-11,131.8000030517578,133.27999877929688,131.77000427246094,133.11000061035156,101.29048156738281,137710300,
2011-02-14,133.02999877929688,133.5399932861328,132.8800048828125,133.42999267578125,101.53399658203125,101690700,
2011-02-15,133.02000427246094,133.22000122070312,132.32000732421875,133.00999450683594,101.21438598632812,119575400,
2011-02-16,133.4600067138672,134.00999450683594,133.19000244140625,133.85000610351562,101.85355377197266,130183500,
2011-02-17,133.4600067138672,134.42999267578125,133.33999633789062,134.25,102.15792846679688,109810500,
2011-02-18,134.3699951171875,134.69000244140625,134.05999755859375,134.52999877929688,102.37100982666016,130002400,
2011-02-22,133.1199951171875,134.55999755859375,131.47000122070312,131.8300018310547,100.31645202636719,233116400,
2011-02-23,131.75,132.07000732421875,130.2100067138672,131.02000427246094,99.70008850097656,227584000,
2011-02-24,130.8800048828125,131.44000244140625,129.6999969482422,130.92999267578125,99.63160705566406,260431400,
2011-02-25,131.47999572753906,132.41000366210938,131.39999389648438,132.3300018310547,100.6969223022461,141686900,
2011-02-28,132.82000732421875,133.32000732421875,132.3800048828125,133.14999389648438,101.32093048095703,141585500,
2011-03-01,133.57000732421875,133.69000244140625,130.88999938964844,130.92999267578125,99.63160705566406,258565500,
2011-03-02,130.75,131.82000732421875,130.35000610351562,131.2100067138672,99.84469604492188,200277400,
2011-03-03,132.39999389648438,133.6199951171875,132.38999938964844,133.47000122070312,101.56441497802734,176480100,
2011-03-04,133.3699951171875,133.6300048828125,131.60000610351562,132.47000122070312,100.80347442626953,277202300,
2011-03-07,132.86000061035156,133.16000366210938,130.74000549316406,131.42999267578125,100.0120620727539,216790400,
2011-03-08,131.63999938964844,133.0,131.07000732421875,132.5800018310547,100.88716125488281,174615000,
2011-03-09,132.32000732421875,132.8000030517578,131.60000610351562,132.38999938964844,100.74261474609375,153806000,
2011-03-10,131.0,131.17999267578125,129.80999755859375,129.94000244140625,98.87826538085938,301291800,
2011-03-11,129.52000427246094,131.30999755859375,129.49000549316406,130.83999633789062,99.56310272216797,225621800,
2011-03-14,129.99000549316406,130.47999572753906,129.05999755859375,130.0500030517578,98.96197509765625,234974100,
2011-03-15,126.58999633789062,129.3300018310547,126.5,128.55999755859375,97.82814025878906,359585400,
2011-03-16,128.14999389648438,128.57000732421875,125.27999877929688,126.18000030517578,96.01705932617188,468670300,
2011-03-17,128.0,128.38999938964844,127.0999984741211,127.8499984741211,97.2878646850586,254303700,
2011-03-18,128.83999633789062,128.8800048828125,127.51000213623047,127.76000213623047,97.64173126220703,230435400,"{""dividend_amount"": 0.553}"
2011-03-21,129.35000610351562,130.00999450683594,129.1999969482422,129.74000549316406,99.15493774414062,153992600,
2011-03-22,129.72000122070312,129.88999938964844,129.1699981689453,129.2899932861328,98.81102752685547,129538600,
2011-03-23,128.92999267578125,130.0,128.32000732421875,129.66000366210938,99.09381866455078,148603100,
2011-03-24,130.39999389648438,131.08999633789062,129.6699981689453,130.89999389648438,100.04149627685547,159129800,
2011-03-25,131.24000549316406,131.8699951171875,130.88999938964844,131.3000030517578,100.3471908569336,155642800,
2011-03-28,131.5800018310547,131.9199981689453,130.94000244140625,130.97999572753906,100.10261535644531,109762400,
2011-03-29,130.8699951171875,131.89999389648438,130.44000244140625,131.86000061035156,100.77517700195312,129798800,
2011-03-30,132.5500030517578,133.16000366210938,132.36000061035156,132.77000427246094,101.47066497802734,135835000,
2011-03-31,132.60000610351562,132.9600067138672,132.4499969482422,132.58999633789062,101.33308410644531,132537100,
2011-04-01,133.41000366210938,133.77000427246094,132.8300018310547,133.14999389648438,101.76109313964844,153850100,
2011-04-04,133.42999267578125,133.6699981689453,132.8800048828125,133.25999450683594,101.84512329101562,100768900,
2011-04-05,133.0,133.8300018310547,132.94000244140625,133.24000549316406,101.8298568725586,120791500,
2011-04-06,133.8800048828125,134.0,133.1199951171875,133.66000366210938,102.15084075927734,120411600,
2011-04-07,133.4199981689453,133.97999572753906,132.66000366210938,133.32000732421875,101.8910140991211,170731500,
2011-04-08,133.91000366210938,133.99000549316406,132.30999755859375,132.86000061035156,101.5394287109375,147945400,
2011-04-11,133.0,133.4499969482422,132.13999938964844,132.4600067138672,101.23372650146484,121385400,
2011-04-12,131.72000122070312,131.97999572753906,130.99000549316406,131.47000122070312,100.47709655761719,161187400,
2011-04-13,132.0800018310547,132.17999267578125,130.9600067138672,131.4600067138672,100.46945190429688,162059000,
2011-04-14,130.6999969482422,131.75999450683594,130.27000427246094,131.55999755859375,100.54590606689453,161220400,
2011-04-15,131.8000030517578,132.3699951171875,131.41000366210938,132.0399932861328,100.91271209716797,170006700,
2011-04-18,130.58999633789062,132.02999877929688,129.50999450683594,130.55999755859375,99.7816162109375,210759300,
2011-04-19,130.75999450683594,131.35000610351562,130.44000244140625,131.30999755859375,100.35484313964844,124258800,
2011-04-20,132.8800048828125,133.38999938964844,132.7899932861328,133.10000610351562,101.72285461425781,156133800,
2011-04-21,133.7899932861328,133.83999633789062,133.10000610351562,133.77999877929688,102.24256134033203,135935400,
2011-04-25,133.67999267578125,133.86000061035156,133.1999969482422,133.63999938964844,102.13553619384766,65757100,
2011-04-26,134.0500030517578,135.05999755859375,133.91000366210938,134.7899932861328,103.01441955566406,146600000,
2011-04-27,135.0500030517578,135.8699951171875,134.5,135.6699981689453,103.68700408935547,143031000,
2011-04-28,135.42999267578125,136.2899932861328,135.41000366210938,136.11000061035156,104.02328491210938,124791100,
2011-04-29,136.16000366210938,136.57000732421875,135.97999572753906,136.42999267578125,104.267822265625,115094100,
2011-05-02,137.07000732421875,137.17999267578125,135.9499969482422,136.22000122070312,104.1073226928711,126278700,
2011-05-03,135.9600067138672,136.19000244140625,135.0399932861328,135.72999572753906,103.73285675048828,138375000,
2011-05-04,135.6699981689453,135.72999572753906,134.22999572753906,134.8300018310547,103.0450210571289,182678500,
2011-05-05,134.0800018310547,134.9499969482422,133.02000427246094,133.61000061035156,102.11264038085938,226900000,
2011-05-06,134.94000244140625,135.6300048828125,133.67999267578125,134.1999969482422,102.56354522705078,222787200,
2011-05-09,134.19000244140625,135.11000061035156,133.97999572753906,134.72000122070312,102.96098327636719,114104500,
2011-05-10,135.1699981689453,136.11000061035156,135.0,135.8699951171875,103.83982849121094,114806900,
2011-05-11,135.6699981689453,135.69000244140625,133.82000732421875,134.44000244140625,102.74699401855469,193564200,
2011-05-12,134.0800018310547,135.36000061035156,133.38999938964844,135.0800018310547,103.23614501953125,171550700,
2011-05-13,135.14999389648438,135.33999633789062,133.55999755859375,134.0399932861328,102.44126892089844,157444900,
2011-05-16,133.55999755859375,134.61000061035156,132.97000122070312,133.19000244140625,101.79164123535156,141675400,
2011-05-17,132.69000244140625,133.35000610351562,132.1199951171875,133.1699981689453,101.77635192871094,192686200,
2011-05-18,133.24000549316406,134.5,132.9499969482422,134.36000061035156,102.68580627441406,135217900,
2011-05-19,134.8000030517578,135.02999877929688,133.94000244140625,134.67999267578125,102.9303970336914,119489500,
2011-05-20,134.3300018310547,134.67999267578125,133.36000061035156,133.61000061035156,102.11264038085938,182594900,
2011-05-23,131.97999572753906,132.72000122070312,131.58999633789062,132.05999755859375,100.92801666259766,168700000,
2011-05-24,132.44000244140625,132.72999572753906,131.6999969482422,131.9499969482422,100.84394836425781,147199600,
2011-05-25,131.4199981689453,132.94000244140625,131.3800048828125,132.38999938964844,101.18022918701172,151050100,
2011-05-26,132.02999877929688,133.24000549316406,131.77999877929688,133.0,101.6463851928711,164850000,
2011-05-27,133.3699951171875,133.8699951171875,132.9600067138672,133.50999450683594,102.03620147705078,120921900,
2011-05-31,134.77000427246094,134.9199981689453,133.83999633789062,134.89999389648438,103.09854888916016,164731200,
2011-06-01,134.50999450683594,134.9199981689453,131.75999450683594,131.8699951171875,100.78282928466797,233094300,
2011-06-02,131.9600067138672,132.24000549316406,130.9600067138672,131.72999572753906,100.67584228515625,200466800,
2011-06-03,130.14999389648438,131.4199981689453,130.0800018310547,130.4199981689453,99.67463684082031,234690200,
2011-06-06,130.08999633789062,130.36000061035156,128.8699951171875,129.0399932861328,98.61995697021484,179951200,
2011-06-07,129.6999969482422,130.07000732421875,128.85000610351562,128.9600067138672,98.558837890625,161660500,
2011-06-08,128.75999450683594,129.19000244140625,128.17999267578125,128.4199981689453,98.14610290527344,198696400,
2011-06-09,128.77000427246094,129.92999267578125,128.4600067138672,129.39999389648438,98.89508819580078,160964400,
2011-06-10,128.85000610351562,128.92999267578125,127.26000213623047,127.5999984741211,97.51942443847656,238629400,
2011-06-13,127.88999938964844,128.24000549316406,127.05000305175781,127.69999694824219,97.59587097167969,207599800,
2011-06-14,128.8699951171875,129.77000427246094,128.82000732421875,129.32000732421875,98.833984375,160570400,
2011-06-15,128.24000549316406,129.3000030517578,126.68000030517578,127.0199966430664,97.07615661621094,300958000,
2011-06-16,127.05999755859375,127.97000122070312,126.31999969482422,127.30000305175781,97.29017639160156,308032800,
2011-06-17,127.93000030517578,127.94000244140625,126.62000274658203,127.05000305175781,97.58050537109375,233284900,"{""dividend_amount"": 0.628}"
2011-06-20,126.62000274658203,127.97000122070312,126.58000183105469,127.69999694824219,98.07971954345703,159479000,
2011-06-21,128.36000061035156,129.6999969482422,127.75,129.4499969482422,99.42378234863281,193157300,
2011-06-22,129.0500030517578,129.80999755859375,128.58999633789062,128.6699981689453,98.82470703125,176703000,
2011-06-23,127.16000366210938,128.63999938964844,126.19000244140625,128.3000030517578,98.54057312011719,334286500,
2011-06-24,128.27000427246094,128.3699951171875,126.62000274658203,126.80999755859375,97.3961410522461,226129300,
2011-06-27,126.88999938964844,128.42999267578125,126.63999938964844,127.94000244140625,98.26405334472656,168904700,
2011-06-28,128.4499969482422,129.6300048828125,128.27000427246094,129.61000061035156,99.54666900634766,165556300,
2011-06-29,130.1999969482422,130.92999267578125,129.6300048828125,130.72000122070312,100.3992691040039,244295500,
2011-06-30,131.13999938964844,132.17999267578125,130.7100067138672,131.97000122070312,101.3592758178711,223322700,
2011-07-01,132.08999633789062,134.10000610351562,131.77999877929688,133.9199981689453,102.85697937011719,202385700,
2011-07-05,133.77999877929688,134.0800018310547,133.38999938964844,133.80999755859375,102.77244567871094,165936000,
2011-07-06,133.49000549316406,134.13999938964844,133.11000061035156,133.97000122070312,102.8953857421875,143331600,
2011-07-07,135.16000366210938,135.6999969482422,134.8800048828125,135.36000061035156,103.9629898071289,170464200,
2011-07-08,133.8300018310547,135.36000061035156,133.38999938964844,134.39999389648438,103.2256088256836,194100500,
2011-07-11,132.75,133.17999267578125,131.66000366210938,131.97000122070312,101.3592758178711,195918600,
2011-07-12,131.69000244140625,132.77999877929688,131.36000061035156,131.39999389648438,100.92147064208984,214675700,
2011-07-13,132.08999633789062,133.22000122070312,131.52000427246094,131.83999633789062,101.2594223022461,204062600,
2011-07-14,132.1699981689453,132.77999877929688,130.67999267578125,130.92999267578125,100.56050109863281,226111800,
2011-07-15,131.66000366210938,131.8699951171875,130.77000427246094,131.69000244140625,101.14422607421875,220012800,
2011-07-18,131.0800018310547,131.27999877929688,129.6300048828125,130.61000061035156,100.31474304199219,196872100,
2011-07-19,131.33999633789062,132.88999938964844,131.30999755859375,132.72999572753906,101.94302368164062,166554900,
2011-07-20,133.07000732421875,133.14999389648438,132.4199981689453,132.64999389648438,101.88153839111328,137145400,
2011-07-21,133.39999389648438,134.82000732421875,132.6699981689453,134.49000549316406,103.29473114013672,245246300,
2011-07-22,134.52000427246094,134.72000122070312,133.75999450683594,134.5800018310547,103.36388397216797,126019400,
2011-07-25,133.3000030517578,134.49000549316406,133.16000366210938,133.8300018310547,102.78785705566406,136653800,
2011-07-26,133.74000549316406,133.9600067138672,133.02999877929688,133.3300018310547,102.4038314819336,131278200,
2011-07-27,132.58999633789062,132.6300048828125,130.42999267578125,130.60000610351562,100.30706024169922,249020100,
2011-07-28,130.60000610351562,131.77000427246094,130.00999450683594,130.22000122070312,100.01519012451172,207939900,
2011-07-29,128.91000366210938,130.5500030517578,127.97000122070312,129.3300018310547,99.33161163330078,307038400,
2011-08-01,130.83999633789062,130.9600067138672,127.52999877929688,128.77999877929688,98.90919494628906,325790900,
2011-08-02,127.80999755859375,128.5,125.48999786376953,125.48999786376953,96.38233947753906,346653800,
2011-08-03,125.66000366210938,126.30999755859375,123.52999877929688,126.16999816894531,96.90460968017578,370830800,
2011-08-04,124.41999816894531,124.62000274658203,120.05999755859375,120.26000213623047,92.36542510986328,520721800,
2011-08-05,121.76000213623047,122.06999969482422,116.86000061035156,120.08000183105469,92.2271957397461,655619200,
2011-08-08,116.91000366210938,120.12000274658203,112.0199966430664,112.26000213623047,86.2210693359375,702263900,
2011-08-09,114.06999969482422,117.63999938964844,110.2699966430664,117.4800033569336,90.23027038574219,717828700,
2011-08-10,115.26000213623047,116.27999877929688,111.94999694824219,112.29000091552734,86.24409484863281,662607400,
2011-08-11,113.26000213623047,118.91999816894531,112.31999969482422,117.33000183105469,90.11507415771484,487979700,
2011-08-12,118.4000015258789,119.20999908447266,117.27999877929688,118.12000274658203,90.72178649902344,313731600,
2011-08-15,119.19000244140625,120.73999786376953,119.0,120.62000274658203,92.64193725585938,258810600,
2011-08-16,119.47000122070312,120.69000244140625,118.30999755859375,119.58999633789062,91.85082244873047,294095200,
2011-08-17,120.25,121.19999694824219,118.72000122070312,119.66999816894531,91.91228485107422,238201100,
2011-08-18,116.5,119.70999908447266,113.38999938964844,114.51000213623047,87.94915771484375,512956300,
2011-08-19,112.95999908447266,115.87999725341797,112.5,112.63999938964844,86.51290130615234,428281300,
2011-08-22,115.16999816894531,115.2300033569336,112.41000366210938,112.7300033569336,86.58203887939453,275090600,
2011-08-23,113.1500015258789,116.56999969482422,112.58000183105469,116.44000244140625,89.43151092529297,331136600,
2011-08-24,116.19000244140625,118.23999786376953,115.91999816894531,118.08000183105469,90.69110107421875,246869700,
2011-08-25,118.7300033569336,119.4000015258789,115.87000274658203,116.27999877929688,89.30860900878906,312365400,
2011-08-26,115.69000244140625,118.51000213623047,113.8499984741211,117.97000122070312,90.60661315917969,314495900,
2011-08-29,119.55999755859375,121.43000030517578,118.05999755859375,121.36000061035156,93.21028137207031,190977200,
2011-08-30,120.83000183105469,122.43000030517578,119.26000213623047,121.68000030517578,93.45606994628906,241315700,
2011-08-31,122.45999908447266,123.51000213623047,121.30000305175781,122.22000122070312,93.87079620361328,301828400,
2011-09-01,122.29000091552734,123.4000015258789,120.77999877929688,120.94000244140625,92.8876953125,254585900,
2011-09-02,118.41999816894531,120.87000274658203,117.43000030517578,117.8499984741211,90.51443481445312,255517200,
2011-09-06,114.38999938964844,117.16000366210938,114.37999725341797,116.98999786376953,89.85388946533203,285130500,
2011-09-07,118.76000213623047,120.33999633789062,118.36000061035156,120.29000091552734,92.38848114013672,209803200,
2011-09-08,119.56999969482422,120.94000244140625,118.7699966430664,119.04000091552734,91.42841339111328,250568200,
2011-09-09,117.68000030517578,119.05999755859375,115.27999877929688,115.91999816894531,89.0321273803711,380195100,
2011-09-12,114.47000122070312,116.76000213623047,114.05000305175781,116.66999816894531,89.60816192626953,305793500,
2011-09-13,117.05000305175781,118.18000030517578,116.22000122070312,117.73999786376953,90.42994689941406,272514700,
2011-09-14,118.33999633789062,120.80000305175781,116.72000122070312,119.37000274658203,91.68187713623047,319389500,
2011-09-15,120.6500015258789,121.47000122070312,119.4000015258789,121.43000030517578,93.26405334472656,326777200,
2011-09-16,121.29000091552734,121.97000122070312,120.31999969482422,121.5199966430664,93.81605529785156,284528300,"{""dividend_amount"": 0.625}"
2011-09-19,119.52999877929688,120.93000030517578,118.72000122070312,120.30999755859375,92.88190460205078,241517000,
2011-09-20,120.81999969482422,121.98999786376953,120.01000213623047,120.16999816894531,92.77379608154297,218932200,
2011-09-21,120.2300033569336,120.5999984741211,116.44000244140625,116.62999725341797,90.04084777832031,316251300,
2011-09-22,113.25,114.20999908447266,111.30000305175781,112.86000061035156,87.13032531738281,513911300,
2011-09-23,112.11000061035156,114.16000366210938,112.0199966430664,113.54000091552734,87.6552963256836,307242500,
2011-09-26,114.61000061035156,116.4000015258789,112.9800033569336,116.23999786376953,89.73976135253906,260673700,
2011-09-27,118.52999877929688,119.55999755859375,116.83999633789062,117.54000091552734,90.74341583251953,311753900,
2011-09-28,117.77999877929688,118.48999786376953,114.97000122070312,115.13999938964844,88.89057159423828,286696800,
2011-09-29,117.05000305175781,117.62999725341797,113.93000030517578,116.05000305175781,89.59308624267578,298108900,
2011-09-30,114.44999694824219,115.44999694824219,113.06999969482422,113.1500015258789,87.35420989990234,288392300,
2011-10-03,112.48999786376953,113.94999694824219,109.80999755859375,109.93000030517578,84.86830139160156,365136800,
2011-10-04,108.3499984741211,112.58000183105469,107.43000030517578,112.33999633789062,86.72889709472656,459177500,
2011-10-05,112.62000274658203,114.72000122070312,111.58000183105469,114.41999816894531,88.3346939086914,284108000,
2011-10-06,114.36000061035156,116.66000366210938,113.51000213623047,116.48999786376953,89.93278503417969,257800800,
2011-10-07,117.16999816894531,117.25,115.05999755859375,115.70999908447266,89.3305892944336,312657900,
2011-10-10,117.68000030517578,119.62999725341797,117.66999816894531,119.58000183105469,92.3183364868164,230666300,
2011-10-11,118.87000274658203,120.04000091552734,118.75,119.69999694824219,92.41094970703125,209088000,
2011-10-12,120.5999984741211,122.13999938964844,120.33000183105469,120.75,93.22159576416016,281544900,
2011-10-13,120.04000091552734,120.87000274658203,119.12000274658203,120.51000213623047,93.03631591796875,212538800,
2011-10-14,121.91000366210938,122.5999984741211,121.2300033569336,122.56999969482422,94.62667083740234,211397600,
2011-10-17,121.98999786376953,122.55000305175781,119.93000030517578,120.2300033569336,92.82014465332031,202311600,
2011-10-18,120.13999938964844,123.5,119.19999694824219,122.58000183105469,94.63438415527344,318857900,
2011-10-19,122.37999725341797,123.08000183105469,120.70999908447266,121.12999725341797,93.51496124267578,226601300,
2011-10-20,121.43000030517578,122.0999984741211,119.81999969482422,121.66000366210938,93.92413330078125,262075600,
2011-10-21,123.08999633789062,124.12000274658203,122.72000122070312,123.97000122070312,95.70752716064453,278999400,
2011-10-24,124.16999816894531,125.80000305175781,124.05999755859375,125.48999786376953,96.88097381591797,203215600,
2011-10-25,124.88999938964844,124.94999694824219,122.77999877929688,123.05000305175781,94.99723815917969,268596800,
2011-10-26,124.3499984741211,124.7699966430664,122.20999908447266,124.30000305175781,95.96227264404297,289053800,
2011-10-27,127.62999725341797,129.4199981689453,126.61000061035156,128.6300048828125,99.30509948730469,393220200,
2011-10-28,128.0,128.85000610351562,127.80000305175781,128.60000610351562,99.2819595336914,225906500,
2011-10-31,127.16000366210938,128.6199951171875,125.31999969482422,125.5,96.88866424560547,228146700,
2011-11-01,122.02999877929688,123.51000213623047,121.5199966430664,122.0,94.18663787841797,416565800,
2011-11-02,123.83000183105469,124.4000015258789,122.79000091552734,123.98999786376953,95.72293090820312,244717600,
2011-11-03,125.2699966430664,126.5,123.5999984741211,126.25,97.46772003173828,291174800,
2011-11-04,125.2300033569336,125.69999694824219,124.01000213623047,125.4800033569336,96.87324523925781,249401600,
2011-11-07,125.38999938964844,126.38999938964844,124.19999694824219,126.26000213623047,97.47540283203125,196617200,
2011-11-08,126.91999816894531,128.02000427246094,125.70999908447266,127.87999725341797,98.72611236572266,224426300,
2011-11-09,124.88999938964844,125.80000305175781,122.86000061035156,123.16000366210938,95.0821762084961,337982000,
2011-11-10,124.79000091552734,124.94000244140625,123.0199966430664,124.31999969482422,95.97771453857422,231866500,
2011-11-11,125.83000183105469,126.98999786376953,125.79000091552734,126.66000366210938,97.78424072265625,189924400,
2011-11-14,126.19000244140625,127.44999694824219,124.91999816894531,125.45999908447266,96.85783386230469,159258300,
2011-11-15,125.16999816894531,126.75,124.72000122070312,126.08000183105469,97.33650207519531,184709400,
2011-11-16,124.80999755859375,126.33999633789062,123.9000015258789,124.08000183105469,95.7924575805664,235782500,
2011-11-17,123.8499984741211,124.16000366210938,121.2300033569336,122.11000061035156,94.27156066894531,331219600,
2011-11-18,122.5,122.75,121.47000122070312,121.9800033569336,94.17118835449219,215580400,
2011-11-21,120.19999694824219,120.3499984741211,118.6500015258789,119.66000366210938,92.38008880615234,229611600,
2011-11-22,119.4000015258789,120.0999984741211,118.5199966430664,119.19000244140625,92.0172348022461,216494900,
2011-11-23,118.06999969482422,119.19000244140625,116.55999755859375,116.55999755859375,89.98681640625,224329100,
2011-11-25,116.37999725341797,117.69999694824219,116.19999694824219,116.33999633789062,89.81696319580078,99557000,
2011-11-28,119.54000091552734,120.18000030517578,118.81999969482422,119.70999908447266,92.4186782836914,210686000,
2011-11-29,120.05000305175781,121.0,119.61000061035156,120.05000305175781,92.6811752319336,199241500,
2011-11-30,123.48999786376953,125.22000122070312,120.0,124.98999786376953,96.49495697021484,324439500,
2011-12-01,124.8499984741211,125.63999938964844,124.43000030517578,124.97000122070312,96.4795150756836,176954800,
2011-12-02,126.12000274658203,126.5,124.77999877929688,124.86000061035156,96.39460754394531,221109700,
2011-12-05,126.83999633789062,127.18000030517578,125.44000244140625,126.22000122070312,97.44452667236328,225263900,
2011-12-06,126.20999908447266,127.11000061035156,125.76000213623047,126.26000213623047,97.47540283203125,178842100,
2011-12-07,125.83999633789062,127.26000213623047,124.97000122070312,126.7300033569336,97.8382797241211,237802500,
2011-12-08,125.9000015258789,126.18000030517578,123.6500015258789,123.94999694824219,95.6920394897461,240862800,
2011-12-09,124.51000213623047,126.37000274658203,124.4000015258789,126.05000305175781,97.31330871582031,209111400,
2011-12-12,124.94999694824219,124.97000122070312,123.16000366210938,124.20999908447266,95.89276123046875,215826100,
2011-12-13,124.86000061035156,125.56999969482422,122.44999694824219,123.05000305175781,94.99723815917969,245159800,
2011-12-14,122.55999755859375,123.02999877929688,121.47000122070312,121.73999786376953,93.98587036132812,238618800,
2011-12-15,123.02999877929688,123.19999694824219,121.98999786376953,122.18000030517578,94.3255615234375,199109200,
2011-12-16,122.2300033569336,122.94999694824219,121.30000305175781,121.58999633789062,94.4654312133789,220481400,"{""dividend_amount"": 0.77}"
2011-12-19,122.05999755859375,122.31999969482422,120.02999877929688,120.29000091552734,93.45542907714844,183903000,
2011-12-20,122.18000030517578,124.13999938964844,120.37000274658203,123.93000030517578,96.28340911865234,225418100,
2011-12-21,123.93000030517578,124.36000061035156,122.75,124.16999816894531,96.46987915039062,194230900,
2011-12-22,124.62999725341797,125.4000015258789,124.2300033569336,125.2699966430664,97.324462890625,119465400,
2011-12-23,125.66999816894531,126.43000030517578,125.41000366210938,126.38999938964844,98.19462585449219,92187200,
2011-12-27,126.16999816894531,126.81999969482422,126.05999755859375,126.48999786376953,98.27230834960938,86075700,
2011-12-28,126.51000213623047,126.52999877929688,124.7300033569336,124.83000183105469,96.98262023925781,119107100,
2011-12-29,125.23999786376953,126.25,124.86000061035156,126.12000274658203,97.98487091064453,123507200,
2011-12-30,126.0199966430664,126.33000183105469,125.5,125.5,97.5031509399414,95599000,
2012-01-03,127.76000213623047,128.3800048828125,127.43000030517578,127.5,99.05702209472656,193697900,
2012-01-04,127.19999694824219,127.80999755859375,126.70999908447266,127.69999694824219,99.21239471435547,127186500,
2012-01-05,127.01000213623047,128.22999572753906,126.43000030517578,128.0399932861328,99.47651672363281,173895000,
2012-01-06,128.1999969482422,128.22000122070312,127.29000091552734,127.70999908447266,99.2201919555664,148050000,
2012-01-09,128.0,128.17999267578125,127.41000366210938,128.02000427246094,99.46099090576172,99530200,
2012-01-10,129.38999938964844,129.64999389648438,128.9499969482422,129.1300048828125,100.32341003417969,115282000,
2012-01-11,128.72999572753906,129.3699951171875,128.52000427246094,129.1999969482422,100.37777709960938,111540700,
2012-01-12,129.57000732421875,129.6999969482422,128.5399932861328,129.50999450683594,100.61857604980469,118983700,
2012-01-13,128.63999938964844,129.0500030517578,127.72000122070312,128.83999633789062,100.09807586669922,179836200,
2012-01-17,130.0800018310547,130.32000732421875,128.89999389648438,129.33999633789062,100.4865493774414,132209200,
2012-01-18,129.30999755859375,130.83999633789062,129.0800018310547,130.77000427246094,101.59754943847656,163395200,
2012-01-19,131.22000122070312,131.57000732421875,130.8000030517578,131.4600067138672,102.13360595703125,126328900,
2012-01-20,131.24000549316406,131.9499969482422,130.9199981689453,131.9499969482422,102.51427459716797,138230200,
2012-01-23,131.50999450683594,132.25,130.97999572753906,131.61000061035156,102.25015258789062,129295800,
2012-01-24,130.8000030517578,131.5,130.60000610351562,131.4600067138672,102.13360595703125,103083300,
2012-01-25,131.25999450683594,132.8699951171875,130.75,132.55999755859375,102.98822021484375,198613200,
2012-01-26,133.14999389648438,133.39999389648438,131.36000061035156,131.8800048828125,102.45993041992188,184880500,
2012-01-27,131.24000549316406,132.0500030517578,131.14999389648438,131.82000732421875,102.41332244873047,135259100,
2012-01-30,130.50999450683594,131.44000244140625,130.05999755859375,131.3699951171875,102.06367492675781,147311800,
2012-01-31,132.02000427246094,132.17999267578125,130.67999267578125,131.32000732421875,102.02485656738281,157212000,
2012-02-01,132.2899932861328,133.13999938964844,132.1300048828125,132.47000122070312,102.91830444335938,166234500,
2012-02-02,132.72999572753906,133.02000427246094,132.2100067138672,132.67999267578125,103.08145141601562,113090400,
2012-02-03,134.0,134.6199951171875,133.77000427246094,134.5399932861328,104.52647399902344,160598500,
2012-02-06,133.97999572753906,134.50999450683594,133.8300018310547,134.4499969482422,104.45658874511719,107694500,
2012-02-07,134.1699981689453,135.02000427246094,133.63999938964844,134.7899932861328,104.72071075439453,135528100,
2012-02-08,134.86000061035156,135.22000122070312,134.30999755859375,135.19000244140625,105.031494140625,139361400,
2012-02-09,135.41000366210938,135.58999633789062,134.55999755859375,135.36000061035156,105.16362762451172,148602900,
2012-02-10,134.16000366210938,134.47000122070312,133.83999633789062,134.36000061035156,104.38666534423828,167907500,
2012-02-13,135.32000732421875,135.52000427246094,134.74000549316406,135.36000061035156,105.16362762451172,115841900,
2012-02-14,135.0,135.27000427246094,134.25,135.19000244140625,105.031494140625,165329500,
2012-02-15,135.6300048828125,135.8300018310547,134.2899932861328,134.55999755859375,104.54204559326172,195195100,
2012-02-16,134.57000732421875,136.1699981689453,134.3300018310547,136.0500030517578,105.69963836669922,186567800,
2012-02-17,136.52000427246094,136.6300048828125,135.9600067138672,136.41000366210938,105.97936248779297,129869400,
2012-02-21,136.72999572753906,137.0500030517578,136.0500030517578,136.47000122070312,106.02596282958984,134042300,
2012-02-22,136.25999450683594,136.5500030517578,135.7899932861328,136.02999877929688,105.68412780761719,124455300,
2012-02-23,135.9600067138672,136.72999572753906,135.5,136.6300048828125,106.1502456665039,137704300,
2012-02-24,136.92999267578125,137.1999969482422,136.6300048828125,136.92999267578125,106.38333129882812,105539100,
2012-02-27,136.02000427246094,137.52999877929688,135.8000030517578,137.16000366210938,106.56200408935547,145728900,
2012-02-28,137.1999969482422,137.72000122070312,136.92999267578125,137.55999755859375,106.87279510498047,129355900,
2012-02-29,137.75999450683594,138.19000244140625,136.5399932861328,137.02000427246094,106.4532699584961,185934700,
2012-03-01,137.30999755859375,137.99000549316406,136.92999267578125,137.72999572753906,107.00487518310547,145023500,
2012-03-02,137.63999938964844,137.82000732421875,137.0,137.30999755859375,106.6785659790039,120638300,
2012-03-05,137.10000610351562,137.1999969482422,136.27999877929688,136.75,106.2435073852539,140765000,
2012-03-06,135.35000610351562,135.42999267578125,134.36000061035156,134.75,104.68964385986328,202129900,
2012-03-07,135.05999755859375,135.91000366210938,134.92999267578125,135.69000244140625,105.41996002197266,143692200,
2012-03-08,136.52000427246094,137.32000732421875,136.24000549316406,137.0399932861328,106.46875762939453,116968900,
2012-03-09,137.3000030517578,137.92999267578125,137.1300048828125,137.57000732421875,106.88059997558594,122836800,
2012-03-12,137.5500030517578,137.75999450683594,137.08999633789062,137.5800018310547,106.88836669921875,104003500,
2012-03-13,138.32000732421875,140.1300048828125,138.08999633789062,140.05999755859375,108.8150863647461,184090500,
2012-03-14,140.10000610351562,140.4499969482422,139.47999572753906,139.91000366210938,108.6985855102539,145163600,
2012-03-15,140.1199951171875,140.77999877929688,139.75999450683594,140.72000122070312,109.32786560058594,165118500,
2012-03-16,140.36000061035156,140.47999572753906,140.0,140.3000030517578,109.4792709350586,152893500,"{""dividend_amount"": 0.614}"
2012-03-19,140.2100067138672,141.27999877929688,140.11000061035156,140.85000610351562,109.90843963623047,125291100,
2012-03-20,140.0500030517578,140.61000061035156,139.63999938964844,140.44000244140625,109.58844757080078,121729700,
2012-03-21,140.52000427246094,140.64999389648438,139.9199981689453,140.2100067138672,109.40901184082031,122388400,
2012-03-22,139.17999267578125,139.5500030517578,138.74000549316406,139.1999969482422,108.62086486816406,135216700,
2012-03-23,139.32000732421875,139.80999755859375,138.5500030517578,139.64999389648438,108.97201538085938,120521000,
2012-03-26,140.64999389648438,141.61000061035156,140.60000610351562,141.61000061035156,110.50147247314453,120164000,
2012-03-27,141.74000549316406,141.8300018310547,141.0800018310547,141.1699981689453,110.1581039428711,119868500,
2012-03-28,141.10000610351562,141.32000732421875,139.63999938964844,140.47000122070312,109.61187744140625,148562100,
2012-03-29,139.63999938964844,140.49000549316406,139.08999633789062,140.22999572753906,109.42463684082031,164963700,
2012-03-30,140.9199981689453,141.0500030517578,140.0500030517578,140.80999755859375,109.87721252441406,135486800,
2012-04-02,140.63999938964844,142.2100067138672,140.36000061035156,141.83999633789062,110.68094635009766,151741100,
2012-04-03,141.63999938964844,141.8800048828125,140.42999267578125,141.25999450683594,110.2283935546875,155806700,
2012-04-04,140.22000122070312,140.33999633789062,139.33999633789062,139.86000061035156,109.1358871459961,146896000,
2012-04-05,139.3800048828125,140.1999969482422,139.25999450683594,139.7899932861328,109.08125305175781,137439400,
2012-04-09,138.02999877929688,139.83999633789062,137.83999633789062,138.22000122070312,107.85618591308594,127555900,
2012-04-10,137.9499969482422,138.33999633789062,135.75999450683594,135.89999389648438,106.04586029052734,235360300,
2012-04-11,137.2899932861328,137.5399932861328,136.75,137.0,106.90418243408203,154133000,
2012-04-12,137.1300048828125,138.89999389648438,137.02999877929688,138.7899932861328,108.30091857910156,154321500,
2012-04-13,138.47000122070312,138.82000732421875,137.00999450683594,137.13999938964844,107.0134506225586,169246700,
2012-04-16,137.83999633789062,138.0399932861328,136.5800018310547,137.0500030517578,106.94322204589844,147825300,
2012-04-17,137.83999633789062,139.36000061035156,137.6999969482422,139.0800018310547,108.52725219726562,147877600,
2012-04-18,138.4600067138672,139.0800018310547,138.3800048828125,138.61000061035156,108.16048431396484,123884200,
2012-04-19,138.6300048828125,139.14999389648438,137.07000732421875,137.72000122070312,107.46601104736328,198666700,
2012-04-20,138.3300018310547,138.8300018310547,137.8699951171875,137.9499969482422,107.64552307128906,143199600,
2012-04-23,136.5399932861328,136.91000366210938,135.94000244140625,136.7899932861328,106.74031066894531,171844900,
2012-04-24,136.91000366210938,137.66000366210938,136.8000030517578,137.30999755859375,107.14608764648438,137484200,
2012-04-25,138.64999389648438,139.25,138.52999877929688,139.19000244140625,108.61308288574219,150252200,
2012-04-26,138.88999938964844,140.32000732421875,138.80999755859375,140.16000366210938,109.37000274658203,136291600,
2012-04-27,140.5800018310547,140.7899932861328,139.8000030517578,140.38999938964844,109.54945373535156,130725000,
2012-04-30,140.11000061035156,140.2100067138672,139.49000549316406,139.8699951171875,109.14372253417969,115092200,
2012-05-01,139.7899932861328,141.66000366210938,139.6300048828125,140.74000549316406,109.82258605957031,138832200,
2012-05-02,139.9199981689453,140.4600067138672,139.4600067138672,140.32000732421875,109.4948501586914,121081000,
2012-05-03,140.33999633789062,140.4499969482422,138.99000549316406,139.25,108.6598892211914,143759700,
2012-05-04,138.52000427246094,139.3000030517578,136.9199981689453,137.0,106.90418243408203,193927300,
2012-05-07,136.50999450683594,137.55999755859375,136.4600067138672,137.10000610351562,106.98219299316406,127765900,
2012-05-08,136.27999877929688,136.77000427246094,134.9199981689453,136.5500030517578,106.55303955078125,213377700,
2012-05-09,135.10000610351562,136.61000061035156,134.49000549316406,135.74000549316406,105.92097473144531,220752500,
2012-05-10,136.67999267578125,136.85000610351562,135.7100067138672,136.02000427246094,106.13947296142578,150600000,
2012-05-11,135.1699981689453,136.8699951171875,135.11000061035156,135.61000061035156,105.81954956054688,153032400,
2012-05-14,134.30999755859375,135.61000061035156,133.91000366210938,134.11000061035156,104.64903259277344,163910000,
2012-05-15,134.02000427246094,134.80999755859375,133.1300048828125,133.33999633789062,104.04820251464844,207629300,
2012-05-16,133.94000244140625,134.5500030517578,132.8000030517578,132.8300018310547,103.6502456665039,207265500,
2012-05-17,132.86000061035156,133.02000427246094,130.7899932861328,130.86000061035156,102.11299896240234,247992900,
2012-05-18,131.3699951171875,131.60000610351562,129.5500030517578,129.74000549316406,101.2390365600586,319615900,
2012-05-21,130.16000366210938,132.02000427246094,129.9499969482422,131.97000122070312,102.97915649414062,177861100,
2012-05-22,132.30999755859375,133.22999572753906,131.33999633789062,132.1999969482422,103.15861511230469,197531200,
2012-05-23,131.25,132.4600067138672,129.99000549316406,132.27000427246094,103.2132797241211,204958400,
2012-05-24,132.6300048828125,132.83999633789062,131.4199981689453,132.52999877929688,103.41615295410156,167357600,
2012-05-25,132.47999572753906,132.85000610351562,131.77999877929688,132.10000610351562,103.08065032958984,135465600,
2012-05-29,133.16000366210938,133.92999267578125,131.1699981689453,133.6999969482422,104.3291015625,152883500,
2012-05-30,132.55999755859375,133.69000244140625,131.49000549316406,131.75999450683594,102.81526947021484,162370400,
2012-05-31,131.7100067138672,132.4499969482422,130.33999633789062,131.47000122070312,102.5889663696289,196186000,
2012-06-01,129.41000366210938,131.5,128.16000366210938,128.16000366210938,100.00613403320312,253240900,
2012-06-04,128.38999938964844,128.74000549316406,127.13999938964844,128.10000610351562,99.9593276977539,202545800,
2012-06-05,127.8499984741211,129.25999450683594,127.77999877929688,129.07000732421875,100.71623992919922,164149400,
2012-06-06,129.97000122070312,132.02999877929688,129.92999267578125,131.97000122070312,102.97915649414062,184202800,
2012-06-07,133.47000122070312,133.52999877929688,131.77999877929688,132.0500030517578,103.04158782958984,184772700,
2012-06-08,131.7100067138672,133.1300048828125,131.2899932861328,133.10000610351562,103.86091613769531,143915400,
2012-06-11,134.1699981689453,134.25,131.27999877929688,131.41000366210938,102.54217529296875,169756100,
2012-06-12,131.7899932861328,133.00999450683594,131.16000366210938,132.9199981689453,103.720458984375,181931800,
2012-06-13,132.52999877929688,133.36000061035156,131.6199951171875,132.07000732421875,103.05719757080078,172223900,
2012-06-14,132.33999633789062,134.0,131.97999572753906,133.47000122070312,104.14966583251953,230615500,
2012-06-15,133.3800048828125,134.25999450683594,133.10000610351562,134.13999938964844,105.21483612060547,169444500,"{""dividend_amount"": 0.688}"
2012-06-18,133.5800018310547,134.72999572753906,133.27999877929688,134.39999389648438,105.4187240600586,131360900,
2012-06-19,135.0800018310547,136.25,134.3699951171875,135.6999969482422,106.43843078613281,137382600,
2012-06-20,135.7100067138672,136.10000610351562,134.27000427246094,135.47999572753906,106.26586151123047,206451800,
2012-06-21,135.63999938964844,135.77999877929688,132.3300018310547,132.44000244140625,103.88138580322266,205272200,
2012-06-22,133.1300048828125,133.7100067138672,132.6199951171875,133.4600067138672,104.68144226074219,130029200,
2012-06-25,132.0500030517578,132.10000610351562,130.85000610351562,131.32000732421875,103.00292205810547,146375700,
2012-06-26,131.6999969482422,132.3800048828125,130.92999267578125,131.97999572753906,103.52056884765625,141634000,
2012-06-27,132.4199981689453,133.42999267578125,131.97000122070312,133.1699981689453,104.45397186279297,108088000,
2012-06-28,132.2899932861328,132.99000549316406,131.27999877929688,132.7899932861328,104.15591430664062,169242100,
2012-06-29,135.1999969482422,136.27000427246094,134.85000610351562,136.10000610351562,106.75216674804688,212250900,
2012-07-02,136.47999572753906,136.64999389648438,135.52000427246094,136.50999450683594,107.07374572753906,129524500,
2012-07-03,136.47999572753906,137.50999450683594,136.33999633789062,137.41000366210938,107.7796859741211,80450000,
2012-07-05,136.89999389648438,137.8000030517578,136.2899932861328,136.7899932861328,107.29337310791016,126177500,
2012-07-06,135.47000122070312,135.77000427246094,134.85000610351562,135.49000549316406,106.27371978759766,151192100,
2012-07-09,135.3800048828125,135.57000732421875,134.6999969482422,135.32000732421875,106.14036560058594,103780500,
2012-07-10,136.00999450683594,136.22999572753906,133.67999267578125,134.13999938964844,105.21483612060547,167884800,
2012-07-11,134.2100067138672,134.60000610351562,133.3800048828125,134.16000366210938,105.23051452636719,141733400,
2012-07-12,133.3800048828125,134.22999572753906,132.60000610351562,133.50999450683594,104.72067260742188,143583200,
2012-07-13,133.86000061035156,135.88999938964844,133.83999633789062,135.75,106.47765350341797,129642600,
2012-07-16,135.44000244140625,135.8300018310547,134.89999389648438,135.42999267578125,106.22661590576172,97525200,
2012-07-17,135.97000122070312,136.63999938964844,134.5500030517578,136.36000061035156,106.95606231689453,138860300,
2012-07-18,136.0399932861328,137.63999938964844,135.9600067138672,137.3699951171875,107.74833679199219,113349700,
2012-07-19,137.64999389648438,138.17999267578125,137.2100067138672,137.72999572753906,108.03068542480469,129847300,
2012-07-20,136.9499969482422,137.16000366210938,136.32000732421875,136.47000122070312,107.04238891601562,142904500,
2012-07-23,134.47000122070312,136.3800048828125,133.83999633789062,135.08999633789062,105.9599838256836,145210900,
2012-07-24,135.19000244140625,135.25,133.02999877929688,133.92999267578125,105.05008697509766,173301200,
2012-07-25,134.2100067138672,134.55999755859375,133.25,133.9600067138672,105.07366180419922,129122300,
2012-07-26,135.88999938964844,136.4600067138672,135.25999450683594,136.1699981689453,106.80706787109375,156526500,
2012-07-27,136.88999938964844,139.07000732421875,136.13999938964844,138.67999267578125,108.77581024169922,236768900,
2012-07-30,138.52000427246094,139.33999633789062,138.27000427246094,138.67999267578125,108.77581024169922,106782000,
2012-07-31,138.49000549316406,138.8699951171875,137.7100067138672,137.7100067138672,108.01500701904297,120575900,
2012-08-01,138.6999969482422,138.72999572753906,137.39999389648438,137.58999633789062,107.92084503173828,138293800,
2012-08-02,136.5500030517578,137.57000732421875,135.5800018310547,136.63999938964844,107.17572784423828,199556600,
2012-08-03,138.55999755859375,139.63999938964844,136.67999267578125,139.35000610351562,109.30133819580078,157825000,
2012-08-06,139.72000122070312,140.1699981689453,139.55999755859375,139.6199951171875,109.51313781738281,86326200,
2012-08-07,140.17999267578125,140.9199981689453,140.02999877929688,140.32000732421875,110.06220245361328,109545100,
2012-08-08,139.85000610351562,140.64999389648438,139.80999755859375,140.49000549316406,110.195556640625,89754700,
2012-08-09,140.2899932861328,140.88999938964844,140.14999389648438,140.61000061035156,110.28966522216797,90291700,
2012-08-10,140.0399932861328,140.88999938964844,139.80999755859375,140.83999633789062,110.47003936767578,99792700,
2012-08-13,140.60000610351562,140.83999633789062,140.0399932861328,140.77000427246094,110.41516876220703,79426900,
2012-08-14,141.2899932861328,141.3800048828125,140.3699951171875,140.7899932861328,110.43083190917969,102379400,
2012-08-15,140.63999938964844,141.19000244140625,140.5500030517578,140.9499969482422,110.55633544921875,71085900,
2012-08-16,141.14999389648438,142.16000366210938,140.8000030517578,141.99000549316406,111.3720703125,112014200,
2012-08-17,142.22999572753906,142.3000030517578,141.86000061035156,142.17999267578125,111.5210952758789,90813700,
2012-08-20,141.97999572753906,142.22000122070312,141.58999633789062,142.19000244140625,111.52896118164062,78255700,
2012-08-21,142.5399932861328,143.08999633789062,141.4499969482422,141.75999450683594,111.19168090820312,105581100,
2012-08-22,141.39999389648438,142.0500030517578,141.07000732421875,141.82000732421875,111.23870849609375,133243500,
2012-08-23,141.47000122070312,141.47999572753906,140.44000244140625,140.66000366210938,110.32886505126953,111466400,
2012-08-24,140.30999755859375,141.8300018310547,140.22000122070312,141.50999450683594,110.99565124511719,99481200,
2012-08-27,141.88999938964844,142.0800018310547,141.33999633789062,141.5399932861328,111.01914978027344,68785900,
2012-08-28,141.17999267578125,141.83999633789062,140.97000122070312,141.39999389648438,110.90931701660156,75689600,
2012-08-29,141.52000427246094,141.88999938964844,141.1199951171875,141.50999450683594,110.99565124511719,65421300,
2012-08-30,140.89999389648438,140.94000244140625,140.19000244140625,140.49000549316406,110.195556640625,96589900,
2012-08-31,141.2899932861328,141.82000732421875,140.36000061035156,141.16000366210938,110.72103118896484,151970400,
2012-09-04,141.0399932861328,141.4600067138672,140.1300048828125,141.02999877929688,110.61908721923828,120226200,
2012-09-05,141.08999633789062,141.47000122070312,140.6300048828125,140.91000366210938,110.52499389648438,100660300,
2012-09-06,141.75999450683594,143.77999877929688,141.75,143.77000427246094,112.76824188232422,158272500,
2012-09-07,144.00999450683594,144.38999938964844,143.8800048828125,144.3300018310547,113.20748138427734,107272100,
2012-09-10,144.19000244140625,144.44000244140625,143.4600067138672,143.50999450683594,112.56429290771484,86458500,
2012-09-11,143.60000610351562,144.3699951171875,143.55999755859375,143.91000366210938,112.8780746459961,88760000,
2012-09-12,144.38999938964844,144.5500030517578,143.89999389648438,144.38999938964844,113.25454711914062,87640900,
2012-09-13,144.3699951171875,147.0399932861328,143.99000549316406,146.58999633789062,114.98017120361328,225470200,
2012-09-14,146.8800048828125,148.11000061035156,146.75999450683594,147.24000549316406,115.4900131225586,169777000,
2012-09-17,146.94000244140625,147.19000244140625,146.3699951171875,146.74000549316406,115.09786224365234,119427800,
2012-09-18,146.49000549316406,146.80999755859375,146.25,146.6199951171875,115.00370788574219,98326600,
2012-09-19,146.7899932861328,147.1699981689453,146.41000366210938,146.6999969482422,115.06640625,128318300,
2012-09-20,146.02999877929688,146.7899932861328,145.6300048828125,146.7100067138672,115.07428741455078,154009800,
2012-09-21,146.63999938964844,146.6699981689453,145.80999755859375,145.8699951171875,115.02619934082031,108737500,"{""dividend_amount"": 0.779}"
2012-09-24,145.14999389648438,145.97999572753906,145.0399932861328,145.64999389648438,114.85269927978516,95682000,
2012-09-25,145.9600067138672,146.24000549316406,144.05999755859375,144.10000610351562,113.63044738769531,133165200,
2012-09-26,144.07000732421875,144.11000061035156,142.9499969482422,143.2899932861328,112.99174499511719,146502200,
2012-09-27,143.88999938964844,144.97000122070312,143.50999450683594,144.63999938964844,114.05628967285156,111830300,
2012-09-28,144.08999633789062,144.55999755859375,143.4600067138672,143.97000122070312,113.52796936035156,150696100,
2012-10-01,144.52000427246094,145.69000244140625,144.00999450683594,144.35000610351562,113.82757568359375,135911200,
2012-10-02,144.9199981689453,145.14999389648438,143.8300018310547,144.5,113.94585418701172,113422200,
2012-10-03,144.88999938964844,145.42999267578125,144.1300048828125,145.08999633789062,114.4111328125,121283100,
2012-10-04,145.63999938964844,146.33999633789062,145.44000244140625,146.1300048828125,115.23123168945312,124311600,
2012-10-05,146.91000366210938,147.16000366210938,145.6999969482422,146.13999938964844,115.2391128540039,124842100,
2012-10-08,145.60000610351562,146.1199951171875,145.30999755859375,145.63999938964844,114.84481811523438,78415400,
2012-10-09,145.52999877929688,145.64999389648438,144.14999389648438,144.1999969482422,113.70932006835938,148872900,
2012-10-10,144.17999267578125,144.32000732421875,143.08999633789062,143.27999877929688,112.98384094238281,124247500,
2012-10-11,144.27999877929688,144.49000549316406,143.3300018310547,143.36000061035156,113.04691314697266,123601500,
2012-10-12,143.4600067138672,143.9499969482422,142.5800018310547,142.88999938964844,112.67632293701172,124181900,
2012-10-15,143.22999572753906,144.22999572753906,142.77000427246094,144.0800018310547,113.61470031738281,107689100,
2012-10-16,144.75999450683594,145.63999938964844,144.66000366210938,145.5399932861328,114.7659683227539,108815500,
2012-10-17,145.63999938964844,146.32000732421875,145.4199981689453,146.1999969482422,115.28639221191406,128834100,
2012-10-18,145.82000732421875,146.52000427246094,145.3300018310547,145.82000732421875,114.98675537109375,148108500,
2012-10-19,145.5500030517578,145.55999755859375,143.0500030517578,143.38999938964844,113.07058715820312,185645200,
2012-10-22,143.14999389648438,143.6699981689453,142.27999877929688,143.41000366210938,113.08635711669922,125578600,
2012-10-23,141.86000061035156,142.05999755859375,140.8300018310547,141.4199981689453,111.51713562011719,192056300,
2012-10-24,141.92999267578125,142.10000610351562,140.8000030517578,141.02000427246094,111.2016830444336,120179400,
2012-10-25,142.02000427246094,142.27999877929688,140.57000732421875,141.42999267578125,111.52499389648438,134457400,
2012-10-26,141.3000030517578,141.83999633789062,140.38999938964844,141.35000610351562,111.4619369506836,146023500,
2012-10-31,141.85000610351562,142.02999877929688,140.67999267578125,141.35000610351562,111.4619369506836,103438500,
2012-11-01,141.64999389648438,143.00999450683594,141.52000427246094,142.8300018310547,112.62895965576172,100995600,
2012-11-02,143.67999267578125,143.72000122070312,141.41000366210938,141.55999755859375,111.62749481201172,137702200,
2012-11-05,141.35000610351562,142.1699981689453,140.92999267578125,141.85000610351562,111.8562240600586,98378500,
2012-11-06,142.27999877929688,143.52000427246094,142.1300048828125,142.9600067138672,112.73151397705078,107068100,
2012-11-07,141.66000366210938,141.67999267578125,139.05999755859375,139.72000122070312,110.17658233642578,264304500,
2012-11-08,139.6999969482422,140.41000366210938,137.92999267578125,138.0399932861328,108.851806640625,181517300,
2012-11-09,137.6199951171875,139.44000244140625,137.5500030517578,138.16000366210938,108.94647979736328,201055300,
2012-11-12,138.58999633789062,138.80999755859375,137.9600067138672,138.27000427246094,109.03321075439453,97677500,
2012-11-13,137.5399932861328,139.25,137.36000061035156,137.7899932861328,108.65467834472656,123018300,
2012-11-14,138.2100067138672,138.42999267578125,135.6199951171875,135.92999267578125,107.18798065185547,191505000,
2012-11-15,135.97999572753906,136.49000549316406,135.17999267578125,135.6999969482422,107.0066146850586,178128400,
2012-11-16,135.89999389648438,136.63999938964844,134.6999969482422,136.3699951171875,107.5349349975586,239483900,
2012-11-19,137.89999389648438,139.14999389648438,136.41000366210938,139.1300048828125,109.71134185791016,151495800,
2012-11-20,138.91000366210938,139.4199981689453,138.0800018310547,139.19000244140625,109.75865173339844,119807400,
2012-11-21,139.30999755859375,139.57000732421875,139.02999877929688,139.4499969482422,109.96368408203125,81710800,
2012-11-23,140.1300048828125,141.39999389648438,140.0399932861328,141.35000610351562,111.4619369506836,65409200,
2012-11-26,140.64999389648438,141.36000061035156,140.19000244140625,141.0500030517578,111.22537994384766,100124400,
2012-11-27,140.91000366210938,141.38999938964844,140.24000549316406,140.3300018310547,110.65763854980469,128646200,
2012-11-28,139.75999450683594,141.5399932861328,139.0,141.4600067138672,111.54869079589844,177086500,
2012-11-29,141.99000549316406,142.50999450683594,141.3699951171875,142.1199951171875,112.069091796875,151085900,
2012-11-30,142.13999938964844,142.4199981689453,141.66000366210938,142.14999389648438,112.09275817871094,136568300,
2012-12-03,142.8000030517578,142.9199981689453,141.33999633789062,141.4499969482422,111.54080200195312,124656300,
2012-12-04,141.44000244140625,141.8699951171875,140.8699951171875,141.25,111.38307189941406,127512200,
2012-12-05,141.3699951171875,142.16000366210938,140.3699951171875,141.5,111.58021545410156,147300500,
2012-12-06,141.3699951171875,142.0399932861328,141.16000366210938,141.97999572753906,111.9587173461914,103220600,
2012-12-07,142.52999877929688,142.69000244140625,141.6699981689453,142.41000366210938,112.29779052734375,108726400,
2012-12-10,142.2100067138672,142.80999755859375,142.14999389648438,142.47000122070312,112.3450927734375,98840700,
2012-12-11,143.05999755859375,144.11000061035156,142.99000549316406,143.44000244140625,113.11002349853516,152570400,
2012-12-12,144.0,144.5500030517578,143.30999755859375,143.50999450683594,113.16519927978516,145880100,
2012-12-13,143.4199981689453,143.8300018310547,142.27000427246094,142.6300048828125,112.47132873535156,135715000,
2012-12-14,142.32000732421875,142.5800018310547,141.8800048828125,142.10000610351562,112.0533676147461,137701700,
2012-12-17,142.47000122070312,143.85000610351562,142.42999267578125,143.77000427246094,113.37022399902344,143238200,
2012-12-18,144.0,145.5,143.7899932861328,145.3699951171875,114.63195037841797,177762800,
2012-12-19,145.52999877929688,145.5800018310547,144.24000549316406,144.2899932861328,113.78022766113281,150895400,
2012-12-20,144.3800048828125,145.13999938964844,143.97999572753906,145.1199951171875,114.43482208251953,168487000,
2012-12-21,142.1699981689453,144.08999633789062,141.94000244140625,142.7899932861328,113.39604187011719,245883800,"{""dividend_amount"": 1.022}"
2012-12-24,142.47999572753906,142.55999755859375,142.19000244140625,142.35000610351562,113.04658508300781,53874600,
2012-12-26,142.63999938964844,142.7100067138672,141.35000610351562,141.75,112.5700912475586,106947700,
2012-12-27,141.7899932861328,142.0800018310547,139.9199981689453,141.55999755859375,112.4192123413086,167920600,
2012-12-28,140.63999938964844,141.4199981689453,139.8699951171875,140.02999877929688,111.20419311523438,148806700,
2012-12-31,139.66000366210938,142.55999755859375,139.5399932861328,142.41000366210938,113.09426879882812,243935200,
2013-01-02,145.11000061035156,146.14999389648438,144.72999572753906,146.05999755859375,115.99288177490234,192059000,
2013-01-03,145.99000549316406,146.3699951171875,145.33999633789062,145.72999572753906,115.73085021972656,144761800,
2013-01-04,145.97000122070312,146.61000061035156,145.6699981689453,146.3699951171875,116.23904418945312,116817700,
2013-01-07,145.85000610351562,146.11000061035156,145.42999267578125,145.97000122070312,115.92146301269531,110002500,
2013-01-08,145.7100067138672,145.91000366210938,144.97999572753906,145.5500030517578,115.587890625,121265100,
2013-01-09,145.8699951171875,146.32000732421875,145.63999938964844,145.9199981689453,115.88172912597656,90745600,
2013-01-10,146.72999572753906,147.08999633789062,145.97000122070312,147.0800018310547,116.80292510986328,130735400,
2013-01-11,147.0399932861328,147.14999389648438,146.61000061035156,147.07000732421875,116.79496765136719,113917300,
2013-01-14,146.88999938964844,147.07000732421875,146.42999267578125,146.97000122070312,116.71556854248047,89567200,
2013-01-15,146.2899932861328,147.2100067138672,146.1999969482422,147.07000732421875,116.79496765136719,93172600,
2013-01-16,146.77000427246094,147.27999877929688,146.61000061035156,147.0500030517578,116.77911376953125,104849500,
2013-01-17,147.6999969482422,148.4199981689453,147.14999389648438,148.0,117.53350830078125,133833500,
2013-01-18,147.97000122070312,148.49000549316406,147.42999267578125,148.3300018310547,117.79560852050781,169906000,
2013-01-22,148.3300018310547,149.1300048828125,147.97999572753906,149.1300048828125,118.430908203125,111797300,
2013-01-23,149.1300048828125,149.5,148.86000061035156,149.3699951171875,118.62154388427734,104596100,
2013-01-24,149.14999389648438,150.13999938964844,149.00999450683594,149.41000366210938,118.65325927734375,146426400,
2013-01-25,149.8800048828125,150.25,149.3699951171875,150.25,119.3203353881836,147211600,
2013-01-28,150.2899932861328,150.3300018310547,149.50999450683594,150.07000732421875,119.17741394042969,113357700,
2013-01-29,149.77000427246094,150.85000610351562,149.6699981689453,150.66000366210938,119.6459732055664,105694400,
2013-01-30,150.63999938964844,150.94000244140625,149.92999267578125,150.07000732421875,119.17741394042969,137447700,
2013-01-31,149.88999938964844,150.3800048828125,149.60000610351562,149.6999969482422,118.8835678100586,108975800,
2013-02-01,150.64999389648438,151.4199981689453,150.38999938964844,151.24000549316406,120.10655975341797,131173000,
2013-02-04,150.32000732421875,151.27000427246094,149.42999267578125,149.5399932861328,118.75650024414062,159073600,
2013-02-05,150.35000610351562,151.47999572753906,150.2899932861328,151.0500030517578,119.95572662353516,113912400,
2013-02-06,150.52000427246094,151.25999450683594,150.41000366210938,151.16000366210938,120.04310607910156,138762800,
2013-02-07,151.2100067138672,151.35000610351562,149.86000061035156,150.9600067138672,119.88423156738281,162490000,
2013-02-08,151.22000122070312,151.88999938964844,151.22000122070312,151.8000030517578,120.55128479003906,103133700,
2013-02-11,151.74000549316406,151.89999389648438,151.38999938964844,151.77000427246094,120.52747344970703,73775000,
2013-02-12,151.77999877929688,152.3000030517578,151.61000061035156,152.02000427246094,120.72598266601562,65392700,
2013-02-13,152.3300018310547,152.61000061035156,151.72000122070312,152.14999389648438,120.8292236328125,82322600,
2013-02-14,151.69000244140625,152.47000122070312,151.52000427246094,152.2899932861328,120.94041442871094,80834300,
2013-02-15,152.42999267578125,152.58999633789062,151.5500030517578,152.11000061035156,120.79745483398438,215226500,
2013-02-19,152.3699951171875,153.27999877929688,152.16000366210938,153.25,121.70281219482422,95105400,
2013-02-20,153.13999938964844,153.19000244140625,151.25999450683594,151.33999633789062,120.18600463867188,160574800,
2013-02-21,150.9600067138672,151.4199981689453,149.94000244140625,150.4199981689453,119.4553451538086,183257000,
2013-02-22,151.14999389648438,151.88999938964844,150.49000549316406,151.88999938964844,120.6227035522461,106356600,
2013-02-25,152.6300048828125,152.86000061035156,149.0,149.0,118.32771301269531,245824800,
2013-02-26,149.72000122070312,150.1999969482422,148.72999572753906,150.02000427246094,119.13770294189453,186596200,
2013-02-27,149.88999938964844,152.3300018310547,149.75999450683594,151.91000366210938,120.63862609863281,150781900,
2013-02-28,151.89999389648438,152.8699951171875,151.41000366210938,151.61000061035156,120.40042114257812,126866000,
2013-03-01,151.08999633789062,152.33999633789062,150.41000366210938,152.11000061035156,120.79745483398438,170634800,
2013-03-04,151.75999450683594,152.9199981689453,151.52000427246094,152.9199981689453,121.44075012207031,99010200,
2013-03-05,153.66000366210938,154.6999969482422,153.63999938964844,154.2899932861328,122.52867889404297,121431900,
2013-03-06,154.83999633789062,154.9199981689453,154.16000366210938,154.5,122.69547271728516,94469900,
2013-03-07,154.6999969482422,154.97999572753906,154.52000427246094,154.77999877929688,122.91785430908203,86101400,
2013-03-08,155.4600067138672,155.64999389648438,154.66000366210938,155.44000244140625,123.44195556640625,123477800,
2013-03-11,155.32000732421875,156.0399932861328,155.1300048828125,156.02999877929688,123.91050720214844,83746800,
2013-03-12,155.9199981689453,156.10000610351562,155.2100067138672,155.67999267578125,123.63257598876953,105755800,
2013-03-13,155.75999450683594,156.1199951171875,155.22999572753906,155.89999389648438,123.80722045898438,92550900,
2013-03-14,156.30999755859375,156.8000030517578,155.91000366210938,156.72999572753906,124.46644592285156,126329900,
2013-03-15,155.85000610351562,156.0399932861328,155.30999755859375,155.8300018310547,124.30207061767578,138601100,"{""dividend_amount"": 0.694}"
2013-03-18,154.33999633789062,155.63999938964844,154.1999969482422,154.97000122070312,123.6160888671875,126704300,
2013-03-19,155.3000030517578,155.50999450683594,153.58999633789062,154.61000061035156,123.32894134521484,167567300,
2013-03-20,155.52000427246094,155.9499969482422,155.25999450683594,155.69000244140625,124.1904296875,113759300,
2013-03-21,154.75999450683594,155.63999938964844,154.10000610351562,154.36000061035156,123.12948608398438,128605000,
2013-03-22,154.85000610351562,155.60000610351562,154.72999572753906,155.60000610351562,124.11863708496094,111163600,
2013-03-25,156.00999450683594,156.27000427246094,154.35000610351562,154.9499969482422,123.6001205444336,151322300,
2013-03-26,155.58999633789062,156.22999572753906,155.4199981689453,156.19000244140625,124.5892562866211,86856600,
2013-03-27,155.25999450683594,156.24000549316406,155.0,156.19000244140625,124.5892562866211,99950600,
2013-03-28,156.08999633789062,156.85000610351562,155.75,156.6699981689453,124.97217559814453,102932800,
2013-04-01,156.58999633789062,156.91000366210938,155.6699981689453,156.0500030517578,124.4775619506836,99194100,
2013-04-02,156.61000061035156,157.2100067138672,156.3699951171875,156.82000732421875,125.09181213378906,101504300,
2013-04-03,156.91000366210938,157.02999877929688,154.82000732421875,155.22999572753906,123.82352447509766,154167400,
2013-04-04,155.42999267578125,156.1699981689453,155.08999633789062,155.86000061035156,124.3260726928711,131885000,
2013-04-05,153.9499969482422,155.35000610351562,153.77000427246094,155.16000366210938,123.7677001953125,159666000,
2013-04-08,155.27000427246094,156.22000122070312,154.75,156.2100067138672,124.60519409179688,86571200,
2013-04-09,156.5,157.32000732421875,155.97999572753906,156.75,125.03593444824219,101922200,
2013-04-10,157.1699981689453,158.8699951171875,157.1300048828125,158.6699981689453,126.56747436523438,135711100,
2013-04-11,158.6999969482422,159.7100067138672,158.5399932861328,159.19000244140625,126.9822769165039,110142500,
2013-04-12,158.67999267578125,159.0399932861328,157.9199981689453,158.8000030517578,126.67125701904297,116359900,
2013-04-15,158.0,158.1300048828125,155.10000610351562,155.1199951171875,123.73573303222656,217259000,
2013-04-16,156.2899932861328,157.49000549316406,155.91000366210938,157.41000366210938,125.56246948242188,147507800,
2013-04-17,156.2899932861328,156.32000732421875,154.27999877929688,155.11000061035156,123.72777557373047,226834800,
2013-04-18,155.3699951171875,155.41000366210938,153.5500030517578,154.13999938964844,122.9539794921875,167583200,
2013-04-19,154.5,155.5500030517578,154.1199951171875,155.47999572753906,124.02288055419922,149687600,
2013-04-22,155.77999877929688,156.5399932861328,154.75,156.1699981689453,124.57333374023438,106553500,
2013-04-23,156.9499969482422,157.92999267578125,156.1699981689453,157.77999877929688,125.85752868652344,166141300,
2013-04-24,157.8300018310547,158.3000030517578,157.5399932861328,157.8800048828125,125.93730926513672,96781200,
2013-04-25,158.33999633789062,159.27000427246094,158.10000610351562,158.52000427246094,126.44783020019531,131060600,
2013-04-26,158.3300018310547,158.60000610351562,157.72999572753906,158.24000549316406,126.22449493408203,95918800,
2013-04-29,158.6699981689453,159.64999389648438,158.4199981689453,159.3000030517578,127.07005310058594,88572800,
2013-04-30,159.27000427246094,159.72000122070312,158.61000061035156,159.67999267578125,127.37317657470703,116010700,
2013-05-01,159.3300018310547,159.41000366210938,158.10000610351562,158.27999877929688,126.2564697265625,138874200,
2013-05-02,158.67999267578125,159.88999938964844,158.52999877929688,159.75,127.42899322509766,96407600,
2013-05-03,161.13999938964844,161.8800048828125,159.77999877929688,161.3699951171875,128.72119140625,144202300,
2013-05-06,161.49000549316406,162.00999450683594,161.4199981689453,161.77999877929688,129.04827880859375,66882100,
2013-05-07,162.1300048828125,162.64999389648438,161.6699981689453,162.60000610351562,129.70237731933594,90359200,
2013-05-08,162.4199981689453,163.38999938964844,162.3300018310547,163.33999633789062,130.29269409179688,97419200,
2013-05-09,163.27000427246094,163.6999969482422,162.47000122070312,162.8800048828125,129.9257354736328,106738600,
2013-05-10,162.99000549316406,163.5500030517578,162.50999450683594,163.41000366210938,130.34849548339844,103203000,
2013-05-13,163.1999969482422,163.80999755859375,162.82000732421875,163.5399932861328,130.4521942138672,81843200,
2013-05-14,163.6699981689453,165.35000610351562,163.6699981689453,165.22999572753906,131.8002166748047,119000900,
2013-05-15,164.9600067138672,166.4499969482422,164.91000366210938,166.1199951171875,132.51019287109375,120718500,
2013-05-16,165.77999877929688,166.36000061035156,165.08999633789062,165.33999633789062,131.88804626464844,109913600,
2013-05-17,165.9499969482422,167.0399932861328,165.72999572753906,166.94000244140625,133.16429138183594,129801000,
2013-05-20,166.77999877929688,167.5800018310547,166.61000061035156,166.92999267578125,133.15626525878906,85071200,
2013-05-21,167.0800018310547,167.8000030517578,166.5,167.1699981689453,133.34779357910156,95804200,
2013-05-22,167.33999633789062,169.07000732421875,165.1699981689453,165.92999267578125,132.35865783691406,244031800,
2013-05-23,164.16000366210938,165.91000366210938,163.94000244140625,165.4499969482422,131.9757537841797,211064400,
2013-05-24,164.47000122070312,165.3800048828125,163.97999572753906,165.30999755859375,131.86402893066406,151573900,
2013-05-28,167.0399932861328,167.77999877929688,165.80999755859375,166.3000030517578,132.65377807617188,143679800,
2013-05-29,165.4199981689453,165.8000030517578,164.33999633789062,165.22000122070312,131.79226684570312,160363400,
2013-05-30,165.35000610351562,166.58999633789062,165.22000122070312,165.8300018310547,132.27890014648438,107793800,
2013-05-31,165.3699951171875,166.30999755859375,163.1300048828125,163.4499969482422,130.38038635253906,176850100,
2013-06-03,163.8300018310547,164.4600067138672,162.66000366210938,164.35000610351562,131.0983123779297,168390700,
2013-06-04,164.44000244140625,165.10000610351562,162.72999572753906,163.55999755859375,130.46812438964844,157631500,
2013-06-05,163.08999633789062,163.4199981689453,161.1300048828125,161.27000427246094,128.64149475097656,211737800,
2013-06-06,161.1999969482422,162.74000549316406,160.25,162.72999572753906,129.80615234375,200225500,
2013-06-07,163.85000610351562,164.9499969482422,163.13999938964844,164.8000030517578,131.457275390625,188337800,
2013-06-10,165.30999755859375,165.39999389648438,164.3699951171875,164.8000030517578,131.457275390625,105667100,
2013-06-11,163.3000030517578,164.5399932861328,162.74000549316406,163.10000610351562,130.1012420654297,159505400,
2013-06-12,164.22000122070312,164.38999938964844,161.60000610351562,161.75,129.0243377685547,177361500,
2013-06-13,161.66000366210938,164.5,161.3000030517578,164.2100067138672,130.9866485595703,163587800,
2013-06-14,164.02999877929688,164.6699981689453,162.91000366210938,163.17999267578125,130.16500854492188,141197500,
2013-06-17,164.2899932861328,165.22000122070312,163.22000122070312,164.44000244140625,131.1701202392578,136295600,
2013-06-18,164.52999877929688,165.99000549316406,164.52000427246094,165.74000549316406,132.20704650878906,114695600,
2013-06-19,165.60000610351562,165.88999938964844,163.3800048828125,163.4499969482422,130.38038635253906,206149500,
2013-06-20,161.86000061035156,163.47000122070312,158.97999572753906,159.39999389648438,127.1498031616211,321255900,
2013-06-21,159.63999938964844,159.75999450683594,157.47000122070312,159.07000732421875,127.55799865722656,271956800,"{""dividend_amount"": 0.839}"
2013-06-24,157.41000366210938,158.42999267578125,155.72999572753906,157.05999755859375,125.94618225097656,222329000,
2013-06-25,158.47999572753906,160.10000610351562,157.4199981689453,158.57000732421875,127.15704345703125,162262200,
2013-06-26,159.8699951171875,160.5,159.25,160.13999938964844,128.41603088378906,134848000,
2013-06-27,161.10000610351562,161.82000732421875,160.9499969482422,161.0800018310547,129.16976928710938,129483700,
2013-06-28,160.6300048828125,161.39999389648438,159.86000061035156,160.4199981689453,128.6405029296875,160402900,
2013-07-01,161.25999450683594,162.47999572753906,161.0800018310547,161.36000061035156,129.3943328857422,131954800,
2013-07-02,161.1199951171875,162.3000030517578,160.5,161.2100067138672,129.27398681640625,154863700,
2013-07-03,160.47999572753906,161.77000427246094,160.22000122070312,161.27999877929688,129.33018493652344,75216400,
2013-07-05,162.47000122070312,163.0800018310547,161.3000030517578,163.02000427246094,130.72549438476562,122416900,
2013-07-08,163.86000061035156,164.38999938964844,163.0800018310547,163.9499969482422,131.4712371826172,108092500,
2013-07-09,164.97999572753906,165.3300018310547,164.27000427246094,165.1300048828125,132.41748046875,119298000,
2013-07-10,164.97000122070312,165.75,164.6300048828125,165.19000244140625,132.46559143066406,121410100,
2013-07-11,167.11000061035156,167.61000061035156,165.17999267578125,167.44000244140625,134.2698974609375,135592200,
2013-07-12,167.38999938964844,167.92999267578125,167.1300048828125,167.50999450683594,134.32598876953125,104212700,
2013-07-15,167.97000122070312,168.38999938964844,167.67999267578125,168.14999389648438,134.83917236328125,69450600,
2013-07-16,168.25999450683594,168.36000061035156,167.07000732421875,167.52000427246094,134.3340301513672,88702100,
2013-07-17,168.16000366210938,168.47999572753906,167.72999572753906,167.9499969482422,134.67884826660156,92873900,
2013-07-18,168.30999755859375,169.27000427246094,168.1999969482422,168.8699951171875,135.41659545898438,103620100,
2013-07-19,168.52000427246094,169.22999572753906,168.30999755859375,169.1699981689453,135.6571807861328,103831700,
2013-07-22,169.41000366210938,169.74000549316406,169.00999450683594,169.5,135.92178344726562,79428600,
2013-07-23,169.8000030517578,169.8300018310547,169.0500030517578,169.13999938964844,135.63307189941406,80829700,
2013-07-24,169.7899932861328,169.86000061035156,168.17999267578125,168.52000427246094,135.13592529296875,112914000,
2013-07-25,168.22000122070312,169.0800018310547,167.94000244140625,168.92999267578125,135.46469116210938,111088600,
2013-07-26,168.22000122070312,169.16000366210938,167.52000427246094,169.11000061035156,135.60906982421875,107814600,
2013-07-29,168.67999267578125,169.05999755859375,168.11000061035156,168.58999633789062,135.19203186035156,79695000,
2013-07-30,169.10000610351562,169.27999877929688,168.19000244140625,168.58999633789062,135.19203186035156,85209600,
2013-07-31,168.94000244140625,169.85000610351562,168.49000549316406,168.7100067138672,135.2882843017578,142388700,
2013-08-01,169.99000549316406,170.80999755859375,169.89999389648438,170.66000366210938,136.85195922851562,110438400,
2013-08-02,170.27999877929688,170.97000122070312,170.0500030517578,170.9499969482422,137.0845489501953,91116700,
2013-08-05,170.57000732421875,170.9600067138672,170.35000610351562,170.6999969482422,136.88404846191406,54072700,
2013-08-06,170.3699951171875,170.74000549316406,169.35000610351562,169.72999572753906,136.1062469482422,87495000,
2013-08-07,169.19000244140625,169.42999267578125,168.5500030517578,169.17999267578125,135.66513061523438,84854700,
2013-08-08,169.97999572753906,170.17999267578125,168.92999267578125,169.8000030517578,136.16233825683594,102181300,
2013-08-09,169.5800018310547,170.10000610351562,168.72000122070312,169.30999755859375,135.76942443847656,91757700,
2013-08-12,168.4600067138672,169.30999755859375,168.3800048828125,169.11000061035156,135.60906982421875,68593300,
2013-08-13,169.41000366210938,169.89999389648438,168.41000366210938,169.61000061035156,136.01004028320312,80806000,
2013-08-14,169.52999877929688,169.8000030517578,168.6999969482422,168.74000549316406,135.31236267089844,79829200,
2013-08-15,167.41000366210938,167.42999267578125,166.08999633789062,166.3800048828125,133.4198455810547,152931800,
2013-08-16,166.05999755859375,166.6300048828125,165.5,165.8300018310547,132.97882080078125,130868200,
2013-08-19,165.63999938964844,166.2100067138672,164.75999450683594,164.77000427246094,132.12879943847656,96437600,
2013-08-20,165.0399932861328,166.1999969482422,164.86000061035156,165.5800018310547,132.77833557128906,89294400,
2013-08-21,165.1199951171875,166.02999877929688,164.19000244140625,164.55999755859375,131.9604034423828,159530500,
2013-08-22,164.89999389648438,166.3000030517578,164.88999938964844,166.05999755859375,133.1632537841797,101471400,
2013-08-23,166.5500030517578,166.8300018310547,165.77000427246094,166.6199951171875,133.61227416992188,90888900,
2013-08-26,166.7899932861328,167.3000030517578,165.88999938964844,166.0,133.11508178710938,89702100,
2013-08-27,164.36000061035156,166.0,163.2100067138672,163.3300018310547,130.97406005859375,158619400,
2013-08-28,163.25999450683594,164.49000549316406,163.0500030517578,163.91000366210938,131.43919372558594,108113000,
2013-08-29,163.5500030517578,165.0399932861328,163.39999389648438,164.1699981689453,131.6475830078125,119200500,
2013-08-30,164.50999450683594,164.52999877929688,163.1699981689453,163.64999389648438,131.2305908203125,134928900,
2013-09-03,165.22999572753906,165.5800018310547,163.6999969482422,164.38999938964844,131.82406616210938,142375100,
2013-09-04,164.42999267578125,166.02999877929688,164.1300048828125,165.75,132.9146728515625,97389400,
2013-09-05,165.85000610351562,166.39999389648438,165.72999572753906,165.9600067138672,133.0831298828125,63090500,
2013-09-06,166.50999450683594,166.97999572753906,164.47999572753906,166.0399932861328,133.1472625732422,159756500,
2013-09-09,166.4499969482422,167.72999572753906,166.4499969482422,167.6300048828125,134.42222595214844,87559300,
2013-09-10,168.63999938964844,168.89999389648438,168.25999450683594,168.8699951171875,135.41659545898438,105847200,
2013-09-11,168.63999938964844,169.39999389648438,168.35000610351562,169.39999389648438,135.841552734375,94545900,
2013-09-12,169.33999633789062,169.55999755859375,168.72000122070312,168.9499969482422,135.48072814941406,83209000,
2013-09-13,169.1300048828125,169.4600067138672,168.74000549316406,169.3300018310547,135.78543090820312,72727800,
2013-09-16,171.16000366210938,171.24000549316406,170.0399932861328,170.30999755859375,136.5713653564453,106299200,
2013-09-17,170.4600067138672,171.11000061035156,170.4600067138672,171.07000732421875,137.1807403564453,82523300,
2013-09-18,171.00999450683594,173.52000427246094,170.5800018310547,173.0500030517578,138.76853942871094,203460600,
2013-09-19,173.52000427246094,173.60000610351562,172.58999633789062,172.75999450683594,138.5359649658203,146616900,
2013-09-20,172.3300018310547,172.3300018310547,170.5800018310547,170.72000122070312,137.56739807128906,132867100,"{""dividend_amount"": 0.838}"
2013-09-23,170.49000549316406,170.64999389648438,169.38999938964844,169.92999267578125,136.9307861328125,104616500,
2013-09-24,169.89999389648438,170.52999877929688,169.2100067138672,169.52999877929688,136.60848999023438,106333100,
2013-09-25,169.63999938964844,169.97999572753906,168.88999938964844,169.0399932861328,136.21365356445312,117306500,
2013-09-26,169.32000732421875,170.1699981689453,169.0500030517578,169.69000244140625,136.73741149902344,77146900,
2013-09-27,168.83999633789062,169.13999938964844,168.47000122070312,168.91000366210938,136.10887145996094,99141800,
2013-09-30,167.47999572753906,168.5399932861328,167.14999389648438,168.00999450683594,135.38363647460938,143937000,
2013-10-01,168.13999938964844,169.5,167.97000122070312,169.33999633789062,136.4553680419922,127160000,
2013-10-02,168.35000610351562,169.33999633789062,167.8300018310547,169.17999267578125,136.32643127441406,113350000,
2013-10-03,168.7899932861328,168.94000244140625,166.83999633789062,167.6199951171875,135.0694580078125,176698000,
2013-10-04,167.75,169.05999755859375,167.52999877929688,168.88999938964844,136.09280395507812,96878000,
2013-10-07,167.4199981689453,168.4499969482422,167.25,167.42999267578125,134.9163055419922,96295000,
2013-10-08,167.39999389648438,167.6199951171875,165.36000061035156,165.47999572753906,133.344970703125,178015000,
2013-10-09,165.8000030517578,166.1999969482422,164.52999877929688,165.60000610351562,133.44166564941406,168973000,
2013-10-10,167.2899932861328,169.25999450683594,167.22999572753906,169.1699981689453,136.31837463378906,195955000,
2013-10-11,168.91000366210938,170.32000732421875,168.77000427246094,170.25999450683594,137.19668579101562,105040000,
2013-10-14,169.2100067138672,171.0800018310547,169.0800018310547,170.94000244140625,137.74461364746094,112106000,
2013-10-15,170.50999450683594,171.14999389648438,169.47000122070312,169.6999969482422,136.7454833984375,155485000,
2013-10-16,170.72000122070312,172.16000366210938,170.63999938964844,172.07000732421875,138.6552734375,161676000,
2013-10-17,171.3699951171875,173.32000732421875,171.33999633789062,173.22000122070312,139.58192443847656,129389000,
2013-10-18,173.86000061035156,174.50999450683594,173.50999450683594,174.38999938964844,140.52471923828125,138316000,
2013-10-21,174.4499969482422,174.75,174.00999450683594,174.39999389648438,140.53274536132812,104104000,
2013-10-22,174.91000366210938,175.92999267578125,174.42999267578125,175.41000366210938,141.34661865234375,126663000,
2013-10-23,174.80999755859375,174.88999938964844,173.9600067138672,174.57000732421875,140.66973876953125,105484000,
2013-10-24,174.9199981689453,175.3699951171875,174.50999450683594,175.14999389648438,141.13710021972656,70350000,
2013-10-25,175.50999450683594,176.0,175.1699981689453,175.9499969482422,141.78173828125,93625000,
2013-10-28,175.88999938964844,176.47000122070312,175.6999969482422,176.22999572753906,142.00735473632812,84979000,
2013-10-29,176.6300048828125,177.24000549316406,176.3800048828125,177.1699981689453,142.76486206054688,87401000,
2013-10-30,177.3800048828125,177.50999450683594,175.66000366210938,176.2899932861328,142.05572509765625,140002000,
2013-10-31,176.14999389648438,176.88999938964844,175.52999877929688,175.7899932861328,141.65286254882812,133795000,
2013-11-01,176.02000427246094,176.61000061035156,175.22000122070312,176.2100067138672,141.99131774902344,142805000,
2013-11-04,176.69000244140625,176.89999389648438,175.97999572753906,176.8300018310547,142.4908447265625,85677000,
2013-11-05,176.13999938964844,176.75,175.57000732421875,176.27000427246094,142.0396270751953,85825000,
2013-11-06,177.02999877929688,177.5,176.5399932861328,177.1699981689453,142.76486206054688,87348000,
2013-11-07,177.5,177.63999938964844,174.75999450683594,174.92999267578125,140.95985412597656,157000000,
2013-11-08,174.8699951171875,177.30999755859375,174.85000610351562,177.2899932861328,142.86158752441406,136713000,
2013-11-11,177.1199951171875,177.52999877929688,176.91000366210938,177.32000732421875,142.88571166992188,62614000,
2013-11-12,176.94000244140625,177.36000061035156,176.3699951171875,176.9600067138672,142.5956268310547,83990000,
2013-11-13,176.08999633789062,178.42999267578125,176.08999633789062,178.3800048828125,143.73985290527344,103844000,
2013-11-14,178.5399932861328,179.4199981689453,178.25,179.27000427246094,144.45703125,103435000,
2013-11-15,179.55999755859375,180.1199951171875,179.3300018310547,180.0500030517578,145.08560180664062,102818000,
2013-11-18,180.35000610351562,180.5,179.02000427246094,179.4199981689453,144.57791137695312,104796000,
2013-11-19,179.3300018310547,179.8699951171875,178.72000122070312,179.02999877929688,144.26364135742188,93891000,
2013-11-20,179.38999938964844,179.92999267578125,177.97999572753906,178.47000122070312,143.81236267089844,124909000,
2013-11-21,178.97000122070312,180.0500030517578,178.86000061035156,179.91000366210938,144.97276306152344,92841000,
2013-11-22,179.97999572753906,180.8300018310547,179.77000427246094,180.80999755859375,145.69802856445312,81296000,
2013-11-25,181.1300048828125,181.1699981689453,180.3699951171875,180.6300048828125,145.552978515625,79486000,
2013-11-26,180.72000122070312,181.22000122070312,180.41000366210938,180.67999267578125,145.59324645996094,86994000,
2013-11-27,180.8699951171875,181.24000549316406,180.64999389648438,181.1199951171875,145.9477996826172,58800000,
2013-11-29,181.32000732421875,181.75,180.8000030517578,181.0,145.85110473632812,55870900,
2013-12-02,181.08999633789062,181.42999267578125,180.25,180.52999877929688,145.4723663330078,99726000,
2013-12-03,179.94000244140625,180.38999938964844,179.1699981689453,179.75,144.8438262939453,116563000,
2013-12-04,179.10000610351562,180.47999572753906,178.35000610351562,179.72999572753906,144.82772827148438,123033000,
2013-12-05,179.41000366210938,179.74000549316406,178.77000427246094,178.94000244140625,144.19113159179688,106934000,
2013-12-06,180.6699981689453,181.11000061035156,180.14999389648438,180.94000244140625,145.8027801513672,127728000,
2013-12-09,181.47000122070312,181.6699981689453,181.16000366210938,181.39999389648438,146.17337036132812,70124000,
2013-12-10,180.97999572753906,181.36000061035156,180.63999938964844,180.75,145.649658203125,80976000,
2013-12-11,180.82000732421875,180.85000610351562,178.5,178.72000122070312,144.01380920410156,130591000,
2013-12-12,178.63999938964844,178.86000061035156,177.75999450683594,178.1300048828125,143.53843688964844,115565000,
2013-12-13,178.5,178.66000366210938,177.77000427246094,178.11000061035156,143.52232360839844,107808000,
2013-12-16,178.9499969482422,179.80999755859375,178.89999389648438,179.22000122070312,144.4167022705078,96195000,
2013-12-17,179.3800048828125,179.41000366210938,178.25,178.64999389648438,143.95742797851562,89886000,
2013-12-18,178.9199981689453,181.72999572753906,177.32000732421875,181.6999969482422,146.41510009765625,234906000,
2013-12-19,181.17999267578125,181.6999969482422,180.7100067138672,181.49000549316406,146.24594116210938,136531200,
2013-12-20,180.69000244140625,181.99000549316406,180.57000732421875,181.55999755859375,147.0966339111328,197087000,"{""dividend_amount"": 0.98}"
2013-12-23,182.4499969482422,182.63999938964844,182.07000732421875,182.52999877929688,147.8825225830078,85598000,
2013-12-24,182.5399932861328,183.00999450683594,182.52999877929688,182.92999267578125,148.20655822753906,45368800,
2013-12-26,183.33999633789062,183.9600067138672,183.32000732421875,183.86000061035156,148.96009826660156,63365000,
2013-12-27,184.10000610351562,184.17999267578125,183.66000366210938,183.85000610351562,148.95191955566406,61814000,
2013-12-30,183.8699951171875,184.02000427246094,183.5800018310547,183.82000732421875,148.9276580810547,56857000,
2013-12-31,184.07000732421875,184.69000244140625,183.92999267578125,184.69000244140625,149.6324920654297,86119900,
2014-01-02,183.97999572753906,184.07000732421875,182.47999572753906,182.9199981689453,148.19847106933594,119636900,
2014-01-03,183.22999572753906,183.60000610351562,182.6300048828125,182.88999938964844,148.1741180419922,81390600,
2014-01-06,183.49000549316406,183.55999755859375,182.0800018310547,182.36000061035156,147.7447967529297,108028200,
2014-01-07,183.08999633789062,183.7899932861328,182.9499969482422,183.47999572753906,148.65216064453125,86144200,
2014-01-08,183.4499969482422,183.8300018310547,182.88999938964844,183.52000427246094,148.68453979492188,96582300,
2014-01-09,184.11000061035156,184.1300048828125,182.8000030517578,183.63999938964844,148.7818145751953,90683400,
2014-01-10,183.9499969482422,184.22000122070312,183.00999450683594,184.13999938964844,149.1868896484375,102026400,
2014-01-13,183.6699981689453,184.17999267578125,181.33999633789062,181.69000244140625,147.2019500732422,149892000,
2014-01-14,182.2899932861328,183.77000427246094,181.9499969482422,183.6699981689453,148.80612182617188,105016100,
2014-01-15,184.10000610351562,184.94000244140625,183.7100067138672,184.66000366210938,149.6082000732422,98525800,
2014-01-16,184.27999877929688,184.66000366210938,183.8300018310547,184.4199981689453,149.41375732421875,72290600,
2014-01-17,184.10000610351562,184.4499969482422,183.32000732421875,183.63999938964844,148.7818145751953,107848700,
2014-01-21,184.6999969482422,184.77000427246094,183.0500030517578,184.17999267578125,149.21926879882812,88621200,
2014-01-22,184.49000549316406,184.57000732421875,183.91000366210938,184.3000030517578,149.31654357910156,61270900,
2014-01-23,183.3699951171875,183.39999389648438,181.82000732421875,182.7899932861328,148.0931396484375,132496900,
2014-01-24,181.60000610351562,181.66000366210938,178.8300018310547,178.88999938964844,144.93344116210938,208677100,
2014-01-27,179.05999755859375,179.52000427246094,177.1199951171875,178.00999450683594,144.22044372558594,180843100,
2014-01-28,178.13999938964844,179.3000030517578,178.1199951171875,179.07000732421875,145.0792999267578,110463200,
2014-01-29,177.5800018310547,178.5500030517578,176.8800048828125,177.35000610351562,143.6857452392578,216597300,
2014-01-30,178.8300018310547,179.80999755859375,178.25999450683594,179.22999572753906,145.2089080810547,118938100,
2014-01-31,177.00999450683594,179.2899932861328,176.9199981689453,178.17999267578125,144.3582000732422,194677900,
2014-02-03,177.97000122070312,178.3699951171875,173.8300018310547,174.1699981689453,141.109375,254837100,
2014-02-04,174.9499969482422,175.83999633789062,174.11000061035156,175.38999938964844,142.09779357910156,165012400,
2014-02-05,174.77999877929688,175.55999755859375,173.7100067138672,175.1699981689453,141.9196014404297,164230500,
2014-02-06,175.5800018310547,177.47999572753906,175.22000122070312,177.47999572753906,143.7910919189453,132877600,
2014-02-07,178.30999755859375,179.8699951171875,177.72999572753906,179.67999267578125,145.57351684570312,170787200,
2014-02-10,179.6999969482422,180.07000732421875,179.2100067138672,180.00999450683594,145.84091186523438,92218800,
2014-02-11,180.16000366210938,182.44000244140625,180.0399932861328,181.97999572753906,147.4368896484375,117814100,
2014-02-12,182.25,182.8300018310547,181.7100067138672,182.07000732421875,147.5098114013672,94717700,
2014-02-13,180.83999633789062,183.1999969482422,180.8300018310547,183.00999450683594,148.2714385986328,100542200,
2014-02-14,182.83999633789062,184.36000061035156,182.6699981689453,184.02000427246094,149.08966064453125,96498400,
2014-02-18,184.17999267578125,184.49000549316406,183.64999389648438,184.24000549316406,149.26797485351562,80460900,
2014-02-19,183.75999450683594,184.9499969482422,182.8699951171875,183.02000427246094,148.2794647216797,126524300,
2014-02-20,183.27000427246094,184.52000427246094,182.60000610351562,184.10000610351562,149.15444946289062,104998100,
2014-02-21,184.4499969482422,184.88999938964844,183.8000030517578,183.88999938964844,148.9843292236328,118116400,
2014-02-24,184.27999877929688,186.14999389648438,184.1999969482422,184.91000366210938,149.8107452392578,114063900,
2014-02-25,185.05999755859375,185.58999633789062,184.22999572753906,184.83999633789062,149.75405883789062,117085000,
2014-02-26,185.11000061035156,185.60000610351562,184.3300018310547,184.85000610351562,149.7620849609375,98677200,
2014-02-27,184.5800018310547,185.8699951171875,184.3699951171875,185.82000732421875,150.5479736328125,93880800,
2014-02-28,185.7899932861328,187.14999389648438,185.0500030517578,186.2899932861328,150.92880249023438,150842000,
2014-03-03,184.64999389648438,185.4499969482422,183.75,184.97999572753906,149.8674774169922,167748500,
2014-03-04,186.7899932861328,187.97999572753906,186.75,187.5800018310547,151.97398376464844,167545900,
2014-03-05,187.74000549316406,188.07000732421875,187.4499969482422,187.75,152.11167907714844,88376900,
2014-03-06,188.2100067138672,188.61000061035156,187.77999877929688,188.17999267578125,152.46006774902344,82516500,
2014-03-07,188.9600067138672,188.9600067138672,187.42999267578125,188.25999450683594,152.5248260498047,114513500,
2014-03-10,187.97000122070312,188.22999572753906,187.0800018310547,188.16000366210938,152.44384765625,74939200,
2014-03-11,188.44000244140625,188.7100067138672,186.8000030517578,187.22999572753906,151.6903839111328,99009100,
2014-03-12,186.32000732421875,187.35000610351562,185.89999389648438,187.27999877929688,151.73081970214844,104824400,
2014-03-13,187.83999633789062,187.99000549316406,184.66000366210938,185.17999267578125,150.0294952392578,155014300,
2014-03-14,184.85000610351562,185.8000030517578,184.44000244140625,184.66000366210938,149.6082000732422,153919600,
2014-03-17,185.58999633789062,186.77000427246094,185.50999450683594,186.3300018310547,150.961181640625,98359500,
2014-03-18,186.7100067138672,187.91000366210938,186.50999450683594,187.66000366210938,152.03875732421875,101804600,
2014-03-19,187.67999267578125,187.94000244140625,185.47000122070312,186.66000366210938,151.22853088378906,176267300,
2014-03-20,186.25,187.88999938964844,185.9199981689453,187.75,152.11167907714844,117241000,
2014-03-21,187.7100067138672,189.02000427246094,186.02999877929688,186.1999969482422,151.5216522216797,163128000,"{""dividend_amount"": 0.825}"
2014-03-24,186.83999633789062,187.07000732421875,184.6199951171875,185.42999267578125,150.8950958251953,121411000,
2014-03-25,186.3699951171875,186.94000244140625,185.27000427246094,186.30999755859375,151.6112060546875,103852000,
2014-03-26,187.0399932861328,187.33999633789062,184.9199981689453,184.97000122070312,150.52078247070312,119843000,
2014-03-27,184.75,185.33999633789062,183.89999389648438,184.5800018310547,150.20339965820312,142383000,
2014-03-28,185.11000061035156,186.4199981689453,185.0,185.49000549316406,150.94393920898438,101642000,
2014-03-31,186.6699981689453,187.3000030517578,185.52000427246094,187.00999450683594,152.18081665039062,99745000,
2014-04-01,187.6199951171875,188.36000061035156,187.0,188.25,153.18991088867188,89193000,
2014-04-02,188.49000549316406,189.1300048828125,188.13999938964844,188.8800048828125,153.70257568359375,78774000,
2014-04-03,189.1699981689453,189.22000122070312,188.0500030517578,188.6300048828125,153.4991455078125,77435000,
2014-04-04,189.66000366210938,189.6999969482422,186.10000610351562,186.39999389648438,151.6844482421875,169381000,
2014-04-07,185.9499969482422,186.25999450683594,183.9600067138672,184.33999633789062,150.00802612304688,140803000,
2014-04-08,184.25999450683594,185.39999389648438,183.58999633789062,185.10000610351562,150.6265411376953,112660000,
2014-04-09,185.60000610351562,187.14999389648438,185.05999755859375,187.08999633789062,152.24594116210938,100254000,
2014-04-10,187.0800018310547,187.1699981689453,182.92999267578125,183.16000366210938,149.04786682128906,172959000,
2014-04-11,182.13999938964844,183.4199981689453,181.30999755859375,181.50999450683594,147.70509338378906,167251000,
2014-04-14,182.92999267578125,183.3699951171875,181.44000244140625,182.94000244140625,148.8688201904297,132382000,
2014-04-15,183.32000732421875,184.3300018310547,181.50999450683594,184.1999969482422,149.8941192626953,157093000,
2014-04-16,185.47000122070312,186.13999938964844,184.64999389648438,186.1300048828125,151.4647216796875,105197000,
2014-04-17,185.8800048828125,186.91000366210938,185.55999755859375,186.38999938964844,151.67628479003906,105255000,
2014-04-21,186.44000244140625,187.10000610351562,186.2100067138672,187.0399932861328,152.20518493652344,68329000,
2014-04-22,187.22999572753906,188.39999389648438,187.1300048828125,187.88999938964844,152.8968963623047,85790000,
2014-04-23,187.82000732421875,187.9199981689453,187.3000030517578,187.4499969482422,152.5388641357422,73869000,
2014-04-24,188.3699951171875,188.38999938964844,186.92999267578125,187.8300018310547,152.84805297851562,88170000,
2014-04-25,187.22000122070312,187.3300018310547,185.8699951171875,186.2899932861328,151.5948944091797,100380000,
2014-04-28,187.0500030517578,187.69000244140625,184.9600067138672,186.8800048828125,152.0749969482422,135121000,
2014-04-29,187.47999572753906,188.0399932861328,187.0800018310547,187.75,152.7830047607422,84098000,
2014-04-30,187.44000244140625,188.5,187.17999267578125,188.30999755859375,153.2386932373047,101508000,
2014-05-01,188.22000122070312,188.83999633789062,187.72999572753906,188.3300018310547,153.2550506591797,93019000,
2014-05-02,188.30999755859375,189.13999938964844,187.77999877929688,188.05999755859375,153.0352783203125,98122000,
2014-05-05,187.13999938964844,188.5500030517578,186.6199951171875,188.4199981689453,153.3282012939453,75883000,
2014-05-06,188.0,188.1300048828125,186.74000549316406,186.77999877929688,151.99365234375,85454000,
2014-05-07,187.41000366210938,187.97000122070312,186.00999450683594,187.8800048828125,152.88877868652344,106500000,
2014-05-08,187.7100067138672,189.0500030517578,187.0800018310547,187.67999267578125,152.72604370117188,93618000,
2014-05-09,187.7100067138672,188.0399932861328,186.8300018310547,187.9600067138672,152.953857421875,83679000,
2014-05-12,188.8000030517578,189.8800048828125,188.0,189.7899932861328,154.44300842285156,86940000,
2014-05-13,190.0399932861328,190.4199981689453,189.77000427246094,189.9600067138672,154.58140563964844,66454000,
2014-05-14,189.7899932861328,189.8800048828125,188.7899932861328,189.05999755859375,153.84902954101562,72367000,
2014-05-15,188.67999267578125,188.72000122070312,186.47999572753906,187.39999389648438,152.49818420410156,154956000,
2014-05-16,187.50999450683594,188.1300048828125,186.72000122070312,188.0500030517578,153.027099609375,97458000,
2014-05-19,187.69000244140625,188.88999938964844,187.52000427246094,188.74000549316406,153.58865356445312,63839000,
2014-05-20,188.64999389648438,188.6699981689453,187.07000732421875,187.5500030517578,152.62022399902344,111644000,
2014-05-21,188.08999633789062,189.22000122070312,188.05999755859375,189.1300048828125,153.9059600830078,89093000,
2014-05-22,189.17999267578125,189.97999572753906,188.86000061035156,189.58999633789062,154.28028869628906,61549000,
2014-05-23,189.75999450683594,190.47999572753906,189.58999633789062,190.35000610351562,154.89878845214844,61092800,
2014-05-27,191.05999755859375,191.5800018310547,190.9499969482422,191.52000427246094,155.85089111328125,72010000,
2014-05-28,191.52000427246094,191.82000732421875,191.05999755859375,191.3800048828125,155.73692321777344,66723000,
2014-05-29,191.82000732421875,192.39999389648438,191.3300018310547,192.3699951171875,156.5425567626953,64377000,
2014-05-30,192.19000244140625,192.8000030517578,192.02999877929688,192.67999267578125,156.79481506347656,76316000,
2014-06-02,192.9499969482422,192.99000549316406,191.97000122070312,192.89999389648438,156.9738311767578,64656000,
2014-06-03,192.42999267578125,192.89999389648438,192.25,192.8000030517578,156.89247131347656,65047000,
2014-06-04,192.47000122070312,193.3000030517578,192.27000427246094,193.19000244140625,157.20985412597656,55529000,
2014-06-05,193.41000366210938,194.64999389648438,192.6999969482422,194.4499969482422,158.2351531982422,92103000,
2014-06-06,194.8699951171875,195.42999267578125,194.77999877929688,195.3800048828125,158.9920196533203,78696000,
2014-06-09,195.35000610351562,196.0500030517578,195.1699981689453,195.5800018310547,159.1547088623047,65119000,
2014-06-10,195.33999633789062,195.63999938964844,194.9199981689453,195.60000610351562,159.17105102539062,57129000,
2014-06-11,194.89999389648438,195.1199951171875,194.47999572753906,194.9199981689453,158.61764526367188,68772000,
2014-06-12,194.69000244140625,194.8000030517578,193.11000061035156,193.5399932861328,157.49468994140625,106350000,
2014-06-13,193.9199981689453,194.32000732421875,193.3000030517578,194.1300048828125,157.9747772216797,82017000,
2014-06-16,193.88999938964844,194.6999969482422,193.66000366210938,194.2899932861328,158.10496520996094,87424000,
2014-06-17,194.02000427246094,194.97000122070312,193.80999755859375,194.8300018310547,158.5443878173828,84834000,
2014-06-18,194.8300018310547,196.3699951171875,194.39999389648438,196.25999450683594,159.70806884765625,105267000,
2014-06-19,196.42999267578125,196.60000610351562,195.8000030517578,196.47999572753906,159.8870391845703,85929000,
2014-06-20,196.02999877929688,196.10000610351562,195.6999969482422,195.94000244140625,160.21168518066406,100587000,"{""dividend_amount"": 0.937}"
2014-06-23,195.99000549316406,196.0500030517578,195.52000427246094,195.8800048828125,160.16265869140625,70611000,
2014-06-24,195.52999877929688,196.5,194.47999572753906,194.6999969482422,159.19784545898438,96237000,
2014-06-25,194.2899932861328,195.77999877929688,194.25,195.5800018310547,159.91732788085938,82782000,
2014-06-26,195.61000061035156,195.6300048828125,194.1300048828125,195.44000244140625,159.80288696289062,84312000,
2014-06-27,194.97999572753906,195.8800048828125,194.88999938964844,195.82000732421875,160.1136016845703,71445100,
2014-06-30,195.6999969482422,196.1699981689453,195.52999877929688,195.72000122070312,160.03182983398438,70201200,
2014-07-01,196.1999969482422,197.6300048828125,196.1300048828125,197.02999877929688,161.10296630859375,90470000,
2014-07-02,197.0500030517578,197.47999572753906,196.9600067138672,197.22999572753906,161.2664337158203,52475000,
2014-07-03,197.7899932861328,198.2899932861328,197.63999938964844,198.1999969482422,162.05960083007812,52938800,
2014-07-07,197.82000732421875,197.97999572753906,197.22000122070312,197.50999450683594,161.49539184570312,61696000,
2014-07-08,197.14999389648438,197.22000122070312,195.75999450683594,196.24000549316406,160.45706176757812,108143000,
2014-07-09,196.72999572753906,197.3000030517578,196.30999755859375,197.1199951171875,161.17649841308594,72992000,
2014-07-10,195.22000122070312,196.86000061035156,195.05999755859375,196.33999633789062,160.5386962890625,99040000,
2014-07-11,196.22000122070312,196.75,195.77999877929688,196.61000061035156,160.759521484375,64243000,
2014-07-14,197.61000061035156,197.86000061035156,197.44000244140625,197.60000610351562,161.5690460205078,58658000,
2014-07-15,197.72000122070312,198.10000610351562,196.36000061035156,197.22999572753906,161.2664337158203,111307000,
2014-07-16,198.11000061035156,198.25999450683594,197.4199981689453,197.9600067138672,161.86334228515625,79986400,
2014-07-17,197.35000610351562,198.10000610351562,195.42999267578125,195.7100067138672,160.0236358642578,145398000,
2014-07-18,196.35000610351562,197.91000366210938,196.24000549316406,197.7100067138672,161.65902709960938,124330000,
2014-07-21,197.08999633789062,197.5,196.42999267578125,197.33999633789062,161.3563995361328,67592000,
2014-07-22,198.00999450683594,198.55999755859375,197.8699951171875,198.1999969482422,162.05960083007812,67678000,
2014-07-23,198.5,198.85000610351562,198.10000610351562,198.63999938964844,162.41943359375,65612000,
2014-07-24,198.8300018310547,199.05999755859375,198.4499969482422,198.64999389648438,162.427490234375,56888000,
2014-07-25,198.08999633789062,198.25999450683594,197.3300018310547,197.72000122070312,161.66717529296875,76837000,
2014-07-28,197.75999450683594,198.08999633789062,196.6199951171875,197.8000030517578,161.73252868652344,69259000,
2014-07-29,198.1699981689453,198.4499969482422,196.9199981689453,196.9499969482422,161.03749084472656,80466000,
2014-07-30,197.64999389648438,197.91000366210938,196.16000366210938,196.97999572753906,161.0620880126953,104222000,
2014-07-31,195.61000061035156,195.77999877929688,192.97000122070312,193.08999633789062,157.88136291503906,183479000,
2014-08-01,192.55999755859375,193.75999450683594,191.57000732421875,192.5,157.3989715576172,189261000,
2014-08-04,192.8699951171875,194.3000030517578,192.0500030517578,193.88999938964844,158.53553771972656,91340000,
2014-08-05,193.10000610351562,193.60000610351562,191.30999755859375,192.00999450683594,156.99830627441406,152690000,
2014-08-06,191.11000061035156,192.88999938964844,191.0800018310547,192.07000732421875,157.04739379882812,94818000,
2014-08-07,192.94000244140625,193.1300048828125,190.5500030517578,191.02999877929688,156.19700622558594,135733000,
2014-08-08,191.4600067138672,193.3699951171875,190.9499969482422,193.24000549316406,158.0040283203125,117014000,
2014-08-11,193.97000122070312,194.66000366210938,193.7100067138672,193.8000030517578,158.46192932128906,74544000,
2014-08-12,193.61000061035156,194.14999389648438,192.94000244140625,193.52999877929688,158.2411346435547,73632000,
2014-08-13,194.2899932861328,195.05999755859375,193.9600067138672,194.83999633789062,159.31228637695312,69047000,
2014-08-14,195.16000366210938,195.75999450683594,194.97999572753906,195.75999450683594,160.06451416015625,57371000,
2014-08-15,196.47000122070312,196.64999389648438,194.30999755859375,195.72000122070312,160.03182983398438,139951000,
2014-08-18,196.8000030517578,197.4499969482422,196.69000244140625,197.36000061035156,161.37281799316406,75424000,
2014-08-19,197.83999633789062,198.5399932861328,197.44000244140625,198.38999938964844,162.21499633789062,59135000,
2014-08-20,198.1199951171875,199.16000366210938,198.0800018310547,198.9199981689453,162.64834594726562,72763000,
2014-08-21,199.08999633789062,199.75999450683594,198.92999267578125,199.5,163.12257385253906,67791000,
2014-08-22,199.33999633789062,199.69000244140625,198.74000549316406,199.19000244140625,162.86917114257812,76107000,
2014-08-25,200.13999938964844,200.58999633789062,199.14999389648438,200.1999969482422,163.6949005126953,63855000,
2014-08-26,200.3300018310547,200.82000732421875,200.27999877929688,200.3300018310547,163.80123901367188,47298000,
2014-08-27,200.42999267578125,200.57000732421875,199.94000244140625,200.25,163.73585510253906,47874000,
2014-08-28,199.58999633789062,200.27000427246094,199.38999938964844,200.13999938964844,163.64584350585938,58330000,
2014-08-29,200.4499969482422,200.72999572753906,199.82000732421875,200.7100067138672,164.11192321777344,65907000,
2014-09-02,200.97000122070312,201.0,199.86000061035156,200.61000061035156,164.03021240234375,72426000,
2014-09-03,201.3800048828125,201.41000366210938,200.22000122070312,200.5,163.94021606445312,57462000,
2014-09-04,200.83999633789062,201.5800018310547,199.66000366210938,200.2100067138672,163.70306396484375,85236000,
2014-09-05,200.1699981689453,201.19000244140625,199.41000366210938,201.11000061035156,164.43898010253906,102177000,
2014-09-08,200.9199981689453,201.2100067138672,200.0,200.58999633789062,164.0137939453125,64146000,
2014-09-09,200.41000366210938,200.5500030517578,198.91000366210938,199.32000732421875,162.97543334960938,88591000,
2014-09-10,199.42999267578125,200.1999969482422,198.77000427246094,200.07000732421875,163.588623046875,67251000,
2014-09-11,199.27000427246094,200.3300018310547,199.1199951171875,200.3000030517578,163.77670288085938,66774400,
2014-09-12,200.10000610351562,200.1199951171875,198.55999755859375,199.1300048828125,162.820068359375,117409300,
2014-09-15,199.16000366210938,199.32000732421875,198.3800048828125,198.97999572753906,162.69735717773438,76401000,
2014-09-16,198.61000061035156,200.83999633789062,198.5,200.47999572753906,163.92384338378906,116201000,
2014-09-17,200.77000427246094,201.67999267578125,199.75,200.75,164.14462280273438,151266000,
2014-09-18,201.36000061035156,201.85000610351562,201.10000610351562,201.82000732421875,165.01951599121094,94990000,
2014-09-19,201.52000427246094,201.89999389648438,200.2899932861328,200.6999969482422,164.87086486816406,121649000,"{""dividend_amount"": 0.939}"
2014-09-22,200.35000610351562,200.3800048828125,198.72999572753906,199.14999389648438,163.59756469726562,125553000,
2014-09-23,198.42999267578125,199.25999450683594,197.9499969482422,198.00999450683594,162.6610870361328,111393000,
2014-09-24,198.0399932861328,199.69000244140625,197.52000427246094,199.55999755859375,163.93438720703125,107276000,
2014-09-25,199.0399932861328,199.0500030517578,196.27000427246094,196.33999633789062,161.2891387939453,150300000,
2014-09-26,196.6999969482422,198.38999938964844,196.4199981689453,197.89999389648438,162.57066345214844,103547000,
2014-09-29,196.1999969482422,197.88999938964844,196.0500030517578,197.5399932861328,162.27496337890625,95112000,
2014-09-30,197.69000244140625,198.3000030517578,196.61000061035156,197.02000427246094,161.84783935546875,131302000,
2014-10-01,196.6999969482422,196.77000427246094,193.91000366210938,194.35000610351562,159.65444946289062,177798000,
2014-10-02,194.17999267578125,195.05999755859375,192.35000610351562,194.3800048828125,159.67916870117188,157285000,
2014-10-03,195.67999267578125,196.94000244140625,195.0800018310547,196.52000427246094,161.4370880126953,121569000,
2014-10-06,197.33999633789062,197.60000610351562,195.5800018310547,196.2899932861328,161.24818420410156,104778000,
2014-10-07,195.27999877929688,195.72000122070312,193.22000122070312,193.25999450683594,158.7590789794922,147913000,
2014-10-08,193.3699951171875,196.9199981689453,192.36000061035156,196.63999938964844,161.5355987548828,186461000,
2014-10-09,196.3300018310547,196.60000610351562,192.5800018310547,192.74000549316406,158.3318634033203,210705000,
2014-10-10,192.69000244140625,193.64999389648438,190.49000549316406,190.5399932861328,156.52464294433594,221909000,
2014-10-13,190.4600067138672,191.14999389648438,187.3000030517578,187.41000366210938,153.95339965820312,230939000,
2014-10-14,188.4199981689453,189.82000732421875,187.0399932861328,187.6999969482422,154.1916046142578,215847000,
2014-10-15,185.16000366210938,187.69000244140625,181.9199981689453,186.42999267578125,153.14833068847656,380715000,
2014-10-16,183.05999755859375,187.5800018310547,182.88999938964844,186.27000427246094,153.01687622070312,270391000,
2014-10-17,188.4199981689453,189.75,187.6199951171875,188.47000122070312,154.82412719726562,214625000,
2014-10-20,188.1300048828125,190.4499969482422,188.07000732421875,190.3000030517578,156.3274688720703,130011000,
2014-10-21,191.67999267578125,194.1999969482422,191.47999572753906,194.07000732421875,159.42445373535156,154949000,
2014-10-22,194.41000366210938,194.91000366210938,192.61000061035156,192.69000244140625,158.29078674316406,151822000,
2014-10-23,194.6199951171875,196.1999969482422,194.25999450683594,194.92999267578125,160.13092041015625,154944000,
2014-10-24,195.25,196.49000549316406,194.49000549316406,196.42999267578125,161.3631134033203,117927000,
2014-10-27,195.72999572753906,196.4499969482422,195.02999877929688,196.16000366210938,161.14134216308594,82954000,
2014-10-28,196.82000732421875,198.4199981689453,196.72999572753906,198.41000366210938,162.98965454101562,106736000,
2014-10-29,198.5500030517578,199.1199951171875,196.8000030517578,198.11000061035156,162.74327087402344,142557000,
2014-10-30,197.5800018310547,199.9499969482422,197.39999389648438,199.3800048828125,163.78651428222656,113330000,
2014-10-31,201.77999877929688,201.82000732421875,200.77000427246094,201.66000366210938,165.6594696044922,146903000,
2014-11-03,201.9199981689453,202.4499969482422,201.30999755859375,201.77000427246094,165.7498016357422,93600000,
2014-11-04,201.22999572753906,201.60000610351562,200.05999755859375,201.07000732421875,165.1748046875,93343000,
2014-11-05,202.5399932861328,202.58999633789062,201.4499969482422,202.33999633789062,166.218017578125,91709000,
2014-11-06,202.38999938964844,203.25999450683594,201.63999938964844,203.14999389648438,166.8834991455078,107089000,
2014-11-07,203.1699981689453,203.60000610351562,202.61000061035156,203.33999633789062,167.03956604003906,89540000,
2014-11-10,203.3800048828125,204.0399932861328,203.1300048828125,203.97999572753906,167.56529235839844,66319000,
2014-11-11,204.05999755859375,204.30999755859375,203.64999389648438,204.17999267578125,167.72955322265625,54499400,
2014-11-12,203.35000610351562,204.24000549316406,203.30999755859375,203.9600067138672,167.54888916015625,90120300,
2014-11-13,204.16000366210938,204.8300018310547,203.2100067138672,204.19000244140625,167.7378387451172,85357900,
2014-11-14,204.10000610351562,204.49000549316406,203.72000122070312,204.24000549316406,167.7789306640625,80417500,
2014-11-17,203.85000610351562,204.5800018310547,203.64999389648438,204.3699951171875,167.8856658935547,80441000,
2014-11-18,204.44000244140625,205.9199981689453,204.44000244140625,205.5500030517578,168.85501098632812,76068100,
2014-11-19,205.30999755859375,205.5500030517578,204.3000030517578,205.22000122070312,168.5839385986328,82373000,
2014-11-20,204.25999450683594,205.7100067138672,204.17999267578125,205.5800018310547,168.87973022460938,72840300,
2014-11-21,207.63999938964844,207.83999633789062,205.97999572753906,206.67999267578125,169.7832489013672,142327300,
2014-11-24,207.1699981689453,207.38999938964844,206.91000366210938,207.25999450683594,170.25978088378906,65880800,
2014-11-25,207.5399932861328,207.7899932861328,206.8000030517578,207.11000061035156,170.13650512695312,79108300,
2014-11-26,207.2899932861328,207.75999450683594,207.02999877929688,207.63999938964844,170.57191467285156,62167800,
2014-11-28,207.49000549316406,207.8699951171875,206.91000366210938,207.1999969482422,170.21044921875,57890100,
2014-12-01,206.39999389648438,206.5399932861328,205.3800048828125,205.75999450683594,169.0275421142578,103968400,
2014-12-02,205.80999755859375,207.33999633789062,205.77999877929688,207.08999633789062,170.12008666992188,74507200,
2014-12-03,207.3000030517578,208.14999389648438,207.10000610351562,207.88999938964844,170.7772674560547,68952000,
2014-12-04,207.5399932861328,208.27000427246094,206.6999969482422,207.66000366210938,170.58831787109375,91316600,
2014-12-05,207.8699951171875,208.47000122070312,207.5500030517578,208.0,170.86761474609375,91025500,
2014-12-08,207.52000427246094,208.1199951171875,205.92999267578125,206.61000061035156,169.72576904296875,108588200,
2014-12-09,204.3699951171875,206.60000610351562,203.91000366210938,206.47000122070312,169.6107940673828,125180100,
2014-12-10,205.91000366210938,205.97999572753906,202.92999267578125,203.16000366210938,166.8916778564453,159856400,
2014-12-11,203.8800048828125,206.19000244140625,203.7100067138672,204.19000244140625,167.7378387451172,159012800,
2014-12-12,202.63999938964844,203.82000732421875,200.85000610351562,200.88999938964844,165.0269317626953,202330200,
2014-12-15,201.97999572753906,202.52999877929688,198.77999877929688,199.50999450683594,163.89329528808594,189965800,
2014-12-16,198.5800018310547,202.39999389648438,197.86000061035156,197.91000366210938,162.5789337158203,259543800,
2014-12-17,198.44000244140625,202.33999633789062,198.2899932861328,201.7899932861328,165.76625061035156,253910100,
2014-12-18,204.74000549316406,212.97000122070312,203.9199981689453,206.77999877929688,169.86541748046875,257633900,
2014-12-19,206.42999267578125,207.3300018310547,205.61000061035156,206.52000427246094,170.5882110595703,245084600,"{""dividend_amount"": 1.135}"
2014-12-22,206.75,207.47000122070312,206.4600067138672,207.47000122070312,171.37290954589844,148318900,
2014-12-23,208.1699981689453,208.22999572753906,207.39999389648438,207.75,171.60421752929688,122167900,
2014-12-24,208.02000427246094,208.33999633789062,207.72000122070312,207.77000427246094,171.6207275390625,42963400,
2014-12-26,208.30999755859375,208.85000610351562,208.25,208.44000244140625,172.1741180419922,57326700,
2014-12-29,208.22000122070312,208.97000122070312,208.13999938964844,208.72000122070312,172.4054412841797,79643900,
2014-12-30,208.2100067138672,208.3699951171875,207.50999450683594,207.60000610351562,171.48031616210938,73540800,
2014-12-31,207.99000549316406,208.19000244140625,205.38999938964844,205.5399932861328,169.77867126464844,130333800,
2015-01-02,206.3800048828125,206.8800048828125,204.17999267578125,205.42999267578125,169.6878204345703,121465900,
2015-01-05,204.1699981689453,204.3699951171875,201.35000610351562,201.72000122070312,166.623291015625,169632600,
2015-01-06,202.08999633789062,202.72000122070312,198.86000061035156,199.82000732421875,165.05398559570312,209151400,
2015-01-07,201.4199981689453,202.72000122070312,200.8800048828125,202.30999755859375,167.11068725585938,125346700,
2015-01-08,204.00999450683594,206.16000366210938,203.99000549316406,205.89999389648438,170.07606506347656,147217800,
2015-01-09,206.39999389648438,206.4199981689453,203.50999450683594,204.25,168.71315002441406,158567300,
2015-01-12,204.41000366210938,204.60000610351562,201.9199981689453,202.64999389648438,167.3915252685547,144396100,
2015-01-13,204.1199951171875,205.47999572753906,200.50999450683594,202.0800018310547,166.92071533203125,214553300,
2015-01-14,199.64999389648438,201.10000610351562,198.57000732421875,200.86000061035156,165.91293334960938,192991100,
2015-01-15,201.6300048828125,202.00999450683594,198.8800048828125,199.02000427246094,164.39309692382812,176613900,
2015-01-16,198.77000427246094,201.82000732421875,198.5500030517578,201.6300048828125,166.54901123046875,211879600,
2015-01-20,202.39999389648438,202.72000122070312,200.1699981689453,202.05999755859375,166.90423583984375,130991100,
2015-01-21,201.5,203.66000366210938,200.94000244140625,203.0800018310547,167.74673461914062,122942700,
2015-01-22,203.99000549316406,206.25999450683594,202.3300018310547,206.10000610351562,170.2412872314453,174356000,
2015-01-23,205.7899932861328,206.10000610351562,204.80999755859375,204.97000122070312,169.307861328125,117516800,
2015-01-26,204.7100067138672,205.55999755859375,203.85000610351562,205.4499969482422,169.70437622070312,92009700,
2015-01-27,202.97000122070312,204.1199951171875,201.74000549316406,202.74000549316406,167.46585083007812,134044600,
2015-01-28,204.1699981689453,204.2899932861328,199.91000366210938,200.13999938964844,165.3182373046875,168514300,
2015-01-29,200.3800048828125,202.3000030517578,198.67999267578125,201.99000549316406,166.8463592529297,173585400,
2015-01-30,200.57000732421875,202.1699981689453,199.1300048828125,199.4499969482422,164.7482147216797,197729700,
2015-02-02,200.0500030517578,202.02999877929688,197.86000061035156,201.9199981689453,166.7885284423828,163107000,
2015-02-03,203.0,204.85000610351562,202.5500030517578,204.83999633789062,169.2005615234375,124212900,
2015-02-04,203.9199981689453,205.3800048828125,203.50999450683594,204.05999755859375,168.55618286132812,134306700,
2015-02-05,204.86000061035156,206.3000030517578,204.77000427246094,206.1199951171875,170.25778198242188,97953200,
2015-02-06,206.55999755859375,207.24000549316406,204.9199981689453,205.5500030517578,169.7869415283203,125672000,
2015-02-09,204.77000427246094,205.63999938964844,204.13999938964844,204.6300048828125,169.02706909179688,87219000,
2015-02-10,205.8800048828125,207.1199951171875,204.67999267578125,206.80999755859375,170.8277587890625,96164200,
2015-02-11,206.61000061035156,207.4499969482422,205.8300018310547,206.92999267578125,170.92686462402344,91087800,
2015-02-12,207.88999938964844,208.99000549316406,206.97000122070312,208.9199981689453,172.5706024169922,97545900,
2015-02-13,209.07000732421875,209.83999633789062,208.75999450683594,209.77999877929688,173.281005859375,93670400,
2015-02-17,209.39999389648438,210.32000732421875,209.10000610351562,210.11000061035156,173.55360412597656,76968200,
2015-02-18,209.66000366210938,210.22000122070312,209.33999633789062,210.1300048828125,173.57008361816406,80652900,
2015-02-19,209.41000366210938,210.4199981689453,209.24000549316406,209.97999572753906,173.44618225097656,91462500,
2015-02-20,209.47999572753906,211.3300018310547,208.72999572753906,211.24000549316406,174.48699951171875,140896400,
2015-02-23,210.94000244140625,211.2100067138672,210.47999572753906,211.2100067138672,174.46218872070312,74411100,
2015-02-24,211.1199951171875,212.0500030517578,210.75999450683594,211.80999755859375,174.95782470703125,72472300,
2015-02-25,211.66000366210938,212.24000549316406,211.22000122070312,211.6300048828125,174.80911254882812,73061700,
2015-02-26,211.52000427246094,211.7100067138672,210.64999389648438,211.3800048828125,174.60260009765625,72697900,
2015-02-27,211.25999450683594,211.5800018310547,210.60000610351562,210.66000366210938,174.00791931152344,108076000,
2015-03-02,210.77999877929688,212.05999755859375,210.72000122070312,211.99000549316406,175.1064910888672,87491400,
2015-03-03,211.47000122070312,212.0500030517578,210.0800018310547,211.1199951171875,174.3878936767578,110325800,
2015-03-04,210.39999389648438,210.49000549316406,209.05999755859375,210.22999572753906,173.65274047851562,114497200,
2015-03-05,210.6199951171875,210.8000030517578,209.85000610351562,210.4600067138672,173.84268188476562,76873000,
2015-03-06,209.4199981689453,209.94000244140625,207.10000610351562,207.5,171.39768981933594,188128000,
2015-03-09,207.74000549316406,208.7899932861328,207.5500030517578,208.36000061035156,172.1080322265625,89818900,
2015-03-10,206.7100067138672,206.80999755859375,204.92999267578125,204.97999572753906,169.316162109375,157121300,
2015-03-11,205.2899932861328,205.5,204.39999389648438,204.5,168.91964721679688,110145700,
2015-03-12,205.25999450683594,207.17999267578125,205.1999969482422,207.10000610351562,171.06727600097656,93993500,
2015-03-13,206.77000427246094,207.92999267578125,204.5800018310547,205.8300018310547,170.0182342529297,162410900,
2015-03-16,206.7100067138672,208.69000244140625,205.86000061035156,208.5800018310547,172.289794921875,136099200,
2015-03-17,207.69000244140625,208.4199981689453,206.97999572753906,207.9600067138672,171.7776641845703,94510400,
2015-03-18,207.38999938964844,211.27000427246094,206.6199951171875,210.4600067138672,173.84268188476562,228808500,
2015-03-19,209.9600067138672,210.47000122070312,209.02999877929688,209.5,173.0496826171875,117917300,
2015-03-20,209.7100067138672,211.02000427246094,209.49000549316406,210.41000366210938,174.57720947265625,177715100,"{""dividend_amount"": 0.931}"
2015-03-23,210.4199981689453,211.11000061035156,210.0,210.0,174.2369842529297,71784500,
2015-03-24,209.85000610351562,210.39999389648438,208.74000549316406,208.82000732421875,173.2579803466797,77805300,
2015-03-25,209.07000732421875,209.35000610351562,205.7100067138672,205.75999450683594,170.71913146972656,159521700,
2015-03-26,204.9600067138672,206.3699951171875,204.1199951171875,205.27000427246094,170.31253051757812,153067200,
2015-03-27,205.1300048828125,205.9499969482422,204.89999389648438,205.74000549316406,170.70249938964844,118939000,
2015-03-30,206.97999572753906,208.61000061035156,206.9600067138672,208.25,172.78506469726562,96180400,
2015-03-31,207.25999450683594,208.10000610351562,206.36000061035156,206.42999267578125,171.27503967285156,126768700,
2015-04-01,206.38999938964844,206.4199981689453,204.50999450683594,205.6999969482422,170.66932678222656,137303600,
2015-04-02,205.6199951171875,206.97999572753906,205.39999389648438,206.44000244140625,171.2833251953125,86900900,
2015-04-06,205.3699951171875,208.4499969482422,205.2100067138672,207.8300018310547,172.43655395507812,114368200,
2015-04-07,207.86000061035156,208.75999450683594,207.24000549316406,207.27999877929688,171.98020935058594,81236300,
2015-04-08,207.5500030517578,208.50999450683594,207.0800018310547,207.97999572753906,172.56109619140625,89351900,
2015-04-09,207.77999877929688,209.17999267578125,207.19000244140625,208.89999389648438,173.32432556152344,85548900,
2015-04-10,209.1999969482422,210.08999633789062,208.9600067138672,210.0399932861328,174.27020263671875,72722900,
2015-04-13,209.8699951171875,210.6300048828125,209.02999877929688,209.08999633789062,173.4820098876953,74436600,
2015-04-14,208.85000610351562,209.7100067138672,208.10000610351562,209.49000549316406,173.8139190673828,75099900,
2015-04-15,210.0500030517578,211.0399932861328,209.9499969482422,210.42999267578125,174.59378051757812,99529300,
2015-04-16,210.02999877929688,210.97999572753906,209.7899932861328,210.3699951171875,174.5440216064453,68934900,
2015-04-17,208.94000244140625,209.22999572753906,207.00999450683594,207.9499969482422,172.53611755371094,191113200,
2015-04-20,209.05999755859375,210.25,208.9600067138672,209.85000610351562,174.1125946044922,92189500,
2015-04-21,210.6699981689453,210.86000061035156,209.24000549316406,209.60000610351562,173.90513610839844,72559800,
2015-04-22,210.00999450683594,210.85000610351562,208.89999389648438,210.6300048828125,174.75975036621094,78264600,
2015-04-23,210.14999389648438,211.94000244140625,210.00999450683594,211.16000366210938,175.19947814941406,102585900,
2015-04-24,211.66000366210938,211.97000122070312,211.11000061035156,211.64999389648438,175.6060028076172,61327400,
2015-04-27,212.3300018310547,212.47999572753906,210.5399932861328,210.77000427246094,174.87594604492188,79358100,
2015-04-28,210.74000549316406,211.5,209.3300018310547,211.44000244140625,175.43177795410156,86863500,
2015-04-29,210.3699951171875,211.2899932861328,209.60000610351562,210.57000732421875,174.70999145507812,125684900,
2015-04-30,209.8800048828125,210.35000610351562,207.6199951171875,208.4600067138672,172.95933532714844,161304900,
2015-05-01,209.39999389648438,210.77000427246094,209.27999877929688,210.72000122070312,174.83441162109375,103399700,
2015-05-04,211.22999572753906,212.02000427246094,211.10000610351562,211.32000732421875,175.33224487304688,70927200,
2015-05-05,211.02999877929688,211.4600067138672,208.72999572753906,208.89999389648438,173.32432556152344,113326200,
2015-05-06,209.55999755859375,209.92999267578125,206.75999450683594,208.0399932861328,172.61080932617188,135060200,
2015-05-07,207.9199981689453,209.3800048828125,207.52000427246094,208.8699951171875,173.29945373535156,88244900,
2015-05-08,210.8800048828125,211.86000061035156,210.77999877929688,211.6199951171875,175.58116149902344,155877300,
2015-05-11,211.57000732421875,211.88999938964844,210.52000427246094,210.61000061035156,174.74313354492188,75708100,
2015-05-12,209.61000061035156,210.6300048828125,208.6199951171875,209.97999572753906,174.22042846679688,119727600,
2015-05-13,210.47000122070312,211.22000122070312,209.74000549316406,210.02000427246094,174.25364685058594,94667900,
2015-05-14,211.24000549316406,212.32000732421875,210.91000366210938,212.2100067138672,176.07066345214844,95934000,
2015-05-15,212.44000244140625,212.61000061035156,211.86000061035156,212.44000244140625,176.261474609375,76510100,
2015-05-18,212.24000549316406,213.39999389648438,212.16000366210938,213.10000610351562,176.80918884277344,74549700,
2015-05-19,213.24000549316406,213.57000732421875,212.69000244140625,213.02999877929688,176.7509765625,72114600,
2015-05-20,213.14999389648438,213.77999877929688,212.5,212.8800048828125,176.62657165527344,76857500,
2015-05-21,212.7100067138672,213.75,212.50999450683594,213.5,177.14097595214844,64764600,
2015-05-22,213.0399932861328,213.5399932861328,212.91000366210938,212.99000549316406,176.71780395507812,57433500,
2015-05-26,212.39999389648438,212.91000366210938,210.1999969482422,210.6999969482422,174.81784057617188,124308600,
2015-05-27,211.25,212.97999572753906,210.75999450683594,212.6999969482422,176.47723388671875,93214000,
2015-05-28,212.3300018310547,212.58999633789062,211.6300048828125,212.4600067138672,176.27816772460938,74974600,
2015-05-29,212.3800048828125,212.42999267578125,210.82000732421875,211.13999938964844,175.1829071044922,124919600,
2015-06-01,211.94000244140625,212.33999633789062,210.6199951171875,211.57000732421875,175.53964233398438,93338800,
2015-06-02,211.02000427246094,212.19000244140625,210.27000427246094,211.36000061035156,175.3654327392578,91531000,
2015-06-03,212.0,212.6699981689453,211.3300018310547,211.9199981689453,175.83004760742188,87820900,
2015-06-04,211.07000732421875,211.86000061035156,209.75,210.1300048828125,174.3448944091797,151882800,
2015-06-05,209.9499969482422,210.5800018310547,208.97999572753906,209.77000427246094,174.04617309570312,121704700,
2015-06-08,209.63999938964844,209.82000732421875,208.38999938964844,208.47999572753906,172.9758758544922,89063300,
2015-06-09,208.4499969482422,209.10000610351562,207.69000244140625,208.4499969482422,172.95103454589844,105034700,
2015-06-10,209.3699951171875,211.41000366210938,209.3000030517578,210.9499969482422,175.02523803710938,134551300,
2015-06-11,211.47999572753906,212.08999633789062,211.1999969482422,211.6300048828125,175.5894012451172,73876400,
2015-06-12,210.63999938964844,211.47999572753906,209.67999267578125,210.00999450683594,174.2453155517578,135382400,
2015-06-15,208.63999938964844,209.4499969482422,207.7899932861328,209.11000061035156,173.4986114501953,124384200,
2015-06-16,208.92999267578125,210.35000610351562,208.72000122070312,210.25,174.44442749023438,85308200,
2015-06-17,210.58999633789062,211.32000732421875,209.36000061035156,210.58999633789062,174.72650146484375,126708600,
2015-06-18,211.30999755859375,213.33999633789062,210.6300048828125,212.77999877929688,176.54360961914062,165867900,
2015-06-19,211.4600067138672,211.5500030517578,210.36000061035156,210.80999755859375,175.75990295410156,130478700,"{""dividend_amount"": 1.03}"
2015-06-22,211.91000366210938,212.58999633789062,211.63999938964844,211.88999938964844,176.6603240966797,70696000,
2015-06-23,212.13999938964844,212.44000244140625,211.57000732421875,212.0399932861328,176.78538513183594,68476800,
2015-06-24,211.72000122070312,212.1699981689453,210.47000122070312,210.5,175.50144958496094,92307300,
2015-06-25,211.10000610351562,211.25,209.77000427246094,209.86000061035156,174.9678497314453,97107400,
2015-06-26,210.2899932861328,210.5800018310547,209.16000366210938,209.82000732421875,174.9345245361328,104174800,
2015-06-29,208.0500030517578,209.8300018310547,205.3300018310547,205.4199981689453,171.2660369873047,202621300,
2015-06-30,207.25999450683594,207.32000732421875,205.27999877929688,205.85000610351562,171.62452697753906,182925100,
2015-07-01,207.72999572753906,208.02999877929688,206.55999755859375,207.5,173.00021362304688,135979900,
2015-07-02,208.07000732421875,208.27000427246094,206.80999755859375,207.30999755859375,172.841796875,104373700,
2015-07-06,205.77000427246094,207.64999389648438,205.52999877929688,206.72000122070312,172.3499298095703,117975400,
2015-07-07,206.9600067138672,208.1699981689453,204.11000061035156,208.02000427246094,173.4337615966797,173820200,
2015-07-08,206.4199981689453,206.75999450683594,204.25,204.52999877929688,170.52395629882812,164020100,
2015-07-09,207.0399932861328,207.35000610351562,204.77000427246094,204.89999389648438,170.83248901367188,144113100,
2015-07-10,207.2899932861328,207.97999572753906,204.9499969482422,207.47999572753906,172.9835662841797,129456900,
2015-07-13,208.99000549316406,209.89999389648438,208.94000244140625,209.77000427246094,174.89276123046875,106069400,
2015-07-14,209.72000122070312,211.0500030517578,209.64999389648438,210.67999267578125,175.65150451660156,81709600,
2015-07-15,210.72999572753906,211.27999877929688,210.0399932861328,210.61000061035156,175.59312438964844,97914100,
2015-07-16,211.8699951171875,212.3000030517578,211.5800018310547,212.3000030517578,177.00213623046875,106683300,
2015-07-17,212.2899932861328,212.5500030517578,211.8000030517578,212.47999572753906,177.1521759033203,89030000,
2015-07-20,212.75,213.17999267578125,212.2100067138672,212.58999633789062,177.24392700195312,70446800,
2015-07-21,212.42999267578125,212.74000549316406,211.38999938964844,211.75,176.54360961914062,77965000,
2015-07-22,210.92999267578125,211.77000427246094,210.88999938964844,211.3699951171875,176.226806640625,88667900,
2015-07-23,211.52999877929688,211.64999389648438,209.75,210.17999267578125,175.23460388183594,90509100,
2015-07-24,210.3000030517578,210.3699951171875,207.60000610351562,208.0,173.41708374023438,117755000,
2015-07-27,206.94000244140625,207.5500030517578,206.25999450683594,206.7899932861328,172.40826416015625,132361100,
2015-07-28,207.7899932861328,209.5,206.8000030517578,209.3300018310547,174.52598571777344,123544800,
2015-07-29,209.47999572753906,211.0399932861328,209.30999755859375,210.77000427246094,175.7265625,105791300,
2015-07-30,210.16000366210938,211.02000427246094,209.4199981689453,210.82000732421875,175.7682647705078,91304400,
2015-07-31,211.4199981689453,211.4499969482422,210.16000366210938,210.5,175.50144958496094,103266900,
2015-08-03,210.4600067138672,210.52999877929688,208.64999389648438,209.7899932861328,174.9094696044922,113965700,
2015-08-04,209.6999969482422,210.25,208.8000030517578,209.3800048828125,174.567626953125,81820800,
2015-08-05,210.4499969482422,211.30999755859375,209.72999572753906,210.07000732421875,175.1428985595703,85786800,
2015-08-06,210.2899932861328,210.4199981689453,207.64999389648438,208.35000610351562,173.70887756347656,116030800,
2015-08-07,208.16000366210938,208.33999633789062,206.8699951171875,207.9499969482422,173.37533569335938,117858000,
2015-08-10,209.27999877929688,210.6699981689453,209.27999877929688,210.57000732421875,175.55978393554688,80270700,
2015-08-11,208.97000122070312,209.47000122070312,207.75999450683594,208.6699981689453,173.9756622314453,126081400,
2015-08-12,207.11000061035156,209.13999938964844,205.36000061035156,208.9199981689453,174.1841278076172,172123700,
2015-08-13,208.72999572753906,209.5500030517578,208.00999450683594,208.66000366210938,173.9673309326172,89383300,
2015-08-14,208.42999267578125,209.50999450683594,208.25999450683594,209.4199981689453,174.60098266601562,72786500,
2015-08-17,208.7100067138672,210.58999633789062,208.16000366210938,210.58999633789062,175.57643127441406,79072600,
2015-08-18,210.25999450683594,210.67999267578125,209.6999969482422,209.97999572753906,175.06785583496094,71692700,
2015-08-19,209.08999633789062,210.00999450683594,207.35000610351562,208.32000732421875,173.68386840820312,172946000,
2015-08-20,206.50999450683594,208.2899932861328,203.89999389648438,203.97000122070312,170.05712890625,194327900,
2015-08-21,201.72999572753906,203.94000244140625,197.52000427246094,197.8300018310547,164.93798828125,346588500,
2015-08-24,187.49000549316406,197.47999572753906,182.39999389648438,189.5,157.99301147460938,507244300,
2015-08-25,195.42999267578125,195.4499969482422,186.9199981689453,187.27000427246094,156.13372802734375,369833100,
2015-08-26,192.0800018310547,194.7899932861328,188.3699951171875,194.4600067138672,162.1282958984375,339257000,
2015-08-27,197.02000427246094,199.4199981689453,195.2100067138672,199.27000427246094,166.13856506347656,274143900,
2015-08-28,198.5,199.83999633789062,197.9199981689453,199.27999877929688,166.1468963623047,160414400,
2015-08-31,198.11000061035156,199.1300048828125,197.00999450683594,197.6699981689453,164.80458068847656,163298800,
2015-09-01,193.1199951171875,194.77000427246094,190.72999572753906,191.77000427246094,159.88552856445312,256000400,
2015-09-02,194.6199951171875,195.4600067138672,192.4199981689453,195.41000366210938,162.9203338623047,160269300,
2015-09-03,196.25999450683594,198.0500030517578,194.9600067138672,195.5500030517578,163.03709411621094,152087800,
2015-09-04,192.85000610351562,193.86000061035156,191.61000061035156,192.58999633789062,160.56922912597656,207081000,
2015-09-08,195.94000244140625,197.61000061035156,195.1699981689453,197.42999267578125,164.6045684814453,116025700,
2015-09-09,199.32000732421875,199.47000122070312,194.35000610351562,194.7899932861328,162.40342712402344,149347700,
2015-09-10,194.55999755859375,197.22000122070312,194.25,195.85000610351562,163.28721618652344,158611100,
2015-09-11,195.3800048828125,196.82000732421875,194.52999877929688,196.74000549316406,164.0292510986328,119691200,
2015-09-14,196.9499969482422,197.00999450683594,195.42999267578125,196.00999450683594,163.4205780029297,79452000,
2015-09-15,196.61000061035156,198.99000549316406,195.9600067138672,198.4600067138672,165.46319580078125,113806200,
2015-09-16,198.82000732421875,200.41000366210938,198.41000366210938,200.17999267578125,166.89730834960938,99581600,
2015-09-17,200.02000427246094,202.88999938964844,199.27999877929688,199.72999572753906,166.5220489501953,276046600,
2015-09-18,195.7100067138672,198.67999267578125,194.9600067138672,195.4499969482422,163.8008270263672,223657500,"{""dividend_amount"": 1.033}"
2015-09-21,196.44000244140625,197.67999267578125,195.2100067138672,196.4600067138672,164.6473388671875,105726200,
2015-09-22,193.8800048828125,194.4600067138672,192.55999755859375,193.91000366210938,162.51023864746094,153890900,
2015-09-23,194.11000061035156,194.6699981689453,192.91000366210938,193.60000610351562,162.2504425048828,92790600,
2015-09-24,192.14999389648438,193.4499969482422,190.55999755859375,192.89999389648438,161.66375732421875,159378800,
2015-09-25,194.63999938964844,195.0,191.80999755859375,192.85000610351562,161.62185668945312,155054800,
2015-09-28,191.77999877929688,191.91000366210938,187.63999938964844,188.00999450683594,157.5656280517578,178515900,
2015-09-29,188.27000427246094,189.74000549316406,186.92999267578125,188.1199951171875,157.65785217285156,159045600,
2015-09-30,190.3699951171875,191.8300018310547,189.44000244140625,191.6300048828125,160.59945678710938,163452000,
2015-10-01,192.0800018310547,192.49000549316406,189.82000732421875,192.1300048828125,161.01844787597656,131079000,
2015-10-02,189.77000427246094,195.02999877929688,189.1199951171875,195.0,163.42373657226562,211003300,
2015-10-05,196.4600067138672,198.74000549316406,196.3300018310547,198.47000122070312,166.33180236816406,126320800,
2015-10-06,198.30999755859375,198.97999572753906,197.0,197.7899932861328,165.76197814941406,110274500,
2015-10-07,198.89999389648438,199.8300018310547,197.47999572753906,199.41000366210938,167.11961364746094,124307300,
2015-10-08,198.9499969482422,201.5500030517578,198.58999633789062,201.2100067138672,168.62811279296875,153055200,
2015-10-09,201.3800048828125,201.89999389648438,200.5800018310547,201.3300018310547,168.72879028320312,107069200,
2015-10-12,201.4199981689453,201.75999450683594,200.91000366210938,201.52000427246094,168.88792419433594,56395600,
2015-10-13,200.64999389648438,202.16000366210938,200.0500030517578,200.25,167.82366943359375,88038700,
2015-10-14,200.17999267578125,200.8699951171875,198.94000244140625,199.2899932861328,167.01904296875,99106200,
2015-10-15,200.0800018310547,202.36000061035156,199.63999938964844,202.35000610351562,169.58352661132812,134142200,
2015-10-16,202.8300018310547,203.2899932861328,201.9199981689453,203.27000427246094,170.35458374023438,114580100,
2015-10-19,202.5,203.3699951171875,202.1300048828125,203.3699951171875,170.43836975097656,76523900,
2015-10-20,202.85000610351562,203.83999633789062,202.5500030517578,203.11000061035156,170.220458984375,78448500,
2015-10-21,203.61000061035156,203.7899932861328,201.64999389648438,201.85000610351562,169.16452026367188,102038000,
2015-10-22,202.97999572753906,205.50999450683594,201.85000610351562,205.25999450683594,172.02235412597656,174911700,
2015-10-23,207.25,207.9499969482422,206.3000030517578,207.50999450683594,173.90798950195312,144442300,
2015-10-26,207.3000030517578,207.3699951171875,206.55999755859375,207.0,173.48057556152344,69033000,
2015-10-27,206.1999969482422,207.0,205.7899932861328,206.60000610351562,173.14535522460938,77905800,
2015-10-28,207.0,208.97999572753906,206.2100067138672,208.9499969482422,175.1148223876953,135906700,
2015-10-29,208.35000610351562,209.27000427246094,208.2100067138672,208.8300018310547,175.01425170898438,90525500,
2015-10-30,209.05999755859375,209.44000244140625,207.74000549316406,207.92999267578125,174.25997924804688,131076900,
2015-11-02,208.32000732421875,210.6199951171875,208.1699981689453,210.38999938964844,176.3216552734375,86270800,
2015-11-03,209.97000122070312,211.66000366210938,209.6999969482422,211.0,176.83285522460938,95246100,
2015-11-04,211.35000610351562,211.5,209.72000122070312,210.36000061035156,176.29652404785156,96224500,
2015-11-05,210.42999267578125,210.97999572753906,209.08999633789062,210.14999389648438,176.1205291748047,78408700,
2015-11-06,209.74000549316406,210.32000732421875,208.4600067138672,210.0399932861328,176.02830505371094,110471500,
2015-11-09,209.30999755859375,209.49000549316406,206.9499969482422,208.0800018310547,174.38565063476562,131008700,
2015-11-10,207.50999450683594,208.60000610351562,207.19000244140625,208.55999755859375,174.7879638671875,75874600,
2015-11-11,208.8800048828125,208.94000244140625,207.66000366210938,207.74000549316406,174.1007843017578,67846000,
2015-11-12,206.5,207.05999755859375,204.82000732421875,204.83999633789062,171.67041015625,121315200,
2015-11-13,204.35000610351562,204.6699981689453,202.44000244140625,202.5399932861328,169.7427978515625,153577100,
2015-11-16,202.32000732421875,205.69000244140625,202.17999267578125,205.6199951171875,172.3240966796875,117645200,
2015-11-17,205.99000549316406,207.0399932861328,204.8800048828125,205.47000122070312,172.19833374023438,121123700,
2015-11-18,206.0399932861328,208.89999389648438,205.99000549316406,208.72999572753906,174.93043518066406,121342500,
2015-11-19,208.58999633789062,209.0500030517578,208.1999969482422,208.5500030517578,174.779541015625,88220500,
2015-11-20,209.4499969482422,210.1199951171875,208.86000061035156,209.30999755859375,175.4165496826172,94011500,
2015-11-23,209.3800048828125,209.97999572753906,208.52000427246094,209.07000732421875,175.21542358398438,64931200,
2015-11-24,207.8699951171875,209.8300018310547,207.41000366210938,209.35000610351562,175.45010375976562,98874400,
2015-11-25,209.5,209.74000549316406,209.00999450683594,209.32000732421875,175.42489624023438,51980100,
2015-11-27,209.42999267578125,209.8000030517578,208.86000061035156,209.55999755859375,175.6260528564453,37317800,
2015-11-30,209.75,209.88999938964844,208.55999755859375,208.69000244140625,174.8968963623047,112822700,
2015-12-01,209.44000244140625,210.82000732421875,209.11000061035156,210.67999267578125,176.56466674804688,97858400,
2015-12-02,210.6199951171875,211.0,208.22999572753906,208.52999877929688,174.76283264160156,108441300,
2015-12-03,208.8300018310547,209.14999389648438,204.75,205.61000061035156,172.315673828125,166224200,
2015-12-04,205.61000061035156,209.97000122070312,205.61000061035156,209.6199951171875,175.6763153076172,192913900,
2015-12-07,209.22999572753906,209.72999572753906,207.1999969482422,208.35000610351562,174.61196899414062,102027100,
2015-12-08,206.49000549316406,208.2899932861328,205.77999877929688,206.9499969482422,173.43869018554688,103372400,
2015-12-09,206.19000244140625,208.67999267578125,204.17999267578125,205.33999633789062,172.08935546875,162401500,
2015-12-10,205.4199981689453,207.42999267578125,205.13999938964844,205.8699951171875,172.53350830078125,116128900,
2015-12-11,203.35000610351562,204.13999938964844,201.50999450683594,201.8800048828125,169.18968200683594,211173300,
2015-12-14,202.07000732421875,203.0500030517578,199.9499969482422,202.89999389648438,170.0445098876953,182385200,
2015-12-15,204.6999969482422,206.11000061035156,202.8699951171875,205.02999877929688,171.8295440673828,154069600,
2015-12-16,206.3699951171875,208.38999938964844,204.8000030517578,208.02999877929688,174.34378051757812,197017000,
2015-12-17,208.39999389648438,208.47999572753906,204.83999633789062,204.86000061035156,171.68710327148438,173092500,
2015-12-18,202.77000427246094,202.92999267578125,199.8300018310547,200.02000427246094,168.6284942626953,251393500,"{""dividend_amount"": 1.212}"
2015-12-21,201.41000366210938,201.8800048828125,200.08999633789062,201.6699981689453,170.01947021484375,99094300,
2015-12-22,202.72000122070312,203.85000610351562,201.5500030517578,203.5,171.5624237060547,111026200,
2015-12-23,204.69000244140625,206.07000732421875,204.5800018310547,206.02000427246094,173.6868438720703,110987200,
2015-12-24,205.72000122070312,206.3300018310547,205.4199981689453,205.67999267578125,173.4002227783203,48539600,
2015-12-28,204.86000061035156,205.25999450683594,203.94000244140625,205.2100067138672,173.00392150878906,65899900,
2015-12-29,206.50999450683594,207.7899932861328,206.47000122070312,207.39999389648438,174.85023498535156,92640700,
2015-12-30,207.11000061035156,207.2100067138672,205.75999450683594,205.92999267578125,173.61099243164062,63317700,
2015-12-31,205.1300048828125,205.88999938964844,203.8699951171875,203.8699951171875,171.87417602539062,114877900,
2016-01-04,200.49000549316406,201.02999877929688,198.58999633789062,201.02000427246094,169.47157287597656,222353500,
2016-01-05,201.39999389648438,201.89999389648438,200.0500030517578,201.36000061035156,169.75816345214844,110845800,
2016-01-06,198.33999633789062,200.05999755859375,197.60000610351562,198.82000732421875,167.61685180664062,152112600,
2016-01-07,195.3300018310547,197.44000244140625,193.58999633789062,194.0500030517578,163.595458984375,213436100,
2016-01-08,195.19000244140625,195.85000610351562,191.5800018310547,191.9199981689453,161.7997283935547,209817200,
2016-01-11,193.00999450683594,193.41000366210938,189.82000732421875,192.11000061035156,161.95989990234375,187941300,
2016-01-12,193.82000732421875,194.5500030517578,191.13999938964844,193.66000366210938,163.26663208007812,172330500,
2016-01-13,194.4499969482422,194.86000061035156,188.3800048828125,188.8300018310547,159.1947021484375,221168900,
2016-01-14,189.5500030517578,193.25999450683594,187.66000366210938,191.92999267578125,161.8081512451172,240795600,
2016-01-15,186.77000427246094,188.75999450683594,185.52000427246094,187.80999755859375,158.3347930908203,324846400,
2016-01-19,189.9600067138672,190.11000061035156,186.1999969482422,188.05999755859375,158.54551696777344,195244400,
2016-01-20,185.02999877929688,187.5,181.02000427246094,185.64999389648438,156.51373291015625,286547800,
2016-01-21,186.2100067138672,188.8699951171875,184.63999938964844,186.69000244140625,157.3905487060547,195772900,
2016-01-22,189.77999877929688,190.75999450683594,188.8800048828125,190.52000427246094,160.6194305419922,168319600,
2016-01-25,189.9199981689453,190.14999389648438,187.41000366210938,187.63999938964844,158.19140625,130371700,
2016-01-26,188.4199981689453,190.52999877929688,188.02000427246094,190.1999969482422,160.34967041015625,141036800,
2016-01-27,189.5800018310547,191.55999755859375,187.05999755859375,188.1300048828125,158.6045379638672,185681700,
2016-01-28,189.9600067138672,190.1999969482422,187.16000366210938,189.11000061035156,159.4307403564453,143798800,
2016-01-29,190.02000427246094,193.8800048828125,189.8800048828125,193.72000122070312,163.3172149658203,210529300,
2016-02-01,192.52999877929688,194.5800018310547,191.83999633789062,193.64999389648438,163.25820922851562,136061600,
2016-02-02,191.9600067138672,191.97000122070312,189.5399932861328,190.16000366210938,160.3159637451172,182564900,
2016-02-03,191.41000366210938,191.77999877929688,187.10000610351562,191.3000030517578,161.27699279785156,205054900,
2016-02-04,190.7100067138672,192.75,189.9600067138672,191.60000610351562,161.5299835205078,139531800,
2016-02-05,190.99000549316406,191.6699981689453,187.1999969482422,187.9499969482422,158.45274353027344,180788300,
2016-02-08,185.77000427246094,186.1199951171875,182.8000030517578,185.4199981689453,156.3198699951172,191526700,
2016-02-09,183.36000061035156,186.94000244140625,183.1999969482422,185.42999267578125,156.3282928466797,184513100,
2016-02-10,186.41000366210938,188.33999633789062,185.1199951171875,185.27000427246094,156.19338989257812,148214100,
2016-02-11,182.33999633789062,184.10000610351562,181.08999633789062,182.86000061035156,154.16163635253906,219058900,
2016-02-12,184.9600067138672,186.64999389648438,183.9600067138672,186.6300048828125,157.33990478515625,127632400,
2016-02-16,188.77000427246094,189.80999755859375,187.6300048828125,189.77999877929688,159.99554443359375,120250700,
2016-02-17,191.16000366210938,193.32000732421875,191.00999450683594,192.8800048828125,162.60906982421875,136009500,
2016-02-18,193.1999969482422,193.27000427246094,191.72000122070312,192.08999633789062,161.94302368164062,102343000,
2016-02-19,191.1699981689453,192.17999267578125,190.4499969482422,192.0,161.86717224121094,114793000,
2016-02-22,193.8699951171875,194.9499969482422,193.7899932861328,194.77999877929688,164.2108612060547,103640300,
2016-02-23,194.0,194.32000732421875,192.17999267578125,192.32000732421875,162.13693237304688,111455300,
2016-02-24,190.6300048828125,193.52999877929688,189.32000732421875,193.1999969482422,162.87884521484375,150812200,
2016-02-25,193.72999572753906,195.5500030517578,192.8300018310547,195.5399932861328,164.85157775878906,110728300,
2016-02-26,196.57000732421875,196.67999267578125,194.89999389648438,195.08999633789062,164.47222900390625,129833700,
2016-02-29,195.11000061035156,196.22999572753906,193.3300018310547,193.55999755859375,163.18240356445312,125918100,
2016-03-01,195.00999450683594,198.2100067138672,194.4499969482422,198.11000061035156,167.01824951171875,141799700,
2016-03-02,197.74000549316406,199.05999755859375,197.25,199.0,167.7685546875,102415000,
2016-03-03,198.7899932861328,199.8000030517578,198.11000061035156,199.77999877929688,168.42616271972656,95172200,
2016-03-04,200.00999450683594,201.35000610351562,199.02999877929688,200.42999267578125,168.9741668701172,129293600,
2016-03-07,199.33999633789062,201.07000732421875,199.25,200.58999633789062,169.10903930664062,100219000,
2016-03-08,199.32000732421875,199.9199981689453,198.2100067138672,198.39999389648438,167.26271057128906,123974900,
2016-03-09,199.36000061035156,199.7899932861328,198.42999267578125,199.3800048828125,168.08895874023438,94801200,
2016-03-10,199.9600067138672,201.07000732421875,197.3800048828125,199.5399932861328,168.22384643554688,156838700,
2016-03-11,201.25999450683594,202.80999755859375,199.52000427246094,202.75999450683594,170.93849182128906,137964500,
2016-03-14,202.16000366210938,203.0399932861328,201.77000427246094,202.5,170.71926879882812,73612000,
2016-03-15,201.36000061035156,202.52999877929688,201.0500030517578,202.1699981689453,170.4410400390625,93169100,
2016-03-16,201.60000610351562,203.82000732421875,201.5500030517578,203.33999633789062,171.42747497558594,129303200,
2016-03-17,203.24000549316406,205.22999572753906,202.77000427246094,204.6300048828125,172.51502990722656,134278500,
2016-03-18,204.1699981689453,204.77999877929688,203.8000030517578,204.3800048828125,173.19296264648438,138372400,"{""dividend_amount"": 1.05}"
2016-03-21,204.07000732421875,204.94000244140625,203.8000030517578,204.6699981689453,173.43869018554688,72926700,
2016-03-22,203.75999450683594,205.22999572753906,203.57000732421875,204.55999755859375,173.34548950195312,97471900,
2016-03-23,204.11000061035156,204.3300018310547,203.00999450683594,203.2100067138672,172.2014617919922,81052500,
2016-03-24,202.0,203.16000366210938,201.74000549316406,203.1199951171875,172.1251983642578,84360900,
2016-03-28,203.61000061035156,203.86000061035156,202.7100067138672,203.24000549316406,172.22689819335938,62408200,
2016-03-29,202.75999450683594,205.25,202.39999389648438,205.1199951171875,173.81993103027344,92922900,
2016-03-30,206.3000030517578,206.8699951171875,205.58999633789062,206.02000427246094,174.5826873779297,86365300,
2016-03-31,205.91000366210938,206.41000366210938,205.3300018310547,205.52000427246094,174.15896606445312,94584100,
2016-04-01,204.35000610351562,207.13999938964844,203.97999572753906,206.9199981689453,175.3453369140625,114423500,
2016-04-04,206.8300018310547,207.07000732421875,205.88999938964844,206.25,174.77761840820312,63497000,
2016-04-05,204.6699981689453,206.25999450683594,203.88999938964844,204.19000244140625,173.0319061279297,99662200,
2016-04-06,204.19000244140625,206.49000549316406,203.97999572753906,206.4199981689453,174.92161560058594,91839800,
2016-04-07,205.13999938964844,205.55999755859375,203.08999633789062,203.9499969482422,172.82850646972656,113859000,
2016-04-08,205.33999633789062,205.85000610351562,203.8699951171875,204.5,173.29457092285156,95040600,
2016-04-11,205.25,206.07000732421875,203.91000366210938,204.02000427246094,172.8878173828125,83757500,
2016-04-12,204.22000122070312,206.25,203.6999969482422,205.9199981689453,174.49795532226562,115350600,
2016-04-13,207.0,208.10000610351562,206.83999633789062,208.0,176.26051330566406,96336400,
2016-04-14,208.07000732421875,208.60000610351562,207.60000610351562,208.00999450683594,176.26901245117188,65212900,
2016-04-15,208.00999450683594,208.1699981689453,207.39999389648438,207.77999877929688,176.0740966796875,75761600,
2016-04-18,207.77999877929688,209.27999877929688,207.0,209.24000549316406,177.31129455566406,82531000,
2016-04-19,209.74000549316406,210.1999969482422,208.94000244140625,209.89999389648438,177.87060546875,88316100,
2016-04-20,209.9499969482422,210.9199981689453,209.38999938964844,210.10000610351562,178.04010009765625,81100300,
2016-04-21,210.1199951171875,210.25,208.64999389648438,208.97000122070312,177.08248901367188,85695000,
2016-04-22,208.5500030517578,209.2899932861328,207.91000366210938,208.97000122070312,177.08248901367188,99251700,
2016-04-25,208.25999450683594,208.66000366210938,207.5399932861328,208.61000061035156,176.77748107910156,66166500,
2016-04-26,209.0399932861328,209.52000427246094,208.36000061035156,208.9199981689453,177.04014587402344,75864200,
2016-04-27,208.47000122070312,209.80999755859375,208.0500030517578,209.35000610351562,177.40455627441406,77329400,
2016-04-28,208.4600067138672,209.75999450683594,206.9600067138672,207.4499969482422,175.79444885253906,97216200,
2016-04-29,206.72000122070312,207.1300048828125,205.02999877929688,206.3300018310547,174.8453826904297,142424100,
2016-05-02,206.9199981689453,208.17999267578125,206.41000366210938,207.97000122070312,176.23507690429688,62188000,
2016-05-03,206.52000427246094,206.8000030517578,205.27999877929688,206.16000366210938,174.70130920410156,106422100,
2016-05-04,204.99000549316406,205.85000610351562,204.4199981689453,205.00999450683594,173.72683715820312,92243800,
2016-05-05,205.55999755859375,205.97999572753906,204.47000122070312,204.97000122070312,173.69287109375,67619200,
2016-05-06,204.05999755859375,205.77000427246094,203.8800048828125,205.72000122070312,174.3284454345703,89315000,
2016-05-09,205.57000732421875,206.39999389648438,205.36000061035156,205.88999938964844,174.47250366210938,74374900,
2016-05-10,206.72000122070312,208.47000122070312,206.63999938964844,208.4499969482422,176.64186096191406,77472200,
2016-05-11,207.91000366210938,208.5399932861328,206.5,206.5,174.98939514160156,81727000,
2016-05-12,207.2899932861328,207.49000549316406,205.3699951171875,206.55999755859375,175.04029846191406,89586300,
2016-05-13,206.2100067138672,206.86000061035156,204.3800048828125,204.75999450683594,173.51492309570312,96474600,
2016-05-16,204.9600067138672,207.33999633789062,204.88999938964844,206.77999877929688,175.22671508789062,77486800,
2016-05-17,206.4600067138672,206.8000030517578,204.22999572753906,204.85000610351562,173.59115600585938,114924900,
2016-05-18,204.44000244140625,206.3000030517578,203.6300048828125,204.91000366210938,173.6420135498047,120062100,
2016-05-19,204.05999755859375,204.5399932861328,202.77999877929688,204.1999969482422,173.04034423828125,115430500,
2016-05-20,204.9199981689453,206.10000610351562,204.86000061035156,205.49000549316406,174.13352966308594,104990400,
2016-05-23,205.50999450683594,205.83999633789062,204.99000549316406,205.2100067138672,173.89633178710938,58682600,
2016-05-24,206.1699981689453,208.24000549316406,206.13999938964844,207.8699951171875,176.15032958984375,93537800,
2016-05-25,208.6699981689453,209.77000427246094,207.8699951171875,209.27999877929688,177.34519958496094,76621400,
2016-05-26,209.44000244140625,209.7100067138672,208.97000122070312,209.33999633789062,177.39602661132812,55280700,
2016-05-27,209.52999877929688,210.25,209.47000122070312,210.24000549316406,178.1587371826172,64211200,
2016-05-31,210.55999755859375,210.69000244140625,209.17999267578125,209.83999633789062,177.81980895996094,109879400,
2016-06-01,209.1199951171875,210.47999572753906,208.88999938964844,210.27000427246094,178.18414306640625,69936200,
2016-06-02,209.8000030517578,210.92999267578125,209.24000549316406,210.91000366210938,178.72645568847656,63044700,
2016-06-03,210.25,210.69000244140625,208.86000061035156,210.27999877929688,178.19259643554688,101757100,
2016-06-06,210.6999969482422,211.77000427246094,210.50999450683594,211.35000610351562,179.099365234375,64887000,
2016-06-07,211.52999877929688,212.33999633789062,211.5,211.67999267578125,179.37899780273438,60974800,
2016-06-08,211.83999633789062,212.52000427246094,211.69000244140625,212.3699951171875,179.96368408203125,66170900,
2016-06-09,211.50999450683594,212.22000122070312,211.19000244140625,212.0800018310547,179.71795654296875,73786900,
2016-06-10,210.4600067138672,210.86000061035156,209.42999267578125,210.07000732421875,178.0146484375,113829200,
2016-06-13,209.36000061035156,210.3699951171875,208.35000610351562,208.4499969482422,176.64186096191406,117751200,
2016-06-14,208.0,208.74000549316406,206.9199981689453,208.0399932861328,176.2943572998047,125059300,
2016-06-15,208.0399932861328,209.36000061035156,207.52999877929688,207.75,176.04867553710938,109124500,
2016-06-16,207.75,208.57000732421875,205.58999633789062,208.3699951171875,176.5740509033203,149533100,
2016-06-17,207.1699981689453,207.1999969482422,205.75,206.52000427246094,175.9164581298828,117055700,"{""dividend_amount"": 1.078}"
2016-06-20,208.82000732421875,209.61000061035156,207.75,207.85000610351562,177.04937744140625,82789600,
2016-06-21,208.3000030517578,208.9199981689453,207.77999877929688,208.44000244140625,177.55201721191406,72461700,
2016-06-22,208.64999389648438,209.5,207.92999267578125,208.10000610351562,177.26231384277344,95560500,
2016-06-23,209.80999755859375,210.8699951171875,209.27000427246094,210.80999755859375,179.57078552246094,102731400,
2016-06-24,203.6300048828125,210.85000610351562,202.72000122070312,203.24000549316406,173.12252807617188,333444400,
2016-06-27,201.58999633789062,201.60000610351562,198.64999389648438,199.60000610351562,170.0219268798828,230775800,
2016-06-28,201.47999572753906,203.22999572753906,201.1199951171875,203.1999969482422,173.08847045898438,159382400,
2016-06-29,204.83999633789062,206.92999267578125,204.72000122070312,206.66000366210938,176.0357208251953,137328600,
2016-06-30,207.2100067138672,209.5399932861328,206.55999755859375,209.47999572753906,178.43780517578125,165021900,
2016-07-01,209.47999572753906,210.49000549316406,209.2899932861328,209.9199981689453,178.81263732910156,106055300,
2016-07-05,208.9499969482422,209.0800018310547,207.7100067138672,208.41000366210938,177.52638244628906,109803700,
2016-07-06,207.8300018310547,209.8000030517578,207.05999755859375,209.66000366210938,178.5911407470703,96021500,
2016-07-07,209.8699951171875,210.64999389648438,208.6300048828125,209.52999877929688,178.48040771484375,85593800,
2016-07-08,211.0500030517578,212.94000244140625,210.77999877929688,212.64999389648438,181.1380615234375,133971000,
2016-07-11,213.19000244140625,214.07000732421875,212.9499969482422,213.39999389648438,181.77688598632812,73633900,
2016-07-12,214.52999877929688,215.3000030517578,213.42999267578125,214.9499969482422,183.09727478027344,101275600,
2016-07-13,215.44000244140625,215.4499969482422,214.35000610351562,214.9199981689453,183.07171630859375,87324100,
2016-07-14,216.39999389648438,216.6699981689453,215.66000366210938,216.1199951171875,184.0938720703125,91230900,
2016-07-15,216.77999877929688,217.00999450683594,215.30999755859375,215.8300018310547,183.84683227539062,107155400,
2016-07-18,215.97000122070312,216.60000610351562,215.6699981689453,216.41000366210938,184.34092712402344,58725900,
2016-07-19,215.9199981689453,216.22999572753906,215.6300048828125,216.19000244140625,184.15350341796875,54345700,
2016-07-20,216.19000244140625,217.3699951171875,216.19000244140625,217.08999633789062,184.9200897216797,58159500,
2016-07-21,216.9600067138672,217.22000122070312,215.75,216.27000427246094,184.22164916992188,67777300,
2016-07-22,216.41000366210938,217.3000030517578,216.10000610351562,217.24000549316406,185.04788208007812,62787500,
2016-07-25,217.0,217.05999755859375,215.97000122070312,216.64999389648438,184.5453338623047,55873100,
2016-07-26,216.52999877929688,217.1699981689453,215.75999450683594,216.75,184.63052368164062,70080500,
2016-07-27,217.19000244140625,217.27000427246094,215.6199951171875,216.52000427246094,184.43458557128906,84083900,
2016-07-28,216.2899932861328,217.11000061035156,215.75,216.77000427246094,184.64756774902344,65035700,
2016-07-29,216.4600067138672,217.5399932861328,216.1300048828125,217.1199951171875,184.9456329345703,79519400,
2016-08-01,217.19000244140625,217.64999389648438,216.41000366210938,216.94000244140625,184.7923583984375,73311400,
2016-08-02,216.64999389648438,216.8300018310547,214.57000732421875,215.5500030517578,183.60830688476562,92295500,
2016-08-03,215.47999572753906,216.25,215.1300048828125,216.17999267578125,184.14498901367188,53993600,
2016-08-04,216.30999755859375,216.77999877929688,214.25,216.41000366210938,184.34092712402344,46585500,
2016-08-05,216.41000366210938,218.22999572753906,216.41000366210938,218.17999267578125,185.84860229492188,71892200,
2016-08-08,218.39999389648438,218.52000427246094,217.74000549316406,218.0500030517578,185.7378387451172,39906500,
2016-08-09,218.1300048828125,218.75999450683594,217.8000030517578,218.17999267578125,185.84860229492188,51251700,
2016-08-10,218.30999755859375,218.39999389648438,217.22999572753906,217.63999938964844,185.38865661621094,57941100,
2016-08-11,218.25999450683594,218.94000244140625,217.9499969482422,218.64999389648438,186.2489471435547,72504300,
2016-08-12,218.2899932861328,218.7100067138672,217.99000549316406,218.4600067138672,186.0871124267578,61313500,
2016-08-15,218.88999938964844,219.5,218.8800048828125,219.08999633789062,186.6237335205078,49813500,
2016-08-16,218.60000610351562,218.67999267578125,217.9600067138672,217.9600067138672,185.66123962402344,53213600,
2016-08-17,218.0,218.52999877929688,217.02000427246094,218.3699951171875,186.01046752929688,75134300,
2016-08-18,218.33999633789062,218.89999389648438,218.2100067138672,218.86000061035156,186.42779541015625,52989300,
2016-08-19,218.30999755859375,218.75,217.74000549316406,218.5399932861328,186.15525817871094,75443000,
2016-08-22,218.25999450683594,218.8000030517578,217.8300018310547,218.52999877929688,186.14671325683594,61368800,
2016-08-23,219.25,219.60000610351562,218.89999389648438,218.97000122070312,186.5215606689453,53399200,
2016-08-24,218.8000030517578,218.91000366210938,217.36000061035156,217.85000610351562,185.56756591796875,71728900,
2016-08-25,217.39999389648438,218.19000244140625,217.22000122070312,217.6999969482422,185.43972778320312,69224800,
2016-08-26,217.9199981689453,219.1199951171875,216.25,217.2899932861328,185.0904998779297,122506300,
2016-08-29,217.44000244140625,218.6699981689453,217.39999389648438,218.36000061035156,186.001953125,70502200,
2016-08-30,218.25999450683594,218.58999633789062,217.35000610351562,218.0,185.69529724121094,58114500,
2016-08-31,217.61000061035156,217.75,216.47000122070312,217.3800048828125,185.1671600341797,85269500,
2016-09-01,217.3699951171875,217.72999572753906,216.02999877929688,217.38999938964844,185.1757354736328,97844200,
2016-09-02,218.38999938964844,218.8699951171875,217.6999969482422,218.3699951171875,186.01046752929688,79293900,
2016-09-06,218.6999969482422,219.1199951171875,217.86000061035156,219.02999877929688,186.5726318359375,56702100,
2016-09-07,218.83999633789062,219.22000122070312,218.3000030517578,219.00999450683594,186.55563354492188,76554900,
2016-09-08,218.6199951171875,218.94000244140625,218.14999389648438,218.50999450683594,186.1296844482422,74102900,
2016-09-09,216.97000122070312,217.02999877929688,213.25,213.27999877929688,181.67469787597656,221589100,
2016-09-12,212.38999938964844,216.80999755859375,212.30999755859375,216.33999633789062,184.28126525878906,168110900,
2016-09-13,214.83999633789062,215.14999389648438,212.5,213.22999572753906,181.63214111328125,182828800,
2016-09-14,213.2899932861328,214.6999969482422,212.5,213.14999389648438,181.56399536132812,134185500,
2016-09-15,212.9600067138672,215.72999572753906,212.75,215.27999877929688,183.37832641601562,134427900,
2016-09-16,213.47999572753906,213.69000244140625,212.57000732421875,213.3699951171875,182.66946411132812,155236400,"{""dividend_amount"": 1.082}"
2016-09-19,214.1300048828125,214.8800048828125,213.02999877929688,213.41000366210938,182.70370483398438,80250500,
2016-09-20,214.41000366210938,214.58999633789062,213.3800048828125,213.4199981689453,182.71224975585938,69665300,
2016-09-21,214.24000549316406,216.02999877929688,213.44000244140625,215.82000732421875,184.7669677734375,110284400,
2016-09-22,217.0,217.52999877929688,216.7100067138672,217.17999267578125,185.93124389648438,76678700,
2016-09-23,216.72000122070312,216.8800048828125,215.8800048828125,215.99000549316406,184.91249084472656,73630900,
2016-09-26,215.02000427246094,215.22999572753906,214.00999450683594,214.24000549316406,183.414306640625,89827300,
2016-09-27,214.0500030517578,215.67999267578125,213.6199951171875,215.57000732421875,184.55296325683594,78494800,
2016-09-28,215.8300018310547,216.82000732421875,214.7100067138672,216.63999938964844,185.468994140625,87411000,
2016-09-29,216.39999389648438,216.8699951171875,214.0399932861328,214.67999267578125,183.7909698486328,128070600,
2016-09-30,215.64999389648438,217.1199951171875,215.36000061035156,216.3000030517578,185.17784118652344,117202900,
2016-10-03,215.82000732421875,216.0399932861328,215.0399932861328,215.77999877929688,184.7327117919922,83512100,
2016-10-04,215.91000366210938,216.1699981689453,213.99000549316406,214.67999267578125,183.7909698486328,119948100,
2016-10-05,215.41000366210938,216.1300048828125,215.3300018310547,215.6300048828125,184.6043243408203,72816000,
2016-10-06,215.3699951171875,216.0399932861328,214.74000549316406,215.77999877929688,184.7327117919922,62927400,
2016-10-07,216.10000610351562,216.3000030517578,214.19000244140625,215.0399932861328,184.09918212890625,89788300,
2016-10-10,216.16000366210938,216.6999969482422,215.99000549316406,216.16000366210938,185.05809020996094,51855000,
2016-10-11,215.66000366210938,215.74000549316406,212.5800018310547,213.42999267578125,182.72084045410156,130367400,
2016-10-12,213.58999633789062,214.32000732421875,213.00999450683594,213.7100067138672,182.96060180664062,73866100,
2016-10-13,212.16000366210938,213.58999633789062,211.2100067138672,213.00999450683594,182.36126708984375,101357000,
2016-10-14,214.14999389648438,214.69000244140625,213.02999877929688,213.1199951171875,182.45541381835938,93346200,
2016-10-17,213.08999633789062,213.38999938964844,212.1699981689453,212.3800048828125,181.82191467285156,58275700,
2016-10-18,214.24000549316406,214.30999755859375,213.27000427246094,213.7100067138672,182.96060180664062,76869700,
2016-10-19,214.02000427246094,214.63999938964844,213.60000610351562,214.27999877929688,183.44854736328125,66519200,
2016-10-20,213.8699951171875,214.52999877929688,213.11000061035156,213.8800048828125,183.10609436035156,73639800,
2016-10-21,213.8800048828125,214.0800018310547,212.75999450683594,213.97999572753906,183.1916961669922,89089100,
2016-10-24,215.0,215.32000732421875,214.47999572753906,214.88999938964844,183.9707794189453,60146600,
2016-10-25,214.67999267578125,214.97999572753906,213.97999572753906,214.1699981689453,183.3543701171875,66542300,
2016-10-26,213.2100067138672,214.4199981689453,212.92999267578125,213.74000549316406,182.9862823486328,75705500,
2016-10-27,214.5800018310547,214.6199951171875,213.0800018310547,213.1699981689453,182.49826049804688,77220200,
2016-10-28,213.13999938964844,213.92999267578125,211.7100067138672,212.5399932861328,181.95892333984375,140623200,
2016-10-31,212.92999267578125,213.19000244140625,212.36000061035156,212.5500030517578,181.96743774414062,61272500,
2016-11-01,212.92999267578125,212.99000549316406,209.60000610351562,211.00999450683594,180.64907836914062,122781800,
2016-11-02,210.64999389648438,211.10000610351562,209.22999572753906,209.74000549316406,179.56175231933594,103330800,
2016-11-03,209.99000549316406,210.24000549316406,208.4600067138672,208.77999877929688,178.739990234375,88939300,
2016-11-04,208.91000366210938,209.88999938964844,208.3800048828125,208.5500030517578,178.54298400878906,109122100,
2016-11-07,208.5500030517578,213.19000244140625,208.5500030517578,213.14999389648438,182.4811248779297,109794900,
2016-11-08,212.69000244140625,214.77000427246094,212.3800048828125,214.11000061035156,183.30296325683594,106772100,
2016-11-09,212.3699951171875,217.10000610351562,212.33999633789062,216.3800048828125,185.24636840820312,258429000,
2016-11-10,217.3000030517578,218.30999755859375,215.22000122070312,216.9199981689453,185.7086639404297,172113300,
2016-11-11,216.0800018310547,216.6999969482422,215.32000732421875,216.4199981689453,185.28065490722656,100552700,
2016-11-14,217.02999877929688,217.27000427246094,215.72000122070312,216.58999633789062,185.4261932373047,94580000,
2016-11-15,217.0399932861328,218.27999877929688,216.8000030517578,218.27999877929688,186.873046875,91652600,
2016-11-16,217.55999755859375,218.13999938964844,217.4199981689453,217.8699951171875,186.52200317382812,65617700,
2016-11-17,218.0500030517578,219.05999755859375,217.9199981689453,218.99000549316406,187.48085021972656,69797200,
2016-11-18,219.07000732421875,219.27000427246094,218.2899932861328,218.5,187.06134033203125,86265800,
2016-11-21,219.1699981689453,220.17999267578125,219.0,220.14999389648438,188.47393798828125,72402600,
2016-11-22,220.50999450683594,220.7899932861328,219.72999572753906,220.5800018310547,188.8420867919922,67429000,
2016-11-23,219.97999572753906,220.75999450683594,219.75,220.6999969482422,188.94482421875,56620200,
2016-11-25,221.10000610351562,221.55999755859375,221.00999450683594,221.52000427246094,189.64686584472656,37872300,
2016-11-28,221.16000366210938,221.47999572753906,220.36000061035156,220.47999572753906,188.75648498535156,76572500,
2016-11-29,220.52000427246094,221.44000244140625,220.1699981689453,220.91000366210938,189.12461853027344,69886700,
2016-11-30,221.6300048828125,221.82000732421875,220.30999755859375,220.3800048828125,188.6708221435547,113291800,
2016-12-01,220.72999572753906,220.72999572753906,219.14999389648438,219.57000732421875,187.97743225097656,79040500,
2016-12-02,219.6699981689453,220.25,219.25999450683594,219.67999267578125,188.07151794433594,74840300,
2016-12-05,220.64999389648438,221.39999389648438,220.4199981689453,221.0,189.20159912109375,67837800,
2016-12-06,221.22000122070312,221.74000549316406,220.66000366210938,221.6999969482422,189.80091857910156,59877400,
2016-12-07,221.52000427246094,224.6699981689453,221.3800048828125,224.60000610351562,192.2836456298828,110738100,
2016-12-08,224.57000732421875,225.6999969482422,224.25999450683594,225.14999389648438,192.7545166015625,99714400,
2016-12-09,225.41000366210938,226.52999877929688,225.3699951171875,226.50999450683594,193.91883850097656,88005800,
2016-12-12,226.39999389648438,226.9600067138672,225.75999450683594,226.25,193.69625854492188,102016100,
2016-12-13,227.02000427246094,228.33999633789062,227.0,227.75999450683594,194.9889373779297,110477500,
2016-12-14,227.41000366210938,228.22999572753906,225.3699951171875,225.8800048828125,193.3794708251953,142501800,
2016-12-15,226.16000366210938,227.80999755859375,225.88999938964844,226.80999755859375,194.17568969726562,124972600,
2016-12-16,226.00999450683594,226.0800018310547,224.6699981689453,225.0399932861328,193.79591369628906,156420200,"{""dividend_amount"": 1.329}"
2016-12-19,225.25,226.02000427246094,225.0800018310547,225.52999877929688,194.2178497314453,90341100,
2016-12-20,226.14999389648438,226.57000732421875,225.8800048828125,226.39999389648438,194.96707153320312,89838800,
2016-12-21,226.25,226.4499969482422,225.77000427246094,225.77000427246094,194.42457580566406,67909000,
2016-12-22,225.60000610351562,225.74000549316406,224.9199981689453,225.3800048828125,194.08872985839844,56219100,
2016-12-23,225.42999267578125,225.72000122070312,225.2100067138672,225.7100067138672,194.37290954589844,36697800,
2016-12-27,226.02000427246094,226.72999572753906,226.0,226.27000427246094,194.8551483154297,42672500,
2016-12-28,226.57000732421875,226.58999633789062,224.27000427246094,224.39999389648438,193.24473571777344,64095000,
2016-12-29,224.47999572753906,224.88999938964844,223.83999633789062,224.35000610351562,193.20167541503906,48696100,
2016-12-30,224.72999572753906,224.8300018310547,222.72999572753906,223.52999877929688,192.4955596923828,108998300,
2017-01-03,225.0399932861328,225.8300018310547,223.8800048828125,225.24000549316406,193.96815490722656,91366500,
2017-01-04,225.6199951171875,226.75,225.61000061035156,226.5800018310547,195.12213134765625,78744400,
2017-01-05,226.27000427246094,226.5800018310547,225.47999572753906,226.39999389648438,194.96707153320312,78379000,
2017-01-06,226.52999877929688,227.75,225.89999389648438,227.2100067138672,195.6646728515625,71559900,
2017-01-09,226.91000366210938,227.07000732421875,226.4199981689453,226.4600067138672,195.01878356933594,46939700,
2017-01-10,226.47999572753906,227.4499969482422,226.00999450683594,226.4600067138672,195.01878356933594,63771900,
2017-01-11,226.36000061035156,227.10000610351562,225.58999633789062,227.10000610351562,195.5699005126953,74650000,
2017-01-12,226.5,226.75,224.9600067138672,226.52999877929688,195.07904052734375,72113200,
2017-01-13,226.72999572753906,227.39999389648438,226.69000244140625,227.0500030517578,195.52685546875,62717900,
2017-01-17,226.30999755859375,226.77999877929688,225.8000030517578,226.25,194.8379364013672,61240800,
2017-01-18,226.5399932861328,226.8000030517578,225.89999389648438,226.75,195.2684783935547,54793300,
2017-01-19,226.83999633789062,227.0,225.41000366210938,225.91000366210938,194.54515075683594,66608800,
2017-01-20,226.6999969482422,227.30999755859375,225.97000122070312,226.74000549316406,195.25990295410156,129168600,
2017-01-23,226.74000549316406,226.80999755859375,225.27000427246094,226.14999389648438,194.75181579589844,75061600,
2017-01-24,226.39999389648438,228.0800018310547,226.27000427246094,227.60000610351562,196.00048828125,95555300,
2017-01-25,228.6999969482422,229.57000732421875,228.50999450683594,229.57000732421875,197.6969757080078,84437700,
2017-01-26,229.39999389648438,229.7100067138672,229.00999450683594,229.3300018310547,197.49029541015625,59970700,
2017-01-27,229.4199981689453,229.58999633789062,228.75999450683594,228.97000122070312,197.18023681640625,59711100,
2017-01-30,228.1699981689453,228.1999969482422,226.41000366210938,227.5500030517578,195.95742797851562,79737300,
2017-01-31,226.97999572753906,227.60000610351562,226.32000732421875,227.52999877929688,195.94021606445312,75880800,
2017-02-01,227.52999877929688,228.58999633789062,226.94000244140625,227.6199951171875,196.01768493652344,79117700,
2017-02-02,227.6199951171875,228.10000610351562,226.82000732421875,227.77000427246094,196.14688110351562,69657600,
2017-02-03,228.82000732421875,229.5500030517578,228.4600067138672,229.33999633789062,197.49888610839844,80563200,
2017-02-06,228.8699951171875,229.3300018310547,228.5399932861328,228.92999267578125,197.1458282470703,57790100,
2017-02-07,229.3800048828125,229.66000366210938,228.72000122070312,228.94000244140625,197.15444946289062,57931200,
2017-02-08,228.94000244140625,229.38999938964844,228.30999755859375,229.24000549316406,197.41278076171875,51566200,
2017-02-09,229.24000549316406,230.9499969482422,229.24000549316406,230.60000610351562,198.5839385986328,65955200,
2017-02-10,231.0,231.77000427246094,230.6199951171875,231.50999450683594,199.3676300048828,66015900,
2017-02-13,232.0800018310547,233.07000732421875,232.0500030517578,232.77000427246094,200.4527587890625,55182100,
2017-02-14,232.55999755859375,233.7100067138672,232.16000366210938,233.6999969482422,201.25357055664062,71109000,
2017-02-15,233.4499969482422,235.13999938964844,233.38999938964844,234.9199981689453,202.30419921875,86785800,
2017-02-16,234.9499969482422,235.16000366210938,233.85000610351562,234.72000122070312,202.13197326660156,84722400,
2017-02-17,233.9499969482422,235.08999633789062,233.92999267578125,235.08999633789062,202.45059204101562,77204100,
2017-02-21,235.52000427246094,236.69000244140625,235.50999450683594,236.49000549316406,203.6562957763672,88946100,
2017-02-22,236.02000427246094,236.5399932861328,235.8300018310547,236.27999877929688,203.4753875732422,62115200,
2017-02-23,236.8800048828125,236.89999389648438,235.55999755859375,236.44000244140625,203.61318969726562,74615900,
2017-02-24,235.4600067138672,236.7899932861328,235.41000366210938,236.74000549316406,203.8715057373047,82381600,
2017-02-27,236.63999938964844,237.30999755859375,236.35000610351562,237.11000061035156,204.1901397705078,56515400,
2017-02-28,236.6699981689453,236.9499969482422,236.02000427246094,236.47000122070312,203.6389617919922,96961900,
2017-03-01,238.38999938964844,240.32000732421875,238.3699951171875,239.77999877929688,206.48947143554688,149158200,
2017-03-02,239.55999755859375,239.57000732421875,238.2100067138672,238.27000427246094,205.18907165527344,70246000,
2017-03-03,238.1699981689453,238.61000061035156,237.72999572753906,238.4199981689453,205.31825256347656,81974300,
2017-03-06,237.5,238.1199951171875,237.00999450683594,237.7100067138672,204.7068328857422,55391500,
2017-03-07,237.36000061035156,237.77000427246094,236.75999450683594,237.0,204.09535217285156,65103700,
2017-03-08,237.33999633789062,237.63999938964844,236.39999389648438,236.55999755859375,203.7165069580078,78168800,
2017-03-09,236.6999969482422,237.24000549316406,235.74000549316406,236.86000061035156,203.97483825683594,90683900,
2017-03-10,237.97000122070312,238.02000427246094,236.58999633789062,237.69000244140625,204.68959045410156,81991700,
2017-03-13,237.6199951171875,237.86000061035156,237.24000549316406,237.80999755859375,204.79295349121094,57256800,
2017-03-14,237.17999267578125,237.24000549316406,236.19000244140625,236.89999389648438,204.00930786132812,59880800,
2017-03-15,237.55999755859375,239.44000244140625,237.2899932861328,238.9499969482422,205.77468872070312,96081800,
2017-03-16,239.11000061035156,239.1999969482422,238.10000610351562,238.47999572753906,205.36990356445312,78344000,
2017-03-17,237.75,237.97000122070312,237.02999877929688,237.02999877929688,205.00926208496094,89002100,"{""dividend_amount"": 1.033}"
2017-03-20,237.02999877929688,237.36000061035156,236.32000732421875,236.77000427246094,204.78436279296875,52537000,
2017-03-21,237.47000122070312,237.61000061035156,233.5800018310547,233.72999572753906,202.1550750732422,131809300,
2017-03-22,233.77000427246094,234.61000061035156,233.0500030517578,234.27999877929688,202.63072204589844,97569200,
2017-03-23,234.27999877929688,235.33999633789062,233.60000610351562,234.02999877929688,202.41448974609375,100410300,
2017-03-24,234.3800048828125,235.0399932861328,232.9600067138672,233.86000061035156,202.2675018310547,112504900,
2017-03-27,231.92999267578125,233.9199981689453,231.61000061035156,233.6199951171875,202.05992126464844,87454500,
2017-03-28,233.27000427246094,235.80999755859375,233.13999938964844,235.32000732421875,203.53024291992188,93483900,
2017-03-29,234.99000549316406,235.80999755859375,234.72999572753906,235.5399932861328,203.7205352783203,61950400,
2017-03-30,235.47000122070312,236.52000427246094,235.27000427246094,236.2899932861328,204.36923217773438,56737900,
2017-03-31,235.89999389648438,236.50999450683594,235.67999267578125,235.74000549316406,203.89353942871094,73733100,
2017-04-03,235.8000030517578,236.02999877929688,233.91000366210938,235.3300018310547,203.53887939453125,85546500,
2017-04-04,235.0,235.5800018310547,234.55999755859375,235.47999572753906,203.66860961914062,56466200,
2017-04-05,236.25999450683594,237.38999938964844,234.5399932861328,234.77999877929688,203.06320190429688,108800600,
2017-04-06,234.94000244140625,236.0399932861328,234.42999267578125,235.44000244140625,203.634033203125,69135800,
2017-04-07,235.14999389648438,236.0,234.63999938964844,235.1999969482422,203.4264678955078,74412300,
2017-04-10,235.36000061035156,236.25999450683594,234.72999572753906,235.33999633789062,203.54754638671875,67615300,
2017-04-11,234.89999389648438,235.17999267578125,233.33999633789062,235.05999755859375,203.30540466308594,88045300,
2017-04-12,234.74000549316406,234.9600067138672,233.77000427246094,234.02999877929688,202.41448974609375,81864400,
2017-04-13,233.63999938964844,234.49000549316406,232.50999450683594,232.50999450683594,201.09988403320312,92880400,
2017-04-17,233.11000061035156,234.57000732421875,232.8800048828125,234.57000732421875,202.881591796875,68405400,
2017-04-18,233.72000122070312,234.49000549316406,233.0800018310547,233.8699951171875,202.27615356445312,83225800,
2017-04-19,234.52000427246094,234.9499969482422,233.17999267578125,233.44000244140625,201.90426635742188,68699900,
2017-04-20,234.14999389648438,235.85000610351562,233.77999877929688,235.33999633789062,203.54754638671875,92572200,
2017-04-21,235.25,235.30999755859375,234.1300048828125,234.58999633789062,202.89886474609375,110389800,
2017-04-24,237.17999267578125,237.41000366210938,234.55999755859375,237.1699981689453,205.13035583496094,119209900,
2017-04-25,237.91000366210938,238.9499969482422,237.80999755859375,238.5500030517578,206.32400512695312,76698300,
2017-04-26,238.50999450683594,239.52999877929688,238.35000610351562,238.39999389648438,206.1941680908203,84702500,
2017-04-27,238.77000427246094,238.9499969482422,237.97999572753906,238.60000610351562,206.3671875,57410300,
2017-04-28,238.89999389648438,238.92999267578125,237.92999267578125,238.0800018310547,205.91741943359375,63532800,
2017-05-01,238.67999267578125,239.1699981689453,238.1999969482422,238.67999267578125,206.43634033203125,66882500,
2017-05-02,238.83999633789062,238.97999572753906,238.3000030517578,238.77000427246094,206.5142364501953,57375700,
2017-05-03,238.77000427246094,238.8800048828125,237.6999969482422,238.47999572753906,206.2633514404297,73137700,
2017-05-04,238.8300018310547,238.9199981689453,237.77999877929688,238.75999450683594,206.50552368164062,61462700,
2017-05-05,239.19000244140625,239.72000122070312,238.67999267578125,239.6999969482422,207.31858825683594,62001300,
2017-05-08,239.75,239.9199981689453,239.1699981689453,239.66000366210938,207.2840118408203,48385700,
2017-05-09,239.9600067138672,240.19000244140625,239.0399932861328,239.44000244140625,207.09368896484375,51363200,
2017-05-10,239.38999938964844,239.8699951171875,239.14999389648438,239.8699951171875,207.465576171875,54293800,
2017-05-11,239.35000610351562,239.57000732421875,238.1300048828125,239.3800048828125,207.0417938232422,62358300,
2017-05-12,239.08999633789062,239.42999267578125,238.6699981689453,238.97999572753906,206.6958465576172,53912700,
2017-05-15,239.47000122070312,240.44000244140625,239.4499969482422,240.3000030517578,207.83753967285156,61918900,
2017-05-16,240.63999938964844,240.6699981689453,239.6300048828125,240.0800018310547,207.6472625732422,51241800,
2017-05-17,240.0800018310547,240.0800018310547,235.75,235.82000732421875,203.96273803710938,172174100,
2017-05-18,235.72999572753906,237.75,235.42999267578125,236.77000427246094,204.78436279296875,107047700,
2017-05-19,237.3300018310547,239.0800018310547,237.27000427246094,238.30999755859375,206.11634826660156,115011400,
2017-05-22,238.89999389648438,239.7100067138672,238.82000732421875,239.52000427246094,207.1629180908203,61010600,
2017-05-23,239.9499969482422,240.24000549316406,239.50999450683594,240.0500030517578,207.6212615966797,48341700,
2017-05-24,240.32000732421875,240.72999572753906,239.92999267578125,240.61000061035156,208.10569763183594,46927700,
2017-05-25,241.1999969482422,242.0800018310547,240.9600067138672,241.75999450683594,209.1002655029297,64071700,
2017-05-26,241.5399932861328,241.89999389648438,241.4499969482422,241.7100067138672,209.05703735351562,46629900,
2017-05-30,241.33999633789062,241.7899932861328,241.16000366210938,241.5,208.87539672851562,35201900,
2017-05-31,241.83999633789062,241.8800048828125,240.63999938964844,241.44000244140625,208.82351684570312,91796000,
2017-06-01,241.97000122070312,243.3800048828125,241.63999938964844,243.36000061035156,210.484130859375,68962000,
2017-06-02,243.4199981689453,244.35000610351562,243.0800018310547,244.1699981689453,211.18475341796875,88666100,
2017-06-05,243.97000122070312,244.3000030517578,243.75999450683594,243.99000549316406,211.0290069580078,44698800,
2017-06-06,243.33999633789062,243.97999572753906,243.1199951171875,243.2100067138672,210.35440063476562,50375400,
2017-06-07,243.60000610351562,243.9199981689453,242.8300018310547,243.66000366210938,210.74362182617188,54144300,
2017-06-08,243.77000427246094,244.3300018310547,243.1699981689453,243.77999877929688,210.84744262695312,65950700,
2017-06-09,244.08999633789062,245.00999450683594,241.9499969482422,243.41000366210938,210.52734375,132256400,
2017-06-12,243.1300048828125,243.4199981689453,242.3800048828125,243.36000061035156,210.484130859375,86108100,
2017-06-13,243.97999572753906,244.61000061035156,243.5800018310547,244.5500030517578,211.51341247558594,60067000,
2017-06-14,244.86000061035156,244.8699951171875,243.2899932861328,244.24000549316406,211.24525451660156,78602300,
2017-06-15,242.67999267578125,243.91000366210938,242.36000061035156,243.77000427246094,210.8386993408203,66464900,
2017-06-16,242.77000427246094,242.8300018310547,241.6300048828125,242.63999938964844,210.8848419189453,84553100,"{""dividend_amount"": 1.183}"
2017-06-19,243.58999633789062,244.72999572753906,243.47999572753906,244.66000366210938,212.6404266357422,65123800,
2017-06-20,244.25,244.25999450683594,242.99000549316406,243.00999450683594,211.2063751220703,56906400,
2017-06-21,243.4600067138672,243.58999633789062,242.41000366210938,242.9499969482422,211.15420532226562,55977600,
2017-06-22,242.9600067138672,243.52999877929688,242.63999938964844,242.83999633789062,211.05865478515625,44148100,
2017-06-23,242.91000366210938,243.50999450683594,242.47000122070312,243.1300048828125,211.31072998046875,66986800,
2017-06-26,243.89999389648438,244.3800048828125,243.0500030517578,243.2899932861328,211.44970703125,56700500,
2017-06-27,243.0399932861328,243.3800048828125,241.30999755859375,241.3300018310547,209.7462921142578,82247700,
2017-06-28,242.5,243.72000122070312,242.22999572753906,243.49000549316406,211.62359619140625,70042600,
2017-06-29,243.66000366210938,243.72000122070312,239.9600067138672,241.35000610351562,209.76364135742188,106949700,
2017-06-30,242.27999877929688,242.7100067138672,241.5800018310547,241.8000030517578,210.15480041503906,86820700,
2017-07-03,242.8800048828125,243.3800048828125,242.2100067138672,242.2100067138672,210.51112365722656,39153800,
2017-07-05,242.6300048828125,243.00999450683594,241.6999969482422,242.77000427246094,210.99781799316406,54427600,
2017-07-06,241.88999938964844,242.02999877929688,240.33999633789062,240.5500030517578,209.06832885742188,65400800,
2017-07-07,241.2100067138672,242.27999877929688,240.55999755859375,242.11000061035156,210.42420959472656,57972300,
2017-07-10,242.11000061035156,242.8000030517578,241.75999450683594,242.3699951171875,210.650146484375,36663300,
2017-07-11,242.3699951171875,242.5500030517578,240.85000610351562,242.19000244140625,210.49374389648438,50354600,
2017-07-12,243.3000030517578,244.1999969482422,243.3000030517578,244.00999450683594,212.07550048828125,59610400,
2017-07-13,244.02000427246094,244.5500030517578,243.75999450683594,244.4199981689453,212.431884765625,39471600,
2017-07-14,244.4199981689453,245.97000122070312,244.30999755859375,245.55999755859375,213.42266845703125,60262700,
2017-07-17,245.47000122070312,245.91000366210938,245.3300018310547,245.52999877929688,213.3966064453125,33531900,
2017-07-18,245.05999755859375,245.72000122070312,244.6699981689453,245.66000366210938,213.5095977783203,42742500,
2017-07-19,246.02000427246094,247.0,246.00999450683594,246.99000549316406,214.66554260253906,51034300,
2017-07-20,247.27999877929688,247.4199981689453,246.47000122070312,247.10000610351562,214.7611083984375,47135200,
2017-07-21,246.44000244140625,246.91000366210938,246.17999267578125,246.8800048828125,214.56991577148438,82340800,
2017-07-24,246.7899932861328,246.97999572753906,246.27999877929688,246.82000732421875,214.5177764892578,46622300,
2017-07-25,247.67999267578125,247.8000030517578,247.16000366210938,247.4199981689453,215.0392303466797,54915600,
2017-07-26,247.75,247.7899932861328,247.1300048828125,247.42999267578125,215.04794311523438,47575400,
2017-07-27,247.9600067138672,248.0,245.67999267578125,247.1999969482422,214.8480682373047,70766600,
2017-07-28,246.64999389648438,247.05999755859375,246.1300048828125,246.91000366210938,214.59597778320312,50088400,
2017-07-31,247.3699951171875,247.47999572753906,246.52999877929688,246.77000427246094,214.4743194580078,65838700,
2017-08-01,247.4600067138672,247.5,246.72000122070312,247.32000732421875,214.9522705078125,55050400,
2017-08-02,247.47000122070312,247.60000610351562,246.3699951171875,247.44000244140625,215.05665588378906,47211200,
2017-08-03,247.30999755859375,247.33999633789062,246.63999938964844,246.9600067138672,214.63943481445312,40856000,
2017-08-04,247.52000427246094,247.7899932861328,246.97000122070312,247.41000366210938,215.03054809570312,60191800,
2017-08-07,247.49000549316406,247.8699951171875,247.3699951171875,247.8699951171875,215.43035888671875,31995000,
2017-08-08,247.50999450683594,248.91000366210938,246.8300018310547,247.25999450683594,214.90016174316406,61719400,
2017-08-09,246.47000122070312,247.30999755859375,246.05999755859375,247.25,214.89144897460938,62632600,
2017-08-10,246.2899932861328,246.44000244140625,243.6999969482422,243.75999450683594,211.8582305908203,120479500,
2017-08-11,244.02000427246094,244.8000030517578,243.75,244.1199951171875,212.17112731933594,74869900,
2017-08-14,245.58999633789062,246.7899932861328,245.5500030517578,246.5399932861328,214.27439880371094,73291900,
2017-08-15,246.97999572753906,247.0,246.16000366210938,246.50999450683594,214.2483367919922,55242700,
2017-08-16,247.11000061035156,247.57000732421875,246.4499969482422,246.94000244140625,214.62205505371094,56715500,
2017-08-17,246.24000549316406,246.60000610351562,243.08999633789062,243.08999633789062,211.27597045898438,128490400,
2017-08-18,242.89999389648438,244.19000244140625,242.1999969482422,242.7100067138672,210.9456787109375,136748000,
2017-08-21,242.63999938964844,243.1999969482422,241.8300018310547,242.89999389648438,211.11082458496094,65469700,
2017-08-22,243.57000732421875,245.6199951171875,243.5500030517578,245.44000244140625,213.318359375,63140100,
2017-08-23,244.3300018310547,245.0500030517578,244.16000366210938,244.55999755859375,212.55355834960938,50203800,
2017-08-24,245.0,245.17999267578125,243.75,243.99000549316406,212.05812072753906,50741700,
2017-08-25,244.89999389648438,245.61000061035156,244.38999938964844,244.55999755859375,212.55355834960938,64445900,
2017-08-28,245.1699981689453,245.1999969482422,244.08999633789062,244.57000732421875,212.562255859375,40565600,
2017-08-29,243.05999755859375,245.14999389648438,242.92999267578125,244.85000610351562,212.80555725097656,51135700,
2017-08-30,244.8300018310547,246.32000732421875,244.6199951171875,246.00999450683594,213.8137664794922,62030800,
2017-08-31,246.72000122070312,247.77000427246094,246.0500030517578,247.49000549316406,215.1000518798828,103803900,
2017-09-01,247.9199981689453,248.3300018310547,247.6699981689453,247.83999633789062,215.40428161621094,62007000,
2017-09-05,247.25999450683594,247.52000427246094,244.9499969482422,246.05999755859375,213.85720825195312,91398800,
2017-09-06,246.83999633789062,247.27999877929688,246.22999572753906,246.89999389648438,214.58726501464844,57916900,
2017-09-07,247.25,247.27000427246094,246.39999389648438,246.8699951171875,214.56121826171875,58034700,
2017-09-08,246.5399932861328,247.11000061035156,246.3000030517578,246.5800018310547,214.30918884277344,63832800,
2017-09-11,248.0399932861328,249.3000030517578,248.02000427246094,249.2100067138672,216.59495544433594,71364800,
2017-09-12,249.6300048828125,250.08999633789062,249.4199981689453,250.0500030517578,217.32501220703125,56896000,
2017-09-13,249.72000122070312,250.2100067138672,249.58999633789062,250.1699981689453,217.4293212890625,59228000,
2017-09-14,249.8000030517578,250.32000732421875,249.60000610351562,250.08999633789062,217.3597869873047,95446300,
2017-09-15,248.69000244140625,249.2899932861328,248.57000732421875,249.19000244140625,217.65243530273438,95432400,"{""dividend_amount"": 1.235}"
2017-09-18,249.61000061035156,250.1199951171875,249.27999877929688,249.72000122070312,218.1153564453125,46235200,
2017-09-19,250.0,250.07000732421875,249.60000610351562,249.97000122070312,218.3336944580078,47108100,
2017-09-20,250.07000732421875,250.19000244140625,248.9199981689453,250.05999755859375,218.41224670410156,59574100,
2017-09-21,249.8800048828125,249.97999572753906,249.19000244140625,249.38999938964844,217.82705688476562,48211400,
2017-09-22,249.0500030517578,249.6300048828125,249.02000427246094,249.44000244140625,217.87078857421875,51214000,
2017-09-25,249.14999389648438,249.5500030517578,248.0800018310547,248.92999267578125,217.42527770996094,57064400,
2017-09-26,249.4199981689453,249.6999969482422,248.80999755859375,249.0800018310547,217.55633544921875,54082000,
2017-09-27,249.8800048828125,250.49000549316406,248.8699951171875,250.0500030517578,218.40353393554688,81001400,
2017-09-28,249.72999572753906,250.44000244140625,249.6300048828125,250.35000610351562,218.66563415527344,44778800,
2017-09-29,250.33999633789062,251.32000732421875,250.1300048828125,251.22999572753906,219.4342041015625,85578000,
2017-10-02,251.49000549316406,252.32000732421875,251.2899932861328,252.32000732421875,220.3863067626953,59023000,
2017-10-03,252.32000732421875,252.88999938964844,252.22999572753906,252.86000061035156,220.85794067382812,66810200,
2017-10-04,252.69000244140625,253.44000244140625,252.55999755859375,253.16000366210938,221.12001037597656,55953600,
2017-10-05,253.5399932861328,254.67999267578125,253.1999969482422,254.66000366210938,222.43014526367188,63522800,
2017-10-06,254.14999389648438,254.6999969482422,253.85000610351562,254.3699951171875,222.17681884765625,80646000,
2017-10-09,254.6300048828125,254.6999969482422,253.64999389648438,253.9499969482422,221.8099365234375,35803100,
2017-10-10,254.60000610351562,255.0500030517578,253.97999572753906,254.6199951171875,222.39515686035156,43057400,
2017-10-11,254.50999450683594,255.02000427246094,254.32000732421875,255.02000427246094,222.7445526123047,47674300,
2017-10-12,254.66000366210938,255.05999755859375,254.3699951171875,254.63999938964844,222.41262817382812,47065100,
2017-10-13,255.13999938964844,255.27000427246094,254.63999938964844,254.9499969482422,222.68344116210938,54800400,
2017-10-16,255.2100067138672,255.50999450683594,254.82000732421875,255.2899932861328,222.9803924560547,38221700,
2017-10-17,255.22999572753906,255.52000427246094,254.97999572753906,255.47000122070312,223.13766479492188,31561000,
2017-10-18,255.89999389648438,255.9499969482422,255.5,255.72000122070312,223.3560028076172,40888300,
2017-10-19,254.8300018310547,255.8300018310547,254.35000610351562,255.7899932861328,223.4170684814453,61903800,
2017-10-20,256.70001220703125,257.1400146484375,255.77000427246094,257.1099853515625,224.570068359375,89176400,
2017-10-23,257.4800109863281,257.510009765625,256.0199890136719,256.1099853515625,223.69664001464844,63915300,
2017-10-24,256.6000061035156,256.8299865722656,256.1499938964844,256.55999755859375,224.08966064453125,66935900,
2017-10-25,256.17999267578125,256.30999755859375,254.0,255.2899932861328,222.9803924560547,103715300,
2017-10-26,255.99000549316406,256.29998779296875,255.47999572753906,255.6199951171875,223.26861572265625,69798000,
2017-10-27,256.4700012207031,257.8900146484375,255.6300048828125,257.7099914550781,225.09408569335938,85562500,
2017-10-30,256.4700012207031,257.6000061035156,256.4100036621094,256.75,224.2556610107422,54285700,
2017-10-31,257.17999267578125,257.44000244140625,256.80999755859375,257.1499938964844,224.60499572753906,60304800,
2017-11-01,258.0400085449219,258.42999267578125,257.07000732421875,257.489990234375,224.9019775390625,54202700,
2017-11-02,257.4100036621094,257.75,256.19000244140625,257.5899963378906,224.9893341064453,56449500,
2017-11-03,257.7699890136719,258.5,257.29998779296875,258.45001220703125,225.74049377441406,59589700,
2017-11-06,258.29998779296875,259.0,258.2200012207031,258.8500061035156,226.08984375,49652600,
2017-11-07,258.9700012207031,259.3500061035156,258.0899963378906,258.6700134277344,225.93260192871094,57502200,
2017-11-08,258.4700012207031,259.2200012207031,258.1499938964844,259.1099853515625,226.31690979003906,50469600,
2017-11-09,257.7300109863281,258.3900146484375,256.3599853515625,258.1700134277344,225.49591064453125,95085500,
2017-11-10,257.7300109863281,258.2900085449219,257.3699951171875,258.0899963378906,225.42605590820312,59984700,
2017-11-13,257.30999755859375,258.5899963378906,257.2699890136719,258.3299865722656,225.63563537597656,50228600,
2017-11-14,257.4100036621094,257.8500061035156,256.5199890136719,257.7300109863281,225.111572265625,61315200,
2017-11-15,256.6199951171875,257.2200012207031,255.6300048828125,256.44000244140625,223.98484802246094,80811500,
2017-11-16,257.5199890136719,259.0400085449219,257.4700012207031,258.6199951171875,225.88897705078125,67777000,
2017-11-17,258.2200012207031,258.5899963378906,257.7699890136719,257.8599853515625,225.22509765625,75756800,
2017-11-20,258.1400146484375,258.5199890136719,257.8599853515625,258.29998779296875,225.6094512939453,48075500,
2017-11-21,259.17999267578125,260.20001220703125,258.260009765625,259.989990234375,227.08551025390625,69176800,
2017-11-22,260.0,260.1499938964844,259.57000732421875,259.760009765625,226.8846435546875,45033400,
2017-11-24,260.32000732421875,260.4800109863281,260.1600036621094,260.3599853515625,227.40872192382812,27856500,
2017-11-27,260.4100036621094,260.75,260.0,260.2300109863281,227.2952117919922,52274900,
2017-11-28,260.760009765625,262.8999938964844,260.6499938964844,262.8699951171875,229.60104370117188,98971700,
2017-11-29,263.0199890136719,263.6300048828125,262.20001220703125,262.7099914550781,229.46128845214844,77512100,
2017-11-30,263.760009765625,266.04998779296875,263.6700134277344,265.010009765625,231.47021484375,127894400,
2017-12-01,264.760009765625,265.30999755859375,260.760009765625,264.4599914550781,230.98980712890625,164390900,
2017-12-04,266.30999755859375,266.79998779296875,264.0799865722656,264.1400146484375,230.7103271484375,94040600,
2017-12-05,263.19000244140625,265.1499938964844,263.0400085449219,263.19000244140625,229.8805694580078,77994500,
2017-12-06,263.29998779296875,263.7300109863281,262.7099914550781,263.239990234375,229.92420959472656,75898600,
2017-12-07,264.07000732421875,264.42999267578125,262.94000244140625,264.07000732421875,230.64918518066406,77218600,
2017-12-08,265.1600036621094,265.5199890136719,264.0299987792969,265.510009765625,231.90695190429688,76563900,
2017-12-11,266.30999755859375,266.3800048828125,265.4800109863281,266.30999755859375,232.60572814941406,83077500,
2017-12-12,267.2099914550781,267.32000732421875,266.3500061035156,266.7799987792969,233.01622009277344,85195800,
2017-12-13,267.05999755859375,267.55999755859375,266.6499938964844,266.75,232.98997497558594,102905400,
2017-12-14,267.0899963378906,267.2200012207031,265.6000061035156,265.6600036621094,232.0380096435547,100666700,
2017-12-15,265.45001220703125,267.0400085449219,265.3900146484375,266.510009765625,233.9702606201172,144610300,"{""dividend_amount"": 1.351}"
2017-12-18,268.1000061035156,268.6000061035156,267.9800109863281,268.20001220703125,235.45388793945312,83653600,
2017-12-19,268.4800109863281,268.5299987792969,267.0899963378906,267.1700134277344,234.5496826171875,82382900,
2017-12-20,268.2699890136719,268.3299865722656,266.69000244140625,267.0299987792969,234.42678833007812,76751500,
2017-12-21,267.739990234375,268.3900146484375,267.29998779296875,267.5799865722656,234.90957641601562,67032300,
2017-12-22,267.6000061035156,267.6400146484375,266.8999938964844,267.510009765625,234.84814453125,78720900,
2017-12-26,267.04998779296875,267.44000244140625,266.8900146484375,267.19000244140625,234.56719970703125,45244400,
2017-12-27,267.3800048828125,267.7300109863281,267.010009765625,267.32000732421875,234.68133544921875,57751000,
2017-12-28,267.8900146484375,267.9200134277344,267.45001220703125,267.8699951171875,235.16419982910156,45116100,
2017-12-29,268.5299987792969,268.54998779296875,266.6400146484375,266.8599853515625,234.2774658203125,96007400,
2018-01-02,267.8399963378906,268.80999755859375,267.3999938964844,268.7699890136719,235.95425415039062,86655700,
2018-01-03,268.9599914550781,270.6400146484375,268.9599914550781,270.4700012207031,237.44674682617188,90070400,
2018-01-04,271.20001220703125,272.1600036621094,270.5400085449219,271.6099853515625,238.44752502441406,80636400,
2018-01-05,272.510009765625,273.55999755859375,271.95001220703125,273.4200134277344,240.03659057617188,83524000,
2018-01-08,273.30999755859375,274.1000061035156,272.9800109863281,273.9200134277344,240.47552490234375,57319200,
2018-01-09,274.3999938964844,275.25,274.0799865722656,274.5400085449219,241.0198516845703,57254000,
2018-01-10,273.67999267578125,274.4200134277344,272.9200134277344,274.1199951171875,240.65103149414062,69574300,
2018-01-11,274.75,276.1199951171875,274.55999755859375,276.1199951171875,242.4068603515625,62361500,
2018-01-12,276.4200134277344,278.1099853515625,276.0799865722656,277.9200134277344,243.9871368408203,90816100,
2018-01-16,279.3500061035156,280.0899963378906,276.17999267578125,276.9700012207031,243.15318298339844,106555100,
2018-01-17,278.0299987792969,280.04998779296875,276.9700012207031,279.6099853515625,245.47079467773438,113258800,
2018-01-18,279.4800109863281,279.9599914550781,278.5799865722656,279.1400146484375,245.05824279785156,100728000,
2018-01-19,279.79998779296875,280.4100036621094,279.1400146484375,280.4100036621094,246.17311096191406,140920100,
2018-01-22,280.1700134277344,282.69000244140625,280.1099853515625,282.69000244140625,248.17478942871094,91322400,
2018-01-23,282.739990234375,283.6199951171875,282.3699951171875,283.2900085449219,248.70147705078125,97084700,
2018-01-24,284.0199890136719,284.70001220703125,281.8399963378906,283.17999267578125,248.60484313964844,134816100,
2018-01-25,284.1600036621094,284.2699890136719,282.3999938964844,283.29998779296875,248.71031188964844,84587300,
2018-01-26,284.25,286.6300048828125,283.9599914550781,286.5799865722656,251.58970642089844,107743100,
2018-01-29,285.92999267578125,286.42999267578125,284.5,284.67999267578125,249.92176818847656,90118300,
2018-01-30,282.6000061035156,284.739990234375,281.2200012207031,281.760009765625,247.3583221435547,131796400,
2018-01-31,282.7300109863281,283.29998779296875,280.67999267578125,281.8999938964844,247.4812469482422,108364800,
2018-02-01,281.07000732421875,283.05999755859375,280.67999267578125,281.5799865722656,247.2002410888672,90102500,
2018-02-02,280.0799865722656,280.2300109863281,275.4100036621094,275.45001220703125,241.81871032714844,173174800,
2018-02-05,273.45001220703125,275.8500061035156,263.30999755859375,263.92999267578125,231.7052459716797,294681800,
2018-02-06,259.94000244140625,269.70001220703125,258.70001220703125,269.1300048828125,236.2703857421875,355026800,
2018-02-07,268.5,272.3599853515625,267.5799865722656,267.6700134277344,234.9886474609375,167376100,
2018-02-08,268.010009765625,268.1700134277344,257.5899963378906,257.6300048828125,226.17445373535156,246449500,
2018-02-09,260.79998779296875,263.6099853515625,252.9199981689453,261.5,229.57188415527344,283565300,
2018-02-12,263.8299865722656,267.010009765625,261.6600036621094,265.3399963378906,232.94309997558594,143736000,
2018-02-13,263.9700012207031,266.6199951171875,263.30999755859375,266.0,233.52255249023438,81223600,
2018-02-14,264.30999755859375,270.0,264.29998779296875,269.5899963378906,236.6741943359375,120735700,
2018-02-15,271.57000732421875,273.0400085449219,268.7699890136719,273.0299987792969,239.69424438476562,111200300,
2018-02-16,272.32000732421875,275.32000732421875,272.2699890136719,273.1099853515625,239.76441955566406,160420100,
2018-02-20,272.0299987792969,273.6700134277344,270.5,271.3999938964844,238.26318359375,86369700,
2018-02-21,271.8999938964844,274.7200012207031,269.94000244140625,270.04998779296875,237.07798767089844,98883700,
2018-02-22,271.1000061035156,273.04998779296875,269.6400146484375,270.3999938964844,237.3852996826172,110511300,
2018-02-23,271.7900085449219,274.7099914550781,271.25,274.7099914550781,241.16903686523438,92766400,
2018-02-26,275.92999267578125,278.010009765625,275.260009765625,277.8999938964844,243.9696044921875,86491400,
2018-02-27,278.1099853515625,278.9200134277344,274.3599853515625,274.42999267578125,240.92323303222656,99099200,
2018-02-28,275.67999267578125,276.19000244140625,271.2900085449219,271.6499938964844,238.48268127441406,121907800,
2018-03-01,271.4100036621094,273.1700134277344,266.0,267.70001220703125,235.01495361328125,176855100,
2018-03-02,265.79998779296875,269.7200012207031,264.82000732421875,269.0799865722656,236.22642517089844,139083200,
2018-03-05,267.7300109863281,272.8900146484375,267.6099853515625,272.19000244140625,238.95675659179688,97307400,
2018-03-06,273.29998779296875,273.3900146484375,271.17999267578125,272.8800048828125,239.5625,79213200,
2018-03-07,270.4200134277344,273.17999267578125,270.20001220703125,272.7799987792969,239.4747314453125,87063500,
2018-03-08,273.54998779296875,274.239990234375,272.4200134277344,274.1000061035156,240.6335906982422,66901200,
2018-03-09,275.70001220703125,278.8699951171875,275.3399963378906,278.8699951171875,244.82110595703125,113625300,
2018-03-12,279.20001220703125,279.9100036621094,278.0799865722656,278.5199890136719,244.5138397216797,71924800,
2018-03-13,279.8399963378906,280.4100036621094,276.0299987792969,276.7200012207031,242.9336700439453,91968900,
2018-03-14,277.80999755859375,278.0199890136719,274.6700134277344,275.29998779296875,241.68704223632812,105895100,
2018-03-15,275.8800048828125,276.6099853515625,274.42999267578125,275.0,241.42367553710938,83433000,
2018-03-16,274.5,275.3900146484375,274.1400146484375,274.20001220703125,241.68540954589844,100343700,"{""dividend_amount"": 1.097}"
2018-03-19,273.3500061035156,274.3999938964844,268.6199951171875,270.489990234375,238.415283203125,109208400,
2018-03-20,270.94000244140625,271.6700134277344,270.17999267578125,270.95001220703125,238.82086181640625,59757300,
2018-03-21,270.8999938964844,273.2699890136719,270.19000244140625,270.42999267578125,238.36248779296875,78709600,
2018-03-22,267.9100036621094,268.8699951171875,263.3599853515625,263.6700134277344,232.40406799316406,148785900,
2018-03-23,264.1700134277344,264.5400085449219,257.8299865722656,258.04998779296875,227.45050048828125,183534800,
2018-03-26,262.1300048828125,265.42999267578125,259.4100036621094,265.1099853515625,233.67333984375,141956100,
2018-03-27,266.1700134277344,266.7699890136719,258.8399963378906,260.6000061035156,229.69810485839844,129941400,
2018-03-28,260.75,262.6400146484375,258.5799865722656,259.8299865722656,229.01943969726562,146452300,
2018-03-29,261.1199951171875,265.260009765625,259.8399963378906,263.1499938964844,231.94577026367188,111601600,
2018-04-02,262.54998779296875,263.1300048828125,254.6699981689453,257.4700012207031,226.93927001953125,186286300,
2018-04-03,258.8699951171875,261.30999755859375,256.8399963378906,260.7699890136719,229.84796142578125,119956900,
2018-04-04,256.75,264.3599853515625,256.6000061035156,263.55999755859375,232.30711364746094,123715300,
2018-04-05,265.54998779296875,266.6400146484375,264.32000732421875,265.6400146484375,234.14048767089844,82652600,
2018-04-06,263.4200134277344,265.1099853515625,258.0,259.7200012207031,228.92242431640625,179521200,
2018-04-09,261.3699951171875,264.8399963378906,259.94000244140625,261.0,230.05068969726562,105442900,
2018-04-10,264.2699890136719,266.0400085449219,262.9800109863281,265.1499938964844,233.70851135253906,103529000,
2018-04-11,263.4700012207031,265.6400146484375,263.3900146484375,263.760009765625,232.48345947265625,91140200,
2018-04-12,265.260009765625,267.0,265.05999755859375,265.92999267578125,234.3960723876953,68890500,
2018-04-13,267.4100036621094,267.5400085449219,264.010009765625,265.1499938964844,233.70851135253906,85079200,
2018-04-16,267.0,268.20001220703125,266.07000732421875,267.3299865722656,235.63003540039062,63405300,
2018-04-17,269.3299865722656,270.8699951171875,268.75,270.19000244140625,238.15087890625,64682000,
2018-04-18,270.69000244140625,271.29998779296875,269.8699951171875,270.3900146484375,238.3271942138672,57303900,
2018-04-19,269.6499938964844,269.8800048828125,267.7200012207031,268.8900146484375,237.005126953125,77655900,
2018-04-20,268.80999755859375,269.05999755859375,265.6099853515625,266.6099853515625,234.99545288085938,99953100,
2018-04-23,267.260009765625,267.8900146484375,265.3500061035156,266.57000732421875,234.9601593017578,65558000,
2018-04-24,267.7300109863281,267.9800109863281,261.2799987792969,262.9800109863281,231.79588317871094,112885500,
2018-04-25,262.9100036621094,264.1300048828125,260.8500061035156,263.6300048828125,232.36880493164062,103840900,
2018-04-26,264.7900085449219,267.25,264.2900085449219,266.30999755859375,234.73106384277344,67731900,
2018-04-27,267.0,267.3399963378906,265.5,266.55999755859375,234.9513397216797,57053600,
2018-04-30,267.260009765625,267.8900146484375,264.42999267578125,264.510009765625,233.14447021484375,82182300,
2018-05-01,263.8699951171875,265.1000061035156,262.1099853515625,264.9800109863281,233.5587615966797,74203400,
2018-05-02,264.760009765625,265.67999267578125,262.760009765625,263.20001220703125,231.98976135253906,86368900,
2018-05-03,262.260009765625,263.3599853515625,259.04998779296875,262.6199951171875,231.4785919189453,136311500,
2018-05-04,261.5199890136719,266.7900085449219,261.1499938964844,266.0199890136719,234.4753875732422,91222100,
2018-05-07,266.8900146484375,268.0199890136719,266.1099853515625,266.9200134277344,235.26869201660156,55304900,
2018-05-08,266.5,267.3299865722656,265.1499938964844,266.9200134277344,235.26869201660156,67499200,
2018-05-09,267.67999267578125,269.8699951171875,267.0899963378906,269.5,237.54278564453125,59666100,
2018-05-10,270.3399963378906,272.3900146484375,270.2200012207031,272.0199890136719,239.76390075683594,72063900,
2018-05-11,272.1600036621094,273.1499938964844,271.5799865722656,272.8500061035156,240.49559020996094,59871500,
2018-05-14,273.3399963378906,274.0799865722656,272.3599853515625,272.9800109863281,240.61007690429688,54790600,
2018-05-15,271.5899963378906,271.6099853515625,270.0299987792969,271.1000061035156,238.95306396484375,87036100,
2018-05-16,271.1400146484375,272.760009765625,271.1099853515625,272.239990234375,239.9578094482422,53942600,
2018-05-17,271.94000244140625,273.2300109863281,271.1300048828125,272.010009765625,239.75515747070312,56536400,
2018-05-18,271.6199951171875,272.0299987792969,270.92999267578125,271.3299865722656,239.15573120117188,64368000,
2018-05-21,273.010009765625,273.9800109863281,272.57000732421875,273.3699951171875,240.953857421875,58025900,
2018-05-22,273.9599914550781,274.25,272.239990234375,272.6099853515625,240.283935546875,52966400,
2018-05-23,271.1700134277344,273.3900146484375,270.989990234375,273.3599853515625,240.94503784179688,64694200,
2018-05-24,272.9100036621094,273.2200012207031,270.7799987792969,272.79998779296875,240.4514617919922,76043800,
2018-05-25,272.1499938964844,272.8599853515625,271.5799865722656,272.1499938964844,239.87850952148438,56374800,
2018-05-29,270.30999755859375,271.1700134277344,267.760009765625,269.0199890136719,237.1196746826172,115908600,
2018-05-30,270.5,273.1099853515625,270.4200134277344,272.6099853515625,240.283935546875,69678400,
2018-05-31,272.1499938964844,272.489990234375,270.260009765625,270.94000244140625,238.8119659423828,93519900,
2018-06-01,272.4100036621094,273.94000244140625,272.3299865722656,273.6000061035156,241.15660095214844,71258400,
2018-06-04,274.5299987792969,275.19000244140625,274.260009765625,274.8999938964844,242.30238342285156,45385200,
2018-06-05,275.04998779296875,275.5299987792969,274.17999267578125,275.1000061035156,242.4786834716797,51135000,
2018-06-06,275.7900085449219,277.5199890136719,275.0899963378906,277.3999938964844,244.5059814453125,62732200,
2018-06-07,277.95001220703125,278.2799987792969,276.3399963378906,277.3699951171875,244.4795379638672,72969400,
2018-06-08,276.8500061035156,278.25,276.6600036621094,278.19000244140625,245.20236206054688,72139700,
2018-06-11,278.44000244140625,279.3699951171875,278.30999755859375,278.55999755859375,245.52835083007812,58892500,
2018-06-12,279.0299987792969,279.3299865722656,278.19000244140625,278.9200134277344,245.84571838378906,72329000,
2018-06-13,279.19000244140625,279.4800109863281,277.79998779296875,278.0299987792969,245.061279296875,79070600,
2018-06-14,279.010009765625,279.3299865722656,278.05999755859375,278.7300109863281,245.6782989501953,77097600,
2018-06-15,276.6000061035156,277.510009765625,275.3500061035156,277.1300048828125,245.36480712890625,120041600,"{""dividend_amount"": 1.246}"
2018-06-18,275.489990234375,276.70001220703125,274.95001220703125,276.55999755859375,244.8601531982422,52917600,
2018-06-19,274.0,275.75,273.5299987792969,275.5,243.92166137695312,97531500,
2018-06-20,276.2699890136719,276.7200012207031,275.5899963378906,275.9700012207031,244.33782958984375,53785500,
2018-06-21,275.9599914550781,275.9800109863281,273.67999267578125,274.239990234375,242.8060760498047,71061400,
2018-06-22,275.6600036621094,275.7900085449219,274.489990234375,274.739990234375,243.24880981445312,54898500,
2018-06-25,273.44000244140625,273.6199951171875,269.1000061035156,271.0,239.93748474121094,137854200,
2018-06-26,271.6400146484375,272.55999755859375,270.7900085449219,271.6000061035156,240.46871948242188,68547400,
2018-06-27,272.260009765625,273.8699951171875,269.17999267578125,269.3500061035156,238.47662353515625,105110700,
2018-06-28,269.2900085449219,271.75,268.489990234375,270.8900146484375,239.8401641845703,76650500,
2018-06-29,272.1199951171875,273.6600036621094,271.1499938964844,271.2799987792969,240.18539428710938,97592500,
2018-07-02,269.510009765625,272.0400085449219,269.239990234375,271.8599853515625,240.69894409179688,63554800,
2018-07-03,272.8699951171875,272.9800109863281,270.4200134277344,270.8999938964844,239.84893798828125,42187100,
2018-07-05,272.1700134277344,273.17999267578125,270.9599914550781,273.1099853515625,241.80564880371094,56925900,
2018-07-06,273.1400146484375,275.8399963378906,272.7099914550781,275.4200134277344,243.85084533691406,66493700,
2018-07-09,276.54998779296875,277.9599914550781,276.5,277.8999938964844,246.04661560058594,50550400,
2018-07-10,278.4100036621094,279.010009765625,278.0799865722656,278.8999938964844,246.9319305419922,51966800,
2018-07-11,277.1499938964844,278.0400085449219,276.5199890136719,276.8599853515625,245.12579345703125,77054700,
2018-07-12,278.2799987792969,279.42999267578125,277.6000061035156,279.3699951171875,247.34808349609375,60124700,
2018-07-13,279.1700134277344,279.92999267578125,278.6600036621094,279.5899963378906,247.5429229736328,48216000,
2018-07-16,279.6400146484375,279.79998779296875,278.8399963378906,279.3399963378906,247.32151794433594,48201000,
2018-07-17,278.4700012207031,280.9100036621094,278.4100036621094,280.4700012207031,248.32203674316406,52315500,
2018-07-18,280.55999755859375,281.17999267578125,280.05999755859375,281.05999755859375,248.8443603515625,44593500,
2018-07-19,280.30999755859375,280.739990234375,279.4599914550781,280.0,247.9059295654297,61412100,
2018-07-20,279.7699890136719,280.4800109863281,279.5,279.67999267578125,247.62254333496094,82337700,
2018-07-23,279.45001220703125,280.42999267578125,279.05999755859375,280.20001220703125,248.08299255371094,47047600,
2018-07-24,281.7900085449219,282.55999755859375,280.6300048828125,281.6099853515625,249.3313446044922,68026900,
2018-07-25,281.3299865722656,284.3699951171875,281.2799987792969,284.010009765625,251.45623779296875,78882900,
2018-07-26,283.20001220703125,284.1099853515625,283.0899963378906,283.3399963378906,250.8629913330078,57919500,
2018-07-27,283.7099914550781,283.82000732421875,280.3800048828125,281.4200134277344,249.1630859375,76768700,
2018-07-30,281.510009765625,281.69000244140625,279.3599853515625,279.95001220703125,247.86158752441406,63742500,
2018-07-31,280.80999755859375,282.0199890136719,280.3800048828125,281.3299865722656,249.0833740234375,68570500,
2018-08-01,281.55999755859375,282.1300048828125,280.1300048828125,280.8599853515625,248.6673126220703,53853300,
2018-08-02,279.3900146484375,282.5799865722656,279.1600036621094,282.3900146484375,250.02197265625,63426400,
2018-08-03,282.5299987792969,283.6600036621094,282.3299865722656,283.6000061035156,251.09327697753906,53935400,
2018-08-06,283.6400146484375,284.989990234375,283.20001220703125,284.6400146484375,252.01405334472656,39400900,
2018-08-07,285.3900146484375,286.010009765625,285.239990234375,285.5799865722656,252.8462677001953,43196600,
2018-08-08,285.3900146484375,285.9100036621094,284.94000244140625,285.4599914550781,252.7400665283203,42114600,
2018-08-09,285.5299987792969,285.9700012207031,284.9200134277344,285.07000732421875,252.39474487304688,35717000,
2018-08-10,283.45001220703125,284.05999755859375,282.3599853515625,283.1600036621094,250.70364379882812,77076000,
2018-08-13,283.4700012207031,284.1600036621094,281.7699890136719,282.1000061035156,249.76515197753906,65732900,
2018-08-14,282.9200134277344,284.1700134277344,282.4800109863281,283.8999938964844,251.35890197753906,43842000,
2018-08-15,282.3800048828125,282.5400085449219,280.1600036621094,281.7799987792969,249.48184204101562,102925400,
2018-08-16,283.3999938964844,285.0400085449219,283.3599853515625,284.05999755859375,251.50050354003906,69967900,
2018-08-17,283.8299865722656,285.55999755859375,283.3699951171875,285.05999755859375,252.38589477539062,65618500,
2018-08-20,285.57000732421875,285.9700012207031,285.05999755859375,285.6700134277344,252.926025390625,39807500,
2018-08-21,286.25,287.30999755859375,285.7099914550781,286.3399963378906,253.51910400390625,67272000,
2018-08-22,285.8800048828125,286.760009765625,285.5799865722656,286.1700134277344,253.36871337890625,44993300,
2018-08-23,285.9700012207031,286.94000244140625,285.42999267578125,285.7900085449219,253.03219604492188,49204900,
2018-08-24,286.44000244140625,287.6700134277344,286.3800048828125,287.510009765625,254.55503845214844,57487400,
2018-08-27,288.8599853515625,289.8999938964844,288.67999267578125,289.7799987792969,256.56488037109375,57072400,
2018-08-28,290.29998779296875,290.4200134277344,289.3999938964844,289.9200134277344,256.68878173828125,46943500,
2018-08-29,290.1600036621094,291.739990234375,289.8900146484375,291.4800109863281,258.0699768066406,61485500,
2018-08-30,290.94000244140625,291.3599853515625,289.6300048828125,290.29998779296875,257.0252685546875,61229500,
2018-08-31,289.8399963378906,290.80999755859375,289.2900085449219,290.30999755859375,257.03411865234375,66140800,
2018-09-04,289.8399963378906,290.2099914550781,288.67999267578125,289.80999755859375,256.5914306640625,57594400,
2018-09-05,289.4100036621094,289.6400146484375,287.8900146484375,289.0299987792969,255.90078735351562,72452400,
2018-09-06,289.1499938964844,289.489990234375,287.0,288.1600036621094,255.13072204589844,65909900,
2018-09-07,286.9800109863281,288.70001220703125,286.7099914550781,287.6000061035156,254.63475036621094,73524800,
2018-09-10,288.739990234375,289.0400085449219,287.8800048828125,288.1000061035156,255.0774383544922,50210900,
2018-09-11,287.3699951171875,289.54998779296875,286.9800109863281,289.04998779296875,255.91848754882812,50530500,
2018-09-12,289.05999755859375,289.79998779296875,288.2300109863281,289.1199951171875,255.9805145263672,59810800,
2018-09-13,290.32000732421875,291.0400085449219,290.0,290.8299865722656,257.49444580078125,51034200,
2018-09-14,291.05999755859375,291.2699890136719,290.0,290.8800048828125,257.5387268066406,55079900,
2018-09-17,290.82000732421875,290.8599853515625,289.0299987792969,289.3399963378906,256.1752624511719,68244000,
2018-09-18,289.5799865722656,291.5799865722656,289.54998779296875,290.9100036621094,257.5653381347656,61930400,
2018-09-19,290.9700012207031,291.69000244140625,290.8299865722656,291.2200012207031,257.8397521972656,49080600,
2018-09-20,292.6400146484375,293.94000244140625,291.239990234375,293.5799865722656,259.92919921875,100360600,
2018-09-21,293.0899963378906,293.2200012207031,291.80999755859375,291.989990234375,259.6918029785156,105479700,"{""dividend_amount"": 1.323}"
2018-09-24,291.3399963378906,291.5,290.3699951171875,291.0199890136719,258.8291015625,53409600,
2018-09-25,291.5299987792969,291.6499938964844,290.4800109863281,290.75,258.5889892578125,44370000,
2018-09-26,290.9100036621094,292.239990234375,289.4100036621094,289.8800048828125,257.8152160644531,79739700,
2018-09-27,290.4100036621094,291.9100036621094,290.1000061035156,290.69000244140625,258.5356140136719,59249500,
2018-09-28,289.989990234375,291.2799987792969,289.95001220703125,290.7200012207031,258.5623474121094,70091400,
2018-10-01,292.1099853515625,292.92999267578125,290.9800109863281,291.7300109863281,259.4606018066406,62078900,
2018-10-02,291.55999755859375,292.3599853515625,291.1400146484375,291.55999755859375,259.3092956542969,47258200,
2018-10-03,292.739990234375,293.2099914550781,291.32000732421875,291.7200012207031,259.45159912109375,64694600,
2018-10-04,291.17999267578125,291.239990234375,287.6600036621094,289.44000244140625,257.4239501953125,111545900,
2018-10-05,289.69000244140625,290.2699890136719,286.2200012207031,287.82000732421875,255.9831085205078,105951700,
2018-10-08,287.04998779296875,288.2200012207031,285.5,287.82000732421875,255.9831085205078,87742200,
2018-10-09,287.3900146484375,288.8599853515625,286.7699890136719,287.3999938964844,255.6094512939453,74339000,
2018-10-10,286.8299865722656,286.9100036621094,277.8800048828125,278.29998779296875,247.51612854003906,214731000,
2018-10-11,277.0799865722656,278.8999938964844,270.3599853515625,272.1700134277344,242.06423950195312,274840500,
2018-10-12,276.7699890136719,277.0899963378906,272.3699951171875,275.95001220703125,245.4261016845703,183186500,
2018-10-15,275.54998779296875,277.0400085449219,274.29998779296875,274.3999938964844,244.0475616455078,102263700,
2018-10-16,276.6000061035156,280.82000732421875,276.07000732421875,280.3999938964844,249.38380432128906,118255800,
2018-10-17,280.44000244140625,281.1499938964844,277.55999755859375,280.45001220703125,249.42831420898438,110626000,
2018-10-18,279.3999938964844,280.07000732421875,274.9700012207031,276.3999938964844,245.8262939453125,134557500,
2018-10-19,277.1300048828125,279.29998779296875,275.4700012207031,276.25,245.69287109375,139901600,
2018-10-22,277.0,277.3599853515625,274.4100036621094,275.010009765625,244.59010314941406,82415800,
2018-10-23,270.95001220703125,274.8699951171875,268.6099853515625,273.6099853515625,243.34483337402344,146352700,
2018-10-24,273.3299865722656,273.760009765625,264.70001220703125,265.32000732421875,235.97189331054688,177806700,
2018-10-25,267.3800048828125,271.80999755859375,266.2300109863281,270.0799865722656,240.20538330078125,138061500,
2018-10-26,265.9200134277344,271.0,262.2900085449219,265.3299865722656,235.9807586669922,201574600,
2018-10-29,268.79998779296875,270.25,259.8500061035156,263.8599853515625,234.67340087890625,160749100,
2018-10-30,263.6700134277344,268.1199951171875,263.1199951171875,267.7699890136719,238.15087890625,157116000,
2018-10-31,270.6499938964844,273.2300109863281,270.1199951171875,270.6300048828125,240.69451904296875,128296300,
2018-11-01,271.6000061035156,273.7300109863281,270.3800048828125,273.510009765625,243.25601196289062,99495000,
2018-11-02,274.75,275.2300109863281,269.5899963378906,271.8900146484375,241.81515502929688,122634100,
2018-11-05,272.44000244140625,274.010009765625,271.3500061035156,273.3900146484375,243.14930725097656,65622500,
2018-11-06,273.32000732421875,275.29998779296875,273.25,275.1199951171875,244.6878662109375,60085900,
2018-11-07,277.55999755859375,281.1000061035156,277.0799865722656,281.010009765625,249.9263458251953,102752100,
2018-11-08,280.1099853515625,281.2200012207031,279.2200012207031,280.5,249.47276306152344,65584900,
2018-11-09,279.0299987792969,279.239990234375,276.17999267578125,277.760009765625,247.0358123779297,98812600,
2018-11-12,277.19000244140625,277.4599914550781,271.989990234375,272.57000732421875,242.4199676513672,99673600,
2018-11-13,273.0899963378906,275.3299865722656,271.25,272.05999755859375,241.96633911132812,98176600,
2018-11-14,274.1600036621094,274.6099853515625,268.45001220703125,270.20001220703125,240.31211853027344,125335900,
2018-11-15,268.7799987792969,273.5400085449219,267.010009765625,273.0199890136719,242.82020568847656,135101400,
2018-11-16,271.7900085449219,274.75,271.2099914550781,273.7300109863281,243.45172119140625,126668000,
2018-11-19,273.04998779296875,273.3800048828125,268.07000732421875,269.1000061035156,239.33383178710938,103061700,
2018-11-20,265.3599853515625,267.0,263.1499938964844,264.1199951171875,234.9046630859375,136021300,
2018-11-21,265.8599853515625,267.1499938964844,265.010009765625,265.0199890136719,235.70513916015625,75563700,
2018-11-23,263.17999267578125,264.82000732421875,263.07000732421875,263.25,234.13092041015625,42807900,
2018-11-26,265.7799987792969,267.75,265.3399963378906,267.5,237.9107666015625,79981400,
2018-11-27,266.3399963378906,268.3999938964844,265.6600036621094,268.3999938964844,238.71124267578125,75502400,
2018-11-28,269.6000061035156,274.5799865722656,268.3299865722656,274.5799865722656,244.20761108398438,127629600,
2018-11-29,273.7099914550781,275.54998779296875,272.42999267578125,273.9800109863281,243.67398071289062,82346400,
2018-11-30,273.80999755859375,276.2799987792969,273.45001220703125,275.6499938964844,245.1592559814453,98204200,
2018-12-03,280.2799987792969,280.3999938964844,277.510009765625,279.29998779296875,248.40548706054688,103176300,
2018-12-04,278.3699951171875,278.8500061035156,269.8999938964844,270.25,240.3565673828125,177986000,
2018-12-06,265.9200134277344,269.9700012207031,262.44000244140625,269.8399963378906,239.9918975830078,204185400,
2018-12-07,269.4599914550781,271.2200012207031,262.6300048828125,263.57000732421875,234.4154815673828,161018900,
2018-12-10,263.3699951171875,265.1600036621094,258.6199951171875,264.07000732421875,234.8601837158203,151445900,
2018-12-11,267.6600036621094,267.8699951171875,262.4800109863281,264.1300048828125,234.91351318359375,121504400,
2018-12-12,267.4700012207031,269.0,265.3699951171875,265.4599914550781,236.09646606445312,97976700,
2018-12-13,266.5199890136719,267.489990234375,264.1199951171875,265.3699951171875,236.01637268066406,96662700,
2018-12-14,262.9599914550781,264.0299987792969,259.8500061035156,260.4700012207031,231.65838623046875,116961100,
2018-12-17,259.3999938964844,260.6499938964844,253.52999877929688,255.36000061035156,227.11363220214844,165492300,
2018-12-18,257.20001220703125,257.95001220703125,253.27999877929688,255.0800018310547,226.8645477294922,134515100,
2018-12-19,255.1699981689453,259.3999938964844,249.35000610351562,251.25999450683594,223.46710205078125,214992800,
2018-12-20,249.86000061035156,251.6199951171875,244.64999389648438,247.1699981689453,219.82955932617188,252053400,
2018-12-21,246.74000549316406,249.7100067138672,239.97999572753906,240.6999969482422,215.32534790039062,255345600,"{""dividend_amount"": 1.435}"
2018-12-24,239.0399932861328,240.83999633789062,234.27000427246094,234.33999633789062,209.63584899902344,147311600,
2018-12-26,235.97000122070312,246.17999267578125,233.75999450683594,246.17999267578125,220.22763061523438,218485400,
2018-12-27,242.57000732421875,248.2899932861328,238.9600067138672,248.07000732421875,221.91844177246094,186267300,
2018-12-28,249.5800018310547,251.39999389648438,246.4499969482422,247.75,221.6321563720703,153100200,
2018-12-31,249.55999755859375,250.19000244140625,247.47000122070312,249.9199981689453,223.5733642578125,144299400,
