timestamp,open,high,low,close,adjusted_close,volume,corporate_action
2005-08-05,91.69999694824219,91.87000274658203,91.55000305175781,91.66000366210938,46.475215911865234,1041600,
2005-08-08,91.68000030517578,91.8499984741211,91.44000244140625,91.48999786376953,46.38900375366211,836600,
2005-08-09,91.69999694824219,91.8499984741211,91.27999877929688,91.83000183105469,46.56139373779297,1474800,
2005-08-10,92.01000213623047,92.0999984741211,91.54000091552734,91.7300033569336,46.5107536315918,909300,
2005-08-11,92.02999877929688,92.44999694824219,91.69999694824219,92.37000274658203,46.83521270751953,881600,
2005-08-12,92.62000274658203,93.44000244140625,92.56999969482422,93.30999755859375,47.3118782043457,1765100,
2005-08-15,93.26000213623047,93.30000305175781,93.05000305175781,93.06999969482422,47.19013977050781,954300,
2005-08-16,93.68000030517578,93.9000015258789,93.5,93.72000122070312,47.51973342895508,1311000,
2005-08-17,93.51000213623047,93.7300033569336,92.9800033569336,93.0999984741211,47.205326080322266,1278200,
2005-08-18,93.44999694824219,93.80999755859375,93.2699966430664,93.79000091552734,47.55522537231445,833900,
2005-08-19,93.36000061035156,93.83999633789062,93.33999633789062,93.77999877929688,47.55014419555664,439200,
2005-08-22,93.54000091552734,93.80000305175781,93.19999694824219,93.68000030517578,47.499412536621094,599300,
2005-08-23,93.7300033569336,94.2300033569336,93.6500015258789,94.11000061035156,47.717472076416016,491800,
2005-08-24,94.2699966430664,94.33000183105469,93.8499984741211,94.19999694824219,47.76306915283203,998200,
2005-08-25,94.27999877929688,94.61000061035156,94.05999755859375,94.5,47.915199279785156,812400,
2005-08-26,94.6500015258789,94.87999725341797,94.19999694824219,94.47000122070312,47.899986267089844,874600,
2005-08-29,94.83000183105469,94.87999725341797,94.5,94.58999633789062,47.960811614990234,550100,
2005-08-30,94.83000183105469,95.3499984741211,94.72000122070312,95.19000244140625,48.265052795410156,1392700,
2005-08-31,95.30999755859375,96.0,95.30000305175781,95.98999786376953,48.67068862915039,1310800,
2005-09-01,95.30999755859375,95.73999786376953,94.93000030517578,95.08000183105469,48.37759780883789,1899000,"{""dividend_amount"": 0.334}"
2005-09-02,94.87999725341797,95.29000091552734,94.80000305175781,95.16000366210938,48.41829299926758,621400,
2005-09-06,95.01000213623047,95.16999816894531,94.4800033569336,94.48999786376953,48.077423095703125,965300,
2005-09-07,94.18000030517578,94.18000030517578,93.36000061035156,93.5999984741211,47.624595642089844,1090200,
2005-09-08,93.88999938964844,93.9800033569336,93.5999984741211,93.69999694824219,47.6754264831543,373100,
2005-09-09,93.95999908447266,94.31999969482422,93.87999725341797,94.0,47.828094482421875,426300,
2005-09-12,93.66000366210938,93.70999908447266,93.19000244140625,93.3499984741211,47.497379302978516,917300,
2005-09-13,93.76000213623047,94.12000274658203,93.63999938964844,93.83999633789062,47.7466926574707,450400,
2005-09-14,93.81999969482422,93.87999725341797,93.37999725341797,93.4800033569336,47.56351089477539,346400,
2005-09-15,93.3499984741211,93.3499984741211,92.4000015258789,92.70999908447266,47.17171859741211,2225800,
2005-09-16,92.30000305175781,92.4800033569336,91.87999725341797,92.0999984741211,46.86137008666992,2145500,
2005-09-19,92.18000030517578,92.44000244140625,92.0999984741211,92.30000305175781,46.963130950927734,886100,
2005-09-20,92.29000091552734,92.80000305175781,91.87999725341797,92.54000091552734,47.08522033691406,1848800,
2005-09-21,93.27999877929688,93.41000366210938,93.12999725341797,93.4000015258789,47.52281951904297,993000,
2005-09-22,93.37000274658203,93.44999694824219,93.12999725341797,93.30999755859375,47.4770622253418,761700,
2005-09-23,93.05000305175781,93.0999984741211,92.61000061035156,92.61000061035156,47.12088394165039,656800,
2005-09-26,92.11000061035156,92.37999725341797,92.0999984741211,92.19000244140625,46.90717315673828,680900,
2005-09-27,92.2699966430664,92.55999755859375,91.94000244140625,92.31999969482422,46.97329330444336,827800,
2005-09-28,92.38999938964844,93.0199966430664,92.26000213623047,92.94000244140625,47.28875732421875,712800,
2005-09-29,92.5999984741211,92.61000061035156,92.36000061035156,92.5199966430664,47.075035095214844,657100,
2005-09-30,92.58000183105469,92.69000244140625,92.0,92.19999694824219,46.9122314453125,1391800,
2005-10-03,91.79000091552734,92.19999694824219,91.0999984741211,91.12000274658203,46.54547882080078,1370900,"{""dividend_amount"": 0.362}"
2005-10-04,91.37000274658203,91.54000091552734,91.20999908447266,91.41999816894531,46.69874572753906,783200,
2005-10-05,91.68000030517578,91.9800033569336,91.56999969482422,91.81999969482422,46.903106689453125,1215800,
2005-10-06,91.69999694824219,91.73999786376953,91.44000244140625,91.47000122070312,46.72426986694336,340000,
2005-10-07,91.08999633789062,91.94999694824219,90.95999908447266,91.83999633789062,46.913246154785156,1337800,
2005-10-10,91.8499984741211,91.97000122070312,91.62000274658203,91.77999877929688,46.88258361816406,159700,
2005-10-11,91.83999633789062,91.91999816894531,91.44999694824219,91.58999633789062,46.78557205200195,679100,
2005-10-12,91.44000244140625,91.44000244140625,90.6500015258789,90.69999694824219,46.330928802490234,1105700,
2005-10-13,90.25,90.5,90.08000183105469,90.37000274658203,46.1623649597168,1376600,
2005-10-14,90.5999984741211,90.69999694824219,89.81999969482422,90.2300033569336,46.09088897705078,1042600,
2005-10-17,90.41999816894531,90.61000061035156,90.12000274658203,90.20999908447266,46.08061218261719,1058200,
2005-10-18,90.45999908447266,90.4800033569336,90.2300033569336,90.30999755859375,46.1317024230957,878200,
2005-10-19,90.66000366210938,90.87000274658203,90.3499984741211,90.3499984741211,46.15215301513672,904800,
2005-10-20,90.27999877929688,90.5999984741211,90.12999725341797,90.58999633789062,46.2747688293457,810300,
2005-10-21,90.83000183105469,91.47000122070312,90.75,91.43000030517578,46.70383071899414,1252800,
2005-10-24,91.31999969482422,91.41000366210938,90.48999786376953,90.72000122070312,46.3411750793457,939100,
2005-10-25,90.81999969482422,91.05000305175781,89.93000030517578,89.94000244140625,45.94272994995117,632900,
2005-10-26,89.44999694824219,89.69999694824219,89.16000366210938,89.27999877929688,45.6055908203125,2895800,
2005-10-27,89.5999984741211,89.79000091552734,89.30000305175781,89.5999984741211,45.769039154052734,1197400,
2005-10-28,89.72000122070312,89.87999725341797,89.12000274658203,89.61000061035156,45.77415466308594,750400,
2005-10-31,89.7699966430664,90.04000091552734,89.58000183105469,89.77999877929688,45.86099624633789,547700,
2005-11-01,89.43000030517578,89.6500015258789,89.08999633789062,89.27999877929688,45.80815124511719,647100,"{""dividend_amount"": 0.397}"
2005-11-02,89.08000183105469,89.38999938964844,88.83000183105469,88.86000061035156,45.59262466430664,781100,
2005-11-03,88.88999938964844,88.97000122070312,88.23999786376953,88.26000213623047,45.28479766845703,962900,
2005-11-04,88.41999816894531,88.63999938964844,87.86000061035156,88.12000274658203,45.21293258666992,1888700,
2005-11-07,88.5,88.56999969482422,88.3499984741211,88.41999816894531,45.36688232421875,1121600,
2005-11-08,88.88999938964844,89.31999969482422,88.88999938964844,89.27999877929688,45.80815124511719,1396800,
2005-11-09,88.77999877929688,88.93000030517578,88.36000061035156,88.36000061035156,45.336124420166016,1140300,
2005-11-10,88.72000122070312,89.4800033569336,88.62999725341797,89.44000244140625,45.890235900878906,1695200,
2005-11-11,89.5999984741211,89.69999694824219,89.44000244140625,89.48999786376953,45.91590881347656,193700,
2005-11-14,89.37999725341797,89.44999694824219,88.62000274658203,88.81999969482422,45.57209396362305,1230100,
2005-11-15,88.75,89.6500015258789,88.75,89.4000015258789,45.86972427368164,839800,
2005-11-16,89.80000305175781,90.44000244140625,89.75,90.33999633789062,46.35195541381836,1822300,
2005-11-17,90.16999816894531,90.9000015258789,90.05000305175781,90.55999755859375,46.46488952636719,1003100,
2005-11-18,90.37000274658203,90.44999694824219,90.05999755859375,90.13999938964844,46.24942398071289,734200,
2005-11-21,90.33999633789062,90.66000366210938,90.33000183105469,90.41000366210938,46.3879508972168,503300,
2005-11-22,90.37000274658203,90.66999816894531,90.3499984741211,90.52999877929688,46.44949722290039,1026900,
2005-11-23,90.58999633789062,90.69000244140625,89.86000061035156,90.18000030517578,46.26992416381836,768300,
2005-11-25,90.41000366210938,90.54000091552734,90.33999633789062,90.51000213623047,46.439212799072266,421500,
2005-11-28,90.5199966430664,91.13999938964844,90.5199966430664,90.95999908447266,46.67011260986328,883400,
2005-11-29,91.08000183105469,91.11000061035156,90.02999877929688,90.0999984741211,46.228904724121094,889200,
2005-11-30,90.30000305175781,90.30000305175781,89.81999969482422,90.0,46.1776008605957,1642800,
2005-12-01,90.0,90.01000213623047,89.18000030517578,89.47000122070312,46.10543441772461,1214800,"{""dividend_amount"": 0.39}"
2005-12-02,89.2699966430664,89.55000305175781,89.1500015258789,89.5,46.12086486816406,746200,
2005-12-05,89.3499984741211,89.3499984741211,88.8499984741211,89.0999984741211,45.91474914550781,431100,
2005-12-06,89.41000366210938,90.12000274658203,89.31999969482422,90.01000213623047,46.383724212646484,968800,
2005-12-07,89.80000305175781,89.91000366210938,89.5199966430664,89.66999816894531,46.208473205566406,386600,
2005-12-08,89.9800033569336,90.36000061035156,89.80000305175781,90.25,46.50737380981445,976200,
2005-12-09,89.9800033569336,90.01000213623047,89.47000122070312,89.54000091552734,46.14152145385742,817400,
2005-12-12,89.75,89.75,89.13999938964844,89.37000274658203,46.05389404296875,440500,
2005-12-13,89.72000122070312,89.81999969482422,89.37999725341797,89.69999694824219,46.22392654418945,598700,
2005-12-14,90.19999694824219,90.81999969482422,90.13999938964844,90.62000274658203,46.6980094909668,635000,
2005-12-15,90.44000244140625,90.44000244140625,89.98999786376953,90.4000015258789,46.58464813232422,724300,
2005-12-16,90.83000183105469,90.93000030517578,90.55999755859375,90.69999694824219,46.739234924316406,684500,
2005-12-19,90.5999984741211,91.0999984741211,90.55999755859375,90.79000091552734,46.78562927246094,469800,
2005-12-20,90.58000183105469,90.80000305175781,90.4000015258789,90.68000030517578,46.728946685791016,236000,
2005-12-21,90.52999877929688,90.58000183105469,90.29000091552734,90.5199966430664,46.64655685424805,193100,
2005-12-22,90.91999816894531,91.30999755859375,90.91000366210938,91.23999786376953,47.01750946044922,692700,
2005-12-23,91.19000244140625,92.04000091552734,91.0999984741211,91.80000305175781,47.30608367919922,2295800,
2005-12-27,91.97000122070312,92.58999633789062,91.80000305175781,92.55000305175781,47.692596435546875,519500,
2005-12-28,92.02999877929688,92.25,91.75,91.91000366210938,47.559608459472656,1295700,"{""dividend_amount"": 0.383}"
2005-12-29,92.02999877929688,92.12999725341797,91.69000244140625,92.11000061035156,47.66309356689453,740600,
2005-12-30,92.54000091552734,92.58999633789062,91.69999694824219,91.9000015258789,47.554443359375,1099500,
2006-01-03,91.58999633789062,92.25,91.4800033569336,91.77999877929688,47.49234390258789,1392700,
2006-01-04,91.54000091552734,92.06999969482422,91.41999816894531,92.0,47.60620880126953,387600,
2006-01-05,91.87999725341797,92.13999938964844,91.69999694824219,91.88999938964844,47.54925537109375,453400,
2006-01-06,91.7699966430664,91.9000015258789,91.48999786376953,91.72000122070312,47.46126937866211,1193700,
2006-01-09,91.69999694824219,91.77999877929688,91.54000091552734,91.77999877929688,47.49234390258789,413600,
2006-01-10,91.62999725341797,91.68000030517578,91.02999877929688,91.04000091552734,47.109413146972656,698900,
2006-01-11,91.25,91.29000091552734,90.75,90.88999938964844,47.03181457519531,394600,
2006-01-12,91.12999725341797,91.5199966430664,91.0,91.5,47.347442626953125,626600,
2006-01-13,91.58999633789062,92.30000305175781,91.58000183105469,92.02999877929688,47.621700286865234,491000,
2006-01-17,92.0,92.5,91.93000030517578,92.44000244140625,47.8338623046875,454300,
2006-01-18,92.76000213623047,92.7699966430664,92.12000274658203,92.41000366210938,47.818336486816406,622100,
2006-01-19,92.06999969482422,92.44000244140625,91.95999908447266,92.13999938964844,47.67863082885742,490600,
2006-01-20,92.31999969482422,92.4800033569336,92.05000305175781,92.37999725341797,47.80278015136719,842600,
2006-01-23,91.80000305175781,92.5,91.7300033569336,92.3499984741211,47.78730392456055,720400,
2006-01-24,92.0,92.19000244140625,91.76000213623047,91.9000015258789,47.554443359375,300500,
2006-01-25,91.51000213623047,91.56999969482422,90.79000091552734,90.9000015258789,47.03700256347656,1204500,
2006-01-26,90.55000305175781,90.5999984741211,90.05000305175781,90.51000213623047,46.83516311645508,764100,
2006-01-27,90.80000305175781,90.80000305175781,90.16000366210938,90.51000213623047,46.83516311645508,1091400,
2006-01-30,90.30000305175781,90.5,90.23999786376953,90.41999816894531,46.78859329223633,308500,
2006-01-31,90.3499984741211,90.7300033569336,90.19999694824219,90.66999816894531,46.91795349121094,676100,
2006-02-01,90.1500015258789,90.45999908447266,89.8499984741211,90.04000091552734,46.757511138916016,622300,"{""dividend_amount"": 0.321}"
2006-02-02,90.04000091552734,90.41000366210938,89.86000061035156,90.20999908447266,46.845741271972656,658500,
2006-02-03,90.0,91.0,89.81999969482422,90.8499984741211,47.17810821533203,1524600,
2006-02-06,90.9800033569336,91.20999908447266,90.88999938964844,91.02999877929688,47.271602630615234,755100,
2006-02-07,91.12000274658203,91.12000274658203,90.5,90.5999984741211,47.04829406738281,280500,
2006-02-08,90.87999725341797,90.87999725341797,90.29000091552734,90.38999938964844,46.939273834228516,261700,
2006-02-09,90.13999938964844,90.9000015258789,90.05999755859375,90.80000305175781,47.15217971801758,1119200,
2006-02-10,91.19999694824219,91.37999725341797,90.23999786376953,90.30000305175781,46.892513275146484,938000,
2006-02-13,90.23999786376953,90.36000061035156,90.16000366210938,90.30999755859375,46.89773941040039,218700,
2006-02-14,89.9000015258789,90.19999694824219,89.72000122070312,89.98999786376953,46.73154067993164,836100,
2006-02-15,90.13999938964844,90.47000122070312,89.87999725341797,90.20999908447266,46.845741271972656,720300,
2006-02-16,90.19999694824219,90.30000305175781,90.0,90.2300033569336,46.85617446899414,427800,
2006-02-17,90.80000305175781,91.06999969482422,90.80000305175781,90.94999694824219,47.23006057739258,731400,
2006-02-21,90.9000015258789,91.0,90.77999877929688,90.80000305175781,47.15217971801758,433300,
2006-02-22,91.12000274658203,91.44999694824219,91.08999633789062,91.41999816894531,47.47412872314453,559000,
2006-02-23,91.30999755859375,91.30999755859375,90.93000030517578,91.19000244140625,47.35466003417969,288300,
2006-02-24,91.44000244140625,91.44000244140625,90.94999694824219,91.05000305175781,47.281986236572266,485700,
2006-02-27,91.3499984741211,91.3499984741211,90.7300033569336,90.9000015258789,47.204097747802734,446200,
2006-02-28,91.0,91.44000244140625,90.91999816894531,91.3499984741211,47.43778991699219,744200,
2006-03-01,90.7699966430664,90.87000274658203,90.37999725341797,90.4800033569336,47.1511344909668,713600,"{""dividend_amount"": 0.32}"
2006-03-02,90.05999755859375,90.0999984741211,89.4000015258789,89.8499984741211,46.8228759765625,1640000,
2006-03-03,89.4800033569336,89.55000305175781,89.2300033569336,89.33000183105469,46.55188751220703,1253300,
2006-03-06,88.9800033569336,88.98999786376953,88.5,88.55000305175781,46.145408630371094,872700,
2006-03-07,88.4000015258789,88.75,88.30999755859375,88.61000061035156,46.176658630371094,1692900,
2006-03-08,88.56999969482422,88.87999725341797,88.44999694824219,88.58000183105469,46.161048889160156,1184700,
2006-03-09,88.55999755859375,88.66999816894531,88.2699966430664,88.61000061035156,46.176658630371094,282100,
2006-03-10,88.31999969482422,88.47000122070312,88.01000213623047,88.27999877929688,46.00464630126953,1086900,
2006-03-13,88.13999938964844,88.2699966430664,88.01000213623047,88.20999908447266,45.96820068359375,1740100,
2006-03-14,88.44999694824219,88.98999786376953,88.44999694824219,88.80000305175781,46.275657653808594,904400,
2006-03-15,88.44000244140625,88.54000091552734,88.1500015258789,88.31999969482422,46.02553939819336,971000,
2006-03-16,88.51000213623047,89.33000183105469,88.43000030517578,89.12000274658203,46.44245910644531,1048000,
2006-03-17,88.8499984741211,89.0,88.75,88.8499984741211,46.301692962646484,703500,
2006-03-20,89.2300033569336,89.23999786376953,88.9800033569336,88.98999786376953,46.37467956542969,576000,
2006-03-21,89.1500015258789,89.1500015258789,88.36000061035156,88.52999877929688,46.134986877441406,817200,
2006-03-22,88.75,88.9800033569336,88.62999725341797,88.72000122070312,46.23401641845703,205500,
2006-03-23,88.81999969482422,88.87000274658203,88.33999633789062,88.44000244140625,46.088035583496094,613400,
2006-03-24,88.52999877929688,89.29000091552734,88.5,89.08999633789062,46.42678451538086,954800,
2006-03-27,89.05000305175781,89.05000305175781,88.5999984741211,88.76000213623047,46.254817962646484,467100,
2006-03-28,88.4000015258789,88.43000030517578,87.83999633789062,87.93000030517578,45.822296142578125,1094900,
2006-03-29,87.83000183105469,88.0199966430664,87.37000274658203,87.51000213623047,45.603416442871094,1071700,
2006-03-30,87.13999938964844,87.29000091552734,86.58999633789062,86.9000015258789,45.285526275634766,1152000,
2006-03-31,86.9800033569336,87.13999938964844,86.80000305175781,86.87000274658203,45.26991653442383,1167700,
2006-04-03,86.18000030517578,86.69000244140625,86.08000183105469,86.56999969482422,45.2845458984375,1549700,"{""dividend_amount"": 0.328}"
2006-04-04,86.69999694824219,86.9000015258789,86.36000061035156,86.4800033569336,45.23746109008789,749100,
2006-04-05,86.69999694824219,86.77999877929688,86.5,86.5999984741211,45.300270080566406,638600,
2006-04-06,86.29000091552734,86.29000091552734,85.76000213623047,85.94000244140625,44.955020904541016,2022100,
2006-04-07,85.43000030517578,85.62999725341797,84.9000015258789,85.0999984741211,44.51560592651367,1956500,
2006-04-10,85.1500015258789,85.30000305175781,84.95999908447266,85.26000213623047,44.59929275512695,1527100,
2006-04-11,85.58000183105469,85.69999694824219,85.33000183105469,85.55999755859375,44.7562141418457,1237300,
2006-04-12,85.5999984741211,85.7300033569336,85.0,85.04000091552734,44.48423767089844,1902000,
2006-04-13,84.5,84.63999938964844,84.2699966430664,84.44000244140625,44.17036056518555,3219400,
2006-04-17,84.54000091552734,84.97000122070312,84.3499984741211,84.75,44.33249282836914,1465400,
2006-04-18,84.94999694824219,85.2699966430664,84.73999786376953,84.9000015258789,44.41098403930664,2680300,
2006-04-19,84.44999694824219,84.58999633789062,84.05999755859375,84.37999725341797,44.13895034790039,1830300,
2006-04-20,84.41999816894531,84.51000213623047,84.12000274658203,84.30999755859375,44.10239028930664,1378200,
2006-04-21,84.52999877929688,84.86000061035156,84.25,84.80000305175781,44.35866928100586,1303000,
2006-04-24,84.94000244140625,85.38999938964844,84.8499984741211,85.13999938964844,44.53647232055664,991500,
2006-04-25,85.04000091552734,85.0999984741211,84.05999755859375,84.12999725341797,44.00816345214844,2067400,
2006-04-26,83.8499984741211,84.08000183105469,83.7300033569336,83.98999786376953,43.93495178222656,1544900,
2006-04-27,83.75,84.30000305175781,83.6500015258789,84.0999984741211,43.992469787597656,1864200,
2006-04-28,83.97000122070312,84.20999908447266,83.76000213623047,84.16000366210938,44.02388000488281,809400,
2006-05-01,83.66999816894531,83.68000030517578,83.12000274658203,83.19999694824219,43.693050384521484,1795500,"{""dividend_amount"": 0.33}"
2006-05-02,83.26000213623047,83.54000091552734,83.26000213623047,83.41999816894531,43.808570861816406,1097900,
2006-05-03,83.41999816894531,83.43000030517578,82.94000244140625,83.23999786376953,43.71403121948242,1114000,
2006-05-04,83.37999725341797,83.4000015258789,83.0999984741211,83.0999984741211,43.64051055908203,977800,
2006-05-05,84.0,84.08000183105469,83.48999786376953,83.5999984741211,43.90311813354492,1685900,
2006-05-08,83.73999786376953,83.7699966430664,83.52999877929688,83.6500015258789,43.92933654785156,666400,
2006-05-09,83.55000305175781,83.68000030517578,83.33000183105469,83.5999984741211,43.90311813354492,341300,
2006-05-10,83.80000305175781,84.0199966430664,83.3499984741211,83.75,43.98187255859375,1320200,
2006-05-11,83.45999908447266,83.45999908447266,83.08999633789062,83.33999633789062,43.76653289794922,1189800,
2006-05-12,82.80999755859375,83.01000213623047,82.55999755859375,82.6500015258789,43.404205322265625,1804700,
2006-05-15,82.6500015258789,83.2300033569336,82.6500015258789,82.9800033569336,43.57749938964844,1433500,
2006-05-16,83.08000183105469,83.63999938964844,83.08000183105469,83.5999984741211,43.90311813354492,1677600,
2006-05-17,82.91000366210938,83.08000183105469,82.72000122070312,83.08000183105469,43.6300163269043,1440800,
2006-05-18,83.55000305175781,84.2300033569336,83.52999877929688,84.20999908447266,44.223445892333984,2177700,
2006-05-19,84.12000274658203,84.86000061035156,84.08000183105469,84.43000030517578,44.3389778137207,2619500,
2006-05-22,84.83999633789062,85.1500015258789,84.4800033569336,84.61000061035156,44.43352127075195,2652000,
2006-05-23,84.05000305175781,84.55999755859375,84.02999877929688,84.55999755859375,44.40723419189453,1394900,
2006-05-24,84.80999755859375,85.0,84.52999877929688,84.5999984741211,44.42824935913086,1226300,
2006-05-25,84.72000122070312,84.7300033569336,84.19000244140625,84.2699966430664,44.254981994628906,678000,
2006-05-26,84.23999786376953,84.5,84.20999908447266,84.20999908447266,44.223445892333984,398400,
2006-05-30,84.19000244140625,84.30000305175781,84.01000213623047,84.16999816894531,44.20246124267578,482200,
2006-05-31,84.33999633789062,84.43000030517578,83.58000183105469,83.66999816894531,43.93987274169922,880700,
2006-06-01,83.4000015258789,83.83999633789062,83.3499984741211,83.70999908447266,44.136024475097656,1561100,"{""dividend_amount"": 0.332}"
2006-06-02,84.72000122070312,84.88999938964844,84.5,84.79000091552734,44.70541763305664,2041900,
2006-06-05,84.80999755859375,84.81999969482422,84.51000213623047,84.68000030517578,44.64744186401367,1102900,
2006-06-06,84.66000366210938,85.18000030517578,84.58999633789062,85.08000183105469,44.858333587646484,2188000,
2006-06-07,84.7300033569336,85.0999984741211,84.6500015258789,85.0999984741211,44.8688850402832,1324100,
2006-06-08,85.23999786376953,85.77999877929688,85.11000061035156,85.2699966430664,44.95848846435547,3496700,
2006-06-09,85.3499984741211,85.81999969482422,85.3499984741211,85.72000122070312,45.19575500488281,657200,
2006-06-12,85.68000030517578,85.79000091552734,85.52999877929688,85.79000091552734,45.2326774597168,528700,
2006-06-13,85.8499984741211,85.94000244140625,85.55000305175781,85.8499984741211,45.264320373535156,1448300,
2006-06-14,85.5,85.55999755859375,84.91000366210938,84.98999786376953,44.81083297729492,1439100,
2006-06-15,84.69000244140625,84.83999633789062,84.41000366210938,84.5,44.55252456665039,1734600,
2006-06-16,84.69999694824219,84.76000213623047,84.18000030517578,84.30999755859375,44.45237731933594,1184600,
2006-06-19,84.20999908447266,84.29000091552734,83.9800033569336,84.19000244140625,44.38908767700195,1233700,
2006-06-20,84.12999725341797,84.19000244140625,83.87999725341797,84.05000305175781,44.31528091430664,611400,
2006-06-21,84.25,84.25,84.06999969482422,84.06999969482422,44.32578659057617,476000,
2006-06-22,83.83999633789062,83.9000015258789,83.55999755859375,83.58999633789062,44.072689056396484,745500,
2006-06-23,83.62000274658203,83.7300033569336,83.3499984741211,83.41999816894531,43.983116149902344,675500,
2006-06-26,83.41999816894531,83.47000122070312,83.12000274658203,83.26000213623047,43.89874267578125,526100,
2006-06-27,83.37999725341797,83.73999786376953,83.37999725341797,83.66999816894531,44.11492919921875,429100,
2006-06-28,83.62999725341797,83.62999725341797,83.19000244140625,83.2300033569336,43.8829460144043,381300,
2006-06-29,83.58000183105469,83.81999969482422,83.36000061035156,83.51000213623047,44.030555725097656,1609300,
2006-06-30,83.5,84.4000015258789,83.5,84.31999969482422,44.45761489868164,1219000,
2006-07-03,83.9000015258789,83.95999908447266,83.7300033569336,83.91000366210938,44.41372299194336,716800,"{""dividend_amount"": 0.327}"
2006-07-05,83.4000015258789,83.41999816894531,82.94999694824219,83.23999786376953,44.05905532836914,1289200,
2006-07-06,83.33000183105469,83.79000091552734,83.33000183105469,83.75,44.329002380371094,451400,
2006-07-07,84.19999694824219,84.45999908447266,84.08000183105469,84.29000091552734,44.614830017089844,1356900,
2006-07-10,84.18000030517578,84.4000015258789,84.05000305175781,84.37000274658203,44.65715026855469,480400,
2006-07-11,84.58999633789062,84.86000061035156,84.58000183105469,84.63999938964844,44.800079345703125,423800,
2006-07-12,84.33000183105469,84.81999969482422,84.2699966430664,84.66000366210938,44.81065368652344,641000,
2006-07-13,84.69999694824219,85.05000305175781,84.68000030517578,84.98999786376953,44.985313415527344,1347400,
2006-07-14,84.81999969482422,85.16000366210938,84.81999969482422,85.04000091552734,45.011817932128906,1343900,
2006-07-17,84.97000122070312,85.19000244140625,84.8499984741211,85.16999816894531,45.08061981201172,514100,
2006-07-18,84.69999694824219,84.75,84.4000015258789,84.44000244140625,44.694252014160156,621000,
2006-07-19,84.33000183105469,85.30000305175781,84.23999786376953,85.23999786376953,45.11764144897461,1267400,
2006-07-20,84.97000122070312,85.62999725341797,84.97000122070312,85.48999786376953,45.25,1320200,
2006-07-21,85.5999984741211,85.66999816894531,85.19999694824219,85.33000183105469,45.165279388427734,652100,
2006-07-24,85.41000366210938,85.51000213623047,85.20999908447266,85.27999877929688,45.13886260986328,393900,
2006-07-25,85.2300033569336,85.37999725341797,84.9000015258789,85.02999877929688,45.006492614746094,948200,
2006-07-26,84.91000366210938,85.37000274658203,84.87000274658203,85.33999633789062,45.17058563232422,717100,
2006-07-27,85.4800033569336,85.4800033569336,85.12000274658203,85.20999908447266,45.101741790771484,295500,
2006-07-28,85.6500015258789,85.88999938964844,85.5999984741211,85.69999694824219,45.361106872558594,769800,
2006-07-31,85.62000274658203,85.80999755859375,85.55000305175781,85.80999755859375,45.419334411621094,375100,
2006-08-01,85.31999969482422,85.5,85.04000091552734,85.45999908447266,45.415122985839844,577800,"{""dividend_amount"": 0.342}"
2006-08-02,85.37000274658203,85.77999877929688,85.19999694824219,85.77999877929688,45.58516311645508,477400,
2006-08-03,85.62999725341797,86.04000091552734,85.5199966430664,85.80000305175781,45.595794677734375,500500,
2006-08-04,86.4000015258789,86.4800033569336,86.29000091552734,86.31999969482422,45.87214279174805,1246000,
2006-08-07,86.33000183105469,86.38999938964844,86.18000030517578,86.37000274658203,45.89872741699219,1127600,
2006-08-08,86.37999725341797,86.56999969482422,86.08999633789062,86.18000030517578,45.797733306884766,844400,
2006-08-09,85.75,86.0199966430664,85.70999908447266,85.9000015258789,45.64891815185547,372400,
2006-08-10,85.8499984741211,85.8499984741211,85.44999694824219,85.7699966430664,45.57986831665039,539000,
2006-08-11,85.47000122070312,85.52999877929688,85.36000061035156,85.4000015258789,45.38319778442383,450800,
2006-08-14,85.3499984741211,85.37000274658203,85.19000244140625,85.25,45.303470611572266,662300,
2006-08-15,85.77999877929688,86.08999633789062,85.77999877929688,85.97000122070312,45.68611526489258,1093800,
2006-08-16,86.56999969482422,86.63999938964844,86.45999908447266,86.55000305175781,45.99435043334961,838900,
2006-08-17,86.7699966430664,86.7699966430664,86.41999816894531,86.5199966430664,45.978397369384766,922300,
2006-08-18,86.72000122070312,86.91000366210938,86.6500015258789,86.7699966430664,46.111263275146484,1050700,
2006-08-21,86.88999938964844,87.08000183105469,86.87000274658203,87.08000183105469,46.276004791259766,676400,
2006-08-22,87.0,87.2300033569336,86.97000122070312,87.11000061035156,46.29191207885742,749300,
2006-08-23,87.05999755859375,87.23999786376953,86.86000061035156,87.1500015258789,46.31321716308594,801700,
2006-08-24,87.41000366210938,87.44000244140625,87.23999786376953,87.30999755859375,46.39824676513672,1206700,
2006-08-25,87.23999786376953,87.58999633789062,87.19999694824219,87.44000244140625,46.46732711791992,569000,
2006-08-28,87.41000366210938,87.5199966430664,87.23999786376953,87.5199966430664,46.50985336303711,582300,
2006-08-29,87.25,87.63999938964844,86.9800033569336,87.63999938964844,46.5736198425293,1345600,
2006-08-30,87.83000183105469,87.87000274658203,87.66000366210938,87.87000274658203,46.695796966552734,1180500,
2006-08-31,87.73999786376953,88.19999694824219,87.73999786376953,88.08000183105469,46.80741882324219,1272400,
2006-09-01,87.62000274658203,87.9000015258789,87.47000122070312,87.76000213623047,46.82344055175781,893400,"{""dividend_amount"": 0.35}"
2006-09-05,87.51000213623047,87.63999938964844,87.16000366210938,87.20999908447266,46.530006408691406,2271300,
2006-09-06,86.88999938964844,87.08999633789062,86.72000122070312,87.08999633789062,46.465946197509766,1853400,
2006-09-07,86.93000030517578,87.31999969482422,86.73999786376953,87.26000213623047,46.556671142578125,1716100,
2006-09-08,87.48999786376953,87.5999984741211,87.33000183105469,87.33000183105469,46.594024658203125,540300,
2006-09-11,87.48999786376953,87.48999786376953,86.94999694824219,87.25,46.55131149291992,557600,
2006-09-12,87.1500015258789,87.70999908447266,87.0,87.69000244140625,46.786094665527344,820800,
2006-09-13,88.02999877929688,88.02999877929688,87.66000366210938,87.7300033569336,46.80741882324219,797000,
2006-09-14,87.6500015258789,87.87000274658203,87.41999816894531,87.52999877929688,46.70074462890625,672800,
2006-09-15,87.76000213623047,87.94999694824219,87.44999694824219,87.45999908447266,46.663352966308594,1047200,
2006-09-18,86.97000122070312,87.37999725341797,86.97000122070312,87.31999969482422,46.588661193847656,871400,
2006-09-19,87.86000061035156,88.30000305175781,87.83999633789062,88.30000305175781,47.11154556274414,1229600,
2006-09-20,88.37999725341797,88.4800033569336,88.13999938964844,88.43000030517578,47.18091583251953,827400,
2006-09-21,88.3499984741211,89.27999877929688,88.3499984741211,89.23999786376953,47.613075256347656,1698600,
2006-09-22,89.31999969482422,89.69999694824219,89.31999969482422,89.68000030517578,47.84779357910156,1428600,
2006-09-25,89.83999633789062,90.30999755859375,89.80999755859375,90.30999755859375,48.183982849121094,2607600,
2006-09-26,90.0,90.0999984741211,89.81999969482422,89.93000030517578,47.981204986572266,2200000,
2006-09-27,90.25,90.27999877929688,89.62999725341797,89.66999816894531,47.84251022338867,1165400,
2006-09-28,89.43000030517578,89.58999633789062,89.2699966430664,89.5199966430664,47.76248550415039,1796800,
2006-09-29,89.69000244140625,89.7300033569336,89.08999633789062,89.41000366210938,47.703765869140625,1398000,
2006-10-02,89.0999984741211,89.44999694824219,88.97000122070312,89.30000305175781,47.8344841003418,1211900,"{""dividend_amount"": 0.354}"
2006-10-03,89.4000015258789,89.44000244140625,89.1500015258789,89.18000030517578,47.77019500732422,854900,
2006-10-04,89.33000183105469,89.8499984741211,89.33000183105469,89.83000183105469,48.118370056152344,1155500,
2006-10-05,89.54000091552734,89.54000091552734,88.94999694824219,89.19999694824219,47.78092956542969,1241600,
2006-10-06,89.08999633789062,89.0999984741211,88.22000122070312,88.2699966430664,47.28276824951172,2472400,
2006-10-09,88.0999984741211,88.5999984741211,88.01000213623047,88.51000213623047,47.41130065917969,834900,
2006-10-10,87.94999694824219,88.11000061035156,87.62999725341797,87.80999755859375,47.03633499145508,1398700,
2006-10-11,87.94999694824219,88.02999877929688,87.41999816894531,87.55000305175781,46.89706802368164,1521600,
2006-10-12,87.62999725341797,87.7699966430664,87.4800033569336,87.5999984741211,46.923866271972656,586400,
2006-10-13,87.29000091552734,87.36000061035156,87.11000061035156,87.16000366210938,46.68816375732422,1414100,
2006-10-16,87.4000015258789,87.55999755859375,87.37000274658203,87.55000305175781,46.89706802368164,897600,
2006-10-17,87.87999725341797,88.05000305175781,87.51000213623047,87.62000274658203,46.93458557128906,730800,
2006-10-18,87.69000244140625,87.87999725341797,87.55000305175781,87.80000305175781,47.03099060058594,499600,
2006-10-19,87.58999633789062,87.76000213623047,87.36000061035156,87.63999938964844,46.9453010559082,797300,
2006-10-20,87.61000061035156,87.69999694824219,87.55000305175781,87.55000305175781,46.89706802368164,280700,
2006-10-23,87.1500015258789,87.20999908447266,86.87999725341797,87.19999694824219,46.709590911865234,1200600,
2006-10-24,87.16999816894531,87.25,87.1500015258789,87.19999694824219,46.709590911865234,243400,
2006-10-25,87.2699966430664,87.97000122070312,87.2300033569336,87.88999938964844,47.07920837402344,558400,
2006-10-26,88.1500015258789,88.5199966430664,88.1500015258789,88.45999908447266,47.38450622558594,1558300,
2006-10-27,89.0199966430664,89.05000305175781,88.69999694824219,88.87000274658203,47.60409927368164,1601500,
2006-10-30,88.88999938964844,89.12000274658203,88.83999633789062,89.12000274658203,47.738067626953125,901200,
2006-10-31,89.25,89.87000274658203,89.13999938964844,89.80999755859375,48.10767364501953,964600,
2006-11-01,89.61000061035156,90.12000274658203,89.44999694824219,89.95999908447266,48.37385177612305,1440100,"{""dividend_amount"": 0.345}"
2006-11-02,89.62999725341797,89.7699966430664,89.4800033569336,89.58999633789062,48.17489242553711,853300,
2006-11-03,88.66999816894531,88.83999633789062,88.30000305175781,88.52999877929688,47.60490417480469,1534100,
2006-11-06,88.3499984741211,88.79000091552734,88.3499984741211,88.79000091552734,47.74467849731445,528000,
2006-11-07,89.27999877929688,89.51000213623047,89.12000274658203,89.19999694824219,47.96519470214844,525900,
2006-11-08,89.23999786376953,89.5199966430664,89.08999633789062,89.5199966430664,48.13724899291992,706300,
2006-11-09,89.47000122070312,89.58999633789062,89.37999725341797,89.47000122070312,48.110355377197266,729600,
2006-11-10,89.6500015258789,90.04000091552734,89.6500015258789,89.86000061035156,48.32002258300781,738100,
2006-11-13,89.83999633789062,89.83999633789062,89.47000122070312,89.83999633789062,48.30931854248047,462400,
2006-11-14,90.33999633789062,90.38999938964844,90.12000274658203,90.19000244140625,48.497520446777344,916400,
2006-11-15,90.05000305175781,90.05000305175781,89.73999786376953,89.8499984741211,48.314674377441406,1803200,
2006-11-16,90.0,90.05000305175781,89.27999877929688,89.44000244140625,48.09421157836914,1494400,
2006-11-17,89.55999755859375,90.22000122070312,89.51000213623047,89.94999694824219,48.368438720703125,1752000,
2006-11-20,90.0,90.12000274658203,89.86000061035156,90.08999633789062,48.4437141418457,857200,
2006-11-21,90.13999938964844,90.38999938964844,89.95999908447266,90.30999755859375,48.56205749511719,605100,
2006-11-22,90.36000061035156,90.51000213623047,90.2699966430664,90.45999908447266,48.6427116394043,770300,
2006-11-24,90.75,90.9000015258789,90.62000274658203,90.62000274658203,48.728721618652344,533400,
2006-11-27,90.2300033569336,90.94999694824219,90.12000274658203,90.94999694824219,48.90620422363281,784500,
2006-11-28,91.23999786376953,91.25,90.76000213623047,91.13999938964844,49.00837326049805,1466300,
2006-11-29,91.30000305175781,91.36000061035156,90.91000366210938,90.93000030517578,48.89542770385742,1206400,
2006-11-30,91.2699966430664,91.62999725341797,91.13999938964844,91.52999877929688,49.21807098388672,1428600,
2006-12-01,91.27999877929688,91.80000305175781,91.1500015258789,91.41999816894531,49.343257904052734,1156000,"{""dividend_amount"": 0.342}"
2006-12-04,91.30000305175781,91.62000274658203,91.22000122070312,91.58000183105469,49.42964172363281,460700,
2006-12-05,91.36000061035156,91.5199966430664,91.0,91.1500015258789,49.197574615478516,1833700,
2006-12-06,91.02999877929688,91.18000030517578,90.88999938964844,90.97000122070312,49.10041046142578,936100,
2006-12-07,90.98999786376953,91.08999633789062,90.75,90.9000015258789,49.062660217285156,739200,
2006-12-08,90.8499984741211,90.97000122070312,90.19000244140625,90.23999786376953,48.70640182495117,2090300,
2006-12-11,90.62999725341797,90.73999786376953,90.51000213623047,90.62999725341797,48.91691207885742,727700,
2006-12-12,90.7300033569336,90.97000122070312,90.44999694824219,90.81999969482422,49.01947021484375,802800,
2006-12-13,90.30999755859375,90.3499984741211,89.81999969482422,90.01000213623047,48.582244873046875,1217900,
2006-12-14,89.81999969482422,89.9000015258789,89.5999984741211,89.68000030517578,48.404117584228516,687600,
2006-12-15,90.58000183105469,90.66000366210938,89.5999984741211,89.7300033569336,48.43113327026367,1162100,
2006-12-18,89.72000122070312,89.83999633789062,89.58999633789062,89.76000213623047,48.44733428955078,441400,
2006-12-19,89.51000213623047,89.80999755859375,89.51000213623047,89.63999938964844,48.382545471191406,930700,
2006-12-20,89.6500015258789,89.68000030517578,89.55000305175781,89.62999725341797,48.37712097167969,336800,
2006-12-21,89.70999908447266,90.19000244140625,89.5999984741211,90.08000183105469,48.62004852294922,770700,
2006-12-22,89.83000183105469,89.8499984741211,89.20999908447266,89.38999938964844,48.2475700378418,1433200,
2006-12-26,89.44999694824219,89.69000244140625,89.36000061035156,89.66000366210938,48.393333435058594,496200,
2006-12-27,89.27999877929688,89.33000183105469,88.69999694824219,88.69999694824219,48.03751754760742,840700,"{""dividend_amount"": 0.303}"
2006-12-28,88.9000015258789,88.95999908447266,88.05999755859375,88.5,47.929195404052734,1080200,
2006-12-29,88.3499984741211,88.55000305175781,88.20999908447266,88.43000030517578,47.89129638671875,775500,
2007-01-03,89.22000122070312,89.45999908447266,88.66000366210938,89.05999755859375,48.23252487182617,1870400,
2007-01-04,89.22000122070312,89.6500015258789,89.22000122070312,89.5999984741211,48.52493667602539,1697000,
2007-01-05,88.80000305175781,89.4000015258789,88.75,89.20999908447266,48.31370544433594,1298400,
2007-01-08,89.12000274658203,89.37000274658203,89.05000305175781,89.37000274658203,48.40037536621094,414200,
2007-01-09,89.4800033569336,89.4800033569336,89.22000122070312,89.37000274658203,48.40037536621094,481500,
2007-01-10,89.06999969482422,89.12999725341797,88.87999725341797,88.97000122070312,48.18372344970703,519600,
2007-01-11,88.79000091552734,88.80000305175781,88.26000213623047,88.44999694824219,47.902156829833984,1293500,
2007-01-12,88.1500015258789,88.83999633789062,87.9000015258789,88.04000091552734,47.68010711669922,846300,
2007-01-16,88.2300033569336,88.23999786376953,88.02999877929688,88.2300033569336,47.782989501953125,702800,
2007-01-17,88.20999908447266,88.2699966430664,87.81999969482422,87.95999908447266,47.63675308227539,724200,
2007-01-18,87.94000244140625,88.27999877929688,87.77999877929688,88.2300033569336,47.782989501953125,918300,
2007-01-19,88.1500015258789,88.1500015258789,87.87000274658203,87.98999786376953,47.65303039550781,882500,
2007-01-22,88.1500015258789,88.33000183105469,88.12000274658203,88.19999694824219,47.76671600341797,432000,
2007-01-23,88.0199966430664,88.05000305175781,87.56999969482422,87.62000274658203,47.45259475708008,1096800,
2007-01-24,87.66000366210938,87.69999694824219,87.5,87.61000061035156,47.447181701660156,463700,
2007-01-25,87.44999694824219,87.47000122070312,86.87999725341797,86.9800033569336,47.10603332519531,1397000,
2007-01-26,86.77999877929688,87.08000183105469,86.6500015258789,86.91000366210938,47.068119049072266,1576800,
2007-01-29,87.05999755859375,87.0999984741211,86.5999984741211,86.72000122070312,46.965240478515625,1015300,
2007-01-30,86.88999938964844,86.91000366210938,86.76000213623047,86.81999969482422,47.019371032714844,1295100,
2007-01-31,86.69999694824219,87.61000061035156,86.69999694824219,87.55000305175781,47.41470718383789,2078000,
2007-02-01,87.6500015258789,87.76000213623047,87.0,87.08999633789062,47.35758590698242,986200,"{""dividend_amount"": 0.355}"
2007-02-02,87.08000183105469,87.38999938964844,87.08000183105469,87.19999694824219,47.41743087768555,814700,
2007-02-05,87.4000015258789,87.45999908447266,87.16000366210938,87.31999969482422,47.482704162597656,395500,
2007-02-06,87.19999694824219,87.83000183105469,87.16000366210938,87.80000305175781,47.74372100830078,770500,
2007-02-07,87.9000015258789,88.12000274658203,87.83999633789062,88.05999755859375,47.885074615478516,836200,
2007-02-08,87.98999786376953,88.30999755859375,87.91000366210938,88.12999725341797,47.92311477661133,980200,
2007-02-09,87.88999938964844,87.91999816894531,87.55000305175781,87.62999725341797,47.651241302490234,878300,
2007-02-12,87.48999786376953,87.6500015258789,87.33000183105469,87.43000030517578,47.54253005981445,467600,
2007-02-13,87.48999786376953,87.48999786376953,87.19999694824219,87.23999786376953,47.439151763916016,1310600,
2007-02-14,87.5199966430664,88.19000244140625,87.5199966430664,88.06999969482422,47.8905029296875,2262500,
2007-02-15,88.52999877929688,88.58000183105469,88.33000183105469,88.33000183105469,48.03192138671875,893800,
2007-02-16,88.58999633789062,88.72000122070312,88.4800033569336,88.63999938964844,48.200443267822266,1476700,
2007-02-20,88.5,88.8499984741211,88.5,88.83999633789062,48.30921936035156,847400,
2007-02-21,88.52999877929688,88.69999694824219,88.4800033569336,88.69000244140625,48.22767639160156,379800,
2007-02-22,88.41000366210938,88.44999694824219,88.08999633789062,88.20999908447266,47.96665573120117,485200,
2007-02-23,88.52999877929688,88.94000244140625,88.48999786376953,88.83999633789062,48.30921936035156,735700,
2007-02-26,89.1500015258789,89.44000244140625,89.11000061035156,89.43000030517578,48.63007736206055,763400,
2007-02-27,89.73999786376953,91.26000213623047,89.5999984741211,90.55999755859375,49.24451446533203,3243200,
2007-02-28,90.16000366210938,90.47000122070312,89.88999938964844,90.1500015258789,49.02156448364258,1701900,
2007-03-01,90.27999877929688,90.43000030517578,89.6500015258789,89.75,48.990478515625,2423900,"{""dividend_amount"": 0.343}"
2007-03-02,89.95999908447266,90.4800033569336,89.66999816894531,90.19999694824219,49.236083984375,1619800,
2007-03-05,90.4800033569336,90.5,90.05999755859375,90.3499984741211,49.3179931640625,1505200,
2007-03-06,90.05999755859375,90.36000061035156,89.98999786376953,90.08000183105469,49.170589447021484,837400,
2007-03-07,90.08000183105469,90.5,89.9800033569336,90.43000030517578,49.36163330078125,915400,
2007-03-08,90.29000091552734,90.41999816894531,90.11000061035156,90.3499984741211,49.3179931640625,574700,
2007-03-09,89.37999725341797,89.9000015258789,89.19000244140625,89.4000015258789,48.79939651489258,1534700,
2007-03-12,89.7300033569336,89.9800033569336,89.68000030517578,89.75,48.990478515625,594400,
2007-03-13,90.2300033569336,90.33999633789062,89.9800033569336,90.29000091552734,49.285213470458984,553800,
2007-03-14,90.1500015258789,90.54000091552734,89.83999633789062,89.87999725341797,49.061431884765625,1698100,
2007-03-15,89.76000213623047,89.95999908447266,89.66999816894531,89.87000274658203,49.05596160888672,394900,
2007-03-16,89.66999816894531,89.91999816894531,89.6500015258789,89.8499984741211,49.0450553894043,623800,
2007-03-19,89.58000183105469,89.69999694824219,89.5199966430664,89.66000366210938,48.94132995605469,693900,
2007-03-20,89.91000366210938,89.94999694824219,89.69000244140625,89.70999908447266,48.968658447265625,768400,
2007-03-21,89.37999725341797,90.08999633789062,88.69000244140625,89.75,48.990478515625,1513400,
2007-03-22,89.4800033569336,89.4800033569336,88.83000183105469,89.04000091552734,48.602928161621094,1484300,
2007-03-23,89.19000244140625,89.19999694824219,88.77999877929688,88.79000091552734,48.46642303466797,1679700,
2007-03-26,88.62000274658203,89.2699966430664,88.5,88.9000015258789,48.52651596069336,763600,
2007-03-27,88.63999938964844,88.80999755859375,88.55999755859375,88.75,48.444610595703125,619800,
2007-03-28,88.91000366210938,89.11000061035156,88.41000366210938,88.56999969482422,48.34635543823242,816900,
2007-03-29,88.54000091552734,88.66999816894531,88.31999969482422,88.44999694824219,48.280879974365234,823000,
2007-03-30,88.6500015258789,88.91999816894531,88.22000122070312,88.27999877929688,48.18804168701172,2015100,
2007-04-02,88.11000061035156,88.22000122070312,88.01000213623047,88.0999984741211,48.26805877685547,579600,"{""dividend_amount"": 0.326}"
2007-04-03,88.0199966430664,88.16999816894531,87.9800033569336,87.98999786376953,48.207820892333984,617000,
2007-04-04,88.16999816894531,88.33999633789062,87.9000015258789,88.08000183105469,48.25710678100586,576900,
2007-04-05,88.0999984741211,88.12000274658203,87.70999908447266,87.75,48.0762939453125,436400,
2007-04-09,87.27999877929688,87.30999755859375,87.12999725341797,87.16999816894531,47.75852584838867,1283900,
2007-04-10,87.38999938964844,87.55000305175781,87.30999755859375,87.43000030517578,47.90100860595703,674400,
2007-04-11,87.47000122070312,87.58000183105469,87.27999877929688,87.37000274658203,47.868106842041016,476200,
2007-04-12,87.5,87.56999969482422,87.27999877929688,87.38999938964844,47.879093170166016,495100,
2007-04-13,87.41000366210938,87.47000122070312,87.01000213623047,87.12000274658203,47.73114013671875,557800,
2007-04-16,87.4000015258789,87.68000030517578,87.4000015258789,87.5999984741211,47.99410629272461,833600,
2007-04-17,87.88999938964844,88.16000366210938,87.83999633789062,88.08999633789062,48.26254653930664,1254200,
2007-04-18,88.37000274658203,88.55999755859375,88.36000061035156,88.52999877929688,48.50363540649414,450800,
2007-04-19,88.66000366210938,88.70999908447266,88.19999694824219,88.37999725341797,48.42147445678711,1305900,
2007-04-20,88.44999694824219,88.44999694824219,88.05999755859375,88.1500015258789,48.29542541503906,664500,
2007-04-23,88.13999938964844,88.58999633789062,88.04000091552734,88.47000122070312,48.47077941894531,419000,
2007-04-24,88.44999694824219,88.81999969482422,88.44999694824219,88.80000305175781,48.651580810546875,881300,
2007-04-25,88.56999969482422,88.79000091552734,88.11000061035156,88.48999786376953,48.481719970703125,569000,
2007-04-26,88.43000030517578,88.43000030517578,87.8499984741211,87.8499984741211,48.131065368652344,2048400,
2007-04-27,88.01000213623047,88.05000305175781,87.77999877929688,87.83000183105469,48.1201057434082,428700,
2007-04-30,88.33000183105469,88.75,88.25,88.75,48.62417984008789,485700,
2007-05-01,88.58000183105469,88.63999938964844,88.11000061035156,88.48999786376953,48.659385681152344,487200,"{""dividend_amount"": 0.324}"
2007-05-02,88.44000244140625,88.4800033569336,88.29000091552734,88.44000244140625,48.631839752197266,443900,
2007-05-03,88.37000274658203,88.37000274658203,88.01000213623047,88.23999786376953,48.52188491821289,427000,
2007-05-04,88.5199966430664,88.63999938964844,88.5,88.5999984741211,48.71988296508789,262000,
2007-05-07,88.69999694824219,88.8499984741211,88.66999816894531,88.83999633789062,48.851802825927734,210200,
2007-05-08,89.01000213623047,89.01000213623047,88.63999938964844,88.63999938964844,48.74182891845703,488400,
2007-05-09,88.6500015258789,88.66000366210938,88.26000213623047,88.29000091552734,48.54937744140625,634900,
2007-05-10,88.4000015258789,88.58999633789062,88.30999755859375,88.5,48.66483688354492,519500,
2007-05-11,88.63999938964844,88.69999694824219,88.12999725341797,88.19000244140625,48.49440002441406,1238400,
2007-05-14,88.2300033569336,88.27999877929688,87.95999908447266,87.95999908447266,48.36792755126953,315200,
2007-05-15,88.19000244140625,88.20999908447266,87.66000366210938,87.93000030517578,48.3514289855957,382400,
2007-05-16,87.86000061035156,88.0,87.83000183105469,87.87000274658203,48.31843948364258,599500,
2007-05-17,87.5999984741211,87.72000122070312,87.41000366210938,87.51000213623047,48.12049102783203,397000,
2007-05-18,87.3499984741211,87.5,86.87999725341797,86.93000030517578,47.80155563354492,856500,
2007-05-21,86.93000030517578,87.23999786376953,86.83000183105469,87.19000244140625,47.944541931152344,821100,
2007-05-22,87.18000030517578,87.19999694824219,86.68000030517578,86.73999786376953,47.69704055786133,920200,
2007-05-23,86.83999633789062,86.83999633789062,86.30999755859375,86.48999786376953,47.5595817565918,914500,
2007-05-24,86.45999908447266,86.58999633789062,85.95999908447266,86.56999969482422,47.603607177734375,1598200,
2007-05-25,86.4000015258789,86.61000061035156,86.33000183105469,86.37000274658203,47.493595123291016,754900,
2007-05-29,86.51000213623047,86.56999969482422,85.83000183105469,86.36000061035156,47.4881477355957,1055700,
2007-05-30,86.79000091552734,86.79000091552734,86.38999938964844,86.54000091552734,47.58708190917969,612000,
2007-05-31,86.55999755859375,86.58000183105469,86.04000091552734,86.37999725341797,47.49911117553711,1725900,
2007-06-01,85.9000015258789,86.83999633789062,85.54000091552734,85.58999633789062,47.249595642089844,1694300,"{""dividend_amount"": 0.338}"
2007-06-04,85.83000183105469,86.0199966430664,85.66999816894531,85.9800033569336,47.464881896972656,877700,
2007-06-05,85.88999938964844,85.94000244140625,85.37999725341797,85.44000244140625,47.16679382324219,1145400,
2007-06-06,85.36000061035156,85.54000091552734,85.26000213623047,85.4000015258789,47.14469909667969,1129200,
2007-06-07,84.62999725341797,84.70999908447266,83.7300033569336,83.87000274658203,46.300086975097656,5010400,
2007-06-08,83.61000061035156,84.12000274658203,83.36000061035156,83.80000305175781,46.26140594482422,5307600,
2007-06-11,83.48999786376953,83.88999938964844,83.26000213623047,83.55999755859375,46.12892150878906,2043800,
2007-06-12,82.91000366210938,83.41999816894531,82.19999694824219,82.3499984741211,45.4609260559082,9043900,
2007-06-13,82.69999694824219,83.76000213623047,82.6500015258789,83.33000183105469,46.00196838378906,8751200,
2007-06-14,83.13999938964844,83.70999908447266,83.05000305175781,83.12000274658203,45.88600158691406,3384700,
2007-06-15,83.41999816894531,83.7300033569336,83.19999694824219,83.69000244140625,46.20070266723633,5827200,
2007-06-18,83.62999725341797,83.6500015258789,82.23999786376953,83.5199966430664,46.106834411621094,17704600,
2007-06-19,83.81999969482422,84.44999694824219,83.72000122070312,84.30000305175781,46.53741455078125,4620100,
2007-06-20,84.0199966430664,84.08000183105469,83.58999633789062,83.62000274658203,46.16206359863281,3031700,
2007-06-21,83.54000091552734,83.69999694824219,83.20999908447266,83.22000122070312,45.94120407104492,850400,
2007-06-22,83.05000305175781,83.7699966430664,82.94999694824219,83.76000213623047,46.23930358886719,2118900,
2007-06-25,84.1500015258789,84.3499984741211,83.95999908447266,84.22000122070312,46.49330139160156,1323500,
2007-06-26,84.29000091552734,84.31999969482422,83.97000122070312,84.23999786376953,46.504295349121094,2187800,
2007-06-27,84.61000061035156,84.73999786376953,84.19999694824219,84.31999969482422,46.54848098754883,6109300,
2007-06-28,84.31999969482422,84.58000183105469,84.18000030517578,84.30000305175781,46.53741455078125,3612500,
2007-06-29,84.8499984741211,85.30000305175781,84.63999938964844,85.16999816894531,47.017723083496094,1962200,
2007-07-02,84.80999755859375,85.37000274658203,84.80999755859375,85.29000091552734,47.264892578125,2811700,"{""dividend_amount"": 0.326}"
2007-07-03,85.25,85.33999633789062,84.70999908447266,84.7699966430664,46.97669982910156,1387500,
2007-07-05,84.30999755859375,84.41999816894531,83.72000122070312,83.81999969482422,46.45024871826172,4586800,
2007-07-06,83.54000091552734,83.55000305175781,83.27999877929688,83.4800033569336,46.26185607910156,1437800,
2007-07-09,83.87000274658203,83.93000030517578,83.68000030517578,83.77999877929688,46.428104400634766,795400,
2007-07-10,84.4800033569336,85.19999694824219,84.43000030517578,85.19999694824219,47.21499252319336,2258000,
2007-07-11,84.94999694824219,85.08999633789062,84.31999969482422,84.31999969482422,46.727333068847656,1191300,
2007-07-12,84.55000305175781,84.58000183105469,83.87000274658203,84.02999877929688,46.566654205322266,1941200,
2007-07-13,84.44999694824219,84.55000305175781,83.94000244140625,84.26000213623047,46.69411087036133,725900,
2007-07-16,84.5199966430664,85.11000061035156,84.5199966430664,85.06999969482422,47.1429557800293,952000,
2007-07-17,84.86000061035156,85.08999633789062,84.5,84.88999938964844,47.043212890625,734200,
2007-07-18,84.93000030517578,85.54000091552734,84.80999755859375,85.20999908447266,47.220550537109375,1836800,
2007-07-19,84.9000015258789,85.26000213623047,84.80000305175781,85.19000244140625,47.20943832397461,1021000,
2007-07-20,85.37999725341797,86.08000183105469,85.31999969482422,85.95999908447266,47.63615417480469,1459900,
2007-07-23,85.69000244140625,85.97000122070312,85.69000244140625,85.81999969482422,47.558589935302734,777900,
2007-07-24,86.01000213623047,86.16000366210938,85.72000122070312,86.13999938964844,47.735958099365234,1351600,
2007-07-25,86.06999969482422,86.38999938964844,86.0,86.30999755859375,47.83009719848633,881100,
2007-07-26,86.73999786376953,87.45999908447266,86.6500015258789,87.02999877929688,48.22915267944336,2866400,
2007-07-27,87.05000305175781,87.55999755859375,86.8499984741211,87.27999877929688,48.367652893066406,5367800,
2007-07-30,87.19000244140625,87.36000061035156,86.91000366210938,87.02999877929688,48.22915267944336,1803900,
2007-07-31,87.12999725341797,87.75,86.94999694824219,87.66000366210938,48.57826614379883,2467600,
2007-08-01,87.26000213623047,87.54000091552734,87.08999633789062,87.12999725341797,48.47315216064453,2154700,"{""dividend_amount"": 0.341}"
2007-08-02,87.20999908447266,87.44999694824219,86.98999786376953,87.3499984741211,48.59550094604492,2079400,
2007-08-03,87.27999877929688,87.93000030517578,87.27999877929688,87.93000030517578,48.91819381713867,1577600,
2007-08-06,87.69999694824219,87.72000122070312,87.16999816894531,87.29000091552734,48.56211853027344,1298400,
2007-08-07,87.43000030517578,87.70999908447266,86.91999816894531,87.22000122070312,48.523189544677734,1890800,
2007-08-08,86.88999938964844,86.88999938964844,85.86000061035156,86.16000366210938,47.9334831237793,6453000,
2007-08-09,86.75,86.86000061035156,85.72000122070312,86.27999877929688,48.00018310546875,2637500,
2007-08-10,86.48999786376953,86.69999694824219,85.9800033569336,86.08000183105469,47.88892364501953,1496400,
2007-08-13,85.91999816894531,86.4000015258789,85.9000015258789,86.33000183105469,48.02799987792969,1312600,
2007-08-14,86.0199966430664,86.77999877929688,86.01000213623047,86.55999755859375,48.15602111816406,1314700,
2007-08-15,86.6500015258789,86.75,86.25,86.25,47.983543395996094,1101700,
2007-08-16,86.87000274658203,87.5999984741211,86.76000213623047,87.13999938964844,48.47869110107422,2410200,
2007-08-17,86.4000015258789,86.91000366210938,86.05000305175781,86.79000091552734,48.283939361572266,2114400,
2007-08-20,86.95999908447266,87.2699966430664,86.83000183105469,86.83999633789062,48.311790466308594,1048700,
2007-08-21,87.0999984741211,87.41000366210938,87.05000305175781,87.26000213623047,48.54544448852539,1517200,
2007-08-22,87.05000305175781,87.30999755859375,86.80999755859375,87.12000274658203,48.467525482177734,1137800,
2007-08-23,87.08999633789062,87.68000030517578,87.02999877929688,87.41999816894531,48.63445281982422,1618800,
2007-08-24,87.7699966430664,88.08000183105469,87.55999755859375,87.8499984741211,48.87367248535156,1614600,
2007-08-27,88.27999877929688,88.4800033569336,88.1500015258789,88.30999755859375,49.12958526611328,1585400,
2007-08-28,88.43000030517578,88.73999786376953,88.27999877929688,88.45999908447266,49.213043212890625,1298900,
2007-08-29,88.48999786376953,88.7699966430664,88.16000366210938,88.22000122070312,49.079505920410156,2686700,
2007-08-30,88.61000061035156,88.95999908447266,88.47000122070312,88.80999755859375,49.40772247314453,1806800,
2007-08-31,88.58999633789062,89.19999694824219,88.54000091552734,88.87999725341797,49.446678161621094,2763200,
2007-09-04,88.83000183105469,89.12999725341797,88.19999694824219,88.55999755859375,49.47014617919922,931000,"{""dividend_amount"": 0.362}"
2007-09-05,88.76000213623047,89.3499984741211,88.72000122070312,89.2699966430664,49.86675262451172,1271500,
2007-09-06,89.30999755859375,89.48999786376953,88.94999694824219,89.04000091552734,49.738250732421875,1768400,
2007-09-07,89.75,90.5,89.69000244140625,90.30000305175781,50.4421272277832,2852200,
2007-09-10,90.5,91.2699966430664,90.5,91.0,50.83315658569336,2495200,
2007-09-11,90.87999725341797,91.2699966430664,90.69999694824219,90.93000030517578,50.79405212402344,3925400,
2007-09-12,90.9000015258789,90.94000244140625,90.41999816894531,90.58999633789062,50.604103088378906,4458300,
2007-09-13,90.30000305175781,90.33000183105469,89.58000183105469,89.77999877929688,50.15165328979492,2020600,
2007-09-14,90.58000183105469,90.58999633789062,89.62000274658203,89.91000366210938,50.224281311035156,1357200,
2007-09-17,89.81999969482422,90.38999938964844,89.76000213623047,90.33999633789062,50.464473724365234,1285400,
2007-09-18,89.80000305175781,90.23999786376953,89.0,89.66000366210938,50.08460235595703,3132800,
2007-09-19,88.70999908447266,89.01000213623047,88.37000274658203,88.83000183105469,49.62095642089844,3854700,
2007-09-20,88.18000030517578,88.29000091552734,87.0999984741211,87.1500015258789,48.682498931884766,5903200,
2007-09-21,87.58000183105469,88.12999725341797,87.58000183105469,87.88999938964844,49.095916748046875,2217600,
2007-09-24,88.02999877929688,88.27999877929688,87.91000366210938,88.13999938964844,49.23552703857422,1943600,
2007-09-25,88.5,88.62000274658203,87.83000183105469,87.83000183105469,49.06233215332031,2513500,
2007-09-26,87.62000274658203,88.12999725341797,87.43000030517578,87.91000366210938,49.1070556640625,2646400,
2007-09-27,88.23999786376953,88.77999877929688,88.1500015258789,88.5199966430664,49.447818756103516,1802900,
2007-09-28,89.16000366210938,89.33000183105469,88.22000122070312,88.72000122070312,49.55950927734375,1254700,
2007-10-01,88.69000244140625,88.9800033569336,88.43000030517578,88.87999725341797,49.84272384643555,1399400,"{""dividend_amount"": 0.345}"
2007-10-02,88.75,89.37000274658203,88.68000030517578,89.16000366210938,49.99974822998047,887800,
2007-10-03,89.33000183105469,89.43000030517578,88.7300033569336,88.9000015258789,49.853946685791016,1164600,
2007-10-04,89.01000213623047,89.31999969482422,88.91000366210938,89.23999786376953,50.04460144042969,1128700,
2007-10-05,88.30999755859375,88.44000244140625,87.70999908447266,88.27999877929688,49.506256103515625,2184700,
2007-10-08,87.7699966430664,88.5,87.7699966430664,88.20999908447266,49.46698760986328,280100,
2007-10-09,88.16000366210938,88.36000061035156,87.77999877929688,88.0999984741211,49.40532302856445,901000,
2007-10-10,87.9800033569336,88.43000030517578,87.79000091552734,88.1500015258789,49.43334197998047,855500,
2007-10-11,87.5199966430664,88.08999633789062,87.44999694824219,88.05999755859375,49.38289260864258,1533400,
2007-10-12,87.5199966430664,88.18000030517578,87.4800033569336,87.62999725341797,49.141746520996094,1133900,
2007-10-15,87.4800033569336,87.72000122070312,87.4000015258789,87.6500015258789,49.1529426574707,553300,
2007-10-16,87.6500015258789,87.9800033569336,87.54000091552734,87.68000030517578,49.169795989990234,855500,
2007-10-17,87.7699966430664,88.94999694824219,87.7699966430664,88.63999938964844,49.70808792114258,2377000,
2007-10-18,89.11000061035156,89.33999633789062,89.0199966430664,89.12999725341797,49.98290252685547,1374100,
2007-10-19,89.62999725341797,90.5999984741211,89.61000061035156,90.45999908447266,50.728763580322266,2561800,
2007-10-22,90.58000183105469,90.6500015258789,90.06999969482422,90.47000122070312,50.734397888183594,1866500,
2007-10-23,90.26000213623047,90.5199966430664,90.0999984741211,90.3499984741211,50.66706085205078,1046600,
2007-10-24,90.70999908447266,91.38999938964844,90.55999755859375,91.0199966430664,51.04279327392578,2829300,
2007-10-25,91.05999755859375,91.18000030517578,90.69999694824219,90.70999908447266,50.868980407714844,3062200,
2007-10-26,90.37000274658203,91.0,90.33999633789062,90.5,50.75117111206055,1366500,
2007-10-29,90.5,90.98999786376953,90.4800033569336,90.8499984741211,50.94746398925781,881000,
2007-10-30,90.7300033569336,91.01000213623047,90.41999816894531,90.80000305175781,50.919410705566406,1439600,
2007-10-31,90.5,90.69999694824219,89.75,89.9800033569336,50.4595947265625,2498500,
2007-11-01,89.95999908447266,91.01000213623047,89.95999908447266,90.75,51.11516571044922,2563400,"{""dividend_amount"": 0.394}"
2007-11-02,90.44999694824219,91.54000091552734,90.20999908447266,91.04000091552734,51.27857971191406,1927700,
2007-11-05,91.16000366210938,91.38999938964844,90.80000305175781,91.0,51.25601577758789,1021500,
2007-11-06,90.5999984741211,91.1500015258789,90.4800033569336,90.55999755859375,51.008216857910156,575800,
2007-11-07,90.54000091552734,90.76000213623047,90.31999969482422,90.72000122070312,51.098323822021484,1456100,
2007-11-08,90.6500015258789,90.94000244140625,90.43000030517578,90.55999755859375,51.008216857910156,2179600,
2007-11-09,91.04000091552734,91.58999633789062,90.93000030517578,91.33000183105469,51.44190979003906,887200,
2007-11-12,91.98999786376953,91.98999786376953,91.3499984741211,91.66000366210938,51.627784729003906,460600,
2007-11-13,91.41999816894531,91.48999786376953,91.16999816894531,91.31999969482422,51.43631362915039,1116600,
2007-11-14,90.94999694824219,91.51000213623047,90.91999816894531,91.41999816894531,51.49259567260742,684400,
2007-11-15,91.61000061035156,92.55999755859375,91.48999786376953,92.27999877929688,51.97699737548828,1312900,
2007-11-16,92.2699966430664,92.69999694824219,92.20999908447266,92.41000366210938,52.05024719238281,1333800,
2007-11-19,92.54000091552734,93.41999816894531,92.41000366210938,93.01000213623047,52.3881721496582,1343900,
2007-11-20,93.08999633789062,93.29000091552734,92.80000305175781,92.91000366210938,52.33182907104492,1367800,
2007-11-21,93.4000015258789,93.58000183105469,93.23999786376953,93.44999694824219,52.6359977722168,1297800,
2007-11-23,93.44000244140625,93.80000305175781,93.30999755859375,93.7300033569336,52.79371643066406,437400,
2007-11-26,94.22000122070312,96.36000061035156,94.12000274658203,95.58000183105469,53.83573913574219,4427000,
2007-11-27,94.95999908447266,95.25,93.98999786376953,94.66999816894531,53.32314682006836,3100300,
2007-11-28,94.55999755859375,94.69000244140625,93.83999633789062,94.02999877929688,52.962684631347656,2088100,
2007-11-29,94.81999969482422,95.41999816894531,94.66000366210938,94.83999633789062,53.41892623901367,1594500,
2007-11-30,93.87999725341797,94.38999938964844,93.73999786376953,94.37999725341797,53.15985107421875,1952100,
2007-12-03,94.76000213623047,95.0999984741211,94.27999877929688,94.75,53.58171844482422,1272700,"{""dividend_amount"": 0.376}"
2007-12-04,94.9000015258789,95.05999755859375,94.1500015258789,94.73999786376953,53.576072692871094,1721200,
2007-12-05,94.22000122070312,94.47000122070312,93.55999755859375,93.61000061035156,52.9370231628418,1866000,
2007-12-06,93.31999969482422,93.33999633789062,92.54000091552734,92.79000091552734,52.473289489746094,2270200,
2007-12-07,92.18000030517578,92.3499984741211,91.37999725341797,91.75,51.88515090942383,2171000,
2007-12-10,91.63999938964844,91.69000244140625,90.75,91.19999694824219,51.57413101196289,2242500,
2007-12-11,91.7300033569336,93.2300033569336,91.58000183105469,92.98999786376953,52.5864143371582,2892400,
2007-12-12,91.44999694824219,92.6500015258789,91.2699966430664,92.02999877929688,52.04350280761719,2225400,
2007-12-13,91.61000061035156,91.81999969482422,90.9000015258789,91.02999877929688,51.4780387878418,1222100,
2007-12-14,90.79000091552734,90.91999816894531,90.5,90.61000061035156,51.24051284790039,1354900,
2007-12-17,91.06999969482422,91.54000091552734,90.93000030517578,91.41999816894531,51.698551177978516,2046200,
2007-12-18,91.58999633789062,92.30000305175781,91.55000305175781,92.01000213623047,52.03217315673828,1417100,
2007-12-19,92.4000015258789,93.55999755859375,91.87999725341797,93.2300033569336,52.722129821777344,2252400,
2007-12-20,93.26000213623047,93.87000274658203,93.0199966430664,93.02999877929688,52.6090202331543,1659400,
2007-12-21,92.9000015258789,92.91999816894531,91.66000366210938,91.66999816894531,51.839935302734375,1767600,
2007-12-24,91.22000122070312,91.47000122070312,91.08000183105469,91.23999786376953,51.59678268432617,550300,
2007-12-26,91.0199966430664,91.62999725341797,90.27999877929688,90.44000244140625,51.144378662109375,674700,
2007-12-27,90.87999725341797,91.16000366210938,90.51000213623047,91.05999755859375,51.701904296875,468600,"{""dividend_amount"": 0.362}"
2007-12-28,91.6500015258789,92.58000183105469,91.5,92.4800033569336,52.50813674926758,1967800,
2007-12-31,92.77999877929688,93.27999877929688,92.5999984741211,93.04000091552734,52.82614517211914,1647600,
2008-01-02,93.25,94.7300033569336,93.19999694824219,94.37999725341797,53.586936950683594,2959600,
2008-01-03,94.0,94.37999725341797,93.66999816894531,94.25,53.51315689086914,1256700,
2008-01-04,94.5,94.79000091552734,94.19999694824219,94.2699966430664,53.52446365356445,2420200,
2008-01-07,94.18000030517578,94.77999877929688,94.02999877929688,94.68000030517578,53.757301330566406,1315500,
2008-01-08,94.44000244140625,94.70999908447266,93.93000030517578,94.56999969482422,53.694847106933594,1604800,
2008-01-09,94.79000091552734,95.30000305175781,94.62000274658203,94.75,53.79701614379883,2203500,
2008-01-10,94.87000274658203,94.94999694824219,93.30999755859375,93.47000122070312,53.07026672363281,2681800,
2008-01-11,93.5199966430664,94.27999877929688,93.4000015258789,94.19999694824219,53.484779357910156,1872900,
2008-01-14,94.19999694824219,94.55000305175781,94.0,94.55000305175781,53.68348693847656,906100,
2008-01-15,95.16000366210938,95.62999725341797,95.06999969482422,95.61000061035156,54.285316467285156,1435300,
2008-01-16,95.68000030517578,95.88999938964844,94.7300033569336,94.91999816894531,53.89350128173828,3505100,
2008-01-17,94.95999908447266,96.29000091552734,94.93000030517578,96.1500015258789,54.59196853637695,2940500,
2008-01-18,95.55000305175781,95.7699966430664,95.22000122070312,95.48999786376953,54.21717834472656,2676800,
2008-01-22,96.41000366210938,96.62000274658203,95.30000305175781,96.51000213623047,54.796329498291016,5423500,
2008-01-23,97.9800033569336,98.16000366210938,95.87999725341797,96.29000091552734,54.67137908935547,7636600,
2008-01-24,95.55000305175781,95.75,94.33999633789062,94.36000061035156,53.57561111450195,5676700,
2008-01-25,94.19000244140625,96.0,94.12999725341797,95.94999694824219,54.47835922241211,4371100,
2008-01-28,95.68000030517578,96.0,95.36000061035156,95.58999633789062,54.27397537231445,1633500,
2008-01-29,95.27999877929688,95.31999969482422,94.58000183105469,94.94000244140625,53.9049186706543,3100200,
2008-01-30,94.69000244140625,94.7699966430664,93.58999633789062,94.31999969482422,53.552886962890625,3468000,
2008-01-31,95.30000305175781,95.43000030517578,94.62999725341797,94.98999786376953,53.93330383300781,11441000,
2008-02-01,95.0,95.4000015258789,94.55999755859375,95.2300033569336,54.257511138916016,4163700,"{""dividend_amount"": 0.329}"
2008-02-04,94.38999938964844,94.66000366210938,94.12999725341797,94.25,53.69915008544922,1729600,
2008-02-05,95.41000366210938,95.61000061035156,94.7699966430664,94.97000122070312,54.10931396484375,2594600,
2008-02-06,94.62999725341797,94.8499984741211,94.36000061035156,94.68000030517578,53.94412612915039,1339800,
2008-02-07,94.52999877929688,94.52999877929688,92.05000305175781,92.63999938964844,52.781829833984375,5419700,
2008-02-08,93.25,93.7300033569336,93.08999633789062,93.69999694824219,53.38576126098633,2832800,
2008-02-11,94.27999877929688,94.69999694824219,93.7300033569336,94.08999633789062,53.60792922973633,2960200,
2008-02-12,93.31999969482422,93.6500015258789,92.95999908447266,93.52999877929688,53.28889846801758,2897700,
2008-02-13,92.93000030517578,93.41999816894531,92.4000015258789,92.54000091552734,52.72483825683594,3697500,
2008-02-14,91.80000305175781,92.0999984741211,90.66000366210938,91.18000030517578,51.94997787475586,7505000,
2008-02-15,91.61000061035156,92.06999969482422,91.45999908447266,91.87999725341797,52.348812103271484,3687800,
2008-02-19,91.13999938964844,91.69999694824219,90.63999938964844,90.94999694824219,51.81892776489258,2911600,
2008-02-20,90.62000274658203,91.58000183105469,90.55999755859375,91.58000183105469,52.17790222167969,2550100,
2008-02-21,92.08000183105469,92.8499984741211,92.05000305175781,92.55000305175781,52.730552673339844,4197200,
2008-02-22,92.48999786376953,92.8499984741211,91.87000274658203,92.0199966430664,52.428558349609375,1959700,
2008-02-25,91.94999694824219,92.13999938964844,90.6500015258789,91.08000183105469,51.89297103881836,3460900,
2008-02-26,90.95999908447266,91.33999633789062,90.7300033569336,91.11000061035156,51.91008377075195,2618900,
2008-02-27,91.43000030517578,91.56999969482422,90.61000061035156,91.19000244140625,51.95568084716797,2494400,
2008-02-28,92.33999633789062,92.83999633789062,92.19000244140625,92.80999755859375,52.878665924072266,3410900,
2008-02-29,93.6500015258789,94.45999908447266,93.5199966430664,94.2300033569336,53.68770217895508,3822000,
2008-03-03,93.66999816894531,94.19999694824219,93.25,93.63999938964844,53.549354553222656,2036900,"{""dividend_amount"": 0.348}"
2008-03-04,93.94000244140625,94.12000274658203,92.52999877929688,92.7300033569336,53.0289192199707,3401100,
2008-03-05,93.05999755859375,93.05999755859375,91.5,91.62000274658203,52.39414978027344,3871200,
2008-03-06,91.81999969482422,92.44000244140625,91.66999816894531,92.11000061035156,52.67436599731445,1342600,
2008-03-07,93.29000091552734,93.3499984741211,91.73999786376953,92.2300033569336,52.74301528930664,3601300,
2008-03-10,92.70999908447266,94.12999725341797,92.61000061035156,93.58999633789062,53.520694732666016,3579000,
2008-03-11,93.0,93.02999877929688,92.20999908447266,92.79000091552734,53.06325149536133,3309200,
2008-03-12,93.12999725341797,94.68000030517578,92.97000122070312,94.58000183105469,54.0869026184082,4752900,
2008-03-13,95.02999877929688,95.19000244140625,93.26000213623047,93.83999633789062,53.66372299194336,5763500,
2008-03-14,94.62000274658203,95.80999755859375,94.62000274658203,95.0,54.32707595825195,6174800,
2008-03-17,95.58999633789062,96.30999755859375,95.30999755859375,95.7300033569336,54.7445068359375,3329300,
2008-03-18,95.30000305175781,96.16000366210938,94.94999694824219,95.36000061035156,54.532901763916016,4022300,
2008-03-19,95.12000274658203,97.47000122070312,95.12000274658203,96.94000244140625,55.43647766113281,5206400,
2008-03-20,97.0,97.75,96.87000274658203,97.18000030517578,55.57371520996094,3905900,
2008-03-24,96.4800033569336,96.4800033569336,95.19999694824219,95.30000305175781,54.49860382080078,5596200,
2008-03-25,95.37999725341797,95.81999969482422,95.27999877929688,95.69999694824219,54.72740173339844,2038200,
2008-03-26,95.77999877929688,96.19999694824219,95.2300033569336,95.30000305175781,54.49860382080078,1652000,
2008-03-27,94.63999938964844,95.36000061035156,94.54000091552734,94.62999725341797,54.11549758911133,2405700,
2008-03-28,95.08999633789062,95.55999755859375,94.75,95.55000305175781,54.6416015625,1745500,
2008-03-31,96.11000061035156,96.31999969482422,95.66999816894531,95.88999938964844,54.83604049682617,2546300,
2008-04-01,94.80999755859375,94.8499984741211,93.77999877929688,93.93000030517578,53.943580627441406,3821800,"{""dividend_amount"": 0.406}"
2008-04-02,93.98999786376953,94.86000061035156,93.98999786376953,94.12999725341797,54.058448791503906,3794200,
2008-04-03,94.5,94.66999816894531,94.12000274658203,94.33999633789062,54.17903518676758,2839100,
2008-04-04,95.16999816894531,95.55999755859375,94.98999786376953,95.19999694824219,54.672950744628906,1745200,
2008-04-07,94.62000274658203,94.77999877929688,93.9000015258789,94.69999694824219,54.38578414916992,2231800,
2008-04-08,95.18000030517578,95.23999786376953,94.26000213623047,94.37000274658203,54.196292877197266,1305200,
2008-04-09,94.55999755859375,95.63999938964844,94.55000305175781,95.3499984741211,54.75901794433594,2883600,
2008-04-10,95.30999755859375,95.5,94.56999969482422,95.02999877929688,54.5753059387207,1846500,
2008-04-11,95.5999984741211,95.91999816894531,95.47000122070312,95.66999816894531,54.94285583496094,1987700,
2008-04-14,95.33999633789062,95.69999694824219,94.98999786376953,95.11000061035156,54.62123107910156,3195300,
2008-04-15,94.41999816894531,94.58000183105469,93.9000015258789,93.93000030517578,53.943580627441406,2821600,
2008-04-16,93.80000305175781,94.05999755859375,92.43000030517578,93.01000213623047,53.415184020996094,4691100,
2008-04-17,92.9800033569336,93.18000030517578,92.23999786376953,92.8499984741211,53.32332229614258,2020000,
2008-04-18,92.0,92.87999725341797,91.81999969482422,92.7699966430664,53.27741622924805,2199700,
2008-04-21,92.41000366210938,93.27999877929688,92.30000305175781,93.13999938964844,53.48988723754883,2805800,
2008-04-22,92.91000366210938,93.66999816894531,92.91000366210938,93.45999908447266,53.67366027832031,1799700,
2008-04-23,93.08999633789062,93.62999725341797,92.52999877929688,93.1500015258789,53.49563217163086,1221100,
2008-04-24,92.26000213623047,92.45999908447266,91.80999755859375,92.36000061035156,53.04191207885742,3213600,
2008-04-25,92.13999938964844,92.25,91.5,91.81999969482422,52.73177719116211,1742000,
2008-04-28,91.52999877929688,92.3499984741211,91.41000366210938,92.0999984741211,52.89259719848633,1883900,
2008-04-29,92.37999725341797,92.86000061035156,92.1500015258789,92.44999694824219,53.09357452392578,1269100,
2008-04-30,92.41999816894531,93.19999694824219,91.8499984741211,93.11000061035156,53.472633361816406,2827500,
2008-05-01,93.44000244140625,93.6500015258789,92.37999725341797,92.77999877929688,53.47613525390625,3226500,"{""dividend_amount"": 0.336}"
2008-05-02,91.77999877929688,92.41000366210938,91.54000091552734,91.61000061035156,52.80175018310547,2730800,
2008-05-05,91.86000061035156,91.87000274658203,91.13999938964844,91.61000061035156,52.80175018310547,1309300,
2008-05-06,92.01000213623047,92.08000183105469,90.79000091552734,90.94999694824219,52.42131042480469,4037500,
2008-05-07,90.7300033569336,91.43000030517578,90.62000274658203,91.33999633789062,52.6461296081543,3876200,
2008-05-08,91.44000244140625,92.19999694824219,91.41999816894531,92.16000366210938,53.11876678466797,2829500,
2008-05-09,92.7300033569336,92.87000274658203,92.20999908447266,92.5,53.31473159790039,2064300,
2008-05-12,92.76000213623047,93.16000366210938,92.3499984741211,92.36000061035156,53.23399353027344,1947400,
2008-05-13,91.83000183105469,92.05000305175781,91.30999755859375,91.3499984741211,52.651893615722656,2123300,
2008-05-14,92.0,92.01000213623047,90.72000122070312,91.38999938964844,52.674983978271484,2600900,
2008-05-15,91.16999816894531,92.33000183105469,91.08999633789062,92.22000122070312,53.153343200683594,2164300,
2008-05-16,91.87999725341797,92.88999938964844,91.77999877929688,91.83999633789062,52.934329986572266,1902600,
2008-05-19,92.26000213623047,92.26000213623047,91.30000305175781,91.95999908447266,53.003501892089844,1348200,
2008-05-20,92.44000244140625,92.5,91.9000015258789,92.44000244140625,53.2801513671875,1466000,
2008-05-21,92.05000305175781,92.66999816894531,91.86000061035156,92.45999908447266,53.29164123535156,1762100,
2008-05-22,91.93000030517578,91.93000030517578,90.83999633789062,91.37000274658203,52.6634407043457,2855900,
2008-05-23,91.83000183105469,92.30000305175781,91.69999694824219,91.7699966430664,52.89396667480469,1802000,
2008-05-27,91.37999725341797,91.55999755859375,90.9800033569336,91.1500015258789,52.53659439086914,1985800,
2008-05-28,90.54000091552734,90.66000366210938,90.13999938964844,90.33999633789062,52.06974411010742,3250700,
2008-05-29,90.01000213623047,90.0999984741211,89.13999938964844,89.69000244140625,51.69509506225586,3302400,
2008-05-30,90.12999725341797,90.44000244140625,90.05999755859375,90.27999877929688,52.035160064697266,2514600,
2008-06-02,89.9800033569336,90.63999938964844,89.62000274658203,90.30000305175781,52.23588180541992,3076400,"{""dividend_amount"": 0.327}"
2008-06-03,90.05999755859375,91.41000366210938,89.80999755859375,90.94999694824219,52.61188507080078,2447700,
2008-06-04,91.38999938964844,91.38999938964844,89.9000015258789,90.13999938964844,52.14332962036133,2813000,
2008-06-05,89.81999969482422,90.02999877929688,89.44999694824219,89.5999984741211,51.83097839355469,2632200,
2008-06-06,90.44000244140625,91.08999633789062,90.20999908447266,90.76000213623047,52.50200653076172,3864800,
2008-06-09,90.4800033569336,91.38999938964844,90.19000244140625,90.76000213623047,52.50200653076172,1812000,
2008-06-10,90.6500015258789,90.70999908447266,89.69999694824219,90.16999816894531,52.16069412231445,1935300,
2008-06-11,90.05000305175781,90.72000122070312,89.70999908447266,89.95999908447266,52.03921890258789,2265400,
2008-06-12,89.55999755859375,89.63999938964844,88.81999969482422,89.05999755859375,51.51857376098633,4413100,
2008-06-13,88.97000122070312,89.54000091552734,88.68000030517578,88.87000274658203,51.40867233276367,1983600,
2008-06-16,89.11000061035156,89.18000030517578,88.62000274658203,88.88999938964844,51.42020797729492,1756800,
2008-06-17,89.1500015258789,89.2699966430664,88.58999633789062,89.06999969482422,51.524391174316406,1712200,
2008-06-18,89.29000091552734,89.97000122070312,89.08999633789062,89.81999969482422,51.95821762084961,2590000,
2008-06-19,89.5199966430664,89.75,89.02999877929688,89.29000091552734,51.651676177978516,1700500,
2008-06-20,89.94000244140625,90.06999969482422,89.69000244140625,89.80999755859375,51.952457427978516,4580900,
2008-06-23,90.08000183105469,90.43000030517578,89.83000183105469,90.0,52.0623893737793,1594100,
2008-06-24,90.37999725341797,90.80999755859375,90.13999938964844,90.5999984741211,52.40944290161133,3118400,
2008-06-25,90.6500015258789,90.76000213623047,89.80999755859375,90.63999938964844,52.43256378173828,3251600,
2008-06-26,91.0,91.44000244140625,90.79000091552734,91.25,52.78547668457031,4052300,
2008-06-27,91.7300033569336,92.44000244140625,91.44999694824219,92.31999969482422,53.404380798339844,4144800,
2008-06-30,92.41000366210938,92.81999969482422,92.08000183105469,92.33999633789062,53.41594696044922,3743000,
2008-07-01,92.69000244140625,92.7699966430664,91.68000030517578,91.79000091552734,53.28940200805664,3805100,"{""dividend_amount"": 0.332}"
2008-07-02,91.95999908447266,92.37999725341797,91.87000274658203,92.2699966430664,53.56807327270508,2413700,
2008-07-03,91.70999908447266,92.30000305175781,91.54000091552734,92.06999969482422,53.45196533203125,1405100,
2008-07-07,92.06999969482422,93.1500015258789,91.58000183105469,92.48999786376953,53.69578552246094,3528400,
2008-07-08,92.5,93.13999938964844,92.41999816894531,93.08999633789062,54.04416275024414,2176600,
2008-07-09,92.94000244140625,93.63999938964844,92.91999816894531,93.5,54.28219223022461,1582000,
2008-07-10,93.33000183105469,93.76000213623047,92.94000244140625,93.48999786376953,54.276397705078125,2723600,
2008-07-11,93.5199966430664,93.73999786376953,91.86000061035156,92.16000366210938,53.50422286987305,5466000,
2008-07-14,92.37999725341797,93.26000213623047,92.29000091552734,92.97000122070312,53.97451400756836,4135400,
2008-07-15,93.06999969482422,93.43000030517578,92.69999694824219,92.94000244140625,53.95708465576172,4541400,
2008-07-16,92.08000183105469,92.23999786376953,91.20999908447266,91.26000213623047,52.98176574707031,3435900,
2008-07-17,91.26000213623047,91.61000061035156,90.55999755859375,90.79000091552734,52.708858489990234,5899900,
2008-07-18,90.76000213623047,91.19999694824219,90.30000305175781,90.44999694824219,52.511474609375,3475200,
2008-07-21,90.44999694824219,90.9000015258789,90.25,90.80000305175781,52.71467971801758,3657200,
2008-07-22,90.63999938964844,90.76000213623047,90.02999877929688,90.3499984741211,52.453407287597656,2675200,
2008-07-23,90.22000122070312,90.37000274658203,89.75,90.16999816894531,52.34891128540039,2871900,
2008-07-24,90.3499984741211,91.25,90.3499984741211,91.05000305175781,52.85979461669922,2613300,
2008-07-25,90.55000305175781,90.83999633789062,90.0,90.13999938964844,52.33148956298828,3765300,
2008-07-28,90.94999694824219,91.47000122070312,90.69999694824219,91.05000305175781,52.85979461669922,1275900,
2008-07-29,90.66000366210938,90.98999786376953,90.30999755859375,90.68000030517578,52.64498519897461,1349100,
2008-07-30,90.08999633789062,91.29000091552734,90.02999877929688,90.7699966430664,52.69721221923828,1667500,
2008-07-31,91.72000122070312,92.05000305175781,91.2699966430664,91.66999816894531,53.21976852416992,3898700,
2008-08-01,90.97000122070312,91.55999755859375,90.83000183105469,91.54000091552734,53.33745193481445,1804800,"{""dividend_amount"": 0.332}"
2008-08-04,91.08999633789062,91.63999938964844,91.01000213623047,91.33000183105469,53.21506881713867,2029900,
2008-08-05,91.3499984741211,91.5999984741211,90.62000274658203,90.6500015258789,52.81889343261719,2191200,
2008-08-06,90.41000366210938,90.41000366210938,89.81999969482422,90.27999877929688,52.603294372558594,3139500,
2008-08-07,90.62999725341797,91.9000015258789,90.43000030517578,91.75,53.45981216430664,2765600,
2008-08-08,91.88999938964844,92.08000183105469,91.54000091552734,92.0,53.60546875,1035400,
2008-08-11,91.77999877929688,91.77999877929688,90.5999984741211,91.12000274658203,53.09273910522461,3939400,
2008-08-12,91.80999755859375,92.02999877929688,91.69999694824219,91.97000122070312,53.58799743652344,1315000,
2008-08-13,92.30000305175781,92.3499984741211,91.45999908447266,91.6500015258789,53.401554107666016,1940300,
2008-08-14,92.26000213623047,92.5999984741211,92.06999969482422,92.23999786376953,53.745338439941406,2605300,
2008-08-15,92.66999816894531,93.19999694824219,92.56999969482422,93.04000091552734,54.21148681640625,1964900,
2008-08-18,93.08000183105469,93.54000091552734,92.95999908447266,93.41000366210938,54.42704772949219,1262200,
2008-08-19,93.44000244140625,93.52999877929688,92.88999938964844,93.05000305175781,54.217262268066406,1944700,
2008-08-20,93.37999725341797,93.70999908447266,93.1500015258789,93.30999755859375,54.3687858581543,2500000,
2008-08-21,93.62999725341797,93.62999725341797,92.75,93.13999938964844,54.269737243652344,2267000,
2008-08-22,93.11000061035156,93.16999816894531,92.63999938964844,93.08000183105469,54.234764099121094,1990000,
2008-08-25,94.12000274658203,94.33000183105469,93.8499984741211,94.01000213623047,54.77663040161133,2028300,
2008-08-26,93.95999908447266,94.19999694824219,93.70999908447266,94.08999633789062,54.823280334472656,1270900,
2008-08-27,93.48999786376953,94.29000091552734,93.44000244140625,94.25,54.91651153564453,1555300,
2008-08-28,93.91000366210938,94.41000366210938,93.69000244140625,94.26000213623047,54.922271728515625,1886500,
2008-08-29,94.0199966430664,94.16000366210938,93.51000213623047,93.83999633789062,54.67757797241211,1739100,
2008-09-02,92.9800033569336,94.41000366210938,92.83999633789062,94.37000274658203,55.18638229370117,2916000,"{""dividend_amount"": 0.34}"
2008-09-03,94.2699966430664,94.88999938964844,94.26000213623047,94.7699966430664,55.420249938964844,2105000,
2008-09-04,95.0,95.55999755859375,94.80999755859375,95.52999877929688,55.86466598510742,3049800,
2008-09-05,96.0199966430664,96.30999755859375,95.41000366210938,95.4800033569336,55.83547592163086,4167800,
2008-09-08,94.9000015258789,95.87999725341797,94.55999755859375,95.87999725341797,56.06938171386719,5426200,
2008-09-09,95.83000183105469,96.87999725341797,95.54000091552734,96.83000183105469,56.62493133544922,3890200,
2008-09-10,95.9800033569336,96.66000366210938,95.81999969482422,96.2300033569336,56.274051666259766,2407900,
2008-09-11,96.79000091552734,96.86000061035156,96.0,96.18000030517578,56.244834899902344,3592000,
2008-09-12,96.20999908447266,96.33000183105469,94.75,94.94000244140625,55.51968002319336,4138200,
2008-09-15,96.27999877929688,98.16999816894531,96.06999969482422,98.0199966430664,57.32078170776367,5889900,
2008-09-16,100.70999908447266,100.86000061035156,97.91000366210938,98.0,57.30910873413086,6684400,
2008-09-17,98.91999816894531,99.37999725341797,97.7300033569336,98.48999786376953,57.59565353393555,4371300,
2008-09-18,97.94999694824219,98.48999786376953,96.91999816894531,97.05000305175781,56.75358200073242,4188300,
2008-09-19,93.86000061035156,95.0199966430664,93.69999694824219,93.97000122070312,54.95241928100586,7169200,
2008-09-22,92.93000030517578,93.95999908447266,92.5999984741211,93.95999908447266,54.94657897949219,4726300,
2008-09-23,93.61000061035156,94.0999984741211,93.12999725341797,93.5999984741211,54.73603820800781,2236000,
2008-09-24,93.97000122070312,94.75,93.5999984741211,94.01000213623047,54.97582244873047,1014900,
2008-09-25,94.58999633789062,94.58999633789062,93.1500015258789,93.81999969482422,54.864742279052734,1881200,
2008-09-26,94.06999969482422,94.79000091552734,94.06999969482422,94.5,55.26237106323242,1992800,
2008-09-29,95.16999816894531,97.93000030517578,95.16000366210938,97.25,56.87055206298828,4799800,
2008-09-30,97.04000091552734,97.29000091552734,94.5999984741211,94.87999725341797,55.484596252441406,1358100,
2008-10-01,96.04000091552734,96.9000015258789,94.94999694824219,95.77999877929688,56.18259048461914,1767800,"{""dividend_amount"": 0.29}"
2008-10-02,96.56999969482422,96.8499984741211,96.06999969482422,96.55000305175781,56.63426208496094,931900,
2008-10-03,97.37999725341797,97.79000091552734,95.48999786376953,97.4000015258789,57.13288116455078,1903100,
2008-10-06,98.73999786376953,99.86000061035156,98.62000274658203,99.16999816894531,58.17110061645508,2906200,
2008-10-07,98.31999969482422,99.66999816894531,97.9800033569336,98.87000274658203,57.99512481689453,1972000,
2008-10-08,99.68000030517578,99.94000244140625,96.68000030517578,97.44999694824219,57.162208557128906,3386300,
2008-10-09,97.37000274658203,97.69999694824219,96.22000122070312,96.62999725341797,56.681190490722656,1785400,
2008-10-10,96.61000061035156,96.91000366210938,95.51000213623047,95.94999694824219,56.28234100341797,2200000,
2008-10-13,95.11000061035156,95.94999694824219,94.26000213623047,94.72000122070312,55.56082534790039,1532100,
2008-10-14,94.25,95.26000213623047,93.9000015258789,94.11000061035156,55.203094482421875,2100000,
2008-10-15,94.12000274658203,95.04000091552734,93.41999816894531,95.01000213623047,55.73093795776367,1449500,
2008-10-16,94.98999786376953,95.2699966430664,94.18000030517578,94.5199966430664,55.443546295166016,1063200,
2008-10-17,94.69000244140625,94.9000015258789,93.0199966430664,93.87000274658203,55.06224060058594,1691800,
2008-10-20,93.44000244140625,94.94000244140625,93.36000061035156,94.62000274658203,55.502193450927734,1146800,
2008-10-21,95.08999633789062,95.98999786376953,94.73999786376953,95.12000274658203,55.79548645019531,1243700,
2008-10-22,96.12000274658203,97.48999786376953,95.8499984741211,97.05000305175781,56.9276008605957,1069800,
2008-10-23,97.94999694824219,98.88999938964844,96.81999969482422,97.7699966430664,57.34988784790039,1802000,
2008-10-24,98.81999969482422,99.05000305175781,96.44999694824219,96.7300033569336,56.73985290527344,1495400,
2008-10-27,97.7699966430664,98.20999908447266,96.29000091552734,96.80000305175781,56.78092956542969,1534100,
2008-10-28,96.18000030517578,96.9000015258789,95.1500015258789,95.38999938964844,55.953857421875,1505500,
2008-10-29,95.7699966430664,96.01000213623047,94.43000030517578,94.91000366210938,55.67229080200195,1745800,
2008-10-30,94.5,94.80000305175781,93.80000305175781,94.05000305175781,55.16785430908203,1326000,
2008-10-31,94.63999938964844,94.91999816894531,92.6500015258789,92.83000183105469,54.45220184326172,2282500,
2008-11-03,92.72000122070312,93.11000061035156,92.3499984741211,92.70999908447266,54.59946823120117,1111600,"{""dividend_amount"": 0.37}"
2008-11-04,92.95999908447266,94.70999908447266,92.58999633789062,94.44999694824219,55.62419509887695,1608800,
2008-11-05,94.88999938964844,95.66999816894531,94.4000015258789,95.56999969482422,56.283775329589844,1931700,
2008-11-06,94.5999984741211,95.05000305175781,93.80999755859375,94.87999725341797,55.87741470336914,919700,
2008-11-07,94.5199966430664,94.5199966430664,93.55000305175781,94.26000213623047,55.51225280761719,1277100,
2008-11-10,93.80000305175781,95.0999984741211,93.68000030517578,94.72000122070312,55.7831916809082,1352100,
2008-11-11,95.20999908447266,95.80999755859375,94.95999908447266,95.0,55.948116302490234,696000,
2008-11-12,95.58000183105469,96.06999969482422,95.16000366210938,95.61000061035156,56.307308197021484,1199400,
2008-11-13,94.91000366210938,95.25,93.25,93.31999969482422,54.95865249633789,1631900,
2008-11-14,95.11000061035156,95.45999908447266,94.79000091552734,95.16999816894531,56.048187255859375,1059300,
2008-11-17,95.68000030517578,96.02999877929688,95.29000091552734,95.58999633789062,56.29554748535156,490300,
2008-11-18,96.37999725341797,97.0,95.95999908447266,96.81999969482422,57.01994323730469,924800,
2008-11-19,97.47000122070312,99.37000274658203,97.20999908447266,99.30000305175781,58.48046875,2090400,
2008-11-20,101.81999969482422,104.44000244140625,101.0999984741211,104.43000030517578,61.501644134521484,5459800,
2008-11-21,103.25,103.9800033569336,101.44999694824219,102.91999816894531,60.612396240234375,3249300,
2008-11-24,102.1500015258789,102.29000091552734,101.0,101.30999755859375,59.66425704956055,1587300,
2008-11-25,103.94999694824219,104.47000122070312,102.68000030517578,104.29000091552734,61.419254302978516,2632700,
2008-11-26,104.72000122070312,105.62000274658203,104.08999633789062,104.43000030517578,61.501644134521484,2577600,
2008-11-28,105.25,105.97000122070312,104.94000244140625,105.72000122070312,62.26138687133789,986400,
2008-12-01,107.75,110.41000366210938,107.12999725341797,109.4000015258789,64.64569091796875,4031600,"{""dividend_amount"": 0.355}"
2008-12-02,108.55999755859375,110.37000274658203,108.19000244140625,109.81999969482422,64.89393615722656,3289300,
2008-12-03,110.2699966430664,110.80999755859375,108.55999755859375,110.12999725341797,65.07707977294922,2951000,
2008-12-04,111.12999725341797,112.48999786376953,110.37000274658203,112.30000305175781,66.35935974121094,2825400,
2008-12-05,111.94999694824219,113.0,110.41999816894531,110.4800033569336,65.28392028808594,4557600,
2008-12-08,110.4800033569336,111.25,109.69000244140625,110.23999786376953,65.14205932617188,2119500,
2008-12-09,110.58000183105469,112.52999877929688,110.25,112.41999816894531,66.4302749633789,2055500,
2008-12-10,111.37000274658203,112.1500015258789,111.12000274658203,112.1500015258789,66.27074432373047,2414900,
2008-12-11,112.18000030517578,112.43000030517578,110.87000274658203,112.37000274658203,66.40071105957031,2416900,
2008-12-12,112.54000091552734,112.55999755859375,110.33999633789062,112.37000274658203,66.40071105957031,2547100,
2008-12-15,112.3499984741211,113.94000244140625,112.05000305175781,113.6500015258789,67.1571044921875,1707700,
2008-12-16,116.45999908447266,116.9000015258789,113.97000122070312,116.45999908447266,68.81755065917969,4015100,
2008-12-17,120.7699966430664,121.12999725341797,119.26000213623047,119.62000274658203,70.6847915649414,6407500,
2008-12-18,120.73999786376953,123.1500015258789,120.44999694824219,122.12999725341797,72.16802978515625,4442000,
2008-12-19,121.44000244140625,122.98999786376953,121.27999877929688,122.26000213623047,72.24479675292969,2668500,
2008-12-22,122.38999938964844,122.38999938964844,120.7300033569336,121.31999969482422,71.68937683105469,2221400,
2008-12-23,120.13999938964844,121.5,119.9000015258789,121.16000366210938,71.59484100341797,1746400,
2008-12-24,120.7300033569336,121.31999969482422,120.62000274658203,120.9000015258789,71.44125366210938,717200,
2008-12-26,121.58999633789062,121.97000122070312,121.19999694824219,121.30000305175781,71.6775894165039,454400,
2008-12-29,121.43000030517578,122.01000213623047,120.61000061035156,120.75,71.59159851074219,1416000,"{""dividend_amount"": 0.405}"
2008-12-30,120.48999786376953,121.91999816894531,120.06999969482422,121.9000015258789,72.27340698242188,2590500,
2008-12-31,121.41000366210938,122.0,118.8499984741211,119.3499984741211,70.76156616210938,2738000,
2009-01-02,120.05000305175781,120.44999694824219,116.3499984741211,116.3499984741211,68.9828109741211,3464200,
2009-01-05,115.5999984741211,116.16000366210938,112.5999984741211,113.3499984741211,67.20417785644531,5395200,
2009-01-06,111.62000274658203,113.26000213623047,111.0,112.20999908447266,66.5283203125,4109300,
2009-01-07,111.95999908447266,112.68000030517578,111.4000015258789,112.6500015258789,66.78913879394531,2565600,
2009-01-08,112.63999938964844,112.91999816894531,111.98999786376953,112.55999755859375,66.7358169555664,2603600,
2009-01-09,111.45999908447266,113.3499984741211,111.2699966430664,112.7300033569336,66.83660888671875,2727900,
2009-01-12,111.56999969482422,114.05000305175781,111.56999969482422,113.9000015258789,67.5302963256836,2462800,
2009-01-13,113.5,114.08000183105469,112.95999908447266,114.0199966430664,67.6014175415039,1767400,
2009-01-14,114.6500015258789,116.04000091552734,114.6500015258789,115.9000015258789,68.71604919433594,2494800,
2009-01-15,116.19999694824219,116.91999816894531,115.58000183105469,116.08999633789062,68.82877349853516,2827200,
2009-01-16,113.41999816894531,116.08999633789062,113.36000061035156,114.30000305175781,67.7674789428711,2994800,
2009-01-20,112.29000091552734,114.62999725341797,112.2300033569336,114.27999877929688,67.75556945800781,3268300,
2009-01-21,111.93000030517578,113.04000091552734,110.4000015258789,110.66999816894531,65.61528778076172,2838100,
2009-01-22,110.5999984741211,110.7699966430664,107.87999725341797,108.54000091552734,64.35243225097656,4016600,
2009-01-23,107.91999816894531,108.31999969482422,106.69000244140625,107.69000244140625,63.848411560058594,2676200,
2009-01-26,107.43000030517578,107.81999969482422,106.30000305175781,106.75,63.291133880615234,2240900,
2009-01-27,107.80000305175781,109.58999633789062,107.62999725341797,109.26000213623047,64.77925109863281,3420800,
2009-01-28,109.30999755859375,109.80999755859375,105.72000122070312,106.52999877929688,63.16067123413086,4348100,
2009-01-29,105.55999755859375,106.30999755859375,103.66000366210938,104.08000183105469,61.70807647705078,3724400,
2009-01-30,104.55000305175781,104.87000274658203,103.44000244140625,103.75,61.51250076293945,2630000,
2009-02-02,104.0199966430664,105.68000030517578,103.38999938964844,105.38999938964844,62.65692901611328,2700200,"{""dividend_amount"": 0.285}"
2009-02-03,104.30000305175781,104.83000183105469,102.75,102.87999725341797,61.16463851928711,2846400,
2009-02-04,102.75,102.87000274658203,101.62000274658203,102.5199966430664,60.95063781738281,2305400,
2009-02-05,103.23999786376953,103.87999725341797,102.20999908447266,102.61000061035156,61.004066467285156,2279500,
2009-02-06,102.25,102.86000061035156,101.9000015258789,102.29000091552734,60.81386184692383,1667500,
2009-02-09,101.69000244140625,102.66999816894531,101.05999755859375,102.62000274658203,61.010074615478516,2257300,
2009-02-10,104.11000061035156,104.95999908447266,103.44999694824219,104.8499984741211,62.33586120605469,3782800,
2009-02-11,105.70999908447266,106.5,105.52999877929688,106.20999908447266,63.14442443847656,2774200,
2009-02-12,105.9800033569336,106.18000030517578,104.73999786376953,105.20999908447266,62.54990768432617,1818400,
2009-02-13,103.94999694824219,103.94999694824219,102.2300033569336,102.41000366210938,60.885196685791016,2466800,
2009-02-17,104.55000305175781,105.66000366210938,104.3499984741211,105.5999984741211,62.781761169433594,2813900,
2009-02-18,106.05999755859375,106.55999755859375,104.30000305175781,104.69999694824219,62.24661636352539,2768600,
2009-02-19,102.69000244140625,104.05999755859375,102.2300033569336,102.91999816894531,61.18844223022461,3219400,
2009-02-20,104.2699966430664,105.16000366210938,103.30000305175781,103.91999816894531,61.78291702270508,4272000,
2009-02-23,103.5999984741211,104.87999725341797,103.16999816894531,104.87999725341797,62.35367965698242,2688700,
2009-02-24,105.69999694824219,106.68000030517578,104.7699966430664,104.7699966430664,62.288299560546875,4197100,
2009-02-25,105.23999786376953,105.48999786376953,103.02999877929688,103.55999755859375,61.56892395019531,3908100,
2009-02-26,102.87000274658203,103.26000213623047,101.9800033569336,102.47000122070312,60.920875549316406,2611100,
2009-02-27,102.56999969482422,103.01000213623047,101.20999908447266,101.87999725341797,60.570098876953125,3267700,
2009-03-02,102.22000122070312,103.27999877929688,102.08999633789062,103.27999877929688,61.572898864746094,3302000,"{""dividend_amount"": 0.282}"
2009-03-03,102.2300033569336,103.56999969482422,101.80999755859375,102.58999633789062,61.16150665283203,3084900,
2009-03-04,101.48999786376953,102.25,101.16000366210938,102.12000274658203,60.88131332397461,3178400,
2009-03-05,104.0199966430664,105.44000244140625,103.44000244140625,104.95999908447266,62.57447814941406,4562400,
2009-03-06,104.26000213623047,105.97000122070312,104.08999633789062,104.26000213623047,62.15715026855469,3125900,
2009-03-09,104.51000213623047,104.55000305175781,103.12000274658203,103.6500015258789,61.79347229003906,2070500,
2009-03-10,102.43000030517578,102.75,101.51000213623047,101.66000366210938,60.60710906982422,2602600,
2009-03-11,101.29000091552734,102.76000213623047,100.93000030517578,102.76000213623047,61.26284408569336,3101500,
2009-03-12,102.66000366210938,103.97000122070312,102.30999755859375,103.25,61.554988861083984,3558900,
2009-03-13,102.75,103.87999725341797,102.33000183105469,102.7300033569336,61.2450065612793,2504000,
2009-03-16,100.81999969482422,101.44999694824219,100.5,101.11000061035156,60.27923583984375,3265600,
2009-03-17,101.72000122070312,102.33000183105469,100.38999938964844,100.55999755859375,59.951316833496094,3076200,
2009-03-18,101.12000274658203,108.06999969482422,100.9000015258789,104.37000274658203,62.222713470458984,8578800,
2009-03-19,105.62000274658203,105.66000366210938,104.22000122070312,104.5,62.30024719238281,3650900,
2009-03-20,104.62000274658203,105.0,103.77999877929688,103.91999816894531,61.95444107055664,3479700,
2009-03-23,104.29000091552734,104.41999816894531,102.97000122070312,103.0199966430664,61.417869567871094,2097000,
2009-03-24,102.19000244140625,105.16000366210938,101.93000030517578,104.0,62.00211715698242,5477100,
2009-03-25,103.29000091552734,103.72000122070312,102.30999755859375,102.5999984741211,61.1674690246582,2549600,
2009-03-26,102.44000244140625,104.05999755859375,102.16000366210938,103.79000091552734,61.87691116333008,2385300,
2009-03-27,104.1500015258789,104.93000030517578,103.55999755859375,104.55999755859375,62.33601379394531,1853900,
2009-03-30,105.44000244140625,105.87000274658203,103.94000244140625,104.95999908447266,62.57447814941406,2300100,
2009-03-31,105.04000091552734,105.80000305175781,105.0,105.70999908447266,63.02161407470703,1094600,
2009-04-01,106.12000274658203,106.55999755859375,105.52999877929688,106.37000274658203,63.596736907958984,2383400,"{""dividend_amount"": 0.302}"
2009-04-02,105.88999938964844,106.06999969482422,104.83999633789062,105.06999969482422,62.81953811645508,1766300,
2009-04-03,104.91000366210938,105.16000366210938,102.66000366210938,102.91999816894531,61.534114837646484,3316800,
2009-04-06,103.54000091552734,103.58999633789062,102.22000122070312,102.4800033569336,61.270973205566406,1418100,
2009-04-07,102.54000091552734,103.30999755859375,102.4800033569336,102.73999786376953,61.426456451416016,1312600,
2009-04-08,103.06999969482422,103.86000061035156,102.94999694824219,103.6500015258789,61.97050476074219,1007800,
2009-04-09,102.47000122070312,103.18000030517578,101.9800033569336,102.3499984741211,61.19328689575195,1088800,
2009-04-13,102.95999908447266,103.51000213623047,102.93000030517578,103.29000091552734,61.7552604675293,946600,
2009-04-14,103.25,104.20999908447266,102.93000030517578,103.83000183105469,62.078155517578125,1336000,
2009-04-15,104.12999725341797,104.30000305175781,102.87999725341797,103.6500015258789,61.97050476074219,1152500,
2009-04-16,102.8499984741211,103.44999694824219,102.77999877929688,102.83000183105469,61.48025131225586,1055600,
2009-04-17,102.47000122070312,102.70999908447266,101.37000274658203,101.69999694824219,60.804691314697266,2582800,
2009-04-20,102.62999725341797,103.4000015258789,102.44999694824219,103.23999786376953,61.7253303527832,1714400,
2009-04-21,104.04000091552734,104.20999908447266,102.22000122070312,102.22000122070312,61.115535736083984,909100,
2009-04-22,102.44999694824219,102.55999755859375,101.11000061035156,101.5999984741211,60.74482345581055,2278100,
2009-04-23,101.3499984741211,101.75,100.94000244140625,101.58999633789062,60.738868713378906,1688300,
2009-04-24,100.79000091552734,100.9800033569336,100.0999984741211,100.56999969482422,60.12901306152344,2830000,
2009-04-27,101.06999969482422,101.19000244140625,100.05999755859375,101.0,60.3861198425293,2294600,
2009-04-28,101.5,101.58000183105469,99.08999633789062,99.3499984741211,59.399627685546875,2332500,
2009-04-29,99.66999816894531,100.08000183105469,98.1500015258789,98.47000122070312,58.87346649169922,3752600,
2009-04-30,97.9800033569336,98.36000061035156,97.38999938964844,98.08000183105469,58.640350341796875,2778100,
2009-05-01,97.12000274658203,97.29000091552734,96.56999969482422,97.11000061035156,58.23673629760742,2772200,"{""dividend_amount"": 0.297}"
2009-05-04,97.36000061035156,97.81999969482422,96.79000091552734,97.43000030517578,58.42865753173828,2246700,
2009-05-05,97.45999908447266,97.83000183105469,96.76000213623047,97.30999755859375,58.35666275024414,1369000,
2009-05-06,97.12000274658203,98.0,97.0,97.08000183105469,58.218711853027344,2045900,
2009-05-07,95.94000244140625,96.69999694824219,94.33000183105469,94.70999908447266,56.79741668701172,5755200,
2009-05-08,95.0199966430664,95.38999938964844,94.63999938964844,94.94000244140625,56.93537521362305,2193400,
2009-05-11,96.05000305175781,96.44999694824219,95.79000091552734,96.29000091552734,57.74496078491211,2167400,
2009-05-12,96.18000030517578,97.0199966430664,95.80000305175781,96.63999938964844,57.95487594604492,2304800,
2009-05-13,97.36000061035156,97.93000030517578,97.23999786376953,97.69000244140625,58.584556579589844,1917500,
2009-05-14,97.5999984741211,98.25,97.30000305175781,98.06999969482422,58.812416076660156,1704600,
2009-05-15,98.0,98.05000305175781,97.45999908447266,98.04000091552734,58.794429779052734,2306600,
2009-05-18,98.01000213623047,98.11000061035156,96.37000274658203,96.5199966430664,57.88287353515625,2234700,
2009-05-19,96.19000244140625,96.47000122070312,95.70999908447266,96.01000213623047,57.57703399658203,1624300,
2009-05-20,95.93000030517578,97.16000366210938,95.83000183105469,97.0199966430664,58.18269348144531,2825700,
2009-05-21,97.55000305175781,97.63999938964844,94.3499984741211,94.58000183105469,56.71949768066406,4771700,
2009-05-22,93.81999969482422,94.48999786376953,93.3499984741211,93.52999877929688,56.089813232421875,4483400,
2009-05-26,94.05000305175781,94.0999984741211,92.12000274658203,92.12000274658203,55.24421310424805,3633100,
2009-05-27,92.23999786376953,92.58000183105469,90.37999725341797,90.48999786376953,54.266700744628906,7490200,
2009-05-28,91.7699966430664,91.9800033569336,90.2300033569336,91.80000305175781,55.05231857299805,9824300,
2009-05-29,91.69999694824219,94.2300033569336,91.63999938964844,94.16999816894531,56.47356033325195,4746700,
2009-06-01,92.33999633789062,92.37999725341797,90.56999969482422,91.08999633789062,54.80406188964844,6987000,"{""dividend_amount"": 0.305}"
2009-06-02,91.61000061035156,91.7699966430664,90.77999877929688,91.58000183105469,55.09883117675781,5063600,
2009-06-03,91.95999908447266,92.61000061035156,91.33000183105469,92.44000244140625,55.616268157958984,6727200,
2009-06-04,91.43000030517578,91.72000122070312,90.23999786376953,90.52999877929688,54.46708297729492,5438600,
2009-06-05,89.91000366210938,90.9000015258789,89.55000305175781,89.83999633789062,54.05195617675781,8439600,
2009-06-08,90.41000366210938,90.7300033569336,89.4800033569336,89.61000061035156,53.9135627746582,4084000,
2009-06-09,90.19000244140625,90.30999755859375,89.25,89.5999984741211,53.90752029418945,6046300,
2009-06-10,88.87000274658203,89.43000030517578,87.55999755859375,88.19000244140625,53.059261322021484,12142000,
2009-06-11,87.76000213623047,89.5199966430664,87.69000244140625,89.16999816894531,53.64885711669922,10692800,
2009-06-12,89.41999816894531,90.6500015258789,89.41999816894531,89.97000122070312,54.13018035888672,6606800,
2009-06-15,90.54000091552734,91.1500015258789,90.4800033569336,90.77999877929688,54.61751174926758,4518700,
2009-06-16,90.95999908447266,92.43000030517578,90.80000305175781,92.36000061035156,55.56809997558594,5376000,
2009-06-17,92.44999694824219,93.33000183105469,91.83999633789062,91.83999633789062,55.25529098510742,7197200,
2009-06-18,91.25,91.58000183105469,90.11000061035156,90.44999694824219,54.41892623901367,6794000,
2009-06-19,90.33000183105469,91.69999694824219,90.20999908447266,91.69000244140625,55.165035247802734,4750700,
2009-06-22,92.44000244140625,92.91000366210938,92.05999755859375,92.58000183105469,55.700439453125,3952300,
2009-06-23,92.7699966430664,93.80999755859375,92.58000183105469,93.66999816894531,56.35626220703125,5356900,
2009-06-24,93.6500015258789,94.06999969482422,92.66000366210938,92.7300033569336,55.790733337402344,6550400,
2009-06-25,93.22000122070312,94.5,92.66999816894531,94.43000030517578,56.81356430053711,7140000,
2009-06-26,94.62000274658203,94.9000015258789,94.20999908447266,94.58999633789062,56.90980911254883,4050400,
2009-06-29,95.06999969482422,95.37000274658203,94.58000183105469,94.7300033569336,56.993995666503906,4334900,
2009-06-30,94.19000244140625,95.11000061035156,93.80999755859375,94.56999969482422,56.897769927978516,3743700,
2009-07-01,93.41999816894531,94.08999633789062,93.23999786376953,94.08000183105469,56.78487777709961,3379900,"{""dividend_amount"": 0.303}"
2009-07-02,94.33000183105469,94.61000061035156,94.0,94.30000305175781,56.917724609375,2645100,
2009-07-06,94.05000305175781,94.29000091552734,93.38999938964844,94.12000274658203,56.80898666381836,1886700,
2009-07-07,93.62000274658203,94.87999725341797,93.61000061035156,94.75,57.18931579589844,2592400,
2009-07-08,95.12000274658203,96.80999755859375,94.88999938964844,96.5,58.24555587768555,7912900,
2009-07-09,95.3499984741211,95.7300033569336,94.44999694824219,95.3499984741211,57.55141067504883,5241400,
2009-07-10,95.62000274658203,96.33000183105469,95.43000030517578,96.2300033569336,58.08256149291992,3981900,
2009-07-13,96.31999969482422,96.5999984741211,95.55999755859375,95.69000244140625,57.756656646728516,2604300,
2009-07-14,94.76000213623047,95.12999725341797,93.69999694824219,94.0999984741211,56.7970085144043,3629100,
2009-07-15,92.66000366210938,93.0,91.66999816894531,91.68000030517578,55.336280822753906,4664200,
2009-07-16,92.80999755859375,93.18000030517578,92.5,92.66999816894531,55.9338264465332,4225200,
2009-07-17,91.9000015258789,92.36000061035156,91.23999786376953,91.23999786376953,55.070709228515625,3845700,
2009-07-20,90.8499984741211,92.48999786376953,90.80000305175781,91.72000122070312,55.360435485839844,4436500,
2009-07-21,91.44999694824219,93.69999694824219,91.29000091552734,93.55000305175781,56.464962005615234,3895300,
2009-07-22,93.4000015258789,93.52999877929688,92.36000061035156,92.70999908447266,55.95800018310547,1986700,
2009-07-23,92.76000213623047,92.80000305175781,90.56999969482422,91.01000213623047,54.93190002441406,3818800,
2009-07-24,91.0,91.44999694824219,90.7699966430664,91.44999694824219,55.197479248046875,1765300,
2009-07-27,90.2300033569336,90.66000366210938,89.94000244140625,90.4000015258789,54.563690185546875,2755900,
2009-07-28,90.72000122070312,91.81999969482422,90.43000030517578,91.19999694824219,55.04657745361328,3324800,
2009-07-29,92.16999816894531,92.29000091552734,90.94000244140625,91.69999694824219,55.348365783691406,2910200,
2009-07-30,91.54000091552734,93.1500015258789,91.2300033569336,93.0,56.13303756713867,4040700,
2009-07-31,93.8499984741211,94.86000061035156,93.27999877929688,94.80999755859375,57.225502014160156,5697000,
2009-08-03,93.80999755859375,93.87000274658203,92.61000061035156,93.05999755859375,56.3582763671875,4029300,"{""dividend_amount"": 0.318}"
2009-08-04,93.62999725341797,93.72000122070312,91.66999816894531,92.31999969482422,55.91011047363281,3832200,
2009-08-05,91.30999755859375,92.75,90.87000274658203,90.94000244140625,55.07438278198242,4458300,
2009-08-06,90.9000015258789,91.88999938964844,90.41999816894531,91.25,55.2620849609375,3228500,
2009-08-07,90.41999816894531,90.93000030517578,90.22000122070312,90.48999786376953,54.80183792114258,3543200,
2009-08-10,90.51000213623047,91.63999938964844,90.41000366210938,91.62000274658203,55.48618698120117,3150100,
2009-08-11,92.38999938964844,92.87000274658203,91.98999786376953,92.68000030517578,56.128116607666016,3677800,
2009-08-12,92.94999694824219,93.06999969482422,91.08999633789062,91.69000244140625,55.52854919433594,4729200,
2009-08-13,91.80000305175781,93.1500015258789,91.5,92.98999786376953,56.31586456298828,3922300,
2009-08-14,93.30000305175781,94.19999694824219,93.20999908447266,93.3499984741211,56.53388977050781,4410400,
2009-08-17,93.94999694824219,94.75,93.87000274658203,94.7300033569336,57.36962127685547,3569700,
2009-08-18,94.66000366210938,94.7699966430664,94.01000213623047,94.18000030517578,57.03655242919922,2557900,
2009-08-19,95.16999816894531,95.37000274658203,94.41000366210938,94.95999908447266,57.50892639160156,3518200,
2009-08-20,95.37999725341797,95.87000274658203,94.77999877929688,95.73999786376953,57.98133087158203,3282700,
2009-08-21,95.63999938964844,95.7300033569336,93.75,93.7699966430664,56.78825378417969,6258300,
2009-08-24,93.48999786376953,95.47000122070312,93.45999908447266,95.47000122070312,57.817779541015625,4460200,
2009-08-25,95.37000274658203,96.08999633789062,94.91000366210938,96.01000213623047,58.144840240478516,3359700,
2009-08-26,96.18000030517578,96.55000305175781,95.91000366210938,96.44999694824219,58.41132354736328,3225800,
2009-08-27,96.18000030517578,96.62000274658203,95.7300033569336,96.06999969482422,58.18118667602539,2514000,
2009-08-28,95.44000244140625,96.51000213623047,95.30999755859375,96.51000213623047,58.4476318359375,2072500,
2009-08-31,96.36000061035156,96.86000061035156,95.76000213623047,96.5999984741211,58.50214385986328,2899800,
2009-09-01,95.81999969482422,96.58000183105469,95.13999938964844,96.05999755859375,58.360572814941406,3304200,"{""dividend_amount"": 0.307}"
2009-09-02,96.4800033569336,97.66000366210938,96.23999786376953,97.45999908447266,59.21117401123047,4345000,
2009-09-03,96.83999633789062,97.12000274658203,96.55000305175781,96.86000061035156,58.846641540527344,2703800,
2009-09-04,96.44000244140625,96.5999984741211,95.05999755859375,95.20999908447266,57.844200134277344,3643000,
2009-09-08,94.4800033569336,95.37000274658203,94.36000061035156,94.54000091552734,57.43711471557617,2468900,
2009-09-09,93.88999938964844,94.43000030517578,93.5199966430664,94.43000030517578,57.37031173706055,3182400,
2009-09-10,94.93000030517578,96.70999908447266,94.91000366210938,96.16999816894531,58.427391052246094,4417300,
2009-09-11,96.81999969482422,97.68000030517578,96.5999984741211,96.69999694824219,58.74943161010742,4826200,
2009-09-14,96.0199966430664,96.66999816894531,95.6500015258789,95.73999786376953,58.16617965698242,2119500,
2009-09-15,95.19000244140625,95.7699966430664,95.06999969482422,95.25,57.868465423583984,2187900,
2009-09-16,95.33999633789062,95.94999694824219,94.5999984741211,95.41999816894531,57.971717834472656,3732300,
2009-09-17,95.69000244140625,96.7300033569336,95.16999816894531,96.62000274658203,58.700782775878906,2832000,
2009-09-18,96.19999694824219,96.52999877929688,95.66999816894531,95.76000213623047,58.178321838378906,2813300,
2009-09-21,96.0999984741211,96.48999786376953,95.36000061035156,95.9800033569336,58.31196975708008,3050200,
2009-09-22,95.6500015258789,96.37000274658203,95.51000213623047,96.18000030517578,58.43349075317383,2068000,
2009-09-23,95.94000244140625,96.58000183105469,95.19999694824219,96.47000122070312,58.60969543457031,5712000,
2009-09-24,96.5,97.08999633789062,96.16999816894531,96.75,58.779762268066406,4658400,
2009-09-25,97.36000061035156,98.05999755859375,96.7699966430664,97.9800033569336,59.52704620361328,3854500,
2009-09-28,98.31999969482422,98.93000030517578,98.11000061035156,98.83999633789062,60.04954528808594,4263300,
2009-09-29,98.31999969482422,99.16999816894531,98.1500015258789,98.75,59.994808197021484,3123200,
2009-09-30,98.55999755859375,99.12999725341797,98.36000061035156,98.66000366210938,59.940181732177734,2744800,
2009-10-01,98.95999908447266,100.05999755859375,98.80000305175781,99.69999694824219,60.76115036010742,5754400,"{""dividend_amount"": 0.307}"
2009-10-02,100.27999877929688,100.30999755859375,98.87999725341797,99.01000213623047,60.34060287475586,4827700,
2009-10-05,99.47000122070312,99.66000366210938,98.7699966430664,99.0199966430664,60.3466796875,2910100,
2009-10-06,98.76000213623047,98.80000305175781,97.9800033569336,98.04000091552734,59.749473571777344,3936200,
2009-10-07,98.66999816894531,99.33000183105469,98.5999984741211,99.19000244140625,60.4503288269043,3591000,
2009-10-08,99.70999908447266,99.76000213623047,97.68000030517578,98.1500015258789,59.816463470458984,5871600,
2009-10-09,97.62000274658203,97.70999908447266,95.5,95.9000015258789,58.445228576660156,8135900,
2009-10-12,96.02999877929688,96.33000183105469,95.5999984741211,96.05000305175781,58.536678314208984,1939700,
2009-10-13,96.62000274658203,96.8499984741211,96.26000213623047,96.55000305175781,58.84134292602539,2886500,
2009-10-14,95.51000213623047,96.0999984741211,94.9000015258789,95.12000274658203,57.969886779785156,5421000,
2009-10-15,94.56999969482422,95.41999816894531,94.37000274658203,94.68000030517578,57.70173263549805,3736900,
2009-10-16,95.19000244140625,95.52999877929688,94.7300033569336,95.44999694824219,58.170989990234375,3716800,
2009-10-19,95.58999633789062,96.20999908447266,95.37999725341797,96.19999694824219,58.628089904785156,3163800,
2009-10-20,97.0199966430664,97.25,96.54000091552734,96.72000122070312,58.94499206542969,2912400,
2009-10-21,96.16000366210938,96.20999908447266,95.51000213623047,96.13999938964844,58.591468811035156,3355200,
2009-10-22,95.37999725341797,95.83000183105469,95.33000183105469,95.66999816894531,58.305049896240234,2572200,
2009-10-23,94.87999725341797,95.41999816894531,94.87000274658203,94.94999694824219,57.86625671386719,2996200,
2009-10-26,94.44000244140625,94.51000213623047,93.55000305175781,93.72000122070312,57.116668701171875,4127400,
2009-10-27,93.97000122070312,95.11000061035156,93.91999816894531,95.0,57.896766662597656,4476300,
2009-10-28,95.13999938964844,95.80000305175781,94.95999908447266,95.44999694824219,58.170989990234375,4585400,
2009-10-29,94.81999969482422,95.05999755859375,93.94999694824219,94.41000366210938,57.537174224853516,4645300,
2009-10-30,95.0999984741211,96.01000213623047,94.87000274658203,95.77999877929688,58.37211608886719,5118000,
2009-11-02,95.51000213623047,95.58000183105469,94.80000305175781,95.05000305175781,58.11408233642578,3463800,"{""dividend_amount"": 0.308}"
2009-11-03,95.27999877929688,95.36000061035156,94.0,94.0999984741211,57.53323745727539,4470700,
2009-11-04,93.61000061035156,94.06999969482422,92.80000305175781,93.23999786376953,57.0074348449707,5349500,
2009-11-05,92.87000274658203,93.23999786376953,92.80000305175781,93.23999786376953,57.0074348449707,2852000,
2009-11-06,93.37999725341797,93.44999694824219,92.45999908447266,93.33000183105469,57.062469482421875,3381100,
2009-11-09,93.27999877929688,93.69999694824219,93.12999725341797,93.44000244140625,57.12974548339844,1697800,
2009-11-10,94.05000305175781,94.0999984741211,92.91000366210938,93.2699966430664,57.025779724121094,2549900,
2009-11-11,93.62999725341797,94.16000366210938,93.4800033569336,93.66000366210938,57.264259338378906,1771100,
2009-11-12,93.23999786376953,93.58999633789062,92.44999694824219,93.48999786376953,57.16033935546875,3431300,
2009-11-13,93.83000183105469,94.05999755859375,93.44999694824219,93.91999816894531,57.42319107055664,1594200,
2009-11-16,94.6500015258789,95.44999694824219,94.5199966430664,95.0199966430664,58.09575271606445,5175700,
2009-11-17,94.98999786376953,95.80000305175781,94.80999755859375,95.52999877929688,58.407562255859375,3174400,
2009-11-18,95.44000244140625,95.52999877929688,94.73999786376953,94.97000122070312,58.065181732177734,2413600,
2009-11-19,95.23999786376953,95.81999969482422,94.91000366210938,95.13999938964844,58.169071197509766,2969800,
2009-11-20,95.0,95.37000274658203,94.58999633789062,95.12000274658203,58.15691375732422,4136300,
2009-11-23,94.54000091552734,95.0999984741211,94.33999633789062,95.0,58.083534240722656,3219300,
2009-11-24,95.11000061035156,95.69999694824219,94.98999786376953,95.5999984741211,58.45038986206055,2895200,
2009-11-25,95.48999786376953,96.2300033569336,94.97000122070312,96.04000091552734,58.719383239746094,2789300,
2009-11-27,96.4000015258789,96.55999755859375,96.08999633789062,96.4000015258789,58.93950653076172,2249100,
2009-11-30,96.19999694824219,96.7300033569336,96.0,96.62999725341797,59.08010482788086,3115800,
2009-12-01,95.76000213623047,95.93000030517578,95.19000244140625,95.25,58.42201232910156,3979100,"{""dividend_amount"": 0.307}"
2009-12-02,95.29000091552734,95.95999908447266,94.98999786376953,95.33000183105469,58.47101974487305,2193900,
2009-12-03,94.43000030517578,94.83999633789062,94.23999786376953,94.33999633789062,57.86384201049805,3947300,
2009-12-04,93.29000091552734,93.6500015258789,92.91000366210938,93.33999633789062,57.25048065185547,6108100,
2009-12-07,93.2699966430664,93.73999786376953,93.08999633789062,93.45999908447266,57.32410430908203,2774200,
2009-12-08,94.05000305175781,94.37000274658203,93.37000274658203,93.5999984741211,57.40994644165039,2378600,
2009-12-09,93.69000244140625,94.05000305175781,92.68000030517578,93.16999816894531,57.14623260498047,3494300,
2009-12-10,92.69000244140625,92.80000305175781,91.94999694824219,92.0999984741211,56.489891052246094,4446300,
2009-12-11,91.83999633789062,92.26000213623047,91.30999755859375,92.08999633789062,56.48375701904297,3053400,
2009-12-14,92.3499984741211,92.5,92.05000305175781,92.19999694824219,56.55126190185547,2380400,
2009-12-15,91.56999969482422,92.0,91.48999786376953,91.79000091552734,56.29981231689453,2993900,
2009-12-16,91.93000030517578,92.25,91.36000061035156,91.68000030517578,56.23225402832031,3301600,
2009-12-17,92.5,93.2300033569336,92.19000244140625,93.19000244140625,57.15846252441406,4428900,
2009-12-18,93.19999694824219,93.5,92.6500015258789,92.79000091552734,56.91316223144531,3789500,
2009-12-21,92.05999755859375,92.19999694824219,91.13999938964844,91.13999938964844,55.901123046875,3524000,
2009-12-22,90.80000305175781,90.87000274658203,90.41999816894531,90.62999725341797,55.588321685791016,3078800,
2009-12-23,90.95999908447266,91.38999938964844,90.5,90.6500015258789,55.60053253173828,2336000,
2009-12-24,90.33000183105469,90.36000061035156,89.66999816894531,89.70999908447266,55.024009704589844,1698900,
2009-12-28,89.45999908447266,89.62999725341797,89.30000305175781,89.45999908447266,54.870670318603516,3170900,
2009-12-29,89.26000213623047,89.88999938964844,89.19999694824219,89.7300033569336,55.23258972167969,2617000,"{""dividend_amount"": 0.318}"
2009-12-30,89.91999816894531,90.4800033569336,89.86000061035156,90.31999969482422,55.59577178955078,1919100,
2009-12-31,89.76000213623047,90.11000061035156,89.05000305175781,89.88999938964844,55.33106231689453,3242400,
2010-01-04,89.83999633789062,90.0999984741211,89.58000183105469,89.80999755859375,55.281856536865234,2829100,
2010-01-05,90.05000305175781,90.62999725341797,90.0,90.38999938964844,55.63883972167969,2841600,
2010-01-06,90.16999816894531,90.26000213623047,89.12000274658203,89.18000030517578,54.894046783447266,4099600,
2010-01-07,89.22000122070312,89.63999938964844,89.12000274658203,89.33000183105469,54.98634719848633,2793200,
2010-01-08,89.51000213623047,89.55999755859375,88.76000213623047,89.29000091552734,54.96174621582031,2910700,
2010-01-11,88.98999786376953,89.36000061035156,88.7699966430664,88.80000305175781,54.66017532348633,2181300,
2010-01-12,90.16000366210938,90.38999938964844,89.83999633789062,90.31999969482422,55.59577178955078,4321200,
2010-01-13,89.93000030517578,90.27999877929688,89.22000122070312,89.2699966430664,54.949462890625,4755000,
2010-01-14,89.69000244140625,90.5199966430664,89.54000091552734,90.5199966430664,55.71887969970703,4188800,
2010-01-15,91.02999877929688,91.33000183105469,90.9800033569336,91.08000183105469,56.063575744628906,4142800,
2010-01-19,90.72000122070312,91.12000274658203,90.41999816894531,90.81999969482422,55.90353775024414,2496000,
2010-01-20,91.31999969482422,91.7699966430664,91.2699966430664,91.73999786376953,56.469844818115234,2800500,
2010-01-21,91.55000305175781,92.38999938964844,91.45999908447266,92.16000366210938,56.72835922241211,4363100,
2010-01-22,92.08999633789062,92.30999755859375,91.7699966430664,92.0,56.629878997802734,3666900,
2010-01-25,91.54000091552734,91.91999816894531,91.48999786376953,91.58000183105469,56.37137222290039,2419500,
2010-01-26,92.0199966430664,92.11000061035156,91.30999755859375,91.61000061035156,56.38977813720703,3138100,
2010-01-27,91.75,92.08999633789062,91.37000274658203,91.55999755859375,56.359046936035156,3325700,
2010-01-28,91.12999725341797,91.69999694824219,91.05999755859375,91.51000213623047,56.328216552734375,3058200,
2010-01-29,91.41000366210938,92.36000061035156,91.25,92.30999755859375,56.82067108154297,4930600,
2010-02-01,91.70999908447266,91.7300033569336,91.05000305175781,91.1500015258789,56.304908752441406,3598500,"{""dividend_amount"": 0.325}"
2010-02-02,91.18000030517578,91.44999694824219,91.04000091552734,91.41000366210938,56.46549987792969,3047500,
2010-02-03,90.80999755859375,90.97000122070312,90.2699966430664,90.3499984741211,55.81069564819336,5343700,
2010-02-04,90.98999786376953,91.81999969482422,90.9000015258789,91.77999877929688,56.69408416748047,6095000,
2010-02-05,91.37000274658203,92.41999816894531,91.20999908447266,91.9800033569336,56.81757354736328,6875800,
2010-02-08,91.87000274658203,92.1500015258789,91.6500015258789,92.0999984741211,56.89170837402344,3386000,
2010-02-09,91.73999786376953,92.22000122070312,91.13999938964844,91.18000030517578,56.32346725463867,4790000,
2010-02-10,91.31999969482422,91.5999984741211,90.19999694824219,90.30999755859375,55.78602981567383,5068000,
2010-02-11,90.19999694824219,90.27999877929688,89.37999725341797,89.81999969482422,55.48332595825195,5087500,
2010-02-12,90.30999755859375,90.41999816894531,89.94999694824219,90.19000244140625,55.71187210083008,2833800,
2010-02-16,89.7300033569336,90.44000244140625,89.7300033569336,90.36000061035156,55.81691360473633,2440900,
2010-02-17,89.91999816894531,90.08999633789062,89.08000183105469,89.33000183105469,55.180625915527344,4368200,
2010-02-18,89.45999908447266,89.5,88.51000213623047,88.97000122070312,54.95827865600586,5121800,
2010-02-19,89.23999786376953,89.51000213623047,88.9000015258789,89.44999694824219,55.2547721862793,3502500,
2010-02-22,89.12000274658203,89.31999969482422,88.91999816894531,89.08000183105469,55.026214599609375,3382600,
2010-02-23,89.33999633789062,90.54000091552734,89.30000305175781,90.47000122070312,55.88483810424805,5474500,
2010-02-24,90.55000305175781,90.87999725341797,90.18000030517578,90.69000244140625,56.020755767822266,4423200,
2010-02-25,91.18000030517578,91.29000091552734,90.9000015258789,91.19999694824219,56.3358039855957,3707700,
2010-02-26,91.45999908447266,92.05999755859375,91.41000366210938,91.66999816894531,56.62611770629883,4349100,
2010-03-01,91.33000183105469,91.52999877929688,90.95999908447266,91.33999633789062,56.601341247558594,2415200,"{""dividend_amount"": 0.29}"
2010-03-02,90.87999725341797,91.27999877929688,90.69999694824219,91.22000122070312,56.52701950073242,2260600,
2010-03-03,91.01000213623047,91.08000183105469,90.69999694824219,90.98999786376953,56.38444137573242,2156100,
2010-03-04,90.95999908447266,91.68000030517578,90.83000183105469,91.47000122070312,56.681907653808594,2374700,
2010-03-05,90.83000183105469,90.87000274658203,90.12000274658203,90.2699966430664,55.938270568847656,3823200,
2010-03-08,89.9000015258789,89.97000122070312,89.69999694824219,89.80000305175781,55.647037506103516,2850400,
2010-03-09,89.9800033569336,90.0,89.4000015258789,89.81999969482422,55.65940475463867,2573700,
2010-03-10,89.48999786376953,89.69999694824219,89.19000244140625,89.58999633789062,55.516902923583984,3216200,
2010-03-11,89.38999938964844,90.13999938964844,89.37000274658203,89.91999816894531,55.72135543823242,2621000,
2010-03-12,89.7699966430664,90.6500015258789,89.7300033569336,90.4800033569336,56.06838607788086,3099100,
2010-03-15,90.3499984741211,90.47000122070312,90.05000305175781,90.36000061035156,55.994056701660156,1936800,
2010-03-16,90.55999755859375,91.08999633789062,90.54000091552734,91.08000183105469,56.44021224975586,3932600,
2010-03-17,91.30999755859375,91.47000122070312,91.06999969482422,91.47000122070312,56.681907653808594,3481200,
2010-03-18,91.41999816894531,91.4800033569336,91.01000213623047,91.16999816894531,56.495975494384766,2750300,
2010-03-19,91.26000213623047,91.58000183105469,90.87000274658203,91.26000213623047,56.551734924316406,2976300,
2010-03-22,91.3499984741211,91.48999786376953,91.22000122070312,91.36000061035156,56.61375045776367,2452300,
2010-03-23,91.06999969482422,91.31999969482422,90.91000366210938,90.93000030517578,56.34726333618164,2910000,
2010-03-24,89.83999633789062,90.25,89.05999755859375,89.2699966430664,55.31859588623047,8049300,
2010-03-25,89.12999725341797,89.23999786376953,88.37000274658203,88.69999694824219,54.96541213989258,8268400,
2010-03-26,88.54000091552734,89.12000274658203,88.48999786376953,88.94999694824219,55.120323181152344,4110700,
2010-03-29,88.77999877929688,88.8499984741211,88.30999755859375,88.61000061035156,54.90961837768555,3245100,
2010-03-30,88.5199966430664,88.94999694824219,88.2699966430664,88.88999938964844,55.08312225341797,3254600,
2010-03-31,89.22000122070312,89.5199966430664,88.94999694824219,89.5,55.461097717285156,4263900,
2010-04-01,88.7699966430664,89.02999877929688,88.43000030517578,88.94999694824219,55.32555389404297,2912400,"{""dividend_amount"": 0.332}"
2010-04-05,87.9800033569336,88.13999938964844,87.41000366210938,87.47000122070312,54.40498733520508,5652000,
2010-04-06,87.80000305175781,87.8499984741211,87.3499984741211,87.61000061035156,54.49205017089844,3584600,
2010-04-07,87.44999694824219,88.91999816894531,87.30000305175781,88.7300033569336,55.188682556152344,6389900,
2010-04-08,88.88999938964844,89.12999725341797,88.4800033569336,88.7699966430664,55.213592529296875,3797600,
2010-04-09,88.61000061035156,89.05999755859375,88.41000366210938,88.9800033569336,55.34415817260742,2311300,
2010-04-12,89.16999816894531,89.55999755859375,89.08999633789062,89.44999694824219,55.63650894165039,2939600,
2010-04-13,89.88999938964844,89.94999694824219,89.5199966430664,89.73999786376953,55.81687927246094,3090900,
2010-04-14,89.76000213623047,89.87000274658203,89.11000061035156,89.11000061035156,55.42504119873047,3570100,
2010-04-15,88.8499984741211,89.5,88.68000030517578,89.20999908447266,55.487266540527344,3698000,
2010-04-16,89.4000015258789,89.98999786376953,89.23999786376953,89.86000061035156,55.891536712646484,8303900,
2010-04-19,89.87000274658203,90.02999877929688,89.5199966430664,89.63999938964844,55.75465774536133,3211500,
2010-04-20,89.8499984741211,89.98999786376953,89.63999938964844,89.95999908447266,55.953712463378906,2285000,
2010-04-21,90.2699966430664,90.83000183105469,90.26000213623047,90.69999694824219,56.41397476196289,4162200,
2010-04-22,90.9000015258789,91.08999633789062,90.33000183105469,90.43000030517578,56.24609375,2841400,
2010-04-23,90.20999908447266,90.36000061035156,89.87000274658203,90.11000061035156,56.047035217285156,4776000,
2010-04-26,90.51000213623047,90.6500015258789,89.94000244140625,90.20999908447266,56.10923385620117,4753900,
2010-04-27,90.8499984741211,91.91999816894531,90.69999694824219,91.4800033569336,56.899139404296875,13199200,
2010-04-28,91.12999725341797,91.3499984741211,90.4800033569336,90.69999694824219,56.41397476196289,8379500,
2010-04-29,90.86000061035156,91.22000122070312,90.5199966430664,91.08000183105469,56.650352478027344,4067200,
2010-04-30,91.27999877929688,92.16999816894531,91.11000061035156,92.12999725341797,57.30345153808594,6924800,
2010-05-03,91.41999816894531,92.0199966430664,91.27999877929688,91.69000244140625,57.22853088378906,4211800,"{""dividend_amount"": 0.32}"
2010-05-04,92.80999755859375,93.47000122070312,92.55999755859375,93.33999633789062,58.25841522216797,11054800,
2010-05-05,94.05999755859375,94.8499984741211,93.3499984741211,93.88999938964844,58.60165786743164,12219100,
2010-05-06,94.16000366210938,100.0,93.77999877929688,96.79000091552734,60.411746978759766,19578200,
2010-05-07,95.87999725341797,98.08999633789062,95.2699966430664,95.58000183105469,59.656463623046875,18740600,
2010-05-10,93.16000366210938,93.94000244140625,93.08999633789062,93.5999984741211,58.42070388793945,10240100,
2010-05-11,93.9800033569336,94.0199966430664,92.98999786376953,93.36000061035156,58.27088165283203,7729100,
2010-05-12,93.13999938964844,93.26000213623047,92.61000061035156,92.6500015258789,57.82772445678711,5530800,
2010-05-13,93.26000213623047,93.55000305175781,92.19999694824219,93.26000213623047,58.20844268798828,6849700,
2010-05-14,94.12000274658203,95.5,94.08999633789062,94.87999725341797,59.2196159362793,9796500,
2010-05-17,94.72000122070312,95.70999908447266,94.47000122070312,94.52999877929688,59.0011100769043,6302200,
2010-05-18,94.9000015258789,96.16999816894531,94.7699966430664,95.9800033569336,59.906150817871094,9904100,
2010-05-19,95.94000244140625,96.94999694824219,95.93000030517578,96.30000305175781,60.105918884277344,14121200,
2010-05-20,97.91000366210938,98.56999969482422,97.52999877929688,98.33000183105469,61.37294387817383,17666900,
2010-05-21,99.61000061035156,99.75,97.86000061035156,98.43000030517578,61.43536376953125,18670600,
2010-05-24,98.73999786376953,98.87000274658203,97.9000015258789,98.08999633789062,61.22311782836914,7721100,
2010-05-25,99.6500015258789,99.88999938964844,98.4000015258789,98.56999969482422,61.522727966308594,12952700,
2010-05-26,98.22000122070312,98.4000015258789,97.4000015258789,98.29000091552734,61.34793472290039,12644800,
2010-05-27,96.83000183105469,96.98999786376953,95.87999725341797,96.05999755859375,59.956085205078125,7653200,
2010-05-28,96.48999786376953,96.77999877929688,96.0199966430664,96.5,60.230716705322266,5805500,
2010-06-01,97.2300033569336,97.29000091552734,96.25,96.8499984741211,60.65410614013672,5536200,"{""dividend_amount"": 0.326}"
2010-06-02,96.98999786376953,97.19000244140625,95.81999969482422,95.93000030517578,60.07793045043945,5656400,
2010-06-03,95.20999908447266,95.91000366210938,95.0999984741211,95.2300033569336,59.63949966430664,8499500,
2010-06-04,96.94000244140625,97.94999694824219,96.69999694824219,97.79000091552734,61.24274826049805,7479600,
2010-06-07,97.5199966430664,98.58999633789062,97.33000183105469,98.54000091552734,61.712467193603516,5288200,
2010-06-08,97.93000030517578,98.51000213623047,97.76000213623047,98.05000305175781,61.405601501464844,5510800,
2010-06-09,97.5999984741211,98.12000274658203,97.20999908447266,97.94000244140625,61.33669662475586,5598000,
2010-06-10,97.19999694824219,97.29000091552734,96.08999633789062,96.19000244140625,60.24068069458008,6075100,
2010-06-11,97.08999633789062,97.80999755859375,96.61000061035156,97.41000366210938,61.00480270385742,6266700,
2010-06-14,96.31999969482422,97.04000091552734,96.22000122070312,96.91000366210938,60.691627502441406,5310400,
2010-06-15,97.11000061035156,97.25,96.05000305175781,96.51000213623047,60.44115447998047,4920100,
2010-06-16,97.19000244140625,97.22000122070312,96.38999938964844,97.05999755859375,60.78559494018555,4011100,
2010-06-17,97.1500015258789,98.2300033569336,97.06999969482422,97.8499984741211,61.28036117553711,5650900,
2010-06-18,97.88999938964844,98.11000061035156,97.56999969482422,97.69000244140625,61.18013000488281,4171700,
2010-06-21,96.45999908447266,97.55000305175781,96.41000366210938,97.41000366210938,61.00480270385742,5740900,
2010-06-22,97.68000030517578,98.5999984741211,97.41999816894531,98.56999969482422,61.73123550415039,5658900,
2010-06-23,98.61000061035156,99.56999969482422,98.56999969482422,99.23999786376953,62.15081787109375,9137800,
2010-06-24,99.3499984741211,99.58999633789062,98.3499984741211,98.6500015258789,61.781402587890625,6184600,
2010-06-25,98.31999969482422,99.33000183105469,98.16000366210938,99.05000305175781,62.031883239746094,5148300,
2010-06-28,99.5999984741211,100.0,99.41999816894531,99.9800033569336,62.61429977416992,5436000,
2010-06-29,100.31999969482422,101.12999725341797,100.16000366210938,101.06999969482422,63.29692459106445,7334200,
2010-06-30,101.41000366210938,101.79000091552734,100.80000305175781,101.75,63.722747802734375,7205700,
2010-07-01,101.56999969482422,102.66000366210938,101.37999725341797,101.5999984741211,63.82330322265625,12893400,"{""dividend_amount"": 0.31}"
2010-07-02,101.11000061035156,101.44000244140625,100.16000366210938,100.79000091552734,63.31448745727539,6297600,
2010-07-06,100.83000183105469,101.75,100.73999786376953,101.62000274658203,63.83583450317383,6620400,
2010-07-07,101.45999908447266,101.51000213623047,100.33999633789062,100.43000030517578,63.08832931518555,5727800,
2010-07-08,99.81999969482422,100.16000366210938,99.55000305175781,99.79000091552734,62.68631362915039,6260600,
2010-07-09,99.4000015258789,99.63999938964844,99.18000030517578,99.22000122070312,62.328208923339844,4286000,
2010-07-12,99.33000183105469,99.83999633789062,99.04000091552734,99.18000030517578,62.303096771240234,4062100,
2010-07-13,98.8499984741211,98.88999938964844,98.18000030517578,98.33000183105469,61.769168853759766,5842500,
2010-07-14,98.72000122070312,99.48999786376953,98.38999938964844,99.31999969482422,62.391048431396484,5417300,
2010-07-15,99.73999786376953,100.58999633789062,99.69999694824219,100.30999755859375,63.01295852661133,6996100,
2010-07-16,100.30999755859375,101.12999725341797,100.2699966430664,100.80000305175781,63.320743560791016,7512400,
2010-07-19,100.55999755859375,100.75,99.9800033569336,100.18000030517578,62.931304931640625,4305800,
2010-07-20,100.66999816894531,100.9000015258789,100.18000030517578,100.33000183105469,63.02545928955078,5076600,
2010-07-21,100.44999694824219,102.27999877929688,100.41000366210938,102.02999877929688,64.0934066772461,7894200,
2010-07-22,101.51000213623047,101.5199966430664,100.81999969482422,100.8499984741211,63.35215377807617,5759700,
2010-07-23,100.80000305175781,100.97000122070312,99.69000244140625,99.77999877929688,62.68000030517578,6259100,
2010-07-26,99.62999725341797,99.80999755859375,99.0,99.61000061035156,62.57320022583008,4856400,
2010-07-27,98.77999877929688,99.18000030517578,98.56999969482422,98.6500015258789,61.97018051147461,5328000,
2010-07-28,98.48999786376953,99.19000244140625,98.2699966430664,98.97000122070312,62.17119598388672,5507200,
2010-07-29,98.0999984741211,99.0199966430664,97.91999816894531,98.94000244140625,62.15237808227539,6305500,
2010-07-30,100.19999694824219,100.61000061035156,99.8499984741211,100.4800033569336,63.11970520019531,7683200,
2010-08-02,99.23999786376953,99.33000183105469,98.75,98.75,62.233665466308594,5769200,"{""dividend_amount"": 0.324}"
2010-08-03,99.19999694824219,99.66000366210938,98.93000030517578,99.31999969482422,62.59286880493164,4363500,
2010-08-04,99.5,99.51000213623047,98.55999755859375,98.55999755859375,62.11390686035156,3820400,
2010-08-05,99.33999633789062,99.48999786376953,98.83999633789062,99.0199966430664,62.403846740722656,3704200,
2010-08-06,99.79000091552734,100.20999908447266,99.48999786376953,100.0999984741211,63.084434509277344,6042400,
2010-08-09,99.73999786376953,99.9800033569336,99.61000061035156,99.7300033569336,62.85123825073242,2578500,
2010-08-10,100.05999755859375,101.01000213623047,99.47000122070312,99.94000244140625,62.98359298706055,11251000,
2010-08-11,100.30999755859375,101.38999938964844,100.30999755859375,101.27999877929688,63.82807159423828,6778300,
2010-08-12,101.58000183105469,101.94000244140625,100.87000274658203,101.02999877929688,63.67051696777344,7590100,
2010-08-13,101.62000274658203,102.44999694824219,101.4800033569336,102.29000091552734,64.46461486816406,7843600,
2010-08-16,104.20999908447266,104.88999938964844,104.06999969482422,104.8499984741211,66.07791137695312,7976200,
2010-08-17,104.8499984741211,104.86000061035156,104.0,104.25,65.69979095458984,6756800,
2010-08-18,105.0,105.6500015258789,104.48999786376953,104.52999877929688,65.87626647949219,7721600,
2010-08-19,104.79000091552734,106.61000061035156,104.63999938964844,106.16000366210938,66.90360260009766,13128500,
2010-08-20,106.41000366210938,106.83000183105469,105.83999633789062,106.04000091552734,66.82791900634766,7040300,
2010-08-23,105.6500015258789,106.19000244140625,105.25,106.05999755859375,66.84049987792969,6360100,
2010-08-24,107.04000091552734,108.12999725341797,106.66999816894531,107.76000213623047,67.91190338134766,9812100,
2010-08-25,108.80000305175781,109.33999633789062,107.06999969482422,107.41000366210938,67.6913070678711,13299800,
2010-08-26,107.55999755859375,108.48999786376953,107.29000091552734,108.41999816894531,68.32783508300781,7039900,
2010-08-27,107.7699966430664,108.33000183105469,105.19999694824219,105.3499984741211,66.39307403564453,13514000,
2010-08-30,106.20999908447266,107.4000015258789,105.81999969482422,107.37000274658203,67.66612243652344,5535300,
2010-08-31,108.22000122070312,108.6500015258789,107.62000274658203,108.55999755859375,68.4159927368164,8397000,
2010-09-01,107.0199966430664,107.05000305175781,105.08999633789062,106.0,67.0014419555664,12480700,"{""dividend_amount"": 0.322}"
2010-09-02,105.19999694824219,105.30000305175781,104.4000015258789,104.87999725341797,66.29347229003906,8167600,
2010-09-03,102.72000122070312,103.94000244140625,102.69999694824219,103.58000183105469,65.47179412841797,9210700,
2010-09-07,105.08999633789062,105.77999877929688,104.80999755859375,105.69999694824219,66.81181335449219,6018400,
2010-09-08,105.08999633789062,105.20999908447266,104.36000061035156,104.86000061035156,66.28085327148438,6698400,
2010-09-09,103.69999694824219,103.83999633789062,102.63999938964844,102.79000091552734,64.97241973876953,8588900,
2010-09-10,102.25,102.69999694824219,101.8499984741211,102.31999969482422,64.67530822753906,6910300,
2010-09-13,101.80000305175781,103.05000305175781,101.7699966430664,102.81999969482422,64.9913558959961,7054800,
2010-09-14,103.02999877929688,103.81999969482422,102.97000122070312,103.80999755859375,65.6171646118164,5978100,
2010-09-15,102.75,103.26000213623047,102.13999938964844,102.2699966430664,64.64376068115234,7919100,
2010-09-16,101.52999877929688,101.81999969482422,100.8499984741211,101.26000213623047,64.00534057617188,17116200,
2010-09-17,101.83000183105469,102.16000366210938,101.31999969482422,101.66999816894531,64.26448822021484,9203600,
2010-09-20,102.1500015258789,102.44999694824219,101.69000244140625,102.26000213623047,64.63740539550781,5277800,
2010-09-21,102.66999816894531,104.0199966430664,102.26000213623047,103.68000030517578,65.53498840332031,12664000,
2010-09-22,104.55000305175781,105.06999969482422,103.8499984741211,104.61000061035156,66.122802734375,8229400,
2010-09-23,105.41000366210938,105.45999908447266,104.23999786376953,104.91000366210938,66.31246185302734,7412200,
2010-09-24,103.95999908447266,104.11000061035156,103.5,103.5,65.42118835449219,8942500,
2010-09-27,104.52999877929688,105.44999694824219,104.4800033569336,105.30000305175781,66.55896759033203,7061600,
2010-09-28,105.37999725341797,106.31999969482422,105.33999633789062,106.0199966430664,67.01407623291016,8262900,
2010-09-29,106.16999816894531,106.2699966430664,105.3499984741211,105.58000183105469,66.7359390258789,5507100,
2010-09-30,105.4000015258789,105.58999633789062,104.02999877929688,105.51000213623047,66.69168090820312,10618400,
2010-10-01,104.2300033569336,105.13999938964844,103.9800033569336,104.61000061035156,66.36937713623047,9368400,"{""dividend_amount"": 0.392}"
2010-10-04,104.62000274658203,104.93000030517578,104.41000366210938,104.87999725341797,66.54067993164062,4422700,
2010-10-05,104.7300033569336,104.80999755859375,103.93000030517578,104.25,66.14098358154297,8491800,
2010-10-06,104.9000015258789,106.0999984741211,104.86000061035156,105.55999755859375,66.97215270996094,6476100,
2010-10-07,105.16999816894531,105.37999725341797,104.66999816894531,104.68000030517578,66.41382598876953,5780700,
2010-10-08,104.87000274658203,105.45999908447266,104.22000122070312,104.22000122070312,66.1219482421875,6128700,
2010-10-11,104.11000061035156,104.43000030517578,103.94000244140625,104.23999786376953,66.13468170166016,1474200,
2010-10-12,104.41000366210938,104.76000213623047,103.18000030517578,103.20999908447266,65.48117065429688,6122400,
2010-10-13,102.3499984741211,103.12000274658203,102.04000091552734,103.05000305175781,65.37968444824219,8168400,
2010-10-14,103.29000091552734,103.6500015258789,101.47000122070312,101.51000213623047,64.40263366699219,10945000,
2010-10-15,100.5999984741211,101.05000305175781,99.88999938964844,100.2699966430664,63.615936279296875,12694700,
2010-10-18,101.19999694824219,101.44999694824219,100.77999877929688,101.08000183105469,64.12980651855469,5592200,
2010-10-19,100.58000183105469,102.08999633789062,100.55000305175781,101.69000244140625,64.51681518554688,8017500,
2010-10-20,101.37000274658203,102.27999877929688,101.20999908447266,101.91000366210938,64.65640258789062,5515800,
2010-10-21,101.69000244140625,101.91000366210938,100.69000244140625,100.69999694824219,63.88874053955078,6836100,
2010-10-22,100.44000244140625,101.47000122070312,100.41000366210938,101.37999725341797,64.32017517089844,4770700,
2010-10-25,102.12000274658203,102.29000091552734,101.55000305175781,101.66999816894531,64.504150390625,5632300,
2010-10-26,100.86000061035156,101.05999755859375,100.05000305175781,100.0999984741211,63.50802993774414,8432000,
2010-10-27,99.68000030517578,100.16999816894531,99.22000122070312,99.22000122070312,62.94972229003906,9245200,
2010-10-28,99.58000183105469,99.83000183105469,99.16000366210938,99.48999786376953,63.12104415893555,8052600,
2010-10-29,99.81999969482422,100.45999908447266,99.62000274658203,100.41999816894531,63.711097717285156,6753800,
2010-11-01,100.80000305175781,100.80999755859375,99.48999786376953,99.66999816894531,63.436729431152344,5921000,"{""dividend_amount"": 0.319}"
2010-11-02,100.45999908447266,101.08999633789062,100.41999816894531,100.9800033569336,64.27053833007812,6537400,
2010-11-03,101.7300033569336,102.2699966430664,98.43000030517578,98.91999816894531,62.95944595336914,25541800,
2010-11-04,99.16999816894531,99.87000274658203,99.08000183105469,99.69000244140625,63.44953536987305,13246500,
2010-11-05,98.3499984741211,98.80000305175781,97.9800033569336,97.9800033569336,62.36109924316406,12435000,
2010-11-08,98.58999633789062,98.91999816894531,97.81999969482422,98.41999816894531,62.641170501708984,6795200,
2010-11-09,98.48999786376953,98.5199966430664,96.19000244140625,96.25,61.260066986083984,15061700,
2010-11-10,96.3499984741211,96.73999786376953,95.0,96.37999725341797,61.3427734375,18540400,
2010-11-11,96.44999694824219,96.62999725341797,96.13999938964844,96.33000183105469,61.311004638671875,3368100,
2010-11-12,96.20999908447266,96.73999786376953,95.80999755859375,95.80999755859375,60.979957580566406,11739500,
2010-11-15,95.33000183105469,95.72000122070312,93.80999755859375,93.80999755859375,59.70705795288086,14978700,
2010-11-16,94.91000366210938,96.25,93.98999786376953,96.13999938964844,61.190040588378906,19901300,
2010-11-17,95.80000305175781,96.76000213623047,95.33999633789062,95.61000061035156,60.852725982666016,9915600,
2010-11-18,95.68000030517578,96.0,94.80000305175781,96.0,61.100929260253906,12424800,
2010-11-19,96.08999633789062,96.58999633789062,95.79000091552734,96.58999633789062,61.47645950317383,8359500,
2010-11-22,97.37000274658203,97.62000274658203,96.23999786376953,97.0,61.737403869628906,10413500,
2010-11-23,97.66999816894531,97.94999694824219,97.23999786376953,97.4800033569336,62.042903900146484,9566900,
2010-11-24,96.80999755859375,96.98999786376953,95.58000183105469,95.73999786376953,60.9354362487793,11467600,
2010-11-26,96.72000122070312,97.12000274658203,96.55000305175781,97.06999969482422,61.781959533691406,4848900,
2010-11-29,97.55999755859375,97.94999694824219,97.08999633789062,97.9000015258789,62.310203552246094,8950000,
2010-11-30,99.20999908447266,99.2699966430664,98.11000061035156,98.41000366210938,62.63481140136719,11947600,
2010-12-01,96.6500015258789,97.11000061035156,95.88999938964844,95.88999938964844,61.242496490478516,15441200,"{""dividend_amount"": 0.34}"
2010-12-02,95.95999908447266,96.54000091552734,95.52999877929688,95.63999938964844,61.082855224609375,9318700,
2010-12-03,96.27999877929688,96.33000183105469,94.8499984741211,94.88999938964844,60.60384750366211,10194800,
2010-12-06,95.5199966430664,96.25,95.30999755859375,96.2300033569336,61.45965576171875,7001800,
2010-12-07,94.72000122070312,94.91999816894531,93.16000366210938,94.16999816894531,60.14394760131836,18533100,
2010-12-08,93.72000122070312,93.80000305175781,92.11000061035156,93.26000213623047,59.56277084350586,19275900,
2010-12-09,93.5999984741211,94.2699966430664,92.7300033569336,93.72000122070312,59.85660934448242,17477100,
2010-12-10,93.29000091552734,93.86000061035156,93.13999938964844,93.1500015258789,59.49251937866211,7078500,
2010-12-13,93.05000305175781,94.02999877929688,92.55999755859375,93.5,59.71607971191406,12399900,
2010-12-14,92.4000015258789,93.0199966430664,91.44000244140625,92.13999938964844,58.84746170043945,23516400,
2010-12-15,92.08000183105469,92.23999786376953,90.47000122070312,90.94000244140625,58.08108139038086,26084000,
2010-12-16,91.02999877929688,91.58000183105469,90.56999969482422,91.56999969482422,58.483421325683594,17939000,
2010-12-17,91.87999725341797,93.7699966430664,91.86000061035156,93.23999786376953,59.55001449584961,16849700,
2010-12-20,93.75,94.2300033569336,92.63999938964844,93.13999938964844,59.48613739013672,13703500,
2010-12-21,93.12999725341797,93.79000091552734,92.48999786376953,93.79000091552734,59.901309967041016,8985100,
2010-12-22,93.47000122070312,93.55000305175781,92.93000030517578,93.12000274658203,59.47340393066406,6440900,
2010-12-23,93.18000030517578,93.2300033569336,92.52999877929688,92.93000030517578,59.352020263671875,7091800,
2010-12-27,92.76000213623047,93.87999725341797,92.30000305175781,93.76000213623047,59.882164001464844,5285900,
2010-12-28,92.93000030517578,93.06999969482422,91.30999755859375,91.61000061035156,58.70933151245117,13972100,"{""dividend_amount"": 0.32}"
2010-12-29,91.76000213623047,93.5199966430664,91.47000122070312,93.16000366210938,59.70267105102539,13115400,
2010-12-30,92.87999725341797,93.27999877929688,92.41000366210938,93.08999633789062,59.65784454345703,7029900,
2010-12-31,93.51000213623047,94.69999694824219,93.44000244140625,94.12000274658203,60.31790542602539,8516000,
2011-01-03,93.19999694824219,94.30999755859375,92.94999694824219,93.41000366210938,59.862884521484375,13799400,
2011-01-04,93.41000366210938,93.7699966430664,92.91000366210938,93.5199966430664,59.93335723876953,10466900,
2011-01-05,92.48999786376953,92.69000244140625,91.19000244140625,91.45999908447266,58.61320877075195,17568000,
2011-01-06,91.54000091552734,92.12000274658203,91.16000366210938,91.86000061035156,58.869590759277344,9317500,
2011-01-07,91.51000213623047,92.62999725341797,91.02999877929688,92.3499984741211,59.18357467651367,12694600,
2011-01-10,92.58000183105469,92.98999786376953,92.18000030517578,92.8499984741211,59.504058837890625,8295200,
2011-01-11,92.48999786376953,92.5999984741211,91.69000244140625,92.33000183105469,59.17074203491211,9495400,
2011-01-12,91.73999786376953,92.16999816894531,91.44999694824219,91.61000061035156,58.70933151245117,9522900,
2011-01-13,91.62000274658203,92.7699966430664,91.44999694824219,92.43000030517578,59.23484420776367,14502400,
2011-01-14,92.77999877929688,92.9000015258789,91.76000213623047,91.83999633789062,58.85671615600586,8960700,
2011-01-18,91.29000091552734,91.70999908447266,90.7300033569336,91.41000366210938,58.581138610839844,10663600,
2011-01-19,91.41000366210938,92.06999969482422,91.36000061035156,92.06999969482422,59.00416946411133,8886900,
2011-01-20,91.5,91.61000061035156,90.38999938964844,90.80000305175781,58.19023895263672,14203400,
2011-01-21,90.69000244140625,91.5199966430664,90.51000213623047,91.5199966430664,58.65169906616211,9085600,
2011-01-24,91.87000274658203,91.9000015258789,91.37999725341797,91.55999755859375,58.67729949951172,7700200,
2011-01-25,91.94000244140625,92.9000015258789,91.31999969482422,92.43000030517578,59.23484420776367,13438100,
2011-01-26,92.22000122070312,92.26000213623047,90.88999938964844,91.02999877929688,58.33763122558594,13322900,
2011-01-27,91.06999969482422,91.6500015258789,90.66999816894531,91.44000244140625,58.600440979003906,10868700,
2011-01-28,90.80999755859375,92.27999877929688,90.7699966430664,91.91999816894531,58.90803146362305,11993200,
2011-01-31,91.66000366210938,91.9800033569336,91.05000305175781,91.22000122070312,58.459415435791016,8647600,
2011-02-01,90.55000305175781,90.83999633789062,90.13999938964844,90.44999694824219,58.170021057128906,11508400,"{""dividend_amount"": 0.32}"
2011-02-02,90.9000015258789,91.0,89.9000015258789,90.47000122070312,58.182830810546875,13624600,
2011-02-03,89.95999908447266,90.56999969482422,89.70999908447266,89.72000122070312,57.70051956176758,12785800,
2011-02-04,89.5,89.6500015258789,88.7699966430664,88.80999755859375,57.11528778076172,17172200,
2011-02-07,88.69999694824219,89.30000305175781,88.56999969482422,89.2699966430664,57.411136627197266,8554800,
2011-02-08,89.30999755859375,89.54000091552734,88.36000061035156,88.44999694824219,56.8837776184082,10454200,
2011-02-09,88.69000244140625,89.66000366210938,88.13999938964844,89.22000122070312,57.37893295288086,13078600,
2011-02-10,88.9000015258789,89.13999938964844,88.18000030517578,88.19000244140625,56.716575622558594,10486800,
2011-02-11,89.02999877929688,89.52999877929688,88.73999786376953,89.45999908447266,57.53333282470703,11333400,
2011-02-14,89.30999755859375,89.93000030517578,89.30999755859375,89.5199966430664,57.57191467285156,8033500,
2011-02-15,89.55999755859375,89.97000122070312,89.37000274658203,89.91999816894531,57.829158782958984,7298000,
2011-02-16,89.87000274658203,90.31999969482422,89.33999633789062,89.62999725341797,57.64260482788086,8446300,
2011-02-17,90.0199966430664,90.18000030517578,89.66000366210938,89.7699966430664,57.73270797729492,6732500,
2011-02-18,89.41999816894531,89.55000305175781,89.08000183105469,89.48999786376953,57.55257797241211,6080700,
2011-02-22,89.91000366210938,90.94000244140625,89.70999908447266,90.83000183105469,58.41440200805664,11905700,
2011-02-23,91.0999984741211,91.55000305175781,90.73999786376953,91.16000366210938,58.62664794921875,14522600,
2011-02-24,91.62999725341797,92.04000091552734,91.44000244140625,91.73999786376953,58.99959182739258,12110900,
2011-02-25,91.73999786376953,92.27999877929688,91.63999938964844,92.27999877929688,59.346923828125,6841700,
2011-02-28,92.30000305175781,92.5199966430664,92.08000183105469,92.4000015258789,59.42412185668945,9682500,
2011-03-01,91.5199966430664,92.4000015258789,91.47000122070312,92.37000274658203,59.59635925292969,8048700,"{""dividend_amount"": 0.297}"
2011-03-02,91.83999633789062,91.98999786376953,90.94000244140625,90.94999694824219,58.68015670776367,8526400,
2011-03-03,90.52999877929688,90.77999877929688,89.9800033569336,90.05999755859375,58.10590744018555,10607600,
2011-03-04,90.0999984741211,90.8499984741211,90.0,90.80999755859375,58.58984375,9316200,
2011-03-07,90.0199966430664,90.86000061035156,89.8499984741211,90.2300033569336,58.21566390991211,7522300,
2011-03-08,90.11000061035156,90.33999633789062,89.6500015258789,89.68000030517578,57.86077880859375,8498700,
2011-03-09,90.08999633789062,90.81999969482422,89.8499984741211,90.55000305175781,58.422080993652344,8904800,
2011-03-10,90.87000274658203,92.0999984741211,90.63999938964844,92.06999969482422,59.40278625488281,13385800,
2011-03-11,92.04000091552734,92.08000183105469,91.33000183105469,91.55000305175781,59.06734848022461,8407600,
2011-03-14,91.4800033569336,91.91999816894531,91.31999969482422,91.51000213623047,59.041507720947266,6765200,
2011-03-15,92.80000305175781,93.05000305175781,92.36000061035156,92.87999725341797,59.925411224365234,14893800,
2011-03-16,93.37000274658203,94.94000244140625,93.08000183105469,93.93000030517578,60.60283660888672,24294200,
2011-03-17,93.23999786376953,93.61000061035156,92.76000213623047,93.20999908447266,60.13829040527344,10528500,
2011-03-18,92.75,93.4800033569336,92.69000244140625,93.45999908447266,60.29961013793945,7260900,
2011-03-21,93.12999725341797,93.18000030517578,92.56999969482422,92.91000366210938,59.944766998291016,10542900,
2011-03-22,92.80999755859375,93.29000091552734,92.73999786376953,93.22000122070312,60.14476776123047,6904700,
2011-03-23,93.8499984741211,93.87999725341797,92.93000030517578,93.0999984741211,60.0673828125,8358000,
2011-03-24,92.76000213623047,92.87999725341797,92.38999938964844,92.4000015258789,59.61573028564453,9477600,
2011-03-25,92.86000061035156,92.95999908447266,92.0199966430664,92.16999816894531,59.46732711791992,6447200,
2011-03-28,92.12000274658203,92.66999816894531,92.0,92.30000305175781,59.55116653442383,3996800,
2011-03-29,91.9800033569336,92.5,91.56999969482422,91.58999633789062,59.0931396484375,6487200,
2011-03-30,91.72000122070312,92.31999969482422,91.55999755859375,92.31999969482422,59.56409454345703,5048300,
2011-03-31,92.66999816894531,92.72000122070312,91.61000061035156,92.12999725341797,59.44154357910156,9654300,
2011-04-01,91.5,92.2699966430664,91.41999816894531,92.19000244140625,59.730472564697266,7860400,"{""dividend_amount"": 0.386}"
2011-04-04,92.19999694824219,92.58000183105469,92.12999725341797,92.29000091552734,59.79528045654297,4469100,
2011-04-05,92.16000366210938,92.37999725341797,91.66999816894531,91.91999816894531,59.55552291870117,9951600,
2011-04-06,91.7699966430664,91.79000091552734,90.54000091552734,90.54000091552734,58.661415100097656,9090900,
2011-04-07,90.52999877929688,90.76000213623047,90.12999725341797,90.36000061035156,58.54478454589844,9265100,
2011-04-08,89.93000030517578,90.31999969482422,89.8499984741211,89.87999725341797,58.23381423950195,7605700,
2011-04-11,89.83000183105469,90.22000122070312,89.6500015258789,89.95999908447266,58.28562545776367,5734000,
2011-04-12,90.61000061035156,91.23999786376953,90.55999755859375,90.93000030517578,58.91408920288086,7686500,
2011-04-13,90.54000091552734,91.5,90.44000244140625,91.5,59.28346252441406,7959300,
2011-04-14,91.54000091552734,91.7699966430664,91.22000122070312,91.43000030517578,59.238059997558594,7609600,
2011-04-15,92.26000213623047,92.70999908447266,92.06999969482422,92.66999816894531,60.041500091552734,10222900,
2011-04-18,91.98999786376953,93.0999984741211,91.44999694824219,92.87999725341797,60.177486419677734,12036700,
2011-04-19,92.86000061035156,93.27999877929688,92.76000213623047,93.27999877929688,60.436737060546875,5295100,
2011-04-20,93.06999969482422,93.26000213623047,92.61000061035156,92.68000030517578,60.0479736328125,6754100,
2011-04-21,92.88999938964844,93.2300033569336,92.55999755859375,92.5999984741211,59.996070861816406,3365600,
2011-04-25,92.62999725341797,92.97000122070312,92.5,92.94999694824219,60.22285079956055,3626900,
2011-04-26,93.2699966430664,93.87000274658203,93.18000030517578,93.8499984741211,60.80599594116211,7506300,
2011-04-27,93.44000244140625,93.56999969482422,92.75,92.88999938964844,60.18398666381836,8869300,
2011-04-28,93.22000122070312,93.5999984741211,92.97000122070312,93.5999984741211,60.64400100708008,8110200,
2011-04-29,93.47000122070312,93.91999816894531,93.3499984741211,93.88999938964844,60.8318977355957,5900000,
2011-05-02,93.31999969482422,93.68000030517578,93.16999816894531,93.63999938964844,60.929542541503906,5285100,"{""dividend_amount"": 0.4}"
2011-05-03,93.95999908447266,94.16999816894531,93.58000183105469,94.16999816894531,61.274417877197266,6486600,
2011-05-04,94.30999755859375,94.72000122070312,94.2699966430664,94.58999633789062,61.547672271728516,7406300,
2011-05-05,94.91999816894531,95.62999725341797,94.80999755859375,95.48999786376953,62.13324737548828,9600000,
2011-05-06,94.51000213623047,95.48999786376953,94.3499984741211,95.06999969482422,61.859981536865234,9451500,
2011-05-09,94.9000015258789,95.19999694824219,94.83999633789062,94.97000122070312,61.79498291015625,3731200,
2011-05-10,94.69999694824219,94.88999938964844,94.29000091552734,94.29000091552734,61.35245895385742,5458300,
2011-05-11,94.31999969482422,95.08999633789062,94.18000030517578,94.83000183105469,61.70383071899414,6078700,
2011-05-12,94.94999694824219,95.11000061035156,93.91000366210938,94.2300033569336,61.31344985961914,8015800,
2011-05-13,94.6500015258789,95.48999786376953,94.52999877929688,95.08000183105469,61.86652374267578,8380000,
2011-05-16,95.02999877929688,95.79000091552734,94.76000213623047,95.61000061035156,62.211341857910156,6053600,
2011-05-17,96.02999877929688,96.5999984741211,95.9800033569336,96.58999633789062,62.849056243896484,9826900,
2011-05-18,96.2699966430664,96.38999938964844,95.27999877929688,95.30999755859375,62.01621627807617,7707600,
2011-05-19,94.45999908447266,95.31999969482422,94.45999908447266,95.2699966430664,61.990108489990234,8052400,
2011-05-20,95.0199966430664,95.41000366210938,94.72000122070312,95.31999969482422,62.02267074584961,5602300,
2011-05-23,95.7300033569336,96.19000244140625,95.58999633789062,95.77999877929688,62.32194900512695,6300000,
2011-05-24,95.63999938964844,96.13999938964844,95.45999908447266,96.13999938964844,62.556236267089844,5549100,
2011-05-25,96.1500015258789,96.27999877929688,95.54000091552734,95.69000244140625,62.263423919677734,5664500,
2011-05-26,95.97000122070312,96.55000305175781,95.88999938964844,96.51000213623047,62.7969856262207,8307900,
2011-05-27,96.12999725341797,96.51000213623047,95.87999725341797,96.47000122070312,62.77093505859375,5390600,
2011-05-31,96.18000030517578,96.76000213623047,96.08999633789062,96.69000244140625,62.914100646972656,7003900,
2011-06-01,96.91999816894531,97.72000122070312,96.88999938964844,97.63999938964844,63.76434326171875,12746400,"{""dividend_amount"": 0.352}"
2011-06-02,96.48999786376953,96.91000366210938,95.77999877929688,95.77999877929688,62.5496940612793,15738700,
2011-06-03,96.58000183105469,96.5999984741211,95.56999969482422,96.33000183105469,62.90884017944336,10644100,
2011-06-06,95.47000122070312,95.98999786376953,95.20999908447266,95.5999984741211,62.432132720947266,8776900,
2011-06-07,95.2300033569336,96.05999755859375,95.12000274658203,96.04000091552734,62.71949005126953,7399200,
2011-06-08,96.26000213623047,96.83999633789062,96.16999816894531,96.79000091552734,63.20930480957031,7401800,
2011-06-09,97.0999984741211,97.33000183105469,95.93000030517578,96.4000015258789,62.9545783996582,9963000,
2011-06-10,96.91000366210938,97.38999938964844,96.80000305175781,97.13999938964844,63.43783187866211,7710800,
2011-06-13,96.73999786376953,97.29000091552734,96.63999938964844,96.6500015258789,63.11781692504883,5540000,
2011-06-14,95.73999786376953,95.9000015258789,95.12999725341797,95.19000244140625,62.16439437866211,8672400,
2011-06-15,95.37999725341797,96.94000244140625,95.37000274658203,96.91999816894531,63.29414367675781,12979100,
2011-06-16,97.0999984741211,97.52999877929688,96.80000305175781,97.36000061035156,63.581512451171875,10961200,
2011-06-17,96.86000061035156,97.1500015258789,96.63999938964844,96.9000015258789,63.28110885620117,9622900,
2011-06-20,97.33000183105469,97.36000061035156,96.58999633789062,97.0199966430664,63.359458923339844,6613800,
2011-06-21,96.69999694824219,97.02999877929688,96.2699966430664,96.58999633789062,63.07868194580078,7894900,
2011-06-22,96.95999908447266,97.05999755859375,96.41000366210938,96.6500015258789,63.11781692504883,5503700,
2011-06-23,97.23999786376953,97.73999786376953,97.1500015258789,97.38999938964844,63.601112365722656,8586800,
2011-06-24,97.36000061035156,97.69000244140625,96.9800033569336,96.9800033569336,63.33332061767578,7960900,
2011-06-27,96.8499984741211,96.87000274658203,95.55000305175781,95.6500015258789,62.46475601196289,9331300,
2011-06-28,95.4800033569336,95.68000030517578,94.72000122070312,94.87999725341797,61.96195983886719,12634300,
2011-06-29,94.94999694824219,95.19999694824219,94.0199966430664,94.25,61.550540924072266,11084900,
2011-06-30,94.2300033569336,94.30999755859375,93.13999938964844,94.0999984741211,61.45253372192383,11555600,
2011-07-01,94.12999725341797,94.2300033569336,93.36000061035156,93.62999725341797,61.35422134399414,6637200,"{""dividend_amount"": 0.32}"
2011-07-05,94.04000091552734,94.16999816894531,93.69000244140625,93.83999633789062,61.491886138916016,4615600,
2011-07-06,94.19000244140625,94.44999694824219,93.83999633789062,94.31999969482422,61.806400299072266,5652700,
2011-07-07,93.83000183105469,94.13999938964844,93.55000305175781,94.04000091552734,61.622947692871094,6823700,
2011-07-08,94.83999633789062,95.61000061035156,94.83000183105469,95.37000274658203,62.49443435668945,12129300,
2011-07-11,96.04000091552734,96.80000305175781,95.75,96.80000305175781,63.4315299987793,9760800,
2011-07-12,97.30000305175781,97.30999755859375,96.55999755859375,97.12999725341797,63.64775085449219,9083900,
2011-07-13,96.70999908447266,97.43000030517578,96.11000061035156,97.4000015258789,63.82466506958008,13112200,
2011-07-14,96.62000274658203,97.9000015258789,96.01000213623047,96.01000213623047,62.91383743286133,11471500,
2011-07-15,95.29000091552734,96.19999694824219,95.23999786376953,96.16999816894531,63.01869583129883,7086200,
2011-07-18,96.05999755859375,96.16999816894531,95.19999694824219,95.23999786376953,62.40925979614258,8206500,
2011-07-19,95.31999969482422,97.2699966430664,95.16999816894531,97.22000122070312,63.706783294677734,15249400,
2011-07-20,96.72000122070312,96.83999633789062,95.87000274658203,96.06999969482422,62.953125,9673300,
2011-07-21,95.23999786376953,95.86000061035156,94.9000015258789,95.33000183105469,62.46820831298828,11099200,
2011-07-22,95.69000244140625,96.08999633789062,95.52999877929688,96.05000305175781,62.94004821777344,4974500,
2011-07-25,94.97000122070312,96.05000305175781,94.83000183105469,95.0,62.252010345458984,10869400,
2011-07-26,95.30000305175781,95.87000274658203,95.23999786376953,95.6500015258789,62.677955627441406,7682800,
2011-07-27,95.33999633789062,95.83999633789062,95.0999984741211,95.66000366210938,62.68446350097656,11224200,
2011-07-28,96.11000061035156,96.30999755859375,95.70999908447266,96.0199966430664,62.92037582397461,7081600,
2011-07-29,96.88999938964844,98.52999877929688,96.77999877929688,97.91999816894531,64.1654052734375,19582400,
2011-08-01,97.38999938964844,98.94000244140625,97.3499984741211,98.58000183105469,64.81301879882812,14348200,"{""dividend_amount"": 0.325}"
2011-08-02,99.22000122070312,101.56999969482422,98.88999938964844,101.54000091552734,66.75910949707031,20850600,
2011-08-03,101.56999969482422,103.41999816894531,101.36000061035156,101.73999786376953,66.89066314697266,21179700,
2011-08-04,102.37999725341797,105.55000305175781,102.2699966430664,105.36000061035156,69.2706298828125,34076600,
2011-08-05,103.44000244140625,105.5,102.27999877929688,102.31999969482422,67.27192687988281,41677700,
2011-08-08,103.18000030517578,105.79000091552734,102.94999694824219,105.55000305175781,69.39556121826172,38259500,
2011-08-09,105.01000213623047,109.37000274658203,103.0,105.87000274658203,69.60594940185547,39881400,
2011-08-10,107.62999725341797,109.06999969482422,106.94000244140625,109.0199966430664,71.67697143554688,46221000,
2011-08-11,107.33999633789062,107.80999755859375,103.19999694824219,103.5199966430664,68.06095123291016,37790100,
2011-08-12,104.44000244140625,105.66000366210938,104.06999969482422,105.56999969482422,69.40869903564453,15590800,
2011-08-15,104.94000244140625,105.4800033569336,104.47000122070312,104.5,68.70520782470703,10051700,
2011-08-16,104.66000366210938,106.63999938964844,104.62999725341797,106.2300033569336,69.8426513671875,15993200,
2011-08-17,106.31999969482422,108.0999984741211,105.7699966430664,108.08999633789062,71.06552124023438,15906600,
2011-08-18,110.08999633789062,112.13999938964844,109.27999877929688,110.30999755859375,72.5251235961914,27274600,
2011-08-19,110.6500015258789,111.41000366210938,110.2300033569336,111.19999694824219,73.11027526855469,15708400,
2011-08-22,110.45999908447266,111.26000213623047,110.38999938964844,110.91999816894531,72.9261703491211,13157700,
2011-08-23,109.76000213623047,111.16999816894531,109.3499984741211,109.38999938964844,71.92025756835938,16017800,
2011-08-24,109.29000091552734,109.41000366210938,106.1500015258789,106.27999877929688,69.87549591064453,14621600,
2011-08-25,106.69000244140625,107.9000015258789,106.36000061035156,107.43000030517578,70.63158416748047,10565900,
2011-08-26,108.69000244140625,109.2699966430664,107.33000183105469,108.48999786376953,71.32853698730469,11504800,
2011-08-29,106.69999694824219,107.4000015258789,106.5999984741211,106.98999786376953,70.34231567382812,6764300,
2011-08-30,108.43000030517578,109.1500015258789,108.25,108.70999908447266,71.47321319580078,9508700,
2011-08-31,108.80999755859375,108.95999908447266,107.02999877929688,107.02999877929688,70.36865997314453,12186000,
2011-09-01,107.47000122070312,108.9800033569336,106.08000183105469,108.97000122070312,71.86031341552734,10686600,"{""dividend_amount"": 0.322}"
2011-09-02,111.38999938964844,112.58000183105469,110.66000366210938,112.51000213623047,74.1947250366211,16557100,
2011-09-06,114.41999816894531,114.93000030517578,113.38999938964844,113.68000030517578,74.9662857055664,14016200,
2011-09-07,112.27999877929688,112.37000274658203,111.30999755859375,111.51000213623047,73.53532409667969,11524300,
2011-09-08,112.30000305175781,112.62999725341797,111.33999633789062,112.51000213623047,74.1947250366211,11480900,
2011-09-09,112.54000091552734,114.18000030517578,112.20999908447266,113.70999908447266,74.98606872558594,11492700,
2011-09-12,113.56999969482422,114.25,113.0999984741211,113.83000183105469,75.06520080566406,7602200,
2011-09-13,113.4000015258789,113.58999633789062,112.11000061035156,112.20999908447266,73.99690246582031,9282400,
2011-09-14,111.97000122070312,113.3499984741211,111.81999969482422,113.16000366210938,74.62339782714844,11948500,
2011-09-15,111.9800033569336,112.48999786376953,111.43000030517578,111.43000030517578,73.48253631591797,8884000,
2011-09-16,111.30999755859375,112.58999633789062,111.25,112.23999786376953,74.0167007446289,10053500,
2011-09-19,114.19999694824219,115.19000244140625,114.12000274658203,114.37999725341797,75.42788696289062,13033500,
2011-09-20,114.37000274658203,114.87000274658203,114.05000305175781,114.86000061035156,75.74443817138672,6360600,
2011-09-21,114.62999725341797,118.79000091552734,114.19999694824219,118.66000366210938,78.25035858154297,18687100,
2011-09-22,121.41000366210938,123.87000274658203,121.2300033569336,123.12000274658203,81.19149780273438,25041400,
2011-09-23,123.12000274658203,123.36000061035156,120.83000183105469,120.83000183105469,79.68138885498047,15173800,
2011-09-26,120.12000274658203,120.56999969482422,118.58000183105469,118.88999938964844,78.40205383300781,15110100,
2011-09-27,116.75,117.30000305175781,116.26000213623047,117.06999969482422,77.20178985595703,13589600,
2011-09-28,116.9000015258789,117.11000061035156,115.76000213623047,117.02999877929688,77.17543029785156,12642600,
2011-09-29,117.61000061035156,118.81999969482422,117.08999633789062,117.83999633789062,77.70960998535156,12341800,
2011-09-30,120.0199966430664,120.91000366210938,118.98999786376953,120.80000305175781,79.66161346435547,13546400,
2011-10-03,121.87999725341797,123.80999755859375,121.11000061035156,123.80999755859375,81.8538818359375,15882000,"{""dividend_amount"": 0.306}"
2011-10-04,124.37000274658203,125.02999877929688,122.18000030517578,122.23999786376953,80.81590270996094,17301400,
2011-10-05,121.66000366210938,121.77999877929688,120.66000366210938,121.36000061035156,80.23407745361328,14275000,
2011-10-06,120.63999938964844,121.01000213623047,119.12000274658203,119.12000274658203,78.75318908691406,9681600,
2011-10-07,117.75,119.05000305175781,116.8499984741211,118.23999786376953,78.17142486572266,11564600,
2011-10-10,116.81999969482422,116.91000366210938,115.80000305175781,116.56999969482422,77.06731414794922,3567600,
2011-10-11,117.29000091552734,117.36000061035156,115.9000015258789,116.18000030517578,76.80953979492188,7520200,
2011-10-12,114.69999694824219,115.12000274658203,113.4800033569336,114.48999786376953,75.69222259521484,14033400,
2011-10-13,115.02999877929688,116.55000305175781,114.95999908447266,115.62999725341797,76.44584655761719,11263300,
2011-10-14,113.87999725341797,114.61000061035156,113.61000061035156,113.94999694824219,75.33519744873047,8411000,
2011-10-17,114.30000305175781,115.97000122070312,114.22000122070312,115.91999816894531,76.63764953613281,9664000,
2011-10-18,116.13999938964844,116.81999969482422,114.30000305175781,115.19999694824219,76.16158294677734,12495600,
2011-10-19,114.54000091552734,115.73999786376953,114.16000366210938,115.16000366210938,76.1351318359375,6629300,
2011-10-20,114.45999908447266,115.66999816894531,114.06999969482422,114.33999633789062,75.59304809570312,7832100,
2011-10-21,113.86000061035156,114.19999694824219,113.12999725341797,113.12999725341797,74.79302978515625,9906300,
2011-10-24,113.93000030517578,114.08000183105469,113.05000305175781,113.31999969482422,74.91864013671875,6344500,
2011-10-25,113.37999725341797,116.3499984741211,113.3499984741211,116.19999694824219,76.82274627685547,11791200,
2011-10-26,115.38999938964844,116.20999908447266,114.06999969482422,114.16999816894531,75.48063659667969,12747000,
2011-10-27,112.5199966430664,112.8499984741211,109.81999969482422,110.30000305175781,72.9220962524414,19471400,
2011-10-28,110.9000015258789,111.95999908447266,110.76000213623047,111.45999908447266,73.68897247314453,10127900,
2011-10-31,113.61000061035156,115.87999725341797,113.45999908447266,115.87999725341797,76.61116790771484,15242100,
2011-11-01,118.70999908447266,119.48999786376953,117.16999816894531,119.44999694824219,79.17567443847656,24400600,"{""dividend_amount"": 0.299}"
2011-11-02,116.62999725341797,118.36000061035156,116.41999816894531,117.95999908447266,78.18804931640625,13181100,
2011-11-03,116.33999633789062,117.3499984741211,115.98999786376953,116.33999633789062,77.11428833007812,8386700,
2011-11-04,115.72000122070312,117.05000305175781,115.52999877929688,116.4800033569336,77.20707702636719,7583700,
2011-11-07,116.63999938964844,118.3499984741211,116.31999969482422,117.22000122070312,77.69756317138672,9279700,
2011-11-08,116.75,117.54000091552734,115.5,115.72000122070312,76.70330810546875,7539400,
2011-11-09,118.26000213623047,119.12999725341797,117.06999969482422,118.12000274658203,78.2940902709961,13004500,
2011-11-10,116.77999877929688,117.61000061035156,115.20999908447266,116.36000061035156,77.12751770019531,11644600,
2011-11-11,115.83000183105469,116.16999816894531,115.5,115.6500015258789,76.65691375732422,2483900,
2011-11-14,116.38999938964844,117.5999984741211,116.20999908447266,117.51000213623047,77.88976287841797,9252600,
2011-11-15,117.69999694824219,118.45999908447266,116.72000122070312,117.3499984741211,77.78369903564453,7587500,
2011-11-16,117.95999908447266,118.43000030517578,117.18000030517578,118.41999816894531,78.49298095703125,7470000,
2011-11-17,118.04000091552734,120.16000366210938,118.04000091552734,119.37000274658203,79.12265014648438,9907900,
2011-11-18,119.18000030517578,119.55000305175781,118.31999969482422,119.33999633789062,79.10273742675781,6792600,
2011-11-21,120.37999725341797,120.7300033569336,119.91000366210938,120.05000305175781,79.5733642578125,7345600,
2011-11-22,120.3499984741211,121.41000366210938,119.8499984741211,121.38999938964844,80.46160125732422,7866300,
2011-11-23,121.16000366210938,123.05000305175781,121.02999877929688,122.58000183105469,81.25033569335938,10129300,
2011-11-25,121.80000305175781,121.87000274658203,120.73999786376953,120.80000305175781,80.07054138183594,4311900,
2011-11-28,118.62999725341797,121.1500015258789,118.58000183105469,120.73999786376953,80.03072357177734,7661900,
2011-11-29,120.02999877929688,120.91999816894531,119.08000183105469,119.75,79.37451934814453,8952800,
2011-11-30,118.33999633789062,118.55999755859375,117.26000213623047,117.87999725341797,78.13504028320312,11806800,
2011-12-01,116.29000091552734,117.23999786376953,115.80000305175781,117.0,77.74298858642578,9647200,"{""dividend_amount"": 0.29}"
2011-12-02,116.62000274658203,118.68000030517578,116.55999755859375,118.63999938964844,78.83269500732422,7764900,
2011-12-05,117.0,118.83000183105469,116.87999725341797,118.4000015258789,78.6732406616211,7862800,
2011-12-06,117.80999755859375,118.29000091552734,116.7699966430664,117.2699966430664,77.9223861694336,8506300,
2011-12-07,117.33000183105469,118.23999786376953,116.8499984741211,117.69000244140625,78.20148468017578,6588300,
2011-12-08,117.72000122070312,119.33000183105469,117.41000366210938,119.16000366210938,79.17827606201172,8800500,
2011-12-09,119.06999969482422,119.12999725341797,116.62999725341797,116.70999908447266,77.55024719238281,9855100,
2011-12-12,117.91000366210938,118.48999786376953,117.61000061035156,118.01000213623047,78.4140625,5734600,
2011-12-13,117.27999877929688,119.62999725341797,117.16000366210938,119.11000061035156,79.14501190185547,8901800,
2011-12-14,119.79000091552734,121.38999938964844,119.48999786376953,121.36000061035156,80.6400375366211,11247700,
2011-12-15,120.66000366210938,121.31999969482422,120.37000274658203,120.91000366210938,80.34105682373047,5438700,
2011-12-16,121.37999725341797,122.62000274658203,121.29000091552734,122.31999969482422,81.27793884277344,9321900,
2011-12-19,122.31999969482422,124.0199966430664,122.26000213623047,123.87000274658203,82.30789184570312,7845100,
2011-12-20,122.66000366210938,122.66999816894531,120.61000061035156,120.77999877929688,80.25470733642578,13945400,
2011-12-21,120.62999725341797,120.83000183105469,119.06999969482422,119.0999984741211,79.138427734375,11600100,
2011-12-22,120.0,120.41999816894531,119.3499984741211,119.5999984741211,79.4705810546875,5247400,
2011-12-23,118.55999755859375,118.70999908447266,117.73999786376953,118.2699966430664,78.58687591552734,5409700,
2011-12-27,117.94000244140625,118.44999694824219,117.62000274658203,118.44999694824219,78.96014404296875,4270300,"{""dividend_amount"": 0.38}"
2011-12-28,118.73999786376953,121.05000305175781,118.44999694824219,120.63999938964844,80.42007446289062,8302300,
2011-12-29,120.4800033569336,121.08999633789062,120.05999755859375,120.86000061035156,80.56669616699219,4305000,
2011-12-30,121.11000061035156,121.76000213623047,120.88999938964844,121.25,80.82667541503906,5948800,
2012-01-03,119.41999816894531,120.19999694824219,118.93000030517578,119.43000030517578,79.61345672607422,9076900,
2012-01-04,119.26000213623047,119.27999877929688,117.68000030517578,118.01000213623047,78.66686248779297,8417100,
2012-01-05,118.16999816894531,119.0999984741211,117.56999969482422,117.80000305175781,78.52690124511719,6465800,
2012-01-06,117.75,118.95999908447266,117.70999908447266,118.7300033569336,79.1468276977539,7348500,
2012-01-09,118.47000122070312,119.54000091552734,118.30000305175781,118.5199966430664,79.0068588256836,5582400,
2012-01-10,117.7300033569336,118.87000274658203,117.68000030517578,118.31999969482422,78.8735122680664,8932500,
2012-01-11,119.04000091552734,120.05999755859375,118.9800033569336,119.86000061035156,79.90009307861328,8634500,
2012-01-12,119.94999694824219,120.19000244140625,119.23999786376953,119.69000244140625,79.78678131103516,7205400,
2012-01-13,121.0999984741211,121.63999938964844,120.80999755859375,120.87999725341797,80.58004760742188,9819000,
2012-01-17,120.94999694824219,121.62999725341797,120.83000183105469,121.44000244140625,80.95331573486328,5449900,
2012-01-18,121.52999877929688,121.61000061035156,119.91000366210938,119.97000122070312,79.97341918945312,5804000,
2012-01-19,119.33000183105469,119.55999755859375,117.91999816894531,118.31999969482422,78.8735122680664,8625700,
2012-01-20,117.70999908447266,117.95999908447266,116.97000122070312,116.9800033569336,77.98023986816406,6548200,
2012-01-23,116.12999725341797,116.63999938964844,115.55000305175781,116.23999786376953,77.48693084716797,7274800,
2012-01-24,116.70999908447266,116.70999908447266,115.77999877929688,116.44999694824219,77.62699127197266,5776500,
2012-01-25,116.05999755859375,118.52999877929688,115.88999938964844,116.16999816894531,77.4402847290039,12867600,
2012-01-26,116.6500015258789,117.70999908447266,116.58999633789062,117.70999908447266,78.46682739257812,7638500,
2012-01-27,117.83000183105469,118.33000183105469,117.01000213623047,118.08000183105469,78.7135238647461,5165300,
2012-01-30,119.83999633789062,120.38999938964844,119.33999633789062,119.47000122070312,79.6401596069336,8388400,
2012-01-31,119.26000213623047,120.91000366210938,119.19000244140625,120.8499984741211,80.56001281738281,7998300,
2012-02-01,119.75,119.9000015258789,118.80999755859375,119.18000030517578,79.6372299194336,7925200,"{""dividend_amount"": 0.289}"
2012-02-02,118.95999908447266,119.4800033569336,118.63999938964844,119.12999725341797,79.60381317138672,5596900,
2012-02-03,116.45999908447266,116.80000305175781,115.97000122070312,116.56999969482422,77.89319610595703,12467400,
2012-02-06,116.69000244140625,117.80000305175781,116.33999633789062,117.7300033569336,78.6683120727539,6180600,
2012-02-07,116.62000274658203,116.87999725341797,115.7699966430664,116.2699966430664,77.69273376464844,8794800,
2012-02-08,116.19999694824219,116.79000091552734,115.9800033569336,116.36000061035156,77.75291442871094,7613400,
2012-02-09,115.86000061035156,116.04000091552734,114.62000274658203,115.48999786376953,77.17157745361328,11477700,
2012-02-10,116.80000305175781,117.33000183105469,116.5199966430664,116.98999786376953,78.17387390136719,7193100,
2012-02-13,116.5999984741211,117.37000274658203,116.43000030517578,117.13999938964844,78.27410125732422,6422900,
2012-02-14,117.44000244140625,118.27999877929688,117.2300033569336,117.76000213623047,78.68839263916016,8271200,
2012-02-15,117.66000366210938,118.2699966430664,117.48999786376953,117.55000305175781,78.54804992675781,6846100,
2012-02-16,117.2699966430664,117.5999984741211,116.12999725341797,116.61000061035156,77.9199447631836,9036200,
2012-02-17,115.86000061035156,116.61000061035156,115.76000213623047,116.58000183105469,77.89986419677734,6338000,
2012-02-21,115.7699966430664,115.91999816894531,114.94999694824219,115.29000091552734,77.03788757324219,8338300,
2012-02-22,115.88999938964844,116.76000213623047,115.80999755859375,116.73999786376953,78.00679779052734,7736800,
2012-02-23,116.13999938964844,117.22000122070312,115.93000030517578,116.73999786376953,78.00679779052734,5163900,
2012-02-24,117.2300033569336,117.58000183105469,116.94999694824219,117.5,78.5146484375,5676900,
2012-02-27,118.5,118.8499984741211,118.12000274658203,118.54000091552734,79.2095947265625,8180700,
2012-02-28,118.87000274658203,119.13999938964844,117.94000244140625,118.1500015258789,78.94901275634766,6615700,
2012-02-29,118.37000274658203,118.41999816894531,116.95999908447266,117.43000030517578,78.46794128417969,14235000,
2012-03-01,116.16999816894531,116.68000030517578,115.54000091552734,116.05999755859375,77.72914123535156,12265600,"{""dividend_amount"": 0.267}"
2012-03-02,116.5999984741211,117.4800033569336,116.55000305175781,117.1500015258789,78.45917510986328,6669600,
2012-03-05,116.95999908447266,117.44000244140625,116.22000122070312,116.22000122070312,77.8362808227539,6921900,
2012-03-06,117.44999694824219,118.11000061035156,117.44000244140625,117.62999725341797,78.78063201904297,6299700,
2012-03-07,117.45999908447266,117.61000061035156,116.80999755859375,116.91000366210938,78.2984390258789,5567500,
2012-03-08,116.31999969482422,116.56999969482422,115.63999938964844,115.73999786376953,77.51485443115234,7982100,
2012-03-09,115.48999786376953,115.98999786376953,114.9000015258789,115.97000122070312,77.66889953613281,6975600,
2012-03-12,116.31999969482422,116.5199966430664,115.87000274658203,115.94999694824219,77.65548706054688,5280000,
2012-03-13,115.2699966430664,115.41000366210938,113.88999938964844,113.91000366210938,76.28923034667969,14413600,
2012-03-14,112.69999694824219,112.75,110.94999694824219,111.04000091552734,74.36707305908203,24515300,
2012-03-15,110.9000015258789,111.73999786376953,110.87999725341797,111.20999908447266,74.4809341430664,14154000,
2012-03-16,110.5,111.44000244140625,110.19999694824219,111.43000030517578,74.62828063964844,13427200,
2012-03-19,111.36000061035156,111.4800033569336,109.69000244140625,110.0999984741211,73.73760223388672,14011400,
2012-03-20,110.43000030517578,110.87000274658203,109.8499984741211,110.54000091552734,74.0322036743164,9443800,
2012-03-21,110.86000061035156,111.88999938964844,110.80999755859375,111.79000091552734,74.869384765625,10242000,
2012-03-22,112.29000091552734,112.37000274658203,111.87000274658203,112.1500015258789,75.11051177978516,8009800,
2012-03-23,112.69000244140625,113.38999938964844,112.66000366210938,113.20999908447266,75.82038879394531,8465300,
2012-03-26,112.83000183105469,113.01000213623047,111.80000305175781,112.62999725341797,75.43196868896484,8118600,
2012-03-27,112.77999877929688,113.69999694824219,112.69999694824219,113.44000244140625,75.97447967529297,6972300,
2012-03-28,112.91999816894531,113.94000244140625,112.8499984741211,113.27999877929688,75.8672866821289,7886000,
2012-03-29,114.0199966430664,114.19000244140625,113.58000183105469,114.12999725341797,76.43656158447266,7692900,
2012-03-30,114.20999908447266,114.2699966430664,112.19000244140625,112.19999694824219,75.14401245117188,9467500,
2012-04-02,113.0,113.30000305175781,112.19999694824219,112.52999877929688,75.56027221679688,8944000,"{""dividend_amount"": 0.29}"
2012-04-03,113.01000213623047,113.44000244140625,110.56999969482422,110.58000183105469,74.25092315673828,14774300,
2012-04-04,111.7699966430664,112.12000274658203,111.41000366210938,112.0999984741211,75.2715835571289,10095600,
2012-04-05,113.0,113.06999969482422,112.33000183105469,112.91000366210938,75.81546020507812,6364100,
2012-04-09,115.54000091552734,115.7699966430664,115.23999786376953,115.55000305175781,77.58816528320312,14374600,
2012-04-10,115.94999694824219,117.29000091552734,115.77999877929688,116.86000061035156,78.4677734375,14421300,
2012-04-11,115.70999908447266,116.05999755859375,115.3499984741211,115.45999908447266,77.52767181396484,8713000,
2012-04-12,115.66999816894531,115.75,114.81999969482422,114.9800033569336,77.20541381835938,9008500,
2012-04-13,116.1500015258789,116.9000015258789,116.12000274658203,116.83999633789062,78.45433044433594,8607700,
2012-04-16,116.69999694824219,117.5999984741211,116.56999969482422,116.66999816894531,78.34016418457031,7735000,
2012-04-17,116.52999877929688,116.83000183105469,116.25,116.5999984741211,78.29320526123047,5398600,
2012-04-18,117.05000305175781,117.12000274658203,116.7300033569336,116.94000244140625,78.52146911621094,4074400,
2012-04-19,117.25,117.47000122070312,117.0199966430664,117.05000305175781,78.59532928466797,5374300,
2012-04-20,116.55999755859375,117.12999725341797,116.33000183105469,117.06999969482422,78.60875701904297,5043300,
2012-04-23,118.11000061035156,118.41000366210938,117.79000091552734,117.91999816894531,79.1795654296875,5170100,
2012-04-24,117.61000061035156,117.76000213623047,117.08000183105469,117.08999633789062,78.62218475341797,4336600,
2012-04-25,116.41000366210938,117.31999969482422,115.69000244140625,116.48999786376953,78.21929931640625,8859500,
2012-04-26,117.41999816894531,117.45999908447266,116.58999633789062,117.19000244140625,78.6893081665039,5133000,
2012-04-27,117.0199966430664,117.36000061035156,116.79000091552734,117.29000091552734,78.7564926147461,3112900,
2012-04-30,117.56999969482422,117.75,117.19000244140625,117.31999969482422,78.77664947509766,4198400,
2012-05-01,117.43000030517578,117.62000274658203,116.06999969482422,116.43000030517578,78.36807250976562,7214300,"{""dividend_amount"": 0.283}"
2012-05-02,117.22000122070312,117.31999969482422,116.80000305175781,117.25,78.91997528076172,3565700,
2012-05-03,116.63999938964844,117.37000274658203,116.55999755859375,117.22000122070312,78.89981842041016,3522900,
2012-05-04,117.4800033569336,118.19000244140625,117.4000015258789,118.13999938964844,79.5190658569336,6367300,
2012-05-07,118.31999969482422,118.45999908447266,118.0199966430664,118.16000366210938,79.53250885009766,3228200,
2012-05-08,118.69000244140625,119.51000213623047,118.66000366210938,118.79000091552734,79.95658111572266,6051600,
2012-05-09,119.44999694824219,119.56999969482422,118.44000244140625,118.87000274658203,80.01043701171875,5828900,
2012-05-10,118.0199966430664,118.62000274658203,117.44000244140625,118.5199966430664,79.77482604980469,6300000,
2012-05-11,119.48999786376953,119.5999984741211,118.95999908447266,119.5,80.43440246582031,5234300,
2012-05-14,120.87000274658203,121.30000305175781,120.5999984741211,121.16999816894531,81.55850982666016,8789400,
2012-05-15,121.08999633789062,121.7300033569336,120.81999969482422,121.66000366210938,81.88833618164062,6766400,
2012-05-16,120.9800033569336,122.18000030517578,120.72000122070312,122.01000213623047,82.1239242553711,6462300,
2012-05-17,122.02999877929688,124.27999877929688,122.0199966430664,124.16999816894531,83.57780456542969,14863400,
2012-05-18,123.2699966430664,124.44000244140625,123.11000061035156,124.19999694824219,83.59797668457031,10137700,
2012-05-21,123.9000015258789,124.44999694824219,123.62000274658203,123.94000244140625,83.42298889160156,9583500,
2012-05-22,122.75,122.87999725341797,122.05999755859375,122.55999755859375,82.49410247802734,12475500,
2012-05-23,123.55000305175781,124.5199966430664,123.36000061035156,123.41000366210938,83.06623077392578,11744900,
2012-05-24,123.2300033569336,123.79000091552734,122.75,122.94000244140625,82.7498550415039,10256200,
2012-05-25,123.43000030517578,123.54000091552734,123.13999938964844,123.4000015258789,83.05949401855469,4723600,
2012-05-29,123.38999938964844,123.80999755859375,123.0,123.0199966430664,82.80372619628906,5874100,
2012-05-30,125.31999969482422,126.31999969482422,125.30000305175781,126.13999938964844,84.90379333496094,17170800,
2012-05-31,127.02999877929688,129.0800018310547,126.66999816894531,127.5999984741211,85.88652038574219,31174500,
2012-06-01,128.8699951171875,130.3800048828125,128.52999877929688,130.36000061035156,87.92548370361328,23526000,"{""dividend_amount"": 0.263}"
2012-06-04,129.30999755859375,130.17999267578125,128.94000244140625,129.3300018310547,87.23072814941406,11681200,
2012-06-05,128.52999877929688,128.63999938964844,127.58999633789062,127.5999984741211,86.06389617919922,12482800,
2012-06-06,127.55999755859375,127.5999984741211,125.05000305175781,125.05000305175781,84.3439712524414,20806700,
2012-06-07,124.6500015258789,125.73999786376953,124.38999938964844,125.23999786376953,84.47211456298828,18898200,
2012-06-08,126.75,126.94999694824219,124.56999969482422,125.20999908447266,84.45185852050781,11239600,
2012-06-11,124.79000091552734,126.20999908447266,124.7699966430664,125.77999877929688,84.83635711669922,10693800,
2012-06-12,124.97000122070312,125.62999725341797,124.5,124.62999725341797,84.0606918334961,10921700,
2012-06-13,124.8499984741211,126.27999877929688,124.37999725341797,125.86000061035156,84.89030456542969,11100000,
2012-06-14,125.94999694824219,126.27999877929688,125.19000244140625,125.69999694824219,84.78239440917969,7688200,
2012-06-15,126.58000183105469,126.8499984741211,126.13999938964844,126.4000015258789,85.25453186035156,6421400,
2012-06-18,127.1500015258789,127.33999633789062,126.26000213623047,127.08000183105469,85.71314239501953,6698400,
2012-06-19,126.27999877929688,126.37000274658203,125.33000183105469,125.41999816894531,84.59352111816406,8227900,
2012-06-20,124.56999969482422,126.51000213623047,124.08999633789062,126.04000091552734,85.01168060302734,13720300,
2012-06-21,125.94999694824219,127.25,125.88999938964844,126.70999908447266,85.46356201171875,9776600,
2012-06-22,125.9000015258789,126.22000122070312,125.01000213623047,125.0199966430664,84.32373809814453,7830400,
2012-06-25,126.36000061035156,127.0199966430664,126.2699966430664,126.83999633789062,85.55123138427734,6113800,
2012-06-26,126.11000061035156,126.94999694824219,125.94000244140625,126.33999633789062,85.21403503417969,5359700,
2012-06-27,126.55999755859375,126.79000091552734,126.02999877929688,126.54000091552734,85.34892272949219,5860700,
2012-06-28,127.30000305175781,127.4800033569336,126.79000091552734,126.8499984741211,85.55801391601562,5257800,
2012-06-29,125.02999877929688,125.62999725341797,124.62999725341797,125.19999694824219,84.44509887695312,8881900,
2012-07-02,125.44999694824219,127.20999908447266,125.37000274658203,126.22000122070312,85.31643676757812,7818500,"{""dividend_amount"": 0.269}"
2012-07-03,125.94999694824219,126.0,125.20999908447266,125.25,84.66072082519531,5773100,
2012-07-05,125.3499984741211,126.31999969482422,125.25,125.88999938964844,85.0933609008789,5974700,
2012-07-06,126.66999816894531,127.20999908447266,126.61000061035156,127.05999755859375,85.88422393798828,5818300,
2012-07-09,127.37999725341797,128.25999450683594,127.11000061035156,128.17999267578125,86.64125061035156,5647000,
2012-07-10,127.86000061035156,128.74000549316406,127.72000122070312,128.44000244140625,86.81696319580078,4288000,
2012-07-11,128.58999633789062,129.47000122070312,128.25999450683594,128.60000610351562,86.92509460449219,5960900,
2012-07-12,129.0500030517578,129.55999755859375,128.89999389648438,129.50999450683594,87.54025268554688,6421000,
2012-07-13,129.22999572753906,129.24000549316406,128.60000610351562,129.1699981689453,87.3104248046875,4175300,
2012-07-16,130.3000030517578,130.61000061035156,129.61000061035156,129.77000427246094,87.71593475341797,5283500,
2012-07-17,129.25999450683594,129.82000732421875,128.63999938964844,128.75,87.02650451660156,5590900,
2012-07-18,129.25999450683594,129.33999633789062,128.7899932861328,128.82000732421875,87.07383728027344,4011000,
2012-07-19,128.4600067138672,129.10000610351562,128.11000061035156,128.49000549316406,86.85079193115234,5246300,
2012-07-20,129.60000610351562,130.3000030517578,129.4199981689453,130.05999755859375,87.91197967529297,6365900,
2012-07-23,131.30999755859375,131.44000244140625,130.50999450683594,130.7899932861328,88.4054183959961,6141100,
2012-07-24,130.35000610351562,132.0399932861328,130.27999877929688,131.82000732421875,89.1016845703125,6748800,
2012-07-25,131.6300048828125,132.2100067138672,131.47999572753906,132.16000366210938,89.33143615722656,5328000,
2012-07-26,131.52999877929688,131.77999877929688,130.89999389648438,130.9499969482422,88.5135498046875,6606200,
2012-07-27,129.88999938964844,130.00999450683594,126.95999908447266,128.47999572753906,86.84402465820312,14685100,
2012-07-30,128.38999938964844,129.47999572753906,128.25,129.44000244140625,87.492919921875,6025300,
2012-07-31,129.80999755859375,129.8800048828125,128.5800018310547,129.6999969482422,87.6686782836914,7448600,
2012-08-01,128.52999877929688,129.74000549316406,128.14999389648438,128.77999877929688,87.23038482666016,7972000,"{""dividend_amount"": 0.273}"
2012-08-02,129.58999633789062,130.69000244140625,129.1300048828125,129.50999450683594,87.72491455078125,7972000,
2012-08-03,127.83999633789062,128.02999877929688,126.7699966430664,127.41999816894531,86.30921173095703,9084800,
2012-08-06,127.66999816894531,128.13999938964844,127.37000274658203,127.47000122070312,86.34303283691406,3673600,
2012-08-07,125.95999908447266,126.12999725341797,125.43000030517578,125.83000183105469,85.23223114013672,6613600,
2012-08-08,126.16000366210938,126.38999938964844,125.04000091552734,125.16000366210938,84.77838897705078,7250700,
2012-08-09,124.7699966430664,125.30000305175781,123.75,125.06999969482422,84.7174072265625,7553500,
2012-08-10,126.19999694824219,126.31999969482422,125.5999984741211,125.69999694824219,85.1441650390625,4670500,
2012-08-13,126.11000061035156,126.37999725341797,125.48999786376953,125.48999786376953,85.00192260742188,3543700,
2012-08-14,123.95999908447266,124.41000366210938,123.75,123.79000091552734,83.85034942626953,7994000,
2012-08-15,123.0199966430664,123.19999694824219,121.9000015258789,122.05000305175781,82.67179870605469,11191000,
2012-08-16,122.20999908447266,122.5,120.5199966430664,121.01000213623047,81.96733093261719,13240000,
2012-08-17,121.4000015258789,122.12000274658203,121.31999969482422,121.5999984741211,82.3669204711914,6341100,
2012-08-20,121.55000305175781,122.19000244140625,121.5,121.8499984741211,82.53628540039062,4427100,
2012-08-21,121.47000122070312,122.44999694824219,120.66000366210938,122.38999938964844,82.90206909179688,9532700,
2012-08-22,123.5199966430664,124.51000213623047,123.20999908447266,124.41000366210938,84.27034759521484,11384400,
2012-08-23,124.73999786376953,125.13999938964844,124.6500015258789,124.93000030517578,84.62261199951172,7139100,
2012-08-24,125.47000122070312,125.55999755859375,124.66999816894531,124.80999755859375,84.54129028320312,5001400,
2012-08-27,125.33999633789062,125.80000305175781,125.2699966430664,125.54000091552734,85.03575897216797,3906100,
2012-08-28,125.75,126.36000061035156,125.58999633789062,125.83999633789062,85.23895263671875,3412600,
2012-08-29,125.61000061035156,125.62999725341797,124.94999694824219,125.29000091552734,84.86640930175781,3762700,
2012-08-30,126.2699966430664,126.44000244140625,125.7300033569336,125.94000244140625,85.30672454833984,3886400,
2012-08-31,125.77999877929688,127.72000122070312,125.7300033569336,127.72000122070312,86.51239013671875,9192600,
2012-09-04,126.91999816894531,127.62999725341797,126.76000213623047,127.31999969482422,86.425537109375,6009300,"{""dividend_amount"": 0.272}"
2012-09-05,126.81999969482422,127.19000244140625,126.55000305175781,126.72000122070312,86.01821899414062,3466700,
2012-09-06,125.52999877929688,125.52999877929688,124.55000305175781,124.61000061035156,84.5859375,6505100,
2012-09-07,126.13999938964844,126.18000030517578,123.91999816894531,124.02999877929688,84.19223022460938,7335300,
2012-09-10,123.69000244140625,124.33000183105469,123.51000213623047,124.33000183105469,84.3958740234375,4912100,
2012-09-11,124.0199966430664,124.0999984741211,123.29000091552734,123.55000305175781,83.86638641357422,3523300,
2012-09-12,122.22000122070312,122.41000366210938,121.68000030517578,122.01000213623047,82.82105255126953,7040900,
2012-09-13,122.38999938964844,123.08999633789062,120.2699966430664,121.52999877929688,82.49523162841797,12280200,
2012-09-14,119.76000213623047,119.8499984741211,118.05000305175781,118.30000305175781,80.30269622802734,16871600,
2012-09-17,118.87000274658203,119.9000015258789,118.80000305175781,119.72000122070312,81.2666015625,5573300,
2012-09-18,120.70999908447266,120.9000015258789,119.95999908447266,120.31999969482422,81.67393493652344,5366200,
2012-09-19,121.33999633789062,121.37999725341797,120.61000061035156,121.11000061035156,82.21016693115234,5903300,
2012-09-20,122.13999938964844,122.31999969482422,120.9800033569336,121.41000366210938,82.4138412475586,4604200,
2012-09-21,120.75,121.63999938964844,120.66999816894531,121.55000305175781,82.5088119506836,4144300,
2012-09-24,122.25,122.69999694824219,122.18000030517578,122.5,83.15369415283203,3627400,
2012-09-25,122.80000305175781,123.73999786376953,122.12999725341797,123.70999908447266,83.97505187988281,5893500,
2012-09-26,124.55999755859375,125.08999633789062,124.44999694824219,125.04000091552734,84.87785339355469,7193400,
2012-09-27,124.55000305175781,124.80000305175781,123.7699966430664,124.1500015258789,84.27374267578125,5147700,
2012-09-28,124.75,125.23999786376953,123.80999755859375,124.22000122070312,84.32123565673828,7173400,
2012-10-01,123.97000122070312,124.47000122070312,123.37999725341797,124.41999816894531,84.63414001464844,4842600,"{""dividend_amount"": 0.26}"
2012-10-02,123.91000366210938,124.5199966430664,123.80999755859375,124.25,84.51846313476562,3540100,
2012-10-03,123.86000061035156,124.30000305175781,123.62000274658203,124.29000091552734,84.54568481445312,3800900,
2012-10-04,123.45999908447266,123.80000305175781,122.56999969482422,122.73999786376953,83.49131774902344,6214800,
2012-10-05,121.56999969482422,121.68000030517578,120.91999816894531,121.1500015258789,82.40983581542969,8340700,
2012-10-08,121.9800033569336,122.2699966430664,121.69000244140625,122.16999816894531,83.1036148071289,1568400,
2012-10-09,121.47000122070312,122.18000030517578,121.37999725341797,121.94999694824219,82.95398712158203,4752700,
2012-10-10,121.45999908447266,122.95999908447266,121.26000213623047,122.80999755859375,83.53894805908203,5429800,
2012-10-11,121.95999908447266,123.66000366210938,121.88999938964844,123.66000366210938,84.11719512939453,5194100,
2012-10-12,124.06999969482422,124.77999877929688,123.77999877929688,123.97000122070312,84.3280029296875,4934900,
2012-10-15,123.77999877929688,124.13999938964844,123.43000030517578,123.69000244140625,84.13752746582031,3036100,
2012-10-16,122.9000015258789,122.94000244140625,121.94000244140625,121.9800033569336,82.9743881225586,5398700,
2012-10-17,121.16999816894531,121.26000213623047,120.56999969482422,120.8499984741211,82.20572662353516,6932500,
2012-10-18,121.12000274658203,121.52999877929688,119.87000274658203,120.11000061035156,81.70234680175781,8558600,
2012-10-19,120.33999633789062,121.80999755859375,120.27999877929688,121.73999786376953,82.81108856201172,7616700,
2012-10-22,121.43000030517578,121.83999633789062,120.94000244140625,120.95999908447266,82.28055572509766,6910600,
2012-10-23,122.0999984741211,122.7300033569336,122.0199966430664,122.69000244140625,83.45732116699219,5760600,
2012-10-24,121.86000061035156,122.29000091552734,121.4800033569336,121.4800033569336,82.63426208496094,6824500,
2012-10-25,120.55999755859375,121.54000091552734,120.33000183105469,120.86000061035156,82.21253204345703,5292500,
2012-10-26,121.44000244140625,122.6500015258789,121.2699966430664,122.63999938964844,83.42333984375,5889400,
2012-10-31,122.68000030517578,123.69999694824219,122.62999725341797,123.36000061035156,83.9130859375,5025600,
2012-11-01,122.7699966430664,122.87999725341797,122.08000183105469,122.3499984741211,83.22605895996094,3659700,
2012-11-02,121.27999877929688,122.30999755859375,121.23999786376953,122.26000213623047,83.16483306884766,3527800,
2012-11-05,122.81999969482422,123.25,122.79000091552734,122.94999694824219,83.63421630859375,2935700,
2012-11-06,122.55000305175781,122.86000061035156,121.77999877929688,121.79000091552734,82.84513854980469,4484600,
2012-11-07,123.94999694824219,124.52999877929688,123.76000213623047,124.0,84.34844970703125,10071000,
2012-11-08,123.79000091552734,125.86000061035156,123.43000030517578,125.83999633789062,85.60006713867188,8579500,
2012-11-09,125.62999725341797,125.9800033569336,125.18000030517578,125.9800033569336,85.6953353881836,5036900,
2012-11-12,125.83999633789062,126.37999725341797,125.79000091552734,126.19000244140625,85.83814239501953,2072200,
2012-11-13,126.80000305175781,126.81999969482422,125.98999786376953,126.61000061035156,86.12382507324219,2863800,
2012-11-14,125.72000122070312,126.79000091552734,125.5999984741211,126.7300033569336,86.20545959472656,4694600,
2012-11-15,126.0999984741211,127.0199966430664,126.0,126.4800033569336,86.035400390625,5549600,
2012-11-16,126.36000061035156,127.19000244140625,126.27999877929688,126.37000274658203,85.96057891845703,4591100,
2012-11-19,125.45999908447266,125.80999755859375,125.30000305175781,125.66000366210938,85.47759246826172,3621600,
2012-11-20,125.4800033569336,125.66999816894531,124.37999725341797,124.4000015258789,84.62051391601562,4659300,
2012-11-21,124.19000244140625,124.41999816894531,124.0199966430664,124.33000183105469,84.5728759765625,2422800,
2012-11-23,124.30000305175781,124.44999694824219,124.11000061035156,124.20999908447266,84.49130249023438,987200,
2012-11-26,125.16000366210938,125.5199966430664,124.75,124.80000305175781,84.89261627197266,2799000,
2012-11-27,124.94000244140625,125.38999938964844,124.69999694824219,125.29000091552734,85.22593688964844,2544400,
2012-11-28,125.97000122070312,126.19999694824219,125.08999633789062,125.11000061035156,85.1034927368164,3569700,
2012-11-29,124.86000061035156,125.44000244140625,124.66000366210938,125.12999725341797,85.11708068847656,2761000,
2012-11-30,125.4800033569336,125.54000091552734,124.70999908447266,124.79000091552734,84.88581085205078,3702300,
2012-12-03,123.72000122070312,124.79000091552734,123.62000274658203,124.66000366210938,84.9642562866211,5427800,"{""dividend_amount"": 0.245}"
2012-12-04,125.0199966430664,125.41000366210938,124.83999633789062,125.37999725341797,85.45496368408203,2586300,
2012-12-05,125.4000015258789,125.80999755859375,125.16999816894531,125.31999969482422,85.41400146484375,1978200,
2012-12-06,125.86000061035156,126.08000183105469,125.51000213623047,125.58999633789062,85.59807586669922,2301200,
2012-12-07,124.5,124.95999908447266,124.33999633789062,124.43000030517578,84.80744934082031,4020900,
2012-12-10,124.95999908447266,125.08000183105469,124.54000091552734,124.9800033569336,85.18233489990234,2134300,
2012-12-11,124.26000213623047,124.30999755859375,123.83000183105469,124.02999877929688,84.53477478027344,3777900,
2012-12-12,123.83000183105469,124.33999633789062,122.56999969482422,122.58999633789062,83.55329895019531,7119700,
2012-12-13,122.29000091552734,123.18000030517578,122.12999725341797,122.68000030517578,83.61469268798828,6381500,
2012-12-14,123.19000244140625,123.70999908447266,123.08000183105469,123.5999984741211,84.24175262451172,3832800,
2012-12-17,123.5,123.5199966430664,121.70999908447266,121.75,82.98086547851562,6870000,
2012-12-18,121.4000015258789,121.77999877929688,119.9000015258789,120.51000213623047,82.13572692871094,12024200,
2012-12-19,120.97000122070312,121.6500015258789,120.72000122070312,120.91000366210938,82.40830993652344,4880500,
2012-12-20,121.29000091552734,121.63999938964844,120.62000274658203,120.93000030517578,82.42195892333984,4567900,
2012-12-21,122.30999755859375,122.43000030517578,121.94999694824219,122.25,83.32164764404297,6087700,
2012-12-24,122.0,122.08000183105469,121.87000274658203,122.02999877929688,83.17167663574219,1071100,
2012-12-26,121.94999694824219,122.20999908447266,121.80999755859375,122.19999694824219,83.47087097167969,2247800,"{""dividend_amount"": 0.268}"
2012-12-27,121.87999725341797,123.29000091552734,121.83000183105469,122.61000061035156,83.75096130371094,4262700,
2012-12-28,123.13999938964844,123.33999633789062,122.77999877929688,123.30999755859375,84.22908782958984,3928200,
2012-12-31,122.87000274658203,122.97000122070312,120.91000366210938,121.18000030517578,82.77413940429688,6423000,
2013-01-02,119.76000213623047,119.9000015258789,119.41000366210938,119.55999755859375,81.66752624511719,7472700,
2013-01-03,119.37999725341797,119.48999786376953,117.9000015258789,117.94000244140625,80.56097412109375,10004300,
2013-01-04,117.66000366210938,118.44000244140625,117.36000061035156,118.4000015258789,80.87519836425781,9574600,
2013-01-07,118.37000274658203,118.7300033569336,118.0,118.44999694824219,80.90934753417969,4193100,
2013-01-08,119.04000091552734,119.29000091552734,118.81999969482422,119.2300033569336,81.44214630126953,4380900,
2013-01-09,119.25,119.54000091552734,118.87000274658203,119.12000274658203,81.36701965332031,3870300,
2013-01-10,118.62999725341797,119.30000305175781,118.36000061035156,118.79000091552734,81.14161682128906,5602800,
2013-01-11,118.5199966430664,119.86000061035156,118.3499984741211,119.8499984741211,81.86567687988281,4770700,
2013-01-14,120.04000091552734,120.27999877929688,119.37000274658203,119.5199966430664,81.6402587890625,3064600,
2013-01-15,120.61000061035156,120.69999694824219,119.97000122070312,120.06999969482422,82.01592254638672,5357800,
2013-01-16,120.62999725341797,120.68000030517578,120.01000213623047,120.31999969482422,82.18671417236328,4286100,
2013-01-17,119.33000183105469,119.55000305175781,118.75,119.12000274658203,81.36701965332031,7019200,
2013-01-18,119.56999969482422,120.20999908447266,119.45999908447266,120.04000091552734,81.99541473388672,4660000,
2013-01-22,119.55000305175781,120.30000305175781,119.37999725341797,120.2699966430664,82.15254211425781,3874100,
2013-01-23,120.33999633789062,120.58000183105469,119.94999694824219,120.08999633789062,82.02960205078125,2848800,
2013-01-24,119.87000274658203,119.97000122070312,119.26000213623047,119.66999816894531,81.74272918701172,4178900,
2013-01-25,118.41999816894531,118.5999984741211,117.7699966430664,118.02999877929688,80.62248229980469,8750700,
2013-01-28,117.0199966430664,117.72000122070312,117.0,117.5999984741211,80.32872772216797,6059900,
2013-01-29,117.62000274658203,118.08000183105469,116.87000274658203,116.94999694824219,79.88478088378906,5553900,
2013-01-30,116.66999816894531,116.95999908447266,116.16000366210938,116.75,79.74811553955078,9586800,
2013-01-31,117.02999877929688,117.33999633789062,116.55000305175781,117.31999969482422,80.13748168945312,6789200,
2013-02-01,117.7300033569336,117.8499984741211,115.51000213623047,115.54000091552734,79.09696960449219,10928600,"{""dividend_amount"": 0.26}"
2013-02-04,116.58999633789062,117.27999877929688,116.41999816894531,117.0199966430664,80.11007690429688,9291900,
2013-02-05,116.2699966430664,116.43000030517578,115.86000061035156,115.9800033569336,79.39814758300781,6676500,
2013-02-06,116.5199966430664,116.97000122070312,116.05000305175781,116.93000030517578,80.04850006103516,5892000,
2013-02-07,116.7699966430664,117.58999633789062,116.62000274658203,116.66999816894531,79.87052917480469,5951700,
2013-02-08,116.80000305175781,117.16000366210938,116.2300033569336,117.12000274658203,80.17859649658203,5603400,
2013-02-11,117.05000305175781,117.37999725341797,116.91999816894531,117.02999877929688,80.116943359375,3679900,
2013-02-12,116.69000244140625,117.0199966430664,116.45999908447266,116.73999786376953,79.91839599609375,4513700,
2013-02-13,115.80000305175781,116.2699966430664,115.55000305175781,115.79000091552734,79.26805877685547,6586400,
2013-02-14,116.29000091552734,117.04000091552734,115.98999786376953,116.83999633789062,79.98690795898438,7096000,
2013-02-15,116.66000366210938,116.73999786376953,116.06999969482422,116.5,79.75413513183594,5861800,
2013-02-19,116.86000061035156,116.9000015258789,115.83999633789062,115.91999816894531,79.35707092285156,7383600,
2013-02-20,115.69000244140625,116.37000274658203,115.56999969482422,116.2699966430664,79.5967025756836,9603900,
2013-02-21,116.9000015258789,117.30999755859375,116.73999786376953,116.94999694824219,80.06220245361328,8297400,
2013-02-22,116.9800033569336,117.33999633789062,116.87999725341797,117.02999877929688,80.116943359375,5316900,
2013-02-25,116.3499984741211,119.3499984741211,116.29000091552734,119.33000183105469,81.69147491455078,15948700,
2013-02-26,118.7300033569336,119.66999816894531,118.58999633789062,118.63999938964844,81.21910095214844,9822100,
2013-02-27,119.48999786376953,119.54000091552734,118.0,118.29000091552734,80.97952270507812,7459600,
2013-02-28,118.43000030517578,118.66000366210938,117.9800033569336,118.51000213623047,81.1301498413086,6023400,
2013-03-01,118.83999633789062,119.20999908447266,118.54000091552734,118.9000015258789,81.5718994140625,7786800,"{""dividend_amount"": 0.254}"
2013-03-04,118.79000091552734,118.97000122070312,118.26000213623047,118.2699966430664,81.13971710205078,4511400,
2013-03-05,118.06999969482422,118.19999694824219,117.68000030517578,117.93000030517578,80.90647888183594,6539300,
2013-03-06,117.11000061035156,117.5,116.8499984741211,116.86000061035156,80.17235565185547,6514900,
2013-03-07,116.41000366210938,116.51000213623047,115.91000366210938,115.95999908447266,79.55494689941406,8526700,
2013-03-08,114.87000274658203,115.36000061035156,114.62000274658203,114.75,78.72480010986328,15423600,
2013-03-11,115.12000274658203,115.2300033569336,114.73999786376953,114.86000061035156,78.80026245117188,5815800,
2013-03-12,115.25,115.79000091552734,115.2300033569336,115.69000244140625,79.36970520019531,9264200,
2013-03-13,115.23999786376953,115.73999786376953,115.02999877929688,115.56999969482422,79.2873764038086,7371500,
2013-03-14,115.08999633789062,115.63999938964844,114.9800033569336,115.22000122070312,79.04730987548828,9352100,
2013-03-15,115.33000183105469,115.87999725341797,115.30000305175781,115.76000213623047,79.41778564453125,9673400,
2013-03-18,116.83000183105469,116.87999725341797,116.1500015258789,116.63999938964844,80.02143859863281,9152200,
2013-03-19,116.77999877929688,117.88999938964844,116.69999694824219,117.43000030517578,80.56346130371094,11986200,
2013-03-20,116.70999908447266,116.98999786376953,116.08000183105469,116.12000274658203,79.66471862792969,8543900,
2013-03-21,116.86000061035156,117.25,116.52999877929688,117.23999786376953,80.43315887451172,6119400,
2013-03-22,117.30000305175781,117.5,116.7699966430664,117.33000183105469,80.49486541748047,6323800,
2013-03-25,116.7699966430664,117.77999877929688,116.66999816894531,117.22000122070312,80.41938781738281,5839800,
2013-03-26,116.87000274658203,117.91000366210938,116.77999877929688,117.36000061035156,80.51541137695312,5093200,
2013-03-27,118.30000305175781,118.7699966430664,118.18000030517578,118.36000061035156,81.20147705078125,7742900,
2013-03-28,118.12000274658203,118.44999694824219,117.68000030517578,117.76000213623047,80.78984832763672,5826400,
2013-04-01,117.5199966430664,118.41999816894531,117.48999786376953,118.38999938964844,81.39834594726562,6113800,"{""dividend_amount"": 0.255}"
2013-04-02,118.06999969482422,118.13999938964844,117.75,117.91000366210938,81.06832122802734,5438000,
2013-04-03,118.30999755859375,119.29000091552734,118.25,118.97000122070312,81.7970962524414,9527400,
2013-04-04,119.58999633789062,120.41000366210938,119.47000122070312,120.38999938964844,82.7734146118164,9365700,
2013-04-05,122.87999725341797,123.43000030517578,122.62999725341797,122.81999969482422,84.44413757324219,18626200,
2013-04-08,122.66999816894531,122.87000274658203,121.77999877929688,121.87999725341797,83.7978515625,8020300,
2013-04-09,122.02999877929688,122.23999786376953,121.37999725341797,121.58000183105469,83.59166717529297,7176100,
2013-04-10,120.58999633789062,120.66000366210938,119.9000015258789,119.91000366210938,82.44338989257812,10765200,
2013-04-11,120.16999816894531,120.48999786376953,119.88999938964844,120.13999938964844,82.60147857666016,7501800,
2013-04-12,121.33000183105469,121.94000244140625,120.9000015258789,121.93000030517578,83.83222198486328,9253000,
2013-04-15,122.12999725341797,123.02999877929688,121.87000274658203,122.98999786376953,84.56103515625,12948400,
2013-04-16,121.91999816894531,122.5199966430664,121.87999725341797,121.9800033569336,83.86663055419922,6553500,
2013-04-17,122.30000305175781,123.52999877929688,122.30000305175781,122.79000091552734,84.42353820800781,9020900,
2013-04-18,122.80999755859375,123.22000122070312,122.5999984741211,123.08999633789062,84.62977600097656,7009500,
2013-04-19,122.94000244140625,122.9800033569336,122.62999725341797,122.83000183105469,84.45100402832031,5474300,
2013-04-22,122.83999633789062,123.29000091552734,122.66999816894531,122.91999816894531,84.51290130615234,4519400,
2013-04-23,123.26000213623047,123.79000091552734,122.37999725341797,122.48999786376953,84.21727752685547,8042900,
2013-04-24,122.47000122070312,122.81999969482422,122.30000305175781,122.80000305175781,84.4303970336914,3673600,
2013-04-25,122.25,122.37000274658203,122.0999984741211,122.2699966430664,84.06599426269531,4297800,
2013-04-26,123.19999694824219,123.51000213623047,123.01000213623047,123.38999938964844,84.83605194091797,4898800,
2013-04-29,123.58000183105469,123.7300033569336,122.76000213623047,122.94000244140625,84.52662658691406,4916000,
2013-04-30,123.26000213623047,123.69000244140625,122.66999816894531,123.01000213623047,84.57477569580078,4477400,
2013-05-01,123.45999908447266,124.26000213623047,123.43000030517578,124.01000213623047,85.44364929199219,10724600,"{""dividend_amount"": 0.261}"
2013-05-02,123.58999633789062,123.97000122070312,123.51000213623047,123.8499984741211,85.3333511352539,4171800,
2013-05-03,122.16000366210938,122.19000244140625,120.83000183105469,120.93000030517578,83.32149505615234,11283600,
2013-05-06,121.1500015258789,121.25,120.31999969482422,120.62999725341797,83.11476135253906,5121900,
2013-05-07,120.19000244140625,120.5,120.05000305175781,120.16000366210938,82.79090881347656,5049200,
2013-05-08,120.2699966430664,120.83000183105469,120.16999816894531,120.3499984741211,82.92186737060547,5732900,
2013-05-09,120.51000213623047,121.31999969482422,119.9800033569336,120.04000091552734,82.70826721191406,7527000,
2013-05-10,119.76000213623047,119.79000091552734,117.8499984741211,118.75,81.8194580078125,11689000,
2013-05-13,117.87999725341797,118.19000244140625,117.62999725341797,117.83999633789062,81.19245147705078,8050800,
2013-05-14,118.3499984741211,118.44000244140625,116.54000091552734,116.55999755859375,80.31056213378906,9236100,
2013-05-15,117.52999877929688,117.72000122070312,116.41999816894531,117.33999633789062,80.84791564941406,14608600,
2013-05-16,117.97000122070312,118.94000244140625,117.93000030517578,118.55999755859375,81.68852996826172,8458400,
2013-05-17,117.94999694824219,118.1500015258789,116.9800033569336,117.05999755859375,80.65498352050781,7435500,
2013-05-20,117.62999725341797,117.66999816894531,116.79000091552734,116.91999816894531,80.55855560302734,5839800,
2013-05-21,116.93000030517578,117.87000274658203,116.41999816894531,117.83999633789062,81.19245147705078,7781800,
2013-05-22,118.0199966430664,118.55000305175781,115.80000305175781,116.08999633789062,79.98670196533203,18361500,
2013-05-23,117.1500015258789,117.23999786376953,115.7699966430664,116.63999938964844,80.36563110351562,9207100,
2013-05-24,116.9800033569336,117.41999816894531,116.70999908447266,116.80000305175781,80.47589874267578,5357600,
2013-05-28,116.08999633789062,116.2699966430664,113.81999969482422,113.83999633789062,78.43645477294922,13567500,
2013-05-29,114.62000274658203,115.18000030517578,114.45999908447266,115.12000274658203,79.3183822631836,11298600,
2013-05-30,115.25,115.37000274658203,114.52999877929688,114.83999633789062,79.12541961669922,10011800,
2013-05-31,114.97000122070312,115.0199966430664,113.16999816894531,114.44999694824219,78.85672760009766,18158800,
2013-06-03,113.77999877929688,115.48999786376953,113.69999694824219,114.77999877929688,79.27456665039062,15564500,"{""dividend_amount"": 0.275}"
2013-06-04,113.95999908447266,114.48999786376953,113.66000366210938,113.72000122070312,78.54246520996094,7504300,
2013-06-05,114.29000091552734,115.31999969482422,114.12999725341797,115.29000091552734,79.62681579589844,8056100,
2013-06-06,114.87999725341797,116.79000091552734,114.41000366210938,115.22000122070312,79.57848358154297,8925200,
2013-06-07,114.22000122070312,114.83000183105469,113.16000366210938,113.16000366210938,78.15569305419922,10459300,
2013-06-10,112.69999694824219,113.12000274658203,112.37999725341797,112.62000274658203,77.78276062011719,7892600,
2013-06-11,112.2699966430664,113.95999908447266,112.12000274658203,113.95999908447266,78.70822143554688,12841200,
2013-06-12,113.0,113.83000183105469,112.2699966430664,112.33000183105469,77.5824203491211,10193200,
2013-06-13,113.06999969482422,114.16999816894531,112.88999938964844,114.08999633789062,78.79796600341797,12506300,
2013-06-14,114.0999984741211,114.66000366210938,113.81999969482422,113.81999969482422,78.61156463623047,6679100,
2013-06-17,114.0199966430664,114.08000183105469,113.0,113.22000122070312,78.19715881347656,5982100,
2013-06-18,112.8499984741211,113.68000030517578,112.72000122070312,113.27999877929688,78.23860168457031,5192700,
2013-06-19,113.73999786376953,113.79000091552734,111.62000274658203,112.11000061035156,77.43050384521484,17138200,
2013-06-20,110.75,111.20999908447266,109.27999877929688,110.2699966430664,76.1596908569336,27898500,
2013-06-21,110.1500015258789,110.41000366210938,108.37000274658203,108.4000015258789,74.86814880371094,19781000,
2013-06-24,107.83000183105469,109.38999938964844,107.76000213623047,108.8499984741211,75.178955078125,24588900,
2013-06-25,108.9000015258789,109.0199966430664,107.86000061035156,107.87999725341797,74.50902557373047,11078000,
2013-06-26,109.0,109.05000305175781,108.04000091552734,108.58000183105469,74.99246978759766,13582200,
2013-06-27,109.54000091552734,109.97000122070312,108.94999694824219,109.69000244140625,75.7590560913086,12026000,
2013-06-28,109.01000213623047,110.4800033569336,108.72000122070312,110.44000244140625,76.27713012695312,12017000,
2013-07-01,109.7300033569336,110.5,109.43000030517578,110.41000366210938,76.43075561523438,5500400,"{""dividend_amount"": 0.252}"
2013-07-02,110.5,110.80000305175781,110.23999786376953,110.33999633789062,76.3823013305664,5333900,
2013-07-03,110.30999755859375,110.6500015258789,110.01000213623047,110.01000213623047,76.15390014648438,3839000,
2013-07-05,107.27999877929688,107.5,106.16999816894531,106.26000213623047,73.55792999267578,14511900,
2013-07-08,107.06999969482422,107.55999755859375,106.94999694824219,107.29000091552734,74.27095794677734,8044200,
2013-07-09,107.48999786376953,107.62000274658203,107.06999969482422,107.4000015258789,74.34711456298828,4700400,
2013-07-10,107.38999938964844,107.38999938964844,106.30000305175781,106.55999755859375,73.76560974121094,10792200,
2013-07-11,107.44999694824219,107.87000274658203,106.94000244140625,107.80999755859375,74.63094329833984,10035500,
2013-07-12,108.33999633789062,108.47000122070312,107.33999633789062,107.72000122070312,74.56864166259766,4730800,
2013-07-15,107.80000305175781,108.31999969482422,107.69999694824219,108.29000091552734,74.96318817138672,4574800,
2013-07-16,108.43000030517578,108.76000213623047,108.2699966430664,108.66000366210938,75.21932220458984,3650200,
2013-07-17,109.19000244140625,109.36000061035156,108.66000366210938,108.86000061035156,75.35775756835938,5932000,
2013-07-18,108.61000061035156,108.66999816894531,107.4800033569336,107.5,74.41633605957031,9066400,
2013-07-19,108.30999755859375,109.20999908447266,108.25,109.19999694824219,75.59317016601562,8523800,
2013-07-22,109.36000061035156,109.69000244140625,109.12999725341797,109.36000061035156,75.70387268066406,3972600,
2013-07-23,108.66999816894531,109.0,108.31999969482422,108.9000015258789,75.38549041748047,5015500,
2013-07-24,107.6500015258789,107.88999938964844,106.79000091552734,107.5199966430664,74.43018341064453,8853100,
2013-07-25,106.97000122070312,107.5999984741211,106.80999755859375,107.4800033569336,74.40251922607422,6443400,
2013-07-26,108.04000091552734,108.27999877929688,107.63999938964844,108.13999938964844,74.85936737060547,6795500,
2013-07-29,107.6500015258789,107.81999969482422,107.06999969482422,107.3499984741211,74.3125228881836,6397800,
2013-07-30,107.70999908447266,107.76000213623047,107.05000305175781,107.30999755859375,74.28485107421875,3635400,
2013-07-31,106.05999755859375,107.91999816894531,105.8499984741211,107.69999694824219,74.5547866821289,10483100,
2013-08-01,106.48999786376953,106.48999786376953,105.0,105.36000061035156,73.1182632446289,13568600,"{""dividend_amount"": 0.27}"
2013-08-02,106.01000213623047,106.61000061035156,105.9800033569336,106.5199966430664,73.9232406616211,9568400,
2013-08-05,106.19000244140625,106.25,105.54000091552734,105.69999694824219,73.35416412353516,6611800,
2013-08-06,105.52999877929688,106.01000213623047,105.33999633789062,106.01000213623047,73.56932830810547,4589000,
2013-08-07,106.16999816894531,106.94000244140625,106.16999816894531,106.80000305175781,74.11754608154297,7183400,
2013-08-08,106.9800033569336,107.5999984741211,106.79000091552734,107.08999633789062,74.31886291503906,5510900,
2013-08-09,106.5999984741211,107.2699966430664,106.4800033569336,107.26000213623047,74.43680572509766,3623400,
2013-08-12,107.61000061035156,107.62999725341797,106.47000122070312,106.52999877929688,73.93019104003906,7562800,
2013-08-13,105.33000183105469,105.36000061035156,104.80000305175781,104.98999786376953,72.86143493652344,11485600,
2013-08-14,104.94000244140625,105.36000061035156,104.87000274658203,105.1500015258789,72.9725112915039,6431600,
2013-08-15,104.0999984741211,104.62999725341797,103.69000244140625,103.7300033569336,71.98700714111328,11846300,
2013-08-16,103.95999908447266,103.97000122070312,102.66999816894531,103.37000274658203,71.73722076416016,10175900,
2013-08-19,102.93000030517578,103.01000213623047,102.20999908447266,102.47000122070312,71.11263275146484,9022000,
2013-08-20,102.88999938964844,103.36000061035156,102.8499984741211,103.26000213623047,71.6609115600586,10050100,
2013-08-21,102.7699966430664,103.19999694824219,102.11000061035156,102.12999725341797,70.8766860961914,13248800,
2013-08-22,102.45999908447266,103.2300033569336,102.23999786376953,103.16999816894531,71.59842681884766,8751200,
2013-08-23,103.01000213623047,104.38999938964844,102.73999786376953,104.29000091552734,72.37566375732422,17441200,
2013-08-26,104.55999755859375,104.88999938964844,104.33000183105469,104.80999755859375,72.73654174804688,5879100,
2013-08-27,105.29000091552734,106.25,105.04000091552734,106.12999725341797,73.65260314941406,11573300,
2013-08-28,105.41000366210938,105.56999969482422,104.94000244140625,105.2699966430664,73.05580139160156,7497900,
2013-08-29,104.87999725341797,106.30999755859375,104.79000091552734,106.11000061035156,73.63871765136719,6672400,
2013-08-30,106.0199966430664,106.68000030517578,105.73999786376953,105.98999786376953,73.55543518066406,8987600,
2013-09-03,104.58999633789062,104.66999816894531,103.51000213623047,104.22000122070312,72.51800537109375,12084300,"{""dividend_amount"": 0.279}"
2013-09-04,104.44999694824219,104.6500015258789,103.94999694824219,103.98999786376953,72.3579330444336,4579600,
2013-09-05,103.47000122070312,103.5999984741211,102.52999877929688,102.54000091552734,71.34900665283203,12290600,
2013-09-06,103.25,103.81999969482422,102.80999755859375,103.05000305175781,71.703857421875,9478400,
2013-09-09,103.80000305175781,103.80999755859375,103.08000183105469,103.0999984741211,71.7386474609375,6874900,
2013-09-10,102.7300033569336,103.33999633789062,102.36000061035156,102.37999725341797,71.23764038085938,8069000,
2013-09-11,102.91999816894531,103.30999755859375,102.19000244140625,103.29000091552734,71.8708724975586,8962400,
2013-09-12,103.8499984741211,104.0,103.05999755859375,103.1500015258789,71.77346801757812,6254400,
2013-09-13,103.51000213623047,103.83000183105469,103.2300033569336,103.55000305175781,72.0517807006836,6106200,
2013-09-16,104.33000183105469,104.41000366210938,102.8499984741211,102.86000061035156,71.5716781616211,8231600,
2013-09-17,103.37000274658203,103.73999786376953,102.97000122070312,103.70999908447266,72.16309356689453,8795300,
2013-09-18,103.62999725341797,105.55000305175781,102.9800033569336,104.98999786376953,73.05377197265625,19749200,
2013-09-19,105.05000305175781,105.08999633789062,104.16000366210938,104.37000274658203,72.62237548828125,11627800,
2013-09-20,104.69000244140625,105.18000030517578,104.44999694824219,104.91999816894531,73.00506591796875,8421000,
2013-09-23,105.20999908447266,105.7300033569336,105.11000061035156,105.69000244140625,73.54084014892578,10242100,
2013-09-24,105.98999786376953,106.83999633789062,105.83999633789062,106.83000183105469,74.33407592773438,11446600,
2013-09-25,106.54000091552734,107.27999877929688,106.38999938964844,107.05000305175781,74.4871597290039,8130900,
2013-09-26,106.4800033569336,106.62000274658203,106.19000244140625,106.30000305175781,73.96526336669922,5117100,
2013-09-27,106.29000091552734,106.81999969482422,106.25,106.55999755859375,74.14620208740234,6460000,
2013-09-30,106.66000366210938,106.9000015258789,106.18000030517578,106.4000015258789,74.03487396240234,8438800,
2013-10-01,105.9000015258789,106.02999877929688,105.52999877929688,105.80000305175781,73.81021881103516,7592500,"{""dividend_amount"": 0.278}"
2013-10-02,105.93000030517578,106.4800033569336,105.76000213623047,105.95999908447266,73.9218521118164,5967200,
2013-10-03,105.75,106.41000366210938,105.69999694824219,105.79000091552734,73.80328369140625,6648900,
2013-10-04,105.66999816894531,105.77999877929688,105.3499984741211,105.70999908447266,73.7474594116211,5545300,
2013-10-07,106.19999694824219,106.36000061035156,105.9800033569336,106.13999938964844,74.04740905761719,5761100,
2013-10-08,105.9800033569336,106.51000213623047,105.83000183105469,106.16999816894531,74.06834411621094,5904000,
2013-10-09,105.87000274658203,105.94000244140625,105.30000305175781,105.31999969482422,73.4753646850586,8439000,
2013-10-10,104.80000305175781,105.52999877929688,104.51000213623047,105.48999786376953,73.593994140625,9944100,
2013-10-11,106.16000366210938,106.2300033569336,105.41000366210938,105.45999908447266,73.57303619384766,6500800,
2013-10-14,105.38999938964844,105.63999938964844,104.33000183105469,104.61000061035156,72.98003387451172,4205600,
2013-10-15,105.1500015258789,105.30000305175781,104.52999877929688,104.54000091552734,72.93119812011719,8291000,
2013-10-16,104.47000122070312,105.86000061035156,104.2699966430664,105.8499984741211,73.84506225585938,14460200,
2013-10-17,106.5199966430664,107.12000274658203,106.29000091552734,106.80999755859375,74.51483154296875,11303400,
2013-10-18,107.11000061035156,107.4800033569336,106.9800033569336,107.04000091552734,74.67528533935547,9487800,
2013-10-21,106.91000366210938,106.91999816894531,106.45999908447266,106.69999694824219,74.43806457519531,6161600,
2013-10-22,107.5999984741211,108.12000274658203,107.55999755859375,107.88999938964844,75.26827239990234,9708500,
2013-10-23,108.06999969482422,108.7300033569336,108.04000091552734,108.30999755859375,75.561279296875,9163100,
2013-10-24,108.61000061035156,108.66999816894531,107.87000274658203,107.88999938964844,75.26827239990234,7631400,
2013-10-25,108.12999725341797,108.44999694824219,108.08000183105469,108.29000091552734,75.5473403930664,4429500,
2013-10-28,108.01000213623047,108.37999725341797,107.91000366210938,107.91999816894531,75.28923797607422,6466400,
2013-10-29,107.62000274658203,108.06999969482422,107.51000213623047,108.05999755859375,75.38689422607422,5270500,
2013-10-30,107.93000030517578,108.20999908447266,107.20999908447266,107.41000366210938,74.93342590332031,10199300,
2013-10-31,107.91000366210938,108.01000213623047,107.13999938964844,107.63999938964844,75.09387969970703,11452100,
2013-11-01,106.97000122070312,107.0,106.13999938964844,106.19000244140625,74.28105163574219,11349500,"{""dividend_amount"": 0.288}"
2013-11-04,106.47000122070312,106.66999816894531,106.22000122070312,106.29000091552734,74.35094451904297,4733200,
2013-11-05,105.79000091552734,105.83000183105469,104.98999786376953,105.0199966430664,73.46260833740234,8753400,
2013-11-06,104.94000244140625,105.13999938964844,104.69000244140625,105.06999969482422,73.49760437011719,5643000,
2013-11-07,105.05000305175781,106.05000305175781,104.97000122070312,105.95999908447266,74.12017822265625,7893700,
2013-11-08,103.97000122070312,104.11000061035156,103.38999938964844,103.41000366210938,72.33635711669922,16889900,
2013-11-11,103.52999877929688,103.58000183105469,102.95999908447266,103.0199966430664,72.0635757446289,4927200,
2013-11-12,103.20999908447266,103.58999633789062,103.18000030517578,103.5,72.39933776855469,4839500,
2013-11-13,103.87000274658203,104.04000091552734,103.73999786376953,103.87999725341797,72.66516876220703,5782900,
2013-11-14,104.30999755859375,105.12000274658203,104.1500015258789,104.5199966430664,73.11286926269531,8895500,
2013-11-15,104.66000366210938,104.73999786376953,104.30999755859375,104.7300033569336,73.25971221923828,6344800,
2013-11-18,104.6500015258789,105.41000366210938,104.6500015258789,105.36000061035156,73.70043182373047,5451300,
2013-11-19,104.94999694824219,105.13999938964844,104.41000366210938,104.55999755859375,73.14086151123047,7251100,
2013-11-20,104.41999816894531,104.83999633789062,102.6500015258789,102.77999877929688,71.89572143554688,14190900,
2013-11-21,102.51000213623047,103.19000244140625,102.16000366210938,102.94999694824219,72.01463317871094,8903000,
2013-11-22,103.48999786376953,104.12999725341797,103.4800033569336,103.91000366210938,72.68618774414062,7950700,
2013-11-25,103.83999633789062,104.41999816894531,103.83999633789062,104.20999908447266,72.89600372314453,3755500,
2013-11-26,104.48999786376953,104.93000030517578,104.4800033569336,104.5999984741211,73.16885375976562,6659200,
2013-11-27,104.68000030517578,104.69999694824219,103.95999908447266,104.41999816894531,73.04293823242188,6063000,
2013-11-29,104.08000183105469,104.5999984741211,103.94999694824219,104.44999694824219,73.06390380859375,5084400,
2013-12-02,103.80000305175781,103.91000366210938,103.22000122070312,103.33000183105469,72.49562072753906,7527800,"{""dividend_amount"": 0.31}"
2013-12-03,103.69999694824219,103.95999908447266,103.45999908447266,103.70999908447266,72.76219940185547,5076900,
2013-12-04,102.75,103.05000305175781,102.37999725341797,102.72000122070312,72.06764221191406,8502700,
2013-12-05,102.4800033569336,102.8499984741211,102.22000122070312,102.43000030517578,71.86418151855469,7445700,
2013-12-06,102.55999755859375,102.98999786376953,102.36000061035156,102.91999816894531,72.20795440673828,7352000,
2013-12-09,102.9000015258789,103.2300033569336,102.83000183105469,103.16000366210938,72.3763656616211,5678800,
2013-12-10,103.83999633789062,103.94999694824219,103.44999694824219,103.9000015258789,72.89550018310547,7040400,
2013-12-11,103.55000305175781,103.7699966430664,103.0199966430664,103.0999984741211,72.33428955078125,8190900,
2013-12-12,103.02999877929688,103.16000366210938,102.62999725341797,102.70999908447266,72.06065368652344,6208600,
2013-12-13,103.13999938964844,103.30000305175781,102.79000091552734,103.20999908447266,72.41140747070312,6471300,
2013-12-16,103.58000183105469,103.69000244140625,102.7300033569336,102.83000183105469,72.14483642578125,6376400,
2013-12-17,102.61000061035156,103.4000015258789,102.58999633789062,103.29000091552734,72.46752166748047,6014400,
2013-12-18,102.83000183105469,103.72000122070312,102.45999908447266,102.7699966430664,72.10269165039062,12973200,
2013-12-19,102.86000061035156,103.01000213623047,102.44999694824219,102.66999816894531,72.03256225585938,6708400,
2013-12-20,103.72000122070312,104.29000091552734,103.30000305175781,104.25,73.14109802246094,12425700,
2013-12-23,104.05000305175781,104.41000366210938,103.66000366210938,103.66000366210938,72.72712707519531,6378600,
2013-12-24,103.2300033569336,103.3499984741211,102.80000305175781,102.83000183105469,72.14483642578125,4897000,
2013-12-26,102.3499984741211,102.36000061035156,102.01000213623047,102.0999984741211,71.86676025390625,4645300,"{""dividend_amount"": 0.335}"
2013-12-27,102.06999969482422,102.30999755859375,101.69000244140625,101.80999755859375,71.66260528564453,4755000,
2013-12-30,102.1500015258789,102.58000183105469,102.08000183105469,102.51000213623047,72.15534973144531,4491700,
2013-12-31,102.29000091552734,102.55000305175781,101.16999816894531,101.86000061035156,71.69788360595703,7218600,
2014-01-02,101.72000122070312,102.38999938964844,101.69000244140625,102.16999816894531,71.91605377197266,8580800,
2014-01-03,101.80999755859375,102.44999694824219,101.76000213623047,102.16999816894531,71.91605377197266,4083800,
2014-01-06,102.37999725341797,103.0,102.37000274658203,102.5999984741211,72.21875,7796200,
2014-01-07,102.81999969482422,102.98999786376953,102.55999755859375,102.86000061035156,72.4017333984375,4428100,
2014-01-08,102.44999694824219,102.69000244140625,102.0999984741211,102.58000183105469,72.2046127319336,8513000,
2014-01-09,102.97000122070312,103.20999908447266,102.51000213623047,103.18000030517578,72.62701416015625,6991100,
2014-01-10,103.7699966430664,104.54000091552734,103.69000244140625,104.41000366210938,73.4927749633789,13197400,
2014-01-13,104.51000213623047,105.13999938964844,104.47000122070312,104.93000030517578,73.85879516601562,9667400,
2014-01-14,104.6500015258789,104.83000183105469,104.38999938964844,104.44999694824219,73.52095031738281,10343100,
2014-01-15,104.04000091552734,104.51000213623047,103.93000030517578,104.33999633789062,73.44353485107422,7507500,
2014-01-16,104.8499984741211,105.06999969482422,104.72000122070312,105.04000091552734,73.93621063232422,7137700,
2014-01-17,104.86000061035156,105.5199966430664,104.79000091552734,105.4800033569336,74.24591064453125,7588600,
2014-01-21,105.44999694824219,105.73999786376953,105.4000015258789,105.55999755859375,74.30220031738281,6436000,
2014-01-22,105.37000274658203,105.75,105.23999786376953,105.30000305175781,74.11923217773438,4646700,
2014-01-23,105.87999725341797,107.08999633789062,105.87999725341797,106.79000091552734,75.1679916381836,12960600,
2014-01-24,107.19000244140625,107.48999786376953,106.98999786376953,107.4800033569336,75.65371704101562,11122200,
2014-01-27,107.22000122070312,107.5999984741211,106.69999694824219,106.7300033569336,75.12577819824219,9218200,
2014-01-28,106.91000366210938,106.98999786376953,106.55000305175781,106.98999786376953,75.30874633789062,5661500,
2014-01-29,107.37000274658203,108.1500015258789,106.98999786376953,107.87000274658203,75.9281997680664,11709400,
2014-01-30,107.47000122070312,107.66999816894531,107.11000061035156,107.55999755859375,75.7099838256836,5956900,
2014-01-31,108.19999694824219,108.41000366210938,107.8499984741211,108.27999877929688,76.216796875,14690900,
2014-02-03,107.79000091552734,109.33999633789062,107.61000061035156,109.31999969482422,77.14544677734375,20780300,"{""dividend_amount"": 0.276}"
2014-02-04,108.5199966430664,108.66999816894531,107.97000122070312,108.16000366210938,76.32685089111328,9573500,
2014-02-05,107.69000244140625,107.77999877929688,107.01000213623047,107.16000366210938,75.62120056152344,10312200,
2014-02-06,106.97000122070312,107.0199966430664,106.5199966430664,106.69999694824219,75.29659271240234,5708700,
2014-02-07,106.45999908447266,107.22000122070312,106.44000244140625,106.79000091552734,75.3600845336914,7039200,
2014-02-10,106.61000061035156,107.12000274658203,106.56999969482422,107.08999633789062,75.57179260253906,4370500,
2014-02-11,106.61000061035156,106.69000244140625,106.16000366210938,106.47000122070312,75.13427734375,5904900,
2014-02-12,106.16999816894531,106.20999908447266,105.62000274658203,105.91999816894531,74.74614715576172,6723300,
2014-02-13,106.58999633789062,106.7300033569336,106.30000305175781,106.5199966430664,75.16956329345703,6874600,
2014-02-14,106.56999969482422,106.63999938964844,106.2699966430664,106.58000183105469,75.21188354492188,4989100,
2014-02-18,106.66000366210938,107.19999694824219,106.62000274658203,106.81999969482422,75.38128662109375,4855800,
2014-02-19,107.18000030517578,107.18000030517578,106.30000305175781,106.37000274658203,75.0636978149414,5522500,
2014-02-20,106.31999969482422,106.62999725341797,105.69000244140625,106.11000061035156,74.8802719116211,5103200,
2014-02-21,105.94999694824219,106.68000030517578,105.94999694824219,106.66999816894531,75.27540588378906,5250700,
2014-02-24,106.69999694824219,106.73999786376953,106.16999816894531,106.4000015258789,75.0848617553711,3816700,
2014-02-25,106.91000366210938,107.36000061035156,106.88999938964844,107.3499984741211,75.75526428222656,6225400,
2014-02-26,107.30999755859375,107.91999816894531,107.23999786376953,107.91999816894531,76.15751647949219,7203900,
2014-02-27,108.27999877929688,108.55999755859375,108.0999984741211,108.51000213623047,76.57394409179688,5394700,
2014-02-28,108.27999877929688,108.73999786376953,107.77999877929688,108.56999969482422,76.61625671386719,8462600,
2014-03-03,108.87999725341797,109.18000030517578,108.63999938964844,109.02999877929688,77.12769317626953,11089400,"{""dividend_amount"": 0.263}"
2014-03-04,108.3499984741211,108.3499984741211,107.36000061035156,107.38999938964844,75.96757507324219,8068100,
2014-03-05,107.33999633789062,107.77999877929688,107.19999694824219,107.62000274658203,76.13024139404297,4798500,
2014-03-06,106.76000213623047,106.97000122070312,106.5199966430664,106.55999755859375,75.3803939819336,7418200,
2014-03-07,105.63999938964844,106.16999816894531,105.5999984741211,105.88999938964844,74.90641784667969,8270300,
2014-03-10,105.94000244140625,106.11000061035156,105.77999877929688,106.04000091552734,75.01253509521484,3744300,
2014-03-11,105.9800033569336,106.33999633789062,105.77999877929688,106.31999969482422,75.21063232421875,3815700,
2014-03-12,106.91999816894531,107.26000213623047,106.77999877929688,107.05999755859375,75.73409271240234,6430500,
2014-03-13,106.69999694824219,108.52999877929688,106.6500015258789,108.5,76.75273132324219,11815500,
2014-03-14,108.97000122070312,108.9800033569336,108.31999969482422,108.5199966430664,76.7668685913086,9232800,
2014-03-17,108.18000030517578,108.30000305175781,107.66999816894531,107.70999908447266,76.19392395019531,7381900,
2014-03-18,107.68000030517578,108.1500015258789,107.5999984741211,108.0999984741211,76.46977233886719,4819500,
2014-03-19,107.91999816894531,107.9800033569336,106.80999755859375,107.26000213623047,75.87555694580078,11557600,
2014-03-20,107.08999633789062,107.62999725341797,106.98999786376953,107.06999969482422,75.74114990234375,5224400,
2014-03-21,107.41000366210938,108.31999969482422,107.37000274658203,108.2300033569336,76.56175231933594,8986200,
2014-03-24,108.05000305175781,109.08999633789062,107.94999694824219,109.0,77.10646057128906,7536400,
2014-03-25,108.41000366210938,108.81999969482422,108.16999816894531,108.58999633789062,76.81639862060547,5032000,
2014-03-26,108.55000305175781,109.4800033569336,108.4800033569336,109.44000244140625,77.4177474975586,7147200,
2014-03-27,109.63999938964844,110.38999938964844,109.41999816894531,109.98999786376953,77.80682373046875,9772200,
2014-03-28,109.86000061035156,109.88999938964844,109.0199966430664,109.37000274658203,77.36814880371094,6027000,
2014-03-31,108.73999786376953,111.06999969482422,108.33999633789062,109.0999984741211,77.17720794677734,7488400,
2014-04-01,108.26000213623047,108.36000061035156,107.83999633789062,107.88999938964844,76.51761627197266,9067300,"{""dividend_amount"": 0.28}"
2014-04-02,107.38999938964844,107.55000305175781,107.16999816894531,107.2699966430664,76.07793426513672,6887200,
2014-04-03,107.5199966430664,107.94000244140625,107.44000244140625,107.73999786376953,76.41120910644531,4937400,
2014-04-04,107.87000274658203,108.69000244140625,107.8499984741211,108.45999908447266,76.92189025878906,8977500,
2014-04-07,108.62000274658203,109.29000091552734,108.5999984741211,109.11000061035156,77.38287353515625,7562500,
2014-04-08,109.02999877929688,109.47000122070312,108.72000122070312,109.37000274658203,77.56720733642578,4213800,
2014-04-09,108.87999725341797,109.3499984741211,108.63999938964844,108.83000183105469,77.18428039550781,5771500,
2014-04-10,108.91999816894531,110.22000122070312,108.9000015258789,109.83999633789062,77.90057373046875,12706400,
2014-04-11,110.54000091552734,110.79000091552734,110.12999725341797,110.7300033569336,78.53179168701172,10267000,
2014-04-14,110.4800033569336,110.69999694824219,110.30000305175781,110.44000244140625,78.32609558105469,4142600,
2014-04-15,110.61000061035156,111.51000213623047,110.3499984741211,111.12999725341797,78.81547546386719,7752000,
2014-04-16,110.43000030517578,111.2699966430664,110.37999725341797,111.2699966430664,78.91476440429688,5523000,
2014-04-17,111.37000274658203,111.44999694824219,109.69999694824219,110.05000305175781,78.04952239990234,8622500,
2014-04-21,110.37000274658203,110.62000274658203,109.83999633789062,109.95999908447266,77.98566436767578,4316300,
2014-04-22,109.66000366210938,110.48999786376953,109.61000061035156,110.33000183105469,78.24807739257812,5748700,
2014-04-23,110.5999984741211,111.05000305175781,110.52999877929688,110.95999908447266,78.69491577148438,5748600,
2014-04-24,110.44999694824219,111.20999908447266,110.44999694824219,111.16999816894531,78.84382629394531,6337800,
2014-04-25,111.48999786376953,111.98999786376953,111.31999969482422,111.33000183105469,78.95735931396484,5976500,
2014-04-28,111.11000061035156,111.27999877929688,110.55000305175781,110.79000091552734,78.5743179321289,7606000,
2014-04-29,110.16999816894531,110.7300033569336,110.04000091552734,110.63999938964844,78.4679946899414,5235200,
2014-04-30,110.72000122070312,111.26000213623047,110.37999725341797,111.0999984741211,78.7941665649414,7721400,
2014-05-01,110.87999725341797,112.08000183105469,110.83999633789062,112.0199966430664,79.6395034790039,11556500,"{""dividend_amount"": 0.269}"
2014-05-02,111.54000091552734,113.0999984741211,111.30000305175781,112.70999908447266,80.13005065917969,12702100,
2014-05-05,112.76000213623047,112.80999755859375,111.88999938964844,112.02999877929688,79.64662170410156,8043000,
2014-05-06,112.11000061035156,112.69999694824219,112.04000091552734,112.4800033569336,79.96653747558594,6522600,
2014-05-07,112.30999755859375,112.56999969482422,111.94000244140625,112.08000183105469,79.68218994140625,8199200,
2014-05-08,112.33999633789062,112.76000213623047,111.45999908447266,111.5999984741211,79.34091186523438,10878800,
2014-05-09,111.52999877929688,111.80999755859375,110.9800033569336,111.23999786376953,79.08496856689453,6000600,
2014-05-12,111.01000213623047,111.12999725341797,110.54000091552734,110.79000091552734,78.76504516601562,4563800,
2014-05-13,111.44000244140625,111.75,111.33000183105469,111.75,79.44756317138672,5501000,
2014-05-14,112.62999725341797,113.2300033569336,112.55999755859375,112.95999908447266,80.30776977539062,8851400,
2014-05-15,113.77999877929688,114.41000366210938,113.5999984741211,113.86000061035156,80.9476089477539,12627900,
2014-05-16,113.61000061035156,114.0,113.41999816894531,113.54000091552734,80.7201156616211,5019200,
2014-05-19,113.93000030517578,113.95999908447266,112.62000274658203,112.69999694824219,80.12293243408203,7403300,
2014-05-20,112.5999984741211,113.4800033569336,112.58999633789062,112.94999694824219,80.30069732666016,6549800,
2014-05-21,112.22000122070312,112.4000015258789,111.87000274658203,112.26000213623047,79.81015014648438,8224600,
2014-05-22,112.26000213623047,112.4000015258789,111.79000091552734,112.0999984741211,79.69638061523438,6495700,
2014-05-23,112.5199966430664,112.91000366210938,112.44999694824219,112.69999694824219,80.12293243408203,3835000,
2014-05-27,112.8499984741211,113.4000015258789,112.4000015258789,113.36000061035156,80.59220886230469,6658300,
2014-05-28,114.0999984741211,114.83999633789062,114.08999633789062,114.76000213623047,81.58747863769531,10361000,
2014-05-29,114.87000274658203,115.19000244140625,114.12999725341797,114.1500015258789,81.1538314819336,10692000,
2014-05-30,113.95999908447266,114.4000015258789,113.80999755859375,114.0999984741211,81.11824035644531,6518900,
2014-06-02,113.04000091552734,113.68000030517578,112.55000305175781,112.95999908447266,80.51525115966797,11728200,"{""dividend_amount"": 0.294}"
2014-06-03,112.41000366210938,112.54000091552734,111.51000213623047,111.56999969482422,79.52446746826172,12694100,
2014-06-04,111.76000213623047,111.81999969482422,111.2699966430664,111.54000091552734,79.50312042236328,7882000,
2014-06-05,111.12999725341797,111.97000122070312,111.0199966430664,111.58999633789062,79.53874969482422,6915600,
2014-06-06,112.12999725341797,112.41000366210938,111.48999786376953,111.58999633789062,79.53874969482422,7832800,
2014-06-09,111.44999694824219,111.63999938964844,111.19999694824219,111.43000030517578,79.42472839355469,5162800,
2014-06-10,111.04000091552734,111.2699966430664,110.83000183105469,111.0199966430664,79.1324462890625,5986000,
2014-06-11,111.26000213623047,111.54000091552734,110.8499984741211,111.22000122070312,79.27498626708984,5569700,
2014-06-12,111.30000305175781,112.3499984741211,111.0,112.20999908447266,79.98065948486328,9775900,
2014-06-13,111.56999969482422,112.62000274658203,111.52999877929688,112.1500015258789,79.93791961669922,5412500,
2014-06-16,112.20999908447266,112.62999725341797,112.0999984741211,112.43000030517578,80.13746643066406,5184600,
2014-06-17,112.06999969482422,112.08999633789062,111.4800033569336,111.54000091552734,79.50312042236328,6668800,
2014-06-18,111.80000305175781,112.76000213623047,111.55999755859375,112.4000015258789,80.11608123779297,11256500,
2014-06-19,112.51000213623047,112.55999755859375,110.73999786376953,110.95999908447266,79.0896987915039,14215500,
2014-06-20,110.97000122070312,111.80000305175781,110.9000015258789,111.80000305175781,79.68843841552734,7319100,
2014-06-23,112.08000183105469,112.18000030517578,111.41000366210938,111.44999694824219,79.43899536132812,5821700,
2014-06-24,112.1500015258789,112.6500015258789,111.81999969482422,112.58000183105469,80.24441528320312,9698300,
2014-06-25,113.0999984741211,113.36000061035156,112.69000244140625,112.87000274658203,80.45112609863281,5699300,
2014-06-26,113.20999908447266,113.80000305175781,113.20999908447266,113.41000366210938,80.83599853515625,6628900,
2014-06-27,113.68000030517578,113.81999969482422,113.16999816894531,113.23999786376953,80.71482849121094,7216500,
2014-06-30,113.55999755859375,113.80000305175781,113.08999633789062,113.5199966430664,80.91433715820312,5593100,
2014-07-01,112.5,112.73999786376953,112.19999694824219,112.27999877929688,80.2369384765625,8019200,"{""dividend_amount"": 0.292}"
2014-07-02,111.62999725341797,111.66999816894531,110.97000122070312,111.08000183105469,79.37944793701172,9382500,
2014-07-03,110.37999725341797,110.86000061035156,110.33999633789062,110.68000030517578,79.0936050415039,6173900,
2014-07-07,111.2699966430664,111.80999755859375,111.2300033569336,111.48999786376953,79.67240905761719,5928900,
2014-07-08,112.23999786376953,112.86000061035156,112.23999786376953,112.73999786376953,80.56564331054688,6352100,
2014-07-09,112.66000366210938,113.13999938964844,112.37999725341797,112.83000183105469,80.62993621826172,6395200,
2014-07-10,113.54000091552734,113.66000366210938,112.81999969482422,112.86000061035156,80.65142059326172,7196900,
2014-07-11,113.3499984741211,113.68000030517578,113.27999877929688,113.58000183105469,81.16597747802734,4676500,
2014-07-14,113.27999877929688,113.41000366210938,112.93000030517578,113.08999633789062,80.81576538085938,4743300,
2014-07-15,112.83000183105469,113.47000122070312,112.5,112.86000061035156,80.65142059326172,7720000,
2014-07-16,113.0,113.58000183105469,112.94000244140625,113.45999908447266,81.08020782470703,4615800,
2014-07-17,114.2300033569336,115.05000305175781,113.94000244140625,114.88999938964844,82.10211181640625,10901000,
2014-07-18,114.87999725341797,114.95999908447266,114.11000061035156,114.5199966430664,81.83767700195312,6677900,
2014-07-21,115.01000213623047,115.62999725341797,115.01000213623047,115.08999633789062,82.2449951171875,5724100,
2014-07-22,115.08999633789062,115.45999908447266,114.6500015258789,115.33000183105469,82.41651153564453,5753200,
2014-07-23,115.51000213623047,115.62999725341797,115.16999816894531,115.18000030517578,82.30936431884766,3489600,
2014-07-24,114.5199966430664,114.58000183105469,114.25,114.31999969482422,81.69477081298828,6609000,
2014-07-25,115.33999633789062,115.68000030517578,115.16000366210938,115.66999816894531,82.65950012207031,7041800,
2014-07-28,115.58999633789062,115.9000015258789,115.12000274658203,115.51000213623047,82.545166015625,5138300,
2014-07-29,115.87000274658203,116.06999969482422,115.41999816894531,115.93000030517578,82.84529876708984,6579300,
2014-07-30,115.1500015258789,115.37999725341797,114.16999816894531,114.31999969482422,81.69477081298828,12251200,
2014-07-31,113.52999877929688,114.58000183105469,113.47000122070312,113.9800033569336,81.45173645019531,18254000,
2014-08-01,113.58000183105469,114.87000274658203,113.05000305175781,114.55999755859375,82.08231353759766,14951200,"{""dividend_amount"": 0.3}"
2014-08-04,114.52999877929688,114.80999755859375,114.26000213623047,114.26000213623047,81.86741638183594,5183800,
2014-08-05,114.06999969482422,114.80000305175781,113.68000030517578,114.62999725341797,82.13243103027344,8032000,
2014-08-06,115.47000122070312,115.47000122070312,114.5999984741211,114.69999694824219,82.1826400756836,7289200,
2014-08-07,114.83999633789062,115.7699966430664,114.56999969482422,115.7699966430664,82.94929504394531,9745500,
2014-08-08,115.93000030517578,116.41999816894531,115.37999725341797,115.5199966430664,82.7701644897461,9536700,
2014-08-11,115.6500015258789,115.81999969482422,115.29000091552734,115.51000213623047,82.76300048828125,6668800,
2014-08-12,115.41000366210938,115.44000244140625,114.7300033569336,114.76000213623047,82.22565460205078,8122400,
2014-08-13,114.87000274658203,115.5199966430664,114.77999877929688,115.51000213623047,82.76300048828125,8210500,
2014-08-14,115.93000030517578,116.5,115.38999938964844,116.44000244140625,83.42933654785156,9028200,
2014-08-15,116.70999908447266,118.36000061035156,116.69000244140625,117.70999908447266,84.33934020996094,17606700,
2014-08-18,117.20999908447266,117.30000305175781,116.38999938964844,116.54000091552734,83.50102233886719,7595300,
2014-08-19,117.08000183105469,117.1500015258789,115.9800033569336,116.18000030517578,83.24305725097656,5936900,
2014-08-20,116.04000091552734,116.11000061035156,115.56999969482422,115.98999786376953,83.10693359375,7275600,
2014-08-21,116.06999969482422,116.76000213623047,116.0199966430664,116.63999938964844,83.5726318359375,6790700,
2014-08-22,116.73999786376953,117.43000030517578,116.20999908447266,117.29000091552734,84.03838348388672,10149900,
2014-08-25,117.44999694824219,117.77999877929688,117.20999908447266,117.7300033569336,84.35360717773438,5760700,
2014-08-26,117.94000244140625,117.98999786376953,117.20999908447266,117.3499984741211,84.08137512207031,5487600,
2014-08-27,117.69999694824219,118.41000366210938,117.4000015258789,118.3499984741211,84.79788970947266,7265800,
2014-08-28,119.12999725341797,119.37000274658203,118.66999816894531,118.97000122070312,85.24210357666016,9463600,
2014-08-29,118.91999816894531,119.43000030517578,118.75,119.05000305175781,85.29940032958984,8512900,
2014-09-02,117.27999877929688,117.37999725341797,116.69999694824219,116.7300033569336,83.82796478271484,10506000,"{""dividend_amount"": 0.271}"
2014-09-03,116.4000015258789,117.37999725341797,116.30999755859375,117.37999725341797,84.29473876953125,6553900,
2014-09-04,116.62000274658203,116.87999725341797,115.93000030517578,115.94999694824219,83.26780700683594,12528900,
2014-09-05,116.44000244140625,116.5999984741211,115.44000244140625,115.7300033569336,83.10978698730469,6886000,
2014-09-08,116.41000366210938,116.62999725341797,115.44999694824219,115.77999877929688,83.1457290649414,9326400,
2014-09-09,115.48999786376953,115.88999938964844,115.44999694824219,115.69000244140625,83.08112335205078,5353100,
2014-09-10,114.97000122070312,115.12000274658203,114.79000091552734,114.95999908447266,82.55683135986328,8729400,
2014-09-11,115.26000213623047,115.54000091552734,114.56999969482422,114.58000183105469,82.28396606445312,9274800,
2014-09-12,113.69000244140625,113.91999816894531,113.22000122070312,113.37999725341797,81.42218780517578,11114900,
2014-09-15,113.8499984741211,114.06999969482422,113.36000061035156,113.55000305175781,81.54426574707031,5510700,
2014-09-16,113.61000061035156,113.86000061035156,113.08000183105469,113.08999633789062,81.21390533447266,9304700,
2014-09-17,113.52999877929688,113.83000183105469,112.7300033569336,112.80000305175781,81.00566864013672,12917000,
2014-09-18,113.18000030517578,113.4800033569336,112.8499984741211,113.16000366210938,81.26421356201172,7031200,
2014-09-19,113.58000183105469,114.68000030517578,113.19999694824219,114.5999984741211,82.29830169677734,13236900,
2014-09-22,114.66000366210938,115.04000091552734,114.44000244140625,114.73999786376953,82.39886474609375,6617200,
2014-09-23,114.91000366210938,115.47000122070312,114.7699966430664,115.44999694824219,82.90875244140625,6362400,
2014-09-24,115.29000091552734,115.55000305175781,114.63999938964844,114.80999755859375,82.44914245605469,5223300,
2014-09-25,115.30999755859375,116.18000030517578,115.30999755859375,116.16999816894531,83.42576599121094,8947800,
2014-09-26,116.0199966430664,116.29000091552734,115.62000274658203,116.0,83.30371856689453,7799600,
2014-09-29,117.0,117.16999816894531,116.66000366210938,116.93000030517578,83.97154235839844,6791800,
2014-09-30,116.66000366210938,117.04000091552734,116.12999725341797,116.2699966430664,83.49763488769531,7277500,
2014-10-01,116.88999938964844,118.26000213623047,116.83000183105469,118.2300033569336,85.11676025390625,17194900,"{""dividend_amount"": 0.289}"
2014-10-02,117.83000183105469,118.19999694824219,117.13999938964844,117.19999694824219,84.37519836425781,8251800,
2014-10-03,117.0,117.7699966430664,116.83000183105469,117.69999694824219,84.73516845703125,8561500,
2014-10-06,117.62000274658203,118.19000244140625,117.36000061035156,117.7699966430664,84.78553771972656,4485500,
2014-10-07,118.30999755859375,119.43000030517578,118.18000030517578,119.36000061035156,85.93022155761719,8837700,
2014-10-08,119.44999694824219,119.5199966430664,118.51000213623047,119.38999938964844,85.95183563232422,9391300,
2014-10-09,119.2699966430664,119.66999816894531,118.77999877929688,118.87000274658203,85.57746124267578,10291700,
2014-10-10,119.5199966430664,120.08000183105469,119.30999755859375,120.05000305175781,86.42700958251953,8774400,
2014-10-13,120.16000366210938,121.16999816894531,120.05000305175781,120.77999877929688,86.95252990722656,6450700,
2014-10-14,121.30999755859375,121.77999877929688,120.68000030517578,121.56999969482422,87.52125549316406,11285400,
2014-10-15,124.58000183105469,127.68000030517578,121.83999633789062,122.52999877929688,88.21236419677734,37407500,
2014-10-16,124.12000274658203,124.12999725341797,121.44000244140625,121.75,87.65089416503906,18096600,
2014-10-17,121.19000244140625,121.70999908447266,120.4800033569336,121.06999969482422,87.1612548828125,8524300,
2014-10-20,121.77999877929688,121.8499984741211,120.94000244140625,121.51000213623047,87.47808074951172,7742500,
2014-10-21,120.83999633789062,121.23999786376953,120.52999877929688,120.54000091552734,86.77971649169922,9754700,
2014-10-22,120.47000122070312,120.8499984741211,120.22000122070312,120.66999816894531,86.87333679199219,9260200,
2014-10-23,120.04000091552734,120.18000030517578,119.05999755859375,119.5999984741211,86.10303497314453,10936300,
2014-10-24,119.93000030517578,120.41000366210938,119.47000122070312,119.72000122070312,86.18939208984375,5704900,
2014-10-27,119.88999938964844,120.2699966430664,119.66000366210938,119.94000244140625,86.34780883789062,3391900,
2014-10-28,119.4800033569336,119.6500015258789,119.08000183105469,119.19000244140625,85.80780792236328,5141300,
2014-10-29,118.95999908447266,119.81999969482422,118.41999816894531,119.45999908447266,86.00223541259766,9105100,
2014-10-30,120.31999969482422,120.45999908447266,119.51000213623047,119.55999755859375,86.07421875,7024400,
2014-10-31,119.33999633789062,119.70999908447266,118.83000183105469,119.25,85.85101318359375,6664200,
2014-11-03,118.9000015258789,119.16000366210938,118.20999908447266,118.95999908447266,85.85102844238281,9726600,"{""dividend_amount"": 0.29}"
2014-11-04,119.41999816894531,119.91000366210938,119.08000183105469,119.33000183105469,86.11809539794922,3664800,
2014-11-05,118.91000366210938,119.37000274658203,118.81999969482422,119.16000366210938,85.99539947509766,4799600,
2014-11-06,118.5999984741211,118.93000030517578,118.30999755859375,118.38999938964844,85.43968963623047,5901900,
2014-11-07,118.72000122070312,119.75,118.68000030517578,119.75,86.42118072509766,8550500,
2014-11-10,119.58000183105469,119.58000183105469,118.55999755859375,118.6500015258789,85.62725830078125,4787300,
2014-11-11,118.4800033569336,118.80999755859375,118.33999633789062,118.7300033569336,85.68505859375,2416500,
2014-11-12,119.19999694824219,119.52999877929688,118.44999694824219,118.62999725341797,85.61289978027344,4040800,
2014-11-13,118.69999694824219,119.18000030517578,118.44000244140625,118.91000366210938,85.81495666503906,4475900,
2014-11-14,118.83999633789062,119.58999633789062,118.68000030517578,119.48999786376953,86.23353576660156,5191200,
2014-11-17,119.77999877929688,119.79000091552734,118.87999725341797,119.19000244140625,86.01704406738281,4726200,
2014-11-18,119.31999969482422,119.58000183105469,119.16000366210938,119.5199966430664,86.25521087646484,4471200,
2014-11-19,118.87999725341797,119.58000183105469,118.76000213623047,118.76000213623047,85.70672607421875,5792500,
2014-11-20,119.9000015258789,119.94999694824219,119.05999755859375,119.37999725341797,86.1541519165039,5683600,
2014-11-21,119.56999969482422,120.16000366210938,119.5199966430664,120.0999984741211,86.67374420166016,3640100,
2014-11-24,119.66999816894531,120.2699966430664,119.55000305175781,120.19999694824219,86.74592590332031,4033900,
2014-11-25,120.37000274658203,121.2699966430664,120.30999755859375,121.19999694824219,87.46757507324219,6770000,
2014-11-26,121.63999938964844,121.87000274658203,121.47000122070312,121.52999877929688,87.70578002929688,4339100,
2014-11-28,122.12999725341797,122.66999816894531,122.12999725341797,122.48999786376953,88.3985824584961,4562200,
2014-12-01,122.68000030517578,122.80999755859375,121.45999908447266,121.5,87.88285827636719,7728600,"{""dividend_amount"": 0.277}"
2014-12-02,120.83999633789062,120.8499984741211,120.29000091552734,120.31999969482422,87.02935028076172,5757200,
2014-12-03,120.30000305175781,120.80000305175781,120.12999725341797,120.79000091552734,87.3692855834961,4868600,
2014-12-04,120.75,121.80000305175781,120.62000274658203,121.80000305175781,88.09984588623047,4250500,
2014-12-05,121.56999969482422,121.5999984741211,120.5199966430664,121.08999633789062,87.58627319335938,8030700,
2014-12-08,121.41999816894531,122.83999633789062,121.13999938964844,122.56999969482422,88.65682220458984,6021800,
2014-12-09,123.5999984741211,123.97000122070312,122.95999908447266,123.19999694824219,89.11245727539062,6639700,
2014-12-10,123.18000030517578,124.4000015258789,123.08000183105469,124.0999984741211,89.76348114013672,6439200,
2014-12-11,123.73999786376953,124.61000061035156,123.29000091552734,124.61000061035156,90.13236999511719,7863500,
2014-12-12,125.44999694824219,126.3499984741211,125.0199966430664,126.30000305175781,91.3547592163086,9317400,
2014-12-15,125.63999938964844,126.69999694824219,125.43000030517578,126.04000091552734,91.16670227050781,9387400,
2014-12-16,127.36000061035156,127.72000122070312,126.36000061035156,127.5999984741211,92.29507446289062,7426400,
2014-12-17,126.91000366210938,127.19000244140625,125.69999694824219,126.44999694824219,91.46326446533203,11558800,
2014-12-18,124.93000030517578,125.0999984741211,124.19999694824219,124.19999694824219,89.83580780029297,12758200,
2014-12-19,124.58000183105469,125.94999694824219,124.44000244140625,125.87000274658203,91.04367065429688,7894500,
2014-12-22,125.44999694824219,126.19000244140625,125.31999969482422,126.04000091552734,91.16670227050781,4118800,
2014-12-23,125.44999694824219,125.5999984741211,123.48999786376953,123.54000091552734,89.3584213256836,7406100,
2014-12-24,123.05999755859375,124.05999755859375,122.93000030517578,123.94999694824219,89.84477233886719,4871400,"{""dividend_amount"": 0.261}"
2014-12-26,124.55000305175781,124.58999633789062,124.0199966430664,124.41000366210938,90.17826080322266,2921300,
2014-12-29,124.91000366210938,125.66000366210938,124.80999755859375,125.33999633789062,90.85234832763672,4070700,
2014-12-30,125.9800033569336,126.20999908447266,125.52999877929688,125.68000030517578,91.09876251220703,4372600,
2014-12-31,125.69999694824219,126.16999816894531,125.6500015258789,125.91999816894531,91.27271270751953,4993300,
2015-01-02,126.29000091552734,127.66000366210938,126.1500015258789,127.31999969482422,92.28752136230469,9432000,
2015-01-05,128.00999450683594,129.6300048828125,127.95999908447266,129.32000732421875,93.73722839355469,9789500,
2015-01-06,130.6999969482422,132.49000549316406,130.19000244140625,131.64999389648438,95.42608642578125,18331300,
2015-01-07,130.6999969482422,131.97000122070312,130.1699981689453,131.38999938964844,95.23766326904297,9762900,
2015-01-08,130.36000061035156,130.3699951171875,129.4199981689453,129.64999389648438,93.97639465332031,8055300,
2015-01-09,129.1999969482422,131.11000061035156,129.0399932861328,131.07000732421875,95.00570678710938,9398800,
2015-01-12,131.0,132.30999755859375,130.9199981689453,131.82000732421875,95.54930877685547,6658100,
2015-01-13,131.38999938964844,132.61000061035156,131.13999938964844,131.82000732421875,95.54930877685547,8260800,
2015-01-14,133.72000122070312,134.1199951171875,132.6999969482422,132.82000732421875,96.27422332763672,12324500,
2015-01-15,132.85000610351562,135.02999877929688,132.67999267578125,134.91000366210938,97.78911590576172,11454200,
2015-01-16,134.3300018310547,134.67999267578125,133.02999877929688,133.19000244140625,96.54236602783203,9390500,
2015-01-20,134.1300048828125,135.11000061035156,134.07000732421875,134.9600067138672,97.82539367675781,7758700,
2015-01-21,135.1999969482422,135.58999633789062,132.9600067138672,133.39999389648438,96.69463348388672,9803900,
2015-01-22,134.0,134.17999267578125,132.27999877929688,132.9199981689453,96.34668731689453,10200000,
2015-01-23,134.3000030517578,135.1199951171875,134.14999389648438,134.77000427246094,97.68761444091797,7334600,
2015-01-26,134.83999633789062,135.19000244140625,134.0500030517578,134.36000061035156,97.39038848876953,5966500,
2015-01-27,135.72999572753906,136.1300048828125,134.14999389648438,134.57000732421875,97.54261779785156,8079600,
2015-01-28,134.75,137.41000366210938,134.6999969482422,136.77000427246094,99.13732147216797,12230300,
2015-01-29,136.1199951171875,136.6699981689453,135.4600067138672,135.8699951171875,98.48500061035156,8881400,
2015-01-30,137.7100067138672,138.5,137.17999267578125,138.27999877929688,100.23186492919922,14871200,
2015-02-02,136.6999969482422,137.9199981689453,136.66000366210938,137.47999572753906,99.85343933105469,13689900,"{""dividend_amount"": 0.279}"
2015-02-03,135.64999389648438,135.7899932861328,134.3699951171875,134.57000732421875,97.7398452758789,14008700,
2015-02-04,133.49000549316406,134.99000549316406,133.1199951171875,134.8000030517578,97.90693664550781,11360400,
2015-02-05,134.0,134.22999572753906,133.11000061035156,133.32000732421875,96.83197784423828,8334600,
2015-02-06,132.0500030517578,132.35000610351562,130.58999633789062,130.9600067138672,95.11791229248047,13685600,
2015-02-09,131.97000122070312,131.97999572753906,130.75,130.75,94.96538543701172,8025500,
2015-02-10,130.13999938964844,130.47000122070312,129.44000244140625,129.7100067138672,94.2099609375,8290700,
2015-02-11,129.6999969482422,130.27000427246094,128.9600067138672,129.9499969482422,94.38431549072266,6506400,
2015-02-12,129.66000366210938,130.5399932861328,129.4499969482422,129.52000427246094,94.07197570800781,12548300,
2015-02-13,129.50999450683594,129.52999877929688,128.08999633789062,128.19000244140625,93.10596466064453,8325200,
2015-02-17,127.80000305175781,127.93000030517578,125.91999816894531,126.26000213623047,91.7042465209961,14968800,
2015-02-18,126.81999969482422,127.73999786376953,126.47000122070312,127.01000213623047,92.24897003173828,14009200,
2015-02-19,126.77999877929688,127.44999694824219,126.16999816894531,126.16999816894531,91.63883972167969,8584800,
2015-02-20,127.05000305175781,128.00999450683594,126.0,126.54000091552734,91.9075698852539,12502500,
2015-02-23,127.19000244140625,128.1699981689453,127.16000366210938,127.98999786376953,92.96072387695312,7500500,
2015-02-24,127.6500015258789,129.7899932861328,127.18000030517578,129.6699981689453,94.1809310913086,11958300,
2015-02-25,129.4600067138672,130.38999938964844,129.0800018310547,130.22999572753906,94.58765411376953,8019800,
2015-02-26,129.6999969482422,130.3000030517578,128.39999389648438,128.4499969482422,93.29483032226562,11020500,
2015-02-27,129.02000427246094,129.6199951171875,128.27000427246094,129.52999877929688,94.07926177978516,9225100,
2015-03-02,129.0,129.07000732421875,126.7699966430664,126.87000274658203,92.32686614990234,11324000,"{""dividend_amount"": 0.252}"
2015-03-03,126.88999938964844,127.37000274658203,126.37999725341797,126.41000366210938,91.99214172363281,8599000,
2015-03-04,126.94000244140625,127.04000091552734,126.16000366210938,126.44999694824219,92.0212173461914,6478900,
2015-03-05,126.52999877929688,126.87999725341797,125.9000015258789,126.29000091552734,91.9048080444336,6045000,
2015-03-06,124.66999816894531,124.83000183105469,122.97000122070312,123.5,89.87444305419922,20022900,
2015-03-09,124.68000030517578,124.87000274658203,124.12999725341797,124.63999938964844,90.70407104492188,8889100,
2015-03-10,125.97000122070312,126.44000244140625,125.76000213623047,126.27999877929688,91.89751434326172,9277900,
2015-03-11,126.26000213623047,127.45999908447266,126.12000274658203,127.19999694824219,92.56700134277344,6663100,
2015-03-12,128.1999969482422,128.1999969482422,126.72000122070312,127.11000061035156,92.50153350830078,10295900,
2015-03-13,126.76000213623047,127.58999633789062,126.48999786376953,126.72000122070312,92.21774291992188,7247200,
2015-03-16,127.94000244140625,128.14999389648438,127.2699966430664,127.94000244140625,93.10552978515625,6374600,
2015-03-17,128.5500030517578,129.11000061035156,128.27999877929688,129.0,93.8769302368164,6314000,
2015-03-18,129.91000366210938,131.52999877929688,128.61000061035156,131.49000549316406,95.68897247314453,13981900,
2015-03-19,131.1999969482422,131.6199951171875,130.27000427246094,130.82000732421875,95.20142364501953,9543800,
2015-03-20,131.22000122070312,131.6999969482422,131.13999938964844,131.50999450683594,95.70353698730469,5953800,
2015-03-23,131.6999969482422,131.75,130.99000549316406,131.35000610351562,95.58710479736328,5555500,
2015-03-24,131.8300018310547,132.63999938964844,131.47999572753906,132.6199951171875,96.51128387451172,6713000,
2015-03-25,132.72000122070312,132.75999450683594,131.4600067138672,131.5,95.69627380371094,5635800,
2015-03-26,131.0500030517578,131.13999938964844,129.17999267578125,129.4499969482422,94.20440673828125,9536300,
2015-03-27,130.02999877929688,131.1300048828125,129.97999572753906,131.05999755859375,95.3760986328125,7907900,
2015-03-30,130.89999389648438,131.0,130.08999633789062,130.41000366210938,94.90301513671875,7010600,
2015-03-31,130.24000549316406,130.9600067138672,129.91000366210938,130.69000244140625,95.1068115234375,6844300,
2015-04-01,131.3300018310547,132.47999572753906,131.3000030517578,132.1300048828125,96.35606384277344,9273900,"{""dividend_amount"": 0.273}"
2015-04-02,131.92999267578125,131.97000122070312,130.61000061035156,130.72999572753906,95.33502960205078,6663400,
2015-04-06,131.42999267578125,131.47999572753906,129.72000122070312,130.0,94.80270385742188,5923800,
2015-04-07,130.22999572753906,131.22000122070312,129.85000610351562,131.08999633789062,95.59758758544922,4764900,
2015-04-08,131.02000427246094,131.36000061035156,130.02000427246094,131.1300048828125,95.6267318725586,5378900,
2015-04-09,130.8699951171875,130.9199981689453,129.1300048828125,129.42999267578125,94.38703918457031,6484200,
2015-04-10,130.32000732421875,130.4499969482422,129.5500030517578,129.6199951171875,94.5256118774414,4843000,
2015-04-13,129.52999877929688,129.97999572753906,129.38999938964844,129.8000030517578,94.65686798095703,4010600,
2015-04-14,131.30999755859375,131.86000061035156,130.47999572753906,130.72000122070312,95.3277816772461,6075500,
2015-04-15,131.0500030517578,131.27000427246094,130.32000732421875,130.61000061035156,95.24754333496094,4425200,
2015-04-16,130.8300018310547,130.86000061035156,129.41000366210938,129.9600067138672,94.7735366821289,7085500,
2015-04-17,129.77000427246094,131.6999969482422,129.6999969482422,131.4499969482422,95.86012268066406,7268800,
2015-04-20,130.94000244140625,131.00999450683594,129.92999267578125,130.2899932861328,95.0141830444336,4949400,
2015-04-21,130.22999572753906,130.4499969482422,129.55999755859375,129.6999969482422,94.58394622802734,4563800,
2015-04-22,129.5,129.5500030517578,127.54000091552734,127.72000122070312,93.1400146484375,9707600,
2015-04-23,127.80000305175781,128.85000610351562,127.61000061035156,128.27000427246094,93.5411148071289,6843400,
2015-04-24,128.63999938964844,129.42999267578125,128.58999633789062,129.07000732421875,94.12446594238281,4773000,
2015-04-27,129.07000732421875,129.5,128.3699951171875,129.07000732421875,94.12446594238281,4334900,
2015-04-28,128.1699981689453,128.74000549316406,127.26000213623047,127.29000091552734,92.82642364501953,7464300,
2015-04-29,125.80999755859375,126.44000244140625,125.27999877929688,125.7300033569336,91.68879699707031,11554800,
2015-04-30,125.04000091552734,126.16999816894531,124.51000213623047,125.94999694824219,91.84922790527344,12876000,
2015-05-01,124.7300033569336,125.04000091552734,123.69000244140625,124.0,90.61282348632812,12378500,"{""dividend_amount"": 0.258}"
2015-05-04,124.30000305175781,124.52999877929688,122.72000122070312,122.83000183105469,89.7578353881836,9144700,
2015-05-05,122.86000061035156,123.02999877929688,121.69000244140625,122.66000366210938,89.63359832763672,13935500,
2015-05-06,121.98999786376953,122.05999755859375,120.37000274658203,120.55999755859375,88.0990219116211,14355000,
2015-05-07,121.43000030517578,122.56999969482422,121.3499984741211,122.18000030517578,89.28284454345703,11933700,
2015-05-08,123.37999725341797,123.55000305175781,122.30999755859375,122.51000213623047,89.52395629882812,11716400,
2015-05-11,121.62000274658203,121.6500015258789,119.5,119.52999877929688,87.3463363647461,13738600,
2015-05-12,119.13999938964844,120.62999725341797,118.81999969482422,119.83999633789062,87.57286071777344,15861700,
2015-05-13,120.6500015258789,120.72000122070312,118.63999938964844,118.87999725341797,86.871337890625,15760000,
2015-05-14,118.91999816894531,119.83000183105469,118.69000244140625,119.19999694824219,87.105224609375,9128400,
2015-05-15,120.37999725341797,121.91000366210938,120.29000091552734,121.58999633789062,88.85172271728516,12630600,
2015-05-18,120.31999969482422,120.43000030517578,119.47000122070312,119.55000305175781,87.3609619140625,10208300,
2015-05-19,118.2699966430664,119.83999633789062,118.12999725341797,118.48999786376953,86.5863265991211,8435300,
2015-05-20,118.7699966430664,119.44999694824219,118.18000030517578,118.69000244140625,86.7325210571289,7789700,
2015-05-21,119.58000183105469,120.61000061035156,119.44999694824219,120.3499984741211,87.945556640625,11760700,
2015-05-22,120.6500015258789,120.75,119.80000305175781,120.4000015258789,87.98211669921875,5417900,
2015-05-26,120.83999633789062,122.55000305175781,120.73999786376953,122.45999908447266,89.48748779296875,10469700,
2015-05-27,122.18000030517578,122.86000061035156,121.61000061035156,122.73999786376953,89.69204711914062,6490300,
2015-05-28,122.5,123.02999877929688,122.22000122070312,122.44000244140625,89.47279357910156,6237600,
2015-05-29,123.2300033569336,123.56999969482422,122.51000213623047,122.70999908447266,89.67013549804688,7912000,
2015-06-01,122.11000061035156,122.37999725341797,120.69000244140625,121.12999725341797,88.70633697509766,13108100,"{""dividend_amount"": 0.264}"
2015-06-02,120.16999816894531,120.26000213623047,119.11000061035156,119.44000244140625,87.4687728881836,10076200,
2015-06-03,118.38999938964844,118.5999984741211,117.19999694824219,117.5199966430664,86.06269836425781,14810900,
2015-06-04,118.26000213623047,119.29000091552734,118.13999938964844,119.05000305175781,87.18317413330078,10859300,
2015-06-05,117.83999633789062,118.56999969482422,117.37999725341797,117.5999984741211,86.12127685546875,11200200,
2015-06-08,117.95999908447266,118.16000366210938,117.37000274658203,117.47000122070312,86.02611541748047,5334000,
2015-06-09,117.05999755859375,117.12999725341797,116.11000061035156,116.54000091552734,85.34504699707031,12393900,
2015-06-10,115.91999816894531,116.12999725341797,115.26000213623047,115.5199966430664,84.59805297851562,12183600,
2015-06-11,116.55999755859375,117.97000122070312,116.23999786376953,117.94999694824219,86.37761688232422,13849300,
2015-06-12,117.58999633789062,119.06999969482422,117.55000305175781,117.94999694824219,86.37761688232422,7863100,
2015-06-15,118.88999938964844,119.05999755859375,117.73999786376953,118.13999938964844,86.51675415039062,8194200,
2015-06-16,118.61000061035156,119.08000183105469,117.94000244140625,119.06999969482422,87.19775390625,7046400,
2015-06-17,118.5,118.62999725341797,117.25,118.1500015258789,86.52405548095703,13626100,
2015-06-18,117.37000274658203,117.73999786376953,116.75,117.56999969482422,86.09934997558594,10123300,
2015-06-19,118.51000213623047,119.19000244140625,118.48999786376953,119.08000183105469,87.20513153076172,10439200,
2015-06-22,117.83999633789062,118.13999938964844,116.58999633789062,116.6500015258789,85.42559814453125,9769000,
2015-06-23,115.7300033569336,116.95999908447266,115.69000244140625,115.94999694824219,84.91300964355469,8945100,
2015-06-24,116.51000213623047,117.16999816894531,116.16000366210938,116.94999694824219,85.64525604248047,8600400,
2015-06-25,116.58999633789062,117.08000183105469,116.19000244140625,116.54000091552734,85.34504699707031,8287800,
2015-06-26,115.66999816894531,115.87000274658203,114.87999725341797,115.2300033569336,84.38568115234375,11673000,
2015-06-29,116.95999908447266,118.66999816894531,116.45999908447266,118.27999877929688,86.61927032470703,17132900,
2015-06-30,117.4000015258789,118.69999694824219,117.33000183105469,117.45999908447266,86.01878356933594,13469000,
2015-07-01,115.81999969482422,116.36000061035156,115.43000030517578,115.62000274658203,84.85765075683594,12451500,"{""dividend_amount"": 0.258}"
2015-07-02,116.31999969482422,116.66000366210938,115.87999725341797,116.0,85.13654327392578,6682100,
2015-07-06,118.05000305175781,118.6500015258789,117.05999755859375,118.1500015258789,86.71451568603516,10605800,
2015-07-07,119.66000366210938,120.48999786376953,118.94999694824219,119.26000213623047,87.52923583984375,16160100,
2015-07-08,120.0199966430664,120.56999969482422,119.5,120.29000091552734,88.28515625,9951800,
2015-07-09,118.69999694824219,119.12000274658203,117.8499984741211,117.91999816894531,86.54574584960938,11108900,
2015-07-10,116.04000091552734,116.72000122070312,115.76000213623047,116.05000305175781,85.17330169677734,13636600,
2015-07-13,115.38999938964844,116.45999908447266,115.38999938964844,115.69000244140625,84.9090805053711,8006700,
2015-07-14,116.0199966430664,116.2699966430664,115.66000366210938,116.06999969482422,85.1879653930664,4227800,
2015-07-15,116.11000061035156,117.55000305175781,116.04000091552734,117.30000305175781,86.0907211303711,8720400,
2015-07-16,116.88999938964844,118.16000366210938,116.87000274658203,118.11000061035156,86.68521881103516,7306500,
2015-07-17,118.37000274658203,118.88999938964844,118.36000061035156,118.72000122070312,87.13292694091797,7404900,
2015-07-20,118.29000091552734,118.6500015258789,117.9000015258789,118.22000122070312,86.76588439941406,5941000,
2015-07-21,117.68000030517578,118.93000030517578,117.66000366210938,118.86000061035156,87.23564147949219,5627500,
2015-07-22,119.01000213623047,119.9000015258789,118.94999694824219,119.5999984741211,87.77875518798828,6228900,
2015-07-23,119.5999984741211,121.19999694824219,119.44999694824219,121.08999633789062,88.872314453125,9087700,
2015-07-24,121.5,121.55000305175781,120.91999816894531,121.38999938964844,89.0925064086914,7307900,
2015-07-27,122.19000244140625,122.29000091552734,121.4800033569336,122.04000091552734,89.56954956054688,8172000,
2015-07-28,121.16000366210938,121.56999969482422,120.9000015258789,121.1500015258789,88.91634368896484,9128200,
2015-07-29,121.0199966430664,121.16999816894531,120.41999816894531,120.69999694824219,88.5860824584961,6706400,
2015-07-30,121.20999908447266,121.94000244140625,121.1500015258789,121.62999725341797,89.2686538696289,6146600,
2015-07-31,122.44000244140625,122.9000015258789,122.05999755859375,122.52999877929688,89.92919921875,9178400,
2015-08-03,122.31999969482422,123.75,122.31999969482422,123.55000305175781,90.87586975097656,11753700,"{""dividend_amount"": 0.267}"
2015-08-04,123.16000366210938,123.31999969482422,122.45999908447266,122.56999969482422,90.15497589111328,6448800,
2015-08-05,121.7699966430664,121.91000366210938,121.19000244140625,121.6500015258789,89.47828674316406,7574400,
2015-08-06,122.0,122.87000274658203,122.0,122.7300033569336,90.27266693115234,6118100,
2015-08-07,123.30000305175781,124.5,123.23999786376953,124.33999633789062,91.45692443847656,8317000,
2015-08-10,123.41000366210938,123.56999969482422,122.5199966430664,122.80000305175781,90.32416534423828,7461700,
2015-08-11,124.30000305175781,125.12999725341797,124.16000366210938,124.75,91.75845336914062,11145700,
2015-08-12,124.93000030517578,125.70999908447266,124.0,124.06999969482422,91.25834655761719,8455200,
2015-08-13,123.83000183105469,124.41999816894531,123.22000122070312,123.66999816894531,90.96409606933594,7691400,
2015-08-14,123.47000122070312,124.37000274658203,123.19999694824219,123.95999908447266,91.17740631103516,4324700,
2015-08-17,124.70999908447266,125.0999984741211,124.38999938964844,124.5199966430664,91.58924102783203,7880300,
2015-08-18,123.80000305175781,124.29000091552734,123.37999725341797,123.54000091552734,90.86847686767578,5024300,
2015-08-19,123.05999755859375,124.93000030517578,122.98999786376953,124.76000213623047,91.7658462524414,10736000,
2015-08-20,125.37000274658203,126.0999984741211,125.18000030517578,126.0199966430664,92.69258117675781,9078300,
2015-08-21,126.16000366210938,126.73999786376953,125.58999633789062,126.4000015258789,92.97212982177734,10718300,
2015-08-24,128.30999755859375,128.9199981689453,125.81999969482422,126.36000061035156,92.94268798828125,16663400,
2015-08-25,124.55000305175781,124.79000091552734,123.55999755859375,124.33000183105469,91.44955444335938,15354800,
2015-08-26,123.0,123.51000213623047,121.36000061035156,121.93000030517578,89.68425750732422,16429900,
2015-08-27,121.81999969482422,122.87000274658203,121.6500015258789,122.0,89.73574829101562,9127000,
2015-08-28,123.1500015258789,123.47000122070312,122.2300033569336,122.36000061035156,90.00050354003906,9946200,
2015-08-31,123.36000061035156,123.47000122070312,121.33999633789062,121.41999816894531,89.30913543701172,8617600,
2015-09-01,121.63999938964844,122.08999633789062,120.9800033569336,122.02999877929688,89.95262908935547,15298200,"{""dividend_amount"": 0.263}"
2015-09-02,121.41999816894531,121.9800033569336,120.86000061035156,120.9800033569336,89.17865753173828,9515200,
2015-09-03,121.37999725341797,121.66999816894531,120.70999908447266,121.56999969482422,89.61353302001953,7042500,
2015-09-04,122.44999694824219,122.93000030517578,121.81999969482422,122.68000030517578,90.43177795410156,7951300,
2015-09-08,121.37999725341797,121.55999755859375,120.76000213623047,120.87000274658203,89.09759521484375,7049500,
2015-09-09,119.62999725341797,121.70999908447266,119.55999755859375,121.44999694824219,89.52509307861328,7441900,
2015-09-10,121.0199966430664,121.19000244140625,120.44999694824219,120.62999725341797,88.92068481445312,6789700,
2015-09-11,121.47000122070312,122.08000183105469,121.33000183105469,121.38999938964844,89.48088073730469,5890900,
2015-09-14,121.94999694824219,122.1500015258789,121.27999877929688,121.58000183105469,89.62091064453125,4221700,
2015-09-15,120.88999938964844,121.05000305175781,119.12000274658203,119.25,87.90341186523438,11895000,
2015-09-16,118.95999908447266,119.44000244140625,118.55000305175781,118.80000305175781,87.57166290283203,6949800,
2015-09-17,118.87999725341797,120.37000274658203,118.7300033569336,120.25,88.64057922363281,19843600,
2015-09-18,121.20999908447266,122.19999694824219,121.12999725341797,122.0999984741211,90.00419616699219,14963300,
2015-09-21,121.01000213623047,121.11000061035156,119.77999877929688,120.11000061035156,88.53736877441406,10085600,
2015-09-22,121.44000244140625,122.38999938964844,121.13999938964844,121.77999877929688,89.76836395263672,9968200,
2015-09-23,121.62000274658203,122.06999969482422,120.98999786376953,121.7699966430664,89.76097106933594,6769900,
2015-09-24,123.16999816894531,123.68000030517578,122.48999786376953,122.5999984741211,90.37284088134766,9605800,
2015-09-25,121.6500015258789,121.93000030517578,121.2699966430664,121.54000091552734,89.59146118164062,8383700,
2015-09-28,122.19999694824219,123.7699966430664,122.19999694824219,123.62000274658203,91.12469482421875,9833400,
2015-09-29,123.54000091552734,124.29000091552734,123.25,123.97000122070312,91.3827133178711,9006100,
2015-09-30,123.41000366210938,123.80000305175781,123.12000274658203,123.54000091552734,91.06572723388672,9832600,
2015-10-01,124.08000183105469,124.5199966430664,123.66000366210938,123.80999755859375,91.45428466796875,9069400,"{""dividend_amount"": 0.256}"
2015-10-02,125.58999633789062,126.20999908447266,124.18000030517578,124.55999755859375,92.00826263427734,13000400,
2015-10-05,123.72000122070312,123.83000183105469,122.77999877929688,122.87000274658203,90.75995635986328,11362700,
2015-10-06,122.55000305175781,123.5999984741211,122.41000366210938,123.4000015258789,91.15142059326172,5687800,
2015-10-07,122.80999755859375,123.33000183105469,122.51000213623047,122.98999786376953,90.84859466552734,6712800,
2015-10-08,123.29000091552734,123.37000274658203,121.66000366210938,121.95999908447266,90.08770751953125,12882300,
2015-10-09,121.97000122070312,122.63999938964844,121.9000015258789,122.27999877929688,90.3241195678711,9038100,
2015-10-12,123.02999877929688,123.43000030517578,122.91000366210938,123.20999908447266,91.01101684570312,4241000,
2015-10-13,123.52999877929688,123.5999984741211,122.80000305175781,123.41999816894531,91.16619110107422,6147200,
2015-10-14,123.69999694824219,124.55000305175781,123.30000305175781,124.5,91.96390533447266,9738100,
2015-10-15,124.30999755859375,124.45999908447266,123.77999877929688,123.88999938964844,91.51335144042969,6924300,
2015-10-16,124.25,124.47000122070312,123.87000274658203,123.93000030517578,91.54290008544922,8048300,
2015-10-19,123.79000091552734,123.97000122070312,122.91000366210938,123.58999633789062,91.2917709350586,6238400,
2015-10-20,122.80000305175781,122.97000122070312,122.55000305175781,122.83000183105469,90.73037719726562,6431300,
2015-10-21,123.61000061035156,124.22000122070312,123.47000122070312,124.05000305175781,91.63153839111328,6603800,
2015-10-22,124.0999984741211,124.77999877929688,123.51000213623047,124.26000213623047,91.7866439819336,6934100,
2015-10-23,123.0999984741211,123.45999908447266,122.8499984741211,123.19999694824219,91.00364685058594,7058200,
2015-10-26,123.87000274658203,124.19999694824219,123.80999755859375,124.0199966430664,91.6093978881836,5859800,
2015-10-27,124.51000213623047,124.9000015258789,124.16000366210938,124.33000183105469,91.83839416503906,7156800,
2015-10-28,124.2699966430664,124.33999633789062,123.30000305175781,123.83000183105469,91.46905517578125,8468700,
2015-10-29,123.18000030517578,123.22000122070312,121.69999694824219,121.86000061035156,90.01386260986328,12108000,
2015-10-30,122.23999786376953,122.80999755859375,122.0199966430664,122.77999877929688,90.69343566894531,11861400,
2015-11-02,121.77999877929688,122.18000030517578,121.68000030517578,121.94999694824219,90.27664184570312,8751000,"{""dividend_amount"": 0.267}"
2015-11-03,121.6500015258789,121.73999786376953,120.79000091552734,120.94999694824219,89.53641510009766,8921600,
2015-11-04,121.0999984741211,121.54000091552734,120.69999694824219,121.08999633789062,89.6400375366211,5980800,
2015-11-05,121.05000305175781,121.05999755859375,120.30000305175781,120.7699966430664,89.40314483642578,7268400,
2015-11-06,119.48999786376953,119.52999877929688,118.73999786376953,119.0,88.09284210205078,10604700,
2015-11-09,118.0999984741211,118.9000015258789,118.0,118.33000183105469,87.59685516357422,9159500,
2015-11-10,118.5,119.20999908447266,118.37999725341797,118.68000030517578,87.85594177246094,6712500,
2015-11-11,118.3499984741211,118.58000183105469,118.2699966430664,118.43000030517578,87.67089080810547,2857900,
2015-11-12,118.75,119.44000244140625,118.69999694824219,119.0,88.09284210205078,6805700,
2015-11-13,119.31999969482422,119.9000015258789,119.22000122070312,119.68000030517578,88.59622192382812,7906600,
2015-11-16,119.79000091552734,120.0,119.12999725341797,119.56999969482422,88.5147933959961,5485300,
2015-11-17,119.0,120.12999725341797,118.66000366210938,119.7699966430664,88.66287231445312,5122900,
2015-11-18,119.58000183105469,120.19000244140625,119.36000061035156,120.0199966430664,88.84794616699219,5233900,
2015-11-19,120.87999725341797,121.1500015258789,120.68000030517578,120.81999969482422,89.44015502929688,6643000,
2015-11-20,120.93000030517578,121.04000091552734,120.27999877929688,120.44999694824219,89.16622161865234,5971000,
2015-11-23,120.52999877929688,121.12000274658203,120.31999969482422,120.81999969482422,89.44015502929688,5436300,
2015-11-24,120.9000015258789,121.19999694824219,120.58000183105469,120.80999755859375,89.43276977539062,3371500,
2015-11-25,121.16999816894531,121.41999816894531,120.94999694824219,121.08999633789062,89.6400375366211,3280900,
2015-11-27,121.25,121.31999969482422,120.95999908447266,120.97000122070312,89.55119323730469,2570600,
2015-11-30,121.0999984741211,121.52999877929688,121.05999755859375,121.44999694824219,89.90650939941406,5179800,
2015-12-01,121.26000213623047,122.8499984741211,121.26000213623047,122.83000183105469,91.12093353271484,12766600,"{""dividend_amount"": 0.257}"
2015-12-02,122.66000366210938,123.04000091552734,122.19000244140625,122.87000274658203,91.15061950683594,7345800,
2015-12-03,121.36000061035156,121.4000015258789,118.98999786376953,119.52999877929688,88.67282104492188,16612200,
2015-12-04,119.52999877929688,120.93000030517578,119.47000122070312,120.58000183105469,89.45177459716797,11843800,
2015-12-07,120.80999755859375,122.45999908447266,120.80000305175781,121.75,90.31974792480469,9016700,
2015-12-08,122.27999877929688,122.43000030517578,121.44999694824219,121.80999755859375,90.3642349243164,7257500,
2015-12-09,121.3499984741211,122.1500015258789,120.51000213623047,121.68000030517578,90.26779174804688,8993900,
2015-12-10,121.79000091552734,122.02999877929688,121.48999786376953,121.83999633789062,90.3864974975586,5606900,
2015-12-11,123.02999877929688,124.0999984741211,122.87000274658203,123.76000213623047,91.81085205078125,12300000,
2015-12-14,123.08000183105469,123.1500015258789,121.75,122.16000366210938,90.62390899658203,10661100,
2015-12-15,121.0199966430664,121.5999984741211,120.83000183105469,121.44000244140625,90.08975219726562,8795500,
2015-12-16,121.06999969482422,122.16999816894531,120.5,121.18000030517578,89.89686584472656,10988600,
2015-12-17,121.77999877929688,122.77999877929688,121.63999938964844,122.55000305175781,90.91322326660156,9923000,
2015-12-18,123.08000183105469,123.5199966430664,122.81999969482422,123.2300033569336,91.41769409179688,10171700,
2015-12-21,123.43000030517578,123.77999877929688,122.91999816894531,123.19999694824219,91.3954086303711,7494900,
2015-12-22,122.6500015258789,122.80000305175781,121.98999786376953,122.30999755859375,90.735107421875,5445800,
2015-12-23,121.2300033569336,121.61000061035156,120.87000274658203,121.38999938964844,90.05267333984375,7287100,
2015-12-24,121.47000122070312,121.87000274658203,121.4000015258789,121.83000183105469,90.56855010986328,3364600,"{""dividend_amount"": 0.254}"
2015-12-28,121.98999786376953,122.66999816894531,121.8499984741211,122.19000244140625,90.8362045288086,7586600,
2015-12-29,121.69000244140625,121.73999786376953,120.01000213623047,120.16000366210938,89.32713317871094,7787500,
2015-12-30,119.91999816894531,120.54000091552734,119.66999816894531,120.04000091552734,89.23786926269531,5508900,
2015-12-31,120.56999969482422,120.86000061035156,120.25,120.58000183105469,89.63937377929688,7897700,
2016-01-04,121.93000030517578,122.44999694824219,121.31999969482422,121.44999694824219,90.28607177734375,10591900,
2016-01-05,120.87999725341797,121.5,120.66000366210938,120.95999908447266,89.92185974121094,6242600,
2016-01-06,122.30000305175781,122.62000274658203,122.05000305175781,122.58999633789062,91.13358306884766,8916900,
2016-01-07,122.68000030517578,122.93000030517578,121.79000091552734,122.80999755859375,91.29708099365234,10202200,
2016-01-08,122.43000030517578,123.47000122070312,122.2300033569336,123.36000061035156,91.70600128173828,9577200,
2016-01-11,122.04000091552734,122.79000091552734,121.86000061035156,122.01000213623047,90.70240783691406,10040300,
2016-01-12,122.33999633789062,124.31999969482422,122.1500015258789,123.7699966430664,92.0107650756836,12897700,
2016-01-13,123.52999877929688,125.5,123.2699966430664,124.98999786376953,92.917724609375,15577600,
2016-01-14,124.47000122070312,124.97000122070312,123.33999633789062,123.81999969482422,92.0479507446289,12873800,
2016-01-15,125.4000015258789,125.95999908447266,125.08000183105469,125.75,93.48267364501953,13976300,
2016-01-19,125.12999725341797,126.06999969482422,124.94999694824219,125.36000061035156,93.19275665283203,8926600,
2016-01-20,126.9800033569336,127.91999816894531,126.41999816894531,126.68000030517578,94.17407989501953,17283300,
2016-01-21,126.94000244140625,127.29000091552734,125.66999816894531,125.81999969482422,93.53473663330078,11001600,
2016-01-22,124.91000366210938,125.52999877929688,124.5199966430664,125.33999633789062,93.17792510986328,10164300,
2016-01-25,125.94999694824219,126.2699966430664,125.6500015258789,126.0199966430664,93.68341827392578,5738200,
2016-01-26,125.98999786376953,126.45999908447266,125.75,126.08000183105469,93.72802734375,5692600,
2016-01-27,125.75,126.29000091552734,125.19000244140625,126.05000305175781,93.70574951171875,7957800,
2016-01-28,125.54000091552734,126.41000366210938,125.45999908447266,126.2300033569336,93.83951568603516,10575400,
2016-01-29,127.41000366210938,127.86000061035156,126.91999816894531,127.30000305175781,94.63497924804688,13170700,
2016-02-01,126.79000091552734,127.06999969482422,126.29000091552734,126.66999816894531,94.34525299072266,9948400,"{""dividend_amount"": 0.241}"
2016-02-02,128.10000610351562,129.0399932861328,128.0,129.02000427246094,96.09554290771484,10400000,
2016-02-03,128.27999877929688,129.94000244140625,127.91999816894531,127.94999694824219,95.2986068725586,13309000,
2016-02-04,128.22000122070312,128.58999633789062,127.51000213623047,128.57000732421875,95.76036071777344,9953500,
2016-02-05,127.88999938964844,129.0,127.58999633789062,128.72000122070312,95.87214660644531,9200800,
2016-02-08,129.72000122070312,131.6300048828125,129.67999267578125,131.49000549316406,97.93524932861328,14452200,
2016-02-09,132.0399932861328,132.05999755859375,130.9600067138672,131.6300048828125,98.03952026367188,15232100,
2016-02-10,131.6999969482422,132.83999633789062,131.11000061035156,132.7899932861328,98.90351104736328,12797100,
2016-02-11,134.44000244140625,135.25,133.00999450683594,133.72000122070312,99.59619903564453,21620200,
2016-02-12,132.63999938964844,133.1300048828125,130.92999267578125,131.5,97.94268798828125,13888400,
2016-02-16,130.72000122070312,130.75,129.80999755859375,130.11000061035156,96.90740966796875,11766000,
2016-02-17,129.63999938964844,129.8300018310547,128.7100067138672,129.30999755859375,96.31155395507812,13157300,
2016-02-18,129.41000366210938,131.0,129.36000061035156,130.89999389648438,97.49580383300781,10196700,
2016-02-19,130.94000244140625,131.82000732421875,130.72999572753906,131.00999450683594,97.57771301269531,8188700,
2016-02-22,131.10000610351562,131.11000061035156,130.6999969482422,130.94000244140625,97.52558898925781,5054300,
2016-02-23,129.8800048828125,131.74000549316406,129.77999877929688,131.47000122070312,97.92035675048828,8320700,
2016-02-24,132.39999389648438,133.38999938964844,130.9499969482422,131.2100067138672,97.72673034667969,9091200,
2016-02-25,131.47999572753906,132.55999755859375,131.32000732421875,131.67999267578125,98.0767593383789,6097200,
2016-02-26,130.30999755859375,130.80999755859375,130.0399932861328,130.41000366210938,97.13082885742188,9245000,
2016-02-29,130.47000122070312,131.1699981689453,130.4199981689453,130.97999572753906,97.55540466308594,8016100,
2016-03-01,130.82000732421875,130.85000610351562,128.32000732421875,128.42999267578125,95.83755493164062,13729100,"{""dividend_amount"": 0.248}"
2016-03-02,128.32000732421875,128.97000122070312,128.2100067138672,128.9600067138672,96.23309326171875,7047700,
2016-03-03,129.07000732421875,129.94000244140625,128.77000427246094,129.42999267578125,96.58383178710938,6394800,
2016-03-04,128.75,129.1300048828125,127.76000213623047,128.60000610351562,95.96444702148438,8687000,
2016-03-07,128.4499969482422,128.6699981689453,128.0500030517578,128.55999755859375,95.93457794189453,5493300,
2016-03-08,130.35000610351562,130.99000549316406,129.9499969482422,129.97999572753906,96.9942398071289,7175400,
2016-03-09,129.0800018310547,129.69000244140625,128.80999755859375,129.19000244140625,96.40470123291016,7194700,
2016-03-10,129.5,129.83999633789062,127.91999816894531,128.66000366210938,96.00917053222656,10091600,
2016-03-11,128.82000732421875,128.8800048828125,127.20999908447266,127.36000061035156,95.03910827636719,8927000,
2016-03-14,127.81999969482422,128.38999938964844,127.66000366210938,127.76000213623047,95.33759307861328,5177000,
2016-03-15,128.5,128.66000366210938,127.61000061035156,127.87999725341797,95.42715454101562,6413200,
2016-03-16,127.75,128.52000427246094,127.37000274658203,128.25999450683594,95.71070861816406,9728900,
2016-03-17,128.50999450683594,129.33999633789062,128.49000549316406,128.7899932861328,96.1062240600586,7805500,
2016-03-18,129.0399932861328,129.50999450683594,128.6999969482422,129.05999755859375,96.30770874023438,8198600,
2016-03-21,128.25,128.6199951171875,127.75,128.07000732421875,95.5689468383789,5514800,
2016-03-22,128.8300018310547,129.02000427246094,127.91999816894531,128.0399932861328,95.5465087890625,4997900,
2016-03-23,128.41000366210938,129.82000732421875,128.2899932861328,129.49000549316406,96.6285629272461,10628200,
2016-03-24,130.5800018310547,130.63999938964844,129.0,129.5399932861328,96.66584014892578,6343300,
2016-03-28,129.3800048828125,130.16000366210938,129.27999877929688,129.7100067138672,96.79277038574219,5058700,
2016-03-29,130.3800048828125,131.08999633789062,130.02000427246094,131.07000732421875,97.8076171875,9396700,
2016-03-30,130.02999877929688,130.07000732421875,128.97999572753906,129.69000244140625,96.77783966064453,8478700,
2016-03-31,129.97999572753906,130.80999755859375,129.7899932861328,130.61000061035156,97.46435546875,7832300,
2016-04-01,130.97999572753906,131.1300048828125,129.89999389648438,130.67999267578125,97.71858978271484,9341400,"{""dividend_amount"": 0.27}"
2016-04-04,130.7899932861328,130.97000122070312,130.27000427246094,130.75999450683594,97.77843475341797,5145100,
2016-04-05,132.00999450683594,132.36000061035156,131.77999877929688,132.19000244140625,98.84771728515625,6482800,
2016-04-06,131.52999877929688,131.6699981689453,130.74000549316406,131.22999572753906,98.12986755371094,6393700,
2016-04-07,132.19000244140625,132.99000549316406,132.00999450683594,132.85000610351562,99.34125518798828,5963300,
2016-04-08,132.1699981689453,132.39999389648438,131.63999938964844,132.00999450683594,98.713134765625,5584800,
2016-04-11,131.32000732421875,132.17999267578125,131.11000061035156,131.83999633789062,98.58601379394531,4805500,
2016-04-12,131.0800018310547,131.5500030517578,130.52999877929688,130.92999267578125,97.90552520751953,4276000,
2016-04-13,130.69000244140625,131.5800018310547,130.52000427246094,131.38999938964844,98.24954223632812,5207900,
2016-04-14,130.91000366210938,131.30999755859375,130.49000549316406,130.75999450683594,97.77843475341797,6967000,
2016-04-15,131.2899932861328,132.16000366210938,131.25,131.8800048828125,98.6159439086914,5831100,
2016-04-18,131.3300018310547,131.44000244140625,130.66000366210938,131.30999755859375,98.1896743774414,4486600,
2016-04-19,131.0800018310547,131.30999755859375,130.2899932861328,130.89999389648438,97.8830795288086,5212200,
2016-04-20,131.16000366210938,131.64999389648438,129.27000427246094,129.4600067138672,96.80632781982422,10920700,
2016-04-21,128.44000244140625,129.07000732421875,128.2899932861328,128.69000244140625,96.23055267333984,11154200,
2016-04-22,128.85000610351562,128.91000366210938,128.24000549316406,128.36000061035156,95.98373413085938,5826400,
2016-04-25,128.05999755859375,128.52000427246094,127.83000183105469,127.83000183105469,95.58740234375,5539500,
2016-04-26,127.76000213623047,127.76000213623047,127.12000274658203,127.25,95.15373992919922,7840000,
2016-04-27,127.91999816894531,128.82000732421875,127.62000274658203,128.52000427246094,96.10340881347656,8380100,
2016-04-28,128.2100067138672,129.13999938964844,128.0399932861328,129.0500030517578,96.49968719482422,7974600,
2016-04-29,128.4499969482422,129.7100067138672,128.1999969482422,129.3800048828125,96.74649810791016,7416300,
2016-05-02,128.66000366210938,128.89999389648438,127.80000305175781,127.81999969482422,95.7724380493164,11035200,"{""dividend_amount"": 0.26}"
2016-05-03,129.5500030517578,130.02000427246094,129.35000610351562,129.42999267578125,96.97879028320312,10736700,
2016-05-04,129.67999267578125,130.1699981689453,129.19000244140625,130.13999938964844,97.51077270507812,7211200,
2016-05-05,130.05999755859375,131.07000732421875,129.6999969482422,131.00999450683594,98.16262817382812,7870400,
2016-05-06,130.85000610351562,130.86000061035156,130.2899932861328,130.4499969482422,97.74302673339844,7232500,
2016-05-09,130.4600067138672,130.88999938964844,130.32000732421875,130.86000061035156,98.05022430419922,4950800,
2016-05-10,130.85000610351562,131.1199951171875,130.64999389648438,130.8699951171875,98.05773162841797,4331900,
2016-05-11,130.8300018310547,132.0,130.66000366210938,131.61000061035156,98.61222839355469,9256000,
2016-05-12,130.66000366210938,131.1699981689453,130.58999633789062,131.00999450683594,98.16262817382812,6087400,
2016-05-13,131.47999572753906,132.32000732421875,131.22999572753906,132.27999877929688,99.11415100097656,8707300,
2016-05-16,131.63999938964844,131.66000366210938,130.97999572753906,131.13999938964844,98.26000213623047,5137000,
2016-05-17,131.2100067138672,131.8300018310547,131.2100067138672,131.36000061035156,98.42487335205078,4449100,
2016-05-18,130.80999755859375,130.85000610351562,128.91000366210938,129.49000549316406,97.02373504638672,12681000,
2016-05-19,129.67999267578125,130.3300018310547,129.64999389648438,130.0500030517578,97.44331359863281,6209400,
2016-05-20,129.64999389648438,130.39999389648438,129.5500030517578,130.14999389648438,97.51824951171875,5348900,
2016-05-23,130.36000061035156,130.72999572753906,129.9199981689453,130.44000244140625,97.73554229736328,6979700,
2016-05-24,129.97000122070312,130.19000244140625,129.24000549316406,129.86000061035156,97.30097961425781,5968200,
2016-05-25,129.8300018310547,130.25,129.30999755859375,129.3699951171875,96.93377685546875,6367400,
2016-05-26,129.80999755859375,130.4499969482422,129.8000030517578,130.0399932861328,97.43579864501953,5419300,
2016-05-27,130.07000732421875,130.25999450683594,129.6999969482422,129.85000610351562,97.29346466064453,5267600,
2016-05-31,129.02000427246094,130.44000244140625,128.97999572753906,130.16000366210938,97.52574920654297,8344300,
2016-06-01,130.6300048828125,131.27000427246094,130.11000061035156,130.4199981689453,97.92142486572266,9874900,"{""dividend_amount"": 0.267}"
2016-06-02,130.89999389648438,131.69000244140625,130.8699951171875,131.36000061035156,98.62718200683594,5835400,
2016-06-03,132.86000061035156,133.22999572753906,132.60000610351562,133.22999572753906,100.03120422363281,11077200,
2016-06-06,132.77999877929688,132.88999938964844,132.10000610351562,132.24000549316406,99.28790283203125,7573700,
2016-06-07,132.63999938964844,132.97999572753906,132.5399932861328,132.55999755859375,99.52813720703125,4680200,
2016-06-08,132.8699951171875,133.42999267578125,132.7100067138672,133.27000427246094,100.06121826171875,5313200,
2016-06-09,134.32000732421875,134.5399932861328,133.92999267578125,134.1300048828125,100.70697784423828,6820300,
2016-06-10,134.7899932861328,135.3300018310547,134.25999450683594,134.77999877929688,101.19499206542969,6984600,
2016-06-13,135.08999633789062,135.38999938964844,134.77000427246094,135.3800048828125,101.64545440673828,7283300,
2016-06-14,136.19000244140625,136.22000122070312,135.22000122070312,135.27999877929688,101.57035827636719,9012500,
2016-06-15,135.52000427246094,136.22999572753906,135.30999755859375,135.8000030517578,101.96084594726562,7953200,
2016-06-16,136.74000549316406,137.55999755859375,136.17999267578125,136.4600067138672,102.45636749267578,10372700,
2016-06-17,136.1999969482422,136.27000427246094,135.25999450683594,135.61000061035156,101.81818389892578,8489900,
2016-06-20,134.24000549316406,134.5500030517578,134.00999450683594,134.16000366210938,100.72948455810547,7365900,
2016-06-21,134.2899932861328,134.5800018310547,133.4600067138672,133.5399932861328,100.26392364501953,6005800,
2016-06-22,133.5,133.99000549316406,133.25,133.75999450683594,100.42919921875,5773700,
2016-06-23,132.61000061035156,133.32000732421875,132.0800018310547,132.22999572753906,99.2803726196289,9029100,
2016-06-24,136.61000061035156,136.61000061035156,135.3000030517578,135.77999877929688,101.9458236694336,17155000,
2016-06-27,138.44000244140625,139.58999633789062,138.39999389648438,139.1699981689453,104.49108123779297,16577100,
2016-06-28,139.44000244140625,139.89999389648438,138.8800048828125,139.4600067138672,104.7087631225586,14006400,
2016-06-29,139.67999267578125,140.1300048828125,138.25999450683594,138.38999938964844,103.90540313720703,12999800,
2016-06-30,138.80999755859375,139.94000244140625,138.08999633789062,138.89999389648438,104.28831481933594,14698500,
2016-07-01,140.80999755859375,140.82000732421875,139.19000244140625,140.57000732421875,105.73627471923828,15430200,"{""dividend_amount"": 0.255}"
2016-07-05,141.85000610351562,142.91000366210938,141.6999969482422,142.3300018310547,107.06022644042969,8840800,
2016-07-06,142.7899932861328,143.0,141.9600067138672,142.55999755859375,107.23313903808594,14352800,
2016-07-07,142.08999633789062,143.19000244140625,141.77999877929688,142.5500030517578,107.22565460205078,9676400,
2016-07-08,142.9199981689453,143.6199951171875,142.36000061035156,143.60000610351562,108.01544952392578,10355300,
2016-07-11,143.0500030517578,143.47000122070312,142.24000549316406,142.33999633789062,107.06770324707031,8099000,
2016-07-12,140.4199981689453,140.86000061035156,139.63999938964844,140.0,105.30756378173828,15810600,
2016-07-13,141.3699951171875,141.77000427246094,140.9499969482422,141.64999389648438,106.5487060546875,8181700,
2016-07-14,139.27999877929688,139.83999633789062,139.08999633789062,139.58999633789062,104.99917602539062,10817000,
2016-07-15,138.88999938964844,139.11000061035156,138.17999267578125,138.38999938964844,104.09651184082031,9958600,
2016-07-18,139.07000732421875,139.25999450683594,137.72999572753906,138.25999450683594,103.99874877929688,5955900,
2016-07-19,138.94000244140625,139.30999755859375,138.39999389648438,139.0399932861328,104.58544158935547,8073900,
2016-07-20,138.22999572753906,138.50999450683594,137.91000366210938,138.27999877929688,104.0137710571289,6942500,
2016-07-21,137.0399932861328,138.6199951171875,136.99000549316406,138.55999755859375,104.22440338134766,10398400,
2016-07-22,137.92999267578125,139.24000549316406,137.8699951171875,138.8000030517578,104.4049301147461,5811400,
2016-07-25,138.94000244140625,139.25999450683594,138.58999633789062,138.6999969482422,104.3297119140625,4243800,
2016-07-26,139.52000427246094,139.52000427246094,138.4600067138672,138.9199981689453,104.49517822265625,5243400,
2016-07-27,139.5500030517578,140.64999389648438,139.39999389648438,140.64999389648438,105.79644012451172,8508100,
2016-07-28,139.8000030517578,140.83999633789062,139.7100067138672,140.38999938964844,105.60092163085938,7336100,
2016-07-29,140.4499969482422,141.67999267578125,140.22000122070312,141.55999755859375,106.48101043701172,8766700,
2016-08-01,139.77999877929688,140.5,139.61000061035156,139.77000427246094,105.3265609741211,9809300,"{""dividend_amount"": 0.258}"
2016-08-02,137.8300018310547,139.25999450683594,137.5,138.3300018310547,104.24137878417969,10051200,
2016-08-03,138.60000610351562,138.77999877929688,137.91000366210938,138.41000366210938,104.30165100097656,4930600,
2016-08-04,139.4600067138672,140.16000366210938,139.27000427246094,139.4499969482422,105.0854263305664,5646000,
2016-08-05,139.0500030517578,139.17999267578125,137.82000732421875,138.0,103.99272155761719,7778600,
2016-08-08,137.60000610351562,138.5399932861328,137.32000732421875,138.25999450683594,104.18862915039062,5185200,
2016-08-09,138.7100067138672,139.72000122070312,138.6199951171875,139.6199951171875,105.2134780883789,5503200,
2016-08-10,139.89999389648438,140.50999450683594,139.47000122070312,140.16000366210938,105.62040710449219,5843500,
2016-08-11,140.05999755859375,140.0800018310547,138.5399932861328,138.91000366210938,104.6784439086914,7624600,
2016-08-12,140.41000366210938,140.86000061035156,139.8699951171875,140.0800018310547,105.56011199951172,7989600,
2016-08-15,139.33999633789062,139.6300048828125,138.75,138.75999450683594,104.56546020507812,5108600,
2016-08-16,138.97999572753906,139.14999389648438,138.22999572753906,138.38999938964844,104.28658294677734,6182700,
2016-08-17,138.6300048828125,139.44000244140625,138.5,139.22000122070312,104.91205596923828,5002000,
2016-08-18,139.1999969482422,139.75999450683594,138.7899932861328,139.44000244140625,105.07780456542969,3805200,
2016-08-19,138.63999938964844,139.0500030517578,138.10000610351562,138.7100067138672,104.52771759033203,5516300,
2016-08-22,139.64999389648438,140.13999938964844,139.3699951171875,139.8800048828125,105.40937042236328,5549700,
2016-08-23,140.27000427246094,140.58999633789062,139.6699981689453,140.02999877929688,105.5224838256836,6841400,
2016-08-24,140.10000610351562,140.19000244140625,139.38999938964844,139.6999969482422,105.27375793457031,6027800,
2016-08-25,139.25999450683594,139.77999877929688,138.9600067138672,139.1699981689453,104.87438201904297,5855500,
2016-08-26,139.72999572753906,140.69000244140625,138.22000122070312,138.36000061035156,104.26397705078125,12962500,
2016-08-29,139.3800048828125,140.35000610351562,139.2100067138672,140.2100067138672,105.6581039428711,7310400,
2016-08-30,140.1699981689453,140.25999450683594,139.6699981689453,139.6699981689453,105.25115966796875,5161800,
2016-08-31,139.66000366210938,140.1699981689453,139.33999633789062,139.8699951171875,105.40190124511719,7349700,
2016-09-01,138.6199951171875,140.10000610351562,138.57000732421875,139.77000427246094,105.51813507080078,9149100,"{""dividend_amount"": 0.254}"
2016-09-02,138.9600067138672,139.0500030517578,138.1699981689453,138.6300048828125,104.65753936767578,8397000,
2016-09-06,138.7100067138672,140.0800018310547,138.50999450683594,139.63999938964844,105.42000579833984,8542600,
2016-09-07,140.3699951171875,140.4199981689453,139.5399932861328,139.5399932861328,105.34449768066406,5421800,
2016-09-08,138.86000061035156,139.27000427246094,137.25999450683594,137.7899932861328,104.0233383178711,14301500,
2016-09-09,136.07000732421875,136.1199951171875,135.41000366210938,135.52000427246094,102.30966186523438,13347700,
2016-09-12,135.32000732421875,135.8300018310547,135.16000366210938,135.58999633789062,102.36247253417969,9096600,
2016-09-13,135.8699951171875,136.0,133.36000061035156,134.0500030517578,101.19989776611328,15645400,
2016-09-14,134.0500030517578,134.91000366210938,134.0500030517578,134.25,101.35084533691406,7037700,
2016-09-15,133.61000061035156,134.0500030517578,133.02999877929688,133.6699981689453,100.91295623779297,9874500,
2016-09-16,134.5800018310547,134.80999755859375,134.22000122070312,134.75,101.72832489013672,7507900,
2016-09-19,134.52000427246094,134.8699951171875,134.25,134.30999755859375,101.39616394042969,7105900,
2016-09-20,135.14999389648438,135.5800018310547,134.6699981689453,134.77999877929688,101.7509536743164,6054800,
2016-09-21,134.60000610351562,135.88999938964844,134.17999267578125,135.8699951171875,102.57382202148438,10698100,
2016-09-22,136.6699981689453,137.2899932861328,136.5,136.9499969482422,103.38920593261719,12426200,
2016-09-23,137.02999877929688,137.33999633789062,136.7100067138672,136.82000732421875,103.29107666015625,5928800,
2016-09-26,137.07000732421875,137.8300018310547,137.02000427246094,137.69000244140625,103.94789123535156,8661300,
2016-09-27,138.58999633789062,138.8000030517578,137.9499969482422,138.6999969482422,104.71039581298828,9450400,
2016-09-28,138.5,139.14999389648438,138.22000122070312,138.39999389648438,104.48381042480469,7958700,
2016-09-29,137.55999755859375,139.07000732421875,137.4499969482422,138.75,104.74809265136719,8319800,
2016-09-30,138.5500030517578,138.63999938964844,136.8699951171875,137.50999450683594,103.81198120117188,11747100,
2016-10-03,137.67999267578125,137.77000427246094,136.75999450683594,136.80999755859375,103.46939086914062,7588800,"{""dividend_amount"": 0.247}"
2016-10-04,136.6199951171875,136.83999633789062,135.16000366210938,135.2100067138672,102.25931549072266,12048700,
2016-10-05,135.02000427246094,135.0800018310547,134.1199951171875,134.5800018310547,101.78282165527344,8917700,
2016-10-06,133.97000122070312,134.69000244140625,133.67999267578125,133.8300018310547,101.215576171875,7839900,
2016-10-07,133.92999267578125,134.2899932861328,133.08999633789062,133.9199981689453,101.28367614746094,9953200,
2016-10-10,132.85000610351562,133.16000366210938,132.50999450683594,133.1300048828125,100.68614959716797,6089100,
2016-10-11,132.86000061035156,133.5500030517578,132.57000732421875,132.8300018310547,100.45926666259766,9670400,
2016-10-12,132.6699981689453,133.02000427246094,132.24000549316406,132.9600067138672,100.55762481689453,7582400,
2016-10-13,133.63999938964844,133.92999267578125,133.3699951171875,133.4600067138672,100.93577575683594,7080600,
2016-10-14,132.27000427246094,132.9499969482422,131.52999877929688,131.58999633789062,99.52144622802734,11415100,
2016-10-17,132.10000610351562,132.74000549316406,132.08999633789062,132.42999267578125,100.15675354003906,10595900,
2016-10-18,131.86000061035156,132.88999938964844,131.8300018310547,132.86000061035156,100.48196411132812,7151000,
2016-10-19,132.3699951171875,133.27000427246094,132.32000732421875,132.97000122070312,100.56519317626953,6941300,
2016-10-20,133.63999938964844,133.75,132.89999389648438,133.11000061035156,100.67108154296875,6082300,
2016-10-21,133.52000427246094,133.72000122070312,132.8699951171875,133.30999755859375,100.82231903076172,9222700,
2016-10-24,133.41000366210938,133.4499969482422,132.2899932861328,132.72999572753906,100.38367462158203,6507500,
2016-10-25,132.52999877929688,133.55999755859375,132.49000549316406,133.0800018310547,100.64835357666016,5134700,
2016-10-26,132.4600067138672,132.8000030517578,131.99000549316406,132.17999267578125,99.96768951416016,5842500,
2016-10-27,131.07000732421875,131.07000732421875,130.05999755859375,130.74000549316406,98.87862396240234,10044700,
2016-10-28,130.38999938964844,130.92999267578125,130.3300018310547,130.4499969482422,98.65933990478516,7541000,
2016-10-31,130.88999938964844,131.2899932861328,130.7100067138672,131.25,99.26437377929688,7047500,
2016-11-01,130.16000366210938,131.60000610351562,129.8800048828125,131.00999450683594,99.2719497680664,12622400,"{""dividend_amount"": 0.25}"
2016-11-02,131.3000030517578,132.11000061035156,131.02999877929688,131.5800018310547,99.70388793945312,8666200,
2016-11-03,130.75,131.0500030517578,130.44000244140625,130.57000732421875,98.93848419189453,6085400,
2016-11-04,131.27000427246094,131.7899932861328,131.1300048828125,131.74000549316406,99.82503509521484,7622600,
2016-11-07,130.75,131.0,130.44000244140625,130.6199951171875,98.97642517089844,5386700,
2016-11-08,131.02000427246094,131.2100067138672,129.7100067138672,130.08999633789062,98.5748062133789,7576500,
2016-11-09,127.22000122070312,127.37000274658203,124.22000122070312,124.56999969482422,94.39202880859375,31233500,
2016-11-10,123.97000122070312,124.95999908447266,122.72000122070312,122.7300033569336,92.99784088134766,22961200,
2016-11-11,122.95999908447266,123.05000305175781,121.6500015258789,122.04000091552734,92.47496795654297,10040200,
2016-11-14,121.27999877929688,122.66000366210938,120.7300033569336,121.30999755859375,91.92185974121094,21174400,
2016-11-15,122.22000122070312,122.80999755859375,121.77999877929688,121.91000366210938,92.3764419555664,11963700,
2016-11-16,122.30000305175781,123.13999938964844,122.16999816894531,123.01000213623047,93.20997619628906,9149500,
2016-11-17,121.94999694824219,122.11000061035156,120.98999786376953,121.19999694824219,91.83847045898438,11221600,
2016-11-18,121.62999725341797,121.97000122070312,120.33999633789062,120.8499984741211,91.57325744628906,13577700,
2016-11-21,121.20999908447266,121.4800033569336,120.88999938964844,121.1500015258789,91.8005599975586,6488100,
2016-11-22,121.66000366210938,121.76000213623047,120.87999725341797,121.11000061035156,91.77025604248047,9989900,
2016-11-23,119.98999786376953,120.91000366210938,119.25,120.63999938964844,91.41411590576172,13563500,
2016-11-25,121.19000244140625,121.29000091552734,120.4000015258789,120.81999969482422,91.55049133300781,3126300,
2016-11-28,121.41000366210938,121.7300033569336,121.08999633789062,121.70999908447266,92.22489166259766,8555000,
2016-11-29,121.44000244140625,122.4000015258789,121.20999908447266,122.22000122070312,92.6113510131836,8363000,
2016-11-30,119.97000122070312,121.01000213623047,119.4800033569336,120.23999786376953,91.1109848022461,21163500,
2016-12-01,118.51000213623047,118.98999786376953,117.63999938964844,118.7300033569336,90.14900207519531,21715700,"{""dividend_amount"": 0.243}"
2016-12-02,119.16999816894531,120.20999908447266,119.13999938964844,119.5999984741211,90.80955505371094,12487500,
2016-12-05,118.93000030517578,120.4000015258789,118.44999694824219,119.47000122070312,90.71090698242188,12100100,
2016-12-06,119.33999633789062,119.94000244140625,119.12000274658203,119.37999725341797,90.64250946044922,11526600,
2016-12-07,119.81999969482422,120.62000274658203,119.81999969482422,120.4000015258789,91.41703796386719,10392200,
2016-12-08,119.1500015258789,119.30999755859375,118.77999877929688,118.9800033569336,90.33883666992188,12041100,
2016-12-09,118.63999938964844,118.86000061035156,117.27999877929688,117.5,89.21513366699219,14646400,
2016-12-12,117.2699966430664,117.80000305175781,116.87999725341797,117.72000122070312,89.38215637207031,9496300,
2016-12-13,118.4000015258789,118.48999786376953,117.44000244140625,118.13999938964844,89.70106506347656,12189200,
2016-12-14,119.08000183105469,119.20999908447266,116.80000305175781,116.81999969482422,88.69877624511719,16618400,
2016-12-15,117.55999755859375,118.29000091552734,117.02999877929688,117.41000366210938,89.14677429199219,12400500,
2016-12-16,117.61000061035156,117.91999816894531,116.80000305175781,117.13999938964844,88.94176483154297,14924600,
2016-12-19,117.9800033569336,118.58000183105469,117.73999786376953,118.4000015258789,89.89848327636719,10868300,
2016-12-20,117.62999725341797,117.9000015258789,117.37999725341797,117.80999755859375,89.45050811767578,7030600,
2016-12-21,117.91999816894531,118.4000015258789,117.7300033569336,118.33000183105469,89.84530639648438,4624700,
2016-12-22,117.52999877929688,118.0,117.5,117.80999755859375,89.68470764160156,5177800,"{""dividend_amount"": 0.309}"
2016-12-23,118.23999786376953,118.38999938964844,117.94999694824219,118.05000305175781,89.86741638183594,4461600,
2016-12-27,117.41999816894531,117.69999694824219,117.2300033569336,117.66999816894531,89.57807922363281,5276600,
2016-12-28,117.86000061035156,118.87999725341797,117.69999694824219,118.52999877929688,90.2328109741211,7578600,
2016-12-29,118.80000305175781,119.2699966430664,118.66000366210938,118.94999694824219,90.55255889892578,8581400,
2016-12-30,118.77999877929688,119.6500015258789,118.72000122070312,119.12999725341797,90.68958282470703,10613900,
2017-01-03,118.41000366210938,119.98999786376953,118.18000030517578,119.63999938964844,91.07781219482422,13217300,
2017-01-04,119.76000213623047,120.23999786376953,119.44999694824219,120.0999984741211,91.427978515625,6699600,
2017-01-05,120.44999694824219,122.02999877929688,120.16999816894531,121.9800033569336,92.8591537475586,13265800,
2017-01-06,121.12999725341797,121.54000091552734,120.75,120.86000061035156,92.00653839111328,8369300,
2017-01-09,121.87999725341797,122.0,121.45999908447266,121.83000183105469,92.74495697021484,8839100,
2017-01-10,121.55000305175781,121.91000366210938,121.27999877929688,121.75,92.68403625488281,8417900,
2017-01-11,121.94000244140625,122.69000244140625,121.41000366210938,122.16000366210938,92.9962158203125,9402500,
2017-01-12,122.80000305175781,123.13999938964844,121.83000183105469,121.88999938964844,92.79061126708984,9977600,
2017-01-13,121.33000183105469,121.75,120.62000274658203,121.30999755859375,92.34910583496094,9820000,
2017-01-17,122.80999755859375,122.94000244140625,121.98999786376953,122.58000183105469,93.31591796875,7853300,
2017-01-18,121.7699966430664,121.95999908447266,120.91000366210938,121.01000213623047,92.12071990966797,9064700,
2017-01-19,120.48999786376953,120.58000183105469,119.55000305175781,120.18000030517578,91.4888916015625,11795600,
2017-01-20,119.83999633789062,120.30999755859375,119.29000091552734,119.94000244140625,91.30619049072266,16953200,
2017-01-23,120.33999633789062,121.87000274658203,120.0199966430664,121.13999938964844,92.21971130371094,13118400,
2017-01-24,120.7699966430664,121.12999725341797,119.80000305175781,120.30999755859375,91.58788299560547,8395000,
2017-01-25,119.27999877929688,119.5999984741211,118.55999755859375,118.80000305175781,90.43830871582031,11115100,
2017-01-26,118.91000366210938,119.26000213623047,118.33000183105469,119.19999694824219,90.74282836914062,7827900,
2017-01-27,119.4000015258789,119.83000183105469,119.25,119.62999725341797,91.07015991210938,7197800,
2017-01-30,119.44000244140625,119.87999725341797,119.19999694824219,119.2699966430664,90.79617309570312,6569500,
2017-01-31,119.33000183105469,120.4000015258789,119.25,120.0999984741211,91.427978515625,13298500,
2017-02-01,119.0999984741211,119.52999877929688,118.58000183105469,119.0999984741211,90.8626708984375,10975500,"{""dividend_amount"": 0.259}"
2017-02-02,119.93000030517578,120.13999938964844,119.0,119.05000305175781,90.82450866699219,6978600,
2017-02-03,119.44000244140625,119.87000274658203,118.47000122070312,119.0,90.78642272949219,10275600,
2017-02-06,119.76000213623047,120.12999725341797,119.12000274658203,119.72000122070312,91.33566284179688,8433800,
2017-02-07,119.77999877929688,121.01000213623047,119.47000122070312,120.5999984741211,92.00701904296875,8418400,
2017-02-08,121.41999816894531,122.2699966430664,121.41000366210938,122.23999786376953,93.2582015991211,15734200,
2017-02-09,121.41000366210938,121.58999633789062,120.66000366210938,120.83000183105469,92.18252563476562,16890600,
2017-02-10,120.11000061035156,120.94999694824219,120.11000061035156,120.76000213623047,92.12911224365234,7978500,
2017-02-13,120.25,120.41000366210938,119.87999725341797,120.37999725341797,91.83917999267578,11536800,
2017-02-14,120.23999786376953,120.30000305175781,118.83000183105469,119.51000213623047,91.17546081542969,13210500,
2017-02-15,118.76000213623047,119.22000122070312,118.6500015258789,118.95999908447266,90.75586700439453,8481000,
2017-02-16,119.22000122070312,120.20999908447266,119.12000274658203,119.61000061035156,91.251708984375,10005800,
2017-02-17,120.61000061035156,120.69999694824219,120.12999725341797,120.31999969482422,91.79341888427734,7886400,
2017-02-21,119.68000030517578,120.61000061035156,119.5999984741211,120.11000061035156,91.63322448730469,8703800,
2017-02-22,120.80000305175781,120.81999969482422,119.58999633789062,120.30999755859375,91.78582763671875,8101500,
2017-02-23,120.56999969482422,120.73999786376953,120.33000183105469,120.66999816894531,92.06043243408203,5330800,
2017-02-24,121.3499984741211,122.13999938964844,121.26000213623047,122.01000213623047,93.08274841308594,11336000,
2017-02-27,121.80999755859375,121.9000015258789,121.2300033569336,121.29000091552734,92.5334701538086,11039800,
2017-02-28,121.5,122.08000183105469,121.31999969482422,121.73999786376953,92.8767318725586,8410500,
2017-03-01,119.44000244140625,119.55000305175781,118.94999694824219,119.47000122070312,91.32048034667969,10717100,"{""dividend_amount"": 0.234}"
2017-03-02,119.01000213623047,119.20999908447266,118.62000274658203,119.04000091552734,90.9918212890625,8201200,
2017-03-03,119.2300033569336,119.3499984741211,118.55000305175781,119.3499984741211,91.22872924804688,9515200,
2017-03-06,119.12000274658203,119.12000274658203,118.5199966430664,118.77999877929688,90.7930908203125,4489200,
2017-03-07,118.4800033569336,118.68000030517578,118.25,118.41999816894531,90.51787567138672,7080100,
2017-03-08,117.30999755859375,117.94999694824219,117.2300033569336,117.77999877929688,90.02867889404297,11336300,
2017-03-09,117.33999633789062,117.4800033569336,116.7699966430664,116.83999633789062,89.31019592285156,10575400,
2017-03-10,117.13999938964844,117.31999969482422,116.68000030517578,117.25,89.6235122680664,9218500,
2017-03-13,116.83000183105469,117.08999633789062,116.48999786376953,116.51000213623047,89.05793762207031,6993100,
2017-03-14,116.7699966430664,117.3499984741211,116.70999908447266,117.06999969482422,89.48595428466797,9869200,
2017-03-15,117.55999755859375,118.83000183105469,117.43000030517578,118.5,90.57902526855469,14600500,
2017-03-16,117.98999786376953,118.1500015258789,117.62999725341797,117.9000015258789,90.12039947509766,8018200,
2017-03-17,118.11000061035156,118.75,118.02999877929688,118.63999938964844,90.68608093261719,7266800,
2017-03-20,118.55000305175781,119.2300033569336,118.5,119.1500015258789,91.07586669921875,5497800,
2017-03-21,119.05000305175781,120.30000305175781,119.0199966430664,120.13999938964844,91.83260345458984,12540700,
2017-03-22,120.72000122070312,121.16999816894531,120.43000030517578,120.62000274658203,92.19951629638672,11661400,
2017-03-23,120.83000183105469,121.0199966430664,120.05999755859375,120.44999694824219,92.06957244873047,6746500,
2017-03-24,120.52999877929688,121.0999984741211,120.4000015258789,120.87999725341797,92.39826965332031,5819600,
2017-03-27,121.83000183105469,121.97000122070312,121.19000244140625,121.43000030517578,92.81867218017578,6878500,
2017-03-28,121.79000091552734,121.81999969482422,120.48999786376953,120.62000274658203,92.19951629638672,6811200,
2017-03-29,120.94000244140625,121.37999725341797,120.87999725341797,121.33999633789062,92.74986267089844,6291000,
2017-03-30,121.06999969482422,121.08999633789062,120.31999969482422,120.36000061035156,92.00077056884766,7042400,
2017-03-31,120.27999877929688,120.80999755859375,120.20999908447266,120.70999908447266,92.26832580566406,5144800,
2017-04-03,120.44999694824219,121.87000274658203,120.4000015258789,121.66999816894531,93.19896697998047,12996500,"{""dividend_amount"": 0.255}"
2017-04-04,121.37000274658203,121.58999633789062,120.94999694824219,121.01000213623047,92.69342041015625,6976700,
2017-04-05,120.55999755859375,121.5199966430664,120.36000061035156,121.37999725341797,92.97686004638672,8555200,
2017-04-06,121.23999786376953,121.41000366210938,120.5199966430664,121.19999694824219,92.83895111083984,6497000,
2017-04-07,121.83999633789062,122.25,120.69000244140625,120.70999908447266,92.46367645263672,10270000,
2017-04-10,121.13999938964844,121.62000274658203,121.0,121.2699966430664,92.89260864257812,5314500,
2017-04-11,121.80000305175781,122.6500015258789,121.72000122070312,122.41999816894531,93.77347564697266,11297400,
2017-04-12,122.51000213623047,123.19000244140625,122.29000091552734,123.08999633789062,94.28669738769531,11532500,
2017-04-13,123.44999694824219,123.73999786376953,122.91000366210938,123.47000122070312,94.57776641845703,8396700,
2017-04-17,123.45999908447266,123.55000305175781,122.86000061035156,123.08999633789062,94.28669738769531,8015000,
2017-04-18,123.86000061035156,124.9800033569336,123.55000305175781,124.69999694824219,95.51996612548828,11529700,
2017-04-19,124.0999984741211,124.16999816894531,123.69999694824219,124.0199966430664,94.99906158447266,7344000,
2017-04-20,123.5199966430664,123.91999816894531,123.13999938964844,123.54000091552734,94.63142395019531,7932900,
2017-04-21,123.81999969482422,124.23999786376953,123.48999786376953,123.54000091552734,94.63142395019531,9798500,
2017-04-24,122.55000305175781,123.16000366210938,122.45999908447266,122.93000030517578,94.16414642333984,8066400,
2017-04-25,122.20999908447266,122.45999908447266,121.37999725341797,121.44999694824219,93.03048706054688,8122300,
2017-04-26,121.5199966430664,122.13999938964844,121.43000030517578,122.12000274658203,93.54366302490234,5766200,
2017-04-27,121.75,122.3499984741211,121.58000183105469,122.08000183105469,93.51303100585938,4978300,
2017-04-28,121.5999984741211,122.44000244140625,121.55000305175781,122.3499984741211,93.71988677978516,8166300,
2017-05-01,121.69000244140625,122.13999938964844,120.70999908447266,121.08000183105469,92.94075775146484,8795900,"{""dividend_amount"": 0.255}"
2017-05-02,120.97000122070312,121.77999877929688,120.94000244140625,121.69999694824219,93.41667175292969,6727800,
2017-05-03,122.22000122070312,122.38999938964844,121.55000305175781,121.77999877929688,93.47808074951172,8932900,
2017-05-04,121.01000213623047,121.22000122070312,120.66999816894531,121.18000030517578,93.01752471923828,9707200,
2017-05-05,121.37999725341797,121.47000122070312,120.88999938964844,121.29000091552734,93.10194396972656,5605400,
2017-05-08,121.11000061035156,121.13999938964844,120.52999877929688,120.62999725341797,92.59538269042969,8057800,
2017-05-09,120.37999725341797,120.62999725341797,120.13999938964844,120.62000274658203,92.58763122558594,5536700,
2017-05-10,120.91000366210938,121.05999755859375,120.16000366210938,120.4800033569336,92.48019409179688,6517000,
2017-05-11,120.0,120.56999969482422,119.91000366210938,120.4800033569336,92.48019409179688,7479800,
2017-05-12,121.01000213623047,121.48999786376953,120.9800033569336,121.38999938964844,93.1787109375,7463900,
2017-05-15,121.05999755859375,121.20999908447266,120.75,121.05999755859375,92.92540740966797,5173200,
2017-05-16,121.11000061035156,121.88999938964844,121.11000061035156,121.51000213623047,93.27081298828125,6722700,
2017-05-17,122.62999725341797,123.54000091552734,122.38999938964844,123.27999877929688,94.62943267822266,11236400,
2017-05-18,123.75,123.94000244140625,123.19000244140625,123.41999816894531,94.7369384765625,8350500,
2017-05-19,123.36000061035156,123.77999877929688,123.01000213623047,123.70999908447266,94.95954132080078,11277400,
2017-05-22,123.41000366210938,123.55999755859375,123.26000213623047,123.37000274658203,94.69860076904297,4062900,
2017-05-23,123.51000213623047,123.62000274658203,122.4800033569336,122.54000091552734,94.06144714355469,7901300,
2017-05-24,122.80000305175781,123.26000213623047,122.54000091552734,123.2300033569336,94.59110260009766,7355200,
2017-05-25,123.0199966430664,123.27999877929688,122.76000213623047,123.2699966430664,94.62184143066406,6464800,
2017-05-26,123.55000305175781,123.73999786376953,123.25,123.4800033569336,94.78299713134766,2963800,
2017-05-30,124.02999877929688,124.13999938964844,123.73999786376953,124.08999633789062,95.25118255615234,4819400,
2017-05-31,124.05000305175781,124.6500015258789,124.02999877929688,124.4000015258789,95.48918151855469,8000200,
2017-06-01,123.69999694824219,124.19000244140625,123.66000366210938,124.1500015258789,95.49919128417969,9037300,"{""dividend_amount"": 0.263}"
2017-06-02,125.22000122070312,125.7699966430664,125.05000305175781,125.62000274658203,96.62995910644531,13245000,
2017-06-05,124.9000015258789,125.16000366210938,124.77999877929688,124.83999633789062,96.0299301147461,6775500,
2017-06-06,125.69000244140625,125.87000274658203,125.4000015258789,125.5199966430664,96.55301666259766,12841500,
2017-06-07,125.23999786376953,125.5199966430664,124.79000091552734,124.91999816894531,96.0915298461914,12852400,
2017-06-08,124.87999725341797,124.87999725341797,124.30000305175781,124.58999633789062,95.83768463134766,8758600,
2017-06-09,124.08000183105469,124.63999938964844,123.9800033569336,124.4000015258789,95.6915054321289,5130500,
2017-06-12,124.20999908447266,124.98999786376953,124.13999938964844,124.36000061035156,95.66075134277344,4335800,
2017-06-13,124.01000213623047,124.5199966430664,123.98999786376953,124.37999725341797,95.67610931396484,4742600,
2017-06-14,125.91999816894531,126.70999908447266,125.7300033569336,126.30000305175781,97.15299987792969,20212300,
2017-06-15,126.08999633789062,126.33000183105469,125.83000183105469,126.0999984741211,96.99915313720703,5863700,
2017-06-16,126.08000183105469,126.44000244140625,126.01000213623047,126.3499984741211,97.19147491455078,6672500,
2017-06-19,126.31999969482422,126.4800033569336,126.02999877929688,126.16999816894531,97.05304718017578,5641300,
2017-06-20,126.79000091552734,127.4000015258789,126.79000091552734,127.30000305175781,97.92224884033203,8405700,
2017-06-21,127.11000061035156,127.63999938964844,126.91000366210938,127.55999755859375,98.12223815917969,5914800,
2017-06-22,127.70999908447266,127.87000274658203,127.30999755859375,127.83999633789062,98.33759307861328,6608100,
2017-06-23,127.47000122070312,127.9000015258789,127.4000015258789,127.77999877929688,98.29147338867188,4329900,
2017-06-26,128.27000427246094,128.57000732421875,128.16000366210938,128.25999450683594,98.66072082519531,5541600,
2017-06-27,127.43000030517578,127.48999786376953,126.62000274658203,126.88999938964844,97.60688781738281,8354200,
2017-06-28,126.66999816894531,126.70999908447266,125.9800033569336,126.47000122070312,97.2837905883789,7357900,
2017-06-29,125.01000213623047,125.72000122070312,124.9000015258789,125.41000366210938,96.46846008300781,9115800,
2017-06-30,125.19000244140625,125.38999938964844,124.8499984741211,125.12000274658203,96.24539184570312,10189800,
2017-07-03,125.0,125.04000091552734,124.0199966430664,124.45999908447266,95.93548583984375,11021100,"{""dividend_amount"": 0.258}"
2017-07-05,124.19999694824219,124.6500015258789,124.12000274658203,124.48999786376953,95.95857238769531,11394500,
2017-07-06,123.5199966430664,123.63999938964844,122.93000030517578,123.45999908447266,95.16466522216797,10853100,
2017-07-07,122.83999633789062,123.02999877929688,122.58999633789062,122.72000122070312,94.59427642822266,9401800,
2017-07-10,122.87000274658203,123.0999984741211,122.68000030517578,122.9000015258789,94.7330322265625,3859200,
2017-07-11,122.86000061035156,123.33000183105469,122.70999908447266,123.11000061035156,94.89488983154297,4425600,
2017-07-12,123.88999938964844,124.04000091552734,123.48999786376953,123.95999908447266,95.55005645751953,7839900,
2017-07-13,123.5999984741211,123.6500015258789,122.80999755859375,123.18000030517578,94.94879913330078,7449300,
2017-07-14,124.0999984741211,124.16000366210938,123.12000274658203,123.33000183105469,95.06446075439453,6566800,
2017-07-17,123.33000183105469,123.98999786376953,123.2699966430664,123.66999816894531,95.3265151977539,4737300,
2017-07-18,124.43000030517578,124.7699966430664,124.2300033569336,124.75,96.15901184082031,9163000,
2017-07-19,124.77999877929688,125.01000213623047,124.58999633789062,124.80000305175781,96.19756317138672,5140900,
2017-07-20,125.48999786376953,125.7300033569336,124.97000122070312,125.16000366210938,96.47505950927734,12239100,
2017-07-21,125.7300033569336,126.02999877929688,125.56999969482422,125.69000244140625,96.88356018066406,6201500,
2017-07-24,125.44999694824219,125.66000366210938,125.16000366210938,125.19999694824219,96.505859375,5378500,
2017-07-25,124.13999938964844,124.19000244140625,123.47000122070312,123.56999969482422,95.24947357177734,9743300,
2017-07-26,123.2699966430664,124.08999633789062,123.08000183105469,123.7699966430664,95.40359497070312,8459500,
2017-07-27,123.11000061035156,123.37999725341797,122.81999969482422,123.16000366210938,94.93340301513672,6390800,
2017-07-28,123.2699966430664,123.98999786376953,123.26000213623047,123.88999938964844,95.4961166381836,5491800,
2017-07-31,123.45999908447266,124.05000305175781,123.4000015258789,124.04000091552734,95.61174011230469,5464600,
2017-08-01,123.18000030517578,124.70999908447266,123.16000366210938,124.63999938964844,96.28302001953125,9676800,"{""dividend_amount"": 0.269}"
2017-08-02,124.7699966430664,125.16999816894531,124.68000030517578,124.70999908447266,96.33711242675781,5745600,
2017-08-03,125.29000091552734,126.0199966430664,125.26000213623047,126.0,97.33358001708984,10324500,
2017-08-04,125.1500015258789,125.18000030517578,124.44000244140625,124.93000030517578,96.50706481933594,8485500,
2017-08-07,124.83999633789062,125.0999984741211,124.61000061035156,125.06999969482422,96.61519622802734,4684600,
2017-08-08,124.87000274658203,124.9800033569336,124.1500015258789,124.62000274658203,96.26756286621094,6197400,
2017-08-09,125.93000030517578,125.94999694824219,125.19999694824219,125.30000305175781,96.79285430908203,9221800,
2017-08-10,125.62000274658203,126.44000244140625,125.5199966430664,126.37000274658203,97.61944580078125,10378200,
2017-08-11,125.7699966430664,126.45999908447266,125.55000305175781,126.43000030517578,97.665771484375,5717800,
2017-08-14,125.98999786376953,126.27999877929688,125.7300033569336,125.77999877929688,97.1636962890625,5111000,
2017-08-15,124.7300033569336,125.54000091552734,124.70999908447266,125.25,96.7542495727539,7473200,
2017-08-16,124.83000183105469,126.0199966430664,124.80999755859375,125.70999908447266,97.10960388183594,5283800,
2017-08-17,125.69999694824219,126.68000030517578,125.51000213623047,126.6500015258789,97.83570098876953,9364700,
2017-08-18,126.9800033569336,127.1500015258789,126.26000213623047,126.62000274658203,97.81250762939453,8382500,
2017-08-21,126.7699966430664,127.0199966430664,126.5,126.93000030517578,98.05204772949219,7669800,
2017-08-22,126.79000091552734,126.80999755859375,126.2699966430664,126.44000244140625,97.67353057861328,6140700,
2017-08-23,127.04000091552734,127.30999755859375,126.76000213623047,127.30000305175781,98.33783721923828,7446400,
2017-08-24,126.87999725341797,127.30999755859375,126.72000122070312,126.83000183105469,97.97477722167969,5569400,
2017-08-25,127.0199966430664,127.44999694824219,126.87000274658203,127.31999969482422,98.35330200195312,7303300,
2017-08-28,126.91999816894531,127.38999938964844,126.7300033569336,127.23999786376953,98.29151153564453,4448500,
2017-08-29,128.4600067138672,128.52000427246094,127.30999755859375,127.6500015258789,98.60824584960938,7659400,
2017-08-30,127.45999908447266,127.73999786376953,127.33999633789062,127.61000061035156,98.57730102539062,4735200,
2017-08-31,127.63999938964844,128.02999877929688,127.56999969482422,127.98999786376953,98.8708724975586,7978400,
2017-09-01,127.30999755859375,127.33999633789062,126.43000030517578,126.75,98.11455535888672,14128600,"{""dividend_amount"": 0.263}"
2017-09-05,127.69000244140625,128.8000030517578,127.69000244140625,128.75999450683594,99.67046356201172,15215700,
2017-09-06,128.72000122070312,129.0,127.73999786376953,127.97000122070312,99.05896759033203,9066400,
2017-09-07,128.3300018310547,129.57000732421875,128.3300018310547,129.27999877929688,100.072998046875,13618900,
2017-09-08,129.11000061035156,129.16000366210938,128.57000732421875,129.0,99.85623931884766,9808500,
2017-09-11,127.87000274658203,128.0500030517578,127.26000213623047,127.45999908447266,98.66419219970703,17856700,
2017-09-12,127.05000305175781,127.08999633789062,126.52999877929688,126.79000091552734,98.14555358886719,7557400,
2017-09-13,126.91000366210938,126.91999816894531,126.27999877929688,126.29000091552734,97.75850677490234,6740000,
2017-09-14,126.37000274658203,126.83000183105469,126.33000183105469,126.80999755859375,98.16099548339844,6674500,
2017-09-15,127.0,127.01000213623047,126.54000091552734,126.86000061035156,98.19972229003906,9769200,
2017-09-18,126.5,126.56999969482422,125.83999633789062,126.12999725341797,97.6346435546875,6863000,
2017-09-19,126.27999877929688,126.30999755859375,125.7300033569336,125.81999969482422,97.39469146728516,5554900,
2017-09-20,125.97000122070312,126.05000305175781,125.33000183105469,125.91000366210938,97.46438598632812,8037000,
2017-09-21,126.16000366210938,126.55999755859375,125.81999969482422,125.83999633789062,97.41016387939453,6147800,
2017-09-22,126.5,126.7300033569336,126.05999755859375,126.19999694824219,97.6888198852539,5660700,
2017-09-25,126.31999969482422,127.2699966430664,126.19999694824219,126.98999786376953,98.30036926269531,9679000,
2017-09-26,126.7699966430664,126.88999938964844,126.43000030517578,126.76000213623047,98.12232971191406,7251900,
2017-09-27,124.87000274658203,125.30000305175781,124.61000061035156,124.8499984741211,96.64385986328125,12145700,
2017-09-28,124.20999908447266,124.6500015258789,123.97000122070312,124.4800033569336,96.35743713378906,8883700,
2017-09-29,124.76000213623047,125.02999877929688,124.2699966430664,124.76000213623047,96.57413482666016,11285500,
2017-10-02,124.80999755859375,125.0,124.23999786376953,124.27999877929688,96.3973388671875,7860700,"{""dividend_amount"": 0.252}"
2017-10-03,123.91999816894531,124.51000213623047,123.91999816894531,124.4000015258789,96.49040985107422,6219800,
2017-10-04,124.52999877929688,124.58999633789062,123.87999725341797,124.41000366210938,96.49813842773438,7447000,
2017-10-05,124.2699966430664,124.30000305175781,123.69000244140625,123.94000244140625,96.13357543945312,8180300,
2017-10-06,123.29000091552734,124.0999984741211,123.02999877929688,123.58999633789062,95.86211395263672,10375000,
2017-10-09,123.77999877929688,124.05999755859375,123.63999938964844,123.9800033569336,96.16462707519531,3590900,
2017-10-10,124.13999938964844,124.87000274658203,124.0199966430664,124.18000030517578,96.31975555419922,6666800,
2017-10-11,124.56999969482422,124.66000366210938,124.26000213623047,124.41999816894531,96.5058822631836,4385900,
2017-10-12,124.55000305175781,124.9800033569336,124.23999786376953,124.94999694824219,96.91703033447266,7141600,
2017-10-13,125.58000183105469,125.94000244140625,125.16999816894531,125.8499984741211,97.61507415771484,7746900,
2017-10-16,125.52999877929688,125.9000015258789,125.37999725341797,125.76000213623047,97.5452880859375,5737300,
2017-10-17,125.38999938964844,126.08999633789062,125.38999938964844,125.91999816894531,97.66935729980469,4969600,
2017-10-18,125.05000305175781,125.18000030517578,124.68000030517578,125.08999633789062,97.02559661865234,5943800,
2017-10-19,125.73999786376953,126.01000213623047,125.2699966430664,125.30999755859375,97.19624328613281,8966500,
2017-10-20,124.0,124.27999877929688,123.63999938964844,123.9800033569336,96.16462707519531,12326900,
2017-10-23,124.16000366210938,124.48999786376953,124.0199966430664,124.19999694824219,96.33525848388672,6871100,
2017-10-24,123.37000274658203,123.69000244140625,123.1500015258789,123.43000030517578,95.7380142211914,6842800,
2017-10-25,122.52999877929688,122.9800033569336,122.41999816894531,122.83999633789062,95.2804183959961,9961400,
2017-10-26,123.05999755859375,123.05999755859375,122.43000030517578,122.43000030517578,94.96236419677734,8179400,
2017-10-27,122.94000244140625,123.33000183105469,122.75,123.23999786376953,95.5906753540039,10480900,
2017-10-30,123.86000061035156,124.45999908447266,123.55999755859375,124.41999816894531,96.5058822631836,9051600,
2017-10-31,124.52999877929688,124.66000366210938,124.4000015258789,124.45999908447266,96.53694915771484,4424300,
2017-11-01,124.3499984741211,125.13999938964844,124.30000305175781,124.75,96.96674346923828,8940400,"{""dividend_amount"": 0.263}"
2017-11-02,125.0,125.5199966430664,124.91999816894531,125.30000305175781,97.394287109375,7222700,
2017-11-03,125.47000122070312,125.69999694824219,125.13999938964844,125.63999938964844,97.65855407714844,10984100,
2017-11-06,125.93000030517578,126.22000122070312,125.72000122070312,126.11000061035156,98.02384948730469,6246700,
2017-11-07,126.2300033569336,126.77999877929688,126.12999725341797,126.63999938964844,98.43583679199219,6422700,
2017-11-08,126.58999633789062,126.80000305175781,126.20999908447266,126.36000061035156,98.21820831298828,3356200,
2017-11-09,125.87000274658203,126.23999786376953,125.55000305175781,126.0,97.93836975097656,6280400,
2017-11-10,124.70999908447266,124.83999633789062,123.95999908447266,124.0999984741211,96.46156311035156,11981000,
2017-11-13,124.80000305175781,124.80999755859375,124.30999755859375,124.36000061035156,96.6636734008789,5880800,
2017-11-14,124.7699966430664,125.23999786376953,124.7699966430664,125.19999694824219,97.31654357910156,6195900,
2017-11-15,126.05999755859375,126.66999816894531,125.63999938964844,126.55999755859375,98.3736801147461,9568200,
2017-11-16,126.01000213623047,126.33000183105469,125.44999694824219,125.45999908447266,97.51866149902344,5894900,
2017-11-17,126.06999969482422,126.44000244140625,125.95999908447266,126.38999938964844,98.24159240722656,6938800,
2017-11-20,125.91000366210938,126.37999725341797,125.91000366210938,126.33999633789062,98.20269775390625,4232300,
2017-11-21,127.08999633789062,127.29000091552734,126.30999755859375,126.73999786376953,98.5135498046875,5818400,
2017-11-22,126.62000274658203,127.19999694824219,126.51000213623047,127.1500015258789,98.832275390625,4140700,
2017-11-24,126.93000030517578,127.02999877929688,126.69000244140625,126.80000305175781,98.5602035522461,3141400,
2017-11-27,126.86000061035156,127.05000305175781,126.41999816894531,126.62000274658203,98.42031860351562,6079900,
2017-11-28,126.7699966430664,127.18000030517578,126.47000122070312,126.79000091552734,98.55241394042969,5983000,
2017-11-29,125.55999755859375,125.68000030517578,125.0999984741211,125.54000091552734,97.58080291748047,14547100,
2017-11-30,125.30999755859375,125.5199966430664,124.44000244140625,125.12000274658203,97.25436401367188,9630000,
2017-12-01,125.87000274658203,127.69000244140625,125.0999984741211,126.55000305175781,98.5667724609375,24583100,"{""dividend_amount"": 0.255}"
2017-12-04,125.91999816894531,126.66999816894531,125.80999755859375,126.61000061035156,98.61347961425781,9609200,
2017-12-05,126.47000122070312,127.5,126.44999694824219,127.23999786376953,99.10424041748047,10958900,
2017-12-06,127.87000274658203,128.22999572753906,127.66000366210938,127.68000030517578,99.44692993164062,11834200,
2017-12-07,127.93000030517578,128.10000610351562,126.30000305175781,126.68000030517578,98.66803741455078,13056800,
2017-12-08,126.58999633789062,126.73999786376953,126.23999786376953,126.69000244140625,98.67585754394531,4786100,
2017-12-11,126.86000061035156,127.08999633789062,126.41000366210938,126.43000030517578,98.47332763671875,3863800,
2017-12-12,126.16999816894531,126.41000366210938,125.66999816894531,126.37999725341797,98.4343490600586,7502400,
2017-12-13,126.80999755859375,127.38999938964844,126.58999633789062,127.33000183105469,99.17431640625,8532900,
2017-12-14,127.05000305175781,127.9800033569336,126.79000091552734,127.87000274658203,99.59489440917969,6885000,
2017-12-15,127.80999755859375,128.58999633789062,127.55999755859375,128.35000610351562,99.96878051757812,7239400,
2017-12-18,127.97000122070312,128.0,126.91000366210938,127.18000030517578,99.05746459960938,7239700,
2017-12-19,126.31999969482422,126.37999725341797,125.06999969482422,125.52999877929688,97.77236938476562,11045800,
2017-12-20,124.30999755859375,124.70999908447266,123.94999694824219,124.13999938964844,96.68966674804688,10005800,
2017-12-21,124.02999877929688,124.86000061035156,124.0,124.5999984741211,97.25325012207031,7026900,"{""dividend_amount"": 0.262}"
2017-12-22,124.69999694824219,124.83999633789062,124.52999877929688,124.7699966430664,97.38592529296875,3974300,
2017-12-26,124.9800033569336,125.52999877929688,124.97000122070312,125.13999938964844,97.67472076416016,3168400,
2017-12-27,125.70999908447266,126.9800033569336,125.69999694824219,126.7699966430664,98.94699096679688,9059700,
2017-12-28,126.52999877929688,126.83000183105469,126.37000274658203,126.66000366210938,98.86113739013672,5297100,
2017-12-29,126.5,127.12000274658203,126.4800033569336,126.86000061035156,99.0172348022461,7580500,
2018-01-02,126.48999786376953,126.51000213623047,125.06999969482422,125.48999786376953,97.94788360595703,16238200,
2018-01-03,126.0,126.19999694824219,125.48999786376953,126.08999633789062,98.41621398925781,8605100,
2018-01-04,125.6500015258789,126.16000366210938,125.37000274658203,126.06999969482422,98.40058135986328,9217900,
2018-01-05,125.87000274658203,126.18000030517578,125.36000061035156,125.70999908447266,98.11962127685547,10915400,
2018-01-08,125.98999786376953,126.02999877929688,125.16999816894531,125.62999725341797,98.05720520019531,8850600,
2018-01-09,124.80999755859375,124.83000183105469,123.80999755859375,123.94999694824219,96.7458724975586,16226400,
2018-01-10,122.80999755859375,123.93000030517578,122.66000366210938,123.80000305175781,96.62882232666016,14302600,
2018-01-11,123.51000213623047,124.58999633789062,123.30999755859375,124.30999755859375,97.02690124511719,12511000,
2018-01-12,124.0999984741211,124.79000091552734,123.91000366210938,124.5199966430664,97.19075775146484,9987100,
2018-01-16,125.16999816894531,125.27999877929688,124.55999755859375,125.04000091552734,97.5966567993164,9125900,
2018-01-17,125.08000183105469,125.63999938964844,124.5999984741211,124.87000274658203,97.46398162841797,8327000,
2018-01-18,123.93000030517578,124.2699966430664,123.54000091552734,123.70999908447266,96.5585708618164,10843900,
2018-01-19,123.4000015258789,123.55999755859375,122.9800033569336,123.05999755859375,96.05123901367188,11374300,
2018-01-22,123.44999694824219,123.70999908447266,122.98999786376953,123.18000030517578,96.14488983154297,8984700,
2018-01-23,123.80999755859375,124.19999694824219,123.23999786376953,123.70999908447266,96.5585708618164,12325700,
2018-01-24,122.8499984741211,123.12999725341797,122.54000091552734,123.04000091552734,96.0356216430664,9038900,
2018-01-25,123.16000366210938,124.1500015258789,122.80000305175781,124.05000305175781,96.82396697998047,12173300,
2018-01-26,123.87999725341797,123.91000366210938,123.0999984741211,123.58999633789062,96.46489715576172,6462900,
2018-01-29,122.97000122070312,122.97000122070312,122.30000305175781,122.7300033569336,95.79364776611328,12223000,
2018-01-30,122.27999877929688,122.37000274658203,121.69999694824219,122.01000213623047,95.23168182373047,12064400,
2018-01-31,122.87000274658203,122.93000030517578,121.94000244140625,122.7300033569336,95.79364776611328,18045100,
2018-02-01,122.4800033569336,122.52999877929688,120.62999725341797,120.69999694824219,94.40536499023438,18632800,"{""dividend_amount"": 0.255}"
2018-02-02,120.1500015258789,120.26000213623047,119.23999786376953,119.58000183105469,93.52931213378906,23944400,
2018-02-05,119.16999816894531,121.81999969482422,118.63999938964844,120.70999908447266,94.41317749023438,28606200,
2018-02-06,120.41999816894531,120.87000274658203,119.72000122070312,119.95999908447266,93.8265380859375,10935400,
2018-02-07,120.12999725341797,120.33000183105469,118.55999755859375,118.81999969482422,92.93492126464844,16271100,
2018-02-08,118.01000213623047,119.18000030517578,117.8499984741211,118.69000244140625,92.83321380615234,15155100,
2018-02-09,118.11000061035156,119.08999633789062,117.79000091552734,117.94000244140625,92.24665069580078,15661600,
2018-02-12,118.55999755859375,119.30000305175781,118.19000244140625,118.45999908447266,92.65337371826172,10944600,
2018-02-13,118.61000061035156,119.01000213623047,118.38999938964844,118.98999786376953,93.06788635253906,8157600,
2018-02-14,118.45999908447266,118.54000091552734,117.47000122070312,117.66999816894531,92.03540802001953,12043300,
2018-02-15,118.19000244140625,118.80000305175781,117.98999786376953,118.06999969482422,92.3482894897461,8222400,
2018-02-16,119.04000091552734,119.20999908447266,118.33999633789062,118.70999908447266,92.84883117675781,8454100,
2018-02-20,118.27999877929688,118.51000213623047,117.77999877929688,118.19000244140625,92.44216918945312,8268800,
2018-02-21,118.23999786376953,118.29000091552734,116.51000213623047,116.73999786376953,91.3080062866211,12054300,
2018-02-22,117.23999786376953,117.66000366210938,117.0,117.08999633789062,91.58180236816406,9317900,
2018-02-23,117.87999725341797,118.30999755859375,117.72000122070312,118.12999725341797,92.39519500732422,9072900,
2018-02-26,118.68000030517578,118.91000366210938,118.04000091552734,118.16999816894531,92.4264907836914,8771600,
2018-02-27,118.5199966430664,118.66000366210938,117.26000213623047,118.0,92.29353332519531,12525700,
2018-02-28,118.47000122070312,118.83000183105469,118.25,118.75,92.88013458251953,9311600,
2018-03-01,118.43000030517578,119.62000274658203,118.1500015258789,119.31999969482422,93.51416778564453,12287700,"{""dividend_amount"": 0.239}"
2018-03-02,118.8499984741211,118.93000030517578,118.12000274658203,118.3499984741211,92.75395965576172,10064300,
2018-03-05,118.75,118.80000305175781,117.62999725341797,118.02999877929688,92.50322723388672,5658200,
2018-03-06,118.36000061035156,118.68000030517578,118.12000274658203,118.13999938964844,92.58934783935547,5452000,
2018-03-07,118.56999969482422,118.68000030517578,117.95999908447266,118.01000213623047,92.48748779296875,4461800,
2018-03-08,118.30999755859375,118.98999786376953,118.26000213623047,118.69000244140625,93.02043151855469,7086700,
2018-03-09,117.98999786376953,118.2699966430664,117.58999633789062,117.91000366210938,92.40914154052734,6570400,
2018-03-12,118.30999755859375,118.66000366210938,118.19000244140625,118.58999633789062,92.94207000732422,5801300,
2018-03-13,118.30999755859375,119.37000274658203,118.19000244140625,119.19000244140625,93.41231536865234,7455300,
2018-03-14,119.4000015258789,120.4000015258789,119.37000274658203,120.23999786376953,94.2352294921875,10175000,
2018-03-15,120.16999816894531,120.48999786376953,119.93000030517578,120.23999786376953,94.2352294921875,6757900,
2018-03-16,119.80000305175781,120.01000213623047,119.55000305175781,119.80999755859375,93.89822387695312,6084300,
2018-03-19,119.20999908447266,119.97000122070312,119.19999694824219,119.43000030517578,93.60042572021484,8491200,
2018-03-20,118.91000366210938,119.22000122070312,118.83000183105469,118.94999694824219,93.22418212890625,5446000,
2018-03-21,118.66000366210938,119.41999816894531,118.11000061035156,119.08000183105469,93.32609558105469,9742400,
2018-03-22,120.30999755859375,120.81999969482422,119.66999816894531,120.26000213623047,94.25088500976562,12136600,
2018-03-23,119.68000030517578,120.30999755859375,119.62000274658203,120.16999816894531,94.18034362792969,7250400,
2018-03-26,120.0,120.44999694824219,119.66999816894531,119.70999908447266,93.81983947753906,8237900,
2018-03-27,119.83000183105469,121.12000274658203,119.80999755859375,120.98999786376953,94.82300567626953,9168500,
2018-03-28,121.44999694824219,121.63999938964844,120.94999694824219,121.30999755859375,95.07383728027344,7412500,
2018-03-29,121.54000091552734,122.29000091552734,121.51000213623047,121.9000015258789,95.53619384765625,9694300,
2018-04-02,121.3499984741211,122.36000061035156,121.16000366210938,121.87999725341797,95.72468566894531,12036500,"{""dividend_amount"": 0.26}"
2018-04-03,121.36000061035156,121.4800033569336,120.83000183105469,120.94000244140625,94.98640441894531,9855000,
2018-04-04,121.3499984741211,121.45999908447266,120.5999984741211,120.69000244140625,94.7900619506836,6654300,
2018-04-05,120.0999984741211,120.2699966430664,119.7699966430664,119.79000091552734,94.08319854736328,7603700,
2018-04-06,120.66000366210938,121.1500015258789,120.22000122070312,121.0999984741211,95.112060546875,8831200,
2018-04-09,120.63999938964844,121.30000305175781,120.3499984741211,121.30000305175781,95.26919555664062,6307500,
2018-04-10,121.19999694824219,121.37999725341797,120.77999877929688,121.08000183105469,95.09638977050781,6046000,
2018-04-11,121.8499984741211,121.88999938964844,121.2699966430664,121.51000213623047,95.43408203125,5901300,
2018-04-12,121.04000091552734,121.06999969482422,120.41000366210938,120.62000274658203,94.73509216308594,6622800,
2018-04-13,120.5199966430664,121.12999725341797,120.5,120.9000015258789,94.95500183105469,4964000,
2018-04-16,120.2300033569336,120.97000122070312,120.18000030517578,120.94000244140625,94.98640441894531,4491300,
2018-04-17,120.91999816894531,121.58000183105469,120.81999969482422,121.2699966430664,95.24559020996094,5590400,
2018-04-18,121.29000091552734,121.33999633789062,120.27999877929688,120.30000305175781,94.48375701904297,8138400,
2018-04-19,119.41999816894531,119.52999877929688,118.80999755859375,119.31999969482422,93.71405029296875,9875800,
2018-04-20,118.88999938964844,119.12999725341797,118.43000030517578,118.45999908447266,93.03862762451172,7579400,
2018-04-23,118.33000183105469,118.62000274658203,118.08000183105469,118.48999786376953,93.06216430664062,7073200,
2018-04-24,118.20999908447266,118.44999694824219,117.76000213623047,117.94999694824219,92.6380844116211,8190800,
2018-04-25,117.41000366210938,117.6500015258789,116.94000244140625,117.16000366210938,92.01762390136719,6603800,
2018-04-26,117.7300033569336,118.12999725341797,117.58999633789062,117.9800033569336,92.66162872314453,6528600,
2018-04-27,118.47000122070312,118.94999694824219,118.44000244140625,118.88999938964844,93.37633514404297,5401800,
2018-04-30,119.08000183105469,119.55999755859375,118.94000244140625,119.0999984741211,93.541259765625,8321100,
2018-05-01,118.7699966430664,118.83999633789062,118.2300033569336,118.41000366210938,93.20439910888672,7979200,"{""dividend_amount"": 0.262}"
2018-05-02,118.63999938964844,118.87000274658203,118.26000213623047,118.27999877929688,93.10208129882812,4644000,
2018-05-03,118.83999633789062,119.30999755859375,118.68000030517578,118.80999755859375,93.51922607421875,6345300,
2018-05-04,119.2300033569336,119.2300033569336,118.48999786376953,118.98999786376953,93.66089630126953,4283500,
2018-05-07,118.97000122070312,119.0199966430664,118.73999786376953,118.80000305175781,93.51136016845703,3647800,
2018-05-08,118.55000305175781,119.0,118.30000305175781,118.69000244140625,93.42481231689453,6091200,
2018-05-09,118.12000274658203,118.41999816894531,117.9800033569336,117.9800033569336,92.86591339111328,7832500,
2018-05-10,118.55000305175781,118.9800033569336,118.3499984741211,118.93000030517578,93.61366271972656,7101500,
2018-05-11,119.31999969482422,119.36000061035156,118.81999969482422,119.2300033569336,93.84986877441406,4273400,
2018-05-14,118.80000305175781,118.98999786376953,118.58999633789062,118.5999984741211,93.35393524169922,4996200,
2018-05-15,117.55999755859375,117.58000183105469,116.69999694824219,117.25,92.29129791259766,12901000,
2018-05-16,117.41999816894531,117.52999877929688,116.79000091552734,116.80000305175781,91.93708038330078,6518000,
2018-05-17,116.62999725341797,116.81999969482422,116.08999633789062,116.20999908447266,91.47270202636719,7330300,
2018-05-18,116.51000213623047,117.29000091552734,116.51000213623047,117.20999908447266,92.25979614257812,9606500,
2018-05-21,117.12999725341797,117.37999725341797,116.94999694824219,117.2699966430664,92.30705261230469,4448500,
2018-05-22,117.29000091552734,117.3499984741211,116.8499984741211,117.08999633789062,92.16536712646484,4700700,
2018-05-23,117.75,118.11000061035156,117.66000366210938,117.94000244140625,92.83441162109375,9634000,
2018-05-24,118.69000244140625,119.05999755859375,118.63999938964844,118.87999725341797,93.57433319091797,8204100,
2018-05-25,119.55999755859375,119.83999633789062,119.47000122070312,119.62000274658203,94.15681457519531,8482800,
2018-05-29,120.79000091552734,122.5199966430664,120.43000030517578,122.23999786376953,96.21910858154297,21668100,
2018-05-30,121.0,121.4800033569336,120.73999786376953,121.41999816894531,95.57363891601562,11616300,
2018-05-31,121.55999755859375,121.9800033569336,120.94999694824219,121.22000122070312,95.41620635986328,10769900,
2018-06-01,120.16999816894531,120.70999908447266,119.8499984741211,120.30000305175781,94.91207122802734,8718800,"{""dividend_amount"": 0.281}"
2018-06-04,120.11000061035156,120.13999938964844,119.37000274658203,119.43000030517578,94.22566223144531,7156500,
2018-06-05,119.95999908447266,120.16000366210938,119.62000274658203,119.70999908447266,94.44657897949219,5635900,
2018-06-06,119.08000183105469,119.0999984741211,118.41999816894531,118.73999786376953,93.68126678466797,7813300,
2018-06-07,118.69000244140625,120.48999786376953,118.68000030517578,119.88999938964844,94.58859252929688,13238300,
2018-06-08,119.55999755859375,119.8499984741211,119.44000244140625,119.52999877929688,94.3045654296875,6790600,
2018-06-11,119.06999969482422,119.38999938964844,118.94000244140625,119.30999755859375,94.13099670410156,6844200,
2018-06-12,118.93000030517578,119.45999908447266,118.88999938964844,119.33999633789062,94.1546401977539,6048200,
2018-06-13,119.44999694824219,119.63999938964844,118.62999725341797,119.27999877929688,94.10733032226562,8834700,
2018-06-14,119.77999877929688,120.30000305175781,119.4800033569336,120.2699966430664,94.88842010498047,10078800,
2018-06-15,120.83000183105469,121.08999633789062,120.30000305175781,120.37999725341797,94.97520446777344,7992800,
2018-06-18,120.4800033569336,120.55999755859375,120.04000091552734,120.2699966430664,94.88842010498047,4893700,
2018-06-19,120.97000122070312,121.2300033569336,120.69999694824219,120.97000122070312,95.44064331054688,6133300,
2018-06-20,120.7699966430664,120.79000091552734,119.9000015258789,119.91000366210938,94.60438537597656,6879100,
2018-06-21,120.36000061035156,120.75,120.22000122070312,120.54000091552734,95.10143280029297,7235800,
2018-06-22,120.08999633789062,120.62000274658203,120.05999755859375,120.52999877929688,95.09353637695312,4082500,
2018-06-25,120.66000366210938,121.11000061035156,120.63999938964844,120.80000305175781,95.30656433105469,8363700,
2018-06-26,120.7699966430664,121.02999877929688,120.66000366210938,120.97000122070312,95.44064331054688,5450000,
2018-06-27,121.75,122.18000030517578,121.55000305175781,122.11000061035156,96.34007263183594,8173400,
2018-06-28,122.12999725341797,122.25,121.83000183105469,122.13999938964844,96.36375427246094,7109500,
2018-06-29,122.16999816894531,122.5,121.6500015258789,121.72000122070312,96.03240203857422,11164700,
2018-07-02,121.73999786376953,121.75,121.29000091552734,121.3499984741211,95.95726776123047,9662000,"{""dividend_amount"": 0.275}"
2018-07-03,121.52999877929688,122.02999877929688,121.52999877929688,122.0,96.47127532958984,3808800,
2018-07-05,122.05999755859375,122.52999877929688,122.01000213623047,122.3499984741211,96.7480239868164,3860400,
2018-07-06,122.75,122.91999816894531,122.4800033569336,122.75,97.0643539428711,4679900,
2018-07-09,122.06999969482422,122.20999908447266,121.9000015258789,121.95999908447266,96.43962860107422,5952700,
2018-07-10,121.87000274658203,122.12999725341797,121.80999755859375,121.94999694824219,96.43171691894531,5759700,
2018-07-11,122.44999694824219,122.55000305175781,122.08999633789062,122.41999816894531,96.80337524414062,6869100,
2018-07-12,122.16999816894531,122.47000122070312,122.13999938964844,122.41000366210938,96.79545593261719,4824700,
2018-07-13,122.61000061035156,122.87000274658203,122.47000122070312,122.72000122070312,97.04061126708984,4079000,
2018-07-16,122.20999908447266,122.29000091552734,121.63999938964844,122.20999908447266,96.63734436035156,5517100,
2018-07-17,122.29000091552734,122.38999938964844,121.9000015258789,121.9800033569336,96.45543670654297,3764300,
2018-07-18,122.0199966430664,122.04000091552734,121.38999938964844,121.48999786376953,96.06800079345703,6330000,
2018-07-19,121.80000305175781,122.44999694824219,121.7699966430664,122.26000213623047,96.67684173583984,6166700,
2018-07-20,121.58000183105469,121.58999633789062,120.69999694824219,120.76000213623047,95.4907455444336,10469500,
2018-07-23,120.37999725341797,120.37999725341797,119.18000030517578,119.2699966430664,94.31251525878906,11571800,
2018-07-24,119.27999877929688,119.81999969482422,119.13999938964844,119.68000030517578,94.63671112060547,9053500,
2018-07-25,120.0199966430664,120.26000213623047,119.26000213623047,119.48999786376953,94.48648071289062,7357900,
2018-07-26,119.70999908447266,119.87999725341797,119.16000366210938,119.26000213623047,94.30461120605469,6821100,
2018-07-27,119.8499984741211,119.87000274658203,119.4000015258789,119.45999908447266,94.4627685546875,4542000,
2018-07-30,118.98999786376953,119.41000366210938,118.97000122070312,119.05000305175781,94.1385498046875,7111200,
2018-07-31,119.79000091552734,119.86000061035156,119.55999755859375,119.69999694824219,94.6525650024414,6797400,
2018-08-01,118.29000091552734,118.83999633789062,118.06999969482422,118.45999908447266,93.88140869140625,13312600,"{""dividend_amount"": 0.267}"
2018-08-02,118.62000274658203,118.73999786376953,118.30000305175781,118.62999725341797,94.01615905761719,4451100,
2018-08-03,118.83000183105469,119.29000091552734,118.80999755859375,119.22000122070312,94.4837417602539,6162400,
2018-08-06,119.54000091552734,119.83999633789062,119.2699966430664,119.29000091552734,94.53923797607422,4200200,
2018-08-07,119.02999877929688,119.0999984741211,118.56999969482422,118.66999816894531,94.04786682128906,5346900,
2018-08-08,118.66000366210938,119.02999877929688,118.61000061035156,118.79000091552734,94.14293670654297,5640900,
2018-08-09,119.2300033569336,119.83000183105469,119.12000274658203,119.79000091552734,94.93543243408203,7144100,
2018-08-10,120.37000274658203,121.05000305175781,120.27999877929688,120.66000366210938,95.62494659423828,8457900,
2018-08-13,120.25,120.69999694824219,120.20999908447266,120.41000366210938,95.42686462402344,7923200,
2018-08-14,120.54000091552734,120.55999755859375,120.02999877929688,120.13999938964844,95.21282196044922,4251200,
2018-08-15,120.66000366210938,121.12999725341797,120.56999969482422,120.83999633789062,95.76762390136719,7649800,
2018-08-16,120.80999755859375,120.93000030517578,120.27999877929688,120.83000183105469,95.75969696044922,5400400,
2018-08-17,121.08999633789062,121.38999938964844,120.75,120.9800033569336,95.87857818603516,3537600,
2018-08-20,121.63999938964844,121.91000366210938,121.54000091552734,121.79000091552734,96.5205078125,5603700,
2018-08-21,121.37000274658203,121.52999877929688,121.06999969482422,121.37999725341797,96.19558715820312,4695000,
2018-08-22,122.0,122.05000305175781,121.58000183105469,121.86000061035156,96.57593536376953,5309600,
2018-08-23,122.0,122.12999725341797,121.77999877929688,122.05000305175781,96.72657012939453,5328700,
2018-08-24,121.62000274658203,122.33000183105469,121.48999786376953,122.29000091552734,96.91677856445312,6092200,
2018-08-27,121.77999877929688,121.87000274658203,121.5199966430664,121.58999633789062,96.36198425292969,6407400,
2018-08-28,121.0,121.08999633789062,120.68000030517578,120.86000061035156,95.78343963623047,4929300,
2018-08-29,120.94000244140625,121.1500015258789,120.62000274658203,121.0199966430664,95.9102554321289,5613300,
2018-08-30,121.30999755859375,121.45999908447266,121.08000183105469,121.27999877929688,96.11634826660156,5302900,
2018-08-31,121.88999938964844,121.91999816894531,120.88999938964844,121.0,95.8944320678711,9677500,
2018-09-04,119.95999908447266,120.0999984741211,119.75,120.02999877929688,95.34001922607422,18343600,"{""dividend_amount"": 0.272}"
2018-09-05,119.76000213623047,119.9000015258789,119.55000305175781,119.70999908447266,95.08580017089844,9422600,
2018-09-06,119.76000213623047,120.4000015258789,119.69000244140625,120.1500015258789,95.43531799316406,9566000,
2018-09-07,119.33000183105469,119.4000015258789,118.98999786376953,119.12999725341797,94.62512969970703,11212600,
2018-09-10,119.16999816894531,119.5999984741211,119.16999816894531,119.56999969482422,94.97460174560547,6386400,
2018-09-11,119.08000183105469,119.16999816894531,118.5999984741211,118.66000366210938,94.25181579589844,5440000,
2018-09-12,119.05000305175781,119.16999816894531,118.9000015258789,118.94000244140625,94.47419738769531,3347200,
2018-09-13,119.33999633789062,119.56999969482422,118.9800033569336,119.12000274658203,94.6171875,4833000,
2018-09-14,118.41000366210938,118.91000366210938,118.30000305175781,118.55000305175781,94.16442108154297,5579500,
2018-09-17,118.18000030517578,118.81999969482422,118.12000274658203,118.55000305175781,94.16442108154297,5433000,
2018-09-18,118.05999755859375,118.06999969482422,117.16000366210938,117.30999755859375,93.17948913574219,10182300,
2018-09-19,117.11000061035156,117.11000061035156,116.19000244140625,116.61000061035156,92.62348937988281,13379600,
2018-09-20,116.58000183105469,117.30000305175781,116.47000122070312,117.1500015258789,93.05240631103516,8657300,
2018-09-21,116.87000274658203,117.27999877929688,116.83999633789062,117.0999984741211,93.01266479492188,6173800,
2018-09-24,116.73999786376953,117.2699966430664,116.72000122070312,116.80000305175781,92.77438354492188,5505500,
2018-09-25,116.4800033569336,116.73999786376953,116.4000015258789,116.68000030517578,92.67906188964844,6650900,
2018-09-26,116.93000030517578,117.58000183105469,116.66000366210938,117.5,93.3304443359375,9512700,
2018-09-27,117.23999786376953,117.6500015258789,117.0999984741211,117.58000183105469,93.39393615722656,5758500,
2018-09-28,117.8499984741211,117.91000366210938,117.22000122070312,117.2699966430664,93.14771270751953,12807700,
2018-10-01,116.66000366210938,116.83000183105469,116.12000274658203,116.1500015258789,92.46393585205078,22442400,"{""dividend_amount"": 0.261}"
2018-10-02,116.66999816894531,117.12999725341797,116.5999984741211,116.86000061035156,93.02910614013672,8266900,
2018-10-03,116.2699966430664,116.36000061035156,114.23999786376953,114.83000183105469,91.4130859375,20829200,
2018-10-04,114.12999725341797,114.38999938964844,113.70999908447266,114.0199966430664,90.76827239990234,16207400,
2018-10-05,113.38999938964844,113.72000122070312,112.62000274658203,113.04000091552734,89.98809814453125,18096500,
2018-10-08,112.98999786376953,113.11000061035156,112.63999938964844,112.66000366210938,89.68560028076172,5855900,
2018-10-09,113.13999938964844,113.8499984741211,113.06999969482422,113.80000305175781,90.59314727783203,11530800,
2018-10-10,113.13999938964844,113.58000183105469,112.79000091552734,113.48999786376953,90.34635162353516,15290100,
2018-10-11,114.0,115.1500015258789,113.79000091552734,114.87000274658203,91.44491577148438,16086800,
2018-10-12,114.38999938964844,115.01000213623047,114.27999877929688,114.47000122070312,91.12648010253906,6794100,
2018-10-15,114.66000366210938,114.81999969482422,114.29000091552734,114.41999816894531,91.0866928100586,7146300,
2018-10-16,114.38999938964844,114.72000122070312,114.16000366210938,114.68000030517578,91.29368591308594,4762300,
2018-10-17,114.66000366210938,114.79000091552734,113.9800033569336,114.0,90.75234985351562,5880700,
2018-10-18,113.62000274658203,114.38999938964844,113.55000305175781,113.95999908447266,90.72052764892578,5728800,
2018-10-19,113.8499984741211,113.94999694824219,113.41000366210938,113.70999908447266,90.5214614868164,10892400,
2018-10-22,113.94999694824219,114.08000183105469,113.52999877929688,113.55999755859375,90.40204620361328,3244200,
2018-10-23,114.76000213623047,115.0199966430664,113.83999633789062,113.91999816894531,90.68864440917969,10330700,
2018-10-24,114.36000061035156,114.81999969482422,114.23999786376953,114.77999877929688,91.37330627441406,16008000,
2018-10-25,114.54000091552734,114.73999786376953,114.2300033569336,114.30000305175781,90.99117279052734,12613200,
2018-10-26,114.93000030517578,115.31999969482422,114.79000091552734,114.98999786376953,91.54045104980469,18582500,
2018-10-29,114.83999633789062,115.0199966430664,114.26000213623047,114.7300033569336,91.33345031738281,7679900,
2018-10-30,114.26000213623047,114.54000091552734,114.0199966430664,114.16000366210938,90.87971496582031,9939500,
2018-10-31,113.73999786376953,113.95999908447266,113.20999908447266,113.58000183105469,90.41796875,8706400,
2018-11-01,112.8499984741211,113.55999755859375,112.83999633789062,113.41000366210938,90.50174713134766,6100200,"{""dividend_amount"": 0.275}"
2018-11-02,113.16999816894531,113.26000213623047,111.9000015258789,112.0,89.37654876708984,11314800,
2018-11-05,112.4800033569336,112.70999908447266,112.3499984741211,112.44000244140625,89.72770690917969,4760200,
2018-11-06,112.5999984741211,112.7300033569336,112.33000183105469,112.37000274658203,89.67184448242188,3159900,
2018-11-07,113.19000244140625,113.4000015258789,112.41000366210938,112.5199966430664,89.79151916503906,9313100,
2018-11-08,112.95999908447266,112.97000122070312,112.41000366210938,112.51000213623047,89.7835693359375,6905100,
2018-11-09,112.75,113.5,112.72000122070312,113.3499984741211,90.45391082763672,6465300,
2018-11-12,113.94999694824219,114.30999755859375,113.91000366210938,114.08999633789062,91.04442596435547,6840000,
2018-11-13,113.70999908447266,114.0199966430664,113.4800033569336,114.0199966430664,90.98857116699219,6525800,
2018-11-14,113.4800033569336,114.5199966430664,113.30000305175781,114.08999633789062,91.04442596435547,8690800,
2018-11-15,114.44000244140625,114.54000091552734,113.68000030517578,114.04000091552734,91.00452423095703,7879600,
2018-11-16,114.19999694824219,114.80999755859375,113.91999816894531,114.69999694824219,91.53121948242188,9236700,
2018-11-19,114.41000366210938,115.0199966430664,114.41000366210938,115.0199966430664,91.78659057617188,7027200,
2018-11-20,115.23999786376953,115.45999908447266,114.93000030517578,115.05999755859375,91.8184814453125,6332600,
2018-11-21,114.88999938964844,115.08999633789062,114.54000091552734,115.0199966430664,91.78659057617188,4951100,
2018-11-23,115.66999816894531,115.76000213623047,115.08999633789062,115.13999938964844,91.88235473632812,3027900,
2018-11-26,114.86000061035156,115.05999755859375,114.77999877929688,114.87999725341797,91.67481994628906,6599000,
2018-11-27,114.80999755859375,115.25,114.76000213623047,115.01000213623047,91.7785873413086,5967200,
2018-11-28,114.8499984741211,115.0199966430664,114.36000061035156,114.44999694824219,91.33173370361328,7814000,
2018-11-29,114.91999816894531,115.25,114.58999633789062,114.9000015258789,91.69076538085938,7295600,
2018-11-30,115.30999755859375,115.41999816894531,114.9800033569336,115.33000183105469,92.03395080566406,9127800,
2018-12-03,114.68000030517578,115.87999725341797,114.66000366210938,115.87999725341797,92.68743896484375,9763800,"{""dividend_amount"": 0.267}"
2018-12-04,116.80999755859375,118.66999816894531,116.62999725341797,117.81999969482422,94.23918914794922,18100500,
2018-12-06,118.54000091552734,119.19999694824219,118.12999725341797,118.19000244140625,94.53511047363281,15319400,
2018-12-07,117.80999755859375,118.52999877929688,117.5199966430664,118.41000366210938,94.71109008789062,8608400,
2018-12-10,118.87000274658203,119.27999877929688,118.44000244140625,118.9000015258789,95.10301971435547,8777700,
2018-12-11,118.97000122070312,119.37999725341797,118.61000061035156,118.87999725341797,95.08702087402344,8071900,
2018-12-12,118.58000183105469,118.72000122070312,118.23999786376953,118.3499984741211,94.66305541992188,6182200,
2018-12-13,118.45999908447266,118.58000183105469,117.9800033569336,118.06999969482422,94.43912506103516,5564200,
2018-12-14,118.55000305175781,118.7699966430664,118.22000122070312,118.4800033569336,94.76707458496094,8169200,
2018-12-17,118.58999633789062,119.30000305175781,118.58000183105469,119.16999816894531,95.3189697265625,9726800,
2018-12-18,119.06999969482422,119.79000091552734,118.94000244140625,119.5999984741211,95.8897933959961,10018800,"{""dividend_amount"": 0.282}"
2018-12-19,120.11000061035156,121.66000366210938,119.91999816894531,121.18000030517578,97.15657043457031,23046300,
2018-12-20,122.01000213623047,122.02999877929688,120.66999816894531,120.73999786376953,96.80378723144531,18543700,
2018-12-21,121.13999938964844,121.20999908447266,120.38999938964844,120.72000122070312,96.7878189086914,9945100,
2018-12-24,121.12999725341797,121.41999816894531,120.91000366210938,121.31999969482422,97.26884460449219,8377500,
2018-12-26,120.98999786376953,121.38999938964844,119.97000122070312,120.0199966430664,96.2265853881836,11700400,
2018-12-27,121.26000213623047,121.37999725341797,119.9800033569336,120.04000091552734,96.2425765991211,12146500,
2018-12-28,120.4000015258789,121.05000305175781,120.29000091552734,121.05000305175781,97.05237579345703,9879100,
2018-12-31,120.6500015258789,121.55999755859375,120.45999908447266,121.51000213623047,97.42115020751953,17409000,
