timestamp,open,high,low,close,adjusted_close,volume,corporate_action
2005-08-05,61.779998779296875,61.779998779296875,59.52000045776367,59.93000030517578,24.520793914794922,128300,
2005-08-08,59.06999969482422,59.31999969482422,57.41999816894531,57.77000045776367,23.63701057434082,155000,
2005-08-09,58.709999084472656,58.779998779296875,57.54999923706055,58.040000915527344,23.74748420715332,83100,
2005-08-10,58.5,59.5,58.36000061035156,58.599998474121094,23.976621627807617,60100,
2005-08-11,58.52000045776367,59.380001068115234,58.52000045776367,59.380001068115234,24.295764923095703,28500,
2005-08-12,59.209999084472656,59.5099983215332,58.84000015258789,59.33000183105469,24.275299072265625,24700,
2005-08-15,59.400001525878906,60.290000915527344,59.20000076293945,59.88999938964844,24.504432678222656,13600,
2005-08-16,59.88999938964844,60.45000076293945,59.88999938964844,60.2400016784668,24.647634506225586,77100,
2005-08-17,60.209999084472656,60.220001220703125,59.45000076293945,59.7599983215332,24.451234817504883,50700,
2005-08-18,59.54999923706055,59.54999923706055,59.150001525878906,59.36000061035156,24.28757095336914,30200,
2005-08-19,59.43000030517578,59.43000030517578,59.02000045776367,59.150001525878906,24.201656341552734,28500,
2005-08-22,58.97999954223633,59.459999084472656,58.97999954223633,59.33000183105469,24.275299072265625,57000,
2005-08-23,59.58000183105469,59.720001220703125,59.31999969482422,59.58000183105469,24.37759780883789,114300,
2005-08-24,59.880001068115234,60.29999923706055,59.65999984741211,59.790000915527344,24.463512420654297,70300,
2005-08-25,59.790000915527344,60.20000076293945,59.52000045776367,59.86000061035156,24.492143630981445,29000,
2005-08-26,59.88999938964844,60.13999938964844,59.119998931884766,59.119998931884766,24.18938446044922,38900,
2005-08-29,59.029998779296875,59.38999938964844,58.63999938964844,59.130001068115234,24.1934757232666,35300,
2005-08-30,59.130001068115234,59.349998474121094,58.779998779296875,59.310001373291016,24.26712417602539,42800,
2005-08-31,59.220001220703125,60.61000061035156,59.220001220703125,60.34000015258789,24.688547134399414,59200,
2005-09-01,60.58000183105469,61.59000015258789,60.43000030517578,60.880001068115234,24.909496307373047,55900,
2005-09-02,60.939998626708984,61.2400016784668,60.47999954223633,60.720001220703125,24.844030380249023,57900,
2005-09-06,60.650001525878906,62.06999969482422,60.650001525878906,62.02000045776367,25.375938415527344,40900,
2005-09-07,62.09000015258789,62.09000015258789,61.400001525878906,61.88999938964844,25.32274055480957,35200,
2005-09-08,61.689998626708984,61.75,61.27000045776367,61.4900016784668,25.159080505371094,14700,
2005-09-09,61.650001525878906,61.83000183105469,61.560001373291016,61.79999923706055,25.285926818847656,38400,
2005-09-12,61.650001525878906,61.7599983215332,61.5099983215332,61.61000061035156,25.208179473876953,19200,
2005-09-13,61.47999954223633,61.529998779296875,61.040000915527344,61.13999938964844,25.015871047973633,34200,
2005-09-14,61.22999954223633,61.290000915527344,60.810001373291016,61.09000015258789,24.99541473388672,20100,
2005-09-15,61.09000015258789,61.34000015258789,61.029998779296875,61.119998931884766,25.007694244384766,10700,
2005-09-16,61.290000915527344,61.40999984741211,60.880001068115234,61.25,25.060876846313477,14200,
2005-09-19,61.349998474121094,61.349998474121094,60.630001068115234,60.77000045776367,24.86448097229004,24400,
2005-09-20,60.650001525878906,61.130001068115234,60.15999984741211,60.29999923706055,24.67218780517578,23700,
2005-09-21,60.06999969482422,60.20000076293945,58.970001220703125,58.970001220703125,24.12801742553711,88900,
2005-09-22,59.099998474121094,59.52000045776367,58.400001525878906,59.290000915527344,24.258947372436523,63300,
2005-09-23,59.099998474121094,59.75,58.88999938964844,59.34000015258789,24.279401779174805,53700,
2005-09-26,58.9900016784668,59.22999954223633,58.7599983215332,59.130001068115234,24.47225570678711,18000,"{""dividend_amount"": 0.676}"
2005-09-27,59.099998474121094,59.130001068115234,58.290000915527344,58.97999954223633,24.410184860229492,60300,
2005-09-28,59.02000045776367,59.02000045776367,58.27000045776367,58.40999984741211,24.174266815185547,35800,
2005-09-29,58.40999984741211,59.5099983215332,58.25,59.5,24.625389099121094,40300,
2005-09-30,59.79999923706055,60.45000076293945,59.79999923706055,60.45000076293945,25.018583297729492,55200,
2005-10-03,60.560001373291016,60.560001373291016,59.689998626708984,60.27000045776367,24.94407081604004,47500,
2005-10-04,60.45000076293945,60.45000076293945,59.25,59.25,24.521921157836914,53400,
2005-10-05,59.25,59.25,58.2400016784668,58.33000183105469,24.141164779663086,64000,
2005-10-06,58.400001525878906,58.63999938964844,57.720001220703125,58.25,24.108051300048828,69800,
2005-10-07,58.369998931884766,58.369998931884766,57.220001220703125,57.650001525878906,23.859722137451172,39500,
2005-10-10,57.650001525878906,57.650001525878906,56.810001373291016,56.90999984741211,23.55345916748047,78500,
2005-10-11,57.189998626708984,57.189998626708984,56.369998931884766,56.65999984741211,23.449993133544922,25700,
2005-10-12,56.52000045776367,56.52000045776367,55.16999816894531,55.63999938964844,23.027843475341797,78900,
2005-10-13,55.59000015258789,56.11000061035156,55.040000915527344,55.650001525878906,23.031982421875,43300,
2005-10-14,56.400001525878906,57.02000045776367,56.0099983215332,56.939998626708984,23.565885543823242,67300,
2005-10-17,57.0,57.27000045776367,56.77000045776367,57.27000045776367,23.70245361328125,109600,
2005-10-18,57.27000045776367,57.349998474121094,56.470001220703125,56.720001220703125,23.474822998046875,38500,
2005-10-19,56.209999084472656,57.41999816894531,56.0099983215332,57.36000061035156,23.739694595336914,48500,
2005-10-20,57.20000076293945,57.470001220703125,56.29999923706055,56.45000076293945,23.36307716369629,64600,
2005-10-21,56.47999954223633,57.439998626708984,56.47999954223633,56.9900016784668,23.58658218383789,55300,
2005-10-24,57.93000030517578,58.29999923706055,57.849998474121094,58.150001525878906,24.066659927368164,94800,
2005-10-25,58.11000061035156,58.45000076293945,57.68000030517578,57.90999984741211,23.96733856201172,20300,
2005-10-26,57.90999984741211,57.97999954223633,57.16999816894531,57.31999969482422,23.72315216064453,36100,
2005-10-27,57.290000915527344,57.310001373291016,56.70000076293945,56.70000076293945,23.466554641723633,43800,
2005-10-28,57.47999954223633,58.459999084472656,57.439998626708984,58.40999984741211,24.174266815185547,92200,
2005-10-31,58.810001373291016,59.11000061035156,58.619998931884766,58.709999084472656,24.298429489135742,182500,
2005-11-01,58.709999084472656,58.709999084472656,56.869998931884766,57.40999984741211,23.760398864746094,76300,
2005-11-02,57.58000183105469,57.97999954223633,57.11000061035156,57.939998626708984,23.979747772216797,42300,
2005-11-03,58.150001525878906,58.63999938964844,57.529998779296875,57.77000045776367,23.909378051757812,63400,
2005-11-04,57.75,57.7599983215332,56.9900016784668,57.439998626708984,23.7728271484375,21500,
2005-11-07,57.900001525878906,58.130001068115234,57.5,57.709999084472656,23.884565353393555,30800,
2005-11-08,57.529998779296875,57.75,57.11000061035156,57.54999923706055,23.818340301513672,15500,
2005-11-09,57.7400016784668,58.720001220703125,57.7400016784668,58.20000076293945,24.08734703063965,31800,
2005-11-10,58.0,59.619998931884766,57.88999938964844,59.58000183105469,24.65850067138672,21300,
2005-11-11,59.61000061035156,60.0,59.41999816894531,59.81999969482422,24.75783348083496,33200,
2005-11-14,60.290000915527344,60.290000915527344,59.540000915527344,59.77000045776367,24.73713493347168,23200,
2005-11-15,59.959999084472656,60.15999984741211,59.47999954223633,59.7400016784668,24.724720001220703,25900,
2005-11-16,59.79999923706055,59.79999923706055,59.130001068115234,59.400001525878906,24.584001541137695,17900,
2005-11-17,59.459999084472656,60.41999816894531,59.349998474121094,60.380001068115234,24.989608764648438,28600,
2005-11-18,60.560001373291016,60.75,60.150001525878906,60.599998474121094,25.08066177368164,77700,
2005-11-21,60.65999984741211,61.119998931884766,60.27000045776367,60.900001525878906,25.204822540283203,39600,
2005-11-22,60.400001525878906,61.75,60.400001525878906,61.68000030517578,25.527629852294922,43500,
2005-11-23,61.54999923706055,61.95000076293945,61.36000061035156,61.95000076293945,25.639379501342773,27800,
2005-11-25,61.88999938964844,62.15999984741211,61.7599983215332,62.15999984741211,25.726293563842773,7300,
2005-11-28,62.029998779296875,62.029998779296875,61.369998931884766,61.47999954223633,25.444854736328125,37900,
2005-11-29,61.40999984741211,61.70000076293945,61.2599983215332,61.52000045776367,25.46141242980957,16700,
2005-11-30,61.75,61.900001525878906,61.11000061035156,61.150001525878906,25.308277130126953,28900,
2005-12-01,61.33000183105469,62.22999954223633,61.33000183105469,62.040000915527344,25.67662811279297,40900,
2005-12-02,61.970001220703125,62.099998474121094,61.369998931884766,61.72999954223633,25.548328399658203,18200,
2005-12-05,61.959999084472656,61.959999084472656,61.06999969482422,61.5,25.453140258789062,21400,
2005-12-06,62.0,62.0,61.2400016784668,61.29999923706055,25.37035369873047,28500,
2005-12-07,61.34000015258789,61.5,60.560001373291016,60.97999954223633,25.2379207611084,29100,
2005-12-08,60.79999923706055,62.06999969482422,60.79999923706055,61.439998626708984,25.42830467224121,58800,
2005-12-09,61.459999084472656,61.83000183105469,61.22999954223633,61.599998474121094,25.494522094726562,22100,
2005-12-12,61.9900016784668,62.0,61.25,61.63999938964844,25.511072158813477,30400,
2005-12-13,61.630001068115234,61.9900016784668,61.36000061035156,61.939998626708984,25.63524055480957,20300,
2005-12-14,61.93000030517578,62.400001525878906,61.689998626708984,62.060001373291016,25.684907913208008,44200,
2005-12-15,62.20000076293945,62.45000076293945,61.58000183105469,61.59000015258789,25.490388870239258,28300,
2005-12-16,62.0,62.029998779296875,61.61000061035156,61.810001373291016,25.581443786621094,10800,
2005-12-19,61.81999969482422,61.81999969482422,60.97999954223633,61.0,25.24619483947754,28500,
2005-12-20,60.79999923706055,61.290000915527344,60.630001068115234,61.08000183105469,25.279300689697266,31400,
2005-12-21,61.08000183105469,61.47999954223633,61.08000183105469,61.45000076293945,25.432445526123047,62000,
2005-12-22,61.20000076293945,61.849998474121094,60.7599983215332,61.79999923706055,25.577301025390625,44600,
2005-12-23,61.95000076293945,62.25,61.900001525878906,62.0099983215332,25.66421890258789,42800,
2005-12-27,60.5,60.540000915527344,60.11000061035156,60.11000061035156,25.548175811767578,60900,"{""dividend_amount"": 1.627}"
2005-12-28,60.45000076293945,60.45000076293945,59.83000183105469,60.040000915527344,25.5184268951416,90700,
2005-12-29,60.33000183105469,60.45000076293945,59.68000030517578,59.72999954223633,25.38667106628418,69600,
2005-12-30,59.68000030517578,59.849998474121094,59.459999084472656,59.560001373291016,25.314420700073242,43200,
2006-01-03,59.939998626708984,60.959999084472656,59.15999984741211,60.7599983215332,25.824434280395508,70300,
2006-01-04,61.209999084472656,61.220001220703125,60.709999084472656,61.209999084472656,26.015708923339844,75000,
2006-01-05,61.2400016784668,61.970001220703125,61.2400016784668,61.68000030517578,26.215457916259766,31200,
2006-01-06,62.0099983215332,62.279998779296875,61.70000076293945,62.2599983215332,26.461978912353516,36000,
2006-01-09,62.599998474121094,62.790000915527344,62.25,62.790000915527344,26.687246322631836,49200,
2006-01-10,62.790000915527344,63.5,62.459999084472656,63.16999816894531,26.84874153137207,54900,
2006-01-11,63.41999816894531,63.41999816894531,62.970001220703125,63.27000045776367,26.891250610351562,41900,
2006-01-12,63.31999969482422,63.31999969482422,62.880001068115234,63.09000015258789,26.814754486083984,136400,
2006-01-13,63.09000015258789,63.09000015258789,62.04999923706055,62.310001373291016,26.483230590820312,43000,
2006-01-17,62.310001373291016,62.310001373291016,61.619998931884766,62.060001373291016,26.376977920532227,59500,
2006-01-18,62.04999923706055,62.25,61.7599983215332,62.04999923706055,26.372730255126953,32700,
2006-01-19,62.20000076293945,62.90999984741211,62.06999969482422,62.83000183105469,26.704256057739258,59000,
2006-01-20,62.900001525878906,62.900001525878906,61.9900016784668,62.220001220703125,26.444984436035156,49000,
2006-01-23,62.5,62.650001525878906,62.290000915527344,62.5,26.563982009887695,42800,
2006-01-24,62.68000030517578,63.15999984741211,62.650001525878906,62.970001220703125,26.76375961303711,79800,
2006-01-25,63.15999984741211,63.40999984741211,62.7400016784668,63.0099983215332,26.780746459960938,1518500,
2006-01-26,63.279998779296875,63.41999816894531,62.90999984741211,63.220001220703125,26.8700008392334,1408300,
2006-01-27,63.70000076293945,64.25,63.5,63.93000030517578,27.17177391052246,1885100,
2006-01-30,64.18000030517578,64.18000030517578,63.65999984741211,63.880001068115234,27.150516510009766,1318700,
2006-01-31,63.65999984741211,64.37999725341797,63.650001525878906,64.05000305175781,27.2227840423584,423900,
2006-02-01,64.1500015258789,64.62999725341797,64.0,64.3499984741211,27.35028076171875,49700,
2006-02-02,64.27999877929688,64.33000183105469,63.709999084472656,63.900001525878906,27.159027099609375,66700,
2006-02-03,63.7599983215332,63.7599983215332,62.65999984741211,63.34000015258789,26.921001434326172,81000,
2006-02-06,63.34000015258789,63.58000183105469,63.209999084472656,63.58000183105469,27.023014068603516,99800,
2006-02-07,63.630001068115234,63.63999938964844,63.02000045776367,63.08000183105469,26.810523986816406,68500,
2006-02-08,63.029998779296875,63.029998779296875,62.290000915527344,62.79999923706055,26.69148826599121,57900,
2006-02-09,62.900001525878906,63.33000183105469,62.650001525878906,63.099998474121094,26.818986892700195,43700,
2006-02-10,63.0099983215332,63.43000030517578,62.619998931884766,63.15999984741211,26.84449005126953,375200,
2006-02-13,63.25,63.279998779296875,63.02000045776367,63.25,26.88275909423828,45700,
2006-02-14,63.25,63.70000076293945,62.75,63.599998474121094,27.03150749206543,49100,
2006-02-15,63.369998931884766,64.16000366210938,63.36000061035156,64.16000366210938,27.269527435302734,598900,
2006-02-16,64.19999694824219,64.62999725341797,64.16000366210938,64.58999633789062,27.452280044555664,72400,
2006-02-17,64.75,65.27999877929688,62.63999938964844,65.27999877929688,27.745563507080078,56400,
2006-02-21,65.4000015258789,65.52999877929688,65.0,65.19999694824219,27.71154022216797,61200,
2006-02-22,65.3499984741211,66.02999877929688,65.0,65.93000030517578,28.021818161010742,46700,
2006-02-23,65.94000244140625,66.02999877929688,65.37999725341797,65.81999969482422,27.975061416625977,56800,
2006-02-24,65.81999969482422,65.81999969482422,65.2699966430664,65.47000122070312,27.826305389404297,52500,
2006-02-27,65.69999694824219,65.75,65.23999786376953,65.4800033569336,27.83055877685547,55600,
2006-02-28,65.30999755859375,65.61000061035156,65.0,65.23999786376953,27.728532791137695,58500,
2006-03-01,66.19999694824219,66.19999694824219,65.11000061035156,65.62000274658203,27.89004898071289,42200,
2006-03-02,65.30000305175781,65.54000091552734,65.12999725341797,65.54000091552734,27.85605239868164,28300,
2006-03-03,65.44999694824219,65.44999694824219,64.87999725341797,65.18000030517578,27.70305061340332,100300,
2006-03-06,65.75,67.05000305175781,65.5,66.36000061035156,28.204574584960938,59900,
2006-03-07,66.4000015258789,66.4000015258789,65.44999694824219,65.55999755859375,27.864566802978516,38500,
2006-03-08,65.58000183105469,65.9000015258789,65.0,65.9000015258789,28.009063720703125,74700,
2006-03-09,65.97000122070312,66.68000030517578,65.69999694824219,66.44000244140625,28.23857879638672,55800,
2006-03-10,66.58000183105469,67.08000183105469,66.26000213623047,67.04000091552734,28.49358558654785,67100,
2006-03-13,67.30000305175781,67.43000030517578,66.33999633789062,66.5999984741211,28.306575775146484,56400,
2006-03-14,66.77999877929688,67.23999786376953,66.58000183105469,67.08000183105469,28.51058578491211,43400,
2006-03-15,67.36000061035156,68.4800033569336,67.36000061035156,68.3499984741211,29.050384521484375,57000,
2006-03-16,68.44999694824219,69.44999694824219,68.44000244140625,69.05999755859375,29.35213279724121,45300,
2006-03-17,69.30000305175781,69.70999908447266,68.77999877929688,69.68000030517578,29.61565399169922,96100,
2006-03-20,69.6500015258789,69.6500015258789,67.87999725341797,68.11000061035156,29.117185592651367,96700,"{""dividend_amount"": 0.404}"
2006-03-21,67.98999786376953,68.23999786376953,67.01000213623047,67.31999969482422,28.779462814331055,220100,
2006-03-22,67.4000015258789,67.61000061035156,67.0,67.47000122070312,28.843591690063477,40600,
2006-03-23,67.23999786376953,67.72000122070312,67.23999786376953,67.6500015258789,28.9205322265625,143000,
2006-03-24,68.25,68.25,67.30000305175781,67.55000305175781,28.877790451049805,116100,
2006-03-27,67.47000122070312,67.54000091552734,66.58999633789062,66.7699966430664,28.544342041015625,60300,
2006-03-28,66.79000091552734,67.9000015258789,66.52999877929688,67.51000213623047,28.860689163208008,74400,
2006-03-29,68.0,68.9800033569336,68.0,68.7699966430664,29.399354934692383,78200,
2006-03-30,68.94999694824219,68.94999694824219,67.47000122070312,67.77999877929688,28.976106643676758,96900,
2006-03-31,68.02999877929688,68.18000030517578,67.30000305175781,67.91999816894531,29.035953521728516,92200,
2006-04-03,68.1500015258789,68.2699966430664,66.58999633789062,66.75,28.535781860351562,57200,
2006-04-04,66.88999938964844,66.97000122070312,66.0,66.29000091552734,28.339134216308594,97900,
2006-04-05,66.91999816894531,66.9800033569336,66.44000244140625,66.6500015258789,28.493038177490234,54800,
2006-04-06,66.41000366210938,66.80000305175781,66.33999633789062,66.37999725341797,28.377601623535156,62900,
2006-04-07,66.48999786376953,66.5,65.37999725341797,65.37999725341797,27.95009994506836,107100,
2006-04-10,65.44000244140625,65.44000244140625,64.62999725341797,64.76000213623047,27.68505859375,38700,
2006-04-11,64.61000061035156,64.91999816894531,64.43000030517578,64.5999984741211,27.616653442382812,71300,
2006-04-12,64.5999984741211,64.88999938964844,64.25,64.5999984741211,27.616653442382812,29700,
2006-04-13,64.37999725341797,64.55000305175781,63.59000015258789,63.75,27.253276824951172,47500,
2006-04-17,63.599998474121094,63.97999954223633,63.459999084472656,63.56999969482422,27.176328659057617,40300,
2006-04-18,63.810001373291016,65.36000061035156,63.75,65.12000274658203,27.83896827697754,44100,
2006-04-19,65.19999694824219,66.08999633789062,65.0,65.91999816894531,28.180967330932617,32900,
2006-04-20,66.05000305175781,66.08999633789062,65.44000244140625,65.98999786376953,28.210880279541016,33500,
2006-04-21,66.0999984741211,66.41000366210938,65.83000183105469,66.0,28.21516227722168,63400,
2006-04-24,66.1500015258789,66.1500015258789,65.36000061035156,65.66000366210938,28.069808959960938,49900,
2006-04-25,65.69999694824219,65.77999877929688,65.01000213623047,65.16000366210938,27.85605239868164,44900,
2006-04-26,65.41999816894531,65.41999816894531,64.81999969482422,64.95999908447266,27.770559310913086,61400,
2006-04-27,66.0,66.0,64.45999908447266,65.37000274658203,27.94583511352539,57900,
2006-04-28,65.62000274658203,66.06999969482422,65.4000015258789,65.61000061035156,28.048433303833008,63100,
2006-05-01,65.98999786376953,66.08000183105469,64.62000274658203,64.81999969482422,27.71070098876953,48800,
2006-05-02,65.0,65.0,63.79999923706055,64.16000366210938,27.428560256958008,51800,
2006-05-03,64.3499984741211,64.41000366210938,63.77000045776367,64.27999877929688,27.4798526763916,32300,
2006-05-04,64.5,65.5199966430664,64.5,65.19000244140625,27.86887550354004,47200,
2006-05-05,65.91999816894531,66.36000061035156,65.80000305175781,66.02999877929688,28.227977752685547,48100,
2006-05-08,66.18000030517578,66.4000015258789,65.93000030517578,66.31999969482422,28.351959228515625,146300,
2006-05-09,66.4000015258789,66.54000091552734,65.8499984741211,66.29000091552734,28.339134216308594,149400,
2006-05-10,66.19000244140625,66.62999725341797,66.0,66.05000305175781,28.236534118652344,58000,
2006-05-11,65.7300033569336,66.05000305175781,64.75,64.83000183105469,27.714977264404297,57000,
2006-05-12,64.37000274658203,64.45999908447266,63.369998931884766,64.01000213623047,27.364431381225586,62600,
2006-05-15,64.08000183105469,64.94000244140625,63.380001068115234,64.88999938964844,27.740631103515625,69600,
2006-05-16,65.12999725341797,65.20999908447266,64.54000091552734,64.63999938964844,27.633752822875977,29900,
2006-05-17,64.13999938964844,64.13999938964844,63.27000045776367,63.43000030517578,27.1164608001709,68700,
2006-05-18,64.1500015258789,64.20999908447266,62.88999938964844,62.939998626708984,26.907005310058594,36800,
2006-05-19,62.790000915527344,63.709999084472656,62.349998474121094,63.09000015258789,26.971134185791016,91700,
2006-05-22,62.849998474121094,62.91999816894531,62.06999969482422,62.91999816894531,26.898454666137695,172000,
2006-05-23,62.599998474121094,63.279998779296875,62.22999954223633,62.22999954223633,26.603473663330078,81700,
2006-05-24,62.27000045776367,62.81999969482422,61.689998626708984,62.33000183105469,26.64622688293457,167100,
2006-05-25,62.849998474121094,63.900001525878906,62.79999923706055,63.5,27.146398544311523,61800,
2006-05-26,64.29000091552734,64.37999725341797,63.84000015258789,64.26000213623047,27.47130584716797,61900,
2006-05-30,64.26000213623047,64.30999755859375,63.72999954223633,63.72999954223633,27.24472999572754,35000,
2006-05-31,64.16000366210938,64.30999755859375,62.849998474121094,63.84000015258789,27.291746139526367,56700,
2006-06-01,64.0,65.01000213623047,64.0,65.01000213623047,27.791929244995117,35600,
2006-06-02,65.31999969482422,65.88999938964844,65.11000061035156,65.76000213623047,28.112550735473633,45600,
2006-06-05,65.69999694824219,67.05000305175781,65.5199966430664,66.08000183105469,28.249353408813477,75500,
2006-06-06,66.29000091552734,66.29000091552734,65.23999786376953,65.29000091552734,27.91163444519043,34300,
2006-06-07,65.44999694824219,66.22000122070312,65.16999816894531,65.75,28.108266830444336,51200,
2006-06-08,65.75,65.83999633789062,64.62000274658203,65.61000061035156,28.048433303833008,74800,
2006-06-09,65.61000061035156,66.19000244140625,65.55999755859375,66.04000091552734,28.232263565063477,53200,
2006-06-12,66.25,66.25,64.98999786376953,65.25,27.894529342651367,183600,
2006-06-13,64.69999694824219,65.20999908447266,64.41000366210938,64.58000183105469,27.60810661315918,72100,
2006-06-14,64.18000030517578,64.68000030517578,63.88999938964844,64.02999877929688,27.37297248840332,60000,
2006-06-15,64.3499984741211,65.37000274658203,64.3499984741211,65.37000274658203,27.94583511352539,59500,
2006-06-16,65.12000274658203,65.37999725341797,64.76000213623047,65.23999786376953,27.890247344970703,62700,
2006-06-19,65.6500015258789,65.6500015258789,64.69000244140625,64.79000091552734,27.6978816986084,65800,
2006-06-20,65.0,65.0,64.19999694824219,64.44999694824219,27.552520751953125,42100,
2006-06-21,64.44999694824219,65.25,64.37000274658203,65.19999694824219,27.87314796447754,127000,
2006-06-22,65.19999694824219,65.19999694824219,64.48999786376953,64.73999786376953,27.676504135131836,55300,
2006-06-23,64.87000274658203,64.87000274658203,64.04000091552734,64.25,27.46702766418457,84100,
2006-06-26,63.849998474121094,64.29000091552734,63.70000076293945,64.25,27.75996208190918,50100,"{""dividend_amount"": 0.678}"
2006-06-27,64.3499984741211,64.5,63.970001220703125,64.18000030517578,27.72971534729004,37200,
2006-06-28,64.25,64.58000183105469,64.11000061035156,64.37000274658203,27.811817169189453,24600,
2006-06-29,65.05000305175781,65.80000305175781,64.62000274658203,65.80000305175781,28.429645538330078,59700,
2006-06-30,66.0999984741211,66.73999786376953,65.75,66.30000305175781,28.64569091796875,81800,
2006-07-03,66.72000122070312,67.52999877929688,66.5199966430664,67.52999877929688,29.177125930786133,894900,
2006-07-05,67.47000122070312,67.5199966430664,66.37000274658203,67.41999816894531,29.129606246948242,78200,
2006-07-06,67.38999938964844,67.58000183105469,67.08999633789062,67.58000183105469,29.19873809814453,29800,
2006-07-07,67.62999725341797,67.80999755859375,66.9000015258789,67.30000305175781,29.0777645111084,51700,
2006-07-10,67.58000183105469,67.88999938964844,67.19999694824219,67.83000183105469,29.306753158569336,113000,
2006-07-11,67.94999694824219,68.08999633789062,67.41000366210938,67.94000244140625,29.354272842407227,107100,
2006-07-12,68.1500015258789,68.1500015258789,67.7699966430664,68.12000274658203,29.432044982910156,111000,
2006-07-13,67.87999725341797,68.06999969482422,67.06999969482422,67.19999694824219,29.03453826904297,63600,
2006-07-14,66.9000015258789,67.1500015258789,66.27999877929688,66.27999877929688,28.63705825805664,65300,
2006-07-17,66.44000244140625,66.47000122070312,66.0999984741211,66.27999877929688,28.63705825805664,42100,
2006-07-18,66.63999938964844,67.33999633789062,66.22000122070312,67.27999877929688,29.069114685058594,54600,
2006-07-19,67.33999633789062,68.37000274658203,67.33999633789062,68.31999969482422,29.518449783325195,89000,
2006-07-20,68.72000122070312,68.72000122070312,67.76000213623047,67.76000213623047,29.276500701904297,48700,
2006-07-21,67.58999633789062,67.58999633789062,66.52999877929688,66.6500015258789,28.79691505432129,72200,
2006-07-24,66.91000366210938,67.75,66.76000213623047,67.75,29.272192001342773,59900,
2006-07-25,67.80999755859375,68.22000122070312,67.58999633789062,68.0999984741211,29.42340660095215,105600,
2006-07-26,68.13999938964844,68.44999694824219,67.97000122070312,68.33999633789062,29.527097702026367,55900,
2006-07-27,68.69999694824219,68.91999816894531,68.11000061035156,68.12000274658203,29.432044982910156,52600,
2006-07-28,68.25,69.13999938964844,68.25,69.11000061035156,29.859785079956055,36900,
2006-07-31,69.0199966430664,69.06999969482422,68.41999816894531,68.87999725341797,29.760406494140625,50400,
2006-08-01,68.61000061035156,68.66999816894531,67.80999755859375,68.5199966430664,29.60486602783203,869700,
2006-08-02,68.54000091552734,68.66000366210938,68.27999877929688,68.38999938964844,29.54869842529297,62800,
2006-08-03,68.16999816894531,69.05999755859375,68.16999816894531,69.04000091552734,29.829545974731445,36700,
2006-08-04,69.58000183105469,70.16999816894531,69.58000183105469,70.12999725341797,30.300493240356445,22600,
2006-08-07,70.16999816894531,70.16999816894531,69.27999877929688,69.44000244140625,30.002376556396484,32500,
2006-08-08,69.48999786376953,69.48999786376953,68.26000213623047,68.41000366210938,29.557342529296875,60900,
2006-08-09,68.8499984741211,68.8499984741211,67.98999786376953,67.98999786376953,29.375883102416992,52100,
2006-08-10,68.0999984741211,68.2699966430664,67.33999633789062,68.04000091552734,29.397472381591797,91500,
2006-08-11,68.1500015258789,68.1500015258789,67.3499984741211,67.62000274658203,29.215999603271484,38000,
2006-08-14,68.05999755859375,68.83999633789062,67.91000366210938,68.2699966430664,29.49686050415039,47700,
2006-08-15,68.87000274658203,69.16000366210938,68.8499984741211,69.05000305175781,29.833873748779297,52200,
2006-08-16,69.27999877929688,69.27999877929688,69.08999633789062,69.18000030517578,29.890026092529297,43000,
2006-08-17,69.19000244140625,69.38999938964844,68.94999694824219,69.08000183105469,29.846824645996094,67700,
2006-08-18,69.37999725341797,69.43000030517578,68.9800033569336,69.38999938964844,29.980758666992188,22700,
2006-08-21,69.33999633789062,69.83000183105469,69.23999786376953,69.79000091552734,30.153589248657227,49700,
2006-08-22,69.8499984741211,70.33000183105469,69.55000305175781,70.27999877929688,30.36530113220215,49300,
2006-08-23,70.5199966430664,70.5199966430664,69.54000091552734,69.73999786376953,30.13198471069336,48400,
2006-08-24,69.79000091552734,70.08999633789062,69.68000030517578,70.01000213623047,30.248645782470703,22000,
2006-08-25,70.08000183105469,70.19999694824219,69.83999633789062,69.95999908447266,30.227041244506836,45400,
2006-08-28,70.0999984741211,70.79000091552734,69.93000030517578,70.79000091552734,30.58566665649414,39000,
2006-08-29,70.87000274658203,70.87000274658203,70.29000091552734,70.80000305175781,30.58998680114746,40200,
2006-08-30,70.9000015258789,71.33000183105469,70.75,71.22000122070312,30.771440505981445,65800,
2006-08-31,71.55000305175781,71.63999938964844,69.31999969482422,71.27999877929688,30.7973575592041,128600,
2006-09-01,71.58999633789062,71.58999633789062,70.87000274658203,70.87000274658203,30.62021255493164,31200,
2006-09-05,71.13999938964844,71.58999633789062,70.9000015258789,71.58999633789062,30.93129539489746,62900,
2006-09-06,71.5,71.5199966430664,71.18000030517578,71.25,30.78441619873047,39700,
2006-09-07,71.30000305175781,71.30000305175781,70.58999633789062,70.66999816894531,30.533796310424805,70000,
2006-09-08,70.68000030517578,71.41999816894531,70.26000213623047,71.33999633789062,30.823286056518555,46200,
2006-09-11,71.02999877929688,71.63999938964844,70.79000091552734,71.56999969482422,30.922658920288086,40200,
2006-09-12,71.83000183105469,72.5199966430664,71.44999694824219,72.48999786376953,31.320152282714844,59900,
2006-09-13,72.6500015258789,73.08999633789062,72.33000183105469,72.9000015258789,31.497299194335938,50100,
2006-09-14,72.69999694824219,72.69999694824219,72.19000244140625,72.51000213623047,31.328800201416016,78900,
2006-09-15,72.58000183105469,73.18000030517578,72.58000183105469,73.08999633789062,31.57938003540039,75500,
2006-09-18,73.05000305175781,73.05000305175781,72.45999908447266,72.56999969482422,31.354726791381836,56500,
2006-09-19,72.5,73.13999938964844,72.5,73.11000061035156,31.58803939819336,34900,
2006-09-20,73.4000015258789,73.58999633789062,72.75,72.94999694824219,31.51889991760254,86800,
2006-09-21,72.8499984741211,73.06999969482422,71.83000183105469,72.13999938964844,31.168933868408203,114700,
2006-09-22,72.0999984741211,72.55999755859375,71.6500015258789,72.33000183105469,31.251028060913086,93200,
2006-09-25,71.94999694824219,71.97000122070312,71.22000122070312,71.76000213623047,31.298128128051758,225200,"{""dividend_amount"": 0.678}"
2006-09-26,71.80000305175781,71.81999969482422,71.44000244140625,71.58999633789062,31.22398567199707,45900,
2006-09-27,71.58999633789062,72.30999755859375,71.37000274658203,72.22000122070312,31.498760223388672,44300,
2006-09-28,72.44999694824219,72.44999694824219,71.75,72.06999969482422,31.433340072631836,75600,
2006-09-29,72.19999694824219,72.37999725341797,71.93000030517578,72.0,31.40281105041504,58200,
2006-10-02,72.12999725341797,72.43000030517578,71.30000305175781,71.86000061035156,31.34174346923828,60700,
2006-10-03,71.69999694824219,72.81999969482422,71.69999694824219,72.55999755859375,31.647043228149414,74800,
2006-10-04,72.6500015258789,73.43000030517578,72.6500015258789,73.4000015258789,32.0134162902832,54500,
2006-10-05,73.4800033569336,74.0199966430664,73.4800033569336,73.87999725341797,32.222774505615234,82000,
2006-10-06,74.0,74.0,73.19000244140625,73.41999816894531,32.02214050292969,69100,
2006-10-09,73.51000213623047,73.95999908447266,72.77999877929688,73.83999633789062,32.205318450927734,186100,
2006-10-10,73.75,74.30999755859375,73.0999984741211,73.8499984741211,32.209686279296875,62400,
2006-10-11,73.55000305175781,74.06999969482422,73.12999725341797,73.56999969482422,32.08755874633789,88400,
2006-10-12,73.77999877929688,74.23999786376953,73.5999984741211,74.23999786376953,32.379783630371094,86200,
2006-10-13,74.33000183105469,75.08999633789062,74.23999786376953,75.08999633789062,32.750511169433594,113800,
2006-10-16,75.16999816894531,75.27999877929688,74.95999908447266,75.25,32.820289611816406,63400,
2006-10-17,75.25,75.30999755859375,74.88999938964844,75.0,32.71125411987305,45800,
2006-10-18,75.5,75.5199966430664,75.0999984741211,75.37999725341797,32.87699508666992,56500,
2006-10-19,75.44999694824219,75.5999984741211,75.05000305175781,75.19999694824219,32.798484802246094,68300,
2006-10-20,75.06999969482422,75.27999877929688,74.70999908447266,75.0999984741211,32.75486755371094,44000,
2006-10-23,75.27999877929688,75.55000305175781,74.83000183105469,75.55000305175781,32.951141357421875,49100,
2006-10-24,75.66999816894531,75.66999816894531,75.0,75.16000366210938,32.781044006347656,67700,
2006-10-25,75.31999969482422,75.7699966430664,75.12999725341797,75.54000091552734,32.94676971435547,30500,
2006-10-26,75.98999786376953,76.30999755859375,75.66999816894531,76.29000091552734,33.273902893066406,77400,
2006-10-27,76.19999694824219,76.2699966430664,75.62000274658203,75.77999877929688,33.05144500732422,57700,
2006-10-30,75.5999984741211,76.36000061035156,75.54000091552734,76.20999908447266,33.23898696899414,44700,
2006-10-31,76.80000305175781,76.80000305175781,75.83999633789062,76.33999633789062,33.29570388793945,106200,
2006-11-01,76.5199966430664,76.58000183105469,75.6500015258789,75.75,33.038368225097656,80100,
2006-11-02,75.58999633789062,75.58999633789062,73.97000122070312,74.30999755859375,32.41030502319336,110800,
2006-11-03,74.5999984741211,74.5999984741211,72.91000366210938,73.48999786376953,32.05265426635742,102300,
2006-11-06,73.9000015258789,74.36000061035156,73.7300033569336,74.16999816894531,32.349246978759766,448000,
2006-11-07,74.19999694824219,74.19999694824219,73.36000061035156,73.36000061035156,31.995975494384766,74600,
2006-11-08,73.33000183105469,73.79000091552734,72.69000244140625,73.61000061035156,32.105018615722656,94800,
2006-11-09,73.70999908447266,73.94999694824219,73.26000213623047,73.72000122070312,32.1529541015625,86200,
2006-11-10,73.7699966430664,74.08000183105469,73.5,74.0199966430664,32.28382873535156,49900,
2006-11-13,74.11000061035156,74.33999633789062,73.83000183105469,74.19999694824219,32.36233901977539,54300,
2006-11-14,74.55000305175781,75.23999786376953,74.3499984741211,75.13999938964844,32.77232360839844,72400,
2006-11-15,75.25,75.44999694824219,75.0,75.2300033569336,32.81157684326172,89000,
2006-11-16,75.69999694824219,75.77999877929688,75.37000274658203,75.73999786376953,33.034000396728516,102300,
2006-11-17,75.75,75.75,75.25,75.44999694824219,32.90751647949219,54500,
2006-11-20,76.48999786376953,78.37000274658203,76.48999786376953,78.05999755859375,34.04587173461914,162200,
2006-11-21,78.1500015258789,79.37000274658203,78.1500015258789,79.31999969482422,34.595428466796875,249300,
2006-11-22,79.55000305175781,79.83000183105469,79.02999877929688,79.66999816894531,34.74807357788086,108800,
2006-11-24,79.44999694824219,80.01000213623047,79.30000305175781,80.01000213623047,34.896366119384766,57600,
2006-11-27,80.19999694824219,80.19999694824219,77.83000183105469,77.8499984741211,33.95426940917969,127700,
2006-11-28,78.0,78.0999984741211,77.2699966430664,78.05999755859375,34.04587173461914,85500,
2006-11-29,78.5,79.25,78.41999816894531,79.16000366210938,34.525634765625,136400,
2006-11-30,79.52999877929688,80.19999694824219,79.04000091552734,79.98999786376953,34.88764572143555,44000,
2006-12-01,80.19999694824219,80.30000305175781,79.20999908447266,79.83999633789062,34.82220458984375,136500,
2006-12-04,79.5,80.94999694824219,79.5,80.7699966430664,35.22782516479492,62500,
2006-12-05,81.1500015258789,81.1500015258789,80.08999633789062,80.1500015258789,34.95744323730469,62700,
2006-12-06,80.30000305175781,80.30000305175781,79.05999755859375,79.69999694824219,34.76116180419922,85900,
2006-12-07,80.0999984741211,80.0999984741211,79.19999694824219,79.20999908447266,34.547462463378906,85300,
2006-12-08,79.44000244140625,79.61000061035156,79.0,79.47000122070312,34.66083908081055,72600,
2006-12-11,79.5999984741211,79.8499984741211,79.18000030517578,79.6500015258789,34.739349365234375,75800,
2006-12-12,79.94999694824219,79.9800033569336,79.0999984741211,79.29000091552734,34.58232498168945,45900,
2006-12-13,79.9000015258789,79.9000015258789,78.45999908447266,78.87999725341797,34.403507232666016,62400,
2006-12-14,78.6500015258789,79.38999938964844,78.6500015258789,78.94000244140625,34.42970275878906,55500,
2006-12-15,79.22000122070312,79.30000305175781,78.30999755859375,78.3499984741211,34.172359466552734,134700,
2006-12-18,78.48999786376953,78.79000091552734,77.83999633789062,77.86000061035156,33.95866012573242,101100,
2006-12-19,77.5999984741211,77.69999694824219,76.62000274658203,77.19999694824219,33.67078399658203,195900,
2006-12-20,77.20999908447266,78.16000366210938,77.20999908447266,78.01000213623047,34.02407455444336,219600,
2006-12-21,77.69999694824219,78.1500015258789,77.16999816894531,77.37000274658203,33.74493408203125,355700,
2006-12-22,75.91999816894531,75.94999694824219,74.97000122070312,75.20999908447266,33.448734283447266,364700,"{""dividend_amount"": 1.494}"
2006-12-26,75.30000305175781,76.06999969482422,75.30000305175781,75.75,33.68887710571289,94400,
2006-12-27,75.80000305175781,76.54000091552734,75.80000305175781,76.43000030517578,33.991302490234375,58800,
2006-12-28,76.75,76.94999694824219,76.2699966430664,76.63999938964844,34.0847053527832,95300,
2006-12-29,76.9000015258789,77.37999725341797,76.72000122070312,77.0,34.24481201171875,358400,
2007-01-03,77.33999633789062,77.70999908447266,76.4000015258789,77.12000274658203,34.29819107055664,525700,
2007-01-04,77.2300033569336,77.26000213623047,76.62999725341797,77.22000122070312,34.34267044067383,166100,
2007-01-05,77.0999984741211,77.0999984741211,75.75,75.79000091552734,33.70668411254883,143700,
2007-01-08,76.0,76.0,75.43000030517578,75.9000015258789,33.755611419677734,87000,
2007-01-09,75.7300033569336,76.95999908447266,75.7300033569336,76.86000061035156,34.18254852294922,136300,
2007-01-10,76.72000122070312,77.9000015258789,76.55000305175781,77.8499984741211,34.622840881347656,138600,
2007-01-11,78.0999984741211,79.33000183105469,78.0999984741211,78.86000061035156,35.0720329284668,186800,
2007-01-12,78.94999694824219,79.27999877929688,78.80999755859375,79.11000061035156,35.18320846557617,185900,
2007-01-16,79.75,80.33999633789062,79.29000091552734,80.2300033569336,35.681339263916016,161800,
2007-01-17,80.23999786376953,80.5,79.31999969482422,80.19999694824219,35.66796875,120000,
2007-01-18,80.25,80.48999786376953,79.80999755859375,80.0999984741211,35.623504638671875,85200,
2007-01-19,79.94000244140625,80.9000015258789,79.61000061035156,80.9000015258789,35.97930145263672,81800,
2007-01-22,80.94999694824219,80.94999694824219,80.08999633789062,80.22000122070312,35.676876068115234,76000,
2007-01-23,80.36000061035156,80.91999816894531,80.2699966430664,80.5999984741211,35.84587097167969,114300,
2007-01-24,80.69999694824219,81.6500015258789,80.5999984741211,81.6500015258789,36.31284713745117,97500,
2007-01-25,82.16000366210938,82.75,81.87999725341797,82.1500015258789,36.53522491455078,174500,
2007-01-26,82.44999694824219,82.47000122070312,81.69999694824219,82.41999816894531,36.6552848815918,117000,
2007-01-29,82.5999984741211,82.80000305175781,82.19000244140625,82.69000244140625,36.775386810302734,145600,
2007-01-30,82.81999969482422,83.0999984741211,82.25,83.0999984741211,36.95772171020508,87400,
2007-01-31,83.19999694824219,83.94000244140625,82.66000366210938,83.76000213623047,37.251251220703125,139800,
2007-02-01,83.83000183105469,84.11000061035156,83.13999938964844,84.08999633789062,37.39800262451172,885600,
2007-02-02,84.13999938964844,84.23999786376953,83.68000030517578,84.23999786376953,37.4647216796875,130900,
2007-02-05,84.4000015258789,84.41000366210938,84.1500015258789,84.23999786376953,37.4647216796875,168400,
2007-02-06,84.75,85.4800033569336,84.62000274658203,85.4800033569336,38.01621627807617,139400,
2007-02-07,85.52999877929688,87.2699966430664,85.05000305175781,87.2699966430664,38.812255859375,254600,
2007-02-08,86.88999938964844,87.44000244140625,86.44999694824219,86.5999984741211,38.51429748535156,172600,
2007-02-09,86.75,86.87999725341797,83.7300033569336,85.5999984741211,38.069580078125,285800,
2007-02-12,85.5999984741211,85.5999984741211,83.70999908447266,84.05000305175781,37.380226135253906,274400,
2007-02-13,83.8499984741211,85.68000030517578,83.37999725341797,85.68000030517578,38.105133056640625,199300,
2007-02-14,85.80000305175781,85.97000122070312,84.79000091552734,85.06999969482422,37.83385467529297,291800,
2007-02-15,85.25,86.08999633789062,84.91999816894531,85.69999694824219,38.1140251159668,175700,
2007-02-16,85.54000091552734,85.6500015258789,84.4000015258789,85.4800033569336,38.01621627807617,130500,
2007-02-20,85.33999633789062,86.27999877929688,84.51000213623047,86.13999938964844,38.309715270996094,106900,
2007-02-21,85.94000244140625,85.94000244140625,85.1500015258789,85.86000061035156,38.18520736694336,129900,
2007-02-22,85.94999694824219,85.94999694824219,85.08000183105469,85.4000015258789,37.98059844970703,96900,
2007-02-23,85.25,85.30999755859375,83.80000305175781,83.91000366210938,37.317962646484375,166700,
2007-02-26,84.05999755859375,84.30000305175781,82.05999755859375,83.48999786376953,37.13117980957031,230500,
2007-02-27,82.13999938964844,82.54000091552734,80.08000183105469,80.9000015258789,35.97930145263672,302000,
2007-02-28,80.91000366210938,82.23999786376953,80.87999725341797,81.5,36.24614715576172,949600,
2007-03-01,80.4000015258789,81.80000305175781,78.0,80.68000030517578,35.8814582824707,332600,
2007-03-02,80.27999877929688,80.62000274658203,79.2300033569336,79.4000015258789,35.31220245361328,251600,
2007-03-05,78.44000244140625,78.51000213623047,76.30000305175781,76.30999755859375,33.93794250488281,300100,
2007-03-06,77.0999984741211,79.27999877929688,77.0999984741211,79.11000061035156,35.18320846557617,163300,
2007-03-07,78.68000030517578,79.16000366210938,77.88999938964844,78.0,34.689552307128906,95000,
2007-03-08,78.0999984741211,79.80999755859375,78.0999984741211,79.25,35.2454719543457,137100,
2007-03-09,80.19999694824219,80.36000061035156,79.56999969482422,80.30000305175781,35.712459564208984,132200,
2007-03-12,80.29000091552734,80.97000122070312,79.7300033569336,80.69999694824219,35.89034652709961,103800,
2007-03-13,80.5,80.69999694824219,78.5199966430664,78.80000305175781,35.04533767700195,129500,
2007-03-14,78.4000015258789,79.27999877929688,77.5,79.18000030517578,35.21435546875,111900,
2007-03-15,79.47000122070312,79.9000015258789,79.31999969482422,79.88999938964844,35.53010940551758,118300,
2007-03-16,79.87999725341797,79.87999725341797,78.94000244140625,79.0,35.13427734375,131400,
2007-03-19,79.75,80.12999725341797,79.33999633789062,79.79000091552734,35.485626220703125,140300,
2007-03-20,79.80000305175781,80.2699966430664,79.38999938964844,80.11000061035156,35.62794494628906,67800,
2007-03-21,79.94999694824219,81.29000091552734,79.5,81.08000183105469,36.059356689453125,82300,
2007-03-22,81.08999633789062,81.4000015258789,80.62000274658203,81.16000366210938,36.094932556152344,178900,
2007-03-23,81.25,81.68000030517578,81.05000305175781,81.20999908447266,36.11715316772461,222000,
2007-03-26,80.79000091552734,80.80999755859375,79.19999694824219,79.44999694824219,35.53879165649414,469400,"{""dividend_amount"": 0.467}"
2007-03-27,79.08000183105469,79.2300033569336,78.25,78.62000274658203,35.167510986328125,103300,
2007-03-28,78.1500015258789,78.80999755859375,77.37999725341797,78.0999984741211,34.934913635253906,104800,
2007-03-29,78.80000305175781,78.81999969482422,77.7699966430664,78.2300033569336,34.993080139160156,115900,
2007-03-30,78.05000305175781,79.3499984741211,78.05000305175781,79.3499984741211,35.49405288696289,231300,
2007-04-02,79.30000305175781,79.94999694824219,78.9000015258789,79.8499984741211,35.71772384643555,151100,
2007-04-03,80.33000183105469,80.79000091552734,80.08999633789062,80.55000305175781,36.03083801269531,186400,
2007-04-04,80.55000305175781,80.55000305175781,79.6500015258789,80.1500015258789,35.8519172668457,88500,
2007-04-05,80.0,80.36000061035156,80.0,80.06999969482422,35.816131591796875,66900,
2007-04-09,80.0999984741211,80.3499984741211,80.0,80.22000122070312,35.88322067260742,97800,
2007-04-10,79.93000030517578,80.86000061035156,79.93000030517578,80.55000305175781,36.03083801269531,82500,
2007-04-11,80.58000183105469,80.58000183105469,78.97000122070312,79.3499984741211,35.49405288696289,137800,
2007-04-12,79.19000244140625,79.19000244140625,78.4800033569336,78.80999755859375,35.252506256103516,71600,
2007-04-13,78.69999694824219,79.69999694824219,78.44999694824219,79.69999694824219,35.650630950927734,82700,
2007-04-16,79.9000015258789,79.98999786376953,79.37000274658203,79.80000305175781,35.69536590576172,160900,
2007-04-17,79.77999877929688,80.87999725341797,79.77999877929688,80.83999633789062,36.16054153442383,95200,
2007-04-18,80.38999938964844,80.72000122070312,80.25,80.33999633789062,35.936912536621094,75300,
2007-04-19,79.68000030517578,80.02999877929688,79.41999816894531,79.80000305175781,35.69536590576172,66700,
2007-04-20,80.19999694824219,80.44999694824219,80.0199966430664,80.4000015258789,35.9637336730957,139200,
2007-04-23,80.4000015258789,81.41999816894531,80.19999694824219,81.30000305175781,36.36631774902344,182400,
2007-04-24,81.75,81.75,80.27999877929688,80.75,36.12029266357422,74800,
2007-04-25,80.93000030517578,81.30999755859375,79.93000030517578,80.69999694824219,36.09792709350586,152000,
2007-04-26,80.88999938964844,80.98999786376953,80.25,80.75,36.12029266357422,57800,
2007-04-27,80.4000015258789,80.75,80.2300033569336,80.55000305175781,36.03083801269531,56500,
2007-04-30,80.68000030517578,80.68000030517578,79.12000274658203,79.25,35.44932556152344,152300,
2007-05-01,79.5,79.5,77.79000091552734,78.55999755859375,35.140682220458984,171500,
2007-05-02,78.1500015258789,79.2699966430664,78.1500015258789,79.18000030517578,35.418025970458984,90800,
2007-05-03,79.4800033569336,79.61000061035156,79.05000305175781,79.38999938964844,35.51194381713867,48800,
2007-05-04,79.30999755859375,79.3499984741211,78.33000183105469,78.69999694824219,35.20330810546875,87500,
2007-05-07,78.63999938964844,79.08000183105469,78.30000305175781,78.91999816894531,35.30171585083008,164000,
2007-05-08,78.33999633789062,78.6500015258789,78.23999786376953,78.4000015258789,35.06911087036133,81900,
2007-05-09,78.13999938964844,79.58999633789062,78.13999938964844,79.25,35.44932556152344,76800,
2007-05-10,79.04000091552734,79.04000091552734,78.0199966430664,78.19000244140625,34.97519302368164,103300,
2007-05-11,78.3499984741211,79.25,78.33000183105469,79.25,35.44932556152344,65600,
2007-05-14,79.18000030517578,79.47000122070312,78.58999633789062,78.80000305175781,35.24803161621094,82500,
2007-05-15,78.9000015258789,79.11000061035156,77.36000061035156,77.5999984741211,34.71127700805664,422900,
2007-05-16,77.45999908447266,77.72000122070312,76.19999694824219,76.63999938964844,34.28184509277344,136700,
2007-05-17,76.04000091552734,76.16000366210938,75.06999969482422,75.30999755859375,33.68692398071289,154700,
2007-05-18,75.12999725341797,75.30999755859375,74.01000213623047,74.55000305175781,33.346981048583984,373200,
2007-05-21,74.38999938964844,75.79000091552734,74.1500015258789,74.8499984741211,33.481163024902344,597400,
2007-05-22,75.0999984741211,76.33999633789062,74.94000244140625,75.95999908447266,33.97768020629883,179700,
2007-05-23,76.0,76.69999694824219,75.18000030517578,75.37999725341797,33.718231201171875,193000,
2007-05-24,75.02999877929688,75.2300033569336,73.19999694824219,74.12000274658203,33.154624938964844,208700,
2007-05-25,74.4800033569336,75.44999694824219,74.12999725341797,74.54000091552734,33.34250259399414,158400,
2007-05-29,75.4000015258789,77.81999969482422,75.0,77.19999694824219,34.53234100341797,164500,
2007-05-30,76.8499984741211,79.2699966430664,76.8499984741211,79.2699966430664,35.45828628540039,574700,
2007-05-31,79.56999969482422,79.83000183105469,78.43000030517578,78.94999694824219,35.31513595581055,198100,
2007-06-01,79.23999786376953,79.48999786376953,78.5,79.05999755859375,35.364341735839844,128100,
2007-06-04,78.80000305175781,79.75,78.5999984741211,79.37999725341797,35.50746536254883,222700,
2007-06-05,79.0999984741211,79.11000061035156,78.0,78.12000274658203,34.943870544433594,126300,
2007-06-06,77.75,78.11000061035156,77.16000366210938,77.58999633789062,34.706817626953125,74000,
2007-06-07,76.91999816894531,77.05999755859375,74.97000122070312,75.1500015258789,33.615360260009766,206300,
2007-06-08,75.05000305175781,76.18000030517578,74.69999694824219,76.05000305175781,34.017948150634766,160900,
2007-06-11,75.7699966430664,75.7699966430664,74.86000061035156,74.91000366210938,33.508018493652344,172200,
2007-06-12,74.83000183105469,74.83000183105469,73.54000091552734,73.61000061035156,32.92650604248047,273900,
2007-06-13,74.12999725341797,75.36000061035156,73.94999694824219,75.23999786376953,33.65563201904297,105100,
2007-06-14,75.44999694824219,75.44999694824219,74.30000305175781,74.43000030517578,33.293296813964844,71600,
2007-06-15,75.12000274658203,75.73999786376953,75.02999877929688,75.25,33.66007995605469,178100,
2007-06-18,75.1500015258789,75.19999694824219,74.04000091552734,74.08999633789062,33.14118957519531,154200,
2007-06-19,73.6500015258789,74.29000091552734,73.31999969482422,74.2300033569336,33.203834533691406,175900,
2007-06-20,74.2300033569336,74.2699966430664,72.0,72.0,32.206336975097656,73500,
2007-06-21,72.25,72.58000183105469,71.25,72.4000015258789,32.385257720947266,346500,
2007-06-22,72.19999694824219,72.31999969482422,71.55999755859375,72.12999725341797,32.26449203491211,110800,
2007-06-25,71.02999877929688,71.33999633789062,69.8499984741211,70.06999969482422,31.7354736328125,381600,"{""dividend_amount"": 0.892}"
2007-06-26,70.2300033569336,70.55999755859375,69.5999984741211,69.80000305175781,31.61318588256836,210800,
2007-06-27,69.41000366210938,71.81999969482422,69.13999938964844,71.58999633789062,32.423919677734375,196400,
2007-06-28,71.55999755859375,72.25,71.18000030517578,71.22000122070312,32.25633239746094,117100,
2007-06-29,71.23999786376953,72.22000122070312,70.37000274658203,70.94999694824219,32.134033203125,195300,
2007-07-02,71.20999908447266,72.68000030517578,71.06999969482422,72.58999633789062,32.876808166503906,217100,
2007-07-03,72.66000366210938,72.94000244140625,72.18000030517578,72.38999938964844,32.78623962402344,92000,
2007-07-05,72.98999786376953,74.30999755859375,72.98999786376953,73.4800033569336,33.27991485595703,129100,
2007-07-06,73.61000061035156,73.86000061035156,72.83000183105469,73.38999938964844,33.239139556884766,110800,
2007-07-09,73.51000213623047,73.51000213623047,72.8499984741211,73.33999633789062,33.21649932861328,64600,
2007-07-10,72.77999877929688,72.86000061035156,71.38999938964844,71.4800033569336,32.37408447265625,119300,
2007-07-11,71.30000305175781,71.58000183105469,70.58000183105469,71.33999633789062,32.31067657470703,138700,
2007-07-12,71.5,72.26000213623047,71.25,72.26000213623047,32.72735595703125,92000,
2007-07-13,71.95999908447266,73.04000091552734,71.94000244140625,72.94999694824219,33.039878845214844,107200,
2007-07-16,72.91000366210938,73.86000061035156,72.33999633789062,72.33999633789062,32.763587951660156,88200,
2007-07-17,72.5999984741211,72.86000061035156,72.02999877929688,72.08000183105469,32.64583969116211,123700,
2007-07-18,71.8499984741211,71.93000030517578,70.69000244140625,71.91999816894531,32.5733642578125,136500,
2007-07-19,72.12000274658203,72.58999633789062,72.0999984741211,72.19000244140625,32.69565963745117,76900,
2007-07-20,72.0,72.08000183105469,70.5,70.93000030517578,32.124996185302734,157100,
2007-07-23,71.19999694824219,71.19999694824219,69.69999694824219,69.69999694824219,31.567914962768555,134300,
2007-07-24,69.23999786376953,69.86000061035156,68.02999877929688,68.29000091552734,30.92929458618164,128900,
2007-07-25,68.80000305175781,69.2699966430664,67.08999633789062,67.55000305175781,30.59414291381836,262800,
2007-07-26,67.62999725341797,67.62999725341797,65.31999969482422,66.30999755859375,30.032527923583984,317500,
2007-07-27,66.19999694824219,67.0,64.11000061035156,64.11000061035156,29.03611946105957,252000,
2007-07-30,64.95999908447266,65.62999725341797,64.2300033569336,65.3499984741211,29.597742080688477,197200,
2007-07-31,66.0999984741211,67.04000091552734,65.01000213623047,65.08999633789062,29.4799747467041,552700,
2007-08-01,65.01000213623047,66.16000366210938,63.70000076293945,65.94999694824219,29.869483947753906,202500,
2007-08-02,66.54000091552734,67.0999984741211,66.04000091552734,67.04000091552734,30.363147735595703,545600,
2007-08-03,66.69000244140625,66.73999786376953,64.44999694824219,64.44999694824219,29.19012451171875,169300,
2007-08-06,65.25,66.69999694824219,63.54999923706055,66.69999694824219,30.20916748046875,333300,
2007-08-07,65.94000244140625,67.66000366210938,65.37000274658203,67.06999969482422,30.37674331665039,233700,
2007-08-08,67.48999786376953,69.88999938964844,67.19000244140625,69.72000122070312,31.57697105407715,293500,
2007-08-09,68.37000274658203,70.12999725341797,65.80999755859375,68.94999694824219,31.228219985961914,453700,
2007-08-10,67.58000183105469,68.93000030517578,66.83999633789062,66.87000274658203,30.286163330078125,193700,
2007-08-13,66.75,67.7300033569336,66.55000305175781,66.55000305175781,30.1412296295166,178000,
2007-08-14,66.5999984741211,66.5999984741211,64.55000305175781,64.63999938964844,29.276166915893555,440600,
2007-08-15,64.36000061035156,66.33999633789062,63.54999923706055,63.54999923706055,28.78249168395996,629200,
2007-08-16,63.38999938964844,66.0999984741211,63.02000045776367,66.0999984741211,29.93741798400879,472100,
2007-08-17,67.7699966430664,69.44999694824219,66.5199966430664,67.5999984741211,30.616783142089844,517700,
2007-08-20,67.5,68.94999694824219,67.25,68.83999633789062,31.17841339111328,367800,
2007-08-21,68.43000030517578,69.54000091552734,68.26000213623047,69.16000366210938,31.32334327697754,250600,
2007-08-22,70.0,70.44000244140625,69.19000244140625,70.0,31.703771591186523,274700,
2007-08-23,70.0,70.16999816894531,68.72000122070312,68.80000305175781,31.160289764404297,277300,
2007-08-24,69.12000274658203,69.30000305175781,68.25,69.16999816894531,31.327869415283203,240900,
2007-08-27,68.77999877929688,68.9000015258789,67.66999816894531,67.66999816894531,30.648494720458984,205100,
2007-08-28,67.4800033569336,67.4800033569336,65.5999984741211,65.5999984741211,29.71096420288086,195400,
2007-08-29,66.01000213623047,68.0,66.01000213623047,68.0,30.79795265197754,239200,
2007-08-30,66.44000244140625,68.41999816894531,66.44000244140625,68.3499984741211,30.956480026245117,269100,
2007-08-31,69.04000091552734,70.27999877929688,68.66000366210938,69.4800033569336,31.468257904052734,1092000,
2007-09-04,69.51000213623047,71.0,69.27999877929688,70.4000015258789,31.884925842285156,359600,
2007-09-05,69.69999694824219,69.87000274658203,68.66999816894531,68.70999908447266,31.119516372680664,255600,
2007-09-06,69.13999938964844,69.43000030517578,68.33000183105469,69.31999969482422,31.39579963684082,181800,
2007-09-07,68.12000274658203,68.45999908447266,67.55999755859375,67.6500015258789,30.639436721801758,330200,
2007-09-10,68.05000305175781,68.30000305175781,66.56999969482422,66.94999694824219,30.322397232055664,188200,
2007-09-11,67.51000213623047,68.33999633789062,67.5,68.33999633789062,30.95193862915039,369400,
2007-09-12,68.02999877929688,68.63999938964844,67.80000305175781,67.94000244140625,30.770780563354492,107200,
2007-09-13,68.47000122070312,69.80000305175781,68.3499984741211,69.47000122070312,31.46373748779297,133700,
2007-09-14,68.75,69.91999816894531,68.36000061035156,69.91999816894531,31.667537689208984,427500,
2007-09-17,69.61000061035156,69.83999633789062,69.0,69.41000366210938,31.436565399169922,107500,
2007-09-18,69.80999755859375,71.87999725341797,69.54000091552734,71.87999725341797,32.55524826049805,154600,
2007-09-19,72.05000305175781,73.44999694824219,72.05000305175781,73.2300033569336,33.166683197021484,200400,
2007-09-20,72.7699966430664,72.7699966430664,71.33000183105469,71.33000183105469,32.306156158447266,498400,
2007-09-21,71.95999908447266,72.19999694824219,71.68000030517578,71.83999633789062,32.53713607788086,82600,
2007-09-24,71.4000015258789,72.44999694824219,71.23999786376953,72.44999694824219,33.15400314331055,131500,"{""dividend_amount"": 0.738}"
2007-09-25,71.62000274658203,71.62000274658203,70.6500015258789,70.6500015258789,32.33028793334961,380800,
2007-09-26,71.29000091552734,71.68000030517578,70.8499984741211,71.68000030517578,32.80164337158203,155900,
2007-09-27,72.02999877929688,72.2300033569336,71.63999938964844,72.2300033569336,33.053314208984375,141200,
2007-09-28,71.97000122070312,71.97000122070312,71.30000305175781,71.45999908447266,32.700950622558594,174800,
2007-10-01,72.0999984741211,73.19999694824219,72.08999633789062,73.19999694824219,33.4971923828125,884900,
2007-10-02,73.54000091552734,74.52999877929688,73.4000015258789,74.52999877929688,34.105838775634766,205200,
2007-10-03,74.19000244140625,74.4800033569336,73.76000213623047,74.16999816894531,33.94108963012695,168300,
2007-10-04,74.41000366210938,74.93000030517578,73.75,74.93000030517578,34.28886795043945,136300,
2007-10-05,75.23999786376953,76.69000244140625,74.69999694824219,76.69000244140625,35.09427261352539,266300,
2007-10-08,75.4800033569336,75.73999786376953,75.19000244140625,75.23999786376953,34.43074035644531,140900,
2007-10-09,75.44999694824219,76.08000183105469,74.63999938964844,76.08000183105469,34.815120697021484,159300,
2007-10-10,76.08000183105469,76.18000030517578,75.23999786376953,75.55000305175781,34.572601318359375,187600,
2007-10-11,76.37000274658203,76.4800033569336,75.05999755859375,75.25,34.435298919677734,111800,
2007-10-12,75.5,75.68000030517578,74.54000091552734,74.54000091552734,34.11039352416992,129500,
2007-10-15,74.5999984741211,74.83999633789062,72.97000122070312,73.13999938964844,33.46974563598633,205100,
2007-10-16,72.88999938964844,73.04000091552734,72.04000091552734,72.25,33.062477111816406,205800,
2007-10-17,72.83999633789062,74.12000274658203,70.55000305175781,72.13999938964844,33.01213455200195,263900,
2007-10-18,71.58000183105469,72.88999938964844,70.81999969482422,72.16000366210938,33.02128601074219,134000,
2007-10-19,71.72000122070312,71.72000122070312,69.08999633789062,69.08999633789062,31.616416931152344,184500,
2007-10-22,69.08999633789062,70.9000015258789,68.76000213623047,70.9000015258789,32.44469451904297,246600,
2007-10-23,71.44999694824219,71.6500015258789,70.37000274658203,71.6500015258789,32.78792190551758,185500,
2007-10-24,71.0999984741211,71.0999984741211,69.36000061035156,70.44999694824219,32.23875427246094,370600,
2007-10-25,71.33999633789062,71.55999755859375,69.94999694824219,70.5999984741211,32.30741500854492,310000,
2007-10-26,71.55999755859375,72.06999969482422,70.43000030517578,71.66999816894531,32.797054290771484,144600,
2007-10-29,71.63999938964844,71.80999755859375,70.5,70.5,32.26164627075195,133200,
2007-10-30,70.87999725341797,71.87000274658203,70.87999725341797,71.47000122070312,32.70553207397461,178600,
2007-10-31,71.91999816894531,72.95999908447266,70.77999877929688,72.95999908447266,33.38737869262695,263600,
2007-11-01,71.16000366210938,71.31999969482422,69.55000305175781,69.55000305175781,31.82691192626953,278700,
2007-11-02,69.93000030517578,69.93000030517578,67.5999984741211,68.55999755859375,31.373886108398438,306500,
2007-11-05,67.5,68.44999694824219,67.25,67.56999969482422,30.920846939086914,309000,
2007-11-06,67.20999908447266,68.41999816894531,66.91999816894531,68.41999816894531,31.309816360473633,212600,
2007-11-07,66.9800033569336,67.9000015258789,66.08999633789062,66.29000091552734,30.335100173950195,495200,
2007-11-08,66.63999938964844,67.08000183105469,65.37999725341797,66.48999786376953,30.4266300201416,294100,
2007-11-09,65.7699966430664,67.01000213623047,65.5,65.94999694824219,30.17953109741211,247200,
2007-11-12,66.08999633789062,67.69000244140625,65.87999725341797,66.70999908447266,30.527305603027344,277800,
2007-11-13,66.69999694824219,68.91999816894531,66.69999694824219,68.91999816894531,31.538623809814453,175900,
2007-11-14,70.0199966430664,70.0199966430664,67.5199966430664,67.5199966430664,30.897968292236328,311500,
2007-11-15,67.72000122070312,68.04000091552734,66.5,67.4000015258789,30.843050003051758,342800,
2007-11-16,68.19000244140625,68.2300033569336,65.80999755859375,66.13999938964844,30.266456604003906,361500,
2007-11-19,66.0,66.0,64.69999694824219,64.69999694824219,29.607494354248047,316900,
2007-11-20,65.4000015258789,65.97000122070312,62.400001525878906,63.45000076293945,29.035490036010742,482500,
2007-11-21,62.77000045776367,63.779998779296875,62.290000915527344,63.0099983215332,28.83414077758789,339000,
2007-11-23,64.27999877929688,64.94000244140625,63.66999816894531,64.25,29.401580810546875,164500,
2007-11-26,64.94999694824219,64.94999694824219,61.16999816894531,61.16999816894531,27.992124557495117,221400,
2007-11-27,62.13999938964844,62.630001068115234,61.099998474121094,62.599998474121094,28.646520614624023,291100,
2007-11-28,63.4900016784668,65.3499984741211,63.4900016784668,65.3499984741211,29.904951095581055,302100,
2007-11-29,65.30000305175781,65.41000366210938,63.86000061035156,64.30000305175781,29.424457550048828,152400,
2007-11-30,65.69999694824219,66.94000244140625,65.23999786376953,66.05000305175781,30.22527503967285,275600,
2007-12-03,66.26000213623047,66.26000213623047,64.76000213623047,65.33999633789062,29.9003849029541,423300,
2007-12-04,65.33999633789062,65.33999633789062,63.58000183105469,63.58000183105469,29.094980239868164,299200,
2007-12-05,64.87000274658203,65.75,64.30999755859375,65.72000122070312,30.074270248413086,223800,
2007-12-06,65.72000122070312,67.94999694824219,65.58999633789062,67.80999755859375,31.030672073364258,180600,
2007-12-07,68.0,68.62000274658203,67.5,67.56999969482422,30.920846939086914,264100,
2007-12-10,67.61000061035156,69.0199966430664,67.26000213623047,69.0199966430664,31.584396362304688,248200,
2007-12-11,69.30000305175781,69.66999816894531,65.33000183105469,65.37999725341797,29.91867446899414,280600,
2007-12-12,67.61000061035156,67.62000274658203,64.54000091552734,65.16000366210938,29.817991256713867,416500,
2007-12-13,64.94999694824219,65.0999984741211,63.529998779296875,64.41999816894531,29.4793701171875,318400,
2007-12-14,63.18000030517578,65.0199966430664,62.66999816894531,62.79999923706055,28.738046646118164,922900,
2007-12-17,62.220001220703125,62.2400016784668,60.86000061035156,60.86000061035156,27.850265502929688,509100,
2007-12-18,61.869998931884766,62.25,60.0099983215332,61.79999923706055,28.28042221069336,494100,
2007-12-19,61.939998626708984,62.43000030517578,61.38999938964844,62.43000030517578,28.568727493286133,370500,
2007-12-20,62.08000183105469,62.08000183105469,60.56999969482422,61.15999984741211,28.44963836669922,998500,"{""dividend_amount"": 1.014}"
2007-12-21,61.41999816894531,62.36000061035156,61.41999816894531,62.36000061035156,29.007835388183594,374200,
2007-12-24,62.369998931884766,64.55000305175781,62.369998931884766,64.37999725341797,29.947471618652344,121700,
2007-12-26,63.849998474121094,63.970001220703125,63.04999923706055,63.310001373291016,29.449743270874023,371900,
2007-12-27,62.91999816894531,63.20000076293945,61.68000030517578,62.04999923706055,28.863643646240234,353800,
2007-12-28,62.040000915527344,62.5,60.58000183105469,60.959999084472656,28.356603622436523,395000,
2007-12-31,61.31999969482422,61.72999954223633,60.529998779296875,61.459999084472656,28.589191436767578,335800,
2008-01-02,61.459999084472656,62.02000045776367,60.400001525878906,61.27000045776367,28.500802993774414,5341700,
2008-01-03,62.220001220703125,62.220001220703125,59.02000045776367,59.36000061035156,27.61233139038086,259300,
2008-01-04,59.41999816894531,59.41999816894531,56.86000061035156,56.95000076293945,26.491287231445312,382300,
2008-01-07,57.029998779296875,57.86000061035156,55.97999954223633,57.47999954223633,26.73782730102539,668600,
2008-01-08,57.599998474121094,59.11000061035156,55.400001525878906,55.4900016784668,25.812145233154297,646700,
2008-01-09,55.70000076293945,56.470001220703125,53.529998779296875,56.470001220703125,26.268001556396484,534600,
2008-01-10,56.36000061035156,58.29999923706055,54.880001068115234,57.34000015258789,26.672698974609375,717000,
2008-01-11,57.88999938964844,58.220001220703125,55.869998931884766,57.349998474121094,26.67735481262207,558300,
2008-01-14,57.81999969482422,58.41999816894531,55.83000183105469,57.11000061035156,26.56570816040039,399900,
2008-01-15,56.22999954223633,56.5,55.36000061035156,55.95000076293945,26.0261173248291,542700,
2008-01-16,55.209999084472656,57.4900016784668,55.209999084472656,56.59000015258789,26.323820114135742,621800,
2008-01-17,56.7599983215332,57.150001525878906,55.619998931884766,55.81999969482422,25.965646743774414,700400,
2008-01-18,56.25,56.77000045776367,54.20000076293945,55.08000183105469,25.621414184570312,880900,
2008-01-22,54.970001220703125,57.439998626708984,53.33000183105469,56.400001525878906,26.23544692993164,925800,
2008-01-23,55.70000076293945,61.75,55.70000076293945,61.75,28.72408103942871,1329400,
2008-01-24,61.810001373291016,63.099998474121094,59.650001525878906,60.29999923706055,28.049602508544922,755600,
2008-01-25,61.029998779296875,61.599998474121094,59.349998474121094,59.95000076293945,27.88678550720215,690400,
2008-01-28,59.9900016784668,61.97999954223633,59.09000015258789,61.97999954223633,28.831071853637695,814200,
2008-01-29,61.880001068115234,62.400001525878906,60.93000030517578,61.41999816894531,28.570581436157227,532400,
2008-01-30,61.27000045776367,62.369998931884766,59.75,59.779998779296875,27.80770492553711,589500,
2008-01-31,59.560001373291016,61.70000076293945,59.040000915527344,60.97999954223633,28.36591339111328,743400,
2008-02-01,61.349998474121094,63.619998931884766,61.189998626708984,63.529998779296875,29.552091598510742,848600,
2008-02-04,63.470001220703125,63.470001220703125,61.95000076293945,62.869998931884766,29.245073318481445,520000,
2008-02-05,61.779998779296875,62.689998626708984,60.650001525878906,60.650001525878906,28.212413787841797,711000,
2008-02-06,61.08000183105469,61.25,59.52000045776367,59.65999984741211,27.75188636779785,558000,
2008-02-07,59.47999954223633,61.06999969482422,59.0,61.06999969482422,28.40777015686035,462600,
2008-02-08,60.93000030517578,60.93000030517578,58.380001068115234,59.119998931884766,27.500699996948242,837500,
2008-02-11,59.119998931884766,59.849998474121094,57.66999816894531,57.91999816894531,26.9424991607666,720200,
2008-02-12,58.310001373291016,59.86000061035156,58.310001373291016,59.56999969482422,27.710020065307617,902800,
2008-02-13,60.790000915527344,60.790000915527344,58.97999954223633,60.040000915527344,27.92865562438965,814900,
2008-02-14,60.02000045776367,60.75,58.900001525878906,58.91999816894531,27.40766143798828,1046100,
2008-02-15,58.70000076293945,59.40999984741211,58.099998474121094,59.400001525878906,27.63094139099121,1150900,
2008-02-19,61.150001525878906,61.150001525878906,58.310001373291016,59.25,27.56117057800293,1076500,
2008-02-20,58.150001525878906,59.70000076293945,58.099998474121094,59.619998931884766,27.733287811279297,1518700,
2008-02-21,60.08000183105469,60.34000015258789,58.0,58.0,26.97971534729004,1092300,
2008-02-22,58.97999954223633,59.63999938964844,57.72999954223633,59.63999938964844,27.742586135864258,1063400,
2008-02-25,60.459999084472656,61.459999084472656,58.90999984741211,61.459999084472656,28.589191436767578,984800,
2008-02-26,61.5,61.959999084472656,60.65999984741211,61.45000076293945,28.584543228149414,889100,
2008-02-27,61.33000183105469,61.93000030517578,60.7599983215332,61.15999984741211,28.44963836669922,447800,
2008-02-28,60.90999984741211,60.90999984741211,59.900001525878906,59.900001525878906,27.8635196685791,627800,
2008-02-29,59.84000015258789,59.869998931884766,58.81999969482422,59.040000915527344,27.46347427368164,556600,
2008-03-03,59.029998779296875,59.66999816894531,58.310001373291016,59.45000076293945,27.654211044311523,629500,
2008-03-04,58.650001525878906,59.68000030517578,58.18000030517578,58.88999938964844,27.393707275390625,517100,
2008-03-05,58.70000076293945,60.06999969482422,58.70000076293945,59.70000076293945,27.7705020904541,558300,
2008-03-06,59.83000183105469,59.83000183105469,56.95000076293945,56.97999954223633,26.505229949951172,535000,
2008-03-07,57.04999923706055,58.22999954223633,56.2400016784668,57.90999984741211,26.937847137451172,636400,
2008-03-10,58.13999938964844,58.189998626708984,56.81999969482422,57.09000015258789,26.55640411376953,752200,
2008-03-11,58.84000015258789,60.79999923706055,57.939998626708984,60.79999923706055,28.28217887878418,577700,
2008-03-12,60.41999816894531,61.54999923706055,59.52000045776367,59.52000045776367,27.686767578125,363400,
2008-03-13,59.209999084472656,60.709999084472656,57.7599983215332,60.220001220703125,28.012380599975586,503300,
2008-03-14,61.27000045776367,61.27000045776367,57.9900016784668,59.0,27.44487953186035,615900,
2008-03-17,58.47999954223633,59.72999954223633,58.06999969482422,59.36000061035156,27.61233139038086,1021200,
2008-03-18,61.20000076293945,62.0,59.84000015258789,61.970001220703125,28.82642936706543,774700,
2008-03-19,61.72999954223633,63.0,61.5,61.5,28.607810974121094,372600,
2008-03-20,61.75,64.05000305175781,61.61000061035156,63.54999923706055,29.561384201049805,531200,
2008-03-24,65.08999633789062,65.5999984741211,64.30999755859375,64.9800033569336,30.22658348083496,384200,
2008-03-25,65.0999984741211,65.37999725341797,63.720001220703125,64.6500015258789,30.303926467895508,752900,"{""dividend_amount"": 0.495}"
2008-03-26,64.0199966430664,64.4000015258789,63.2400016784668,63.40999984741211,29.722684860229492,437000,
2008-03-27,65.12999725341797,65.12999725341797,62.75,62.88999938964844,29.47894287109375,673300,
2008-03-28,64.44000244140625,64.44000244140625,62.0,62.150001525878906,29.132076263427734,491400,
2008-03-31,63.16999816894531,63.83000183105469,62.099998474121094,62.38999938964844,29.24456787109375,409000,
2008-04-01,63.7400016784668,65.94000244140625,63.27000045776367,65.94000244140625,30.908588409423828,3876600,
2008-04-02,66.13999938964844,66.22000122070312,64.77999877929688,65.62000274658203,30.75859260559082,483400,
2008-04-03,65.95999908447266,67.12000274658203,65.19999694824219,67.12000274658203,31.461708068847656,508900,
2008-04-04,67.68000030517578,67.68000030517578,65.91999816894531,66.05999755859375,30.96484375,1124600,
2008-04-07,67.19000244140625,67.19000244140625,65.41999816894531,65.44999694824219,30.678909301757812,681300,
2008-04-08,65.95999908447266,65.95999908447266,65.0,65.36000061035156,30.6367130279541,452500,
2008-04-09,65.25,65.43000030517578,63.70000076293945,63.720001220703125,29.867990493774414,515900,
2008-04-10,63.70000076293945,64.7699966430664,63.22999954223633,64.33999633789062,30.158618927001953,576600,
2008-04-11,63.459999084472656,64.3499984741211,63.31999969482422,63.54999923706055,29.78830337524414,422300,
2008-04-14,63.380001068115234,64.16000366210938,63.08000183105469,63.18000030517578,29.614879608154297,410800,
2008-04-15,63.619998931884766,63.900001525878906,63.08000183105469,63.81999969482422,29.91486358642578,218700,
2008-04-16,64.66000366210938,66.41000366210938,64.23999786376953,66.41000366210938,31.128915786743164,358200,
2008-04-17,66.01000213623047,66.66999816894531,65.4800033569336,66.6500015258789,31.24139404296875,400600,
2008-04-18,67.61000061035156,67.87000274658203,66.12000274658203,66.2699966430664,31.063282012939453,814400,
2008-04-21,66.36000061035156,66.37000274658203,65.54000091552734,65.77999877929688,30.833585739135742,307700,
2008-04-22,65.73999786376953,65.97000122070312,65.08999633789062,65.62000274658203,30.75859260559082,522800,
2008-04-23,65.62000274658203,66.87999725341797,65.38999938964844,66.44000244140625,31.142955780029297,693300,
2008-04-24,66.54000091552734,68.0,66.31999969482422,67.76000213623047,31.761699676513672,886400,
2008-04-25,68.80999755859375,68.80999755859375,67.4000015258789,68.13999938964844,31.939804077148438,454400,
2008-04-28,68.3499984741211,68.3499984741211,67.55000305175781,68.05000305175781,31.897632598876953,699600,
2008-04-29,67.38999938964844,67.95999908447266,66.91000366210938,67.30999755859375,31.55076789855957,806100,
2008-04-30,67.88999938964844,67.9800033569336,66.19000244140625,66.37000274658203,31.110153198242188,629600,
2008-05-01,66.44999694824219,67.80000305175781,65.91999816894531,67.80000305175781,31.780454635620117,780200,
2008-05-02,68.72000122070312,68.72000122070312,67.30000305175781,67.73999786376953,31.752323150634766,1311800,
2008-05-05,67.70999908447266,67.73999786376953,66.9000015258789,67.55000305175781,31.66326332092285,295500,
2008-05-06,68.04000091552734,68.05000305175781,66.79000091552734,68.0199966430664,31.883563995361328,336800,
2008-05-07,67.94000244140625,68.0,65.91999816894531,66.16999816894531,31.016395568847656,496200,
2008-05-08,66.83999633789062,66.83999633789062,65.30000305175781,65.7699966430664,30.82891082763672,419100,
2008-05-09,65.69999694824219,66.08999633789062,65.06999969482422,65.41000366210938,30.660167694091797,342300,
2008-05-12,65.61000061035156,66.9800033569336,65.44000244140625,66.9800033569336,31.39609146118164,287700,
2008-05-13,67.23999786376953,67.30000305175781,66.44999694824219,67.25,31.522634506225586,307100,
2008-05-14,67.88999938964844,68.04000091552734,67.38999938964844,67.66999816894531,31.71949577331543,297000,
2008-05-15,67.86000061035156,68.48999786376953,67.20999908447266,68.48999786376953,32.103885650634766,415000,
2008-05-16,68.5,68.5,67.62999725341797,68.12999725341797,31.93511962890625,323800,
2008-05-19,68.16000366210938,68.5199966430664,67.5999984741211,68.23999786376953,31.986684799194336,256700,
2008-05-20,67.73999786376953,67.8499984741211,66.75,67.31999969482422,31.555450439453125,1419600,
2008-05-21,67.18000030517578,67.68000030517578,65.38999938964844,65.69999694824219,30.796091079711914,3444000,
2008-05-22,65.36000061035156,65.7300033569336,64.95999908447266,65.13999938964844,30.533601760864258,3545600,
2008-05-23,64.9800033569336,65.08000183105469,64.51000213623047,64.83000183105469,30.388288497924805,311300,
2008-05-27,64.8499984741211,65.94999694824219,64.8499984741211,65.72000122070312,30.805469512939453,370600,
2008-05-28,66.19000244140625,66.19999694824219,65.43000030517578,65.83000183105469,30.85703468322754,199800,
2008-05-29,65.80999755859375,66.55999755859375,65.58999633789062,66.54000091552734,31.189830780029297,726700,
2008-05-30,66.94999694824219,66.94999694824219,65.87000274658203,66.2300033569336,31.044536590576172,304700,
2008-06-02,66.66999816894531,66.66999816894531,64.63999938964844,65.12000274658203,30.524221420288086,338500,
2008-06-03,65.48999786376953,65.69000244140625,64.75,65.55000305175781,30.72578239440918,410000,
2008-06-04,65.29000091552734,66.41000366210938,65.12999725341797,65.88999938964844,30.88515281677246,323800,
2008-06-05,66.33000183105469,67.41999816894531,66.12000274658203,67.4000015258789,31.592947006225586,218100,
2008-06-06,67.04000091552734,67.04000091552734,64.55999755859375,64.58000183105469,30.27111053466797,595100,
2008-06-09,64.86000061035156,65.3499984741211,63.16999816894531,63.29999923706055,29.671119689941406,412100,
2008-06-10,63.08000183105469,63.810001373291016,62.22999954223633,63.33000183105469,29.68519401550293,378600,
2008-06-11,63.66999816894531,63.9900016784668,62.290000915527344,62.369998931884766,29.23520278930664,269600,
2008-06-12,62.91999816894531,63.599998474121094,62.08000183105469,63.0099983215332,29.535194396972656,335700,
2008-06-13,63.349998474121094,64.05999755859375,62.52000045776367,64.05999755859375,30.027366638183594,301900,
2008-06-16,63.72999954223633,64.94000244140625,63.5,64.91000366210938,30.425798416137695,256900,
2008-06-17,65.23999786376953,65.23999786376953,62.93000030517578,63.06999969482422,29.563318252563477,232400,
2008-06-18,62.95000076293945,62.95000076293945,61.63999938964844,62.13999938964844,29.12739372253418,229400,
2008-06-19,62.04999923706055,63.58000183105469,61.720001220703125,63.58000183105469,29.8023738861084,792100,
2008-06-20,62.880001068115234,63.02000045776367,61.779998779296875,62.150001525878906,29.132076263427734,271400,
2008-06-23,62.58000183105469,62.59000015258789,60.61000061035156,60.61000061035156,28.410215377807617,271800,
2008-06-24,59.63999938964844,60.66999816894531,59.099998474121094,59.849998474121094,28.428264617919922,964300,"{""dividend_amount"": 0.798}"
2008-06-25,60.02000045776367,61.779998779296875,60.02000045776367,60.83000183105469,28.89376449584961,1119900,
2008-06-26,61.400001525878906,61.40999984741211,58.72999954223633,58.79999923706055,27.929527282714844,476900,
2008-06-27,58.939998626708984,59.209999084472656,57.84000015258789,58.34000015258789,27.71103286743164,1234000,
2008-06-30,58.2400016784668,59.209999084472656,57.72999954223633,58.41999816894531,27.7490234375,1266500,
2008-07-01,56.88999938964844,58.84000015258789,56.7599983215332,58.369998931884766,27.725276947021484,2001800,
2008-07-02,58.459999084472656,58.65999984741211,57.36000061035156,57.650001525878906,27.38328742980957,2487500,
2008-07-03,57.72999954223633,57.88999938964844,56.84000015258789,57.060001373291016,27.103042602539062,2056800,
2008-07-07,57.36000061035156,57.65999984741211,55.560001373291016,55.779998779296875,26.495054244995117,2200300,
2008-07-08,55.900001525878906,59.95000076293945,55.41999816894531,59.939998626708984,28.47101402282715,4736200,
2008-07-09,61.369998931884766,61.369998931884766,55.31999969482422,55.849998474121094,26.528289794921875,2749200,
2008-07-10,55.68000030517578,57.369998931884766,55.08000183105469,56.93000030517578,27.04128646850586,2237100,
2008-07-11,55.5099983215332,57.95000076293945,55.310001373291016,56.650001525878906,26.908300399780273,4163200,
2008-07-14,56.7400016784668,57.790000915527344,54.439998626708984,54.68000030517578,25.972558975219727,3855400,
2008-07-15,54.38999938964844,55.95000076293945,53.189998626708984,54.150001525878906,25.72081756591797,6946000,
2008-07-16,54.119998931884766,58.099998474121094,53.540000915527344,58.099998474121094,27.59702491760254,4768500,
2008-07-17,58.099998474121094,59.029998779296875,56.599998474121094,58.79999923706055,27.929527282714844,8110000,
2008-07-18,58.68000030517578,58.9900016784668,57.849998474121094,58.900001525878906,27.977031707763672,4488700,
2008-07-21,58.869998931884766,59.34000015258789,58.38999938964844,59.34000015258789,28.186031341552734,3129700,
2008-07-22,58.68000030517578,61.029998779296875,58.15999984741211,60.93000030517578,28.94125747680664,6480900,
2008-07-23,60.29999923706055,63.20000076293945,60.29999923706055,62.650001525878906,29.75824546813965,5532900,
2008-07-24,62.97999954223633,62.97999954223633,58.189998626708984,58.5,27.787023544311523,2615400,
2008-07-25,59.11000061035156,60.20000076293945,58.349998474121094,59.459999084472656,28.243009567260742,4093000,
2008-07-28,59.79999923706055,60.34000015258789,57.84000015258789,58.4900016784668,27.78227996826172,1083800,
2008-07-29,58.40999984741211,61.310001373291016,58.27000045776367,61.209999084472656,29.074256896972656,2094600,
2008-07-30,63.15999984741211,63.15999984741211,59.15999984741211,61.0,28.974506378173828,4018500,
2008-07-31,60.650001525878906,61.02000045776367,59.36000061035156,60.2400016784668,28.613527297973633,2728100,
2008-08-01,60.27000045776367,60.40999984741211,58.77000045776367,60.290000915527344,28.63726806640625,3156300,
2008-08-04,60.0099983215332,60.130001068115234,59.04999923706055,59.40999984741211,28.21927261352539,3286600,
2008-08-05,59.70000076293945,62.189998626708984,59.47999954223633,62.08000183105469,29.48749542236328,2620900,
2008-08-06,61.709999084472656,62.060001373291016,60.880001068115234,61.779998779296875,29.345001220703125,2221000,
2008-08-07,61.15999984741211,61.36000061035156,59.630001068115234,60.150001525878906,28.57075309753418,2783500,
2008-08-08,60.130001068115234,62.86000061035156,59.849998474121094,61.900001525878906,29.402015686035156,2850800,
2008-08-11,62.59000015258789,64.5199966430664,61.939998626708984,63.900001525878906,30.351991653442383,5189800,
2008-08-12,64.23999786376953,64.23999786376953,61.68000030517578,62.470001220703125,29.672746658325195,4389300,
2008-08-13,62.0099983215332,62.119998931884766,60.790000915527344,61.560001373291016,29.240509033203125,4023000,
2008-08-14,61.220001220703125,62.65999984741211,60.95000076293945,62.54999923706055,29.71074676513672,4712900,
2008-08-15,62.720001220703125,63.31999969482422,61.849998474121094,62.459999084472656,29.66798973083496,2975400,
2008-08-18,62.54999923706055,62.65999984741211,60.61000061035156,61.599998474121094,29.25950050354004,3402800,
2008-08-19,60.61000061035156,60.619998931884766,59.38999938964844,60.08000183105469,28.537521362304688,4193500,
2008-08-20,60.150001525878906,60.43000030517578,58.81999969482422,60.16999816894531,28.580263137817383,4381400,
2008-08-21,59.43000030517578,59.52000045776367,58.70000076293945,59.099998474121094,28.072031021118164,3852600,
2008-08-22,59.2599983215332,61.11000061035156,59.2599983215332,61.11000061035156,29.026762008666992,2729600,
2008-08-25,61.040000915527344,61.29999923706055,58.9900016784668,59.2599983215332,28.148021697998047,1789900,
2008-08-26,58.380001068115234,59.959999084472656,58.380001068115234,59.959999084472656,28.480520248413086,2080500,
2008-08-27,60.380001068115234,60.560001373291016,59.349998474121094,60.560001373291016,28.765520095825195,1627200,
2008-08-28,60.650001525878906,62.11000061035156,60.43000030517578,62.099998474121094,29.497007369995117,1363600,
2008-08-29,61.650001525878906,62.25,61.0,61.66999816894531,29.292753219604492,1347300,
2008-09-02,62.0,63.119998931884766,60.90999984741211,62.06999969482422,29.48274803161621,2444100,
2008-09-03,61.9900016784668,63.04999923706055,61.58000183105469,63.04999923706055,29.948230743408203,2689600,
2008-09-04,62.36000061035156,62.720001220703125,61.119998931884766,61.279998779296875,29.107505798339844,2620000,
2008-09-05,60.619998931884766,61.36000061035156,59.880001068115234,61.290000915527344,29.11225700378418,3785300,
2008-09-08,63.4900016784668,64.04000091552734,62.25,63.939998626708984,30.370983123779297,3510900,
2008-09-09,63.58000183105469,64.12000274658203,61.060001373291016,61.54999923706055,29.23575782775879,3092300,
2008-09-10,61.869998931884766,62.22999954223633,60.36000061035156,61.65999984741211,29.287996292114258,3161300,
2008-09-11,61.34000015258789,62.599998474121094,60.33000183105469,62.599998474121094,29.734500885009766,4225200,
2008-09-12,61.7599983215332,62.95000076293945,61.209999084472656,62.400001525878906,29.63949966430664,2567500,
2008-09-15,61.459999084472656,61.81999969482422,58.79999923706055,58.79999923706055,27.929527282714844,6087100,
2008-09-16,57.65999984741211,61.70000076293945,57.599998474121094,61.70000076293945,29.307004928588867,5486600,
2008-09-17,60.41999816894531,60.7599983215332,57.75,58.150001525878906,27.62078285217285,4194600,
2008-09-18,58.0099983215332,63.09000015258789,55.83000183105469,63.09000015258789,29.967247009277344,6149500,
2008-09-19,68.94999694824219,68.94999694824219,61.63999938964844,64.97000122070312,30.860210418701172,2369000,
2008-09-22,62.0,64.4000015258789,59.29999923706055,59.5099983215332,28.266767501831055,1726000,
2008-09-23,60.91999816894531,61.27000045776367,59.75,59.90999984741211,28.45676612854004,2495000,
2008-09-24,60.040000915527344,61.31999969482422,58.04999923706055,58.72999954223633,28.260435104370117,3085200,"{""dividend_amount"": 0.772}"
2008-09-25,59.86000061035156,60.18000030517578,58.27000045776367,59.459999084472656,28.61170768737793,2240200,
2008-09-26,58.040000915527344,61.29999923706055,57.81999969482422,61.29999923706055,29.49709701538086,1991700,
2008-09-29,58.93000030517578,60.880001068115234,56.720001220703125,56.720001220703125,27.29324722290039,3275700,
2008-09-30,59.650001525878906,60.9900016784668,57.43000030517578,60.79999923706055,29.256498336791992,2369100,
2008-10-01,60.5,60.5,58.459999084472656,59.33000183105469,28.54915428161621,2887000,
2008-10-02,58.689998626708984,58.869998931884766,55.31999969482422,55.5,26.7061767578125,2279600,
2008-10-03,56.63999938964844,57.119998931884766,52.75,53.099998474121094,25.551321029663086,4099000,
2008-10-06,52.41999816894531,52.70000076293945,48.900001525878906,51.5099983215332,24.786230087280273,4331400,
2008-10-07,51.099998474121094,51.83000183105469,47.09000015258789,47.09000015258789,22.659351348876953,3188200,
2008-10-08,45.310001373291016,48.58000183105469,44.31999969482422,46.439998626708984,22.346580505371094,2313700,
2008-10-09,46.29999923706055,48.11000061035156,42.5,42.7599983215332,20.57579231262207,5654200,
2008-10-10,40.900001525878906,47.31999969482422,38.33000183105469,46.849998474121094,22.543865203857422,3060000,
2008-10-13,49.70000076293945,49.95000076293945,46.2400016784668,49.83000183105469,23.97783088684082,1518600,
2008-10-14,51.470001220703125,51.470001220703125,43.400001525878906,46.439998626708984,22.346580505371094,3512800,
2008-10-15,44.900001525878906,45.790000915527344,40.18000030517578,40.47999954223633,19.47867774963379,2787600,
2008-10-16,41.630001068115234,43.25,39.0,42.83000183105469,20.60947608947754,2282300,
2008-10-17,40.790000915527344,44.31999969482422,40.619998931884766,42.369998931884766,20.38812828063965,3186700,
2008-10-20,43.380001068115234,43.380001068115234,40.70000076293945,42.68000030517578,20.53730010986328,1889500,
2008-10-21,42.13999938964844,43.130001068115234,41.119998931884766,41.220001220703125,19.834753036499023,1410200,
2008-10-22,40.0,40.70000076293945,36.9900016784668,38.310001373291016,18.434494018554688,2564900,
2008-10-23,38.220001220703125,39.11000061035156,34.400001525878906,37.310001373291016,17.953298568725586,5536300,
2008-10-24,33.38999938964844,37.2400016784668,33.38999938964844,35.189998626708984,16.933168411254883,2853100,
2008-10-27,34.869998931884766,36.560001373291016,33.0,33.189998626708984,15.970775604248047,2338400,
2008-10-28,34.0,38.560001373291016,32.529998779296875,38.380001068115234,18.468170166015625,4867500,
2008-10-29,38.060001373291016,39.72999954223633,36.630001068115234,37.02000045776367,17.813745498657227,3787300,
2008-10-30,38.95000076293945,39.209999084472656,37.47999954223633,39.0,18.766508102416992,3782900,
2008-10-31,39.31999969482422,41.70000076293945,38.4900016784668,41.5099983215332,19.974300384521484,11149000,
2008-11-03,41.400001525878906,41.720001220703125,40.0099983215332,40.150001525878906,19.31987953186035,6681200,
2008-11-04,41.279998779296875,42.540000915527344,40.40999984741211,42.400001525878906,20.402563095092773,6208700,
2008-11-05,41.790000915527344,41.79999923706055,37.95000076293945,38.22999954223633,18.395994186401367,9770700,
2008-11-06,37.86000061035156,38.41999816894531,36.290000915527344,36.439998626708984,17.53465461730957,12780800,
2008-11-07,36.869998931884766,38.88999938964844,35.7400016784668,38.75,18.64621353149414,8636600,
2008-11-10,39.119998931884766,39.13999938964844,34.849998474121094,35.279998779296875,16.97647476196289,3812600,
2008-11-11,34.79999923706055,35.56999969482422,33.38999938964844,34.790000915527344,16.740692138671875,3649900,
2008-11-12,33.9900016784668,34.0,32.040000915527344,32.29999923706055,15.542523384094238,5528600,
2008-11-13,33.38999938964844,35.9900016784668,30.81999969482422,35.849998474121094,17.250755310058594,9470900,
2008-11-14,35.36000061035156,35.380001068115234,31.6299991607666,31.809999465942383,15.306736946105957,2605900,
2008-11-17,31.43000030517578,32.040000915527344,30.579999923706055,30.65999984741211,14.753364562988281,2647600,
2008-11-18,30.790000915527344,31.290000915527344,28.559999465942383,30.3700008392334,14.613819122314453,3246200,
2008-11-19,30.059999465942383,30.3700008392334,26.0,26.290000915527344,12.650557518005371,3068800,
2008-11-20,25.81999969482422,27.600000381469727,23.850000381469727,24.209999084472656,11.649669647216797,4156200,
2008-11-21,24.799999237060547,26.209999084472656,22.520000457763672,25.989999771118164,12.506193161010742,6877600,
2008-11-24,26.8700008392334,30.760000228881836,25.739999771118164,30.40999984741211,14.633066177368164,5300100,
2008-11-25,31.040000915527344,31.469999313354492,28.6299991607666,30.889999389648438,14.864038467407227,2949200,
2008-11-26,30.889999389648438,32.61000061035156,29.920000076293945,32.560001373291016,15.667627334594727,2348000,
2008-11-28,32.380001068115234,32.79999923706055,31.3799991607666,32.08000183105469,15.436655044555664,838000,
2008-12-01,31.280000686645508,31.350000381469727,25.450000762939453,25.81999969482422,12.424396514892578,2431700,
2008-12-02,26.510000228881836,29.3799991607666,26.5,29.25,14.074883460998535,3379600,
2008-12-03,27.969999313354492,30.889999389648438,27.510000228881836,30.889999389648438,14.864038467407227,4203100,
2008-12-04,30.329999923706055,32.25,29.360000610351562,30.040000915527344,14.45502758026123,2461400,
2008-12-05,29.579999923706055,33.25,29.139999389648438,33.220001220703125,15.985213279724121,2176800,
2008-12-08,33.97999954223633,36.369998931884766,33.5099983215332,36.31999969482422,17.476917266845703,1851300,
2008-12-09,35.83000183105469,36.27000045776367,32.900001525878906,33.16999816894531,15.961155891418457,2632100,
2008-12-10,33.790000915527344,36.099998474121094,33.619998931884766,36.02000045776367,17.332548141479492,1656000,
2008-12-11,35.20000076293945,35.380001068115234,30.34000015258789,30.8799991607666,14.859230995178223,1955400,
2008-12-12,30.020000457763672,34.11000061035156,29.81999969482422,34.11000061035156,16.413475036621094,1917500,
2008-12-15,34.22999954223633,34.560001373291016,31.489999771118164,32.91999816894531,15.840855598449707,1425300,
2008-12-16,36.95000076293945,36.97999954223633,32.84000015258789,36.95000076293945,17.78006362915039,2348400,
2008-12-17,36.0,39.220001220703125,35.290000915527344,37.630001068115234,18.10727882385254,4069200,
2008-12-18,38.09000015258789,38.220001220703125,34.380001068115234,34.5,16.60114288330078,1897500,
2008-12-19,34.58000183105469,36.91999816894531,34.58000183105469,36.91999816894531,17.7656307220459,2274400,
2008-12-22,36.619998931884766,36.630001068115234,33.900001525878906,35.529998779296875,17.096773147583008,3688700,
2008-12-23,35.88999938964844,36.25,34.970001220703125,35.33000183105469,17.000534057617188,1580400,
2008-12-24,34.61000061035156,34.79999923706055,34.029998779296875,34.79999923706055,17.20071029663086,615700,"{""dividend_amount"": 0.935}"
2008-12-26,35.0099983215332,35.29999923706055,34.189998626708984,35.29999923706055,17.44785499572754,608500,
2008-12-29,35.0,35.0,32.63999938964844,33.27000045776367,16.444475173950195,1549800,
2008-12-30,33.68000030517578,34.86000061035156,33.47999954223633,34.599998474121094,17.101863861083984,1765300,
2008-12-31,34.810001373291016,36.790000915527344,34.61000061035156,36.45000076293945,18.016258239746094,1954200,
2009-01-02,36.630001068115234,36.63999938964844,35.27000045776367,35.290000915527344,17.44291114807129,2181800,
2009-01-05,35.2400016784668,35.619998931884766,34.36000061035156,34.63999938964844,17.121625900268555,7318600,
2009-01-06,35.25,36.75,34.150001525878906,36.369998931884766,17.97672462463379,1913900,
2009-01-07,36.150001525878906,36.220001220703125,34.880001068115234,35.150001525878906,17.373714447021484,1439600,
2009-01-08,34.68000030517578,35.130001068115234,34.18000030517578,34.88999938964844,17.245197296142578,2063200,
2009-01-09,34.91999816894531,34.95000076293945,32.95000076293945,33.099998474121094,16.360448837280273,1491800,
2009-01-12,32.880001068115234,32.95000076293945,30.639999389648438,31.15999984741211,15.401557922363281,1760800,
2009-01-13,30.809999465942383,32.279998779296875,30.600000381469727,32.099998474121094,15.866174697875977,1792700,
2009-01-14,31.479999542236328,31.479999542236328,30.100000381469727,30.420000076293945,15.035794258117676,2330100,
2009-01-15,30.420000076293945,32.150001525878906,28.889999389648438,31.420000076293945,15.530072212219238,3927500,
2009-01-16,32.0,32.709999084472656,30.6200008392334,32.61000061035156,16.118255615234375,5540300,
2009-01-20,32.15999984741211,32.18000030517578,28.799999237060547,28.959999084472656,14.314157485961914,3918700,
2009-01-21,29.639999389648438,32.0099983215332,28.65999984741211,31.989999771118164,15.811800956726074,3471500,
2009-01-22,30.81999969482422,31.860000610351562,29.790000915527344,30.239999771118164,14.946828842163086,3904300,
2009-01-23,29.25,31.280000686645508,29.049999237060547,31.15999984741211,15.401557922363281,3563500,
2009-01-26,31.219999313354492,32.04999923706055,30.3700008392334,30.979999542236328,15.312586784362793,3755700,
2009-01-27,31.200000762939453,31.959999084472656,30.829999923706055,31.420000076293945,15.530072212219238,2490400,
2009-01-28,33.08000183105469,34.27000045776367,32.040000915527344,34.13999938964844,16.87449073791504,2712800,
2009-01-29,33.41999816894531,33.5,31.219999313354492,31.350000381469727,15.495465278625488,2714700,
2009-01-30,31.719999313354492,32.189998626708984,29.670000076293945,30.059999465942383,14.857856750488281,2386500,
2009-02-02,29.3700008392334,30.829999923706055,29.260000228881836,30.790000915527344,15.218670845031738,2732600,
2009-02-03,30.950000762939453,30.989999771118164,29.940000534057617,30.479999542236328,15.065452575683594,2159200,
2009-02-04,30.489999771118164,31.299999237060547,29.739999771118164,29.739999771118164,14.699689865112305,7818500,
2009-02-05,29.110000610351562,30.170000076293945,28.229999542236328,29.110000610351562,14.388299942016602,4770500,
2009-02-06,29.270000457763672,31.440000534057617,29.209999084472656,31.1299991607666,15.386733055114746,4500200,
2009-02-09,31.479999542236328,31.639999389648438,30.510000228881836,31.59000015258789,15.614100456237793,2627000,
2009-02-10,31.540000915527344,31.540000915527344,28.520000457763672,28.780000686645508,14.225188255310059,4686400,
2009-02-11,29.079999923706055,29.329999923706055,27.90999984741211,29.329999923706055,14.497040748596191,3494300,
2009-02-12,28.290000915527344,28.979999542236328,26.739999771118164,28.829999923706055,14.249897003173828,3502600,
2009-02-13,28.559999465942383,28.579999923706055,27.0,27.059999465942383,13.375036239624023,3436000,
2009-02-17,26.0,26.25,24.889999389648438,25.139999389648438,12.426036834716797,2560700,
2009-02-18,25.489999771118164,25.68000030517578,24.399999618530273,25.5,12.603972434997559,5537100,
2009-02-19,26.0,26.209999084472656,24.18000030517578,24.399999618530273,12.060271263122559,2946800,
2009-02-20,23.739999771118164,26.059999465942383,23.18000030517578,25.940000534057617,12.821451187133789,6286800,
2009-02-23,26.18000030517578,26.3700008392334,23.850000381469727,23.989999771118164,11.857620239257812,5058000,
2009-02-24,24.81999969482422,26.1299991607666,23.920000076293945,26.020000457763672,12.860991477966309,5187300,
2009-02-25,25.729999542236328,26.6299991607666,24.510000228881836,25.520000457763672,12.61385440826416,4889400,
2009-02-26,26.040000915527344,26.309999465942383,24.09000015258789,24.209999084472656,11.966355323791504,3821000,
2009-02-27,23.549999237060547,24.709999084472656,23.5,23.889999389648438,11.80819320678711,3676800,
2009-03-02,23.559999465942383,23.559999465942383,21.8799991607666,22.399999618530273,11.071724891662598,4773700,
2009-03-03,22.68000030517578,22.989999771118164,21.350000381469727,22.489999771118164,11.11620807647705,5413900,
2009-03-04,22.93000030517578,23.40999984741211,22.18000030517578,22.850000381469727,11.294151306152344,3058600,
2009-03-05,22.270000457763672,22.559999465942383,21.1299991607666,21.440000534057617,10.597225189208984,3390700,
2009-03-06,21.579999923706055,21.809999465942383,19.950000762939453,21.149999618530273,10.453877449035645,4933800,
2009-03-09,20.510000228881836,21.639999389648438,20.510000228881836,21.6200008392334,10.686193466186523,3882000,
2009-03-10,22.209999084472656,24.719999313354492,22.0,24.6299991607666,12.1739501953125,3060900,
2009-03-11,24.729999542236328,25.09000015258789,23.889999389648438,24.229999542236328,11.976245880126953,2695800,
2009-03-12,24.260000228881836,26.3799991607666,23.889999389648438,26.209999084472656,12.954904556274414,2791300,
2009-03-13,26.790000915527344,26.940000534057617,24.790000915527344,25.649999618530273,12.678112983703613,2757900,
2009-03-16,25.84000015258789,26.079999923706055,23.579999923706055,23.6299991607666,11.67967700958252,2283000,
2009-03-17,23.68000030517578,25.489999771118164,23.139999389648438,25.420000076293945,12.56442642211914,2398400,
2009-03-18,25.010000228881836,26.829999923706055,24.3700008392334,26.809999465942383,13.251473426818848,3892800,
2009-03-19,27.229999542236328,27.270000457763672,25.059999465942383,25.170000076293945,12.4408597946167,2177800,
2009-03-20,25.079999923706055,25.079999923706055,23.0,23.0,11.36828899383545,2783100,
2009-03-23,24.09000015258789,26.90999984741211,23.850000381469727,26.719999313354492,13.206978797912598,2763900,
2009-03-24,26.0,26.860000610351562,24.399999618530273,24.65999984741211,12.188779830932617,4493200,
2009-03-25,24.739999771118164,25.190000534057617,22.559999465942383,24.579999923706055,12.38939094543457,2340700,"{""dividend_amount"": 0.478}"
2009-03-26,24.84000015258789,25.3700008392334,23.610000610351562,25.1299991607666,12.666608810424805,3010400,
2009-03-27,24.559999465942383,24.81999969482422,23.959999084472656,24.010000228881836,12.102089881896973,2526500,
2009-03-30,23.270000457763672,23.3700008392334,22.5,22.700000762939453,11.441787719726562,1412900,
2009-03-31,23.110000610351562,24.6299991607666,22.829999923706055,24.280000686645508,12.238179206848145,2461700,
2009-04-01,23.850000381469727,24.510000228881836,23.59000015258789,24.149999618530273,12.172651290893555,1859200,
2009-04-02,25.020000457763672,26.18000030517578,24.489999771118164,25.899999618530273,13.054728507995605,2353800,
2009-04-03,25.81999969482422,28.25,25.31999969482422,28.1299991607666,14.178746223449707,2793400,
2009-04-06,27.549999237060547,28.469999313354492,26.899999618530273,27.809999465942383,14.017447471618652,3235200,
2009-04-07,27.149999618530273,27.299999237060547,25.510000228881836,25.729999542236328,12.969045639038086,2370000,
2009-04-08,25.850000381469727,26.31999969482422,25.34000015258789,26.110000610351562,13.160579681396484,2579700,
2009-04-09,27.270000457763672,29.610000610351562,26.780000686645508,29.610000610351562,14.924728393554688,2493800,
2009-04-13,28.8799991607666,30.299999237060547,28.579999923706055,29.700000762939453,14.97009563446045,4314300,
2009-04-14,29.15999984741211,29.489999771118164,27.1200008392334,27.18000030517578,13.699908256530762,3382100,
2009-04-15,27.110000610351562,29.700000762939453,26.920000076293945,29.540000915527344,14.889451026916504,4144900,
2009-04-16,29.559999465942383,31.940000534057617,28.3799991607666,30.530000686645508,15.388450622558594,5803700,
2009-04-17,30.729999542236328,32.18000030517578,29.920000076293945,31.079999923706055,15.665670394897461,5805200,
2009-04-20,30.040000915527344,30.309999465942383,27.709999084472656,27.8799991607666,14.052739143371582,4124800,
2009-04-21,27.190000534057617,30.420000076293945,27.020000457763672,30.350000381469727,15.297722816467285,2776100,
2009-04-22,29.729999542236328,30.899999618530273,29.1200008392334,29.290000915527344,14.76343822479248,9377100,
2009-04-23,29.479999542236328,30.790000915527344,29.0,30.610000610351562,15.4287748336792,6132600,
2009-04-24,30.860000610351562,33.0,30.239999771118164,32.060001373291016,16.159639358520508,7819400,
2009-04-27,31.479999542236328,31.690000534057617,29.270000457763672,30.139999389648438,15.191875457763672,6108400,
2009-04-28,29.860000610351562,31.299999237060547,29.40999984741211,30.540000915527344,15.393492698669434,6029900,
2009-04-29,30.920000076293945,32.29999923706055,30.6299991607666,31.8700008392334,16.063873291015625,5113600,
2009-04-30,32.220001220703125,32.970001220703125,31.59000015258789,31.729999542236328,15.993306159973145,5575000,
2009-05-01,31.760000228881836,31.780000686645508,30.280000686645508,30.690000534057617,15.469099044799805,3926800,
2009-05-04,31.329999923706055,33.290000915527344,31.0,33.220001220703125,16.744327545166016,5437900,
2009-05-05,32.939998626708984,32.939998626708984,31.690000534057617,31.979999542236328,16.11931610107422,6108700,
2009-05-06,32.63999938964844,33.369998931884766,31.68000030517578,33.20000076293945,16.73424530029297,8067300,
2009-05-07,33.61000061035156,33.619998931884766,30.469999313354492,31.299999237060547,15.776564598083496,7561500,
2009-05-08,31.760000228881836,33.599998474121094,31.299999237060547,33.38999938964844,16.83001136779785,6114200,
2009-05-11,32.369998931884766,32.959999084472656,32.02000045776367,32.119998931884766,16.189876556396484,3484000,
2009-05-12,32.45000076293945,32.68000030517578,30.65999984741211,32.029998779296875,16.144515991210938,3181700,
2009-05-13,30.959999084472656,31.020000457763672,29.450000762939453,29.93000030517578,15.086024284362793,2867300,
2009-05-14,29.5,31.1299991607666,29.0,30.639999389648438,15.44389820098877,2592500,
2009-05-15,30.469999313354492,30.75,29.030000686645508,29.610000610351562,14.924728393554688,2103600,
2009-05-18,29.93000030517578,32.20000076293945,29.899999618530273,31.989999771118164,16.124351501464844,2776800,
2009-05-19,32.130001068115234,32.290000915527344,30.979999542236328,31.3799991607666,15.816883087158203,2909000,
2009-05-20,32.209999084472656,32.70000076293945,30.959999084472656,31.1299991607666,15.690877914428711,3417700,
2009-05-21,30.579999923706055,31.56999969482422,30.309999465942383,31.219999313354492,15.736238479614258,2684600,
2009-05-22,31.639999389648438,31.639999389648438,30.40999984741211,30.450000762939453,15.348128318786621,1669600,
2009-05-26,30.280000686645508,32.54999923706055,30.149999618530273,32.2599983215332,16.260446548461914,2517200,
2009-05-27,32.22999954223633,32.470001220703125,30.90999984741211,31.09000015258789,15.670716285705566,2539800,
2009-05-28,31.579999923706055,31.920000076293945,30.690000534057617,31.520000457763672,15.887458801269531,2397500,
2009-05-29,32.0,32.630001068115234,31.3799991607666,32.560001373291016,16.411659240722656,1692900,
2009-06-01,33.34000015258789,34.9900016784668,33.0,34.22999954223633,17.253414154052734,3811800,
2009-06-02,33.75,34.029998779296875,33.2599983215332,33.52000045776367,16.89554214477539,2796300,
2009-06-03,33.36000061035156,33.540000915527344,32.93000030517578,33.459999084472656,16.865291595458984,2019100,
2009-06-04,33.720001220703125,34.83000183105469,33.47999954223633,34.529998779296875,17.404626846313477,2006000,
2009-06-05,35.08000183105469,35.099998474121094,33.849998474121094,34.439998626708984,17.35926055908203,2798300,
2009-06-08,34.7400016784668,34.7400016784668,33.4900016784668,33.810001373291016,17.041709899902344,3558400,
2009-06-09,34.2400016784668,34.27000045776367,33.619998931884766,33.810001373291016,17.041709899902344,2516800,
2009-06-10,34.220001220703125,34.31999969482422,32.380001068115234,33.220001220703125,16.744327545166016,2373100,
2009-06-11,33.220001220703125,33.459999084472656,32.439998626708984,32.540000915527344,16.401578903198242,2714700,
2009-06-12,32.5,33.720001220703125,32.29999923706055,33.720001220703125,16.996353149414062,1765400,
2009-06-15,33.2400016784668,33.41999816894531,31.579999923706055,32.119998931884766,16.189876556396484,2129600,
2009-06-16,32.209999084472656,32.369998931884766,31.030000686645508,31.530000686645508,15.89249324798584,2248100,
2009-06-17,31.479999542236328,31.700000762939453,30.579999923706055,30.93000030517578,15.590068817138672,2144600,
2009-06-18,31.09000015258789,31.420000076293945,30.649999618530273,31.139999389648438,15.695917129516602,1742400,
2009-06-19,31.5,31.610000610351562,30.979999542236328,31.450000762939453,15.852170944213867,1292300,
2009-06-22,30.8799991607666,31.209999084472656,29.739999771118164,29.809999465942383,15.025542259216309,2041900,
2009-06-23,30.18000030517578,30.549999237060547,29.649999618530273,30.030000686645508,15.13642406463623,1855000,
2009-06-24,30.440000534057617,30.450000762939453,29.799999237060547,30.190000534057617,15.466876029968262,4424500,"{""dividend_amount"": 0.485}"
2009-06-25,30.0,30.59000015258789,29.56999969482422,30.59000015258789,15.671794891357422,1872300,
2009-06-26,30.510000228881836,31.09000015258789,30.219999313354492,30.850000381469727,15.80500602722168,2356600,
2009-06-29,30.90999984741211,31.110000610351562,30.3700008392334,30.829999923706055,15.794754028320312,2342100,
2009-06-30,31.040000915527344,31.329999923706055,30.790000915527344,31.010000228881836,15.88697624206543,1894200,
2009-07-01,31.229999542236328,31.75,31.15999984741211,31.549999237060547,16.16362762451172,1682600,
2009-07-02,31.100000381469727,31.15999984741211,29.850000381469727,29.8799991607666,15.308055877685547,2344000,
2009-07-06,29.700000762939453,30.709999084472656,29.420000076293945,30.6299991607666,15.692296028137207,2654100,
2009-07-07,30.709999084472656,30.719999313354492,29.34000015258789,29.440000534057617,15.082639694213867,2036100,
2009-07-08,29.600000381469727,29.709999084472656,28.329999923706055,29.15999984741211,14.939187049865723,2370500,
2009-07-09,29.360000610351562,29.479999542236328,28.56999969482422,28.610000610351562,14.657413482666016,1289300,
2009-07-10,28.350000381469727,28.739999771118164,27.81999969482422,28.56999969482422,14.63692569732666,1123900,
2009-07-13,28.690000534057617,29.84000015258789,28.3700008392334,29.649999618530273,15.190227508544922,3929500,
2009-07-14,29.75,30.280000686645508,29.219999313354492,30.010000228881836,15.374653816223145,2822300,
2009-07-15,30.610000610351562,31.559999465942383,30.31999969482422,31.1200008392334,15.943324089050293,1768200,
2009-07-16,30.989999771118164,31.739999771118164,30.510000228881836,31.479999542236328,16.12776756286621,1606200,
2009-07-17,31.290000915527344,31.360000610351562,30.40999984741211,30.639999389648438,15.697415351867676,1454700,
2009-07-20,31.030000686645508,31.860000610351562,30.940000534057617,31.719999313354492,16.250717163085938,1687800,
2009-07-21,32.0,32.0,30.959999084472656,31.6299991607666,16.204614639282227,2990100,
2009-07-22,31.170000076293945,32.119998931884766,31.1299991607666,31.670000076293945,16.22509765625,1949300,
2009-07-23,31.700000762939453,33.310001373291016,31.600000381469727,32.93000030517578,16.87063217163086,2922400,
2009-07-24,32.709999084472656,33.27000045776367,32.290000915527344,33.15999984741211,16.98845100402832,1272500,
2009-07-27,33.20000076293945,33.72999954223633,32.900001525878906,33.63999938964844,17.234371185302734,2146100,
2009-07-28,33.43000030517578,33.75,33.11000061035156,33.61000061035156,17.21900749206543,1451100,
2009-07-29,33.380001068115234,33.619998931884766,32.93000030517578,33.189998626708984,17.003822326660156,1187200,
2009-07-30,33.790000915527344,34.90999984741211,33.709999084472656,34.380001068115234,17.613487243652344,1918200,
2009-07-31,34.369998931884766,34.70000076293945,34.0099983215332,34.349998474121094,17.598114013671875,2208800,
2009-08-03,35.09000015258789,35.13999938964844,34.43000030517578,34.970001220703125,17.915752410888672,2541900,
2009-08-04,34.790000915527344,37.13999938964844,34.52000045776367,36.880001068115234,18.894283294677734,3454100,
2009-08-05,36.900001525878906,38.4900016784668,36.61000061035156,38.290000915527344,19.61664581298828,3965400,
2009-08-06,38.83000183105469,39.810001373291016,38.0,38.0,19.46807861328125,5953400,
2009-08-07,38.91999816894531,40.900001525878906,38.34000015258789,40.119998931884766,20.554187774658203,5471300,
2009-08-10,39.9900016784668,40.08000183105469,38.81999969482422,39.2599983215332,20.113605499267578,4432000,
2009-08-11,38.869998931884766,39.060001373291016,37.650001525878906,38.119998931884766,19.529556274414062,4275200,
2009-08-12,38.04999923706055,39.18000030517578,38.0099983215332,38.400001525878906,19.673002243041992,4619200,
2009-08-13,38.84000015258789,38.9900016784668,38.099998474121094,38.599998474121094,19.77546501159668,5339500,
2009-08-14,38.439998626708984,38.470001220703125,37.33000183105469,38.279998779296875,19.61152458190918,3538500,
2009-08-17,36.779998779296875,36.880001068115234,36.0,36.2400016784668,18.56639862060547,3385800,
2009-08-18,36.36000061035156,37.0099983215332,36.119998931884766,36.599998474121094,18.750825881958008,2379900,
2009-08-19,35.95000076293945,36.47999954223633,35.7400016784668,36.310001373291016,18.602264404296875,2693600,
2009-08-20,36.310001373291016,37.790000915527344,36.2599983215332,37.7599983215332,19.345121383666992,5235500,
2009-08-21,38.279998779296875,39.54999923706055,38.09000015258789,38.75,19.85231590270996,5953400,
2009-08-24,39.290000915527344,39.310001373291016,38.45000076293945,38.619998931884766,19.785709381103516,5958400,
2009-08-25,38.900001525878906,39.349998474121094,38.56999969482422,39.04999923706055,20.006004333496094,3483900,
2009-08-26,38.970001220703125,39.22999954223633,38.61000061035156,39.16999816894531,20.067481994628906,2680900,
2009-08-27,39.150001525878906,39.650001525878906,38.349998474121094,39.54999923706055,20.262165069580078,2465000,
2009-08-28,39.900001525878906,40.040000915527344,39.189998626708984,39.900001525878906,20.441476821899414,3074500,
2009-08-31,39.16999816894531,39.56999969482422,38.86000061035156,39.27000045776367,20.118715286254883,2961300,
2009-09-01,38.970001220703125,39.31999969482422,37.130001068115234,37.16999816894531,19.042856216430664,4356400,
2009-09-02,36.86000061035156,37.13999938964844,36.41999816894531,36.41999816894531,18.658615112304688,3443600,
2009-09-03,36.88999938964844,37.189998626708984,36.18000030517578,37.150001525878906,19.032609939575195,1933100,
2009-09-04,37.13999938964844,37.58000183105469,36.47999954223633,37.58000183105469,19.252910614013672,1587900,
2009-09-08,38.16999816894531,38.88999938964844,37.88999938964844,38.88999938964844,19.924047470092773,2051900,
2009-09-09,38.869998931884766,39.779998779296875,38.540000915527344,39.650001525878906,20.313398361206055,2825800,
2009-09-10,39.61000061035156,40.33000183105469,39.040000915527344,40.2400016784668,20.615673065185547,2117300,
2009-09-11,40.470001220703125,40.65999984741211,39.66999816894531,40.16999816894531,20.579805374145508,2384000,
2009-09-14,39.58000183105469,41.38999938964844,39.56999969482422,41.36000061035156,21.189464569091797,2229900,
2009-09-15,41.650001525878906,42.619998931884766,40.810001373291016,42.02000045776367,21.5275936126709,3555000,
2009-09-16,42.43000030517578,43.790000915527344,42.22999954223633,43.72999954223633,22.40365219116211,3659700,
2009-09-17,43.689998626708984,45.2400016784668,42.88999938964844,43.540000915527344,22.306318283081055,5152800,
2009-09-18,43.790000915527344,44.16999816894531,42.81999969482422,43.599998474121094,22.33706283569336,2874100,
2009-09-21,42.9900016784668,43.41999816894531,42.599998474121094,42.91999816894531,21.98866844177246,2423600,
2009-09-22,43.459999084472656,44.349998474121094,43.22999954223633,44.279998779296875,22.68543243408203,4488000,
2009-09-23,44.43000030517578,44.439998626708984,42.61000061035156,42.68000030517578,21.865720748901367,3291700,
2009-09-24,42.52000045776367,42.70000076293945,40.459999084472656,40.720001220703125,21.067420959472656,4804900,"{""dividend_amount"": 0.417}"
2009-09-25,40.439998626708984,41.310001373291016,40.06999969482422,40.849998474121094,21.134675979614258,4635600,
2009-09-28,41.16999816894531,42.59000015258789,40.97999954223633,42.540000915527344,22.009033203125,2644700,
2009-09-29,42.63999938964844,42.959999084472656,41.70000076293945,41.849998474121094,21.652042388916016,3198100,
2009-09-30,42.220001220703125,42.22999954223633,40.86000061035156,41.45000076293945,21.44510269165039,3905300,
2009-10-01,41.36000061035156,41.41999816894531,39.59000015258789,39.59000015258789,20.4827823638916,9101300,
2009-10-02,38.65999984741211,40.439998626708984,38.630001068115234,39.310001373291016,20.337921142578125,4742800,
2009-10-05,39.75,40.5,39.400001525878906,40.38999938964844,20.89668083190918,2928300,
2009-10-06,40.7599983215332,41.27000045776367,39.7400016784668,40.279998779296875,20.839778900146484,3546900,
2009-10-07,40.13999938964844,40.58000183105469,39.68000030517578,40.25,20.824249267578125,3338500,
2009-10-08,40.79999923706055,41.400001525878906,40.58000183105469,41.02000045776367,21.222631454467773,3031900,
2009-10-09,40.810001373291016,41.400001525878906,40.470001220703125,41.369998931884766,21.403705596923828,2673300,
2009-10-12,41.65999984741211,41.81999969482422,41.099998474121094,41.310001373291016,21.37267303466797,1933400,
2009-10-13,41.040000915527344,41.220001220703125,40.38999938964844,40.72999954223633,21.07259178161621,2546600,
2009-10-14,41.5,42.380001068115234,41.25,42.220001220703125,21.843486785888672,3152400,
2009-10-15,41.880001068115234,42.029998779296875,41.619998931884766,41.86000061035156,21.6572265625,3492400,
2009-10-16,41.310001373291016,41.43000030517578,40.65999984741211,40.7599983215332,21.088109970092773,3071500,
2009-10-19,41.04999923706055,41.75,40.83000183105469,41.63999938964844,21.54339599609375,2579400,
2009-10-20,41.540000915527344,41.63999938964844,40.68000030517578,40.869998931884766,21.1450252532959,2128100,
2009-10-21,40.58000183105469,41.5099983215332,40.27000045776367,40.349998474121094,20.87598991394043,2481700,
2009-10-22,40.33000183105469,41.45000076293945,39.75,41.40999984741211,21.424406051635742,3386000,
2009-10-23,41.52000045776367,41.56999969482422,40.720001220703125,40.91999816894531,21.170886993408203,3243100,
2009-10-26,40.90999984741211,41.91999816894531,40.72999954223633,40.81999969482422,21.11915397644043,3607400,
2009-10-27,40.84000015258789,41.029998779296875,40.04999923706055,40.22999954223633,20.81390953063965,3593700,
2009-10-28,39.97999954223633,40.56999969482422,38.470001220703125,38.540000915527344,19.939542770385742,4654200,
2009-10-29,39.150001525878906,40.43000030517578,39.02000045776367,40.29999923706055,20.850116729736328,3309800,
2009-10-30,40.0099983215332,40.2599983215332,38.59000015258789,39.599998474121094,20.48796272277832,4424100,
2009-11-02,39.70000076293945,40.47999954223633,38.439998626708984,39.59000015258789,20.4827823638916,4906100,
2009-11-03,39.02000045776367,40.25,38.9900016784668,40.16999816894531,20.78285789489746,4509500,
2009-11-04,40.720001220703125,40.83000183105469,39.279998779296875,39.310001373291016,20.337921142578125,4320800,
2009-11-05,39.84000015258789,40.290000915527344,39.41999816894531,40.20000076293945,20.798385620117188,2379300,
2009-11-06,39.5099983215332,40.189998626708984,39.220001220703125,39.540000915527344,20.45691680908203,2442300,
2009-11-09,40.130001068115234,41.5,39.939998626708984,41.4900016784668,21.465803146362305,2272300,
2009-11-10,41.189998626708984,41.47999954223633,40.58000183105469,41.18000030517578,21.3054141998291,2548400,
2009-11-11,41.54999923706055,42.25,41.41999816894531,41.95000076293945,21.703786849975586,3107300,
2009-11-12,41.900001525878906,42.25,41.41999816894531,41.52000045776367,21.481313705444336,2920500,
2009-11-13,41.560001373291016,42.20000076293945,41.5,42.08000183105469,21.77103614807129,2444100,
2009-11-16,42.369998931884766,43.5099983215332,42.369998931884766,43.099998474121094,22.298763275146484,3053700,
2009-11-17,42.81999969482422,43.310001373291016,42.310001373291016,42.349998474121094,21.910736083984375,2486000,
2009-11-18,42.34000015258789,43.2400016784668,42.290000915527344,43.119998931884766,22.30912208557129,2928900,
2009-11-19,42.65999984741211,42.7400016784668,41.939998626708984,42.130001068115234,21.796911239624023,1960500,
2009-11-20,41.900001525878906,42.04999923706055,41.68000030517578,41.83000183105469,21.641704559326172,1782300,
2009-11-23,42.58000183105469,43.02000045776367,42.02000045776367,42.36000061035156,21.91590690612793,2182700,
2009-11-24,42.31999969482422,42.369998931884766,41.56999969482422,41.72999954223633,21.589962005615234,2051800,
2009-11-25,41.959999084472656,42.189998626708984,41.7599983215332,41.900001525878906,21.677919387817383,1530100,
2009-11-27,40.66999816894531,41.40999984741211,40.470001220703125,40.68000030517578,21.04671859741211,1315200,
2009-11-30,40.83000183105469,42.36000061035156,40.5,42.20000076293945,21.833131790161133,2306800,
2009-12-01,42.630001068115234,43.040000915527344,42.18000030517578,42.81999969482422,22.15389633178711,2229800,
2009-12-02,42.65999984741211,43.7400016784668,42.65999984741211,43.52000045776367,22.51605796813965,2292500,
2009-12-03,43.75,44.290000915527344,42.88999938964844,43.029998779296875,22.262548446655273,3429700,
2009-12-04,44.130001068115234,44.619998931884766,43.470001220703125,44.29999923706055,22.919607162475586,3493900,
2009-12-07,44.189998626708984,44.29999923706055,43.060001373291016,43.369998931884766,22.43844985961914,2004000,
2009-12-08,43.0099983215332,43.84000015258789,42.939998626708984,43.119998931884766,22.30912208557129,2069600,
2009-12-09,43.2599983215332,43.4900016784668,42.970001220703125,43.029998779296875,22.262548446655273,1942500,
2009-12-10,43.27000045776367,43.40999984741211,42.630001068115234,42.86000061035156,22.17459487915039,1546900,
2009-12-11,43.04999923706055,43.59000015258789,42.90999984741211,43.54999923706055,22.531578063964844,1555300,
2009-12-14,43.72999954223633,44.43000030517578,43.2400016784668,44.34000015258789,22.940303802490234,3169900,
2009-12-15,44.060001373291016,44.2400016784668,43.790000915527344,43.900001525878906,22.712661743164062,2450600,
2009-12-16,44.15999984741211,44.439998626708984,44.0,44.220001220703125,22.878219604492188,2626100,
2009-12-17,43.88999938964844,44.220001220703125,43.599998474121094,43.95000076293945,22.738534927368164,2526300,
2009-12-18,44.06999969482422,44.29999923706055,43.52000045776367,44.2400016784668,22.888574600219727,2061600,
2009-12-21,44.400001525878906,44.900001525878906,44.36000061035156,44.84000015258789,23.19899559020996,2957000,
2009-12-22,44.849998474121094,45.349998474121094,44.849998474121094,45.310001373291016,23.442167282104492,1703500,
2009-12-23,45.29999923706055,46.349998474121094,45.29999923706055,45.849998474121094,23.721532821655273,1531400,
2009-12-24,45.52000045776367,45.939998626708984,45.470001220703125,45.91999816894531,24.064266204833984,560300,"{""dividend_amount"": 0.584}"
2009-12-28,46.099998474121094,46.63999938964844,45.95000076293945,46.13999938964844,24.179561614990234,2909600,
2009-12-29,46.310001373291016,46.439998626708984,45.439998626708984,45.45000076293945,23.817964553833008,1939400,
2009-12-30,45.29999923706055,45.56999969482422,45.040000915527344,45.52000045776367,23.854639053344727,1424300,
2009-12-31,45.7400016784668,45.97999954223633,44.689998626708984,44.7400016784668,23.445886611938477,1259000,
2010-01-04,45.220001220703125,45.41999816894531,44.20000076293945,44.54999923706055,23.34632110595703,2408400,
2010-01-05,44.5,44.58000183105469,43.93000030517578,44.5,23.320114135742188,2054200,
2010-01-06,44.52000045776367,44.84000015258789,44.29999923706055,44.41999816894531,23.278202056884766,2471200,
2010-01-07,44.459999084472656,45.099998474121094,43.95000076293945,44.900001525878906,23.529733657836914,2091700,
2010-01-08,44.810001373291016,44.849998474121094,44.18000030517578,44.56999969482422,23.35680389404297,2682000,
2010-01-11,44.869998931884766,45.060001373291016,44.58000183105469,44.83000183105469,23.493053436279297,1924800,
2010-01-12,44.43000030517578,44.77000045776367,43.86000061035156,44.08000183105469,23.100019454956055,3124500,
2010-01-13,44.18000030517578,45.08000183105469,44.130001068115234,44.970001220703125,23.56641960144043,2133000,
2010-01-14,44.90999984741211,45.060001373291016,44.59000015258789,44.93000030517578,23.54546356201172,1594700,
2010-01-15,44.75,44.849998474121094,44.400001525878906,44.59000015258789,23.36728286743164,5577000,
2010-01-19,44.540000915527344,45.630001068115234,44.459999084472656,45.5,23.844175338745117,2454200,
2010-01-20,45.15999984741211,45.15999984741211,44.54999923706055,44.9900016784668,23.576902389526367,3339900,
2010-01-21,44.97999954223633,45.27000045776367,43.619998931884766,43.70000076293945,22.900880813598633,4233400,
2010-01-22,43.54999923706055,44.0099983215332,42.470001220703125,42.599998474121094,22.32442283630371,5039500,
2010-01-25,43.13999938964844,43.13999938964844,42.099998474121094,42.900001525878906,22.481651306152344,3749000,
2010-01-26,42.470001220703125,43.18000030517578,42.41999816894531,42.5,22.272031784057617,3352900,
2010-01-27,42.630001068115234,42.939998626708984,41.86000061035156,42.880001068115234,22.471158981323242,3714400,
2010-01-28,43.209999084472656,43.22999954223633,42.099998474121094,42.5099983215332,22.277265548706055,3750000,
2010-01-29,42.81999969482422,43.18000030517578,41.97999954223633,42.27000045776367,22.151493072509766,4096200,
2010-02-01,42.59000015258789,43.099998474121094,42.4900016784668,43.040000915527344,22.555004119873047,2839200,
2010-02-02,43.16999816894531,43.84000015258789,42.68000030517578,43.630001068115234,22.864192962646484,3270000,
2010-02-03,43.47999954223633,43.4900016784668,42.66999816894531,42.91999816894531,22.492124557495117,3079200,
2010-02-04,42.560001373291016,42.61000061035156,41.33000183105469,41.33000183105469,21.65888214111328,3942800,
2010-02-05,41.4900016784668,42.279998779296875,40.86000061035156,42.09000015258789,22.057170867919922,5100500,
2010-02-08,42.2599983215332,42.38999938964844,41.06999969482422,41.16999816894531,21.57504653930664,2969600,
2010-02-09,41.68000030517578,41.810001373291016,40.720001220703125,41.040000915527344,21.506908416748047,4785200,
2010-02-10,41.119998931884766,41.630001068115234,40.33000183105469,41.119998931884766,21.54883575439453,2893900,
2010-02-11,41.099998474121094,41.529998779296875,40.599998474121094,41.5099983215332,21.75321388244629,2706400,
2010-02-12,40.9900016784668,42.0,40.869998931884766,42.0,22.01000213623047,3385000,
2010-02-16,42.439998626708984,43.22999954223633,42.36000061035156,43.189998626708984,22.63361930847168,2730300,
2010-02-17,43.310001373291016,43.75,43.2400016784668,43.58000183105469,22.837993621826172,3139000,
2010-02-18,43.40999984741211,44.349998474121094,43.27000045776367,44.22999954223633,23.17862892150879,2737200,
2010-02-19,44.029998779296875,44.5,43.86000061035156,44.2599983215332,23.19434356689453,3250100,
2010-02-22,44.400001525878906,44.66999816894531,44.150001525878906,44.369998931884766,23.251996994018555,1757800,
2010-02-23,44.209999084472656,44.5099983215332,43.93000030517578,44.029998779296875,23.073810577392578,2715900,
2010-02-24,44.11000061035156,44.4900016784668,44.040000915527344,44.47999954223633,23.309640884399414,2965400,
2010-02-25,44.0,44.7400016784668,43.720001220703125,44.650001525878906,23.398727416992188,2067000,
2010-02-26,44.7599983215332,45.119998931884766,44.43000030517578,44.630001068115234,23.388248443603516,1784300,
2010-03-01,44.900001525878906,45.18000030517578,44.72999954223633,45.0099983215332,23.587383270263672,1849600,
2010-03-02,45.189998626708984,45.27000045776367,44.91999816894531,45.029998779296875,23.597871780395508,1575400,
2010-03-03,45.13999938964844,45.220001220703125,44.84000015258789,44.90999984741211,23.53497886657715,1884000,
2010-03-04,44.91999816894531,45.2400016784668,44.880001068115234,45.189998626708984,23.68171501159668,1557300,
2010-03-05,45.349998474121094,46.5099983215332,45.25,46.41999816894531,24.326290130615234,2161800,
2010-03-08,46.45000076293945,47.060001373291016,46.36000061035156,46.88999938964844,24.572582244873047,1729200,
2010-03-09,46.810001373291016,47.720001220703125,46.61000061035156,47.0,24.63024139404297,2126000,
2010-03-10,47.22999954223633,47.63999938964844,46.959999084472656,47.41999816894531,24.850337982177734,2311500,
2010-03-11,47.20000076293945,47.75,47.029998779296875,47.70000076293945,24.9970760345459,1766200,
2010-03-12,48.09000015258789,48.36000061035156,47.689998626708984,48.08000183105469,25.196218490600586,2344400,
2010-03-15,47.959999084472656,48.31999969482422,47.47999954223633,47.970001220703125,25.138566970825195,2164400,
2010-03-16,48.16999816894531,49.279998779296875,48.029998779296875,49.130001068115234,25.74646759033203,3905000,
2010-03-17,49.349998474121094,49.959999084472656,49.150001525878906,49.86000061035156,26.12902069091797,3467900,
2010-03-18,49.70000076293945,50.060001373291016,49.5099983215332,49.59000015258789,25.987525939941406,2448700,
2010-03-19,49.04999923706055,49.810001373291016,49.0,49.04999923706055,25.704530715942383,2703900,
2010-03-22,48.70000076293945,49.810001373291016,48.619998931884766,49.66999816894531,26.029449462890625,2922600,
2010-03-23,49.65999984741211,49.7400016784668,49.06999969482422,49.529998779296875,25.956083297729492,3974700,
2010-03-24,49.369998931884766,50.150001525878906,49.310001373291016,49.79999923706055,26.097572326660156,3241200,
2010-03-25,49.79999923706055,50.5,49.54999923706055,49.54999923706055,26.16145133972168,4033400,"{""dividend_amount"": 0.371}"
2010-03-26,49.779998779296875,50.040000915527344,49.16999816894531,49.290000915527344,26.02418327331543,4339000,
2010-03-29,49.630001068115234,49.65999984741211,49.099998474121094,49.439998626708984,26.103382110595703,1914200,
2010-03-30,49.529998779296875,49.630001068115234,49.16999816894531,49.369998931884766,26.066436767578125,1968300,
2010-03-31,49.189998626708984,49.41999816894531,48.790000915527344,48.810001373291016,25.770751953125,2365900,
2010-04-01,49.16999816894531,49.310001373291016,48.61000061035156,49.060001373291016,25.90275764465332,2198300,
2010-04-05,49.27000045776367,50.220001220703125,49.130001068115234,50.13999938964844,26.47296714782715,1961200,
2010-04-06,50.04999923706055,51.400001525878906,49.869998931884766,51.290000915527344,27.08014678955078,3307100,
2010-04-07,51.189998626708984,51.31999969482422,49.939998626708984,50.15999984741211,26.4835262298584,3521700,
2010-04-08,49.939998626708984,50.29999923706055,49.849998474121094,50.220001220703125,26.515207290649414,2047800,
2010-04-09,50.41999816894531,51.04999923706055,50.130001068115234,50.93000030517578,26.89006996154785,1710500,
2010-04-12,51.119998931884766,51.150001525878906,50.560001373291016,50.61000061035156,26.721115112304688,1872300,
2010-04-13,50.650001525878906,52.029998779296875,50.58000183105469,51.849998474121094,27.375816345214844,1712600,
2010-04-14,52.25,52.29999923706055,51.630001068115234,51.93000030517578,27.418045043945312,2026800,
2010-04-15,51.68000030517578,51.779998779296875,50.459999084472656,50.5099983215332,26.668323516845703,2594700,
2010-04-16,50.38999938964844,50.81999969482422,49.2400016784668,49.349998474121094,26.055862426757812,4450000,
2010-04-19,49.0099983215332,49.959999084472656,48.84000015258789,49.56999969482422,26.172016143798828,2825700,
2010-04-20,49.849998474121094,50.40999984741211,49.31999969482422,50.40999984741211,26.615524291992188,2193300,
2010-04-21,50.31999969482422,51.59000015258789,50.279998779296875,51.290000915527344,27.08014678955078,2980100,
2010-04-22,50.900001525878906,52.279998779296875,50.619998931884766,52.08000183105469,27.497255325317383,1552700,
2010-04-23,52.22999954223633,52.83000183105469,51.720001220703125,52.77000045776367,27.86155891418457,3302900,
2010-04-26,52.93000030517578,53.599998474121094,52.720001220703125,53.189998626708984,28.08330726623535,2486700,
2010-04-27,52.88999938964844,53.25,51.4900016784668,51.4900016784668,27.185749053955078,4589700,
2010-04-28,52.119998931884766,52.20000076293945,51.439998626708984,51.650001525878906,27.270225524902344,3500600,
2010-04-29,52.310001373291016,54.060001373291016,52.27000045776367,53.97999954223633,28.500417709350586,3268600,
2010-04-30,53.869998931884766,54.36000061035156,52.18000030517578,52.29999923706055,27.6134090423584,4056200,
2010-05-03,52.7599983215332,54.349998474121094,52.75,54.040000915527344,28.5321044921875,4016000,
2010-05-04,53.22999954223633,53.540000915527344,52.34000015258789,52.810001373291016,27.88266944885254,3672500,
2010-05-05,51.970001220703125,53.04999923706055,51.31999969482422,52.099998474121094,27.507802963256836,3597300,
2010-05-06,51.72999954223633,52.09000015258789,45.0,49.959999084472656,26.3779296875,6191800,
2010-05-07,50.43000030517578,51.130001068115234,48.31999969482422,49.119998931884766,25.934425354003906,5896600,
2010-05-10,51.7599983215332,52.5099983215332,51.33000183105469,52.36000061035156,27.645084381103516,4817300,
2010-05-11,51.650001525878906,53.18000030517578,51.52000045776367,52.66999816894531,27.808759689331055,3229100,
2010-05-12,52.90999984741211,53.709999084472656,52.54999923706055,53.52000045776367,28.257543563842773,2577400,
2010-05-13,53.63999938964844,53.7599983215332,52.560001373291016,52.650001525878906,27.798200607299805,2522000,
2010-05-14,52.209999084472656,52.2599983215332,50.439998626708984,50.97999954223633,26.91646385192871,4558000,
2010-05-17,51.2400016784668,52.0099983215332,49.52000045776367,51.04999923706055,26.953428268432617,2913300,
2010-05-18,51.849998474121094,51.900001525878906,49.470001220703125,49.7599983215332,26.272336959838867,3725300,
2010-05-19,49.29999923706055,50.400001525878906,47.97999954223633,49.29999923706055,26.02946662902832,5955800,
2010-05-20,47.97999954223633,48.459999084472656,46.66999816894531,46.77000045776367,24.693666458129883,5847200,
2010-05-21,46.0,48.400001525878906,45.72999954223633,48.34000015258789,25.52260398864746,5652000,
2010-05-24,48.380001068115234,48.63999938964844,47.18000030517578,47.2599983215332,24.95237159729004,3826100,
2010-05-25,45.91999816894531,47.7400016784668,45.36000061035156,47.63999938964844,25.153013229370117,4736400,
2010-05-26,48.439998626708984,49.040000915527344,47.22999954223633,47.540000915527344,25.10021209716797,4937300,
2010-05-27,48.77000045776367,50.20000076293945,48.189998626708984,50.150001525878906,26.47824478149414,2876100,
2010-05-28,50.06999969482422,50.470001220703125,49.189998626708984,49.5099983215332,26.140335083007812,2769200,
2010-06-01,48.84000015258789,49.70000076293945,48.400001525878906,48.47999954223633,25.59652328491211,2715000,
2010-06-02,48.81999969482422,49.529998779296875,47.970001220703125,49.43000030517578,26.098098754882812,2015700,
2010-06-03,49.70000076293945,49.75,48.849998474121094,49.290000915527344,26.02418327331543,2171700,
2010-06-04,48.31999969482422,48.709999084472656,46.25,46.5,24.551118850708008,9751200,
2010-06-07,46.7599983215332,47.529998779296875,46.16999816894531,46.25,24.419116973876953,3646600,
2010-06-08,46.41999816894531,47.16999816894531,45.22999954223633,47.08000183105469,24.857341766357422,4966300,
2010-06-09,47.529998779296875,48.720001220703125,47.119998931884766,47.36000061035156,25.00518035888672,4130400,
2010-06-10,48.380001068115234,49.599998474121094,47.959999084472656,49.40999984741211,26.08753204345703,3918800,
2010-06-11,48.880001068115234,50.119998931884766,48.790000915527344,50.0,26.3990535736084,2626800,
2010-06-14,50.65999984741211,51.150001525878906,50.11000061035156,50.619998931884766,26.72640037536621,2967100,
2010-06-15,50.93000030517578,51.86000061035156,50.59000015258789,51.75,27.323009490966797,2692500,
2010-06-16,51.369998931884766,51.709999084472656,51.02000045776367,51.279998779296875,27.07485580444336,2496600,
2010-06-17,51.4900016784668,51.630001068115234,50.83000183105469,51.38999938964844,27.132949829101562,3137100,
2010-06-18,51.58000183105469,51.58000183105469,50.970001220703125,51.22999954223633,27.048480987548828,1981200,
2010-06-21,51.939998626708984,52.150001525878906,50.68000030517578,50.83000183105469,26.837276458740234,2910100,
2010-06-22,50.970001220703125,51.18000030517578,49.189998626708984,49.31999969482422,26.040016174316406,4468100,
2010-06-23,49.2599983215332,50.029998779296875,48.52000045776367,49.45000076293945,26.108665466308594,2987900,
2010-06-24,48.66999816894531,48.849998474121094,47.790000915527344,47.95000076293945,25.555965423583984,3163500,"{""dividend_amount"": 0.463}"
2010-06-25,48.150001525878906,49.380001068115234,47.84000015258789,49.15999984741211,26.200862884521484,4883700,
2010-06-28,49.34000015258789,49.38999938964844,48.38999938964844,48.58000183105469,25.891735076904297,2439400,
2010-06-29,47.849998474121094,47.869998931884766,46.599998474121094,46.9900016784668,25.044315338134766,4804700,
2010-06-30,47.060001373291016,47.709999084472656,46.34000015258789,46.4900016784668,24.777833938598633,3616100,
2010-07-01,46.52000045776367,46.7400016784668,45.18000030517578,46.33000183105469,24.692550659179688,7804700,
2010-07-02,46.52000045776367,46.709999084472656,45.20000076293945,45.439998626708984,24.21821403503418,2682600,
2010-07-06,46.33000183105469,46.54999923706055,43.959999084472656,44.43000030517578,23.679906845092773,4989800,
2010-07-07,44.5,46.650001525878906,44.45000076293945,46.59000015258789,24.831130981445312,3702500,
2010-07-08,47.25,47.59000015258789,46.33000183105469,47.16999816894531,25.140241622924805,2288500,
2010-07-09,47.09000015258789,47.86000061035156,46.95000076293945,47.77000045776367,25.460039138793945,1597100,
2010-07-12,47.689998626708984,48.06999969482422,47.16999816894531,47.91999816894531,25.539981842041016,2419900,
2010-07-13,48.63999938964844,49.279998779296875,48.38999938964844,49.099998474121094,26.168880462646484,2622800,
2010-07-14,48.869998931884766,49.27000045776367,48.16999816894531,48.810001373291016,26.014320373535156,2297300,
2010-07-15,48.880001068115234,48.900001525878906,47.68000030517578,48.650001525878906,25.929048538208008,2560700,
2010-07-16,48.33000183105469,48.400001525878906,46.70000076293945,47.06999969482422,25.08695411682129,2758100,
2010-07-19,47.150001525878906,47.900001525878906,46.369998931884766,47.650001525878906,25.39608383178711,2740600,
2010-07-20,46.880001068115234,48.709999084472656,46.720001220703125,48.540000915527344,25.870420455932617,3494800,
2010-07-21,48.7599983215332,48.91999816894531,47.279998779296875,47.529998779296875,25.33211898803711,3526700,
2010-07-22,48.13999938964844,49.709999084472656,48.09000015258789,49.310001373291016,26.28081512451172,3295200,
2010-07-23,49.2400016784668,49.97999954223633,48.439998626708984,49.939998626708984,26.61658477783203,2956400,
2010-07-26,50.04999923706055,51.310001373291016,49.63999938964844,51.189998626708984,27.28279685974121,3857800,
2010-07-27,51.68000030517578,51.81999969482422,50.59000015258789,51.18000030517578,27.277462005615234,3483300,
2010-07-28,51.029998779296875,51.70000076293945,50.779998779296875,51.08000183105469,27.224163055419922,2919200,
2010-07-29,51.5099983215332,51.63999938964844,50.13999938964844,50.650001525878906,26.994997024536133,2276900,
2010-07-30,50.08000183105469,51.209999084472656,49.95000076293945,50.95000076293945,27.154884338378906,2746300,
2010-08-02,51.779998779296875,52.810001373291016,51.619998931884766,52.65999984741211,28.066259384155273,3018300,
2010-08-03,52.529998779296875,52.56999969482422,51.779998779296875,52.150001525878906,27.79444122314453,1955500,
2010-08-04,52.38999938964844,52.540000915527344,51.900001525878906,52.52000045776367,27.99164390563965,2041300,
2010-08-05,52.2400016784668,52.5,51.75,51.86000061035156,27.639881134033203,1847300,
2010-08-06,51.310001373291016,51.779998779296875,50.7599983215332,51.619998931884766,27.511974334716797,1836100,
2010-08-09,51.880001068115234,52.380001068115234,51.560001373291016,52.209999084472656,27.826427459716797,2914500,
2010-08-10,51.779998779296875,52.22999954223633,51.15999984741211,51.70000076293945,27.554611206054688,2180200,
2010-08-11,50.84000015258789,51.09000015258789,49.9900016784668,50.40999984741211,26.86707878112793,2688600,
2010-08-12,49.75,50.290000915527344,49.5,49.779998779296875,26.531301498413086,2632600,
2010-08-13,49.75,50.150001525878906,49.619998931884766,49.779998779296875,26.531301498413086,2208700,
2010-08-16,49.529998779296875,50.189998626708984,49.25,49.7400016784668,26.509984970092773,1827400,
2010-08-17,50.22999954223633,51.2400016784668,49.93000030517578,50.880001068115234,27.117572784423828,2290800,
2010-08-18,51.029998779296875,51.27000045776367,50.5099983215332,50.93000030517578,27.144222259521484,1651800,
2010-08-19,50.779998779296875,50.779998779296875,49.349998474121094,49.630001068115234,26.451370239257812,2883700,
2010-08-20,49.349998474121094,49.540000915527344,48.959999084472656,49.470001220703125,26.366085052490234,1585400,
2010-08-23,49.66999816894531,49.84000015258789,49.189998626708984,49.209999084472656,26.22751235961914,1535700,
2010-08-24,48.5,49.34000015258789,48.11000061035156,49.0099983215332,26.12092399597168,2611500,
2010-08-25,48.599998474121094,50.040000915527344,48.529998779296875,49.790000915527344,26.536645889282227,1817700,
2010-08-26,50.150001525878906,50.439998626708984,49.41999816894531,49.4900016784668,26.376739501953125,2792800,
2010-08-27,49.79999923706055,50.400001525878906,48.75,50.310001373291016,26.813785552978516,2298700,
2010-08-30,50.2400016784668,50.68000030517578,49.869998931884766,49.91999816894531,26.605928421020508,1641900,
2010-08-31,49.7599983215332,50.459999084472656,49.4900016784668,50.29999923706055,26.80845832824707,2804700,
2010-09-01,50.88999938964844,52.06999969482422,50.880001068115234,51.939998626708984,27.682527542114258,2037800,
2010-09-02,51.9900016784668,52.66999816894531,51.86000061035156,52.599998474121094,28.034284591674805,1990000,
2010-09-03,53.33000183105469,53.400001525878906,52.81999969482422,53.369998931884766,28.444669723510742,2093000,
2010-09-07,52.91999816894531,53.11000061035156,52.4900016784668,52.54999923706055,28.007638931274414,1728300,
2010-09-08,52.61000061035156,52.9900016784668,52.43000030517578,52.65999984741211,28.066259384155273,2043200,
2010-09-09,53.209999084472656,53.279998779296875,51.88999938964844,52.04999923706055,27.741146087646484,1428600,
2010-09-10,52.209999084472656,52.56999969482422,51.91999816894531,52.33000183105469,27.89038848876953,1024300,
2010-09-13,52.83000183105469,53.22999954223633,52.65999984741211,53.189998626708984,28.34873390197754,1611000,
2010-09-14,53.04999923706055,53.380001068115234,52.70000076293945,52.9900016784668,28.24213409423828,1842800,
2010-09-15,52.72999954223633,53.650001525878906,52.66999816894531,53.45000076293945,28.487319946289062,3981000,
2010-09-16,53.349998474121094,53.540000915527344,52.959999084472656,53.16999816894531,28.338075637817383,1490300,
2010-09-17,53.400001525878906,53.560001373291016,52.849998474121094,53.33000183105469,28.423351287841797,1287600,
2010-09-20,53.52000045776367,54.849998474121094,53.40999984741211,54.630001068115234,29.1162166595459,1801800,
2010-09-21,54.77000045776367,54.77000045776367,53.709999084472656,53.83000183105469,28.689836502075195,3266300,
2010-09-22,53.540000915527344,53.91999816894531,53.0,53.099998474121094,28.300762176513672,2927100,
2010-09-23,52.68000030517578,52.790000915527344,51.59000015258789,51.790000915527344,27.602577209472656,2352800,
2010-09-24,52.029998779296875,52.79999923706055,51.91999816894531,52.779998779296875,28.383424758911133,3617600,"{""dividend_amount"": 0.462}"
2010-09-27,52.97999954223633,52.97999954223633,51.880001068115234,52.130001068115234,28.03386116027832,1765200,
2010-09-28,52.29999923706055,52.470001220703125,51.36000061035156,52.34000015258789,28.14680290222168,1755000,
2010-09-29,52.27000045776367,52.279998779296875,51.7400016784668,51.93000030517578,27.926321029663086,2032200,
2010-09-30,52.349998474121094,52.81999969482422,51.68000030517578,52.08000183105469,28.00698471069336,2745600,
2010-10-01,52.38999938964844,52.599998474121094,51.689998626708984,52.34000015258789,28.14680290222168,6097900,
2010-10-04,52.25,52.81999969482422,52.150001525878906,52.81999969482422,28.404926300048828,5232900,
2010-10-05,53.11000061035156,53.84000015258789,52.81999969482422,53.65999984741211,28.85666275024414,2061300,
2010-10-06,53.459999084472656,53.599998474121094,53.09000015258789,53.369998931884766,28.700698852539062,2100000,
2010-10-07,53.599998474121094,53.88999938964844,53.2599983215332,53.52000045776367,28.781370162963867,1283000,
2010-10-08,53.54999923706055,53.79999923706055,53.2400016784668,53.66999816894531,28.862022399902344,1118100,
2010-10-11,53.7400016784668,53.84000015258789,53.52000045776367,53.65999984741211,28.85666275024414,954600,
2010-10-12,53.5099983215332,54.18000030517578,53.279998779296875,54.040000915527344,29.06100845336914,1686500,
2010-10-13,54.20000076293945,55.09000015258789,54.11000061035156,54.599998474121094,29.362150192260742,1634600,
2010-10-14,54.5,54.810001373291016,54.119998931884766,54.459999084472656,29.286867141723633,1587600,
2010-10-15,54.75,54.91999816894531,54.27000045776367,54.38999938964844,29.249221801757812,1794000,
2010-10-18,54.369998931884766,55.150001525878906,54.310001373291016,55.09000015258789,29.625659942626953,1638000,
2010-10-19,54.45000076293945,55.2400016784668,54.22999954223633,54.40999984741211,29.259981155395508,1987000,
2010-10-20,54.52000045776367,56.08000183105469,54.52000045776367,55.599998474121094,29.89992332458496,1958700,
2010-10-21,55.93000030517578,56.18000030517578,55.18000030517578,55.540000915527344,29.867660522460938,1848300,
2010-10-22,55.70000076293945,55.90999984741211,55.16999816894531,55.56999969482422,29.883792877197266,1147900,
2010-10-25,56.0,56.0,55.56999969482422,55.66999816894531,29.93756866455078,1663900,
2010-10-26,55.25,55.43000030517578,54.970001220703125,55.27000045776367,29.72245216369629,1669500,
2010-10-27,55.029998779296875,55.2599983215332,54.5,54.880001068115234,29.512737274169922,2485700,
2010-10-28,55.13999938964844,55.380001068115234,54.0099983215332,54.540000915527344,29.32990074157715,1185400,
2010-10-29,54.43000030517578,54.77000045776367,54.31999969482422,54.54999923706055,29.335254669189453,1017800,
2010-11-01,54.810001373291016,55.540000915527344,54.66999816894531,55.02000045776367,29.588024139404297,1263100,
2010-11-02,55.439998626708984,55.56999969482422,55.08000183105469,55.400001525878906,29.79237174987793,1166400,
2010-11-03,55.61000061035156,55.61000061035156,54.91999816894531,55.400001525878906,29.79237174987793,1589400,
2010-11-04,55.90999984741211,56.779998779296875,55.77000045776367,56.68000030517578,30.4807071685791,1186500,
2010-11-05,56.880001068115234,57.650001525878906,56.459999084472656,57.290000915527344,30.808748245239258,1534200,
2010-11-08,57.130001068115234,57.29999923706055,56.5,56.97999954223633,30.642053604125977,1784400,
2010-11-09,57.119998931884766,57.209999084472656,54.290000915527344,54.66999816894531,29.399805068969727,3078600,
2010-11-10,54.90999984741211,55.380001068115234,54.70000076293945,55.349998474121094,29.76548194885254,1480000,
2010-11-11,55.0,55.43000030517578,54.75,54.90999984741211,29.52886390686035,1305100,
2010-11-12,54.599998474121094,55.060001373291016,54.130001068115234,54.400001525878906,29.254602432250977,1683700,
2010-11-15,54.52000045776367,54.81999969482422,53.790000915527344,53.880001068115234,28.97496223449707,2017000,
2010-11-16,53.5099983215332,53.540000915527344,51.619998931884766,52.029998779296875,27.980079650878906,3883400,
2010-11-17,52.15999984741211,52.7400016784668,51.959999084472656,52.43000030517578,28.19521141052246,1503300,
2010-11-18,53.310001373291016,53.400001525878906,52.790000915527344,52.900001525878906,28.44794464111328,2498900,
2010-11-19,52.75,53.310001373291016,52.33000183105469,53.18000030517578,28.598533630371094,2001900,
2010-11-22,53.040000915527344,53.5,53.0099983215332,53.31999969482422,28.673824310302734,1443200,
2010-11-23,52.720001220703125,53.0,52.58000183105469,52.900001525878906,28.44794464111328,2671600,
2010-11-24,53.31999969482422,54.0,53.29999923706055,53.91999816894531,28.99646759033203,1555400,
2010-11-26,53.68000030517578,54.04999923706055,53.56999969482422,53.810001373291016,28.93730926513672,661100,
2010-11-29,53.529998779296875,53.939998626708984,53.040000915527344,53.779998779296875,28.921186447143555,1620500,
2010-11-30,53.29999923706055,53.869998931884766,53.209999084472656,53.540000915527344,28.7921199798584,1652000,
2010-12-01,54.20000076293945,54.20000076293945,53.40999984741211,53.849998474121094,28.958829879760742,2195300,
2010-12-02,54.02000045776367,54.720001220703125,53.88999938964844,54.68000030517578,29.405174255371094,1353800,
2010-12-03,54.29999923706055,54.810001373291016,54.16999816894531,54.66999816894531,29.399805068969727,1589000,
2010-12-06,54.63999938964844,54.90999984741211,54.08000183105469,54.779998779296875,29.458959579467773,1602500,
2010-12-07,55.310001373291016,55.41999816894531,54.88999938964844,54.900001525878906,29.523502349853516,1773500,
2010-12-08,55.040000915527344,55.11000061035156,53.77000045776367,54.09000015258789,29.08789825439453,2263600,
2010-12-09,54.29999923706055,54.47999954223633,53.4900016784668,53.61000061035156,28.829784393310547,1487900,
2010-12-10,53.709999084472656,54.29999923706055,53.619998931884766,53.959999084472656,29.017980575561523,2754600,
2010-12-13,54.27000045776367,54.439998626708984,53.9900016784668,54.04999923706055,29.066383361816406,1023800,
2010-12-14,54.13999938964844,54.61000061035156,53.279998779296875,53.52000045776367,28.781370162963867,1645800,
2010-12-15,53.470001220703125,53.869998931884766,52.91999816894531,53.0099983215332,28.50710105895996,1447800,
2010-12-16,53.099998474121094,53.349998474121094,52.75,53.099998474121094,28.555503845214844,1270200,
2010-12-17,53.189998626708984,53.59000015258789,53.04999923706055,53.540000915527344,28.7921199798584,2871200,
2010-12-20,53.709999084472656,54.36000061035156,53.65999984741211,54.18000030517578,29.13629913330078,2388500,
2010-12-21,54.31999969482422,54.84000015258789,54.27000045776367,54.75,29.442825317382812,2927500,
2010-12-22,54.66999816894531,55.52000045776367,54.66999816894531,55.16999816894531,29.668685913085938,1398000,
2010-12-23,55.189998626708984,55.349998474121094,54.900001525878906,54.91999816894531,29.53423500061035,1241600,
2010-12-27,54.310001373291016,55.02000045776367,54.11000061035156,55.0,29.901216506958008,1275200,"{""dividend_amount"": 0.595}"
2010-12-28,55.099998474121094,55.290000915527344,54.720001220703125,55.220001220703125,30.020797729492188,2919200,
2010-12-29,55.22999954223633,55.43000030517578,55.02000045776367,55.33000183105469,30.080631256103516,1511400,
2010-12-30,55.2400016784668,55.68000030517578,55.2400016784668,55.47999954223633,30.162160873413086,1229500,
2010-12-31,55.470001220703125,55.75,55.29999923706055,55.369998931884766,30.102371215820312,1168500,
2011-01-03,55.7599983215332,56.439998626708984,55.72999954223633,56.400001525878906,30.662336349487305,1957400,
2011-01-04,56.47999954223633,56.630001068115234,55.0,55.31999969482422,30.07517433166504,2315700,
2011-01-05,55.150001525878906,55.630001068115234,55.13999938964844,55.52000045776367,30.18391227722168,1512700,
2011-01-06,55.66999816894531,55.68000030517578,54.970001220703125,55.0,29.901216506958008,1819300,
2011-01-07,55.290000915527344,55.45000076293945,54.5,55.02000045776367,29.91208839416504,2001200,
2011-01-10,54.79999923706055,55.13999938964844,54.41999816894531,55.0099983215332,29.906644821166992,1668400,
2011-01-11,55.209999084472656,55.38999938964844,54.5099983215332,54.88999938964844,29.841407775878906,1237500,
2011-01-12,55.310001373291016,55.349998474121094,54.86000061035156,55.119998931884766,29.96644401550293,1639600,
2011-01-13,55.130001068115234,55.470001220703125,54.9900016784668,55.29999923706055,30.064308166503906,1200400,
2011-01-14,55.2599983215332,55.66999816894531,55.119998931884766,55.66999816894531,30.26546287536621,1334300,
2011-01-18,55.650001525878906,56.150001525878906,55.400001525878906,56.150001525878906,30.526416778564453,1348900,
2011-01-19,56.09000015258789,56.130001068115234,55.150001525878906,55.40999984741211,30.124122619628906,2340800,
2011-01-20,55.33000183105469,55.84000015258789,55.150001525878906,55.41999816894531,30.129552841186523,1934400,
2011-01-21,55.599998474121094,55.66999816894531,55.310001373291016,55.459999084472656,30.15130043029785,1196800,
2011-01-24,55.540000915527344,56.02000045776367,55.36000061035156,55.7400016784668,30.30352020263672,1143000,
2011-01-25,55.59000015258789,56.40999984741211,55.41999816894531,56.38999938964844,30.656892776489258,1249600,
2011-01-26,56.560001373291016,56.7599983215332,56.15999984741211,56.47999954223633,30.705821990966797,2310600,
2011-01-27,56.970001220703125,57.5,56.75,57.369998931884766,31.189678192138672,1926600,
2011-01-28,57.439998626708984,57.599998474121094,56.27000045776367,56.41999816894531,30.673202514648438,1404200,
2011-01-31,56.689998626708984,57.349998474121094,56.59000015258789,57.16999816894531,31.080949783325195,1916800,
2011-02-01,57.5099983215332,57.56999969482422,56.7599983215332,57.310001373291016,31.157060623168945,2400100,
2011-02-02,57.279998779296875,57.68000030517578,57.220001220703125,57.310001373291016,31.157060623168945,1698300,
2011-02-03,57.099998474121094,57.61000061035156,57.0,57.470001220703125,31.244041442871094,1294300,
2011-02-04,57.540000915527344,57.599998474121094,56.810001373291016,57.04999923706055,31.015716552734375,1842700,
2011-02-07,57.130001068115234,57.70000076293945,57.02000045776367,57.61000061035156,31.320152282714844,1361500,
2011-02-08,57.65999984741211,57.95000076293945,57.56999969482422,57.86000061035156,31.456066131591797,1356800,
2011-02-09,57.779998779296875,57.95000076293945,57.599998474121094,57.900001525878906,31.47782325744629,1702500,
2011-02-10,57.720001220703125,58.27000045776367,57.720001220703125,58.13999938964844,31.60829734802246,1364800,
2011-02-11,58.06999969482422,58.56999969482422,57.84000015258789,58.52000045776367,31.814889907836914,1355200,
2011-02-14,58.599998474121094,58.709999084472656,58.130001068115234,58.529998779296875,31.820329666137695,1062000,
2011-02-15,58.310001373291016,58.5099983215332,58.0,58.310001373291016,31.70071029663086,1198500,
2011-02-16,58.47999954223633,58.900001525878906,58.18000030517578,58.439998626708984,31.771390914916992,1084400,
2011-02-17,58.45000076293945,58.720001220703125,58.369998931884766,58.5,31.804018020629883,1011000,
2011-02-18,58.59000015258789,58.88999938964844,58.5,58.72999954223633,31.929048538208008,1288000,
2011-02-22,58.279998779296875,58.869998931884766,58.09000015258789,58.220001220703125,31.65179443359375,2159100,
2011-02-23,58.20000076293945,58.41999816894531,57.369998931884766,57.72999954223633,31.385400772094727,1966800,
2011-02-24,57.65999984741211,57.84000015258789,56.83000183105469,57.290000915527344,31.146181106567383,1586800,
2011-02-25,57.540000915527344,58.4900016784668,57.540000915527344,58.40999984741211,31.755090713500977,1135900,
2011-02-28,58.88999938964844,59.86000061035156,58.790000915527344,59.86000061035156,32.543373107910156,1725800,
2011-03-01,59.83000183105469,60.0,58.06999969482422,58.08000183105469,31.575681686401367,3119700,
2011-03-02,58.0,58.15999984741211,57.34000015258789,57.54999923706055,31.28754234313965,2400000,
2011-03-03,58.130001068115234,58.400001525878906,57.939998626708984,58.380001068115234,31.738794326782227,1590100,
2011-03-04,58.34000015258789,58.45000076293945,57.529998779296875,57.81999969482422,31.4343204498291,1681900,
2011-03-07,58.02000045776367,58.20000076293945,57.04999923706055,57.400001525878906,31.205995559692383,1661400,
2011-03-08,57.5,58.52000045776367,57.40999984741211,58.209999084472656,31.64635467529297,2228600,
2011-03-09,58.209999084472656,58.470001220703125,57.720001220703125,58.150001525878906,31.613739013671875,1358600,
2011-03-10,57.66999816894531,57.7400016784668,57.20000076293945,57.2599983215332,31.1298885345459,1704800,
2011-03-11,57.04999923706055,57.95000076293945,57.02000045776367,57.84000015258789,31.44520378112793,1349400,
2011-03-14,57.5,57.61000061035156,57.029998779296875,57.2599983215332,31.1298885345459,1673700,
2011-03-15,56.119998931884766,57.349998474121094,55.90999984741211,56.959999084472656,30.966777801513672,2439500,
2011-03-16,56.95000076293945,57.0099983215332,55.72999954223633,56.119998931884766,30.510103225708008,3176100,
2011-03-17,56.790000915527344,56.95000076293945,56.09000015258789,56.54999923706055,30.743885040283203,1837500,
2011-03-18,57.029998779296875,57.36000061035156,56.849998474121094,57.119998931884766,31.053770065307617,1887600,
2011-03-21,57.619998931884766,57.9900016784668,57.470001220703125,57.7400016784668,31.39082908630371,1340600,
2011-03-22,57.75,57.869998931884766,57.20000076293945,57.369998931884766,31.189678192138672,2793800,
2011-03-23,57.27000045776367,57.27000045776367,56.36000061035156,56.7400016784668,30.847177505493164,1699400,
2011-03-24,57.08000183105469,57.150001525878906,56.369998931884766,56.97999954223633,30.977663040161133,1466700,
2011-03-25,56.79999923706055,57.2599983215332,56.560001373291016,57.0099983215332,31.219711303710938,2441500,"{""dividend_amount"": 0.412}"
2011-03-28,57.06999969482422,57.279998779296875,56.790000915527344,56.939998626708984,31.181364059448242,1843000,
2011-03-29,57.0,57.290000915527344,56.380001068115234,57.16999816894531,31.307321548461914,2293200,
2011-03-30,57.4900016784668,58.06999969482422,57.2400016784668,58.0,31.761852264404297,1832700,
2011-03-31,57.959999084472656,58.560001373291016,57.900001525878906,58.470001220703125,32.01921844482422,3204000,
2011-04-01,58.779998779296875,58.95000076293945,58.25,58.560001373291016,32.06851577758789,4149100,
2011-04-04,58.7400016784668,58.77000045776367,58.400001525878906,58.52000045776367,32.046607971191406,1072600,
2011-04-05,58.459999084472656,58.81999969482422,58.38999938964844,58.58000183105469,32.079463958740234,1248100,
2011-04-06,58.84000015258789,58.84000015258789,58.439998626708984,58.61000061035156,32.09588623046875,1286500,
2011-04-07,58.66999816894531,58.689998626708984,57.689998626708984,57.959999084472656,31.739952087402344,1773000,
2011-04-08,58.119998931884766,58.349998474121094,57.369998931884766,57.540000915527344,31.509939193725586,2259700,
2011-04-11,57.650001525878906,58.029998779296875,57.38999938964844,57.58000183105469,31.53184700012207,1335300,
2011-04-12,57.38999938964844,57.75,57.33000183105469,57.47999954223633,31.477083206176758,1996500,
2011-04-13,57.7599983215332,57.77000045776367,57.290000915527344,57.38999938964844,31.427799224853516,1212600,
2011-04-14,57.220001220703125,58.34000015258789,57.099998474121094,58.220001220703125,31.88231658935547,1423500,
2011-04-15,58.380001068115234,59.0,58.25,58.970001220703125,32.29302215576172,1408600,
2011-04-18,58.529998779296875,58.529998779296875,58.060001373291016,58.439998626708984,32.00279235839844,1709900,
2011-04-19,58.560001373291016,59.0,58.5099983215332,58.900001525878906,32.25470733642578,1096500,
2011-04-20,59.40999984741211,59.68000030517578,59.0,59.59000015258789,32.63255310058594,1432600,
2011-04-21,59.75,60.02000045776367,59.33000183105469,59.9900016784668,32.85160446166992,1746900,
2011-04-25,60.119998931884766,60.61000061035156,59.810001373291016,60.38999938964844,33.070648193359375,1421400,
2011-04-26,60.61000061035156,61.13999938964844,60.27000045776367,60.91999816894531,33.36088180541992,2700000,
2011-04-27,61.040000915527344,61.43000030517578,60.83000183105469,61.369998931884766,33.60732650756836,1860300,
2011-04-28,61.45000076293945,62.380001068115234,61.38999938964844,62.189998626708984,34.056358337402344,2348200,
2011-04-29,62.290000915527344,62.349998474121094,61.09000015258789,61.83000183105469,33.85922622680664,1777800,
2011-05-02,62.130001068115234,62.36000061035156,61.400001525878906,61.91999816894531,33.90850830078125,2434500,
2011-05-03,61.7400016784668,62.189998626708984,60.689998626708984,61.38999938964844,33.61825942993164,2052900,
2011-05-04,61.290000915527344,61.4900016784668,60.75,61.040000915527344,33.426597595214844,1650200,
2011-05-05,60.709999084472656,61.45000076293945,60.52000045776367,61.0,33.40469741821289,1900000,
2011-05-06,61.43000030517578,61.54999923706055,60.290000915527344,60.459999084472656,33.108978271484375,2277700,
2011-05-09,60.4900016784668,60.93000030517578,60.220001220703125,60.77000045776367,33.278743743896484,983300,
2011-05-10,61.02000045776367,61.810001373291016,60.97999954223633,61.72999954223633,33.8044548034668,1699400,
2011-05-11,61.689998626708984,61.709999084472656,60.880001068115234,61.08000183105469,33.44851303100586,1736000,
2011-05-12,60.900001525878906,61.27000045776367,60.38999938964844,61.18000030517578,33.50326919555664,1429800,
2011-05-13,61.33000183105469,61.33000183105469,60.380001068115234,60.529998779296875,33.14731216430664,1482300,
2011-05-16,60.2599983215332,61.0099983215332,60.22999954223633,60.619998931884766,33.19660568237305,2157000,
2011-05-17,60.439998626708984,60.75,60.220001220703125,60.599998474121094,33.185646057128906,2183400,
2011-05-18,60.59000015258789,61.25,60.34000015258789,61.189998626708984,33.508750915527344,1323700,
2011-05-19,61.45000076293945,61.709999084472656,60.970001220703125,61.45000076293945,33.651123046875,1324000,
2011-05-20,61.15999984741211,61.40999984741211,60.63999938964844,60.70000076293945,33.240421295166016,1385200,
2011-05-23,60.08000183105469,60.36000061035156,59.91999816894531,60.08000183105469,32.900901794433594,1809700,
2011-05-24,60.20000076293945,60.4900016784668,60.040000915527344,60.2599983215332,32.999454498291016,1299400,
2011-05-25,60.13999938964844,60.849998474121094,59.720001220703125,60.540000915527344,33.15278625488281,1411900,
2011-05-26,60.47999954223633,61.5099983215332,60.27000045776367,61.349998474121094,33.59636688232422,1095800,
2011-05-27,61.5099983215332,61.77000045776367,61.25,61.70000076293945,33.788028717041016,970600,
2011-05-31,62.18000030517578,62.70000076293945,61.95000076293945,62.68000030517578,34.32469177246094,1691500,
2011-06-01,62.540000915527344,62.61000061035156,60.79999923706055,60.880001068115234,33.33900833129883,2859300,
2011-06-02,60.880001068115234,61.400001525878906,60.34000015258789,60.439998626708984,33.09803009033203,2122900,
2011-06-03,59.84000015258789,60.959999084472656,59.68000030517578,60.68000030517578,33.229469299316406,1897800,
2011-06-06,60.58000183105469,60.779998779296875,59.7599983215332,59.790000915527344,32.74208068847656,1172700,
2011-06-07,60.119998931884766,60.959999084472656,59.939998626708984,60.41999816894531,33.08708572387695,1252000,
2011-06-08,60.15999984741211,60.810001373291016,60.11000061035156,60.25,32.99399185180664,1509400,
2011-06-09,60.41999816894531,60.459999084472656,59.33000183105469,59.599998474121094,32.63801193237305,1381600,
2011-06-10,59.33000183105469,59.43000030517578,58.0099983215332,58.099998474121094,31.816600799560547,2011600,
2011-06-13,58.25,58.7599983215332,57.97999954223633,58.34000015258789,31.948028564453125,1780800,
2011-06-14,58.90999984741211,59.369998931884766,58.7400016784668,59.209999084472656,32.424468994140625,1163900,
2011-06-15,58.689998626708984,59.0099983215332,57.81999969482422,58.2599983215332,31.90423011779785,1761700,
2011-06-16,58.27000045776367,59.0,57.88999938964844,58.720001220703125,32.1561279296875,2077100,
2011-06-17,59.36000061035156,59.45000076293945,58.72999954223633,59.279998779296875,32.4627799987793,1912800,
2011-06-20,59.09000015258789,60.150001525878906,59.09000015258789,60.0,32.85708999633789,1968200,
2011-06-21,60.36000061035156,60.529998779296875,59.9900016784668,60.470001220703125,33.11445617675781,1375400,
2011-06-22,60.34000015258789,60.880001068115234,60.22999954223633,60.290000915527344,33.01588821411133,3467800,
2011-06-23,59.470001220703125,59.560001373291016,58.529998779296875,59.06999969482422,32.3477897644043,2618700,
2011-06-24,58.709999084472656,59.040000915527344,58.20000076293945,58.58000183105469,32.352760314941406,2083800,"{""dividend_amount"": 0.499}"
2011-06-27,58.61000061035156,59.04999923706055,58.529998779296875,58.83000183105469,32.490840911865234,2519000,
2011-06-28,59.02000045776367,59.369998931884766,58.63999938964844,59.31999969482422,32.76145935058594,1278700,
2011-06-29,59.63999938964844,60.09000015258789,59.31999969482422,59.939998626708984,33.10386657714844,2049000,
2011-06-30,60.13999938964844,60.400001525878906,59.83000183105469,60.099998474121094,33.192237854003906,1960900,
2011-07-01,60.27000045776367,61.29999923706055,60.119998931884766,61.130001068115234,33.76108932495117,1796700,
2011-07-05,61.310001373291016,61.790000915527344,60.84000015258789,61.599998474121094,34.020660400390625,1693200,
2011-07-06,61.41999816894531,62.150001525878906,61.34000015258789,62.060001373291016,34.274715423583984,1655200,
2011-07-07,62.529998779296875,62.9900016784668,62.45000076293945,62.84000015258789,34.70548629760742,1530900,
2011-07-08,62.130001068115234,62.779998779296875,61.959999084472656,62.7599983215332,34.66130065917969,1956000,
2011-07-11,61.869998931884766,62.18000030517578,61.529998779296875,61.66999816894531,34.059322357177734,1878600,
2011-07-12,61.470001220703125,62.7400016784668,61.36000061035156,61.880001068115234,34.175296783447266,2078400,
2011-07-13,62.04999923706055,62.20000076293945,61.220001220703125,61.27000045776367,33.83841323852539,1853600,
2011-07-14,61.41999816894531,61.5099983215332,60.43000030517578,60.70000076293945,33.523597717285156,1715800,
2011-07-15,60.939998626708984,61.380001068115234,60.529998779296875,61.369998931884766,33.89362716674805,1526200,
2011-07-18,61.189998626708984,61.290000915527344,60.40999984741211,60.939998626708984,33.65614318847656,1272400,
2011-07-19,61.310001373291016,61.95000076293945,61.099998474121094,61.91999816894531,34.197383880615234,1363100,
2011-07-20,62.15999984741211,62.47999954223633,61.79999923706055,62.369998931884766,34.445919036865234,1508500,
2011-07-21,62.709999084472656,63.22999954223633,62.70000076293945,62.869998931884766,34.72206115722656,1373600,
2011-07-22,62.9900016784668,63.31999969482422,62.709999084472656,63.18000030517578,34.89327621459961,1184400,
2011-07-25,62.47999954223633,62.9900016784668,62.290000915527344,62.59000015258789,34.56743240356445,2624300,
2011-07-26,62.54999923706055,62.959999084472656,62.209999084472656,62.72999954223633,34.64474105834961,1815200,
2011-07-27,62.380001068115234,62.529998779296875,60.91999816894531,60.970001220703125,33.67272186279297,1794700,
2011-07-28,60.95000076293945,61.619998931884766,60.369998931884766,61.029998779296875,33.70585250854492,2360300,
2011-07-29,60.4900016784668,61.13999938964844,59.959999084472656,61.040000915527344,33.71139144897461,1982300,
2011-08-01,61.77000045776367,62.0,59.63999938964844,60.119998931884766,33.20326614379883,2668900,
2011-08-02,59.72999954223633,60.040000915527344,58.130001068115234,58.20000076293945,32.14289474487305,3298000,
2011-08-03,58.290000915527344,58.29999923706055,56.209999084472656,57.720001220703125,31.8778076171875,4775700,
2011-08-04,57.099998474121094,57.2599983215332,54.7599983215332,54.900001525878906,30.320375442504883,4629400,
2011-08-05,55.459999084472656,55.59000015258789,52.70000076293945,53.529998779296875,29.563730239868164,7017600,
2011-08-08,51.709999084472656,52.439998626708984,48.720001220703125,48.880001068115234,26.9956111907959,9058400,
2011-08-09,49.52000045776367,53.43000030517578,48.959999084472656,53.33000183105469,29.453275680541992,8039400,
2011-08-10,52.349998474121094,54.689998626708984,51.65999984741211,52.099998474121094,28.77397918701172,7527500,
2011-08-11,52.47999954223633,55.849998474121094,52.130001068115234,54.79999923706055,30.2651309967041,4463100,
2011-08-12,55.470001220703125,56.310001373291016,54.4900016784668,54.790000915527344,30.25960922241211,4019100,
2011-08-15,55.209999084472656,56.84000015258789,55.11000061035156,56.790000915527344,31.36418914794922,2630500,
2011-08-16,56.20000076293945,56.9900016784668,55.66999816894531,56.619998931884766,31.270296096801758,2688800,
2011-08-17,56.95000076293945,57.5,56.27000045776367,56.779998779296875,31.3586483001709,2230600,
2011-08-18,54.86000061035156,55.45000076293945,53.650001525878906,54.25,29.961374282836914,3488600,
2011-08-19,53.20000076293945,54.68000030517578,53.06999969482422,53.209999084472656,29.387001037597656,3271400,
2011-08-22,54.40999984741211,54.58000183105469,52.52000045776367,53.27000045776367,29.420137405395508,2213600,
2011-08-23,53.34000015258789,54.630001068115234,53.0,54.58000183105469,30.143640518188477,2687800,
2011-08-24,54.459999084472656,55.47999954223633,53.959999084472656,55.29999923706055,30.541275024414062,3095000,
2011-08-25,55.58000183105469,56.25,53.689998626708984,54.27000045776367,29.97241973876953,2370800,
2011-08-26,53.97999954223633,55.130001068115234,52.7400016784668,54.93000030517578,30.33693504333496,2829900,
2011-08-29,55.630001068115234,56.86000061035156,55.619998931884766,56.810001373291016,31.375234603881836,1976900,
2011-08-30,56.70000076293945,57.38999938964844,55.79999923706055,56.970001220703125,31.463584899902344,2705900,
2011-08-31,57.41999816894531,57.88999938964844,56.81999969482422,57.61000061035156,31.817047119140625,3047600,
2011-09-01,57.5,57.959999084472656,56.52000045776367,56.779998779296875,31.3586483001709,4270000,
2011-09-02,55.63999938964844,56.45000076293945,55.279998779296875,55.439998626708984,30.618595123291016,3459400,
2011-09-06,53.72999954223633,55.439998626708984,53.65999984741211,55.20000076293945,30.48604965209961,3163900,
2011-09-07,55.90999984741211,57.349998474121094,55.2599983215332,57.279998779296875,31.63479995727539,1902000,
2011-09-08,56.869998931884766,57.59000015258789,56.58000183105469,56.84000015258789,31.391786575317383,2395000,
2011-09-09,56.31999969482422,56.59000015258789,54.560001373291016,55.060001373291016,30.408729553222656,2436900,
2011-09-12,54.189998626708984,55.279998779296875,54.040000915527344,55.2400016784668,30.508136749267578,4245800,
2011-09-13,55.59000015258789,55.61000061035156,54.7400016784668,55.369998931884766,30.57993507385254,2166300,
2011-09-14,55.5,56.119998931884766,54.68000030517578,55.72999954223633,30.778749465942383,2115200,
2011-09-15,56.45000076293945,56.709999084472656,55.83000183105469,56.650001525878906,31.28685760498047,2848800,
2011-09-16,56.68000030517578,57.220001220703125,55.939998626708984,57.20000076293945,31.59061622619629,2019000,
2011-09-19,56.22999954223633,56.4900016784668,55.79999923706055,55.95000076293945,30.9002628326416,1958600,
2011-09-20,55.900001525878906,56.65999984741211,55.709999084472656,55.91999816894531,30.883682250976562,1546600,
2011-09-21,55.880001068115234,55.97999954223633,52.93000030517578,52.970001220703125,29.254457473754883,2825000,
2011-09-22,51.84000015258789,52.54999923706055,50.869998931884766,51.68000030517578,28.542007446289062,4405500,
2011-09-23,51.0,51.7400016784668,50.650001525878906,51.560001373291016,28.752239227294922,2688200,"{""dividend_amount"": 0.497}"
2011-09-26,52.0099983215332,52.369998931884766,51.15999984741211,52.279998779296875,29.15374183654785,2246100,
2011-09-27,53.189998626708984,53.779998779296875,52.529998779296875,52.79999923706055,29.443727493286133,1777600,
2011-09-28,52.689998626708984,53.2599983215332,51.36000061035156,51.459999084472656,28.696474075317383,2241900,
2011-09-29,52.439998626708984,52.56999969482422,51.4900016784668,52.2599983215332,29.142581939697266,2151600,
2011-09-30,51.400001525878906,52.369998931884766,50.86000061035156,50.869998931884766,28.367467880249023,1970600,
2011-10-03,50.34000015258789,51.279998779296875,48.38999938964844,48.470001220703125,27.02911376953125,5785500,
2011-10-04,47.790000915527344,50.58000183105469,47.099998474121094,50.380001068115234,28.094219207763672,5508100,
2011-10-05,50.58000183105469,50.58000183105469,47.869998931884766,49.95000076293945,27.85442543029785,8885500,
2011-10-06,49.900001525878906,51.40999984741211,49.369998931884766,51.31999969482422,28.618417739868164,2513100,
2011-10-07,51.56999969482422,51.810001373291016,49.779998779296875,49.88999938964844,27.82097816467285,2993000,
2011-10-10,50.849998474121094,52.38999938964844,50.75,52.380001068115234,29.209508895874023,2280500,
2011-10-11,52.0,52.189998626708984,51.06999969482422,51.34000015258789,28.62955665588379,2206200,
2011-10-12,51.849998474121094,52.970001220703125,51.34000015258789,52.18000030517578,29.097986221313477,2634100,
2011-10-13,51.95000076293945,52.27000045776367,50.810001373291016,51.84000015258789,28.90839195251465,1850000,
2011-10-14,52.400001525878906,53.279998779296875,52.290000915527344,53.040000915527344,29.57754898071289,1685600,
2011-10-17,52.81999969482422,52.81999969482422,51.65999984741211,51.88999938964844,28.936267852783203,1835000,
2011-10-18,51.81999969482422,53.959999084472656,51.720001220703125,53.720001220703125,29.956756591796875,3158600,
2011-10-19,53.65999984741211,54.0099983215332,52.869998931884766,53.099998474121094,29.611011505126953,2348600,
2011-10-20,53.529998779296875,53.529998779296875,52.08000183105469,53.400001525878906,29.77830696105957,1965200,
2011-10-21,53.959999084472656,55.15999984741211,53.93000030517578,55.15999984741211,30.759765625,1636200,
2011-10-24,55.29999923706055,56.61000061035156,55.040000915527344,56.529998779296875,31.523746490478516,2858800,
2011-10-25,56.0,56.25,55.369998931884766,55.61000061035156,31.01071548461914,2190500,
2011-10-26,56.08000183105469,56.29999923706055,55.130001068115234,56.02000045776367,31.239347457885742,1919000,
2011-10-27,57.900001525878906,59.119998931884766,57.119998931884766,58.68000030517578,32.722679138183594,2167600,
2011-10-28,58.150001525878906,58.83000183105469,58.06999969482422,58.79999923706055,32.789608001708984,1971100,
2011-10-31,58.2400016784668,58.900001525878906,57.599998474121094,58.13999938964844,32.421546936035156,2033500,
2011-11-01,56.349998474121094,57.560001373291016,55.9900016784668,56.27000045776367,31.378759384155273,3614000,
2011-11-02,57.11000061035156,57.81999969482422,56.33000183105469,57.349998474121094,31.98101806640625,2302500,
2011-11-03,58.04999923706055,58.290000915527344,56.4900016784668,58.13999938964844,32.421546936035156,2155400,
2011-11-04,57.65999984741211,57.779998779296875,56.70000076293945,57.66999816894531,32.159454345703125,1500600,
2011-11-07,57.59000015258789,58.369998931884766,56.900001525878906,57.68000030517578,32.1650276184082,1661500,
2011-11-08,58.0,58.4900016784668,56.709999084472656,58.43000030517578,32.58327102661133,1250100,
2011-11-09,57.099998474121094,57.40999984741211,55.630001068115234,55.7599983215332,31.094358444213867,1950700,
2011-11-10,56.33000183105469,56.61000061035156,55.400001525878906,55.75,31.088781356811523,2765200,
2011-11-11,56.41999816894531,57.41999816894531,56.11000061035156,57.25,31.925254821777344,1796700,
2011-11-14,56.97999954223633,57.060001373291016,55.810001373291016,56.189998626708984,31.334148406982422,2019900,
2011-11-15,55.900001525878906,57.0099983215332,55.630001068115234,56.61000061035156,31.56837272644043,1725800,
2011-11-16,56.060001373291016,56.939998626708984,55.93000030517578,56.06999969482422,31.267223358154297,1466300,
2011-11-17,55.97999954223633,56.04999923706055,54.70000076293945,55.040000915527344,30.692855834960938,2401000,
2011-11-18,55.380001068115234,55.4900016784668,54.75,55.38999938964844,30.888023376464844,1924800,
2011-11-21,54.58000183105469,54.58000183105469,53.650001525878906,53.9900016784668,30.107324600219727,2054100,
2011-11-22,53.77000045776367,54.25,53.38999938964844,53.7400016784668,29.967905044555664,2021300,
2011-11-23,53.290000915527344,53.290000915527344,52.060001373291016,52.119998931884766,29.064523696899414,1728000,
2011-11-25,52.0,53.29999923706055,51.88999938964844,52.349998474121094,29.19277000427246,680200,
2011-11-28,53.880001068115234,54.16999816894531,53.08000183105469,53.52000045776367,29.84522819519043,1721900,
2011-11-29,53.599998474121094,53.849998474121094,53.130001068115234,53.439998626708984,29.800609588623047,1794100,
2011-11-30,54.810001373291016,56.0,54.7599983215332,55.93000030517578,31.18915367126465,2171600,
2011-12-01,55.90999984741211,55.90999984741211,54.91999816894531,55.470001220703125,30.932641983032227,2356400,
2011-12-02,55.83000183105469,56.36000061035156,55.369998931884766,55.41999816894531,30.904766082763672,1374500,
2011-12-05,56.18000030517578,56.5,55.4900016784668,55.88999938964844,31.166847229003906,1362900,
2011-12-06,55.810001373291016,56.13999938964844,55.41999816894531,55.79999923706055,31.116655349731445,2075500,
2011-12-07,55.7400016784668,56.61000061035156,55.22999954223633,56.40999984741211,31.456829071044922,1675500,
2011-12-08,56.02000045776367,56.20000076293945,55.0099983215332,55.130001068115234,30.743040084838867,1642200,
2011-12-09,55.52000045776367,56.61000061035156,55.310001373291016,56.34000015258789,31.417795181274414,1221700,
2011-12-12,55.849998474121094,55.849998474121094,54.869998931884766,55.34000015258789,30.86014747619629,1710100,
2011-12-13,55.619998931884766,56.11000061035156,54.40999984741211,54.689998626708984,30.497671127319336,1555200,
2011-12-14,54.4900016784668,55.59000015258789,54.29999923706055,55.0099983215332,30.67611312866211,2213400,
2011-12-15,55.5099983215332,56.15999984741211,55.36000061035156,55.93000030517578,31.18915367126465,1268500,
2011-12-16,56.15999984741211,57.0099983215332,56.060001373291016,56.54999923706055,31.534894943237305,1749800,
2011-12-19,56.650001525878906,56.869998931884766,55.90999984741211,56.060001373291016,31.261640548706055,1366200,
2011-12-20,56.849998474121094,57.81999969482422,56.68000030517578,57.7599983215332,32.209632873535156,1248400,
2011-12-21,57.72999954223633,57.939998626708984,57.27000045776367,57.7400016784668,32.198490142822266,2621500,
2011-12-22,57.95000076293945,58.869998931884766,57.81999969482422,58.56999969482422,32.66135025024414,1388200,
2011-12-23,58.29999923706055,58.34000015258789,57.77000045776367,58.18000030517578,32.803428649902344,2307400,"{""dividend_amount"": 0.642}"
2011-12-27,58.099998474121094,58.849998474121094,57.779998779296875,58.439998626708984,32.95001983642578,1173200,
2011-12-28,58.560001373291016,58.619998931884766,57.709999084472656,57.7400016784668,32.55534362792969,1359300,
2011-12-29,57.900001525878906,58.380001068115234,57.72999954223633,58.25,32.84288787841797,948500,
2011-12-30,58.369998931884766,58.709999084472656,57.97999954223633,58.0,32.70195007324219,1969300,
2012-01-03,59.04999923706055,59.650001525878906,57.9900016784668,58.4900016784668,32.978206634521484,6177500,
2012-01-04,58.099998474121094,58.25,57.31999969482422,57.4900016784668,32.41438293457031,2393900,
2012-01-05,57.47999954223633,58.150001525878906,57.029998779296875,58.029998779296875,32.718849182128906,1805000,
2012-01-06,58.18000030517578,58.34000015258789,57.56999969482422,57.84000015258789,32.61172866821289,1337800,
2012-01-09,58.0099983215332,58.119998931884766,57.4900016784668,57.63999938964844,32.49895477294922,1537200,
2012-01-10,58.310001373291016,58.650001525878906,58.189998626708984,58.279998779296875,32.859806060791016,1558300,
2012-01-11,58.189998626708984,58.79999923706055,58.02000045776367,58.689998626708984,33.09097671508789,1407000,
2012-01-12,58.63999938964844,58.779998779296875,57.90999984741211,58.2599983215332,32.84852600097656,1734500,
2012-01-13,58.0,58.400001525878906,57.66999816894531,58.38999938964844,32.92182540893555,1534700,
2012-01-17,58.970001220703125,59.290000915527344,58.63999938964844,58.869998931884766,33.192466735839844,1450300,
2012-01-18,58.959999084472656,59.47999954223633,58.81999969482422,59.279998779296875,33.42362976074219,1522000,
2012-01-19,59.5099983215332,59.72999954223633,59.209999084472656,59.5099983215332,33.55330276489258,1277300,
2012-01-20,59.56999969482422,59.939998626708984,59.15999984741211,59.880001068115234,33.761932373046875,1352900,
2012-01-23,60.06999969482422,60.400001525878906,59.77000045776367,60.16999816894531,33.925437927246094,1238800,
2012-01-24,59.97999954223633,60.630001068115234,59.779998779296875,60.630001068115234,34.18480682373047,1820800,
2012-01-25,60.59000015258789,61.459999084472656,60.349998474121094,61.40999984741211,34.62458419799805,1499400,
2012-01-26,61.720001220703125,62.119998931884766,61.54999923706055,61.84000015258789,34.86703872680664,1620800,
2012-01-27,61.65999984741211,62.04999923706055,61.349998474121094,61.86000061035156,34.878299713134766,1498300,
2012-01-30,61.58000183105469,61.58000183105469,61.099998474121094,61.400001525878906,34.61894226074219,2355500,
2012-01-31,61.72999954223633,61.84000015258789,61.29999923706055,61.70000076293945,34.7880859375,2069500,
2012-02-01,62.209999084472656,62.400001525878906,61.959999084472656,62.310001373291016,35.13201904296875,3222200,
2012-02-02,62.36000061035156,62.459999084472656,62.119998931884766,62.45000076293945,35.210968017578125,2712600,
2012-02-03,62.97999954223633,63.349998474121094,62.72999954223633,63.31999969482422,35.701499938964844,2698900,
2012-02-06,63.15999984741211,63.310001373291016,62.7599983215332,63.119998931884766,35.58873748779297,1778100,
2012-02-07,63.099998474121094,63.20000076293945,62.83000183105469,62.959999084472656,35.49851989746094,1985800,
2012-02-08,63.06999969482422,63.349998474121094,62.630001068115234,63.06999969482422,35.5605354309082,1735200,
2012-02-09,63.20000076293945,63.27000045776367,62.2400016784668,62.61000061035156,35.30117416381836,1438000,
2012-02-10,62.099998474121094,62.45000076293945,61.84000015258789,62.029998779296875,34.974159240722656,1675200,
2012-02-13,62.369998931884766,62.81999969482422,62.29999923706055,62.65999984741211,35.329368591308594,1842100,
2012-02-14,62.630001068115234,62.72999954223633,61.63999938964844,62.02000045776367,34.96851348876953,1866500,
2012-02-15,62.220001220703125,62.220001220703125,61.439998626708984,61.650001525878906,34.7598991394043,1969800,
2012-02-16,61.88999938964844,62.41999816894531,61.52000045776367,62.29999923706055,35.126399993896484,2318000,
2012-02-17,62.5,62.5,61.91999816894531,62.349998474121094,35.15457534790039,1695100,
2012-02-21,62.47999954223633,62.54999923706055,61.13999938964844,61.380001068115234,34.607669830322266,2815800,
2012-02-22,61.34000015258789,61.59000015258789,60.779998779296875,60.86000061035156,34.314483642578125,2261300,
2012-02-23,60.790000915527344,61.650001525878906,60.779998779296875,61.619998931884766,34.742984771728516,2453200,
2012-02-24,61.790000915527344,61.91999816894531,61.310001373291016,61.70000076293945,34.7880859375,1810800,
2012-02-27,61.36000061035156,61.810001373291016,60.84000015258789,61.599998474121094,34.73172378540039,2002800,
2012-02-28,61.779998779296875,61.86000061035156,61.04999923706055,61.2400016784668,34.52873229980469,2381700,
2012-02-29,61.400001525878906,61.689998626708984,60.88999938964844,60.9900016784668,34.387786865234375,3013500,
2012-03-01,61.04999923706055,61.52000045776367,61.0,61.36000061035156,34.596397399902344,3386900,
2012-03-02,61.220001220703125,61.61000061035156,61.060001373291016,61.27000045776367,34.545650482177734,1860100,
2012-03-05,61.25,61.88999938964844,60.97999954223633,61.88999938964844,34.89521408081055,1830300,
2012-03-06,61.15999984741211,61.689998626708984,60.95000076293945,61.06999969482422,34.432899475097656,2236400,
2012-03-07,61.349998474121094,61.41999816894531,60.650001525878906,61.400001525878906,34.61894226074219,1367200,
2012-03-08,61.54999923706055,61.599998474121094,60.90999984741211,61.08000183105469,34.43852233886719,1454200,
2012-03-09,61.2599983215332,61.599998474121094,61.0,61.380001068115234,34.607669830322266,1621800,
2012-03-12,61.349998474121094,62.0099983215332,61.349998474121094,61.83000183105469,34.86140823364258,2644800,
2012-03-13,62.150001525878906,63.18000030517578,62.06999969482422,63.08000183105469,35.56617736816406,2407300,
2012-03-14,63.15999984741211,63.33000183105469,62.52000045776367,62.90999984741211,35.4703254699707,2280800,
2012-03-15,63.060001373291016,63.060001373291016,62.58000183105469,62.81999969482422,35.419586181640625,1595600,
2012-03-16,62.90999984741211,63.2400016784668,62.810001373291016,63.18000030517578,35.622562408447266,1799600,
2012-03-19,63.18000030517578,63.970001220703125,62.939998626708984,63.619998931884766,35.870643615722656,2106100,
2012-03-20,63.22999954223633,63.779998779296875,63.220001220703125,63.529998779296875,35.819889068603516,1795700,
2012-03-21,63.63999938964844,63.7400016784668,63.41999816894531,63.439998626708984,35.7691535949707,1515200,
2012-03-22,63.08000183105469,63.08000183105469,62.189998626708984,62.56999969482422,35.27861404418945,3203400,
2012-03-23,62.630001068115234,63.27000045776367,62.349998474121094,62.959999084472656,35.49851989746094,2495000,
2012-03-26,63.0099983215332,63.31999969482422,62.790000915527344,63.189998626708984,35.91455078125,1630000,"{""dividend_amount"": 0.502}"
2012-03-27,63.31999969482422,63.58000183105469,63.08000183105469,63.20000076293945,35.92023849487305,3449500,
2012-03-28,63.220001220703125,63.25,62.459999084472656,63.099998474121094,35.863407135009766,1573800,
2012-03-29,62.70000076293945,63.18000030517578,62.34000015258789,63.130001068115234,35.88046646118164,1530300,
2012-03-30,63.380001068115234,63.790000915527344,63.279998779296875,63.650001525878906,36.17601013183594,2059900,
2012-04-02,63.72999954223633,64.16999816894531,63.4900016784668,64.0999984741211,36.4317512512207,6716800,
2012-04-03,64.06999969482422,64.19000244140625,63.599998474121094,63.849998474121094,36.289669036865234,2338900,
2012-04-04,63.369998931884766,63.470001220703125,62.88999938964844,63.150001525878906,35.891815185546875,2045700,
2012-04-05,62.97999954223633,63.209999084472656,62.68000030517578,62.90999984741211,35.75541687011719,2925300,
2012-04-09,62.16999816894531,62.52000045776367,61.83000183105469,62.2400016784668,35.37461853027344,1126900,
2012-04-10,62.25,62.41999816894531,60.84000015258789,60.900001525878906,34.61301040649414,2670600,
2012-04-11,61.5,61.70000076293945,61.18000030517578,61.68000030517578,35.05634307861328,1917300,
2012-04-12,61.810001373291016,62.560001373291016,61.529998779296875,62.529998779296875,35.539432525634766,1373400,
2012-04-13,62.439998626708984,62.630001068115234,62.02000045776367,62.27000045776367,35.391666412353516,2097600,
2012-04-16,62.650001525878906,63.4900016784668,62.459999084472656,63.119998931884766,35.8747673034668,1973400,
2012-04-17,63.5099983215332,63.93000030517578,63.02000045776367,63.65999984741211,36.18168258666992,1524000,
2012-04-18,63.52000045776367,63.650001525878906,63.22999954223633,63.22999954223633,35.937294006347656,1278100,
2012-04-19,63.310001373291016,63.619998931884766,62.93000030517578,63.22999954223633,35.937294006347656,2543700,
2012-04-20,63.5,64.26000213623047,63.38999938964844,64.0,36.37492370605469,1649700,
2012-04-23,63.560001373291016,63.59000015258789,62.90999984741211,63.34000015258789,35.99979782104492,1764500,
2012-04-24,63.439998626708984,64.33000183105469,63.400001525878906,64.29000091552734,36.53974533081055,2618500,
2012-04-25,64.69000244140625,65.05000305175781,64.58999633789062,65.02999877929688,36.960330963134766,2191000,
2012-04-26,64.91999816894531,65.33999633789062,64.66999816894531,65.19000244140625,37.051273345947266,1885400,
2012-04-27,65.5,65.76000213623047,65.01000213623047,65.63999938964844,37.3070182800293,2058500,
2012-04-30,65.55000305175781,65.62999725341797,65.02999877929688,65.47000122070312,37.21039962768555,2165000,
2012-05-01,65.55000305175781,66.69000244140625,65.47000122070312,66.18000030517578,37.61393356323242,3024200,
2012-05-02,65.87000274658203,66.22000122070312,65.44999694824219,66.08000183105469,37.55711364746094,1801900,
2012-05-03,66.29000091552734,66.4000015258789,65.79000091552734,65.8499984741211,37.426395416259766,2099900,
2012-05-04,65.58999633789062,65.62999725341797,65.05000305175781,65.2699966430664,37.096736907958984,1480000,
2012-05-07,65.06999969482422,65.87999725341797,65.0,65.7300033569336,37.35818862915039,1574000,
2012-05-08,65.36000061035156,65.69000244140625,65.0,65.61000061035156,37.289981842041016,1610900,
2012-05-09,65.08999633789062,65.86000061035156,64.87999725341797,65.4000015258789,37.17063522338867,2729800,
2012-05-10,65.81999969482422,65.9000015258789,65.01000213623047,65.44999694824219,37.19904708862305,2346300,
2012-05-11,65.11000061035156,65.83000183105469,64.94999694824219,65.58999633789062,37.27861022949219,2780400,
2012-05-14,64.87999725341797,65.38999938964844,64.72000122070312,64.76000213623047,36.80686569213867,2759300,
2012-05-15,64.80000305175781,64.83000183105469,64.23999786376953,64.41999816894531,36.61363983154297,2525400,
2012-05-16,64.72000122070312,64.72000122070312,63.599998474121094,63.709999084472656,36.21009826660156,2051300,
2012-05-17,63.689998626708984,63.720001220703125,61.849998474121094,61.849998474121094,35.1529541015625,3341500,
2012-05-18,62.04999923706055,62.349998474121094,60.90999984741211,61.099998474121094,34.72666931152344,2888400,
2012-05-21,61.22999954223633,62.540000915527344,61.150001525878906,62.43000030517578,35.482601165771484,2124900,
2012-05-22,62.66999816894531,62.93000030517578,62.25,62.54999923706055,35.55079650878906,1767400,
2012-05-23,62.11000061035156,62.790000915527344,61.54999923706055,62.63999938964844,35.601951599121094,2668900,
2012-05-24,62.880001068115234,63.220001220703125,62.18000030517578,62.91999816894531,35.761104583740234,1369500,
2012-05-25,62.83000183105469,63.16999816894531,62.470001220703125,62.66999816894531,35.6190071105957,1383000,
2012-05-29,63.04999923706055,63.619998931884766,62.900001525878906,63.560001373291016,36.12485885620117,1423600,
2012-05-30,63.119998931884766,63.209999084472656,62.04999923706055,62.04999923706055,35.2666130065918,1484000,
2012-05-31,62.16999816894531,63.0099983215332,61.52000045776367,62.52000045776367,35.533748626708984,2127000,
2012-06-01,61.599998474121094,61.79999923706055,60.86000061035156,60.9900016784668,34.664154052734375,3453800,
2012-06-04,60.959999084472656,61.130001068115234,60.13999938964844,60.56999969482422,34.42544174194336,3573700,
2012-06-05,60.310001373291016,61.93000030517578,60.29999923706055,61.81999969482422,35.135902404785156,2871000,
2012-06-06,62.310001373291016,63.189998626708984,62.0,63.189998626708984,35.91455078125,6758200,
2012-06-07,63.7599983215332,63.869998931884766,62.650001525878906,62.7400016784668,35.65880584716797,2191500,
2012-06-08,62.70000076293945,63.630001068115234,62.599998474121094,63.630001068115234,36.16463851928711,1696000,
2012-06-11,64.16000366210938,64.2699966430664,62.119998931884766,62.20000076293945,35.351890563964844,2074000,
2012-06-12,62.4900016784668,62.86000061035156,61.88999938964844,62.790000915527344,35.68721008300781,1951500,
2012-06-13,62.59000015258789,63.2599983215332,62.209999084472656,62.470001220703125,35.50533676147461,1600500,
2012-06-14,62.540000915527344,63.630001068115234,62.4900016784668,63.380001068115234,36.022544860839844,1532600,
2012-06-15,63.619998931884766,63.849998474121094,63.22999954223633,63.77000045776367,36.244205474853516,1319900,
2012-06-18,63.47999954223633,64.62999725341797,63.36000061035156,64.30000305175781,36.545433044433594,1754000,
2012-06-19,64.61000061035156,64.97000122070312,64.05000305175781,64.55999755859375,36.693206787109375,2485300,
2012-06-20,64.63999938964844,64.81999969482422,64.1500015258789,64.52999877929688,36.6761589050293,2001800,
2012-06-21,64.66000366210938,64.73999786376953,63.380001068115234,63.47999954223633,36.07938003540039,3072600,
2012-06-22,63.7599983215332,63.93000030517578,63.06999969482422,63.4900016784668,36.08506774902344,2204200,
2012-06-25,62.31999969482422,62.849998474121094,62.189998626708984,62.650001525878906,35.90113067626953,3700200,"{""dividend_amount"": 0.519}"
2012-06-26,62.79999923706055,63.189998626708984,62.439998626708984,62.86000061035156,36.021453857421875,2121600,
2012-06-27,63.02000045776367,63.25,62.77000045776367,63.11000061035156,36.16471862792969,1694800,
2012-06-28,62.869998931884766,63.810001373291016,62.540000915527344,63.79999923706055,36.56011199951172,1726500,
2012-06-29,64.95999908447266,65.47000122070312,64.6500015258789,65.43000030517578,37.49417495727539,2215800,
2012-07-02,65.94000244140625,66.16999816894531,65.33000183105469,66.1500015258789,37.90676498413086,3891600,
2012-07-03,66.31999969482422,66.69000244140625,66.06999969482422,66.54000091552734,38.1302604675293,1586100,
2012-07-05,66.43000030517578,66.6500015258789,65.98999786376953,66.12999725341797,37.895294189453125,1407800,
2012-07-06,65.58000183105469,66.4000015258789,65.58000183105469,66.29000091552734,37.98699951171875,1617000,
2012-07-09,66.29000091552734,66.44000244140625,65.98999786376953,66.36000061035156,38.027103424072266,1785700,
2012-07-10,66.69000244140625,66.69999694824219,65.29000091552734,65.6500015258789,37.620243072509766,1534000,
2012-07-11,65.73999786376953,65.8499984741211,65.2699966430664,65.72000122070312,37.66035461425781,1630900,
2012-07-12,65.4000015258789,66.25,65.08000183105469,65.91999816894531,37.77497482299805,2271800,
2012-07-13,66.12999725341797,66.80999755859375,66.02999877929688,66.7300033569336,38.2391357421875,1484600,
2012-07-16,66.68000030517578,67.04000091552734,66.5,66.86000061035156,38.31363296508789,1789000,
2012-07-17,67.25,67.70999908447266,66.5999984741211,67.5,38.68037414550781,2007300,
2012-07-18,67.41000366210938,67.51000213623047,66.87999725341797,67.0999984741211,38.45115280151367,1690200,
2012-07-19,67.12999725341797,67.3499984741211,65.94999694824219,66.4000015258789,38.05003356933594,2365200,
2012-07-20,65.91000366210938,66.25,65.75,66.05000305175781,37.849456787109375,1475600,
2012-07-23,65.2699966430664,65.75,65.12000274658203,65.56999969482422,37.57439041137695,1342000,
2012-07-24,65.6500015258789,65.9000015258789,64.93000030517578,65.3499984741211,37.44833755493164,1941200,
2012-07-25,65.66000366210938,65.76000213623047,64.97000122070312,65.31999969482422,37.4311408996582,1350800,
2012-07-26,66.1500015258789,66.41999816894531,65.51000213623047,65.9000015258789,37.76350021362305,1365900,
2012-07-27,66.30999755859375,67.01000213623047,66.18000030517578,66.52999877929688,38.1245231628418,1469300,
2012-07-30,66.62000274658203,67.08000183105469,66.51000213623047,66.83999633789062,38.302162170410156,1370800,
2012-07-31,66.91000366210938,66.9800033569336,66.5199966430664,66.73999786376953,38.2448616027832,1782500,
2012-08-01,67.12000274658203,67.4800033569336,66.41999816894531,66.41999816894531,38.06148147583008,2666100,
2012-08-02,66.4000015258789,66.7300033569336,65.91999816894531,66.61000061035156,38.17036819458008,1637600,
2012-08-03,67.23999786376953,67.41000366210938,67.0199966430664,67.12999725341797,38.46834945678711,1730800,
2012-08-06,67.38999938964844,67.55000305175781,67.05999755859375,67.05999755859375,38.42823028564453,1768200,
2012-08-07,67.29000091552734,67.29000091552734,66.2699966430664,66.2699966430664,37.975528717041016,2471600,
2012-08-08,66.11000061035156,66.23999786376953,65.5999984741211,65.81999969482422,37.71765899658203,1899300,
2012-08-09,65.88999938964844,66.08000183105469,65.5,65.61000061035156,37.597328186035156,1324000,
2012-08-10,65.48999786376953,65.7300033569336,65.4000015258789,65.69999694824219,37.648887634277344,987000,
2012-08-13,65.66999816894531,65.80000305175781,65.30000305175781,65.6500015258789,37.620243072509766,1448400,
2012-08-14,65.87000274658203,65.88999938964844,65.4000015258789,65.51000213623047,37.540016174316406,1586100,
2012-08-15,65.43000030517578,65.93000030517578,65.43000030517578,65.80999755859375,37.71192169189453,1079200,
2012-08-16,65.86000061035156,66.30999755859375,65.5,66.30999755859375,37.99845504760742,1362700,
2012-08-17,66.36000061035156,66.4000015258789,66.08000183105469,66.33000183105469,38.009918212890625,1773500,
2012-08-20,66.33999633789062,66.44000244140625,65.80999755859375,66.13999938964844,37.90103530883789,2710100,
2012-08-21,66.37999725341797,66.4800033569336,66.13999938964844,66.27999877929688,37.981266021728516,1429600,
2012-08-22,66.1500015258789,66.2699966430664,65.51000213623047,66.23999786376953,37.95833206176758,1893100,
2012-08-23,66.13999938964844,66.2699966430664,65.80000305175781,66.04000091552734,37.843727111816406,2421000,
2012-08-24,65.9800033569336,66.44000244140625,65.7300033569336,66.26000213623047,37.96980285644531,1946500,
2012-08-27,66.51000213623047,66.61000061035156,66.12999725341797,66.45999908447266,38.08441162109375,1191000,
2012-08-28,66.30999755859375,66.75,66.0999984741211,66.69000244140625,38.21620559692383,1189900,
2012-08-29,66.81999969482422,66.8499984741211,66.54000091552734,66.66999816894531,38.20474624633789,1198700,
2012-08-30,66.47000122070312,66.63999938964844,66.2699966430664,66.5199966430664,38.11880111694336,1375000,
2012-08-31,66.81999969482422,66.87999725341797,66.19999694824219,66.7300033569336,38.2391357421875,2484900,
2012-09-04,66.73999786376953,67.2699966430664,66.26000213623047,67.19999694824219,38.508460998535156,1714000,
2012-09-05,67.29000091552734,67.3499984741211,66.79000091552734,67.08000183105469,38.439697265625,1612500,
2012-09-06,67.37999725341797,67.69000244140625,67.33000183105469,67.68000030517578,38.78352355957031,2373700,
2012-09-07,67.81999969482422,67.91999816894531,67.5999984741211,67.73999786376953,38.81791687011719,1648300,
2012-09-10,67.63999938964844,67.66000366210938,67.12000274658203,67.20999908447266,38.514190673828125,3773600,
2012-09-11,67.19999694824219,67.44000244140625,67.0199966430664,67.41000366210938,38.62879943847656,3574500,
2012-09-12,67.47000122070312,67.62999725341797,67.26000213623047,67.55000305175781,38.70901870727539,3416200,
2012-09-13,67.62000274658203,68.4800033569336,67.5199966430664,68.37999725341797,39.18464660644531,4467500,
2012-09-14,68.54000091552734,69.19999694824219,68.51000213623047,68.76000213623047,39.402400970458984,4855800,
2012-09-17,68.79000091552734,69.11000061035156,68.47000122070312,68.55999755859375,39.28779220581055,2430200,
2012-09-18,68.3499984741211,68.41000366210938,67.69000244140625,67.91000366210938,38.915321350097656,2344400,
2012-09-19,67.97000122070312,68.0199966430664,67.52999877929688,67.52999877929688,38.697574615478516,1972600,
2012-09-20,67.2300033569336,67.23999786376953,66.29000091552734,66.52999877929688,38.1245231628418,4285400,
2012-09-21,66.63999938964844,66.76000213623047,66.4800033569336,66.54000091552734,38.1302604675293,6134600,
2012-09-24,65.7300033569336,66.25,65.69999694824219,65.7699966430664,37.988731384277344,4512700,"{""dividend_amount"": 0.525}"
2012-09-25,65.9800033569336,66.02999877929688,64.7699966430664,64.80000305175781,37.4284782409668,5153600,
2012-09-26,64.73999786376953,65.18000030517578,64.66999816894531,64.79000091552734,37.42267990112305,2693300,
2012-09-27,65.05000305175781,65.5199966430664,64.83999633789062,65.06999969482422,37.58442687988281,1542000,
2012-09-28,64.91999816894531,65.2699966430664,64.58999633789062,64.97000122070312,37.526668548583984,2903500,
2012-10-01,65.0999984741211,65.30999755859375,63.81999969482422,64.48999786376953,37.24942398071289,5154300,
2012-10-02,64.68000030517578,64.9800033569336,64.41000366210938,64.9800033569336,37.53244400024414,2511100,
2012-10-03,65.06999969482422,65.68000030517578,65.0,65.11000061035156,37.607521057128906,2928600,
2012-10-04,65.41999816894531,65.62000274658203,64.77999877929688,65.08999633789062,37.595970153808594,2258000,
2012-10-05,65.1500015258789,65.5199966430664,64.95999908447266,65.16999816894531,37.64217758178711,1636300,
2012-10-08,64.83000183105469,65.05999755859375,64.72000122070312,65.02999877929688,37.56130599975586,1825600,
2012-10-09,65.05000305175781,65.36000061035156,64.7699966430664,64.79000091552734,37.42267990112305,2292200,
2012-10-10,64.87000274658203,65.19000244140625,64.68000030517578,65.05000305175781,37.572879791259766,1984800,
2012-10-11,65.36000061035156,65.52999877929688,65.0,65.0,37.54399108886719,1537800,
2012-10-12,65.11000061035156,65.37000274658203,64.70999908447266,64.7699966430664,37.4111328125,1741200,
2012-10-15,64.79000091552734,65.23999786376953,64.45999908447266,65.19999694824219,37.659515380859375,2209900,
2012-10-16,65.44999694824219,65.70999908447266,65.4000015258789,65.5999984741211,37.89054870605469,2355800,
2012-10-17,65.30999755859375,65.55000305175781,64.98999786376953,65.41999816894531,37.78657531738281,2665300,
2012-10-18,65.31999969482422,66.11000061035156,65.31999969482422,66.08999633789062,38.17357635498047,2155900,
2012-10-19,66.05999755859375,66.31999969482422,65.44000244140625,65.54000091552734,37.855899810791016,2046100,
2012-10-22,65.48999786376953,65.55000305175781,64.83000183105469,65.20999908447266,37.66529083251953,1642900,
2012-10-23,64.73999786376953,64.86000061035156,64.08999633789062,64.55000305175781,37.28406524658203,1976200,
2012-10-24,64.72000122070312,64.94999694824219,64.30000305175781,64.5,37.25517654418945,1701100,
2012-10-25,64.86000061035156,65.1500015258789,63.68000030517578,64.31999969482422,37.15122604370117,2028200,
2012-10-26,64.30000305175781,64.30000305175781,63.400001525878906,63.7599983215332,36.827762603759766,2320000,
2012-10-31,64.04000091552734,64.44000244140625,63.7400016784668,64.37999725341797,37.18587112426758,2616900,
2012-11-01,64.5,64.94999694824219,64.22000122070312,64.69000244140625,37.36493682861328,2311200,
2012-11-02,65.05999755859375,65.56999969482422,65.01000213623047,65.12000274658203,37.613311767578125,2587100,
2012-11-05,65.12000274658203,65.19999694824219,64.30000305175781,64.69000244140625,37.36493682861328,1633100,
2012-11-06,64.91999816894531,65.0999984741211,64.55000305175781,64.97000122070312,37.526668548583984,1415100,
2012-11-07,64.61000061035156,64.94000244140625,64.37000274658203,64.68000030517578,37.359161376953125,2476300,
2012-11-08,64.69999694824219,64.69999694824219,63.900001525878906,63.90999984741211,36.91441345214844,1793200,
2012-11-09,63.779998779296875,64.19000244140625,63.45000076293945,63.7400016784668,36.81620788574219,2400500,
2012-11-12,63.86000061035156,63.91999816894531,63.349998474121094,63.59000015258789,36.72957229614258,1182200,
2012-11-13,63.349998474121094,63.90999984741211,63.25,63.540000915527344,36.700687408447266,1648100,
2012-11-14,63.810001373291016,63.810001373291016,62.150001525878906,62.349998474121094,36.01334762573242,2489400,
2012-11-15,62.380001068115234,62.72999954223633,61.689998626708984,62.060001373291016,35.845855712890625,3151600,
2012-11-16,62.11000061035156,62.5,61.65999984741211,62.439998626708984,36.06533432006836,2446300,
2012-11-19,63.130001068115234,63.38999938964844,62.79999923706055,63.209999084472656,36.51008987426758,2112300,
2012-11-20,63.29999923706055,63.68000030517578,62.86000061035156,63.68000030517578,36.781558990478516,2490200,
2012-11-21,63.720001220703125,63.86000061035156,63.2400016784668,63.56999969482422,36.718021392822266,1954000,
2012-11-23,63.79999923706055,64.08999633789062,63.599998474121094,64.04000091552734,36.98949432373047,921500,
2012-11-26,63.900001525878906,64.61000061035156,63.70000076293945,64.16999816894531,37.06458282470703,3668600,
2012-11-27,63.65999984741211,64.38999938964844,63.2599983215332,63.810001373291016,36.85664367675781,5494200,
2012-11-28,63.70000076293945,63.79999923706055,63.11000061035156,63.72999954223633,36.81044006347656,5931100,
2012-11-29,64.12999725341797,64.1500015258789,63.540000915527344,64.08000183105469,37.01259231567383,3011100,
2012-11-30,64.0999984741211,64.5199966430664,64.02999877929688,64.20999908447266,37.08768081665039,3312300,
2012-12-03,64.4800033569336,64.8499984741211,64.27999877929688,64.47000122070312,37.23785400390625,3735500,
2012-12-04,64.37999725341797,64.91000366210938,64.33999633789062,64.56999969482422,37.295623779296875,2379700,
2012-12-05,64.61000061035156,64.69000244140625,64.12999725341797,64.37000274658203,37.18009567260742,2487100,
2012-12-06,64.55999755859375,64.98999786376953,64.3499984741211,64.97000122070312,37.526668548583984,2335500,
2012-12-07,65.05000305175781,65.22000122070312,64.93000030517578,65.20999908447266,37.66529083251953,2812900,
2012-12-10,65.30000305175781,65.48999786376953,65.05000305175781,65.18000030517578,37.64796829223633,1934200,
2012-12-11,65.41999816894531,65.5199966430664,65.19999694824219,65.33999633789062,37.74037170410156,2086900,
2012-12-12,65.52999877929688,65.68000030517578,64.9000015258789,65.16000366210938,37.63640594482422,2335300,
2012-12-13,65.0,65.23999786376953,64.44999694824219,64.66000366210938,37.347618103027344,2614500,
2012-12-14,64.66999816894531,64.81999969482422,64.48999786376953,64.6500015258789,37.341835021972656,2544500,
2012-12-17,64.94999694824219,65.05999755859375,64.6500015258789,64.98999786376953,37.5382194519043,2315800,
2012-12-18,65.19999694824219,65.66000366210938,65.05999755859375,65.66000366210938,37.92520523071289,2532300,
2012-12-19,65.95999908447266,65.98999786376953,65.54000091552734,65.56999969482422,37.87321090698242,3408800,
2012-12-20,65.4800033569336,66.45999908447266,65.4800033569336,66.43000030517578,38.36995315551758,2695600,
2012-12-21,65.87999725341797,66.55999755859375,65.68000030517578,66.31999969482422,38.30641555786133,2252500,
2012-12-24,65.56999969482422,65.80999755859375,65.29000091552734,65.61000061035156,38.357276916503906,1802600,"{""dividend_amount"": 0.797}"
2012-12-26,65.91000366210938,65.91000366210938,65.13999938964844,65.30000305175781,38.17605209350586,1724100,
2012-12-27,65.41000366210938,65.66000366210938,64.80999755859375,65.54000091552734,38.31636047363281,2305800,
2012-12-28,65.33999633789062,65.72000122070312,65.05999755859375,65.11000061035156,38.064964294433594,1990300,
2012-12-31,65.12000274658203,65.80999755859375,64.88999938964844,65.80000305175781,38.4683723449707,3718700,
2013-01-02,66.93000030517578,67.08999633789062,66.20999908447266,66.62000274658203,38.94775390625,5286400,
2013-01-03,66.62000274658203,66.94000244140625,66.48999786376953,66.61000061035156,38.941898345947266,3571000,
2013-01-04,66.80999755859375,66.94999694824219,66.5199966430664,66.91999816894531,39.123138427734375,2338700,
2013-01-07,66.94000244140625,67.12000274658203,66.76000213623047,67.06999969482422,39.21083450317383,2243600,
2013-01-08,67.08000183105469,67.19999694824219,66.73999786376953,66.94000244140625,39.13483428955078,1533700,
2013-01-09,67.16000366210938,67.22000122070312,66.93000030517578,67.12999725341797,39.245906829833984,2134400,
2013-01-10,67.36000061035156,67.55000305175781,66.94000244140625,67.19999694824219,39.286842346191406,2824100,
2013-01-11,67.29000091552734,67.37000274658203,66.9000015258789,67.16000366210938,39.26344680786133,2022000,
2013-01-14,67.33999633789062,67.36000061035156,67.1500015258789,67.3499984741211,39.374542236328125,1787200,
2013-01-15,67.29000091552734,67.76000213623047,67.1500015258789,67.66999816894531,39.561607360839844,2101400,
2013-01-16,67.55999755859375,67.62999725341797,67.37999725341797,67.58999633789062,39.51484298706055,2384800,
2013-01-17,67.87999725341797,67.91999816894531,67.72000122070312,67.80000305175781,39.637611389160156,2421900,
2013-01-18,67.88999938964844,68.08999633789062,67.66000366210938,68.08999633789062,39.80715560913086,2277500,
2013-01-22,68.1500015258789,68.44999694824219,68.01000213623047,68.44000244140625,40.011783599853516,2187400,
2013-01-23,68.4800033569336,68.52999877929688,68.26000213623047,68.41999816894531,40.00008010864258,2383100,
2013-01-24,68.5999984741211,68.73999786376953,68.33000183105469,68.55999755859375,40.08192443847656,2346200,
2013-01-25,68.80000305175781,68.98999786376953,68.61000061035156,68.94999694824219,40.30994415283203,2095600,
2013-01-28,69.16999816894531,69.29000091552734,68.80999755859375,69.12999725341797,40.41517639160156,3364700,
2013-01-29,69.16999816894531,69.33000183105469,69.05999755859375,69.33000183105469,40.5320930480957,2343700,
2013-01-30,69.30999755859375,69.30999755859375,68.54000091552734,68.66999816894531,40.146236419677734,1872600,
2013-01-31,68.5199966430664,68.61000061035156,68.08999633789062,68.26000213623047,39.90654373168945,2186400,
2013-02-01,68.62000274658203,68.86000061035156,68.3499984741211,68.66000366210938,40.1403923034668,3376600,
2013-02-04,68.41999816894531,68.7699966430664,68.29000091552734,68.5,40.0468635559082,2827500,
2013-02-05,68.75,68.79000091552734,68.25,68.33999633789062,39.953304290771484,2401200,
2013-02-06,68.18000030517578,68.58999633789062,68.02999877929688,68.58000183105469,40.0936164855957,8277600,
2013-02-07,68.58000183105469,68.69999694824219,68.11000061035156,68.29000091552734,39.924076080322266,1793400,
2013-02-08,68.44000244140625,68.91999816894531,68.37000274658203,68.91999816894531,40.29238510131836,2799900,
2013-02-11,68.8499984741211,69.08999633789062,68.80000305175781,69.0199966430664,40.350860595703125,2177700,
2013-02-12,69.16000366210938,69.55000305175781,69.01000213623047,69.54000091552734,40.65486145019531,2357700,
2013-02-13,69.70999908447266,69.7300033569336,69.30999755859375,69.5,40.6314811706543,2525900,
2013-02-14,69.47000122070312,69.48999786376953,69.16999816894531,69.20999908447266,40.46193313598633,2169200,
2013-02-15,69.33000183105469,69.33999633789062,68.97000122070312,69.23999786376953,40.47947692871094,1504200,
2013-02-19,69.44999694824219,69.80000305175781,69.36000061035156,69.79000091552734,40.80101013183594,1673700,
2013-02-20,69.83000183105469,70.06999969482422,69.33999633789062,69.33999633789062,40.53794479370117,1764500,
2013-02-21,69.30999755859375,69.36000061035156,68.66000366210938,68.81999969482422,40.23392868041992,2185700,
2013-02-22,69.1500015258789,69.51000213623047,69.04000091552734,69.51000213623047,40.637325286865234,1941400,
2013-02-25,69.73999786376953,69.81999969482422,68.19000244140625,68.19000244140625,39.86561584472656,2550400,
2013-02-26,68.54000091552734,68.8499984741211,68.12000274658203,68.66000366210938,40.1403923034668,2382800,
2013-02-27,68.76000213623047,69.4800033569336,68.55999755859375,69.16000366210938,40.43269729614258,1551400,
2013-02-28,69.16000366210938,69.45999908447266,69.05999755859375,69.08999633789062,40.39177322387695,4566400,
2013-03-01,68.91000366210938,69.41000366210938,68.55999755859375,69.31999969482422,40.5262336730957,3862400,
2013-03-04,69.27999877929688,70.0199966430664,69.27999877929688,69.83999633789062,40.83025360107422,3141000,
2013-03-05,70.1500015258789,70.54000091552734,69.83000183105469,70.38999938964844,41.15179443359375,2835800,
2013-03-06,70.61000061035156,70.73999786376953,69.91999816894531,70.18000030517578,41.02901840209961,3021800,
2013-03-07,70.41000366210938,70.41000366210938,69.79000091552734,69.8499984741211,40.836097717285156,1923300,
2013-03-08,70.22000122070312,70.2300033569336,69.52999877929688,69.97000122070312,40.9062614440918,2473300,
2013-03-11,69.97000122070312,70.12000274658203,69.70999908447266,70.02999877929688,40.941322326660156,1712600,
2013-03-12,70.12999725341797,70.12999725341797,69.6500015258789,69.7699966430664,40.78932571411133,2190100,
2013-03-13,69.80000305175781,70.02999877929688,69.55999755859375,69.83999633789062,40.83025360107422,1785000,
2013-03-14,69.94999694824219,70.37000274658203,69.86000061035156,70.27999877929688,41.08748245239258,2647700,
2013-03-15,70.20999908447266,70.47000122070312,69.91999816894531,70.44000244140625,41.1810188293457,2243800,
2013-03-18,69.87999725341797,70.27999877929688,69.87000274658203,70.05000305175781,40.9530143737793,2398300,
2013-03-19,70.08000183105469,70.2300033569336,69.2699966430664,69.70999908447266,40.754234313964844,3055200,
2013-03-20,69.9800033569336,70.06999969482422,69.69000244140625,69.93000030517578,40.88286209106445,3110100,
2013-03-21,69.69999694824219,70.19999694824219,69.66999816894531,69.72000122070312,40.76009750366211,1723800,
2013-03-22,69.4000015258789,69.63999938964844,69.26000213623047,69.55000305175781,40.97453308105469,3143500,"{""dividend_amount"": 0.534}"
2013-03-25,69.66999816894531,70.0,69.41999816894531,69.55999755859375,40.98043441772461,2676500,
2013-03-26,69.75,70.20999908447266,69.75,70.16000366210938,41.33391571044922,1722600,
2013-03-27,69.94999694824219,70.29000091552734,69.80000305175781,70.29000091552734,41.41050720214844,2463100,
2013-03-28,70.36000061035156,70.58000183105469,70.0999984741211,70.52999877929688,41.551902770996094,2632300,
2013-04-01,70.66000366210938,70.7699966430664,70.11000061035156,70.73999786376953,41.67561721801758,2501200,
2013-04-02,70.9800033569336,71.30000305175781,70.79000091552734,70.95999908447266,41.80522537231445,2546100,
2013-04-03,71.19999694824219,71.2699966430664,70.55999755859375,70.70999908447266,41.657958984375,2215900,
2013-04-04,70.83999633789062,71.94000244140625,70.76000213623047,71.86000061035156,42.335453033447266,1905200,
2013-04-05,71.22000122070312,72.25,71.08999633789062,72.25,42.56521224975586,2288300,
2013-04-08,72.27999877929688,72.9000015258789,71.83000183105469,72.83000183105469,42.90692138671875,1773500,
2013-04-09,73.08999633789062,73.1500015258789,72.45999908447266,72.83999633789062,42.91279220581055,2537900,
2013-04-10,73.12000274658203,73.41000366210938,72.9000015258789,73.29000091552734,43.177921295166016,2088000,
2013-04-11,73.44999694824219,74.08000183105469,73.25,73.72000122070312,43.431251525878906,2425000,
2013-04-12,73.70999908447266,73.94000244140625,73.51000213623047,73.9000015258789,43.53728485107422,1618800,
2013-04-15,73.6500015258789,73.81999969482422,72.37000274658203,72.37000274658203,42.63591003417969,3345500,
2013-04-16,72.88999938964844,73.6500015258789,72.33999633789062,73.56999969482422,43.34287643432617,3296300,
2013-04-17,73.30000305175781,73.37999725341797,72.2699966430664,72.79000091552734,42.88335037231445,3039700,
2013-04-18,72.94999694824219,73.0199966430664,72.33000183105469,72.68000030517578,42.818538665771484,2616900,
2013-04-19,72.94999694824219,73.8499984741211,72.76000213623047,73.80000305175781,43.47837448120117,1621200,
2013-04-22,74.01000213623047,74.08000183105469,73.27999877929688,73.69999694824219,43.419471740722656,2638500,
2013-04-23,74.05999755859375,74.26000213623047,73.58000183105469,74.11000061035156,43.66100311279297,3312300,
2013-04-24,74.18000030517578,74.4000015258789,73.94999694824219,74.2699966430664,43.755245208740234,1750700,
2013-04-25,74.37000274658203,74.41000366210938,73.62000274658203,74.0199966430664,43.60799026489258,2981700,
2013-04-26,73.94999694824219,74.27999877929688,73.70999908447266,73.77999877929688,43.46658706665039,2601000,
2013-04-29,74.36000061035156,74.47000122070312,73.8499984741211,74.41000366210938,43.8377685546875,1889800,
2013-04-30,74.44999694824219,75.29000091552734,74.37000274658203,75.27999877929688,44.35029602050781,2439700,
2013-05-01,75.38999938964844,75.43000030517578,74.52999877929688,74.68000030517578,43.99681854248047,6260100,
2013-05-02,74.79000091552734,75.47000122070312,74.79000091552734,75.16999816894531,44.285491943359375,2590600,
2013-05-03,75.68000030517578,75.87000274658203,75.31999969482422,75.47000122070312,44.462223052978516,2878800,
2013-05-06,75.4800033569336,75.91999816894531,75.4800033569336,75.86000061035156,44.69198989868164,2427700,
2013-05-07,75.97000122070312,76.31999969482422,75.70999908447266,76.27999877929688,44.93943786621094,2442800,
2013-05-08,76.19000244140625,76.4800033569336,75.9000015258789,76.31999969482422,44.963016510009766,2703100,
2013-05-09,76.1500015258789,76.33999633789062,75.70999908447266,75.81999969482422,44.66843795776367,2255800,
2013-05-10,76.04000091552734,76.16999816894531,75.75,76.0999984741211,44.83338165283203,1706300,
2013-05-13,76.05999755859375,76.51000213623047,76.04000091552734,76.45999908447266,45.04548645019531,2114100,
2013-05-14,76.4800033569336,76.94999694824219,76.44999694824219,76.73999786376953,45.2104377746582,2081600,
2013-05-15,76.80000305175781,77.5,76.44000244140625,77.5,45.658203125,2836800,
2013-05-16,77.38999938964844,77.70999908447266,76.86000061035156,77.0999984741211,45.42252731323242,2485200,
2013-05-17,77.29000091552734,77.56999969482422,77.05000305175781,77.52999877929688,45.67585372924805,1717700,
2013-05-20,77.66000366210938,77.7699966430664,77.37000274658203,77.70999908447266,45.78190994262695,2534100,
2013-05-21,77.9000015258789,78.33000183105469,77.87000274658203,78.1500015258789,46.04112243652344,2321300,
2013-05-22,78.02999877929688,78.86000061035156,75.75,76.25,44.9217643737793,5514100,
2013-05-23,75.62999725341797,75.62999725341797,74.3499984741211,74.81999969482422,44.07929992675781,5071800,
2013-05-24,74.55999755859375,74.77999877929688,73.77999877929688,74.62999725341797,43.96735763549805,3020000,
2013-05-28,75.48999786376953,75.5999984741211,73.55000305175781,73.98999786376953,43.590309143066406,3666200,
2013-05-29,73.41000366210938,73.47000122070312,71.54000091552734,72.41999816894531,42.66536331176758,5983200,
2013-05-30,72.30999755859375,72.94999694824219,71.66000366210938,71.73999786376953,42.26475524902344,3753500,
2013-05-31,71.4800033569336,72.16000366210938,70.75,70.77999877929688,41.699180603027344,6474200,
2013-06-03,70.76000213623047,71.5,70.0999984741211,71.18000030517578,41.93482971191406,6934600,
2013-06-04,71.27999877929688,71.4800033569336,70.19000244140625,70.19000244140625,41.35158920288086,4116400,
2013-06-05,70.05000305175781,70.47000122070312,69.4000015258789,69.61000061035156,41.009891510009766,4197000,
2013-06-06,69.66000366210938,70.80999755859375,69.1500015258789,70.7300033569336,41.66973114013672,5111000,
2013-06-07,70.94999694824219,71.12999725341797,69.75,70.73999786376953,41.67561721801758,3588900,
2013-06-10,70.9000015258789,70.95999908447266,69.9800033569336,70.12999725341797,41.31623458862305,3347500,
2013-06-11,69.3499984741211,69.94999694824219,69.05999755859375,69.08999633789062,40.70353317260742,4747000,
2013-06-12,69.4800033569336,69.62000274658203,67.93000030517578,68.1500015258789,40.14974594116211,3558600,
2013-06-13,67.86000061035156,70.13999938964844,67.80000305175781,69.91999816894531,41.1925163269043,4603500,
2013-06-14,69.98999786376953,71.04000091552734,69.73999786376953,70.18000030517578,41.345699310302734,3547000,
2013-06-17,70.69000244140625,71.08000183105469,69.93000030517578,70.37999725341797,41.46352767944336,4148100,
2013-06-18,70.48999786376953,71.19999694824219,70.0999984741211,70.73999786376953,41.67561721801758,4303700,
2013-06-19,70.51000213623047,70.93000030517578,68.3499984741211,68.56999969482422,40.397178649902344,4929600,
2013-06-20,67.77999877929688,67.91000366210938,65.38999938964844,65.72000122070312,38.7181510925293,8148100,
2013-06-21,66.2300033569336,67.16999816894531,65.41000366210938,66.61000061035156,39.24245834350586,7812200,
2013-06-24,64.83000183105469,67.0999984741211,64.27999877929688,65.68000030517578,39.06462478637695,8414700,"{""dividend_amount"": 0.631}"
2013-06-25,66.44000244140625,67.18000030517578,65.69000244140625,66.77999877929688,39.7188835144043,11383300,
2013-06-26,67.52999877929688,67.97000122070312,67.33000183105469,67.79000091552734,40.31961441040039,6721700,
2013-06-27,68.33999633789062,69.18000030517578,68.20999908447266,69.1500015258789,41.12848663330078,5114900,
2013-06-28,68.88999938964844,69.3499984741211,68.38999938964844,68.72000122070312,40.872745513916016,6234200,
2013-07-01,69.26000213623047,69.52999877929688,68.37000274658203,68.56999969482422,40.78353500366211,3141000,
2013-07-02,68.66999816894531,69.68000030517578,67.91999816894531,69.62000274658203,41.40804672241211,3707600,
2013-07-03,69.38999938964844,69.38999938964844,68.33999633789062,69.16000366210938,41.13444519042969,2446400,
2013-07-05,69.1500015258789,69.26000213623047,67.37000274658203,68.83000183105469,40.93816375732422,2506100,
2013-07-08,69.08999633789062,69.55999755859375,68.83999633789062,68.9000015258789,40.979801177978516,2918000,
2013-07-09,69.30000305175781,70.13999938964844,68.97000122070312,69.87999725341797,41.56266784667969,1955900,
2013-07-10,69.87000274658203,70.08000183105469,69.3499984741211,69.91000366210938,41.58051681518555,3267800,
2013-07-11,70.94999694824219,71.66999816894531,70.72000122070312,71.5999984741211,42.58567428588867,3844300,
2013-07-12,71.83000183105469,71.9000015258789,70.87999725341797,71.16000366210938,42.32398223876953,3398200,
2013-07-15,71.37999725341797,71.69000244140625,71.04000091552734,71.45999908447266,42.50242233276367,2942200,
2013-07-16,71.37999725341797,71.80000305175781,71.30999755859375,71.51000213623047,42.53215408325195,2946400,
2013-07-17,71.83000183105469,71.97000122070312,71.41999816894531,71.7699966430664,42.68678283691406,2209600,
2013-07-18,72.08999633789062,72.41000366210938,71.7699966430664,72.37999725341797,43.04959487915039,1931600,
2013-07-19,72.30999755859375,72.51000213623047,72.0199966430664,72.33000183105469,43.01986312866211,1864400,
2013-07-22,72.37999725341797,72.69000244140625,72.0999984741211,72.55000305175781,43.15071487426758,1934800,
2013-07-23,72.77999877929688,72.86000061035156,72.20999908447266,72.47000122070312,43.1031494140625,1402800,
2013-07-24,72.5999984741211,72.69999694824219,70.56999969482422,71.05999755859375,42.264503479003906,3115300,
2013-07-25,70.98999786376953,71.27999877929688,70.58999633789062,71.16999816894531,42.32994842529297,1760800,
2013-07-26,70.94999694824219,71.3499984741211,70.66000366210938,71.2300033569336,42.36561965942383,1586800,
2013-07-29,71.06999969482422,71.4000015258789,70.58999633789062,70.69999694824219,42.050384521484375,3562300,
2013-07-30,70.9000015258789,71.33000183105469,70.25,70.48999786376953,41.92549514770508,2362600,
2013-07-31,70.33000183105469,70.7300033569336,68.7699966430664,69.33999633789062,41.24150466918945,3443900,
2013-08-01,69.61000061035156,69.80999755859375,68.88999938964844,69.06999969482422,41.08091735839844,3445000,
2013-08-02,69.23999786376953,69.3499984741211,68.70999908447266,68.7300033569336,40.878692626953125,2578300,
2013-08-05,68.54000091552734,68.9800033569336,68.47000122070312,68.68000030517578,40.848941802978516,2831300,
2013-08-06,68.5999984741211,68.97000122070312,68.33000183105469,68.44000244140625,40.706207275390625,3889300,
2013-08-07,68.63999938964844,68.69999694824219,67.91999816894531,68.26000213623047,40.599151611328125,2021200,
2013-08-08,68.47000122070312,68.63999938964844,67.93000030517578,68.29000091552734,40.61698913574219,2476400,
2013-08-09,68.19999694824219,69.27999877929688,68.0999984741211,68.88999938964844,40.97386169433594,2893000,
2013-08-12,68.80999755859375,68.80999755859375,68.08999633789062,68.4000015258789,40.682411193847656,2709000,
2013-08-13,68.4000015258789,68.5,67.2699966430664,67.45999908447266,40.12332534790039,3778200,
2013-08-14,67.4000015258789,67.62000274658203,67.1500015258789,67.19999694824219,39.96868133544922,2538300,
2013-08-15,66.6500015258789,66.81999969482422,65.72000122070312,65.97000122070312,39.23712158203125,3630500,
2013-08-16,65.91999816894531,65.91999816894531,64.23999786376953,64.3499984741211,38.27359390258789,4256700,
2013-08-19,64.37999725341797,64.37999725341797,63.470001220703125,63.5,37.768028259277344,4763500,
2013-08-20,63.869998931884766,65.22000122070312,63.650001525878906,64.94000244140625,38.6245002746582,4124500,
2013-08-21,64.36000061035156,65.81999969482422,64.0,64.79000091552734,38.53528594970703,4437200,
2013-08-22,64.94999694824219,65.20999908447266,64.43000030517578,65.18000030517578,38.76726150512695,2499500,
2013-08-23,65.22000122070312,65.87999725341797,64.94000244140625,65.86000061035156,39.171695709228516,2917800,
2013-08-26,65.86000061035156,66.0,65.47000122070312,65.66999816894531,39.058685302734375,2925200,
2013-08-27,65.08999633789062,65.73999786376953,65.0,65.3499984741211,38.868370056152344,3355100,
2013-08-28,65.47000122070312,65.47000122070312,64.80999755859375,64.94999694824219,38.63045120239258,2142600,
2013-08-29,64.7699966430664,65.05999755859375,64.4800033569336,65.05000305175781,38.6899299621582,2334600,
2013-08-30,65.20999908447266,65.47000122070312,64.41000366210938,64.5,38.36280059814453,3852400,
2013-09-03,64.75,64.98999786376953,63.400001525878906,63.939998626708984,38.02973556518555,6455100,
2013-09-04,64.0,64.70999908447266,63.709999084472656,64.48999786376953,38.35685729980469,4261500,
2013-09-05,64.55000305175781,64.55000305175781,63.7400016784668,63.810001373291016,37.95241165161133,3024700,
2013-09-06,64.38999938964844,65.37999725341797,64.38999938964844,64.80000305175781,38.541236877441406,4582200,
2013-09-09,64.87000274658203,66.1500015258789,64.83000183105469,66.1500015258789,39.34417724609375,3579700,
2013-09-10,66.30999755859375,66.5,65.72000122070312,66.0999984741211,39.31443405151367,2905300,
2013-09-11,66.16000366210938,66.62999725341797,66.05000305175781,66.62999725341797,39.62966537475586,2568000,
2013-09-12,66.6500015258789,67.0,66.08000183105469,66.19999694824219,39.37392044067383,2628600,
2013-09-13,66.29000091552734,66.5199966430664,66.05999755859375,66.38999938964844,39.48692321777344,2582600,
2013-09-16,67.37000274658203,67.93000030517578,66.87999725341797,67.05000305175781,39.87947082519531,4413800,
2013-09-17,67.02999877929688,67.55999755859375,66.9000015258789,67.01000213623047,39.85569763183594,3328300,
2013-09-18,67.01000213623047,69.36000061035156,66.30999755859375,69.27999877929688,41.205810546875,4452500,
2013-09-19,69.44000244140625,70.06999969482422,69.16999816894531,69.22000122070312,41.17012023925781,5138400,
2013-09-20,69.06999969482422,69.37999725341797,67.94000244140625,68.08999633789062,40.49802780151367,4082500,
2013-09-23,67.44999694824219,67.77999877929688,66.97000122070312,67.01000213623047,40.22074508666992,3523100,"{""dividend_amount"": 0.618}"
2013-09-24,66.98999786376953,67.16999816894531,66.45999908447266,66.5,39.914615631103516,4447700,
2013-09-25,66.63999938964844,67.1500015258789,66.20999908447266,66.72000122070312,40.04666519165039,2626300,
2013-09-26,66.83000183105469,67.16000366210938,66.68000030517578,67.12999725341797,40.292762756347656,1465400,
2013-09-27,66.94000244140625,67.20999908447266,66.41000366210938,66.8499984741211,40.124691009521484,3412300,
2013-09-30,66.29000091552734,67.0,65.88999938964844,66.13999938964844,39.69853973388672,3804700,
2013-10-01,66.1500015258789,67.80000305175781,66.0,67.0999984741211,40.27475357055664,4416100,
2013-10-02,66.7699966430664,67.23999786376953,66.44999694824219,67.19999694824219,40.334774017333984,2604000,
2013-10-03,66.91999816894531,67.05999755859375,65.68000030517578,66.02999877929688,39.63252258300781,6150600,
2013-10-04,66.05999755859375,66.41999816894531,65.52999877929688,65.9000015258789,39.554500579833984,2389200,
2013-10-07,65.54000091552734,66.47000122070312,65.5,66.19999694824219,39.73455810546875,2267400,
2013-10-08,66.11000061035156,66.41999816894531,65.47000122070312,65.4800033569336,39.302391052246094,2622000,
2013-10-09,65.5,66.18000030517578,65.4000015258789,65.48999786376953,39.30840301513672,2896600,
2013-10-10,66.0199966430664,67.22000122070312,66.0,67.16000366210938,40.310768127441406,2370200,
2013-10-11,67.05000305175781,67.9000015258789,66.86000061035156,67.83000183105469,40.712913513183594,2111100,
2013-10-14,67.44000244140625,67.94000244140625,67.26000213623047,67.87000274658203,40.7369270324707,2278000,
2013-10-15,67.7699966430664,68.19000244140625,67.4800033569336,67.62000274658203,40.586875915527344,3231700,
2013-10-16,67.9000015258789,68.95999908447266,67.7699966430664,68.88999938964844,41.349143981933594,3066400,
2013-10-17,68.6500015258789,70.05999755859375,68.52999877929688,69.93000030517578,41.97336959838867,3258600,
2013-10-18,70.30000305175781,70.31999969482422,69.45999908447266,69.86000061035156,41.931365966796875,2685200,
2013-10-21,69.83000183105469,69.87999725341797,69.11000061035156,69.44000244140625,41.67927551269531,2276500,
2013-10-22,69.5,70.36000061035156,69.44999694824219,70.08000183105469,42.063411712646484,3611600,
2013-10-23,69.94999694824219,70.25,69.68000030517578,70.20999908447266,42.14143371582031,4650000,
2013-10-24,70.44999694824219,70.44999694824219,69.79000091552734,70.19000244140625,42.12944030761719,1600400,
2013-10-25,70.36000061035156,71.12999725341797,70.19999694824219,71.05000305175781,42.6456298828125,2213000,
2013-10-28,71.0999984741211,71.0999984741211,69.94999694824219,70.54000091552734,42.33952331542969,3347400,
2013-10-29,70.16000366210938,70.54000091552734,69.7300033569336,70.12999725341797,42.09341812133789,3174900,
2013-10-30,70.04000091552734,70.2300033569336,69.19999694824219,69.54000091552734,41.739288330078125,2466500,
2013-10-31,69.62000274658203,69.77999877929688,68.66000366210938,69.12999725341797,41.49319839477539,4039600,
2013-11-01,69.41000366210938,69.69999694824219,68.7300033569336,69.48999786376953,41.70927429199219,3448800,
2013-11-04,69.86000061035156,69.94999694824219,68.9800033569336,69.62000274658203,41.78731155395508,2640800,
2013-11-05,69.3499984741211,69.3499984741211,68.3499984741211,68.4800033569336,41.10307312011719,2533800,
2013-11-06,68.56999969482422,69.0,68.29000091552734,68.37999725341797,41.04303741455078,2256900,
2013-11-07,68.38999938964844,68.62999725341797,67.37999725341797,67.52999877929688,40.532840728759766,3236900,
2013-11-08,66.91999816894531,67.22000122070312,65.66000366210938,66.62000274658203,39.98666000366211,3577500,
2013-11-11,66.5,67.0999984741211,66.44999694824219,66.69000244140625,40.02867126464844,2243000,
2013-11-12,66.51000213623047,66.6500015258789,65.86000061035156,66.38999938964844,39.84860610961914,2269900,
2013-11-13,66.29000091552734,66.81999969482422,65.95999908447266,66.81999969482422,40.10670471191406,2547100,
2013-11-14,66.98999786376953,67.77999877929688,66.9000015258789,67.29000091552734,40.3888053894043,2483500,
2013-11-15,67.3499984741211,67.6500015258789,67.13999938964844,67.54000091552734,40.538856506347656,2140300,
2013-11-18,67.79000091552734,67.80000305175781,67.05000305175781,67.12000274658203,40.286766052246094,1739500,
2013-11-19,66.9800033569336,67.13999938964844,66.37999725341797,66.6500015258789,40.00465774536133,2202800,
2013-11-20,66.61000061035156,67.2699966430664,65.6500015258789,65.83999633789062,39.51848220825195,2922700,
2013-11-21,66.0199966430664,66.51000213623047,65.75,66.3499984741211,39.82459259033203,2998000,
2013-11-22,66.4800033569336,66.55000305175781,65.73999786376953,66.08999633789062,39.66853332519531,1919400,
2013-11-25,66.16000366210938,66.20999908447266,65.69000244140625,65.77999877929688,39.48246765136719,2934200,
2013-11-26,65.93000030517578,65.94000244140625,65.4000015258789,65.55000305175781,39.344417572021484,2673400,
2013-11-27,65.58000183105469,66.16000366210938,65.4800033569336,66.11000061035156,39.680538177490234,2990600,
2013-11-29,65.83000183105469,66.19000244140625,65.4000015258789,65.5,39.31440734863281,2259600,
2013-12-02,65.43000030517578,65.62000274658203,64.86000061035156,65.12000274658203,39.0863151550293,3659000,
2013-12-03,64.91000366210938,65.20999908447266,64.70999908447266,64.98999786376953,39.00828170776367,2246800,
2013-12-04,64.47000122070312,65.69000244140625,64.38999938964844,65.2300033569336,39.15234375,3189600,
2013-12-05,65.16999816894531,65.55000305175781,64.70999908447266,65.45999908447266,39.29039764404297,2622100,
2013-12-06,65.91999816894531,66.0999984741211,65.61000061035156,65.93000030517578,39.572486877441406,2022500,
2013-12-09,66.26000213623047,66.30999755859375,65.66000366210938,66.25,39.76456832885742,2326100,
2013-12-10,66.12999725341797,66.51000213623047,66.08000183105469,66.08000183105469,39.662540435791016,2439600,
2013-12-11,66.08999633789062,66.19999694824219,64.5,64.55999755859375,38.750179290771484,2789100,
2013-12-12,64.45999908447266,64.5999984741211,63.959999084472656,64.19999694824219,38.53409194946289,2746100,
2013-12-13,64.43000030517578,65.12000274658203,64.19000244140625,64.36000061035156,38.63015365600586,3165400,
2013-12-16,64.51000213623047,64.75,64.29000091552734,64.58000183105469,38.762203216552734,2571400,
2013-12-17,64.61000061035156,65.05999755859375,64.36000061035156,64.87999725341797,38.942264556884766,2640100,
2013-12-18,64.91000366210938,66.08999633789062,64.1500015258789,66.02999877929688,39.63252258300781,4120500,
2013-12-19,65.83999633789062,65.87000274658203,64.75,65.12000274658203,39.0863151550293,3297500,
2013-12-20,65.11000061035156,65.58000183105469,64.94999694824219,65.5199966430664,39.3264045715332,3832900,
2013-12-23,65.72000122070312,66.05000305175781,65.56999969482422,65.6500015258789,39.40443420410156,4183400,
2013-12-24,64.68000030517578,64.86000061035156,64.52999877929688,64.69999694824219,39.43979263305664,1801200,"{""dividend_amount"": 1.008}"
2013-12-26,64.81999969482422,65.23999786376953,64.58999633789062,64.75,39.47027587890625,4333500,
2013-12-27,64.9000015258789,65.0,64.31999969482422,64.88999938964844,39.55561828613281,3277100,
2013-12-30,64.87999725341797,65.16000366210938,64.76000213623047,64.91000366210938,39.567813873291016,3603900,
2013-12-31,64.91999816894531,65.1500015258789,64.44999694824219,64.55999755859375,39.35444641113281,5576900,
2014-01-02,64.27999877929688,64.75,64.05000305175781,64.56999969482422,39.36054992675781,5829600,
2014-01-03,64.48999786376953,65.18000030517578,64.41000366210938,64.93000030517578,39.57999038696289,2771700,
2014-01-06,65.13999938964844,65.55999755859375,64.93000030517578,65.26000213623047,39.78116226196289,2917500,
2014-01-07,65.23999786376953,65.81999969482422,65.06999969482422,65.55000305175781,39.95793914794922,2582600,
2014-01-08,65.37999725341797,65.62000274658203,64.94000244140625,65.2300033569336,39.76286697387695,3368400,
2014-01-09,65.48999786376953,65.51000213623047,64.75,65.2300033569336,39.76286697387695,2543000,
2014-01-10,65.76000213623047,66.16000366210938,65.61000061035156,66.12000274658203,40.30540084838867,2683900,
2014-01-13,66.0999984741211,66.2300033569336,65.5,65.68000030517578,40.03717803955078,3650800,
2014-01-14,65.91000366210938,66.36000061035156,65.66000366210938,66.16000366210938,40.329776763916016,2383400,
2014-01-15,66.1500015258789,66.77999877929688,66.1500015258789,66.66000366210938,40.634559631347656,3069700,
2014-01-16,66.55000305175781,66.80999755859375,66.55000305175781,66.77999877929688,40.70771026611328,2704800,
2014-01-17,66.8499984741211,66.97000122070312,66.33000183105469,66.38999938964844,40.46997833251953,2957800,
2014-01-21,66.72000122070312,67.25,66.58999633789062,66.98999786376953,40.83572006225586,3255800,
2014-01-22,67.02999877929688,67.47000122070312,67.0,67.27999877929688,41.01250076293945,3432800,
2014-01-23,67.05000305175781,67.26000213623047,66.80000305175781,67.12000274658203,40.91497802734375,3262600,
2014-01-24,66.81999969482422,66.91999816894531,66.13999938964844,66.27999877929688,40.402915954589844,2745800,
2014-01-27,66.31999969482422,66.58000183105469,65.51000213623047,65.7699966430664,40.09204864501953,3818500,
2014-01-28,65.8499984741211,66.44000244140625,65.79000091552734,66.31999969482422,40.427310943603516,2406700,
2014-01-29,65.98999786376953,66.29000091552734,65.62999725341797,65.95999908447266,40.20786666870117,3308200,
2014-01-30,66.20999908447266,67.20999908447266,66.1500015258789,66.95999908447266,40.81744384765625,2990100,
2014-01-31,66.43000030517578,67.62000274658203,66.22000122070312,67.31999969482422,41.03689193725586,5454400,
2014-02-03,67.22000122070312,67.31999969482422,65.98999786376953,66.25,40.3846321105957,7310400,
2014-02-04,66.31999969482422,67.08999633789062,66.05999755859375,67.05000305175781,40.8723030090332,4472100,
2014-02-05,66.5999984741211,67.01000213623047,66.54000091552734,66.91000366210938,40.78696060180664,2656000,
2014-02-06,66.94999694824219,67.5,66.91000366210938,67.4000015258789,41.08565139770508,2755500,
2014-02-07,67.81999969482422,68.01000213623047,67.4000015258789,67.91000366210938,41.39653015136719,5918800,
2014-02-10,68.12000274658203,68.75,67.68000030517578,68.55000305175781,41.786678314208984,6276300,
2014-02-11,68.43000030517578,69.16000366210938,68.33000183105469,68.81999969482422,41.95126724243164,7136400,
2014-02-12,69.0199966430664,69.02999877929688,68.5199966430664,68.86000061035156,41.975643157958984,3335400,
2014-02-13,68.61000061035156,69.44000244140625,68.48999786376953,69.12000274658203,42.13413619995117,2754600,
2014-02-14,69.01000213623047,69.5199966430664,69.01000213623047,69.38999938964844,42.29872512817383,2509200,
2014-02-18,69.61000061035156,69.7300033569336,69.02999877929688,69.7300033569336,42.505977630615234,3819900,
2014-02-19,69.5999984741211,70.43000030517578,69.55999755859375,69.69000244140625,42.481597900390625,4334000,
2014-02-20,69.69999694824219,70.23999786376953,69.29000091552734,69.54000091552734,42.39015579223633,3503400,
2014-02-21,69.58000183105469,70.0,69.19999694824219,69.70999908447266,42.4937858581543,2406000,
2014-02-24,69.9800033569336,70.56999969482422,69.83999633789062,69.87999725341797,42.597415924072266,3690100,
2014-02-25,70.0,70.44000244140625,69.8499984741211,70.11000061035156,42.73762130737305,3329500,
2014-02-26,70.3499984741211,70.52999877929688,70.01000213623047,70.2699966430664,42.835147857666016,4623500,
2014-02-27,70.30000305175781,70.52999877929688,69.77999877929688,70.08000183105469,42.71933364868164,3334400,
2014-02-28,70.1500015258789,70.98999786376953,70.05000305175781,70.7300033569336,43.11555099487305,8733500,
2014-03-03,70.29000091552734,70.83999633789062,70.05999755859375,70.7699966430664,43.139923095703125,5816200,
2014-03-04,71.2699966430664,71.87999725341797,71.13999938964844,71.79000091552734,43.761714935302734,4444400,
2014-03-05,71.83999633789062,72.01000213623047,71.13999938964844,71.69999694824219,43.70683288574219,3489400,
2014-03-06,71.83000183105469,71.83000183105469,70.94000244140625,71.0999984741211,43.341094970703125,3705600,
2014-03-07,70.7699966430664,70.97000122070312,70.0199966430664,70.33000183105469,42.871734619140625,3665900,
2014-03-10,70.36000061035156,70.44000244140625,69.69000244140625,69.95999908447266,42.64617919921875,6387500,
2014-03-11,70.05000305175781,70.66999816894531,70.0,70.4000015258789,42.91439437866211,5101900,
2014-03-12,70.1500015258789,70.69000244140625,70.1500015258789,70.61000061035156,43.04240417480469,2711900,
2014-03-13,70.73999786376953,70.87000274658203,70.1500015258789,70.27999877929688,42.841251373291016,3688000,
2014-03-14,70.33999633789062,70.77999877929688,70.16000366210938,70.45999908447266,42.950958251953125,2713900,
2014-03-17,71.02999877929688,71.06999969482422,70.4000015258789,70.61000061035156,43.04240417480469,3115600,
2014-03-18,70.62999725341797,70.9000015258789,70.33999633789062,70.81999969482422,43.1704216003418,2483700,
2014-03-19,71.0,71.19000244140625,69.23999786376953,69.4800033569336,42.353580474853516,4561500,
2014-03-20,69.37000274658203,69.62000274658203,68.79000091552734,69.5999984741211,42.426727294921875,3811500,
2014-03-21,69.81999969482422,70.47000122070312,69.75,70.23999786376953,42.81686019897461,2970400,
2014-03-24,70.44000244140625,70.48999786376953,69.41999816894531,69.77999877929688,42.53645324707031,5826500,
2014-03-25,69.87000274658203,70.08999633789062,69.44000244140625,69.95999908447266,42.92483901977539,3125500,"{""dividend_amount"": 0.453}"
2014-03-26,70.25,70.37999725341797,69.16000366210938,69.16999816894531,42.440128326416016,4286800,
2014-03-27,69.1500015258789,69.66999816894531,68.87000274658203,69.61000061035156,42.7100944519043,3097600,
2014-03-28,69.76000213623047,70.29000091552734,69.7300033569336,70.02999877929688,42.96778869628906,2278400,
2014-03-31,70.44999694824219,70.83000183105469,69.79000091552734,70.62000274658203,43.32978820800781,3597700,
2014-04-01,70.7699966430664,70.94000244140625,70.12999725341797,70.94000244140625,43.52613830566406,5804400,
2014-04-02,70.9000015258789,71.06999969482422,70.52999877929688,71.0,43.56293869018555,3266700,
2014-04-03,71.0999984741211,71.12999725341797,70.5999984741211,70.8499984741211,43.47090530395508,2372300,
2014-04-04,71.1500015258789,71.52999877929688,70.7699966430664,71.08999633789062,43.6181640625,3600300,
2014-04-07,71.11000061035156,71.80000305175781,71.08000183105469,71.31999969482422,43.759281158447266,3845100,
2014-04-08,71.37999725341797,71.80000305175781,71.11000061035156,71.76000213623047,44.02924728393555,2935500,
2014-04-09,72.0,72.0,71.19999694824219,71.58000183105469,43.918827056884766,4339600,
2014-04-10,71.69000244140625,71.9800033569336,70.70999908447266,70.9000015258789,43.50157928466797,4136300,
2014-04-11,70.7699966430664,71.1500015258789,70.37000274658203,70.47000122070312,43.237762451171875,3785000,
2014-04-14,70.83000183105469,70.98999786376953,70.37000274658203,70.88999938964844,43.495460510253906,2963500,
2014-04-15,70.98999786376953,71.76000213623047,70.83999633789062,71.7300033569336,44.01085662841797,3800100,
2014-04-16,71.9800033569336,72.27999877929688,71.68000030517578,72.19000244140625,44.2931022644043,2141600,
2014-04-17,72.13999938964844,72.1500015258789,71.51000213623047,71.7699966430664,44.0353889465332,3736800,
2014-04-21,71.87000274658203,72.26000213623047,71.77999877929688,72.18000030517578,44.28694534301758,2447200,
2014-04-22,72.26000213623047,72.43000030517578,71.63999938964844,72.33999633789062,44.38511657714844,2889700,
2014-04-23,72.33000183105469,72.47000122070312,71.87000274658203,72.05000305175781,44.207191467285156,3180700,
2014-04-24,72.19999694824219,72.48999786376953,72.06999969482422,72.3499984741211,44.39125442504883,2332400,
2014-04-25,72.38999938964844,72.43000030517578,71.91000366210938,72.06999969482422,44.219459533691406,2608900,
2014-04-28,72.29000091552734,72.69000244140625,71.94000244140625,72.62999725341797,44.56304168701172,2994200,
2014-04-29,72.8499984741211,72.98999786376953,72.4800033569336,72.68000030517578,44.59374237060547,2944200,
2014-04-30,72.81999969482422,72.98999786376953,72.44999694824219,72.94000244140625,44.75326156616211,2660700,
2014-05-01,73.05999755859375,73.31999969482422,72.30999755859375,73.25,44.9434700012207,3817400,
2014-05-02,72.9000015258789,73.55000305175781,72.86000061035156,73.2300033569336,44.93119812011719,3495200,
2014-05-05,73.0,73.44000244140625,72.69000244140625,73.37999725341797,45.023223876953125,2628500,
2014-05-06,73.05999755859375,73.38999938964844,72.87000274658203,73.12000274658203,44.86369705200195,2879800,
2014-05-07,73.27999877929688,74.05000305175781,73.16000366210938,74.0,45.40363311767578,4417300,
2014-05-08,73.97000122070312,74.51000213623047,73.9000015258789,74.16999816894531,45.5079460144043,3389200,
2014-05-09,74.22000122070312,74.44999694824219,73.80000305175781,74.22000122070312,45.538612365722656,3706300,
2014-05-12,74.13999938964844,74.5999984741211,74.13999938964844,74.44999694824219,45.67974090576172,2983200,
2014-05-13,74.4800033569336,75.0199966430664,73.86000061035156,73.97000122070312,45.385223388671875,2476600,
2014-05-14,74.05000305175781,74.30000305175781,73.69000244140625,74.0,45.40363311767578,3956800,
2014-05-15,74.05000305175781,74.08000183105469,73.3499984741211,73.95999908447266,45.379112243652344,2941200,
2014-05-16,74.02999877929688,74.6500015258789,73.6500015258789,74.63999938964844,45.79631805419922,2478900,
2014-05-19,74.61000061035156,74.61000061035156,74.0,74.33999633789062,45.61223220825195,2420400,
2014-05-20,74.38999938964844,74.5999984741211,73.87000274658203,74.11000061035156,45.47112274169922,2210200,
2014-05-21,74.36000061035156,74.36000061035156,73.5,73.62000274658203,45.17049026489258,2164800,
2014-05-22,73.69000244140625,73.9000015258789,73.44999694824219,73.48999786376953,45.09071350097656,1820600,
2014-05-23,73.48999786376953,74.16999816894531,73.48999786376953,74.13999938964844,45.489540100097656,1418000,
2014-05-27,74.33999633789062,74.70999908447266,74.18000030517578,74.66999816894531,45.81471252441406,2713200,
2014-05-28,74.4000015258789,74.43000030517578,73.76000213623047,74.19999694824219,45.52634811401367,2363100,
2014-05-29,74.30000305175781,74.4000015258789,74.01000213623047,74.3499984741211,45.61838150024414,2379800,
2014-05-30,74.27999877929688,74.77999877929688,74.22000122070312,74.69000244140625,45.82699966430664,3281400,
2014-06-02,74.91999816894531,75.11000061035156,74.55999755859375,74.91999816894531,45.968101501464844,3096500,
2014-06-03,74.91000366210938,74.97000122070312,74.62000274658203,74.87999725341797,45.943572998046875,1828800,
2014-06-04,74.88999938964844,75.19000244140625,74.62999725341797,75.02999877929688,46.035614013671875,1910500,
2014-06-05,75.19999694824219,76.44000244140625,74.91000366210938,76.41000366210938,46.882328033447266,4992400,
2014-06-06,76.7699966430664,76.7699966430664,75.94999694824219,76.08999633789062,46.685970306396484,9927200,
2014-06-09,76.16999816894531,76.33999633789062,75.02999877929688,75.16999816894531,46.12150573730469,2468000,
2014-06-10,75.11000061035156,75.19000244140625,74.33999633789062,74.61000061035156,45.777915954589844,2614700,
2014-06-11,74.30999755859375,74.7300033569336,74.04000091552734,74.41000366210938,45.65522003173828,2365800,
2014-06-12,74.4000015258789,74.45999908447266,73.6500015258789,74.22000122070312,45.538612365722656,2249600,
2014-06-13,74.22000122070312,74.52999877929688,73.7300033569336,74.41000366210938,45.65522003173828,1853100,
2014-06-16,74.3499984741211,74.66000366210938,73.91999816894531,74.02999877929688,45.42205047607422,2643400,
2014-06-17,73.9800033569336,74.30000305175781,73.69999694824219,74.22000122070312,45.538612365722656,1942400,
2014-06-18,74.2300033569336,74.91000366210938,73.91999816894531,74.73999786376953,45.85765838623047,2734500,
2014-06-19,74.94000244140625,75.36000061035156,74.69999694824219,75.36000061035156,46.23809051513672,2555800,
2014-06-20,75.36000061035156,75.66000366210938,74.94999694824219,75.62000274658203,46.397605895996094,2133100,
2014-06-23,75.58999633789062,75.91000366210938,75.30000305175781,75.30999755859375,46.20740509033203,4780100,
2014-06-24,74.62000274658203,74.91000366210938,74.43000030517578,74.66999816894531,46.241455078125,3286300,"{""dividend_amount"": 0.695}"
2014-06-25,74.58999633789062,74.77999877929688,74.33000183105469,74.5199966430664,46.1485710144043,3838900,
2014-06-26,74.55999755859375,74.58999633789062,74.2300033569336,74.44999694824219,46.105228424072266,2612600,
2014-06-27,74.33999633789062,75.02999877929688,74.27999877929688,75.0199966430664,46.45820617675781,2013100,
2014-06-30,75.06999969482422,75.08000183105469,74.33999633789062,74.83999633789062,46.34672927856445,4124700,
2014-07-01,74.88999938964844,75.44000244140625,74.62999725341797,75.23999786376953,46.59443664550781,3025500,
2014-07-02,75.23999786376953,75.23999786376953,74.62999725341797,75.05999755859375,46.48297119140625,2935000,
2014-07-03,74.79000091552734,74.87999725341797,74.30999755859375,74.62999725341797,46.21669387817383,2878500,
2014-07-07,74.51000213623047,74.97000122070312,74.51000213623047,74.8499984741211,46.35293197631836,2436200,
2014-07-08,74.62000274658203,75.31999969482422,74.62000274658203,75.06999969482422,46.48916244506836,3175000,
2014-07-09,75.16999816894531,75.30999755859375,74.66000366210938,75.19000244140625,46.56349182128906,2534800,
2014-07-10,74.80999755859375,75.69999694824219,74.72000122070312,75.52999877929688,46.774051666259766,3409400,
2014-07-11,75.5,75.62999725341797,75.16999816894531,75.54000091552734,46.780216217041016,2629400,
2014-07-14,75.72000122070312,75.9800033569336,75.4000015258789,75.91000366210938,47.00936508178711,1907000,
2014-07-15,75.95999908447266,76.0999984741211,75.56999969482422,75.95999908447266,47.04035186767578,2907800,
2014-07-16,76.12000274658203,76.2699966430664,75.73999786376953,76.19999694824219,47.18894958496094,2204200,
2014-07-17,76.05999755859375,76.18000030517578,75.69999694824219,75.80999755859375,46.94744110107422,2930400,
2014-07-18,75.8499984741211,76.58000183105469,75.80000305175781,76.55999755859375,47.41188430786133,2042200,
2014-07-21,76.36000061035156,76.41999816894531,76.05000305175781,76.27999877929688,47.238494873046875,2612300,
2014-07-22,76.41000366210938,76.75,76.41000366210938,76.5199966430664,47.38712692260742,2536100,
2014-07-23,76.61000061035156,76.7699966430664,76.41000366210938,76.66000366210938,47.473838806152344,1972200,
2014-07-24,76.8499984741211,76.87999725341797,76.37999725341797,76.55999755859375,47.41188430786133,2035000,
2014-07-25,76.66000366210938,76.66000366210938,76.0,76.02999877929688,47.08367919921875,4739600,
2014-07-28,76.1500015258789,76.76000213623047,76.0999984741211,76.55999755859375,47.41188430786133,2155500,
2014-07-29,76.69999694824219,76.73999786376953,76.08999633789062,76.19000244140625,47.18278121948242,1898000,
2014-07-30,76.16999816894531,76.4800033569336,75.66999816894531,76.02999877929688,47.08367919921875,3117400,
2014-07-31,75.6500015258789,75.91999816894531,74.9000015258789,74.9000015258789,46.383907318115234,3195700,
2014-08-01,74.88999938964844,75.4000015258789,74.72000122070312,74.72000122070312,46.27244186401367,3394800,
2014-08-04,74.91999816894531,75.41000366210938,74.38999938964844,75.23999786376953,46.59443664550781,2458400,
2014-08-05,74.94999694824219,75.19999694824219,74.30999755859375,74.47000122070312,46.11760330200195,2968400,
2014-08-06,74.26000213623047,74.79000091552734,74.0,74.44000244140625,46.09903335571289,1930600,
2014-08-07,74.66999816894531,74.87999725341797,74.31999969482422,74.4800033569336,46.123802185058594,2299300,
2014-08-08,74.5999984741211,74.97000122070312,74.33000183105469,74.91999816894531,46.396270751953125,2574200,
2014-08-11,75.12000274658203,75.61000061035156,75.0,75.38999938964844,46.68734359741211,2307300,
2014-08-12,75.37000274658203,75.61000061035156,75.12999725341797,75.2699966430664,46.61304473876953,1510400,
2014-08-13,75.41000366210938,76.38999938964844,75.41000366210938,76.36000061035156,47.28805160522461,1847200,
2014-08-14,76.5,76.63999938964844,76.1500015258789,76.30999755859375,47.257076263427734,2020500,
2014-08-15,76.55000305175781,76.72000122070312,75.94999694824219,76.2300033569336,47.20752716064453,2972400,
2014-08-18,76.41000366210938,76.98999786376953,76.41000366210938,76.9800033569336,47.67197799682617,2328200,
2014-08-19,77.1500015258789,77.33000183105469,76.87999725341797,77.13999938964844,47.771087646484375,1893300,
2014-08-20,77.1500015258789,77.61000061035156,76.72000122070312,77.48999786376953,47.987815856933594,2361100,
2014-08-21,77.55000305175781,77.83999633789062,77.31999969482422,77.37000274658203,47.91352462768555,2436900,
2014-08-22,77.33999633789062,77.37000274658203,76.48999786376953,76.75,47.529571533203125,2568700,
2014-08-25,77.12999725341797,77.19999694824219,76.30999755859375,76.58000183105469,47.42428970336914,1913700,
2014-08-26,76.62000274658203,76.94000244140625,76.5999984741211,76.7300033569336,47.51717758178711,1762400,
2014-08-27,76.81999969482422,77.0,76.58999633789062,76.77999877929688,47.54814529418945,1527300,
2014-08-28,76.72000122070312,76.93000030517578,76.5,76.7699966430664,47.54195022583008,2491900,
2014-08-29,76.87000274658203,77.18000030517578,76.70999908447266,77.18000030517578,47.79584884643555,1857400,
2014-09-02,77.05000305175781,77.33000183105469,76.9800033569336,77.19000244140625,47.80205154418945,2356800,
2014-09-03,77.3499984741211,77.48999786376953,77.11000061035156,77.38999938964844,47.925899505615234,2254000,
2014-09-04,77.38999938964844,77.61000061035156,76.86000061035156,77.0999984741211,47.74630355834961,2032500,
2014-09-05,77.2300033569336,77.94999694824219,77.12999725341797,77.91999816894531,48.25410842895508,2285600,
2014-09-08,77.86000061035156,78.08000183105469,77.61000061035156,77.83999633789062,48.204559326171875,3472300,
2014-09-09,77.83999633789062,77.83999633789062,77.22000122070312,77.36000061035156,47.90732192993164,2389600,
2014-09-10,77.25,77.25,76.08000183105469,76.13999938964844,47.151798248291016,3369300,
2014-09-11,76.05999755859375,76.43000030517578,75.8499984741211,76.19999694824219,47.18894958496094,3158100,
2014-09-12,75.8499984741211,75.87000274658203,73.44999694824219,73.86000061035156,45.739845275878906,5664200,
2014-09-15,73.83000183105469,74.19999694824219,73.23999786376953,73.5,45.516910552978516,4031200,
2014-09-16,73.52999877929688,74.44000244140625,73.5,74.22000122070312,45.96278381347656,3866000,
2014-09-17,74.44999694824219,74.8499984741211,74.0999984741211,74.19999694824219,45.95040512084961,3340200,
2014-09-18,74.29000091552734,74.4000015258789,73.51000213623047,73.55000305175781,45.547874450683594,3321000,
2014-09-19,73.55000305175781,73.95999908447266,73.38999938964844,73.63999938964844,45.603607177734375,3465500,
2014-09-22,73.55000305175781,73.5999984741211,73.05999755859375,73.05999755859375,45.244422912597656,2511100,
2014-09-23,73.02999877929688,73.3499984741211,72.5,72.52999877929688,44.91619873046875,5408600,
2014-09-24,71.8499984741211,72.52999877929688,71.52999877929688,71.66999816894531,44.79618835449219,4459300,"{""dividend_amount"": 0.668}"
2014-09-25,71.70999908447266,71.80999755859375,71.08999633789062,71.3499984741211,44.596187591552734,5149900,
2014-09-26,71.23999786376953,72.37999725341797,71.12000274658203,72.30999755859375,45.19622039794922,3992400,
2014-09-29,71.87999725341797,72.26000213623047,71.4800033569336,72.20999908447266,45.13371276855469,3798600,
2014-09-30,72.23999786376953,72.41000366210938,71.68000030517578,71.8499984741211,44.90870666503906,4720400,
2014-10-01,71.5999984741211,72.38999938964844,71.5999984741211,71.91000366210938,44.94621276855469,6004400,
2014-10-02,71.8499984741211,72.2699966430664,71.31999969482422,71.79000091552734,44.87120819091797,4035000,
2014-10-03,72.08999633789062,72.41999816894531,71.66999816894531,72.23999786376953,45.15245819091797,3338400,
2014-10-06,72.43000030517578,72.83999633789062,72.25,72.43000030517578,45.271236419677734,2874400,
2014-10-07,72.29000091552734,72.63999938964844,71.8499984741211,71.86000061035156,44.91496276855469,2711000,
2014-10-08,72.04000091552734,73.45999908447266,71.98999786376953,73.41999816894531,45.89000701904297,4952700,
2014-10-09,73.3499984741211,74.29000091552734,73.30000305175781,73.41999816894531,45.89000701904297,4812800,
2014-10-10,73.52999877929688,74.4000015258789,73.47000122070312,73.48999786376953,45.93376159667969,4856500,
2014-10-13,73.80000305175781,74.30999755859375,73.5,73.55999755859375,45.97752380371094,4322300,
2014-10-14,73.87000274658203,75.26000213623047,73.7699966430664,74.75,46.7213249206543,4833400,
2014-10-15,74.48999786376953,75.05999755859375,73.77999877929688,74.45999908447266,46.5400505065918,6098400,
2014-10-16,73.48999786376953,74.79000091552734,73.48999786376953,74.58000183105469,46.61505126953125,4380100,
2014-10-17,75.16999816894531,75.26000213623047,74.05000305175781,74.66999816894531,46.671295166015625,3592900,
2014-10-20,74.80000305175781,75.83000183105469,74.69000244140625,75.80999755859375,47.383827209472656,3538000,
2014-10-21,76.05000305175781,76.54000091552734,75.62000274658203,76.5,47.81511306762695,3590600,
2014-10-22,76.55000305175781,77.0199966430664,76.38999938964844,76.5199966430664,47.8276252746582,3685100,
2014-10-23,76.97000122070312,77.27999877929688,76.58000183105469,77.11000061035156,48.19639587402344,4636200,
2014-10-24,77.16999816894531,77.44999694824219,76.61000061035156,77.05000305175781,48.15888977050781,3367300,
2014-10-27,77.01000213623047,77.6500015258789,76.94999694824219,77.62000274658203,48.515159606933594,3241900,
2014-10-28,77.4000015258789,77.95999908447266,77.31999969482422,77.95999908447266,48.72764587402344,2537300,
2014-10-29,77.83000183105469,77.87999725341797,76.8499984741211,77.5199966430664,48.452659606933594,3652200,
2014-10-30,77.41999816894531,78.01000213623047,77.12999725341797,78.01000213623047,48.75891876220703,2619400,
2014-10-31,78.38999938964844,79.05000305175781,78.30000305175781,78.98999786376953,49.371456146240234,5992000,
2014-11-03,79.02999877929688,79.68000030517578,78.87000274658203,79.68000030517578,49.80271911621094,5130100,
2014-11-04,79.66000366210938,79.81999969482422,79.0,79.80999755859375,49.88397979736328,2749400,
2014-11-05,79.9800033569336,80.18000030517578,79.18000030517578,79.63999938964844,49.777740478515625,2257200,
2014-11-06,79.61000061035156,79.91000366210938,78.9000015258789,79.02999877929688,49.39645767211914,3025000,
2014-11-07,79.11000061035156,79.30999755859375,78.55000305175781,78.93000030517578,49.33393478393555,3680900,
2014-11-10,78.75,79.62000274658203,78.68000030517578,79.58000183105469,49.74021530151367,2141300,
2014-11-11,79.55000305175781,79.63999938964844,78.91999816894531,79.2699966430664,49.54644775390625,2158300,
2014-11-12,79.30000305175781,79.3499984741211,78.54000091552734,78.66999816894531,49.17144775390625,3648500,
2014-11-13,78.83000183105469,79.29000091552734,78.7300033569336,79.0999984741211,49.44020462036133,4038700,
2014-11-14,79.0999984741211,79.23999786376953,78.29000091552734,78.44999694824219,49.03392791748047,3117900,
2014-11-17,78.3499984741211,78.93000030517578,78.3499984741211,78.80000305175781,49.25270080566406,2501400,
2014-11-18,78.80999755859375,79.25,78.66000366210938,79.13999938964844,49.46521759033203,2609900,
2014-11-19,78.91999816894531,79.16999816894531,78.41999816894531,78.43000030517578,49.021427154541016,2985900,
2014-11-20,78.37000274658203,78.79000091552734,78.05999755859375,78.69000244140625,49.18394470214844,3400800,
2014-11-21,79.29000091552734,79.37999725341797,78.95999908447266,79.18000030517578,49.490211486816406,2827500,
2014-11-24,79.33999633789062,79.72000122070312,79.29000091552734,79.45999908447266,49.665218353271484,3367400,
2014-11-25,79.62999725341797,79.77999877929688,79.30999755859375,79.5999984741211,49.752716064453125,4664900,
2014-11-26,79.6500015258789,80.44000244140625,79.6500015258789,80.37000274658203,50.23400115966797,2303900,
2014-11-28,80.56999969482422,81.44000244140625,80.4000015258789,80.56999969482422,50.359012603759766,2225200,
2014-12-01,80.5,81.05999755859375,80.2699966430664,80.37000274658203,50.23400115966797,5767100,
2014-12-02,80.36000061035156,80.95999908447266,79.86000061035156,80.87000274658203,50.546504974365234,3641400,
2014-12-03,80.88999938964844,80.9800033569336,80.55000305175781,80.79000091552734,50.496517181396484,3620900,
2014-12-04,80.7699966430664,81.11000061035156,80.37000274658203,81.0,50.62776184082031,3367000,
2014-12-05,80.81999969482422,80.81999969482422,79.95999908447266,80.58999633789062,50.37151336669922,4100400,
2014-12-08,80.44999694824219,82.37999725341797,80.44000244140625,81.0999984741211,50.690284729003906,2651600,
2014-12-09,80.30000305175781,81.63999938964844,80.22000122070312,81.47000122070312,50.92154312133789,3905800,
2014-12-10,81.26000213623047,81.66000366210938,81.05000305175781,81.38999938964844,50.871524810791016,3634400,
2014-12-11,81.37999725341797,81.87000274658203,81.27999877929688,81.54000091552734,50.965274810791016,2845100,
2014-12-12,81.36000061035156,81.79000091552734,80.80000305175781,80.83000183105469,50.52152633666992,3903500,
2014-12-15,81.27999877929688,81.29000091552734,79.62999725341797,79.77999877929688,49.86521911621094,5900900,
2014-12-16,79.77999877929688,80.38999938964844,79.16999816894531,79.66999816894531,49.796485900878906,7097800,
2014-12-17,79.79000091552734,81.54000091552734,79.77999877929688,81.5,50.94028091430664,7227900,
2014-12-18,82.06999969482422,82.16000366210938,81.43000030517578,82.06999969482422,51.296566009521484,6041800,
2014-12-19,82.23999786376953,82.44000244140625,81.80000305175781,82.02999877929688,51.27157974243164,5490300,
2014-12-22,81.1500015258789,82.33999633789062,81.11000061035156,82.27999877929688,52.12873840332031,3600200,"{""dividend_amount"": 1.103}"
2014-12-23,82.56999969482422,82.62999725341797,81.83000183105469,82.05000305175781,51.9830436706543,4804100,
2014-12-24,82.26000213623047,82.41000366210938,81.62000274658203,81.70999908447266,51.76762390136719,1306900,
2014-12-26,82.12000274658203,82.25,81.72000122070312,82.0,51.95136642456055,2907700,
2014-12-29,81.9000015258789,82.7699966430664,81.80000305175781,82.44999694824219,52.236454010009766,2789100,
2014-12-30,82.44000244140625,82.87999725341797,82.19000244140625,82.38999938964844,52.198448181152344,3292600,
2014-12-31,82.7699966430664,83.08999633789062,80.91999816894531,81.0,51.31779479980469,4494500,
2015-01-02,81.69999694824219,82.29000091552734,81.33999633789062,82.22000122070312,52.090736389160156,5570500,
2015-01-05,82.0,82.87999725341797,81.75,82.66999816894531,52.3758430480957,6073700,
2015-01-06,82.75,83.75,82.75,83.48999786376953,52.895347595214844,7577100,
2015-01-07,83.80999755859375,84.88999938964844,83.37000274658203,84.7699966430664,53.706295013427734,6920700,
2015-01-08,85.3499984741211,85.36000061035156,84.41000366210938,85.08999633789062,53.90903091430664,5255000,
2015-01-09,85.08999633789062,85.5199966430664,84.55999755859375,85.12999725341797,53.93438720703125,4643900,
2015-01-12,85.33999633789062,85.87000274658203,85.18000030517578,85.77999877929688,54.346195220947266,5131800,
2015-01-13,86.08000183105469,86.33000183105469,85.19999694824219,85.6500015258789,54.26382064819336,5859600,
2015-01-14,85.5999984741211,86.43000030517578,85.1500015258789,86.38999938964844,54.73264694213867,6249100,
2015-01-15,86.56999969482422,86.80999755859375,86.04000091552734,86.58999633789062,54.8593635559082,5004100,
2015-01-16,86.58999633789062,87.44999694824219,86.27999877929688,87.33999633789062,55.33454132080078,4717000,
2015-01-20,87.7300033569336,87.8499984741211,86.44999694824219,86.6500015258789,54.89738464355469,5012700,
2015-01-21,86.69000244140625,86.69000244140625,86.18000030517578,86.58999633789062,54.8593635559082,4354500,
2015-01-22,86.93000030517578,88.22000122070312,86.70999908447266,88.12999725341797,55.83504104614258,4450600,
2015-01-23,88.11000061035156,88.3499984741211,87.68000030517578,87.87999725341797,55.67664337158203,3491800,
2015-01-26,88.0,88.69000244140625,87.63999938964844,88.62000274658203,56.145469665527344,2885100,
2015-01-27,88.4000015258789,89.0,88.30000305175781,88.6500015258789,56.16449737548828,3209400,
2015-01-28,88.83000183105469,89.2699966430664,88.05999755859375,88.05999755859375,55.79069900512695,3948900,
2015-01-29,88.45999908447266,88.45999908447266,87.45999908447266,88.37000274658203,55.987098693847656,3337500,
2015-01-30,88.20999908447266,88.25,86.54000091552734,86.55000305175781,54.83403015136719,4969800,
2015-02-02,86.52999877929688,86.69000244140625,84.69000244140625,86.31999969482422,54.68830871582031,7523600,
2015-02-03,86.33000183105469,87.0999984741211,85.66000366210938,87.06999969482422,55.16346740722656,4617400,
2015-02-04,86.87000274658203,87.08999633789062,86.20999908447266,86.70999908447266,54.935394287109375,3332800,
2015-02-05,86.91999816894531,87.79000091552734,86.66999816894531,87.75,55.59429931640625,2921600,
2015-02-06,87.54000091552734,87.66000366210938,84.83000183105469,85.19999694824219,53.97874069213867,6323300,
2015-02-09,85.12000274658203,85.61000061035156,84.58000183105469,84.5999984741211,53.59860610961914,4235700,
2015-02-10,84.75,85.05999755859375,83.8499984741211,84.87000274658203,53.769649505615234,6144500,
2015-02-11,85.04000091552734,85.31999969482422,84.04000091552734,84.62000274658203,53.61127853393555,4027100,
2015-02-12,84.81999969482422,85.72000122070312,84.5199966430664,85.62999725341797,54.25115966796875,4523100,
2015-02-13,85.9000015258789,85.94000244140625,84.55999755859375,85.05999755859375,53.89004135131836,3444500,
2015-02-17,85.0,85.86000061035156,84.6500015258789,84.8499984741211,53.756980895996094,6414800,
2015-02-18,84.83999633789062,85.75,84.22000122070312,85.63999938964844,54.257503509521484,5487900,
2015-02-19,85.69000244140625,85.69000244140625,83.61000061035156,83.80000305175781,53.091758728027344,5415600,
2015-02-20,83.81999969482422,84.73999786376953,83.69000244140625,84.61000061035156,53.60493469238281,4982700,
2015-02-23,84.62000274658203,85.33000183105469,84.55000305175781,85.29000091552734,54.03575897216797,3883800,
2015-02-24,85.1500015258789,85.1500015258789,83.25,83.61000061035156,52.97136688232422,6027700,
2015-02-25,83.69999694824219,84.52999877929688,83.52999877929688,83.62999725341797,52.98405075073242,6699700,
2015-02-26,83.62000274658203,83.66000366210938,82.52999877929688,82.72000122070312,52.40753936767578,4738700,
2015-02-27,82.9800033569336,83.58000183105469,82.43000030517578,83.37000274658203,52.8193359375,4328200,
2015-03-02,83.58000183105469,84.7699966430664,83.45999908447266,83.8499984741211,53.12342071533203,5353500,
2015-03-03,83.73999786376953,83.93000030517578,82.97000122070312,83.69000244140625,53.02204895019531,4311400,
2015-03-04,83.69000244140625,83.80000305175781,82.69999694824219,82.88999938964844,52.51521301269531,3054200,
2015-03-05,83.0999984741211,83.94999694824219,83.05000305175781,83.12999725341797,52.66727828979492,3503900,
2015-03-06,82.05999755859375,82.08999633789062,80.22000122070312,80.37000274658203,50.918670654296875,7166500,
2015-03-09,80.6500015258789,81.19000244140625,80.6500015258789,81.01000213623047,51.32413101196289,6548000,
2015-03-10,80.7699966430664,81.33000183105469,80.6500015258789,80.94999694824219,51.286136627197266,5985700,
2015-03-11,81.05000305175781,81.29000091552734,80.70999908447266,81.0199966430664,51.330474853515625,2833100,
2015-03-12,81.31999969482422,82.54000091552734,81.29000091552734,82.43000030517578,52.223793029785156,4013200,
2015-03-13,82.41999816894531,82.61000061035156,81.83000183105469,82.37999725341797,52.19210433959961,2863500,
2015-03-16,82.83999633789062,83.72000122070312,82.62000274658203,83.2300033569336,52.730628967285156,2761500,
2015-03-17,83.06999969482422,83.58000183105469,82.70999908447266,83.19999694824219,52.71161651611328,3764800,
2015-03-18,83.20999908447266,85.18000030517578,82.7300033569336,84.94000244140625,53.81401443481445,5781800,
2015-03-19,84.81999969482422,85.41000366210938,84.55000305175781,84.9000015258789,53.78865051269531,5663200,
2015-03-20,85.4000015258789,87.11000061035156,85.11000061035156,87.02999877929688,55.13814163208008,6004800,
2015-03-23,87.02999877929688,87.61000061035156,86.73999786376953,86.91999816894531,55.06843566894531,3644100,
2015-03-24,86.86000061035156,86.88999938964844,86.16000366210938,86.18000030517578,54.599605560302734,5828800,
2015-03-25,85.88999938964844,86.08000183105469,83.94999694824219,84.19000244140625,53.65762710571289,5391800,"{""dividend_amount"": 0.512}"
2015-03-26,83.9800033569336,84.1500015258789,83.37000274658203,83.75,53.377193450927734,5638200,
2015-03-27,83.81999969482422,84.22000122070312,83.5199966430664,83.86000061035156,53.447288513183594,2330600,
2015-03-30,84.22000122070312,85.13999938964844,84.01000213623047,85.05999755859375,54.21211242675781,4149800,
2015-03-31,84.68000030517578,85.27999877929688,84.06999969482422,84.30999755859375,53.73408508300781,2982800,
2015-04-01,84.37000274658203,84.6500015258789,83.52999877929688,84.19000244140625,53.65762710571289,6666100,
2015-04-02,84.33999633789062,85.13999938964844,84.13999938964844,84.83000183105469,54.06551742553711,3905900,
2015-04-06,85.11000061035156,86.0,84.9800033569336,85.70999908447266,54.62636947631836,4398100,
2015-04-07,85.69000244140625,85.80999755859375,84.19999694824219,84.19999694824219,53.66400909423828,3039000,
2015-04-08,84.47000122070312,84.56999969482422,84.08999633789062,84.33000183105469,53.746856689453125,2630300,
2015-04-09,84.19000244140625,84.19000244140625,82.37999725341797,82.58000183105469,52.63150405883789,5098700,
2015-04-10,83.01000213623047,83.48999786376953,82.27999877929688,82.5199966430664,52.59326171875,3651600,
2015-04-13,82.48999786376953,82.81999969482422,82.27999877929688,82.30000305175781,52.453060150146484,2348700,
2015-04-14,82.4800033569336,83.0,82.4000015258789,82.58999633789062,52.63787841796875,3662600,
2015-04-15,82.91999816894531,82.93000030517578,81.91999816894531,81.97000122070312,52.242733001708984,3514000,
2015-04-16,81.81999969482422,82.52999877929688,81.43000030517578,82.18000030517578,52.376564025878906,3395400,
2015-04-17,81.86000061035156,82.27999877929688,81.23999786376953,81.80000305175781,52.1343879699707,5055300,
2015-04-20,82.12999725341797,82.38999938964844,81.66000366210938,81.91999816894531,52.21086883544922,3191200,
2015-04-21,82.13999938964844,82.58000183105469,81.83000183105469,82.05999755859375,52.30007553100586,3830400,
2015-04-22,82.08000183105469,82.66000366210938,82.01000213623047,82.2300033569336,52.40846252441406,3852800,
2015-04-23,82.22000122070312,82.62999725341797,82.05000305175781,82.44999694824219,52.548641204833984,2266200,
2015-04-24,82.54000091552734,83.0999984741211,82.25,82.62000274658203,52.65699768066406,2291700,
2015-04-27,82.69000244140625,83.30999755859375,82.31999969482422,82.51000213623047,52.58688735961914,2973300,
2015-04-28,82.43000030517578,82.62000274658203,81.81999969482422,82.3499984741211,52.484928131103516,3423400,
2015-04-29,81.55999755859375,81.95999908447266,80.4800033569336,80.69000244140625,51.42692565917969,3149400,
2015-04-30,80.37000274658203,80.47000122070312,78.88999938964844,79.37999725341797,50.59202575683594,8753800,
2015-05-01,79.47000122070312,80.52999877929688,79.30999755859375,79.9800033569336,50.97441864013672,5902600,
2015-05-04,80.23999786376953,80.80000305175781,79.94000244140625,80.05999755859375,51.02539825439453,4563700,
2015-05-05,80.0199966430664,80.0199966430664,78.19000244140625,78.31999969482422,49.91642761230469,6407200,
2015-05-06,78.3499984741211,78.54000091552734,77.72000122070312,78.16999816894531,49.820831298828125,6480100,
2015-05-07,78.27999877929688,79.68000030517578,78.20999908447266,79.37000274658203,50.58564376831055,6360600,
2015-05-08,80.1500015258789,81.56999969482422,80.12000274658203,80.4800033569336,51.2930908203125,5136500,
2015-05-11,80.16999816894531,80.70999908447266,79.02999877929688,79.2699966430664,50.52189636230469,3080600,
2015-05-12,78.68000030517578,79.76000213623047,78.12000274658203,79.51000213623047,50.67487335205078,4739300,
2015-05-13,80.0,80.3499984741211,78.58999633789062,78.75,50.190494537353516,6222300,
2015-05-14,79.19000244140625,80.30999755859375,78.98999786376953,80.2699966430664,51.15924835205078,4905400,
2015-05-15,80.5999984741211,81.33000183105469,80.41000366210938,81.08999633789062,51.68186950683594,4390600,
2015-05-18,80.81999969482422,81.05999755859375,80.44000244140625,80.87999725341797,51.54804611206055,3450200,
2015-05-19,80.4800033569336,81.08000183105469,80.41000366210938,80.5999984741211,51.36956787109375,2784700,
2015-05-20,80.70999908447266,81.08000183105469,80.43000030517578,80.52999877929688,51.32495880126953,3427400,
2015-05-21,80.61000061035156,80.70999908447266,79.77999877929688,80.1500015258789,51.082763671875,2667800,
2015-05-22,79.86000061035156,80.5999984741211,79.5999984741211,80.05000305175781,51.019046783447266,4067500,
2015-05-26,80.0,80.05000305175781,79.20999908447266,79.44000244140625,50.63026428222656,3041700,
2015-05-27,79.73999786376953,80.3499984741211,79.36000061035156,80.22000122070312,51.12739944458008,2978600,
2015-05-28,80.16999816894531,80.38999938964844,79.6500015258789,80.05999755859375,51.02539825439453,2772000,
2015-05-29,79.93000030517578,80.19999694824219,79.02999877929688,79.13999938964844,50.43907165527344,4786500,
2015-06-01,79.38999938964844,80.26000213623047,79.0199966430664,80.11000061035156,51.05727767944336,4464400,
2015-06-02,79.76000213623047,79.80000305175781,79.02999877929688,79.37000274658203,50.58564376831055,3313200,
2015-06-03,79.1500015258789,79.30999755859375,78.13999938964844,78.2300033569336,49.85906982421875,3886000,
2015-06-04,78.1500015258789,78.44000244140625,77.83000183105469,78.08000183105469,49.763484954833984,3710100,
2015-06-05,77.05000305175781,77.80000305175781,76.5,77.20999908447266,49.20899200439453,6141000,
2015-06-08,77.19999694824219,77.41000366210938,76.9000015258789,77.06999969482422,49.11976623535156,3347100,
2015-06-09,76.81999969482422,77.20999908447266,76.4000015258789,76.51000213623047,48.76286697387695,4604500,
2015-06-10,76.47000122070312,77.7300033569336,76.37999725341797,77.05000305175781,49.107025146484375,4332000,
2015-06-11,77.62000274658203,77.80999755859375,77.37000274658203,77.5199966430664,49.40657424926758,9411000,
2015-06-12,77.23999786376953,77.76000213623047,77.22000122070312,77.44999694824219,49.36195373535156,3125500,
2015-06-15,77.37999725341797,77.37999725341797,76.8499984741211,77.02999877929688,49.09428405761719,3565200,
2015-06-16,77.0999984741211,77.7699966430664,76.94000244140625,77.6500015258789,49.489418029785156,5474800,
2015-06-17,77.70999908447266,78.37000274658203,77.12000274658203,78.30999755859375,49.910057067871094,3922300,
2015-06-18,78.36000061035156,79.72000122070312,78.30999755859375,79.38999938964844,50.598392486572266,5616900,
2015-06-19,79.44000244140625,79.61000061035156,78.52999877929688,78.77999877929688,50.20960998535156,5986300,
2015-06-22,78.77999877929688,79.12999725341797,77.88999938964844,77.97000122070312,49.69337463378906,3898700,
2015-06-23,77.6500015258789,77.81999969482422,77.18000030517578,77.31999969482422,49.27909469604492,2933200,
2015-06-24,77.3499984741211,77.66000366210938,76.87000274658203,76.9000015258789,49.01141357421875,3900200,
2015-06-25,77.0,77.0,76.08999633789062,76.12000274658203,48.51430130004883,4820600,
2015-06-26,75.30000305175781,76.08999633789062,75.08999633789062,75.9000015258789,48.86323547363281,3789500,"{""dividend_amount"": 0.762}"
2015-06-29,75.62000274658203,76.37999725341797,74.66999816894531,74.72000122070312,48.10355758666992,5112000,
2015-06-30,75.12999725341797,75.38999938964844,74.5,74.69000244140625,48.084251403808594,5855900,
2015-07-01,74.37999725341797,75.91999816894531,74.36000061035156,75.91999816894531,48.87609100341797,6318900,
2015-07-02,76.45999908447266,77.13999938964844,75.9800033569336,76.11000061035156,48.99842071533203,4303700,
2015-07-06,75.7300033569336,76.69000244140625,75.63999938964844,76.58999633789062,49.30744552612305,5116700,
2015-07-07,77.0,77.93000030517578,76.80999755859375,77.79000091552734,50.07997512817383,5921000,
2015-07-08,77.37000274658203,77.76000213623047,77.25,77.48999786376953,49.886844635009766,4941800,
2015-07-09,77.68000030517578,77.94000244140625,76.93000030517578,77.12000274658203,49.648651123046875,3312900,
2015-07-10,77.44000244140625,78.27999877929688,77.26000213623047,77.76000213623047,50.0606689453125,4774100,
2015-07-13,77.81999969482422,78.73999786376953,77.45999908447266,77.87000274658203,50.13147735595703,2887800,
2015-07-14,78.0,78.30000305175781,77.56999969482422,78.02999877929688,50.23448944091797,2422900,
2015-07-15,77.83000183105469,78.44000244140625,77.68000030517578,78.16000366210938,50.31817626953125,2238100,
2015-07-16,78.29000091552734,78.88999938964844,78.29000091552734,78.79000091552734,50.72376251220703,2494800,
2015-07-17,78.73999786376953,78.83000183105469,78.2699966430664,78.51000213623047,50.54349899291992,1803100,
2015-07-20,78.31999969482422,78.73999786376953,78.08000183105469,78.5999984741211,50.601436614990234,2164800,
2015-07-21,78.68000030517578,78.98999786376953,78.37000274658203,78.37999725341797,50.45979309082031,3540700,
2015-07-22,78.44999694824219,79.0,78.37000274658203,78.72000122070312,50.67869186401367,2883500,
2015-07-23,78.66999816894531,78.70999908447266,77.2699966430664,77.73999786376953,50.04776382446289,3188900,
2015-07-24,77.7699966430664,78.33000183105469,77.52999877929688,78.06999969482422,50.26024627685547,2800300,
2015-07-27,77.94000244140625,78.66000366210938,77.94000244140625,78.20999908447266,50.350364685058594,3003000,
2015-07-28,78.22000122070312,78.51000213623047,77.9800033569336,78.26000213623047,50.382572174072266,2674000,
2015-07-29,78.16999816894531,78.9000015258789,77.8499984741211,78.7699966430664,50.71086883544922,7988100,
2015-07-30,78.6500015258789,78.77999877929688,78.12000274658203,78.37999725341797,50.45979309082031,2932500,
2015-07-31,78.91999816894531,79.62999725341797,78.8499984741211,79.0,50.858951568603516,5490400,
2015-08-03,79.2699966430664,79.56999969482422,79.0,79.48999786376953,51.17439651489258,3766400,
2015-08-04,79.72000122070312,79.86000061035156,78.7300033569336,78.91000366210938,50.80101013183594,4087300,
2015-08-05,79.0,79.1500015258789,78.08000183105469,78.38999938964844,50.46624755859375,3783100,
2015-08-06,78.45999908447266,78.55000305175781,77.19000244140625,78.5,50.53706359863281,3473300,
2015-08-07,78.37000274658203,78.9000015258789,77.80000305175781,78.79000091552734,50.72376251220703,3942600,
2015-08-10,79.0999984741211,79.16999816894531,78.18000030517578,78.54000091552734,50.562801361083984,2605100,
2015-08-11,78.33999633789062,79.38999938964844,78.25,79.05999755859375,50.897586822509766,4539900,
2015-08-12,78.77999877929688,79.33000183105469,78.36000061035156,79.30999755859375,51.05852127075195,3229200,
2015-08-13,79.12999725341797,79.7300033569336,78.47000122070312,79.4000015258789,51.11647415161133,2381900,
2015-08-14,79.16999816894531,79.86000061035156,78.87000274658203,79.83000183105469,51.3932991027832,2558200,
2015-08-17,79.91000366210938,80.56999969482422,79.48999786376953,80.51000213623047,51.83106231689453,2912600,
2015-08-18,80.47000122070312,80.83000183105469,80.23999786376953,80.7300033569336,51.972694396972656,2904800,
2015-08-19,80.51000213623047,80.62000274658203,79.7699966430664,80.25,51.66366195678711,2401000,
2015-08-20,79.86000061035156,80.26000213623047,79.41999816894531,79.66000366210938,51.28385543823242,3999800,
2015-08-21,79.26000213623047,79.55999755859375,78.18000030517578,78.18000030517578,50.33104705810547,4126300,
2015-08-24,75.5199966430664,77.06999969482422,72.25,74.5199966430664,47.97480392456055,10864500,
2015-08-25,75.5199966430664,76.0,72.45999908447266,72.47000122070312,46.6550407409668,9163900,
2015-08-26,73.19000244140625,74.62999725341797,72.86000061035156,74.43000030517578,47.9168586730957,5067500,
2015-08-27,75.12000274658203,76.47000122070312,74.4800033569336,75.87000274658203,48.84391403198242,5627400,
2015-08-28,75.81999969482422,75.9800033569336,75.22000122070312,75.76000213623047,48.77308654785156,3881100,
2015-08-31,75.58000183105469,75.75,74.02999877929688,74.02999877929688,47.65934753417969,6197200,
2015-09-01,73.29000091552734,73.66000366210938,72.0999984741211,72.62000274658203,46.75161361694336,7218400,
2015-09-02,73.08999633789062,73.62999725341797,72.72000122070312,73.37000274658203,47.23444366455078,5018500,
2015-09-03,73.62000274658203,74.11000061035156,73.4000015258789,73.56999969482422,47.36320495605469,3712600,
2015-09-04,73.12000274658203,73.12000274658203,71.66999816894531,72.19999694824219,46.48122024536133,4262900,
2015-09-08,72.83999633789062,73.48999786376953,72.61000061035156,73.29000091552734,47.18293380737305,3004500,
2015-09-09,73.87000274658203,74.13999938964844,72.33999633789062,72.44999694824219,46.642154693603516,3338100,
2015-09-10,72.33000183105469,73.37000274658203,72.25,72.61000061035156,46.74517059326172,4609500,
2015-09-11,72.5999984741211,74.0199966430664,72.48999786376953,74.0,47.64002990722656,3892500,
2015-09-14,74.11000061035156,74.25,73.81999969482422,74.04000091552734,47.665767669677734,3040500,
2015-09-15,74.06999969482422,74.93000030517578,73.56999969482422,74.7699966430664,48.13573455810547,2737200,
2015-09-16,74.72000122070312,75.75,74.69000244140625,75.56999969482422,48.650779724121094,3318500,
2015-09-17,75.6500015258789,77.73999786376953,75.2699966430664,76.43000030517578,49.204429626464844,6337800,
2015-09-18,75.88999938964844,77.20999908447266,75.54000091552734,76.30000305175781,49.12073516845703,5798800,
2015-09-21,76.33999633789062,77.33999633789062,76.30000305175781,76.94999694824219,49.5391960144043,3176300,
2015-09-22,76.41000366210938,76.83000183105469,75.80999755859375,75.9800033569336,48.91472625732422,2963500,
2015-09-23,75.5,76.08000183105469,75.08999633789062,75.69999694824219,49.221622467041016,3708700,"{""dividend_amount"": 0.752}"
2015-09-24,75.58999633789062,75.91000366210938,74.52999877929688,74.98999786376953,48.759971618652344,3707600,
2015-09-25,75.31999969482422,75.91999816894531,74.8499984741211,75.29000091552734,48.955047607421875,3330000,
2015-09-28,75.12000274658203,75.1500015258789,73.56999969482422,74.12000274658203,48.19429016113281,4094600,
2015-09-29,74.56999969482422,75.2300033569336,74.05000305175781,74.91000366210938,48.70798110961914,3784900,
2015-09-30,75.44999694824219,75.69000244140625,74.91000366210938,75.54000091552734,49.11759567260742,6237100,
2015-10-01,75.66000366210938,76.02999877929688,75.11000061035156,75.91000366210938,49.358184814453125,4105200,
2015-10-02,76.11000061035156,76.4800033569336,75.04000091552734,76.45999908447266,49.71579360961914,4602000,
2015-10-05,76.77999877929688,77.87999725341797,76.75,77.75,50.55457305908203,5176500,
2015-10-06,77.79000091552734,78.20999908447266,77.3499984741211,77.56999969482422,50.43753433227539,3570700,
2015-10-07,77.87999725341797,78.45999908447266,77.61000061035156,78.45999908447266,51.0162467956543,4211900,
2015-10-08,78.38999938964844,79.19000244140625,78.12999725341797,79.12000274658203,51.44538497924805,3953200,
2015-10-09,79.11000061035156,79.18000030517578,78.5999984741211,78.98999786376953,51.36085510253906,3102700,
2015-10-12,79.16000366210938,79.8499984741211,78.98999786376953,79.55000305175781,51.724971771240234,3216500,
2015-10-13,79.30000305175781,79.5999984741211,78.69999694824219,78.93000030517578,51.32183837890625,2362700,
2015-10-14,79.08999633789062,79.18000030517578,78.16999816894531,78.33999633789062,50.938201904296875,3349200,
2015-10-15,78.41999816894531,79.41000366210938,78.3499984741211,79.41000366210938,51.633941650390625,2533600,
2015-10-16,79.45999908447266,80.1500015258789,79.43000030517578,80.01000213623047,52.02409362792969,2875000,
2015-10-19,79.9800033569336,81.12999725341797,79.87000274658203,81.12999725341797,52.75230026245117,3146100,
2015-10-20,80.9800033569336,81.31999969482422,80.76000213623047,81.0999984741211,52.73282241821289,2781500,
2015-10-21,81.25,81.48999786376953,80.73999786376953,80.80000305175781,52.53776168823242,3460600,
2015-10-22,80.95999908447266,81.7699966430664,80.80999755859375,81.51000213623047,52.999420166015625,3504200,
2015-10-23,81.54000091552734,81.68000030517578,80.2300033569336,80.72000122070312,52.48572540283203,3421300,
2015-10-26,80.75,80.94000244140625,80.05000305175781,80.69999694824219,52.472721099853516,3280000,
2015-10-27,80.69000244140625,80.87999725341797,80.2699966430664,80.66999816894531,52.45322036743164,7135300,
2015-10-28,80.66999816894531,81.26000213623047,79.25,80.73999786376953,52.49871826171875,4576600,
2015-10-29,80.5,80.73999786376953,80.08999633789062,80.62999725341797,52.427207946777344,3283100,
2015-10-30,80.63999938964844,80.80999755859375,79.81999969482422,79.88999938964844,51.94605255126953,7057100,
2015-11-02,80.06999969482422,81.5999984741211,79.77999877929688,81.58999633789062,53.05142593383789,6869600,
2015-11-03,81.41000366210938,81.48999786376953,80.44999694824219,80.7699966430664,52.51824188232422,5285300,
2015-11-04,80.81999969482422,80.95999908447266,80.16999816894531,80.41000366210938,52.284183502197266,3165100,
2015-11-05,80.44000244140625,80.81999969482422,79.9800033569336,80.7300033569336,52.49223327636719,2804100,
2015-11-06,79.43000030517578,79.76000213623047,77.72000122070312,78.22000122070312,50.860191345214844,7070200,
2015-11-09,77.72000122070312,77.88999938964844,76.37999725341797,76.87999725341797,49.98888397216797,5919100,
2015-11-10,76.87000274658203,77.94000244140625,76.8499984741211,77.76000213623047,50.56107711791992,4688800,
2015-11-11,77.76000213623047,78.18000030517578,77.55999755859375,77.8499984741211,50.619598388671875,2228400,
2015-11-12,77.63999938964844,78.01000213623047,77.18000030517578,77.31999969482422,50.275001525878906,3212200,
2015-11-13,77.36000061035156,77.75,76.37999725341797,76.44000244140625,49.70280075073242,4250100,
2015-11-16,76.2699966430664,77.31999969482422,76.12000274658203,77.31999969482422,50.275001525878906,3117900,
2015-11-17,77.11000061035156,77.9800033569336,77.02999877929688,77.31999969482422,50.275001525878906,3845600,
2015-11-18,77.41000366210938,78.05000305175781,76.91999816894531,78.0,50.71714782714844,3429200,
2015-11-19,78.0999984741211,78.62999725341797,77.88999938964844,78.23999786376953,50.87318420410156,3628100,
2015-11-20,78.7300033569336,79.30999755859375,78.5,79.22000122070312,51.51041793823242,3964600,
2015-11-23,79.26000213623047,79.69000244140625,79.11000061035156,79.38999938964844,51.62093734741211,2370000,
2015-11-24,78.95999908447266,79.12999725341797,78.31999969482422,78.97000122070312,51.34784698486328,3498900,
2015-11-25,79.01000213623047,79.4800033569336,78.93000030517578,79.29000091552734,51.55592346191406,1959700,
2015-11-27,79.26000213623047,80.2300033569336,79.23999786376953,79.9800033569336,52.00456237792969,1348700,
2015-11-30,80.2699966430664,80.45999908447266,79.18000030517578,79.38999938964844,51.62093734741211,7609800,
2015-12-01,79.5,80.5199966430664,79.41999816894531,80.48999786376953,52.336181640625,3847300,
2015-12-02,80.26000213623047,80.37000274658203,78.7300033569336,78.8499984741211,51.269813537597656,5713500,
2015-12-03,78.7300033569336,78.8499984741211,77.4000015258789,77.61000061035156,50.46354293823242,4737300,
2015-12-04,77.68000030517578,79.29000091552734,77.6500015258789,79.08999633789062,51.42586898803711,3434100,
2015-12-07,78.95999908447266,79.19000244140625,78.5199966430664,78.87000274658203,51.28282928466797,4195100,
2015-12-08,78.44000244140625,79.08999633789062,78.36000061035156,78.80000305175781,51.2373161315918,3638600,
2015-12-09,78.52999877929688,79.16000366210938,77.95999908447266,78.36000061035156,50.95120620727539,4218800,
2015-12-10,78.48999786376953,78.76000213623047,77.7300033569336,77.80000305175781,50.58710479736328,3465000,
2015-12-11,77.62000274658203,78.01000213623047,77.16999816894531,77.66000366210938,50.496055603027344,3420800,
2015-12-14,77.7699966430664,78.05999755859375,77.06999969482422,78.0199966430664,50.73013687133789,4775000,
2015-12-15,78.37000274658203,79.26000213623047,78.37000274658203,78.87000274658203,51.28282928466797,3449100,
2015-12-16,79.19999694824219,80.56999969482422,79.01000213623047,80.41000366210938,52.284183502197266,4699300,
2015-12-17,80.51000213623047,80.58999633789062,79.77999877929688,80.01000213623047,52.02409362792969,3726800,
2015-12-18,79.91999816894531,80.05000305175781,79.08000183105469,79.08000183105469,51.41936111450195,5724400,
2015-12-21,79.5,79.87000274658203,78.95999908447266,79.38999938964844,51.62093734741211,4455300,
2015-12-22,79.56999969482422,80.20999908447266,79.55999755859375,79.70999908447266,51.82899856567383,6484300,
2015-12-23,78.80000305175781,79.44000244140625,78.70999908447266,79.41999816894531,52.36172103881836,4029000,"{""dividend_amount"": 1.098}"
2015-12-24,79.2699966430664,79.69000244140625,78.9800033569336,79.41999816894531,52.36172103881836,1426000,
2015-12-28,79.16000366210938,79.87000274658203,79.01000213623047,79.86000061035156,52.65180587768555,6628800,
2015-12-29,80.0,80.80000305175781,79.87000274658203,80.70999908447266,53.21223449707031,3499800,
2015-12-30,80.6500015258789,80.91000366210938,80.37000274658203,80.43000030517578,53.027610778808594,3114300,
2015-12-31,80.38999938964844,80.63999938964844,79.72000122070312,79.7300033569336,52.56610107421875,3292400,
2016-01-04,79.06999969482422,79.0999984741211,78.04000091552734,78.7699966430664,51.93316650390625,8843700,
2016-01-05,78.80000305175781,80.54000091552734,78.7300033569336,80.29000091552734,52.9353141784668,7114700,
2016-01-06,79.56999969482422,80.19000244140625,79.52999877929688,80.06999969482422,52.79026794433594,5481200,
2016-01-07,79.0999984741211,79.43000030517578,78.43000030517578,78.51000213623047,51.761756896972656,6297500,
2016-01-08,79.04000091552734,79.0999984741211,77.33000183105469,77.45999908447266,51.06948471069336,4628600,
2016-01-11,77.52999877929688,78.36000061035156,77.5,77.9000015258789,51.359588623046875,4956800,
2016-01-12,78.30999755859375,78.41000366210938,76.9800033569336,77.37999725341797,51.0167350769043,5951900,
2016-01-13,77.62999725341797,78.19999694824219,76.0999984741211,76.2699966430664,50.28493118286133,7679400,
2016-01-14,76.16999816894531,76.77999877929688,75.5199966430664,76.08999633789062,50.16624069213867,5167500,
2016-01-15,75.13999938964844,75.76000213623047,74.55000305175781,75.56999969482422,49.82341003417969,5571400,
2016-01-19,75.91999816894531,76.55999755859375,75.56999969482422,75.97000122070312,50.08715057373047,4978100,
2016-01-20,75.0999984741211,75.30000305175781,72.33000183105469,73.93000030517578,48.74216079711914,9091600,
2016-01-21,74.27999877929688,75.38999938964844,73.68000030517578,74.33999633789062,49.012454986572266,6849300,
2016-01-22,75.05999755859375,76.69999694824219,74.94000244140625,76.41000366210938,50.37723159790039,4542700,
2016-01-25,76.25,77.06999969482422,75.7300033569336,75.93000030517578,50.06075668334961,4670100,
2016-01-26,76.27999877929688,77.55000305175781,76.12999725341797,77.5199966430664,51.10905456542969,5214000,
2016-01-27,77.41999816894531,77.41999816894531,75.54000091552734,76.0199966430664,50.12009811401367,4883200,
2016-01-28,76.45999908447266,76.73999786376953,75.1500015258789,75.44000244140625,49.73770523071289,5584400,
2016-01-29,75.9000015258789,77.06999969482422,75.33000183105469,76.98999786376953,50.759620666503906,11112200,
2016-02-01,76.5199966430664,77.7699966430664,76.2699966430664,77.12000274658203,50.8453483581543,6925300,
2016-02-02,76.75,77.0,75.98999786376953,76.41999816894531,50.38381576538086,6406000,
2016-02-03,76.80999755859375,77.2300033569336,75.9800033569336,76.93000030517578,50.72005081176758,5729100,
2016-02-04,76.87999725341797,77.38999938964844,76.18000030517578,76.97000122070312,50.74643325805664,4286700,
2016-02-05,76.80999755859375,76.80999755859375,75.44000244140625,75.51000213623047,49.78386688232422,4033800,
2016-02-08,75.0199966430664,75.12000274658203,72.19000244140625,73.3499984741211,48.359764099121094,5440900,
2016-02-09,72.61000061035156,72.80000305175781,71.44000244140625,72.0,47.46970748901367,8405600,
2016-02-10,72.47000122070312,73.4800033569336,72.18000030517578,72.5,47.799354553222656,3877700,
2016-02-11,71.4800033569336,71.94999694824219,70.88999938964844,71.47000122070312,47.12028503417969,4930700,
2016-02-12,72.12999725341797,72.48999786376953,71.55000305175781,72.29000091552734,47.66091537475586,5067000,
2016-02-16,72.8499984741211,73.69999694824219,72.51000213623047,73.62000274658203,48.537776947021484,3888900,
2016-02-17,73.69000244140625,75.08999633789062,73.69000244140625,74.25,48.95314407348633,3060900,
2016-02-18,74.41000366210938,75.19999694824219,73.94999694824219,75.0,49.447628021240234,3539700,
2016-02-19,74.73999786376953,75.75,74.48999786376953,75.43000030517578,49.73112106323242,2885500,
2016-02-22,76.02999877929688,76.70999908447266,76.0,76.1500015258789,50.20579528808594,2966500,
2016-02-23,76.08000183105469,76.8499984741211,75.83000183105469,75.94999694824219,50.07396697998047,2608300,
2016-02-24,75.62000274658203,76.0199966430664,75.08000183105469,75.86000061035156,50.014610290527344,2997500,
2016-02-25,76.19999694824219,77.44999694824219,76.19999694824219,77.41000366210938,51.036537170410156,3399900,
2016-02-26,77.33000183105469,77.68000030517578,76.9800033569336,77.01000213623047,50.77280044555664,3180500,
2016-02-29,76.93000030517578,77.77999877929688,76.58999633789062,76.70999908447266,50.575008392333984,5057700,
2016-03-01,76.77999877929688,78.87999725341797,76.63999938964844,78.87000274658203,51.999114990234375,5309500,
2016-03-02,78.55999755859375,79.4800033569336,78.41000366210938,79.44000244140625,52.37491989135742,3621700,
2016-03-03,79.47000122070312,79.86000061035156,79.05999755859375,79.86000061035156,52.65180587768555,2907800,
2016-03-04,79.7300033569336,79.94000244140625,79.29000091552734,79.87000274658203,52.658416748046875,2740000,
2016-03-07,79.45999908447266,80.26000213623047,79.31999969482422,80.08000183105469,52.79684829711914,3504600,
2016-03-08,79.97000122070312,80.04000091552734,79.16000366210938,79.26000213623047,52.25625228881836,2829000,
2016-03-09,79.51000213623047,80.12000274658203,79.33000183105469,79.69999694824219,52.54633331298828,3566700,
2016-03-10,80.25,80.41000366210938,78.52999877929688,79.41000366210938,52.35512924194336,2472500,
2016-03-11,80.20999908447266,81.2699966430664,80.02999877929688,81.19000244140625,53.528690338134766,2520900,
2016-03-14,81.06999969482422,81.27999877929688,80.75,81.19999694824219,53.53528594970703,2593900,
2016-03-15,80.86000061035156,81.41000366210938,80.69000244140625,81.23999786376953,53.56165313720703,1898100,
2016-03-16,81.01000213623047,82.3499984741211,80.72000122070312,82.22000122070312,54.20775604248047,3439600,
2016-03-17,82.3499984741211,83.55999755859375,81.9800033569336,83.37999725341797,54.97255325317383,5526400,
2016-03-18,83.54000091552734,83.75,83.0199966430664,83.0199966430664,54.735191345214844,3281800,
2016-03-21,81.95999908447266,82.22000122070312,81.22000122070312,81.36000061035156,54.241214752197266,4343000,"{""dividend_amount"": 0.919}"
2016-03-22,81.19999694824219,81.61000061035156,80.87999725341797,81.36000061035156,54.241214752197266,4791300,
2016-03-23,81.36000061035156,81.44999694824219,80.87000274658203,80.91999816894531,53.94784927368164,2837500,
2016-03-24,80.77999877929688,81.0199966430664,80.2300033569336,80.94999694824219,53.96786117553711,2839400,
2016-03-28,80.93000030517578,81.86000061035156,80.91000366210938,81.68000030517578,54.45450973510742,3885100,
2016-03-29,81.77999877929688,83.48999786376953,81.52999877929688,83.44999694824219,55.63456726074219,5022700,
2016-03-30,83.66000366210938,83.83999633789062,83.22000122070312,83.29000091552734,55.52788162231445,3503100,
2016-03-31,83.27999877929688,83.91000366210938,83.11000061035156,83.80000305175781,55.867916107177734,7533800,
2016-04-01,83.62999725341797,83.83000183105469,83.16999816894531,83.69000244140625,55.794559478759766,5267300,
2016-04-04,83.86000061035156,83.94000244140625,83.27999877929688,83.56999969482422,55.71455764770508,6908900,
2016-04-05,83.19999694824219,83.41999816894531,82.80999755859375,83.0199966430664,55.34787368774414,3251300,
2016-04-06,83.05000305175781,83.26000213623047,82.58999633789062,83.22000122070312,55.48122787475586,2940500,
2016-04-07,83.0199966430664,83.22000122070312,82.33000183105469,82.69999694824219,55.13455581665039,2339400,
2016-04-08,83.12999725341797,83.5,82.94999694824219,83.16000366210938,55.44122314453125,3370300,
2016-04-11,83.31999969482422,83.55999755859375,82.97000122070312,82.98999786376953,55.3278923034668,2848100,
2016-04-12,83.16999816894531,83.79000091552734,82.95999908447266,83.58999633789062,55.72787857055664,2504600,
2016-04-13,83.83000183105469,83.87000274658203,82.94000244140625,83.22000122070312,55.48122787475586,2827000,
2016-04-14,83.16999816894531,83.2300033569336,82.54000091552734,82.76000213623047,55.17453384399414,2044200,
2016-04-15,82.91999816894531,83.58000183105469,82.5,83.37999725341797,55.587886810302734,2429100,
2016-04-18,83.25,83.79000091552734,83.13999938964844,83.77999877929688,55.85456085205078,2347400,
2016-04-19,84.01000213623047,84.01000213623047,83.4800033569336,83.81999969482422,55.88123321533203,3137200,
2016-04-20,83.83000183105469,84.0,82.33000183105469,82.4000015258789,54.93454360961914,4085800,
2016-04-21,82.36000061035156,82.52999877929688,80.68000030517578,80.93000030517578,53.95451354980469,5046100,
2016-04-22,80.93000030517578,81.94999694824219,80.80999755859375,81.80999755859375,54.54120635986328,3124400,
2016-04-25,81.55000305175781,82.5,81.52999877929688,82.48999786376953,54.99454879760742,2385600,
2016-04-26,82.79000091552734,83.27999877929688,82.51000213623047,82.80999755859375,55.20787048339844,3190800,
2016-04-27,82.79000091552734,82.91999816894531,81.86000061035156,82.76000213623047,55.17453384399414,3244500,
2016-04-28,82.26000213623047,83.08999633789062,81.94000244140625,82.58999633789062,55.061214447021484,2870600,
2016-04-29,82.19000244140625,82.37000274658203,81.02999877929688,81.83000183105469,54.55455017089844,4117300,
2016-05-02,81.77999877929688,83.30999755859375,81.77999877929688,83.0999984741211,55.4012336730957,4008000,
2016-05-03,83.06999969482422,83.29000091552734,82.58999633789062,83.2300033569336,55.48789978027344,3305700,
2016-05-04,82.70999908447266,84.58000183105469,82.70999908447266,84.41999816894531,56.281246185302734,4138600,
2016-05-05,84.52999877929688,84.81999969482422,84.12999725341797,84.66000366210938,56.441253662109375,3324300,
2016-05-06,84.6500015258789,85.66000366210938,84.26000213623047,85.58999633789062,57.061248779296875,3499300,
2016-05-09,85.86000061035156,86.66999816894531,85.62000274658203,86.52999877929688,57.68794631958008,4568700,
2016-05-10,86.72000122070312,86.81999969482422,86.22000122070312,86.5199966430664,57.68125534057617,4034800,
2016-05-11,86.47000122070312,86.47000122070312,84.33999633789062,84.66999816894531,56.44791793823242,4063900,
2016-05-12,84.7699966430664,85.44000244140625,84.08000183105469,85.16000366210938,56.77457809448242,3471000,
2016-05-13,84.93000030517578,84.93000030517578,83.80999755859375,84.4000015258789,56.26791763305664,3991500,
2016-05-16,84.38999938964844,85.44999694824219,84.31999969482422,85.19999694824219,56.8012580871582,3374900,
2016-05-17,84.98999786376953,84.98999786376953,83.16000366210938,83.62000274658203,55.747894287109375,4308300,
2016-05-18,83.2699966430664,83.36000061035156,81.37000274658203,82.30999755859375,54.874549865722656,4708500,
2016-05-19,81.79000091552734,81.9800033569336,80.95999908447266,81.38999938964844,54.26121139526367,4316000,
2016-05-20,81.69999694824219,82.19000244140625,81.55000305175781,82.04000091552734,54.694557189941406,3296100,
2016-05-23,82.18000030517578,82.36000061035156,81.8499984741211,82.05000305175781,54.70122528076172,2744000,
2016-05-24,82.55999755859375,83.20999908447266,82.26000213623047,83.06999969482422,55.381229400634766,2998500,
2016-05-25,83.29000091552734,83.29000091552734,82.25,83.06999969482422,55.381229400634766,3250000,
2016-05-26,82.91000366210938,83.4800033569336,82.72000122070312,83.2300033569336,55.48789978027344,3053400,
2016-05-27,83.37000274658203,84.02999877929688,83.29000091552734,83.68000030517578,55.787899017333984,3006900,
2016-05-31,83.55000305175781,83.91999816894531,83.16000366210938,83.66999816894531,55.7812385559082,4810900,
2016-06-01,83.37999725341797,83.94999694824219,83.30000305175781,83.73999786376953,55.827903747558594,4417500,
2016-06-02,83.5,84.19999694824219,83.29000091552734,84.16999816894531,56.114566802978516,8043500,
2016-06-03,84.9800033569336,85.23999786376953,84.0999984741211,84.51000213623047,56.341243743896484,4295200,
2016-06-06,84.58999633789062,84.7699966430664,83.41999816894531,83.86000061035156,55.907901763916016,3231900,
2016-06-07,84.2300033569336,84.62000274658203,83.98999786376953,84.37000274658203,56.24789810180664,2424600,
2016-06-08,84.30999755859375,84.9800033569336,84.05000305175781,84.91000366210938,56.607906341552734,3099000,
2016-06-09,84.91000366210938,85.26000213623047,84.61000061035156,85.0999984741211,56.73458480834961,4132700,
2016-06-10,84.77999877929688,85.0199966430664,84.33999633789062,84.69999694824219,56.467918395996094,2538400,
2016-06-13,84.7300033569336,85.36000061035156,84.62000274658203,84.72000122070312,56.481231689453125,3250300,
2016-06-14,84.72000122070312,85.0199966430664,84.19000244140625,84.5,56.33457946777344,3437300,
2016-06-15,84.69000244140625,85.58999633789062,84.56999969482422,85.30000305175781,56.86793518066406,2829400,
2016-06-16,85.18000030517578,85.80999755859375,84.76000213623047,85.77999877929688,57.18791961669922,2827100,
2016-06-17,85.83000183105469,85.83000183105469,84.9800033569336,85.63999938964844,57.094600677490234,4408400,
2016-06-20,86.05000305175781,86.79000091552734,85.6500015258789,85.76000213623047,57.17461013793945,3987000,
2016-06-21,85.30999755859375,85.56999969482422,84.93000030517578,85.31999969482422,57.392555236816406,3614700,"{""dividend_amount"": 0.764}"
2016-06-22,85.5,85.51000213623047,84.9800033569336,85.19000244140625,57.30508804321289,3994500,
2016-06-23,85.58000183105469,85.94000244140625,85.44000244140625,85.62000274658203,57.5943489074707,1672700,
2016-06-24,84.12999725341797,85.72000122070312,83.54000091552734,84.86000061035156,57.08311080932617,5661700,
2016-06-27,84.5199966430664,85.05000305175781,83.70999908447266,84.91999816894531,57.12347412109375,4769800,
2016-06-28,85.47000122070312,86.72000122070312,85.1500015258789,86.70999908447266,58.32757568359375,5128700,
2016-06-29,87.12000274658203,87.87999725341797,87.01000213623047,87.76000213623047,59.033878326416016,4395600,
2016-06-30,87.98999786376953,88.66999816894531,87.2699966430664,88.66999816894531,59.64600372314453,6555800,
2016-07-01,88.97000122070312,89.4000015258789,88.44000244140625,88.69999694824219,59.666160583496094,4731800,
2016-07-05,88.70999908447266,89.68000030517578,88.5999984741211,89.68000030517578,60.32539367675781,3808400,
2016-07-06,89.55000305175781,89.6500015258789,88.8499984741211,89.29000091552734,60.063053131103516,4577200,
2016-07-07,89.19999694824219,89.26000213623047,87.87999725341797,88.37000274658203,59.44419479370117,5342000,
2016-07-08,88.86000061035156,89.83999633789062,88.75,89.80000305175781,60.406131744384766,2663400,
2016-07-11,89.87000274658203,90.58999633789062,89.33000183105469,90.4000015258789,60.80973815917969,3381400,
2016-07-12,90.41000366210938,90.54000091552734,89.68000030517578,90.38999938964844,60.80298614501953,3727600,
2016-07-13,90.5999984741211,90.88999938964844,90.19000244140625,90.88999938964844,61.13933181762695,4902800,
2016-07-14,90.61000061035156,90.83999633789062,89.87000274658203,90.08000183105469,60.594459533691406,3060500,
2016-07-15,90.06999969482422,90.18000030517578,89.45999908447266,90.11000061035156,60.61464309692383,3345600,
2016-07-18,90.23999786376953,90.37999725341797,90.0,90.3499984741211,60.776092529296875,2699700,
2016-07-19,90.3499984741211,90.79000091552734,89.93000030517578,90.79000091552734,61.072059631347656,1916500,
2016-07-20,90.94999694824219,91.04000091552734,90.51000213623047,90.80000305175781,61.07879638671875,2100600,
2016-07-21,90.5999984741211,90.9800033569336,90.19999694824219,90.9800033569336,61.199893951416016,2179600,
2016-07-22,90.88999938964844,92.05000305175781,90.69999694824219,91.77999877929688,61.73801803588867,2482900,
2016-07-25,91.80999755859375,92.13999938964844,91.30000305175781,91.61000061035156,61.62367630004883,2374700,
2016-07-26,91.69000244140625,91.97000122070312,90.94000244140625,91.16000366210938,61.32096481323242,2460200,
2016-07-27,91.13999938964844,91.13999938964844,89.69999694824219,90.44999694824219,60.843379974365234,3935200,
2016-07-28,90.30999755859375,91.6500015258789,90.0999984741211,91.29000091552734,61.40839767456055,2853100,
2016-07-29,91.54000091552734,92.91999816894531,91.19999694824219,92.44999694824219,62.18870162963867,3502600,
2016-08-01,92.33000183105469,92.75,92.26000213623047,92.6500015258789,62.323238372802734,3335100,
2016-08-02,92.37999725341797,92.54000091552734,91.0,91.16999816894531,61.32769012451172,3877100,
2016-08-03,90.8499984741211,91.2300033569336,90.1500015258789,90.63999938964844,60.97116470336914,3829400,
2016-08-04,90.75,90.91999816894531,90.11000061035156,90.2699966430664,60.7222900390625,2649700,
2016-08-05,90.31999969482422,90.5999984741211,90.01000213623047,90.33000183105469,60.762630462646484,2941600,
2016-08-08,90.2699966430664,90.91000366210938,90.11000061035156,90.48999786376953,60.870277404785156,2240200,
2016-08-09,90.63999938964844,90.9800033569336,89.94000244140625,90.9800033569336,61.199893951416016,3474300,
2016-08-10,91.23999786376953,91.4000015258789,90.58999633789062,90.87999725341797,61.13259506225586,5302900,
2016-08-11,90.8499984741211,90.88999938964844,89.37000274658203,89.8499984741211,60.43973159790039,4788300,
2016-08-12,90.05000305175781,91.05999755859375,89.77999877929688,90.2300033569336,60.69538879394531,2972100,
2016-08-15,90.37000274658203,90.68000030517578,90.0999984741211,90.13999938964844,60.63481903076172,2961400,
2016-08-16,89.83999633789062,89.94999694824219,88.94000244140625,89.05999755859375,59.9083366394043,4166800,
2016-08-17,88.9800033569336,89.48999786376953,88.37000274658203,89.41999816894531,60.1505126953125,5192000,
2016-08-18,89.29000091552734,89.69000244140625,88.66999816894531,89.08999633789062,59.92851638793945,4074800,
2016-08-19,88.97000122070312,89.06999969482422,88.26000213623047,88.5199966430664,59.54508972167969,3284900,
2016-08-22,88.75,89.06999969482422,88.54000091552734,89.0,59.86800003051758,3671000,
2016-08-23,89.30999755859375,89.51000213623047,89.01000213623047,89.05000305175781,59.90162658691406,6526100,
2016-08-24,89.27999877929688,89.29000091552734,88.16000366210938,88.66000366210938,59.63926315307617,6064800,
2016-08-25,88.9000015258789,89.5999984741211,88.62000274658203,89.05999755859375,59.9083366394043,3219700,
2016-08-26,89.22000122070312,89.7699966430664,87.58999633789062,88.18000030517578,59.31637954711914,5844000,
2016-08-29,88.37000274658203,89.33000183105469,88.36000061035156,89.05000305175781,59.90162658691406,3318600,
2016-08-30,89.23999786376953,89.3499984741211,88.0999984741211,88.87999725341797,59.78723907470703,3431900,
2016-08-31,88.79000091552734,89.2699966430664,88.47000122070312,88.97000122070312,59.84778594970703,5003000,
2016-09-01,89.06999969482422,89.0999984741211,88.30000305175781,88.75,59.699806213378906,4098000,
2016-09-02,89.2699966430664,90.61000061035156,89.12999725341797,89.5199966430664,60.217777252197266,4439500,
2016-09-06,89.91000366210938,90.22000122070312,89.12000274658203,90.20999908447266,60.681907653808594,3874300,
2016-09-07,90.08999633789062,90.80000305175781,89.79000091552734,90.75,61.04515838623047,2874200,
2016-09-08,90.3499984741211,90.5,89.55000305175781,89.63999938964844,60.298500061035156,3123900,
2016-09-09,88.62000274658203,88.87000274658203,86.06999969482422,86.08999633789062,57.910499572753906,7589300,
2016-09-12,85.91999816894531,87.51000213623047,85.66000366210938,87.11000061035156,58.596622467041016,7088200,
2016-09-13,86.08000183105469,86.11000061035156,84.1500015258789,84.33999633789062,57.1254768371582,7223000,"{""dividend_amount"": 0.598}"
2016-09-14,84.55999755859375,85.08000183105469,84.2699966430664,84.61000061035156,57.30836486816406,4781900,
2016-09-15,84.58000183105469,85.05999755859375,84.12999725341797,84.93000030517578,57.52511215209961,4320500,
2016-09-16,84.83000183105469,85.05000305175781,84.3499984741211,84.97000122070312,57.55221176147461,6251400,
2016-09-19,85.25,85.83999633789062,85.16000366210938,85.73999786376953,58.073726654052734,3407700,
2016-09-20,86.13999938964844,86.25,85.61000061035156,85.61000061035156,57.98569869995117,3905800,
2016-09-21,85.76000213623047,86.83999633789062,84.5999984741211,86.70999908447266,58.730743408203125,6905000,
2016-09-22,87.51000213623047,88.33999633789062,87.29000091552734,88.26000213623047,59.780574798583984,3575700,
2016-09-23,88.0199966430664,88.83000183105469,87.29000091552734,88.52999877929688,59.963462829589844,4722300,
2016-09-26,88.27999877929688,88.94999694824219,88.0,88.73999786376953,60.105709075927734,3440200,
2016-09-27,89.02999877929688,89.02999877929688,87.6500015258789,87.80000305175781,59.46900939941406,6479800,
2016-09-28,87.94000244140625,88.58999633789062,87.66999816894531,88.5199966430664,59.95668411254883,2676300,
2016-09-29,88.22000122070312,88.27999877929688,87.08000183105469,87.33999633789062,59.15746307373047,4662800,
2016-09-30,87.6500015258789,88.19000244140625,86.7300033569336,86.73999786376953,58.75107955932617,6718600,
2016-10-03,86.01000213623047,86.29000091552734,84.94999694824219,85.12000274658203,57.65378189086914,10473900,
2016-10-04,85.0,85.04000091552734,83.45999908447266,83.95999908447266,56.868099212646484,7415500,
2016-10-05,84.12000274658203,84.55000305175781,82.16999816894531,82.26000213623047,55.71664810180664,8125200,
2016-10-06,81.8499984741211,82.88999938964844,81.11000061035156,82.29000091552734,55.736976623535156,6760300,
2016-10-07,82.80000305175781,83.62999725341797,81.7699966430664,82.1500015258789,55.64213943481445,6036800,
2016-10-10,82.1500015258789,83.01000213623047,82.1500015258789,82.66000366210938,55.987579345703125,2818300,
2016-10-11,82.55000305175781,82.73999786376953,81.63999938964844,81.86000061035156,55.44572067260742,4306600,
2016-10-12,81.98999786376953,82.91999816894531,81.86000061035156,82.80000305175781,56.0824089050293,3492600,
2016-10-13,82.47000122070312,83.58999633789062,82.22000122070312,83.44999694824219,56.52266311645508,3633600,
2016-10-14,83.30000305175781,83.98999786376953,82.91000366210938,83.08000183105469,56.27205276489258,3187500,
2016-10-17,83.1500015258789,83.7699966430664,83.08000183105469,83.26000213623047,56.39397430419922,3154000,
2016-10-18,83.80999755859375,84.27999877929688,83.51000213623047,83.79000091552734,56.75295639038086,2533200,
2016-10-19,83.80999755859375,84.08999633789062,83.33999633789062,83.97000122070312,56.8748779296875,2871000,
2016-10-20,83.95999908447266,84.33000183105469,83.31999969482422,83.77999877929688,56.74617004394531,3261100,
2016-10-21,83.37999725341797,83.69000244140625,83.0999984741211,83.47000122070312,56.53621292114258,3193800,
2016-10-24,83.8499984741211,84.51000213623047,83.33000183105469,83.66000366210938,56.664920806884766,3948800,
2016-10-25,83.31999969482422,83.62000274658203,83.05999755859375,83.51000213623047,56.563297271728516,3161400,
2016-10-26,83.19000244140625,83.30999755859375,81.8499984741211,82.41999816894531,55.825008392333984,4093100,
2016-10-27,82.2699966430664,82.30999755859375,80.04000091552734,80.26000213623047,54.361995697021484,5969300,
2016-10-28,80.38999938964844,81.13999938964844,80.1500015258789,80.44999694824219,54.49067687988281,4819100,
2016-10-31,80.80000305175781,81.91000366210938,80.47000122070312,81.76000213623047,55.37801742553711,5009700,
2016-11-01,81.4000015258789,81.47000122070312,79.69999694824219,79.9800033569336,54.17233657836914,7465200,
2016-11-02,79.8499984741211,80.08000183105469,78.79000091552734,78.80999755859375,53.3798828125,7847600,
2016-11-03,78.87000274658203,79.01000213623047,78.18000030517578,78.19999694824219,52.96670913696289,7221900,
2016-11-04,78.38999938964844,79.08000183105469,78.05999755859375,78.81999969482422,53.386653900146484,4432600,
2016-11-07,79.41000366210938,80.2300033569336,79.41000366210938,80.19999694824219,54.32136917114258,5860500,
2016-11-08,80.18000030517578,80.88999938964844,79.80000305175781,80.62000274658203,54.6058349609375,4023300,
2016-11-09,78.69999694824219,80.0,77.7699966430664,79.4000015258789,53.779510498046875,10045800,
2016-11-10,79.30000305175781,79.33999633789062,76.9800033569336,78.06999969482422,52.878665924072266,13504700,
2016-11-11,78.0,79.51000213623047,77.94999694824219,78.54000091552734,53.1970100402832,5066000,
2016-11-14,78.4000015258789,80.61000061035156,78.0199966430664,80.4000015258789,54.45682144165039,6755200,
2016-11-15,80.66999816894531,81.33999633789062,79.18000030517578,79.7300033569336,54.003013610839844,7719900,
2016-11-16,79.76000213623047,80.0,78.9000015258789,79.5,53.84722900390625,10337100,
2016-11-17,79.45999908447266,80.05999755859375,78.58000183105469,78.69000244140625,53.29859161376953,3645200,
2016-11-18,78.79000091552734,79.12999725341797,78.41999816894531,78.91999816894531,53.454368591308594,3655600,
2016-11-21,79.18000030517578,79.75,78.58999633789062,78.68000030517578,53.291847229003906,3488200,
2016-11-22,79.06999969482422,80.0999984741211,78.83000183105469,80.05999755859375,54.22654342651367,4226700,
2016-11-23,79.36000061035156,79.80000305175781,79.04000091552734,79.72000122070312,53.99625778198242,6542100,
2016-11-25,79.80000305175781,80.62999725341797,79.73999786376953,80.18000030517578,54.30782699584961,1904500,
2016-11-28,80.18000030517578,81.08000183105469,80.12999725341797,80.55000305175781,54.55842590332031,4065700,
2016-11-29,80.62999725341797,81.7300033569336,80.56999969482422,81.31999969482422,55.07997131347656,3754200,
2016-11-30,80.55000305175781,81.05000305175781,80.0,80.38999938964844,54.45005416870117,6826400,
2016-12-01,79.91999816894531,80.20999908447266,78.76000213623047,79.20999908447266,53.650821685791016,6361900,
2016-12-02,79.55999755859375,80.83000183105469,79.43000030517578,80.0,54.18590545654297,3695900,
2016-12-05,80.01000213623047,80.69000244140625,79.7300033569336,80.58999633789062,54.58550262451172,3457200,
2016-12-06,80.80000305175781,81.47000122070312,80.5,81.11000061035156,54.937744140625,4024800,
2016-12-07,81.16999816894531,82.86000061035156,81.06999969482422,82.7300033569336,56.03501510620117,5754300,
2016-12-08,82.44999694824219,83.52999877929688,82.01000213623047,83.30000305175781,56.42107009887695,4404200,
2016-12-09,83.3499984741211,83.98999786376953,83.0199966430664,83.20999908447266,56.36009979248047,4506200,
2016-12-12,82.9800033569336,83.80999755859375,82.83000183105469,83.76000213623047,56.732635498046875,3610700,
2016-12-13,84.0999984741211,84.19000244140625,83.13999938964844,83.72000122070312,56.705543518066406,4015100,
2016-12-14,83.62000274658203,83.83000183105469,81.75,81.88999938964844,55.46603775024414,4857300,
2016-12-15,81.81999969482422,82.47000122070312,81.16000366210938,81.41000366210938,55.14091491699219,3915200,
2016-12-16,81.58000183105469,83.16999816894531,81.44999694824219,82.62999725341797,55.96724319458008,6581100,
2016-12-19,82.91000366210938,83.87999725341797,82.9000015258789,83.5199966430664,56.57008743286133,3663600,
2016-12-20,83.4800033569336,84.08000183105469,83.18000030517578,83.70999908447266,56.69877243041992,5193600,
2016-12-21,83.70999908447266,84.26000213623047,82.41999816894531,82.44000244140625,55.83855056762695,4998400,
2016-12-22,80.63999938964844,80.87999725341797,79.91000366210938,80.61000061035156,55.745208740234375,3891700,"{""dividend_amount"": 1.695}"
2016-12-23,80.72000122070312,82.27999877929688,80.48999786376953,80.81999969482422,55.890411376953125,4504400,
2016-12-27,80.94000244140625,81.30000305175781,80.61000061035156,80.98999786376953,56.007991790771484,3833000,
2016-12-28,81.18000030517578,81.18000030517578,80.23999786376953,80.5,55.66914749145508,3979500,
2016-12-29,80.76000213623047,81.73999786376953,80.44999694824219,81.5,56.36069107055664,4259400,
2016-12-30,81.58999633789062,82.69999694824219,81.19999694824219,82.52999877929688,57.07296371459961,6673400,
2017-01-03,82.9800033569336,83.0,82.13999938964844,82.80000305175781,57.25968551635742,9380300,
2017-01-04,82.91000366210938,84.19000244140625,82.83000183105469,84.01000213623047,58.096435546875,6598700,
2017-01-05,83.69999694824219,84.37999725341797,82.91999816894531,84.27999877929688,58.28315734863281,8555700,
2017-01-06,84.0199966430664,84.69999694824219,83.81999969482422,84.29000091552734,58.290069580078125,3901200,
2017-01-09,84.52999877929688,84.52999877929688,83.5,83.52999877929688,57.7645149230957,3546100,
2017-01-10,83.56999969482422,83.56999969482422,82.77999877929688,82.81999969482422,57.27351760864258,3959600,
2017-01-11,82.87000274658203,82.95999908447266,82.2300033569336,82.30999755859375,56.92082977294922,4498000,
2017-01-12,82.4000015258789,82.7699966430664,81.5999984741211,82.7300033569336,57.211299896240234,4670700,
2017-01-13,82.72000122070312,83.0199966430664,82.33000183105469,82.61000061035156,57.12828826904297,3658100,
2017-01-17,82.95999908447266,83.31999969482422,82.76000213623047,83.25,57.57087326049805,4139200,
2017-01-18,83.22000122070312,83.66999816894531,83.02999877929688,83.38999938964844,57.66769027709961,3317400,
2017-01-19,83.08000183105469,83.25,82.33999633789062,82.54000091552734,57.07988739013672,3169200,
2017-01-20,82.56999969482422,83.19000244140625,82.37999725341797,83.13999938964844,57.494789123535156,3285400,
2017-01-23,83.26000213623047,83.97000122070312,83.0,83.83999633789062,57.9788932800293,3165600,
2017-01-24,83.83999633789062,84.20999908447266,83.5,83.86000061035156,57.992706298828125,4204200,
2017-01-25,83.80999755859375,84.16000366210938,83.05999755859375,83.30999755859375,57.612369537353516,3461500,
2017-01-26,83.31999969482422,83.72000122070312,83.02999877929688,83.1500015258789,57.501712799072266,4093700,
2017-01-27,83.38999938964844,83.5,82.0199966430664,82.33999633789062,56.941585540771484,2996000,
2017-01-30,82.0999984741211,82.2699966430664,81.56999969482422,81.77999877929688,56.5543098449707,3182600,
2017-01-31,81.80000305175781,82.94999694824219,81.80000305175781,82.37000274658203,56.962318420410156,11091400,
2017-02-01,82.27999877929688,82.88999938964844,81.31999969482422,81.37999725341797,56.27767562866211,4555800,
2017-02-02,81.43000030517578,82.43000030517578,81.41999816894531,82.3499984741211,56.948486328125,4754800,
2017-02-03,82.95999908447266,83.2300033569336,82.45999908447266,82.80000305175781,57.25968551635742,4165000,
2017-02-06,82.9000015258789,83.05999755859375,82.48999786376953,82.66000366210938,57.16286849975586,2985800,
2017-02-07,82.7300033569336,83.02999877929688,82.23999786376953,82.37000274658203,56.962318420410156,3250700,
2017-02-08,82.62000274658203,83.19999694824219,82.30000305175781,83.0199966430664,57.41181182861328,3316700,
2017-02-09,83.0199966430664,83.37999725341797,82.91999816894531,83.22000122070312,57.55012893676758,2806600,
2017-02-10,83.19000244140625,83.86000061035156,83.02999877929688,83.80999755859375,57.958152770996094,2983800,
2017-02-13,83.87999725341797,84.19999694824219,83.37999725341797,83.83999633789062,57.9788932800293,3968200,
2017-02-14,83.63999938964844,83.69000244140625,82.75,83.4000015258789,57.67461395263672,2687900,
2017-02-15,82.87999725341797,83.25,82.33999633789062,83.12000274658203,57.480995178222656,3687300,
2017-02-16,83.20999908447266,84.16999816894531,83.12000274658203,83.61000061035156,57.819828033447266,3097800,
2017-02-17,83.80999755859375,83.9000015258789,83.06999969482422,83.7699966430664,57.930458068847656,2624100,
2017-02-21,83.68000030517578,84.93000030517578,83.56999969482422,84.83999633789062,58.67041778564453,5646700,
2017-02-22,84.95999908447266,85.25,84.12999725341797,84.55999755859375,58.47679138183594,3464400,
2017-02-23,84.79000091552734,85.06999969482422,84.22000122070312,85.0,58.78107833862305,3430900,
2017-02-24,84.9800033569336,85.43000030517578,84.5199966430664,85.4000015258789,59.057682037353516,3667400,
2017-02-27,85.38999938964844,86.16000366210938,85.31999969482422,85.8499984741211,59.36888122558594,3326700,
2017-02-28,85.8499984741211,85.8499984741211,85.05999755859375,85.26000213623047,58.96089172363281,5778100,
2017-03-01,85.0,85.48999786376953,84.69999694824219,85.0,58.78107833862305,6282800,
2017-03-02,84.87999725341797,84.94999694824219,84.25,84.54000091552734,58.46297073364258,3060400,
2017-03-03,84.47000122070312,84.55000305175781,83.3499984741211,84.20999908447266,58.2347526550293,4177700,
2017-03-06,84.05999755859375,84.0999984741211,83.43000030517578,83.83000183105469,57.971961975097656,3237400,
2017-03-07,83.6500015258789,83.79000091552734,83.02999877929688,83.43000030517578,57.69535446166992,4658000,
2017-03-08,82.94000244140625,83.04000091552734,81.83000183105469,81.88999938964844,56.63038635253906,4814100,
2017-03-09,81.7300033569336,82.22000122070312,80.4800033569336,80.66000366210938,55.7797966003418,5604300,
2017-03-10,81.30000305175781,81.70999908447266,79.9800033569336,80.41000366210938,55.606903076171875,6278800,
2017-03-13,80.5,81.11000061035156,80.33999633789062,80.61000061035156,55.745208740234375,4691000,
2017-03-14,80.52999877929688,80.79000091552734,80.06999969482422,80.58999633789062,55.731380462646484,4582400,
2017-03-15,80.83000183105469,82.63999938964844,80.77999877929688,82.22000122070312,56.858585357666016,7177800,
2017-03-16,82.12999725341797,82.62000274658203,81.91000366210938,82.05999755859375,56.7479362487793,4456700,
2017-03-17,82.4000015258789,82.69999694824219,82.0,82.44000244140625,57.010711669921875,4380600,
2017-03-20,82.5,82.73999786376953,82.16000366210938,82.37000274658203,56.962318420410156,2748500,
2017-03-21,82.4800033569336,82.72000122070312,81.87999725341797,82.01000213623047,56.71335983276367,6969700,
2017-03-22,81.51000213623047,81.55999755859375,80.55000305175781,81.37000274658203,56.6820182800293,4618000,"{""dividend_amount"": 0.595}"
2017-03-23,81.37999725341797,82.62999725341797,81.26000213623047,81.97000122070312,57.0999755859375,7610200,
2017-03-24,82.08999633789062,82.44999694824219,81.77999877929688,81.87999725341797,57.03727722167969,4399200,
2017-03-27,81.76000213623047,82.12000274658203,80.88999938964844,81.13999938964844,56.521793365478516,4556000,
2017-03-28,81.33000183105469,81.61000061035156,80.56999969482422,81.48999786376953,56.76561737060547,4232100,
2017-03-29,81.45999908447266,81.95999908447266,81.20999908447266,81.94999694824219,57.08604049682617,3123200,
2017-03-30,81.81999969482422,82.2300033569336,81.27999877929688,82.0999984741211,57.1905403137207,4593300,
2017-03-31,82.12999725341797,82.88999938964844,81.98999786376953,82.58999633789062,57.53187942504883,7167900,
2017-04-03,82.36000061035156,82.98999786376953,82.31999969482422,82.83000183105469,57.69904327392578,7469000,
2017-04-04,82.70999908447266,83.37000274658203,82.5999984741211,82.83000183105469,57.69904327392578,5359300,
2017-04-05,82.91000366210938,83.41000366210938,82.81999969482422,82.94999694824219,57.782630920410156,4738600,
2017-04-06,82.7699966430664,83.54000091552734,82.43000030517578,83.38999938964844,58.089141845703125,4711500,
2017-04-07,83.58999633789062,83.87999725341797,83.2699966430664,83.51000213623047,58.1727294921875,4483800,
2017-04-10,83.55999755859375,84.16000366210938,83.36000061035156,84.02999877929688,58.534969329833984,2547800,
2017-04-11,84.05999755859375,84.7699966430664,83.94000244140625,84.61000061035156,58.938995361328125,3864200,
2017-04-12,84.58000183105469,84.9000015258789,84.30999755859375,84.45999908447266,58.83449935913086,3526900,
2017-04-13,84.43000030517578,84.6500015258789,84.16000366210938,84.2699966430664,58.70213317871094,2759500,
2017-04-17,84.4000015258789,85.30999755859375,84.30999755859375,85.29000091552734,59.412689208984375,3875000,
2017-04-18,85.22000122070312,85.5999984741211,85.16000366210938,85.5199966430664,59.57288360595703,2807300,
2017-04-19,85.44999694824219,85.72000122070312,85.25,85.4000015258789,59.48930740356445,3622900,
2017-04-20,85.23999786376953,85.47000122070312,84.80000305175781,85.41000366210938,59.49626159667969,3109100,
2017-04-21,85.36000061035156,85.45999908447266,84.95999908447266,85.0999984741211,59.28032684326172,3261900,
2017-04-24,85.5,85.55000305175781,83.38999938964844,84.16000366210938,58.62551498413086,6595300,
2017-04-25,84.16000366210938,84.63999938964844,84.0199966430664,84.51000213623047,58.86933517456055,3412300,
2017-04-26,84.44999694824219,84.62000274658203,83.66999816894531,83.87999725341797,58.430484771728516,4185400,
2017-04-27,84.01000213623047,84.20999908447266,83.5,83.66000366210938,58.27724075317383,4822200,
2017-04-28,83.44000244140625,83.56999969482422,82.48999786376953,82.79000091552734,57.67116928100586,5983700,
2017-05-01,83.1500015258789,83.52999877929688,82.45999908447266,83.27999877929688,58.01250457763672,6003600,
2017-05-02,83.37999725341797,83.58999633789062,82.83000183105469,83.13999938964844,57.91497039794922,4930000,
2017-05-03,83.0999984741211,83.19999694824219,81.76000213623047,82.02999877929688,57.14179992675781,6207500,
2017-05-04,81.5199966430664,81.76000213623047,80.69999694824219,81.62999725341797,56.863136291503906,8025100,
2017-05-05,81.80999755859375,82.4000015258789,81.7699966430664,82.4000015258789,57.399513244628906,5458100,
2017-05-08,82.58000183105469,82.58000183105469,81.36000061035156,81.81999969482422,56.995479583740234,3940600,
2017-05-09,81.80999755859375,81.91999816894531,81.05999755859375,81.37999725341797,56.68898010253906,5790900,
2017-05-10,81.37000274658203,82.30000305175781,81.16999816894531,82.0199966430664,57.134796142578125,3801400,
2017-05-11,81.72000122070312,81.8499984741211,80.9000015258789,81.61000061035156,56.84919738769531,3542600,
2017-05-12,81.61000061035156,81.77999877929688,81.20999908447266,81.27999877929688,56.61931610107422,3115400,
2017-05-15,81.3499984741211,82.22000122070312,81.30000305175781,81.5199966430664,56.7864990234375,3263900,
2017-05-16,81.5199966430664,81.69000244140625,80.70999908447266,80.97000122070312,56.40339279174805,4338600,
2017-05-17,80.91999816894531,81.61000061035156,80.75,81.30000305175781,56.63326644897461,7243700,
2017-05-18,81.16999816894531,81.95999908447266,80.7300033569336,81.75,56.94671630859375,4128200,
2017-05-19,81.69000244140625,82.68000030517578,81.3499984741211,82.19000244140625,57.25321960449219,6390100,
2017-05-22,82.22000122070312,82.80000305175781,82.16000366210938,82.51000213623047,57.476139068603516,3433700,
2017-05-23,82.68000030517578,82.98999786376953,82.52999877929688,82.58000183105469,57.524906158447266,2960100,
2017-05-24,82.69000244140625,83.30000305175781,82.6500015258789,83.25,57.99162292480469,2578500,
2017-05-25,83.38999938964844,83.6500015258789,83.08000183105469,83.26000213623047,57.99859619140625,3146900,
2017-05-26,83.2300033569336,83.33000183105469,82.4000015258789,82.66000366210938,57.580631256103516,3046100,
2017-05-30,82.6500015258789,82.81999969482422,82.13999938964844,82.13999938964844,57.21839141845703,1865200,
2017-05-31,82.27999877929688,82.52999877929688,81.87000274658203,82.19000244140625,57.25321960449219,5515000,
2017-06-01,81.95999908447266,82.72000122070312,81.76000213623047,82.62000274658203,57.55275344848633,6557200,
2017-06-02,82.95999908447266,83.6500015258789,82.95999908447266,83.47000122070312,58.144874572753906,3999500,
2017-06-05,83.26000213623047,83.37999725341797,82.7300033569336,83.11000061035156,57.89410400390625,4919900,
2017-06-06,83.16000366210938,83.18000030517578,82.58999633789062,82.70999908447266,57.61546325683594,4358300,
2017-06-07,82.69000244140625,83.44000244140625,82.62000274658203,83.29000091552734,58.01948165893555,3191200,
2017-06-08,83.31999969482422,83.31999969482422,82.3499984741211,83.08999633789062,57.88018035888672,2963600,
2017-06-09,83.08999633789062,83.94999694824219,82.80000305175781,83.66999816894531,58.2841911315918,4950400,
2017-06-12,83.5999984741211,84.44000244140625,83.47000122070312,84.41999816894531,58.806636810302734,4049500,
2017-06-13,84.37999725341797,84.69000244140625,84.02999877929688,84.61000061035156,58.938995361328125,2787500,
2017-06-14,85.12000274658203,85.30000305175781,84.44000244140625,84.7300033569336,59.0225830078125,5317300,
2017-06-15,84.37000274658203,85.38999938964844,84.30000305175781,85.16000366210938,59.322120666503906,3757200,
2017-06-16,85.2699966430664,85.31999969482422,84.56999969482422,84.94000244140625,59.168861389160156,4497900,
2017-06-19,84.94000244140625,84.98999786376953,84.54000091552734,84.94999694824219,59.175846099853516,4892200,
2017-06-20,85.0,85.23999786376953,84.0999984741211,84.75,59.0364990234375,3194300,
2017-06-21,84.75,84.98999786376953,84.04000091552734,84.58000183105469,58.9180793762207,2559700,
2017-06-22,84.47000122070312,84.83000183105469,84.12999725341797,84.66000366210938,58.97381591796875,6220800,
2017-06-23,83.88999938964844,84.62999725341797,83.75,84.1500015258789,59.178470611572266,3759000,"{""dividend_amount"": 0.801}"
2017-06-26,84.36000061035156,85.05999755859375,84.36000061035156,84.75,59.60040283203125,6417400,
2017-06-27,84.33000183105469,84.83000183105469,83.94000244140625,83.98999786376953,59.06595230102539,3925300,
2017-06-28,84.22000122070312,84.58999633789062,83.93000030517578,84.19000244140625,59.20659255981445,2956300,
2017-06-29,83.91999816894531,83.91999816894531,83.08000183105469,83.2300033569336,58.531490325927734,3985800,
2017-06-30,83.45999908447266,83.87999725341797,82.98999786376953,83.2300033569336,58.531490325927734,4206900,
2017-07-03,83.55999755859375,84.45999908447266,83.37000274658203,84.29000091552734,59.276920318603516,3169500,
2017-07-05,84.44000244140625,84.44000244140625,82.94000244140625,83.0999984741211,58.4400520324707,5370200,
2017-07-06,82.58999633789062,82.97000122070312,81.44000244140625,81.54000091552734,57.342979431152344,4091400,
2017-07-07,81.73999786376953,82.2300033569336,81.43000030517578,82.0,57.666473388671875,3249800,
2017-07-10,82.18000030517578,82.26000213623047,81.19000244140625,81.25,57.13905334472656,4164100,
2017-07-11,81.30999755859375,81.38999938964844,80.58000183105469,81.16000366210938,57.07574462890625,3346600,
2017-07-12,81.70999908447266,82.62999725341797,81.54000091552734,82.16000366210938,57.77901077270508,3189200,
2017-07-13,82.22000122070312,82.48999786376953,82.0,82.29000091552734,57.870418548583984,2556100,
2017-07-14,82.79000091552734,83.2300033569336,82.70999908447266,83.08000183105469,58.42601013183594,2577600,
2017-07-17,83.08000183105469,83.87999725341797,82.91999816894531,83.75,58.89717483520508,2730700,
2017-07-18,83.77999877929688,83.93000030517578,83.33999633789062,83.56999969482422,58.77058410644531,3012500,
2017-07-19,83.69999694824219,84.2300033569336,83.5199966430664,84.19999694824219,59.21364212036133,2949700,
2017-07-20,84.25,84.38999938964844,83.7699966430664,83.80999755859375,58.93938064575195,3140400,
2017-07-21,83.87000274658203,83.97000122070312,83.3499984741211,83.75,58.89717483520508,2967100,
2017-07-24,83.7300033569336,83.83000183105469,83.20999908447266,83.58999633789062,58.78465270996094,2659300,
2017-07-25,83.6500015258789,83.77999877929688,83.12999725341797,83.69999694824219,58.861995697021484,2785000,
2017-07-26,83.7300033569336,84.56999969482422,83.54000091552734,84.27999877929688,59.26988983154297,2976800,
2017-07-27,83.9800033569336,84.7300033569336,83.4800033569336,84.37999725341797,59.3401985168457,2828800,
2017-07-28,84.4000015258789,84.66000366210938,83.9800033569336,84.1500015258789,59.178470611572266,3024500,
2017-07-31,84.23999786376953,84.37999725341797,83.5999984741211,84.26000213623047,59.25584411621094,2967600,
2017-08-01,84.5199966430664,85.0,83.97000122070312,84.63999938964844,59.52305603027344,3142900,
2017-08-02,84.45999908447266,84.45999908447266,83.58999633789062,83.87000274658203,58.98155975341797,2192000,
2017-08-03,83.72000122070312,84.18000030517578,83.4000015258789,83.69999694824219,58.861995697021484,2032500,
2017-08-04,83.68000030517578,84.13999938964844,83.5,83.9800033569336,59.05891799926758,2068700,
2017-08-07,84.0,84.11000061035156,83.56999969482422,83.88999938964844,58.9956169128418,1642700,
2017-08-08,83.7300033569336,83.91999816894531,83.27999877929688,83.48999786376953,58.714317321777344,2324400,
2017-08-09,83.55000305175781,83.58999633789062,83.05000305175781,83.20999908447266,58.51740264892578,4508400,
2017-08-10,83.02999877929688,83.18000030517578,82.61000061035156,82.61000061035156,58.095462799072266,4190800,
2017-08-11,82.62999725341797,82.69000244140625,81.7300033569336,82.0999984741211,57.73680877685547,2692800,
2017-08-14,82.44000244140625,83.62999725341797,82.30000305175781,83.47000122070312,58.700260162353516,2160200,
2017-08-15,83.30999755859375,83.30999755859375,82.66999816894531,83.22000122070312,58.52444839477539,2260000,
2017-08-16,83.31999969482422,83.80999755859375,83.31999969482422,83.55000305175781,58.75651931762695,2945300,
2017-08-17,83.44999694824219,83.75,82.98999786376953,83.02999877929688,58.39081573486328,2053900,
2017-08-18,82.81999969482422,82.94999694824219,81.94999694824219,82.19000244140625,57.80008316040039,2011600,
2017-08-21,82.19999694824219,83.20999908447266,82.06999969482422,83.06999969482422,58.418949127197266,2487600,
2017-08-22,83.08000183105469,83.33000183105469,82.61000061035156,82.83000183105469,58.25017547607422,1835300,
2017-08-23,82.86000061035156,83.77999877929688,82.6500015258789,83.68000030517578,58.84794998168945,1889800,
2017-08-24,83.8499984741211,84.33000183105469,83.37000274658203,83.41999816894531,58.66510009765625,2012200,
2017-08-25,83.69000244140625,84.12999725341797,83.30999755859375,83.81999969482422,58.94636917114258,2147300,
2017-08-28,83.86000061035156,83.94000244140625,82.91999816894531,83.18000030517578,58.49633026123047,2072000,
2017-08-29,83.05999755859375,83.44999694824219,83.0,83.08999633789062,58.43303680419922,1401700,
2017-08-30,82.94999694824219,83.56999969482422,82.62000274658203,83.55999755859375,58.763545989990234,2054100,
2017-08-31,83.79000091552734,84.2699966430664,83.62999725341797,84.04000091552734,59.10111618041992,3212700,
2017-09-01,84.05999755859375,84.68000030517578,83.94999694824219,84.33000183105469,59.305049896240234,3385900,
2017-09-05,84.41999816894531,84.68000030517578,83.68000030517578,84.0999984741211,59.143310546875,3705200,
2017-09-06,84.2699966430664,84.88999938964844,84.19000244140625,84.31999969482422,59.298030853271484,3330500,
2017-09-07,84.48999786376953,85.0,84.36000061035156,84.86000061035156,59.677772521972656,2313000,
2017-09-08,84.62999725341797,85.23999786376953,84.55999755859375,84.93000030517578,59.72700500488281,2334500,
2017-09-11,85.12000274658203,85.80000305175781,85.0,85.70999908447266,60.275535583496094,2352600,
2017-09-12,85.58000183105469,85.80000305175781,84.38999938964844,84.69999694824219,59.56525802612305,3991300,
2017-09-13,84.72000122070312,84.76000213623047,84.19000244140625,84.4800033569336,59.410545349121094,1840100,
2017-09-14,84.37000274658203,85.22000122070312,84.16999816894531,85.18000030517578,59.90281677246094,2839400,
2017-09-15,85.12999725341797,85.37999725341797,84.58000183105469,85.33999633789062,60.015323638916016,3172800,
2017-09-18,85.31999969482422,85.47000122070312,84.61000061035156,84.87999725341797,59.691829681396484,3442200,
2017-09-19,84.94999694824219,84.97000122070312,84.26000213623047,84.31999969482422,59.298030853271484,2916500,
2017-09-20,84.54000091552734,84.66000366210938,83.72000122070312,84.08999633789062,59.13627624511719,2741300,
2017-09-21,84.08000183105469,84.62999725341797,83.91999816894531,83.93000030517578,59.02375411987305,6278500,
2017-09-22,83.16999816894531,83.4800033569336,82.44000244140625,82.48999786376953,58.60740280151367,4549600,"{""dividend_amount"": 0.854}"
2017-09-25,82.48999786376953,83.30999755859375,82.48999786376953,82.97000122070312,58.948448181152344,5536300,
2017-09-26,83.12999725341797,83.37999725341797,82.91000366210938,83.11000061035156,59.04792022705078,3099300,
2017-09-27,82.94000244140625,83.0999984741211,82.06999969482422,82.36000061035156,58.51504898071289,3812800,
2017-09-28,82.19000244140625,83.0,82.19000244140625,82.91999816894531,58.91292190551758,4114300,
2017-09-29,82.80000305175781,83.18000030517578,82.62000274658203,83.08999633789062,59.03369903564453,4245200,
2017-10-02,83.22000122070312,83.26000213623047,82.83999633789062,82.97000122070312,58.948448181152344,4533800,
2017-10-03,82.95999908447266,83.04000091552734,82.66000366210938,82.8499984741211,58.86317825317383,6710800,
2017-10-04,82.91999816894531,83.33000183105469,82.62999725341797,83.2699966430664,59.16158676147461,4137400,
2017-10-05,83.37999725341797,83.98999786376953,83.37000274658203,83.56999969482422,59.37472915649414,3398700,
2017-10-06,83.12999725341797,83.37000274658203,82.5999984741211,83.30000305175781,59.18290328979492,2594800,
2017-10-09,83.33999633789062,83.70999908447266,83.25,83.5,59.324989318847656,2248200,
2017-10-10,83.76000213623047,84.31999969482422,83.5,83.75,59.502620697021484,6012600,
2017-10-11,83.81999969482422,84.29000091552734,83.80999755859375,84.02999877929688,59.7015495300293,2944800,
2017-10-12,84.05999755859375,84.56999969482422,83.93000030517578,84.56999969482422,60.08522033691406,2787500,
2017-10-13,84.87999725341797,85.0,84.4000015258789,84.79000091552734,60.24150848388672,2662600,
2017-10-16,84.7300033569336,84.9000015258789,84.30000305175781,84.37000274658203,59.943119049072266,1972300,
2017-10-17,84.27999877929688,84.5199966430664,84.12000274658203,84.47000122070312,60.01416015625,2191300,
2017-10-18,84.37000274658203,84.69000244140625,84.20999908447266,84.37999725341797,59.950218200683594,1935900,
2017-10-19,84.36000061035156,84.54000091552734,83.83999633789062,84.12999725341797,59.7725944519043,1838700,
2017-10-20,84.05999755859375,84.0999984741211,83.33000183105469,83.6500015258789,59.431575775146484,2929900,
2017-10-23,83.75,83.83000183105469,83.2300033569336,83.33000183105469,59.20421600341797,2618800,
2017-10-24,83.16999816894531,83.44000244140625,82.54000091552734,82.83000183105469,58.84897232055664,2521400,
2017-10-25,82.4800033569336,82.87000274658203,82.0199966430664,82.58999633789062,58.678470611572266,3490900,
2017-10-26,82.80999755859375,83.0,81.61000061035156,81.91000366210938,58.19532775878906,3916400,
2017-10-27,81.86000061035156,82.48999786376953,81.33999633789062,82.27999877929688,58.45820236206055,2979900,
2017-10-30,81.86000061035156,82.54000091552734,81.86000061035156,82.20999908447266,58.408470153808594,3061000,
2017-10-31,82.22000122070312,82.3499984741211,81.48999786376953,82.19999694824219,58.40137481689453,4422700,
2017-11-01,82.33999633789062,82.77999877929688,82.1500015258789,82.5999984741211,58.685569763183594,3507700,
2017-11-02,82.8499984741211,83.63999938964844,82.7300033569336,83.30000305175781,59.18290328979492,5159300,
2017-11-03,82.88999938964844,83.41000366210938,82.52999877929688,83.08999633789062,59.03369903564453,2458400,
2017-11-06,83.16000366210938,83.87999725341797,83.11000061035156,83.6500015258789,59.431575775146484,3156300,
2017-11-07,83.69000244140625,84.5999984741211,83.68000030517578,84.33000183105469,59.91469955444336,3992500,
2017-11-08,84.2699966430664,84.80000305175781,84.2300033569336,84.75,60.21308898925781,2058200,
2017-11-09,84.44000244140625,85.3499984741211,84.20999908447266,84.83999633789062,60.277034759521484,3856400,
2017-11-10,84.41000366210938,85.20999908447266,84.25,84.93000030517578,60.34098815917969,3657400,
2017-11-13,84.9800033569336,85.4800033569336,84.8499984741211,85.36000061035156,60.64649963378906,3487200,
2017-11-14,85.12000274658203,85.41999816894531,85.02999877929688,85.18000030517578,60.51860809326172,4039200,
2017-11-15,85.05000305175781,85.19999694824219,84.2699966430664,84.31999969482422,59.9076042175293,5171100,
2017-11-16,84.11000061035156,85.11000061035156,84.0999984741211,85.0199966430664,60.4049186706543,5137200,
2017-11-17,84.80999755859375,85.06999969482422,84.55000305175781,84.6500015258789,60.14206314086914,2782600,
2017-11-20,84.70999908447266,84.79000091552734,84.26000213623047,84.4000015258789,59.964420318603516,3613800,
2017-11-21,84.63999938964844,85.08000183105469,84.51000213623047,85.02999877929688,60.412044525146484,3056900,
2017-11-22,84.87000274658203,85.12999725341797,84.62999725341797,84.83999633789062,60.277034759521484,2347400,
2017-11-24,84.91000366210938,85.08999633789062,84.87999725341797,84.94999694824219,60.35519790649414,1255000,
2017-11-27,85.04000091552734,85.05000305175781,84.5199966430664,84.55000305175781,60.07099533081055,2218000,
2017-11-28,84.51000213623047,84.62000274658203,83.79000091552734,84.2300033569336,59.84366226196289,2946800,
2017-11-29,84.0199966430664,84.44999694824219,83.76000213623047,84.26000213623047,59.864959716796875,4633900,
2017-11-30,84.52999877929688,84.6500015258789,84.13999938964844,84.38999938964844,59.95730972290039,4849800,
2017-12-01,84.48999786376953,84.91000366210938,83.8499984741211,84.58999633789062,60.099422454833984,4664700,
2017-12-04,84.76000213623047,85.0999984741211,84.1500015258789,84.16999816894531,59.801002502441406,4484100,
2017-12-05,83.75,84.30000305175781,83.44999694824219,83.47000122070312,59.303688049316406,4372600,
2017-12-06,83.33999633789062,83.77999877929688,83.0,83.38999938964844,59.246856689453125,3967900,
2017-12-07,83.5999984741211,83.68000030517578,83.11000061035156,83.5999984741211,59.39604949951172,4049100,
2017-12-08,83.93000030517578,84.18000030517578,83.55000305175781,84.02999877929688,59.7015495300293,3448600,
2017-12-11,84.05000305175781,84.1500015258789,83.83999633789062,84.0199966430664,59.69442367553711,5326200,
2017-12-12,84.45999908447266,84.66000366210938,83.73999786376953,84.43000030517578,59.985740661621094,4732000,
2017-12-13,84.62000274658203,84.97000122070312,84.41000366210938,84.56999969482422,60.08522033691406,3887100,
2017-12-14,84.62000274658203,84.87999725341797,84.37999725341797,84.55000305175781,60.07099533081055,4901000,
2017-12-15,84.66000366210938,85.25,84.62999725341797,85.08000183105469,60.44754409790039,4909500,
2017-12-18,85.26000213623047,86.13999938964844,85.25,85.63999938964844,60.84540939331055,5169400,
2017-12-19,85.66999816894531,85.69000244140625,83.66999816894531,83.81999969482422,59.552345275878906,5259200,
2017-12-20,83.86000061035156,84.08999633789062,82.83999633789062,82.8499984741211,58.86317825317383,7831900,
2017-12-21,81.94999694824219,81.94999694824219,81.18000030517578,81.2699966430664,58.63520050048828,4701300,"{""dividend_amount"": 1.264}"
2017-12-22,81.31999969482422,81.94999694824219,81.22000122070312,81.83000183105469,59.03922653198242,6484400,
2017-12-26,81.8499984741211,82.45999908447266,81.68000030517578,82.23999786376953,59.335025787353516,2874500,
2017-12-27,82.81999969482422,82.81999969482422,82.30999755859375,82.51000213623047,59.52982711791992,4341500,
2017-12-28,82.38999938964844,83.02999877929688,82.30999755859375,82.94999694824219,59.8472785949707,3172900,
2017-12-29,83.11000061035156,83.27999877929688,82.8499984741211,82.9800033569336,59.86894607543945,2957300,
2018-01-02,83.04000091552734,83.16999816894531,82.4000015258789,82.66999816894531,59.64528274536133,4639500,
2018-01-03,82.7300033569336,82.93000030517578,82.26000213623047,82.43000030517578,59.47212600708008,5516900,
2018-01-04,82.44999694824219,82.4800033569336,80.98999786376953,81.01000213623047,58.44759750366211,4734100,
2018-01-05,81.16999816894531,81.2300033569336,80.83999633789062,81.05000305175781,58.47648239135742,5742900,
2018-01-08,81.16000366210938,81.61000061035156,81.04000091552734,81.47000122070312,58.77948760986328,4763200,
2018-01-09,81.5,81.7300033569336,80.38999938964844,80.41999816894531,58.02193069458008,4631000,
2018-01-10,80.0999984741211,80.2300033569336,79.11000061035156,79.5199966430664,57.372589111328125,6244400,
2018-01-11,79.70999908447266,79.93000030517578,79.16999816894531,79.25,57.177791595458984,5067100,
2018-01-12,79.02999877929688,79.23999786376953,78.47000122070312,78.61000061035156,56.716041564941406,5154600,
2018-01-16,78.9000015258789,80.02999877929688,78.73999786376953,78.76000213623047,56.82426834106445,5760800,
2018-01-17,79.08999633789062,79.4000015258789,78.69999694824219,79.30999755859375,57.22109603881836,5560300,
2018-01-18,79.01000213623047,79.0999984741211,78.22000122070312,78.29000091552734,56.485164642333984,4548200,
2018-01-19,78.41999816894531,78.72000122070312,78.19999694824219,78.70999908447266,56.78818130493164,4546800,
2018-01-22,78.83000183105469,79.47000122070312,78.73999786376953,79.43000030517578,57.307674407958984,4767400,
2018-01-23,79.79000091552734,80.55000305175781,79.66000366210938,80.52999877929688,58.10130310058594,4599700,
2018-01-24,80.41999816894531,80.61000061035156,79.83000183105469,80.11000061035156,57.79827117919922,6242500,
2018-01-25,79.97000122070312,80.11000061035156,79.44999694824219,79.97000122070312,57.697261810302734,4765000,
2018-01-26,79.97000122070312,80.08000183105469,79.2300033569336,79.69000244140625,57.49524688720703,4966400,
2018-01-29,79.4800033569336,79.48999786376953,78.56999969482422,78.62000274658203,56.72324752807617,5280200,
2018-01-30,78.2699966430664,78.58999633789062,77.91999816894531,78.05000305175781,56.31201171875,6937600,
2018-01-31,78.2699966430664,79.4800033569336,78.0199966430664,79.44999694824219,57.32209014892578,8845500,
2018-02-01,79.08999633789062,79.73999786376953,77.5999984741211,77.73999786376953,56.08834457397461,7313200,
2018-02-02,77.16000366210938,77.5999984741211,76.44000244140625,77.08000183105469,55.6121711730957,11151800,
2018-02-05,76.69999694824219,77.54000091552734,74.69000244140625,74.79000091552734,53.9599723815918,8861900,
2018-02-06,73.55000305175781,75.19999694824219,73.08999633789062,74.80000305175781,53.96717834472656,12554100,
2018-02-07,74.77999877929688,75.91999816894531,74.43000030517578,74.4800033569336,53.73631286621094,7480000,
2018-02-08,74.1500015258789,74.93000030517578,72.2699966430664,72.33999633789062,52.19232177734375,11116900,
2018-02-09,72.79000091552734,74.73999786376953,72.05000305175781,74.1500015258789,53.49821853637695,12718500,
2018-02-12,74.58999633789062,74.62999725341797,72.11000061035156,74.18000030517578,53.519859313964844,15209300,
2018-02-13,74.01000213623047,74.91000366210938,73.5199966430664,74.69999694824219,53.89501953125,8766100,
2018-02-14,74.05999755859375,74.25,73.16000366210938,74.16000366210938,53.505428314208984,8225700,
2018-02-15,74.2699966430664,75.01000213623047,74.05999755859375,74.87999725341797,54.02489471435547,7359200,
2018-02-16,75.11000061035156,75.66999816894531,74.81999969482422,75.29000091552734,54.32069778442383,7002400,
2018-02-20,75.05999755859375,75.68000030517578,74.30999755859375,74.4000015258789,53.678592681884766,5766000,
2018-02-21,74.4000015258789,74.52999877929688,72.93000030517578,72.93000030517578,52.61800003051758,7852900,
2018-02-22,73.27999877929688,74.30999755859375,73.12999725341797,73.76000213623047,53.21683883666992,7412700,
2018-02-23,74.02999877929688,74.95999908447266,73.91999816894531,74.94000244140625,54.06818771362305,6884100,
2018-02-26,75.30999755859375,75.36000061035156,74.63999938964844,75.1500015258789,54.2197151184082,6336100,
2018-02-27,75.30000305175781,75.3499984741211,73.37999725341797,73.4000015258789,52.95710754394531,7635400,
2018-02-28,73.66000366210938,74.3499984741211,73.3499984741211,73.3499984741211,52.92103958129883,9175500,
2018-03-01,73.19000244140625,74.30000305175781,72.83000183105469,73.41999816894531,52.971527099609375,8794700,
2018-03-02,73.06999969482422,73.47000122070312,72.62000274658203,73.38999938964844,52.94987106323242,8408100,
2018-03-05,73.19000244140625,74.56999969482422,73.13999938964844,74.22000122070312,53.5487174987793,5558100,
2018-03-06,74.33999633789062,74.7300033569336,73.69000244140625,74.56999969482422,53.80123519897461,6039100,
2018-03-07,74.2300033569336,75.08999633789062,74.19000244140625,75.02999877929688,54.13311767578125,9868300,
2018-03-08,75.19999694824219,75.3499984741211,74.79000091552734,75.16999816894531,54.234127044677734,6381300,
2018-03-09,75.16999816894531,75.58000183105469,74.68000030517578,75.58000183105469,54.529937744140625,6293400,
2018-03-12,75.62999725341797,76.08999633789062,75.37999725341797,75.91000366210938,54.768028259277344,6661400,
2018-03-13,76.16000366210938,76.51000213623047,75.72000122070312,75.9800033569336,54.81852722167969,4877100,
2018-03-14,75.91000366210938,76.3499984741211,75.7300033569336,76.05000305175781,54.869041442871094,5945100,
2018-03-15,76.18000030517578,76.30999755859375,75.62999725341797,76.02999877929688,54.8546142578125,5680500,
2018-03-16,75.94000244140625,76.66000366210938,75.7699966430664,76.55999755859375,55.23698043823242,4951000,
2018-03-19,76.45999908447266,76.4800033569336,75.41999816894531,75.9000015258789,54.760799407958984,3999400,
2018-03-20,75.8499984741211,76.37999725341797,75.3499984741211,75.63999938964844,54.57322692871094,5677000,
2018-03-21,75.55000305175781,75.8499984741211,74.68000030517578,75.08000183105469,54.16919708251953,5905400,
2018-03-22,74.9000015258789,75.97000122070312,74.61000061035156,74.63999938964844,53.85175323486328,5605700,
2018-03-23,74.62000274658203,74.83000183105469,73.12000274658203,73.30999755859375,52.89216613769531,9530900,
2018-03-26,73.02999877929688,73.55999755859375,72.68000030517578,73.43000030517578,53.49390411376953,6979200,"{""dividend_amount"": 0.706}"
2018-03-27,73.52999877929688,74.68000030517578,72.66999816894531,73.70999908447266,53.6978759765625,9132000,
2018-03-28,73.97000122070312,75.69999694824219,73.83999633789062,75.55999755859375,55.045616149902344,8917300,
2018-03-29,75.7699966430664,75.94999694824219,75.16000366210938,75.47000122070312,54.98004913330078,5993400,
2018-04-02,75.33999633789062,75.66999816894531,73.94999694824219,74.44999694824219,54.236968994140625,6487700,
2018-04-03,74.56999969482422,75.41999816894531,74.08000183105469,75.08000183105469,54.69593048095703,9987300,
2018-04-04,74.66000366210938,76.08999633789062,74.48999786376953,75.87000274658203,55.271446228027344,5502800,
2018-04-05,75.91999816894531,75.98999786376953,75.19000244140625,75.83999633789062,55.24959182739258,4195900,
2018-04-06,75.66999816894531,76.25,75.0199966430664,75.2699966430664,54.8343391418457,4817500,
2018-04-09,75.31999969482422,75.62999725341797,74.91000366210938,75.02999877929688,54.65951156616211,4466300,
2018-04-10,75.3499984741211,75.48999786376953,74.83000183105469,74.94999694824219,54.60122299194336,7318500,
2018-04-11,74.80999755859375,75.68000030517578,74.73999786376953,75.11000061035156,54.7177848815918,3892500,
2018-04-12,75.2300033569336,75.23999786376953,74.05000305175781,74.2699966430664,54.1058235168457,4049600,
2018-04-13,74.19999694824219,74.72000122070312,74.08999633789062,74.66000366210938,54.389957427978516,3817100,
2018-04-16,74.75,75.37000274658203,74.56999969482422,75.12000274658203,54.72508239746094,4279000,
2018-04-17,75.29000091552734,76.41999816894531,75.05999755859375,76.0,55.36615753173828,4503600,
2018-04-18,76.18000030517578,76.27999877929688,75.83000183105469,75.83999633789062,55.24959182739258,4122900,
2018-04-19,75.58999633789062,75.66999816894531,74.20999908447266,74.73999786376953,54.44823455810547,6917900,
2018-04-20,74.66000366210938,74.95999908447266,73.94999694824219,74.05000305175781,53.94558334350586,5171200,
2018-04-23,74.08000183105469,74.37999725341797,73.66000366210938,73.98999786376953,53.90185546875,4325700,
2018-04-24,74.05000305175781,74.58000183105469,73.8499984741211,74.2699966430664,54.1058235168457,5852200,
2018-04-25,74.02999877929688,74.41000366210938,73.55000305175781,74.12999725341797,54.00386047363281,4055400,
2018-04-26,74.3499984741211,75.5199966430664,74.25,75.0999984741211,54.71051025390625,5551000,
2018-04-27,75.05999755859375,76.63999938964844,74.97000122070312,76.38999938964844,55.65024948120117,6278700,
2018-04-30,76.41999816894531,76.70999908447266,76.06999969482422,76.08999633789062,55.43171310424805,6625500,
2018-05-01,76.08000183105469,76.93000030517578,75.94000244140625,76.77999877929688,55.93436813354492,5251600,
2018-05-02,76.61000061035156,76.83000183105469,75.83000183105469,76.5,55.73041915893555,5361800,
2018-05-03,76.26000213623047,76.7699966430664,76.16000366210938,76.44999694824219,55.69398498535156,5839500,
2018-05-04,76.41000366210938,77.48999786376953,76.41000366210938,77.29000091552734,56.305931091308594,3746600,
2018-05-07,77.4000015258789,77.9000015258789,77.3499984741211,77.80999755859375,56.68474578857422,4670300,
2018-05-08,77.80000305175781,77.80000305175781,77.16999816894531,77.41999816894531,56.400638580322266,4311600,
2018-05-09,77.26000213623047,77.95999908447266,77.16000366210938,77.94000244140625,56.779449462890625,4685300,
2018-05-10,78.2300033569336,78.69999694824219,78.06999969482422,78.55000305175781,57.22383117675781,3664000,
2018-05-11,78.58999633789062,78.87000274658203,78.16000366210938,78.27999877929688,57.02714538574219,2694500,
2018-05-14,78.22000122070312,78.38999938964844,77.23999786376953,77.61000061035156,56.53904724121094,3536200,
2018-05-15,77.22000122070312,77.22000122070312,76.12000274658203,76.3499984741211,55.62112808227539,5134300,
2018-05-16,76.5,76.75,76.01000213623047,76.12000274658203,55.453582763671875,4400400,
2018-05-17,76.08999633789062,76.3499984741211,75.58000183105469,75.73999786376953,55.17673873901367,3998100,
2018-05-18,75.83000183105469,76.12000274658203,75.5,75.83999633789062,55.24959182739258,3343800,
2018-05-21,76.01000213623047,76.87000274658203,75.5999984741211,76.73999786376953,55.9052619934082,3671500,
2018-05-22,76.7300033569336,76.94999694824219,76.41999816894531,76.8499984741211,55.98535919189453,3470800,
2018-05-23,76.80000305175781,77.86000061035156,76.79000091552734,77.62000274658203,56.54631805419922,3983200,
2018-05-24,77.63999938964844,77.94000244140625,77.04000091552734,77.45999908447266,56.429771423339844,3173500,
2018-05-25,77.52999877929688,78.0199966430664,77.41999816894531,77.7300033569336,56.626461029052734,3597300,
2018-05-29,77.54000091552734,78.2300033569336,77.31999969482422,78.0999984741211,56.89601135253906,4611800,
2018-05-30,78.05000305175781,79.4000015258789,77.83000183105469,79.16000366210938,57.668209075927734,4901800,
2018-05-31,78.91000366210938,79.19000244140625,78.58999633789062,78.88999938964844,57.47150802612305,5430500,
2018-06-01,78.58999633789062,79.43000030517578,78.43000030517578,79.23999786376953,57.72649383544922,7233800,
2018-06-04,79.4000015258789,79.94999694824219,79.11000061035156,79.93000030517578,58.22914505004883,5391500,
2018-06-05,80.22000122070312,80.30000305175781,79.55999755859375,79.72000122070312,58.0761833190918,5543000,
2018-06-06,79.72000122070312,79.91000366210938,79.31999969482422,79.91000366210938,58.214595794677734,4006100,
2018-06-07,79.91999816894531,80.12000274658203,79.43000030517578,79.91000366210938,58.214595794677734,3353300,
2018-06-08,79.97000122070312,80.2699966430664,79.79000091552734,80.19999694824219,58.42585372924805,2773200,
2018-06-11,80.11000061035156,80.2699966430664,79.93000030517578,80.08000183105469,58.33843994140625,4168300,
2018-06-12,80.02999877929688,80.7699966430664,79.81999969482422,80.55999755859375,58.688133239746094,3287900,
2018-06-13,80.55999755859375,80.69999694824219,78.80999755859375,78.98999786376953,57.54439163208008,7230900,
2018-06-14,79.25,80.01000213623047,79.25,79.73999786376953,58.090755462646484,4458200,
2018-06-15,79.72000122070312,80.26000213623047,79.52999877929688,79.69000244140625,58.054317474365234,11131800,
2018-06-18,78.77999877929688,79.05000305175781,78.44000244140625,78.9800033569336,58.07048797607422,6391600,"{""dividend_amount"": 0.732}"
2018-06-19,78.73999786376953,79.27999877929688,78.73999786376953,78.9000015258789,58.01167678833008,11275400,
2018-06-20,78.95999908447266,79.88999938964844,78.91000366210938,79.77999877929688,58.65869903564453,7327500,
2018-06-21,80.0,80.26000213623047,79.62000274658203,80.16000366210938,58.9380989074707,3719700,
2018-06-22,80.33000183105469,80.83999633789062,79.97000122070312,80.79000091552734,59.40132141113281,4391700,
2018-06-25,80.6500015258789,80.9000015258789,80.08999633789062,80.58000183105469,59.246910095214844,5904500,
2018-06-26,80.73999786376953,81.16999816894531,80.37000274658203,80.83999633789062,59.43807601928711,3751000,
2018-06-27,81.05000305175781,81.26000213623047,80.51000213623047,80.52999877929688,59.21013641357422,4559900,
2018-06-28,80.52999877929688,81.3499984741211,80.44000244140625,81.25,59.73954772949219,3896700,
2018-06-29,81.0999984741211,81.80000305175781,80.62000274658203,81.44999694824219,59.8865852355957,5235400,
2018-07-02,81.5199966430664,81.54000091552734,80.08000183105469,81.0,59.55571365356445,7926500,
2018-07-03,81.04000091552734,82.18000030517578,80.83999633789062,81.61000061035156,60.00422286987305,7325300,
2018-07-05,81.8499984741211,82.62000274658203,81.54000091552734,82.58000183105469,60.71741485595703,7214700,
2018-07-06,82.79000091552734,83.16000366210938,82.73999786376953,83.0199966430664,61.04093551635742,7887400,
2018-07-09,83.12999725341797,83.12999725341797,81.94000244140625,82.36000061035156,60.555667877197266,6621300,
2018-07-10,82.51000213623047,82.7300033569336,82.02999877929688,82.52999877929688,60.680660247802734,4561900,
2018-07-11,82.43000030517578,82.70999908447266,82.18000030517578,82.26000213623047,60.482139587402344,5127900,
2018-07-12,82.5199966430664,82.6500015258789,82.08000183105469,82.51000213623047,60.665950775146484,4042100,
2018-07-13,82.55000305175781,82.9000015258789,82.19999694824219,82.26000213623047,60.482139587402344,5013800,
2018-07-16,82.11000061035156,82.19999694824219,81.36000061035156,81.81999969482422,60.15864181518555,3023900,
2018-07-17,81.94999694824219,82.05999755859375,81.19000244140625,81.27999877929688,59.76158905029297,4031200,
2018-07-18,81.16000366210938,81.44999694824219,80.55000305175781,80.91999816894531,59.496883392333984,5185600,
2018-07-19,80.87999725341797,82.1500015258789,80.6500015258789,81.87000274658203,60.19538879394531,4358700,
2018-07-20,81.58999633789062,81.80000305175781,80.86000061035156,81.08000183105469,59.61454772949219,3265500,
2018-07-23,81.04000091552734,81.18000030517578,80.43000030517578,80.91000366210938,59.48954772949219,4379600,
2018-07-24,80.88999938964844,81.02999877929688,80.30000305175781,80.5,59.18809509277344,4174900,
2018-07-25,80.54000091552734,81.27999877929688,80.38999938964844,81.13999938964844,59.65864181518555,4521400,
2018-07-26,81.25,81.81999969482422,81.05000305175781,81.41000366210938,59.85715866088867,4385400,
2018-07-27,81.55999755859375,81.61000061035156,80.45999908447266,80.54000091552734,59.21751403808594,4788000,
2018-07-30,80.51000213623047,80.77999877929688,79.98999786376953,80.58999633789062,59.254268646240234,4002000,
2018-07-31,80.83999633789062,82.30999755859375,80.83999633789062,81.94000244140625,60.24686813354492,5737300,
2018-08-01,81.3499984741211,82.52999877929688,81.12999725341797,82.5199966430664,60.67332077026367,7798900,
2018-08-02,82.3499984741211,82.66000366210938,82.01000213623047,82.19000244140625,60.43067932128906,4748200,
2018-08-03,82.2300033569336,83.12000274658203,82.1500015258789,83.08000183105469,61.085044860839844,4342700,
2018-08-06,83.12000274658203,83.37999725341797,82.7699966430664,82.97000122070312,61.00418472290039,4655000,
2018-08-07,83.12000274658203,83.37999725341797,82.4000015258789,82.81999969482422,60.893882751464844,3047100,
2018-08-08,82.7699966430664,82.80000305175781,82.1500015258789,82.33999633789062,60.54096221923828,2415400,
2018-08-09,82.33999633789062,82.6500015258789,82.19000244140625,82.37999725341797,60.57038116455078,3720900,
2018-08-10,82.48999786376953,82.5,81.5999984741211,81.75,60.107177734375,4524100,
2018-08-13,81.66000366210938,81.8499984741211,81.37999725341797,81.58999633789062,59.98952865600586,2755400,
2018-08-14,81.58000183105469,82.19999694824219,81.58000183105469,81.98999786376953,60.28361129760742,3249400,
2018-08-15,82.04000091552734,82.72000122070312,81.80999755859375,82.62000274658203,60.74683380126953,5202600,
2018-08-16,82.62999725341797,83.30000305175781,82.55999755859375,83.29000091552734,61.23945617675781,3329800,
2018-08-17,83.11000061035156,84.06999969482422,83.11000061035156,84.05999755859375,61.80561828613281,4698400,
2018-08-20,84.16999816894531,84.55000305175781,84.0,84.12000274658203,61.849708557128906,4629200,
2018-08-21,84.0,84.1500015258789,83.41000366210938,83.61000061035156,61.47474670410156,3149000,
2018-08-22,83.52999877929688,83.63999938964844,82.83000183105469,83.13999938964844,61.1291618347168,2954900,
2018-08-23,83.1500015258789,83.30000305175781,82.9000015258789,82.93000030517578,60.974754333496094,2528800,
2018-08-24,82.93000030517578,83.43000030517578,82.80000305175781,83.41999816894531,61.33500671386719,3897100,
2018-08-27,83.48999786376953,83.55999755859375,82.83999633789062,83.12000274658203,61.11448287963867,4479000,
2018-08-28,83.23999786376953,84.25,83.0199966430664,84.23999786376953,61.93796157836914,4653100,
2018-08-29,84.2300033569336,84.44000244140625,84.06999969482422,84.26000213623047,61.95266342163086,3564900,
2018-08-30,84.3499984741211,84.37000274658203,83.6500015258789,83.72000122070312,61.55561828613281,2968300,
2018-08-31,83.77999877929688,84.2300033569336,83.72000122070312,84.05000305175781,61.798248291015625,3305800,
2018-09-04,83.86000061035156,84.06999969482422,82.94999694824219,83.05000305175781,61.06298828125,4718600,
2018-09-05,83.0199966430664,83.81999969482422,82.58000183105469,83.52999877929688,61.4159049987793,5407700,
2018-09-06,83.66000366210938,84.0,83.63999938964844,83.7699966430664,61.59235763549805,3760300,
2018-09-07,83.55000305175781,83.55000305175781,82.7699966430664,82.86000061035156,60.92328643798828,4234400,
2018-09-10,83.25,83.69999694824219,83.11000061035156,83.2300033569336,61.195343017578125,3089200,
2018-09-11,83.01000213623047,83.5,82.87999725341797,83.22000122070312,61.187992095947266,3980300,
2018-09-12,83.23999786376953,83.47000122070312,82.9800033569336,83.26000213623047,61.21741485595703,2827800,
2018-09-13,83.61000061035156,83.93000030517578,83.33999633789062,83.66999816894531,61.51884460449219,3813600,
2018-09-14,83.55000305175781,83.62000274658203,82.54000091552734,83.13999938964844,61.1291618347168,5215800,
2018-09-17,83.12999725341797,83.58000183105469,82.87000274658203,83.41000366210938,61.32768249511719,4414700,
2018-09-18,83.30000305175781,83.52999877929688,82.87000274658203,83.01000213623047,61.033592224121094,8039400,
2018-09-19,83.05000305175781,83.08000183105469,81.91000366210938,82.04000091552734,60.320396423339844,4410600,
2018-09-20,82.05000305175781,82.86000061035156,81.7699966430664,82.80999755859375,60.88653564453125,4308300,
2018-09-21,82.69000244140625,83.20999908447266,82.56999969482422,82.77999877929688,60.86446762084961,7292200,
2018-09-24,81.44000244140625,81.61000061035156,79.83999633789062,80.16999816894531,59.77149200439453,4111200,"{""dividend_amount"": 1.144}"
2018-09-25,80.19000244140625,80.62000274658203,80.08000183105469,80.18000030517578,59.77893829345703,4781800,
2018-09-26,80.16999816894531,80.27999877929688,79.18000030517578,79.22000122070312,59.06321334838867,8971900,
2018-09-27,79.62000274658203,79.97000122070312,79.37999725341797,79.5999984741211,59.346519470214844,4942200,
2018-09-28,79.70999908447266,80.68000030517578,79.62999725341797,80.68000030517578,60.1517219543457,6092300,
2018-10-01,80.5999984741211,80.81999969482422,79.91999816894531,79.93000030517578,59.5925407409668,7215600,
2018-10-02,79.94999694824219,80.19000244140625,79.62999725341797,79.75,59.4583625793457,5746700,
2018-10-03,79.75,80.0199966430664,78.44000244140625,78.9000015258789,58.82462692260742,7104300,
2018-10-04,78.58000183105469,78.6500015258789,77.7300033569336,78.23999786376953,58.33255386352539,6759300,
2018-10-05,78.26000213623047,78.69000244140625,78.1500015258789,78.19999694824219,58.302734375,4971600,
2018-10-08,78.31999969482422,79.62999725341797,78.19999694824219,79.33000183105469,59.14521789550781,5246900,
2018-10-09,79.3499984741211,79.79000091552734,78.95999908447266,79.44000244140625,59.22722244262695,5852000,
2018-10-10,79.25,79.69000244140625,78.23999786376953,78.26000213623047,58.34748458862305,8837400,
2018-10-11,78.38999938964844,78.38999938964844,75.93000030517578,76.0199966430664,56.67741012573242,12471700,
2018-10-12,76.83999633789062,77.06999969482422,75.37999725341797,75.81999969482422,56.528297424316406,10167900,
2018-10-15,75.79000091552734,77.04000091552734,75.7300033569336,76.33000183105469,56.908538818359375,8526800,
2018-10-16,76.47000122070312,78.05000305175781,76.12000274658203,77.9000015258789,58.07907485961914,5315400,
2018-10-17,77.81999969482422,78.0,77.05000305175781,77.5999984741211,57.85538864135742,5088900,
2018-10-18,77.58999633789062,78.18000030517578,77.22000122070312,77.44999694824219,57.74357223510742,6818700,
2018-10-19,77.5,78.37000274658203,77.5,78.12000274658203,58.24310302734375,5357300,
2018-10-22,78.19000244140625,78.58000183105469,77.02999877929688,77.02999877929688,57.430423736572266,7499300,
2018-10-23,76.7699966430664,77.86000061035156,76.44000244140625,77.37000274658203,57.68391799926758,6988400,
2018-10-24,77.56999969482422,78.77999877929688,77.41999816894531,78.0999984741211,58.22817611694336,6016200,
2018-10-25,78.19999694824219,79.52999877929688,77.86000061035156,79.0999984741211,58.97372055053711,6215700,
2018-10-26,79.18000030517578,79.18000030517578,76.68000030517578,77.19999694824219,57.55715560913086,11721400,
2018-10-29,77.72000122070312,78.72000122070312,77.69000244140625,78.18000030517578,58.2878303527832,7159600,
2018-10-30,78.30000305175781,79.8499984741211,78.0999984741211,79.25,59.08557891845703,9053000,
2018-10-31,79.22000122070312,79.37999725341797,78.16999816894531,78.31999969482422,58.39219665527344,8322000,
2018-11-01,78.37999725341797,78.8499984741211,78.02999877929688,78.69000244140625,58.66805648803711,6062700,
2018-11-02,78.83999633789062,78.86000061035156,77.1500015258789,78.04000091552734,58.183441162109375,7609100,
2018-11-05,78.19999694824219,79.45999908447266,78.18000030517578,79.19999694824219,59.04829788208008,6753000,
2018-11-06,79.27999877929688,79.62999725341797,79.08000183105469,79.5999984741211,59.346519470214844,4127900,
2018-11-07,79.94999694824219,80.58000183105469,79.5199966430664,80.55000305175781,60.05479431152344,7559200,
2018-11-08,80.41999816894531,80.66999816894531,79.94999694824219,80.61000061035156,60.09952163696289,3559700,
2018-11-09,80.5199966430664,80.87000274658203,80.16000366210938,80.5999984741211,60.09206771850586,3388500,
2018-11-12,80.70999908447266,81.43000030517578,80.54000091552734,80.76000213623047,60.21135711669922,4969800,
2018-11-13,80.81999969482422,81.12999725341797,80.19000244140625,80.68000030517578,60.1517219543457,4882600,
2018-11-14,80.79000091552734,81.0,80.0999984741211,80.4800033569336,60.002628326416016,4545800,
2018-11-15,80.23999786376953,80.27999877929688,79.12999725341797,79.93000030517578,59.5925407409668,6413700,
2018-11-16,79.77999877929688,80.91000366210938,79.69999694824219,80.79000091552734,60.23371505737305,4347600,
2018-11-19,80.93000030517578,81.48999786376953,80.41000366210938,80.9000015258789,60.31576156616211,7117500,
2018-11-20,80.5,81.13999938964844,80.05999755859375,80.06999969482422,59.696929931640625,5295700,
2018-11-21,80.05999755859375,80.80999755859375,79.7300033569336,80.13999938964844,59.74911880493164,4139600,
2018-11-23,79.87999725341797,80.3499984741211,79.51000213623047,79.9800033569336,59.62982940673828,2815500,
2018-11-26,80.2699966430664,80.4800033569336,79.76000213623047,80.12999725341797,59.741661071777344,4422200,
2018-11-27,80.05999755859375,80.4800033569336,79.73999786376953,80.47000122070312,59.99515151977539,5183600,
2018-11-28,80.5,81.26000213623047,80.1500015258789,81.19000244140625,60.53196716308594,8681300,
2018-11-29,81.13999938964844,81.61000061035156,80.66000366210938,81.20999908447266,60.546871185302734,5681000,
2018-11-30,81.41000366210938,82.05000305175781,81.12999725341797,81.9800033569336,61.12093734741211,6641000,
2018-12-03,82.4800033569336,82.55999755859375,81.55999755859375,82.41999816894531,61.448978424072266,7407000,
2018-12-04,82.3499984741211,82.62999725341797,80.98999786376953,81.19999694824219,60.53940963745117,9346700,
2018-12-06,80.75,83.30999755859375,80.0199966430664,83.20999908447266,62.0379753112793,15059500,
2018-12-07,82.94000244140625,83.08999633789062,81.80999755859375,82.12000274658203,61.225337982177734,9987800,
2018-12-10,82.16999816894531,82.23999786376953,80.58000183105469,81.58999633789062,60.83018112182617,5804300,
2018-12-11,82.05999755859375,82.38999938964844,81.62999725341797,81.62999725341797,60.860008239746094,5108800,
2018-12-12,82.12000274658203,82.25,80.26000213623047,80.37000274658203,59.920597076416016,6943900,
2018-12-13,79.5199966430664,80.5,79.44999694824219,79.87999725341797,60.266902923583984,6131600,"{""dividend_amount"": 0.949}"
2018-12-14,79.58000183105469,80.01000213623047,79.23999786376953,79.6500015258789,60.0933723449707,10390400,
2018-12-17,79.73999786376953,79.98999786376953,76.47000122070312,76.6500015258789,57.82996368408203,20329300,
2018-12-18,77.48999786376953,77.95999908447266,77.06999969482422,77.44000244140625,58.426002502441406,9575700,
2018-12-19,77.45999908447266,78.0,76.27999877929688,76.58999633789062,57.78469467163086,10760000,
2018-12-20,76.48999786376953,76.72000122070312,74.88999938964844,75.44000244140625,56.91704559326172,13284100,
2018-12-21,75.61000061035156,77.0199966430664,74.31999969482422,74.38999938964844,56.12485885620117,16609300,
2018-12-24,74.08000183105469,74.33000183105469,71.68000030517578,71.73999786376953,54.12553405761719,9335800,
2018-12-26,71.88999938964844,74.13999938964844,71.08000183105469,74.13999938964844,55.936256408691406,16977000,
2018-12-27,73.58999633789062,74.20999908447266,72.0199966430664,74.12999725341797,55.92869567871094,12102300,
2018-12-28,74.91000366210938,75.18000030517578,73.80000305175781,74.37000274658203,56.10978698730469,12729300,
2018-12-31,74.30999755859375,74.72000122070312,73.30000305175781,74.56999969482422,56.26067352294922,15750600,
